"","Nest_ID","Fate_cat","Visit_date","Year_located","Project_ID","Transect_ID2","Julian_start","Julian_end","interval","Stage","Trt_cat","Nest_Ht","cosOrientation","Init_day","Tree_sp","Trees_2550","Trees_50","pPIPO","a1000_areacv2","a1000_contag","a1000_np1","a1000_Ha","a1000_RxBu","maxTmax_C","meanTmax_C","maxPpt_mm","meanPpt_mm","prevStage","Age"
"1","EMPAID_NSG10A_2015","failure","2015-05-19",2015,"EMPAID","310",135,139,2,"I","HB",1.9,0.241921895599668,134,"PIPO",33.3333333333333,12.5,0.666666666666667,259.7009888,31.5953007,31,39.2490005,75.9716034,19.1119995117188,16.7185711179461,15.4750003814697,3.32142864380564,"L",5
"2","EMMAOR_NDUGC1-06A_2017","failure","2017-05-25",2017,"EMMAOR","94",144,145,1,"I","U",2.75,0.309016994374947,139,"JUOC",83.3333333333333,30,0.826086956521739,313.9710083,16.4123001,76,7.9202099,9.0810699,27.5979995727539,26.1724996566772,0,0,"I",6
"3","EMPAID_NCW-A03A_2016","success","2016-05-26",2016,"EMPAID","EMPAID_CW-A",144,147,1,"L","H",1.2,0.927183854566787,144,"PIPO",16.6666666666667,10,0.857142857142857,300.3580017,12.9594002,40,43.6492004,4.2397399,18.4890003204346,15.178750038147,5.01800012588501,1.61475004255772,"L",3
"4","EMPAID_NCU10A_2013","success","2013-05-28",2013,"EMPAID","EMPAID_CU",142,148,1,"I","H",1.8,-0.5,142,"PIPO",16.6666666666667,27.5,0.846153846153846,367.321991,8.3812399,64,35.2303009,0,19.8649997711182,17.1519997914632,0.819999992847443,0.273333330949148,"L",6
"5","EMFWOR_NCAMC4-10B_2018","success","2018-05-29",2018,"EMFWOR","EMFWOR_CAMC4",144,149,1,"I","U",2.5,0.17364817766693,142,"POTR5",8.33333333333333,0,0,310.7160034,19.4978008,20,0,0,18.6299991607666,15.6024998937334,7.69600009918213,1.69700000647988,"L",7
"6","EMFWOR_NCAMC5-01A_2018","success","2018-05-29",2018,"EMFWOR","EMFWOR_CAMC5",141,149,1,"I","U",7.3,-0.453990499739547,140,"POTR5",25,2.5,0.2,266.1570129,28.5111008,13,0,0,21.5669994354248,15.420928478241,7.3899998664856,0.731071423207011,"L",9
"7","EMPAID_NCU10A_2015","success","2015-05-29",2015,"EMPAID","EMPAID_CU",139,149,1,"I","H",4.5,-0.882947592858927,136,"PIPO",25,15,0.444444444444444,279.9419861,11.2514,44,40.7743988,0.194162,22.4260005950928,18.5237272435969,4.38899993896484,1.63027274608612,"L",13
"8","EMPAID_NSG10A_2015","failure","2015-05-29",2015,"EMPAID","310",139,149,3,"N","HB",1.9,0.241921895599668,134,"PIPO",33.3333333333333,12.5,0.666666666666667,259.7009888,31.5953007,31,39.2490005,75.9716034,17.8090000152588,14.6147998809814,10.2589998245239,3.73119997382164,"I",15
"9","EMPAID_NCW-D10A_2017","success","2017-05-30",2017,"EMPAID","EMPAID_CW-D",142,150,1,"N","HB",2.1,0.743144825477394,131,"PIPO",50,2.5,0.285714285714286,239.3390045,24.2194996,90,26.9286995,19.3017006,22.4099998474121,19.0567498207092,0.802999973297119,0.494249992072582,"I",19
"10","EMPAID_NSG10A_2016","failure","2016-05-29",2016,"EMPAID","311",143,150,1,"I","HB",1.9,-0.17364817766693,142,"PIPO",25,10,0.714285714285714,272.9609985,29.1126003,34,40.2463989,79.3615036,21.2119998931885,14.1335999488831,12.7220001220703,4.45540006160736,"L",8
"11","EMPAID_NCW-A01A_2015","failure","2015-05-31",2015,"EMPAID","EMPAID_CW-A",148,151,1,"I","U",2.2,0.857167300702112,143,"PIPO",108.333333333333,17.5,0.666666666666667,226.5579987,16.8306999,18,10.9123001,0,23.5779991149902,20.7209997177124,0.791999995708466,0.386500000953674,"I",8
"12","EMPAID_NCW-A03A_2016","success","2016-05-30",2016,"EMPAID","EMPAID_CW-A",147,151,2,"I","H",1.2,0.927183854566787,144,"PIPO",16.6666666666667,10,0.857142857142857,300.3580017,12.9594002,40,43.6492004,4.2397399,22.3409996032715,19.0765998840332,0,0,"L",7
"13","EMPAID_NCW-D04A_2015","success","2015-05-31",2015,"EMPAID","EMPAID_CW-D",142,151,1,"N","U",4,0.994521895368273,133,"PIPO",41.6666666666667,25,0.9375,336.151001,12.2349005,54,24.4353008,0,25.4829998016357,21.8931999206543,4.47700023651123,1.14760000631213,"I",18
"14","EMPAID_NSF02A_2015","success","2015-05-31",2015,"EMPAID","EMPAID_SF",148,151,1,"I","H",1.3,0.848048096156426,139,"PIPO",25,17.5,1,555.651001,7.5188899,24,29.3633995,0,25.4829998016357,22.6032495498657,0.460999995470047,0.148499999195337,"I",12
"15","EMPAID_NSF02A_2016","success","2016-05-30",2016,"EMPAID","EMPAID_SF",146,151,1,"I","H",2.2,-0.777145961456971,139,"PIPO",8.33333333333333,52.5,0.909090909090909,141.1750031,32.2280006,100,30.6541996,4.4561901,22.6399993896484,19.2784996032715,0.950999975204468,0.158499995867411,"I",12
"16","EMPAID_NSF07A_2015","success","2015-05-31",2015,"EMPAID","EMPAID_SF",148,151,1,"I","H",3,0.139173100960065,139,"PIPO",8.33333333333333,10,1,468.0100098,15.7231998,67,41.2144012,0,25.0349998474121,22.1814999580383,0.754999995231628,0.356000006198883,"I",12
"17","EMPAID_NSF07A_2016","success","2016-05-30",2016,"EMPAID","EMPAID_SF",146,151,1,"I","H",5.5,-0.997564050259824,142,"PIPO",16.6666666666667,20,0.8,455.9129944,16.0212994,65,59.4309006,6.3118701,18.0699996948242,12.8736666043599,13.1700000762939,4.72316671411196,"L",9
"18","EMFWOR_NCAMC4-10B_2018","success","2018-06-01",2018,"EMFWOR","EMFWOR_CAMC4",149,152,2,"I","U",2.5,0.17364817766693,142,"POTR5",8.33333333333333,0,0,310.7160034,19.4978008,20,0,0,19.7000007629395,16.0650002161662,15.081000328064,5.1966667175293,"I",10
"19","EMFWOR_NCAMC5-01A_2018","success","2018-06-01",2018,"EMFWOR","EMFWOR_CAMC5",149,152,2,"I","U",7.3,-0.453990499739547,140,"POTR5",25,2.5,0.2,266.1570129,28.5111008,13,0,0,18.9990005493164,15.5243332121107,14.2840003967285,4.67033339209027,"I",12
"20","EMFWOR_NCAMC8-07A_2018","success","2018-06-01",2018,"EMFWOR","EMFWOR_CAMC8",149,152,1,"I","U",1.8,0.788010753606722,143,"POTR5",25,2.5,0.666666666666667,207.4019928,21.7194004,25,0,0,21.2409992218018,16.6089997291565,0.60699999332428,0.15174999833107,"I",9
"21","EMPAID_N2WS05A_2017","failure","2017-06-01",2017,"EMPAID","EMPAID_2WS",145,152,1,"N","B",1.5,-0.731353701619171,132,"PIPO",33.3333333333333,15,1,268.2980042,6.69523,45,19.2432003,65.1016998,24.3850002288818,21.5733331044515,0,0,"I",20
"22","EMPAID_NB-U01A_2015","success","2015-06-01",2015,"EMPAID","EMPAID_B-U",142,152,1,"I","U",1.4,0.961261695938319,139,"PIPO",83.3333333333333,12.5,0.8,234.7059937,14.5546999,27,0,0,19.2059993743896,17.4936663309733,5.59600019454956,2.76300009091695,"I",13
"23","EMPAID_NBWC01A_2018","failure","2018-06-01",2018,"EMPAID","224",149,152,1,"I","H",4.4,0.190808995376545,149,"PIPO",16.6666666666667,2.5,0.75,442.9190063,8.4253597,72,1.2907,0,23.5240001678467,20.1219997406006,24.375,4.02774998545647,"L",3
"24","EMMAOR_NCUBT2-10A_2021","failure","2021-06-02",2021,"EMMAOR","EMMAOR_CUBT2",145,153,1,"I","HB",2.55,-0.939692620785908,NA,"PIPO",16.6666666666667,7.5,1,269.1730042,24.0918007,47,38.3983994,62.2210999,23.963098526001,12.4526995288001,5.38679981231689,1.2648555305269,"L",NA
"25","EMPAID_NB-T10A_2014","success","2014-06-02",2014,"EMPAID","EMPAID_B-T",152,153,1,"L","H",3,-0.374606593415912,152,"PIPO",66.6666666666667,2.5,1,139.8930054,6.7675099,61,9.1815796,4.78722,23.0240001678467,22.0025005340576,0,0,"L",1
"26","EMPAID_NBWC01A_2014","success","2014-06-02",2014,"EMPAID","220",152,153,3,"I","U",2.3,-0.848048096156426,149,"PIPO",0,5,0.25,393.9559937,7.9387298,77,0,0,19.9580001831055,17.5763998031616,0,0,"L",4
"27","EMFWOR_NCAMC5-01A_2017","failure","2017-06-03",2017,"EMFWOR","EMFWOR_CAMC5",151,154,1,"N","U",2.4,-0.951056516295154,132,"POTR5",33.3333333333333,12.5,0.4,266.1570129,28.5111008,13,0,0,23.367000579834,20.1135002772013,0,0,"N",22
"28","EMFWOR_NCAMC8-07A_2017","success","2017-06-03",2017,"EMFWOR","EMFWOR_CAMC8",151,154,1,"I","U",1.8,0.788010753606722,142,"POTR5",25,2.5,0.666666666666667,207.4019928,21.7194004,25,0,0,22.9360008239746,18.739000082016,6.41300010681152,1.60325002670288,"I",12
"29","EMPAID_NBWC01A_2014","success","2014-06-03",2014,"EMPAID","220",153,154,4,"I","U",2.3,-0.848048096156426,149,"PIPO",0,5,0.25,393.9559937,7.9387298,77,0,0,21.117000579834,20.2049999237061,0,0,"I",5
"30","EMPAID_NCU10A_2015","success","2015-06-03",2015,"EMPAID","EMPAID_CU",149,154,2,"N","H",4.5,-0.882947592858927,136,"PIPO",25,15,0.444444444444444,279.9419861,11.2514,44,40.7743988,0.194162,26.0100002288818,21.7831664085388,9.05799961090088,3.04699996113777,"I",18
"31","EMPAID_NCW-A01A_2015","failure","2015-06-03",2015,"EMPAID","EMPAID_CW-A",151,154,2,"I","U",2.2,0.857167300702112,143,"PIPO",108.333333333333,17.5,0.666666666666667,226.5579987,16.8306999,18,10.9123001,0,26.3010005950928,21.3292498588562,4.35799980163574,1.99824993312359,"I",11
"32","EMPAID_NCW-D04A_2015","success","2015-06-03",2015,"EMPAID","EMPAID_CW-D",151,154,2,"N","U",4,0.994521895368273,133,"PIPO",41.6666666666667,25,0.9375,336.151001,12.2349005,54,24.4353008,0,28.242000579834,23.3990001678467,5.32800006866455,2.3745000436902,"N",21
"33","EMPAID_NLC-R10A_2012","success","2012-06-02",2012,"EMPAID","EMPAID_LC-R",150,154,2,"I","B",1.6,0.642787609686539,147,"PIPO",0,7.5,1,136.8910065,31.3173008,11,0,3.1066,17.9979991912842,13.1799999237061,1.53749990463257,0.886779963970184,"L",7
"34","EMPAID_NSF02A_2015","success","2015-06-03",2015,"EMPAID","EMPAID_SF",151,154,2,"I","H",1.3,0.848048096156426,139,"PIPO",25,17.5,1,555.651001,7.5188899,24,29.3633995,0,28.242000579834,23.3990001678467,5.32800006866455,2.3745000436902,"I",15
"35","EMPAID_NSF07A_2015","success","2015-06-03",2015,"EMPAID","EMPAID_SF",151,154,2,"I","H",3,0.139173100960065,139,"PIPO",8.33333333333333,10,1,468.0100098,15.7231998,67,41.2144012,0,27.8509998321533,22.9682502746582,5.91300010681152,2.62250003218651,"I",15
"36","EMPAID_NSG10A_2015","failure","2015-06-03",2015,"EMPAID","310",149,154,4,"N","HB",1.9,0.241921895599668,134,"PIPO",33.3333333333333,12.5,0.666666666666667,259.7009888,31.5953007,31,39.2490005,75.9716034,21.6650009155273,17.9540908986872,4.3899998664856,1.68509091030468,"N",20
"37","EMFWOR_NCAMC3-08A_2018","success","2018-06-04",2018,"EMFWOR","EMFWOR_CAMC3",151,155,1,"I","U",3.1,0.629320391049837,140,"POTR5",75,0,0,269.1860046,33.5130997,8,0,0,25.1849994659424,19.0784000396729,0.572000026702881,0.114400005340576,"I",15
"38","EMFWOR_NCAMC4-10B_2018","success","2018-06-04",2018,"EMFWOR","EMFWOR_CAMC4",152,155,3,"I","U",2.5,0.17364817766693,142,"POTR5",8.33333333333333,0,0,310.7160034,19.4978008,20,0,0,21.9330005645752,17.3085000514984,0.600000023841858,0.150000005960464,"I",13
"39","EMFWOR_NCAMC5-01A_2018","success","2018-06-04",2018,"EMFWOR","EMFWOR_CAMC5",152,155,3,"I","U",7.3,-0.453990499739547,140,"POTR5",25,2.5,0.2,266.1570129,28.5111008,13,0,0,21.2409992218018,16.6089997291565,0.60699999332428,0.15174999833107,"I",15
"40","EMFWOR_NCAMC8-07A_2018","success","2018-06-04",2018,"EMFWOR","EMFWOR_CAMC8",152,155,2,"I","U",1.8,0.788010753606722,143,"POTR5",25,2.5,0.666666666666667,207.4019928,21.7194004,25,0,0,23.6180000305176,17.5970001220703,0.60699999332428,0.15174999833107,"I",12
"41","EMMAOR_NWOLFTB1-06A_2015","failure","2015-06-04",2015,"EMMAOR","EMMAOR_WOLFTB1",152,155,1,"L","H",1.75,-0.933580426497202,152,"PSME",16.6666666666667,12.5,0.571428571428571,376.9769897,30.9796009,32,8.7415705,0,22.5839996337891,17.1734285354614,13.5069999694824,2.79621426548277,"L",3
"42","EMPAID_NB-T10A_2018","success","2018-06-04",2018,"EMPAID","EMPAID_B-T",149,155,2,"I","H",2.5,-0.559192903470747,149,"PIPO",83.3333333333333,10,1,135.9060059,5.73808,61,9.76826,32.6766014,25.3840007781982,21.8828337987264,22.7210006713867,4.03700010478497,"L",6
"43","EMPAID_NB-U01A_2015","success","2015-06-04",2015,"EMPAID","EMPAID_B-U",152,155,2,"N","U",1.4,0.961261695938319,139,"PIPO",83.3333333333333,12.5,0.8,234.7059937,14.5546999,27,0,0,26.1070003509521,20.8654545870694,4.85200023651123,1.12927274761552,"I",16
"44","EMPAID_NBWC01A_2015","failure","2015-06-04",2015,"EMPAID","221",152,155,1,"I","U",2.1,-0.913545457642601,150,"PIPO",41.6666666666667,2.5,0.857142857142857,485.4320068,8.3555098,72,0,0,24.8740005493164,18.9869999885559,9.17800045013428,4.55099999904633,"L",5
"45","EMPAID_NBWC01A_2018","failure","2018-06-04",2018,"EMPAID","224",152,155,2,"I","H",4.4,0.190808995376545,149,"PIPO",16.6666666666667,2.5,0.75,442.9190063,8.4253597,72,1.2907,0,22.2689990997314,17.5542497634888,11.4849996566772,4.64424991607666,"I",6
"46","EMPAID_NCU07A_2013","success","2013-06-04",2013,"EMPAID","EMPAID_CU",148,155,2,"I","H",2.8,0.866025403784439,148,"PSME",8.33333333333333,30,0.692307692307692,410.1860046,10.8526001,56,18.7737999,0,18.1399993896484,12.0422856467111,7.1399998664856,3.44442853757313,"L",7
"47","EMPAID_NCU10A_2013","success","2013-06-04",2013,"EMPAID","EMPAID_CU",148,155,2,"I","H",1.8,-0.5,142,"PIPO",16.6666666666667,27.5,0.846153846153846,367.321991,8.3812399,64,35.2303009,0,19.4519996643066,13.4611430849348,7.23099994659424,3.2852857198034,"I",13
"48","EMPAID_NCU10A_2014","success","2014-06-04",2014,"EMPAID","EMPAID_CU",151,155,1,"I","H",4.4,0.207911690817759,146,"PIPO",8.33333333333333,15,0.571428571428571,269.0350037,11.6083002,46,39.8944016,0,24.3299999237061,20.3917270140214,0.218999996781349,0.0199090906164863,"I",9
"49","EMFWOR_NLILT3-10A_2018","success","2018-06-05",2018,"EMFWOR","EMFWOR_LILT3",150,156,1,"I","H",1.5,-0.390731128489274,150,"PIPO",41.6666666666667,20,0.615384615384615,412.6940002,8.6038799,40,66.6471024,0,23.4060001373291,18.4022857121059,1.39600002765656,0.308857145054,"L",6
"50","EMPAID_N1WS09A_2018","success","2018-06-05",2018,"EMPAID","EMPAID_1WS",150,156,1,"I","HB",2.5,0.374606593415912,149,"PIPO",16.6666666666667,15,0.625,466.8859863,10.3269997,60,27.8087006,54.6741982,25.886999130249,23.835285459246,7.92600011825562,1.83757144957781,"L",7
"51","EMPAID_NB-T10A_2014","success","2014-06-05",2014,"EMPAID","EMPAID_B-T",153,156,2,"I","H",3,-0.374606593415912,152,"PIPO",66.6666666666667,2.5,1,139.8930054,6.7675099,61,9.1815796,4.78722,26.7789993286133,24.6222500801086,0,0,"L",4
"52","EMPAID_NB-U01A_2014","success","2014-06-05",2014,"EMPAID","EMPAID_B-U",150,156,1,"I","U",2,-0.819152044288992,150,"PIPO",100,17.5,0.947368421052632,188.4600067,14.5770998,40,0,0,24.6959991455078,20.9199995994568,0.0130000002682209,0.00162500003352761,"L",6
"53","EMPAID_NDL03A_2014","failure","2014-06-05",2014,"EMPAID","EMPAID_DL",150,156,1,"I","U",3.2,0.743144825477394,148,"PIPO",0,5,0.4,163.3730011,49.6929016,15,0,0,23.9160003662109,20.005499958992,0,0,"L",8
"54","EMPAID_NEFW01A_2018","success","2018-06-05",2018,"EMPAID","284",150,156,2,"I","H",3.2,0.484809620246337,147,"PIPO",16.6666666666667,22.5,0.272727272727273,316.1650085,7.70858,55,7.9202099,0,28.0590000152588,22.2144283567156,11.1870002746582,2.92857148817607,"L",9
"55","EMPAID_NSF08A_2017","failure","2017-06-05",2017,"EMPAID","EMPAID_SF",150,156,2,"I","H",2.8,0.939692620785908,146,"PSME",25,22.5,0.833333333333333,169.8470001,33.2288017,96,33.176899,3.12251,28.0160007476807,22.8384444978502,2.07399988174438,0.286888874239392,"I",10
"56","EMPAID_NSF09A_2014","failure","2014-06-05",2014,"EMPAID","EMPAID_SF",154,156,2,"I","U",0.7,-0.342020143325669,154,"PIPO",0,10,0.5,300.8259888,11.4209995,36,17.0431004,0,26.992000579834,22.2393334706624,0,0,"L",2
"57","EMPAID_NWRF-M06A_2015","success","2015-06-05",2015,"EMPAID","EMPAID_WRF-M",153,156,1,"I","H",3,-0.939692620785908,148,"PIPO",8.33333333333333,42.5,0.5,399.4190063,11.8261995,60,20.6805992,0,28.306999206543,23.0679999760219,5.04500007629395,1.43785717085536,"I",8
"58","EMFWOR_NCAMC3-08A_2020","success","2020-06-05",2020,"EMFWOR","EMFWOR_CAMC3",153,157,1,"I","U",4.8,-0.207911690817759,146,"POTR5",33.3333333333333,5,0.142857142857143,269.4970093,33.4715004,6,0,0,24.5830001831055,21.243200302124,0.757000029087067,0.151400005817413,"I",11
"59","EMFWOR_NCAMC8-07A_2017","success","2017-06-06",2017,"EMFWOR","EMFWOR_CAMC8",154,157,2,"I","U",1.8,0.788010753606722,142,"POTR5",25,2.5,0.666666666666667,207.4019928,21.7194004,25,0,0,21.5849990844727,20.4094996452332,0,0,"I",15
"60","EMMAOR_NDUGC1-06A_2017","failure","2017-06-06",2017,"EMMAOR","94",145,157,2,"N","U",2.75,0.309016994374947,139,"JUOC",83.3333333333333,30,0.826086956521739,313.9710083,16.4123001,76,7.9202099,9.0810699,27.5979995727539,21.5,0,0,"I",18
"61","EMPAID_NBWC01A_2013","failure","2013-06-06",2013,"EMPAID","219",155,157,4,"I","U",1.8,0.939692620785908,153,"PIPO",0,2.5,0.25,474.3469849,9.1122398,74,0.440012,0,24.3159999847412,21.4479999542236,0,0,"L",4
"62","EMPAID_NCW-D10A_2013","failure","2013-06-06",2013,"EMPAID","EMPAID_CW-D",150,157,1,"I","U",3.6,0.866025403784438,146,"PIPO",25,10,0.714285714285714,263.1740112,11.6911001,63,0,0,29.0410003662109,19.3410951523554,10.6079998016357,2.00504762218112,"I",11
"63","EMPAID_NDL03A_2013","success","2013-06-06",2013,"EMPAID","EMPAID_DL",155,157,2,"L","U",6.7,0.342020143325669,154,"PIPO",0,5,0.4,163.3730011,49.6929016,15,0,0,NA,NA,NA,NA,"L",3
"64","EMFWOR_NCAMC2-10A_2018","success","2018-06-07",2018,"EMFWOR","EMFWOR_CAMC2",156,158,1,"I","U",3.9,0.139173100960065,143,"PIPO",91.6666666666667,7.5,0.733333333333333,447.7210083,14.8600998,60,0,0,21.9360008239746,20.3716672261556,0,0,"I",15
"65","EMFWOR_NCAMC3-08A_2018","success","2018-06-07",2018,"EMFWOR","EMFWOR_CAMC3",155,158,2,"N","U",3.1,0.629320391049837,140,"POTR5",75,0,0,269.1860046,33.5130997,8,0,0,25.1849994659424,22.2092499732971,0,0,"I",18
"66","EMFWOR_NCAMC4-10B_2018","success","2018-06-07",2018,"EMFWOR","EMFWOR_CAMC4",155,158,4,"I","U",2.5,0.17364817766693,142,"POTR5",8.33333333333333,0,0,310.7160034,19.4978008,20,0,0,24.2819995880127,18.2314999103546,0.600000023841858,0.150000005960464,"I",16
"67","EMFWOR_NCAMC5-01A_2018","success","2018-06-07",2018,"EMFWOR","EMFWOR_CAMC5",155,158,4,"N","U",7.3,-0.453990499739547,140,"POTR5",25,2.5,0.2,266.1570129,28.5111008,13,0,0,23.6180000305176,17.5970001220703,0.60699999332428,0.15174999833107,"I",18
"68","EMFWOR_NCAMC8-07A_2018","success","2018-06-07",2018,"EMFWOR","EMFWOR_CAMC8",155,158,3,"I","U",1.8,0.788010753606722,143,"POTR5",25,2.5,0.666666666666667,207.4019928,21.7194004,25,0,0,23.6180000305176,20.6932501792908,0,0,"I",15
"69","EMFWOR_NSWRC3-04A_2018","success","2018-06-07",2018,"EMFWOR","63",155,158,1,"I","U",2.3,-0.99026806874157,142,"POTR5",150,25,0.321428571428571,373.0539856,14.29,30,0,0,24.4330005645752,21.2972502708435,0.669000029563904,0.167250007390976,"I",16
"70","EMMAOR_NDUGC1-01A_2016","success","2016-06-06",2016,"EMMAOR","EMMAOR_DUGC1",154,158,1,"I","U",2.7,-0.20791169081776,143,"JUOC",41.6666666666667,10,0.1,503.1539917,48.7545013,32,0,0.009549,30.2560005187988,26.7751998901367,0,0,"I",15
"71","EMPAID_N2WS05A_2017","failure","2017-06-07",2017,"EMPAID","EMPAID_2WS",152,158,2,"N","B",1.5,-0.731353701619171,132,"PIPO",33.3333333333333,15,1,268.2980042,6.69523,45,19.2432003,65.1016998,27.8579998016357,21.8890000581741,2.94300007820129,0.526000007987022,"N",26
"72","EMPAID_NB-T10A_2018","success","2018-06-07",2018,"EMPAID","EMPAID_B-T",155,158,3,"I","H",2.5,-0.559192903470747,149,"PIPO",83.3333333333333,10,1,135.9060059,5.73808,61,9.76826,32.6766014,27.0550003051758,20.2772859845843,10.8819999694824,2.67814286266054,"I",9
"73","EMPAID_NBWC01A_2018","failure","2018-06-07",2018,"EMPAID","224",155,158,3,"I","H",4.4,0.190808995376545,149,"PIPO",16.6666666666667,2.5,0.75,442.9190063,8.4253597,72,1.2907,0,25.1060009002686,17.587500333786,11.4849996566772,3.06574991345406,"I",9
"74","EMPAID_NCU07A_2013","success","2013-06-07",2013,"EMPAID","EMPAID_CU",155,158,3,"I","H",2.8,0.866025403784439,148,"PSME",8.33333333333333,30,0.692307692307692,410.1860046,10.8526001,56,18.7737999,0,19.8850002288818,14.3142498731613,10.0179996490479,3.10199993103743,"I",10
"75","EMPAID_NCU10A_2013","success","2013-06-07",2013,"EMPAID","EMPAID_CU",155,158,3,"N","H",1.8,-0.5,142,"PIPO",16.6666666666667,27.5,0.846153846153846,367.321991,8.3812399,64,35.2303009,0,21.4529991149902,15.7928751707077,9.83199977874756,2.8891249448061,"I",16
"76","EMPAID_NCW-A03A_2012","success","2012-06-06",2012,"EMPAID","EMPAID_CW-A",151,158,1,"I","U",3,-0.484809620246337,148,"PIPO",16.6666666666667,10,0.857142857142857,300.3580017,12.9594002,40,0.99736,0,21.2399997711182,15.4071998596191,3.13719987869263,1.6307799577713,"I",10
"77","EMPAID_NCW-D10A_2013","failure","2013-06-07",2013,"EMPAID","EMPAID_CW-D",157,158,2,"I","U",3.6,0.866025403784438,146,"PIPO",25,10,0.714285714285714,263.1740112,11.6911001,63,0,0,27.1019992828369,20.1441248655319,7.84700012207031,0.995250015519559,"I",12
"78","EMPAID_NCW-D10A_2017","success","2017-06-07",2017,"EMPAID","EMPAID_CW-D",150,158,2,"N","HB",2.1,0.743144825477394,131,"PIPO",50,2.5,0.285714285714286,239.3390045,24.2194996,90,26.9286995,19.3017006,28.0160007476807,22.8384444978502,2.07399988174438,0.286888874239392,"N",27
"79","EMPAID_NDL10A_2018","failure","2018-06-07",2018,"EMPAID","EMPAID_DL",155,158,2,"L","U",2.5,-0.965925826289068,155,"PIPO",183.333333333333,12.5,1,341.8380127,14.2024002,36,0,0,26.5470008850098,20.0005715233939,12.1079998016357,2.88885710069111,"L",3
"80","EMPAID_NLC-R10A_2012","success","2012-06-06",2012,"EMPAID","EMPAID_LC-R",154,158,3,"I","B",1.6,0.642787609686539,147,"PIPO",0,7.5,1,136.8910065,31.3173008,11,0,3.1066,26.9109992980957,21.3513999938965,0.127700001001358,0.0255400002002716,"I",11
"81","EMPAID_NSF09A_2017","success","2017-06-07",2017,"EMPAID","EMPAID_SF",150,158,2,"I","H",2.2,-0.629320391049837,144,"PIPO",41.6666666666667,10,0.666666666666667,309.4450073,10.9294004,45,59.4309006,5.8439698,27.7119998931885,22.5898889965481,2.40000009536743,0.396777785486645,"I",14
"82","EMPAID_NSG10A_2016","failure","2016-06-06",2016,"EMPAID","311",150,158,2,"N","HB",1.9,-0.17364817766693,142,"PIPO",25,10,0.714285714285714,272.9609985,29.1126003,34,40.2463989,79.3615036,17.1119995117188,13.5283747911453,12.7220001220703,1.75537501275539,"I",16
"83","EMFWOR_NCAMC5-01A_2017","failure","2017-06-08",2017,"EMFWOR","EMFWOR_CAMC5",154,159,2,"N","U",2.4,-0.951056516295154,132,"POTR5",33.3333333333333,12.5,0.4,266.1570129,28.5111008,13,0,0,22.9360008239746,18.739000082016,6.41300010681152,1.60325002670288,"N",27
"84","EMFWOR_NCAMC8-07A_2017","success","2017-06-08",2017,"EMFWOR","EMFWOR_CAMC8",157,159,3,"I","U",1.8,0.788010753606722,142,"POTR5",25,2.5,0.666666666666667,207.4019928,21.7194004,25,0,0,23.4099998474121,21.7743333180745,0,0,"I",17
"85","EMMAOR_NPAWT1-03A_2016","success","2016-06-07",2016,"EMMAOR","EMMAOR_PAWT1",155,159,1,"I","H",1.2,0.529919264233205,155,"PIPO",33.3333333333333,10,1,673.8839722,18.1711998,51,23.2033005,8.7818699,29.3479995727539,26.8664001464844,0,0,"L",4
"86","EMMAOR_NPAWT1-03A_2021","failure","2021-06-08",2021,"EMMAOR","EMMAOR_PAWT1",152,159,2,"I","H",1.15,0.642787609686539,NA,"PIPO",108.333333333333,2.5,1,439.1589966,26.0562992,30,46.0251999,1.3750499,25.007999420166,17.811149597168,5.96859979629517,1.40532493591309,"L",NA
"87","EMPAID_N1WS09A_2018","success","2018-06-08",2018,"EMPAID","EMPAID_1WS",156,159,2,"I","HB",2.5,0.374606593415912,149,"PIPO",16.6666666666667,15,0.625,466.8859863,10.3269997,60,27.8087006,54.6741982,28.0209999084473,21.7340000697545,12.951000213623,3.29257146162646,"I",10
"88","EMPAID_NBWC01A_2015","failure","2015-06-08",2015,"EMPAID","221",155,159,2,"I","U",2.1,-0.913545457642601,150,"PIPO",41.6666666666667,2.5,0.857142857142857,485.4320068,8.3555098,72,0,0,27.3299999237061,21.9563999176025,0.578999996185303,0.115799999237061,"I",9
"89","EMPAID_NCU05A_2015","success","2015-06-08",2015,"EMPAID","EMPAID_CU",155,159,1,"I","U",2.1,-0.978147600733806,149,"PIPO",0,10,0.4,335.8819885,10.0938997,40,7.4215298,0,27.0799999237061,21.6718002319336,0.0280000008642673,0.00560000017285347,"I",10
"90","EMPAID_NCU10A_2015","success","2015-06-08",2015,"EMPAID","EMPAID_CU",154,159,3,"N","H",4.5,-0.882947592858927,136,"PIPO",25,15,0.444444444444444,279.9419861,11.2514,44,40.7743988,0.194162,28.6569995880127,21.772999604543,7.7480001449585,1.29133335749308,"N",23
"91","EMPAID_NCW-A01A_2018","failure","2018-06-08",2018,"EMPAID","EMPAID_CW-A",156,159,1,"I","H",1.8,-0.809016994374947,150,"PIPO",25,0,1,420.8420105,14.3107996,60,49.8092995,45.0965996,27.9400005340576,21.6286001205444,10.9989995956421,2.35319992303848,"I",9
"92","EMPAID_NCW-A03A_2016","success","2016-06-07",2016,"EMPAID","EMPAID_CW-A",151,159,3,"N","H",1.2,0.927183854566787,144,"PIPO",16.6666666666667,10,0.857142857142857,300.3580017,12.9594002,40,43.6492004,4.2397399,33.0750007629395,26.3908890618218,3.03900003433228,0.337666670481364,"I",15
"93","EMPAID_NCW-A04A_2018","failure","2018-06-08",2018,"EMPAID","EMPAID_CW-A",156,159,2,"I","HB",1.3,0.933580426497202,153,"PIPO",16.6666666666667,12.5,1,418.2820129,9.3712997,52,62.5696983,51.2812004,27.9400005340576,22.0761428560529,10.9989995956421,2.76157141583306,"I",6
"94","EMPAID_NCW-D04A_2017","success","2017-06-08",2017,"EMPAID","EMPAID_CW-D",150,159,1,"N","HB",2,-0.342020143325669,134,"PIPO",25,2.5,0.75,481.0350037,11.2765999,66,17.219101,20.1387997,31.0510005950928,26.0315999984741,6.84999990463257,1.35909998714924,"N",25
"95","EMPAID_NEFW01A_2018","success","2018-06-08",2018,"EMPAID","284",156,159,3,"I","H",3.2,0.484809620246337,147,"PIPO",16.6666666666667,22.5,0.272727272727273,316.1650085,7.70858,55,7.9202099,0,26.818000793457,25.4765000343323,1.3860000371933,0.346500009298325,"I",12
"96","EMPAID_NSF02A_2016","success","2016-06-07",2016,"EMPAID","EMPAID_SF",151,159,2,"N","H",2.2,-0.777145961456971,139,"PIPO",8.33333333333333,52.5,0.909090909090909,141.1750031,32.2280006,100,30.6541996,4.4561901,33.3639984130859,26.7414438459608,2.75500011444092,0.306111123826769,"I",20
"97","EMPAID_NSF07A_2016","success","2016-06-07",2016,"EMPAID","EMPAID_SF",151,159,2,"N","H",5.5,-0.997564050259824,142,"PIPO",16.6666666666667,20,0.8,455.9129944,16.0212994,65,59.4309006,6.3118701,22.3409996032715,18.9088331858317,0.804000020027161,0.13400000333786,"I",17
"98","EMPAID_NB-U01A_2014","success","2014-06-09",2014,"EMPAID","EMPAID_B-U",156,160,2,"I","U",2,-0.819152044288992,150,"PIPO",100,17.5,0.947368421052632,188.4600067,14.5770998,40,0,0,26.2670001983643,22.1728570120675,0,0,"I",10
"99","EMPAID_NB-U01A_2015","success","2015-06-09",2015,"EMPAID","EMPAID_B-U",155,160,3,"N","U",1.4,0.961261695938319,139,"PIPO",83.3333333333333,12.5,0.8,234.7059937,14.5546999,27,0,0,26.1070003509521,20.258499622345,8.18000030517578,4.12950007617474,"N",21
"100","EMPAID_NCU10A_2014","success","2014-06-09",2014,"EMPAID","EMPAID_CU",155,160,2,"I","H",4.4,0.207911690817759,146,"PIPO",8.33333333333333,15,0.571428571428571,269.0350037,11.6083002,46,39.8944016,0,26.2390003204346,22.4545997619629,0,0,"I",14
"101","EMPAID_NCW-D04A_2015","success","2015-06-09",2015,"EMPAID","EMPAID_CW-D",154,160,3,"N","U",4,0.994521895368273,133,"PIPO",41.6666666666667,25,0.9375,336.151001,12.2349005,54,24.4353008,0,32.6380004882812,25.3302857535226,5.32800006866455,1.37300000871931,"N",27
"102","EMPAID_NDL08A_2015","success","2015-06-09",2015,"EMPAID","EMPAID_DL",155,160,1,"N","U",1.2,-0.848048096156426,144,"PIPO",8.33333333333333,0,0.25,417.8909912,19.6219997,30,0,0,31.6060009002686,24.6843331654867,0.50900000333786,0.0848333338896434,"I",16
"103","EMPAID_NSG10A_2016","failure","2016-06-08",2016,"EMPAID","311",158,160,3,"N","HB",1.9,-0.17364817766693,142,"PIPO",25,10,0.714285714285714,272.9609985,29.1126003,34,40.2463989,79.3615036,30.9340000152588,22.6859999762641,0,0,"N",18
"104","EMPAID_NWRF-M06A_2015","success","2015-06-09",2015,"EMPAID","EMPAID_WRF-M",156,160,2,"I","H",3,-0.939692620785908,148,"PIPO",8.33333333333333,42.5,0.5,399.4190063,11.8261995,60,20.6805992,0,24.8250007629395,21.5894999504089,7.59299993515015,3.78324998915195,"I",12
"105","EMFWOR_NCAMC4-07A_2019","success","2019-06-10",2019,"EMFWOR","EMFWOR_CAMC4",157,161,1,"I","U",3.9,-0.970295726275996,146,"POTR5",66.6666666666667,20,0.823529411764706,245.7920074,15.8908997,23,0,0,22.5839996337891,22.1643333435059,0,0,"I",15
"106","EMFWOR_NCAMC8-07A_2019","failure","2019-06-10",2019,"EMFWOR","EMFWOR_CAMC8",157,161,1,"I","U",1.8,0.788010753606722,NA,"POTR5",25,2.5,0.666666666666667,207.4019928,21.7194004,25,0,0,22.5839996337891,22.1643333435059,0,0,"I",NA
"107","EMMAOR_NCUBT2-02A_2021","failure","2021-06-10",2021,"EMMAOR","EMMAOR_CUBT2",158,161,1,"N","HB",0.95,0.970295726275996,NA,"PIPO",58.3333333333333,27.5,0.888888888888889,301.1149902,18.573,99,43.1212006,49.9029007,18.2210998535156,16.3585495948792,0.691799998283386,0.172949999570847,"N",NA
"108","EMMAOR_NCUBT2-10A_2021","failure","2021-06-10",2021,"EMMAOR","EMMAOR_CUBT2",153,161,2,"N","HB",2.55,-0.939692620785908,NA,"PIPO",16.6666666666667,7.5,1,269.1730042,24.0918007,47,38.3983994,62.2210999,28.3372993469238,19.4238775041368,5.38679981231689,1.03537773889386,"I",NA
"109","EMPAID_NBWC01A_2015","failure","2015-06-10",2015,"EMPAID","221",159,161,3,"I","U",2.1,-0.913545457642601,150,"PIPO",41.6666666666667,2.5,0.857142857142857,485.4320068,8.3555098,72,0,0,30.4909992218018,29.3629995981852,0.00800000037997961,0.00266666679332654,"I",11
"110","EMPAID_NCU04A_2013","success","2013-06-10",2013,"EMPAID","EMPAID_CU",158,161,2,"L","U",3.2,-0.999390827019096,158,"PSME",16.6666666666667,17.5,0.9,473.6229858,12.5155001,34,0.352009,0,NA,NA,NA,NA,"L",3
"111","EMPAID_NCU05A_2015","success","2015-06-10",2015,"EMPAID","EMPAID_CU",159,161,2,"I","U",2.1,-0.978147600733806,149,"PIPO",0,10,0.4,335.8819885,10.0938997,40,7.4215298,0,30.1310005187988,29.0750001271566,0,0,"I",12
"112","EMPAID_NCU07A_2013","success","2013-06-10",2013,"EMPAID","EMPAID_CU",158,161,4,"I","H",2.8,0.866025403784439,148,"PSME",8.33333333333333,30,0.692307692307692,410.1860046,10.8526001,56,18.7737999,0,26.2229995727539,22.4117498397827,0,0,"I",13
"113","EMPAID_NCU09A_2015","success","2015-06-10",2015,"EMPAID","EMPAID_CU",155,161,1,"I","U",2.2,-0.970295726275996,154,"PIPO",8.33333333333333,7.5,0.5,392.2120056,9.1995802,54,28.3367996,0,31.6089992523193,25.5684280395508,0,0,"L",7
"114","EMPAID_NCU10A_2013","success","2013-06-10",2013,"EMPAID","EMPAID_CU",158,161,4,"N","H",1.8,-0.5,142,"PIPO",16.6666666666667,27.5,0.846153846153846,367.321991,8.3812399,64,35.2303009,0,NA,NA,NA,NA,"N",19
"115","EMPAID_NCU10A_2015","success","2015-06-10",2015,"EMPAID","EMPAID_CU",159,161,4,"N","H",4.5,-0.882947592858927,136,"PIPO",25,15,0.444444444444444,279.9419861,11.2514,44,40.7743988,0.194162,31.6089992523193,30.595999399821,0,0,"N",25
"116","EMPAID_NCW-A01A_2014","failure","2014-06-10",2014,"EMPAID","EMPAID_CW-A",154,161,2,"I","U",1.1,-0.64278760968654,153,"PIPO",16.6666666666667,22.5,1,200.1679993,18.3372002,12,12.8776999,0,25.7150001525879,21.6338001251221,0,0,"L",8
"117","EMPAID_NCW-D10A_2013","failure","2013-06-10",2013,"EMPAID","EMPAID_CW-D",158,161,3,"I","U",3.6,0.866025403784438,146,"PIPO",25,10,0.714285714285714,263.1740112,11.6911001,63,0,0,29.5559997558594,28.3289995193481,0,0,"I",15
"118","EMPAID_NCW-D10A_2017","success","2017-06-10",2017,"EMPAID","EMPAID_CW-D",158,161,3,"N","HB",2.1,0.743144825477394,131,"PIPO",50,2.5,0.285714285714286,239.3390045,24.2194996,90,26.9286995,19.3017006,29.3159999847412,25.473888821072,6.84999990463257,1.51011109683249,"N",30
"119","EMPAID_NSF02A_2016","success","2016-06-09",2016,"EMPAID","EMPAID_SF",159,161,3,"N","H",2.2,-0.777145961456971,139,"PIPO",8.33333333333333,52.5,0.909090909090909,141.1750031,32.2280006,100,30.6541996,4.4561901,33.0379981994629,31.8819993336995,3.89800000190735,2.21766670544942,"N",22
"120","EMPAID_NSF07A_2016","success","2016-06-09",2016,"EMPAID","EMPAID_SF",159,161,3,"N","H",5.5,-0.997564050259824,142,"PIPO",16.6666666666667,20,0.8,455.9129944,16.0212994,65,59.4309006,6.3118701,33.0750007629395,26.3908890618218,3.03900003433228,0.337666670481364,"N",19
"121","EMPAID_NSF09A_2014","failure","2014-06-10",2014,"EMPAID","EMPAID_SF",156,161,3,"I","U",0.7,-0.342020143325669,154,"PIPO",0,10,0.5,300.8259888,11.4209995,36,17.0431004,0,26.992000579834,25.6983337402344,0.583000004291534,0.194333334763845,"I",7
"122","EMPAID_NSF09A_2017","success","2017-06-10",2017,"EMPAID","EMPAID_SF",158,161,3,"N","H",2.2,-0.629320391049837,144,"PIPO",41.6666666666667,10,0.666666666666667,309.4450073,10.9294004,45,59.4309006,5.8439698,29.0610008239746,25.1790002187093,6.9689998626709,1.56122221777009,"I",17
"123","EMFWOR_NCAMC2-10A_2018","success","2018-06-11",2018,"EMFWOR","EMFWOR_CAMC2",158,162,2,"N","U",3.9,0.139173100960065,143,"PIPO",91.6666666666667,7.5,0.733333333333333,447.7210083,14.8600998,60,0,0,21.9360008239746,16.7026002883911,5.69999980926514,1.38139996528625,"I",19
"124","EMFWOR_NCAMC3-08A_2018","success","2018-06-11",2018,"EMFWOR","EMFWOR_CAMC3",158,162,3,"N","U",3.1,0.629320391049837,140,"POTR5",75,0,0,269.1860046,33.5130997,8,0,0,22.7399997711182,17.5062002182007,5.64099979400635,1.31619995832443,"N",22
"125","EMFWOR_NCAMC3-08A_2020","success","2020-06-10",2020,"EMFWOR","EMFWOR_CAMC3",157,162,2,"I","U",4.8,-0.207911690817759,146,"POTR5",33.3333333333333,5,0.142857142857143,269.4970093,33.4715004,6,0,0,24.4109992980957,16.342166741689,2.66899991035461,0.987166663010915,"I",16
"126","EMFWOR_NCAMC4-09A_2020","failure","2020-06-10",2020,"EMFWOR","EMFWOR_CAMC4",157,162,2,"I","U",2.1,-0.766044443118978,152,"POTR5",116.666666666667,7.5,0.529411764705882,189.0449982,27.9113998,7,0,0,22.4559993743896,14.8190000851949,3.56200003623962,1.33483332395554,"I",10
"127","EMFWOR_NCAMC4-10B_2018","success","2018-06-11",2018,"EMFWOR","EMFWOR_CAMC4",158,162,5,"N","U",2.5,0.17364817766693,142,"POTR5",8.33333333333333,0,0,310.7160034,19.4978008,20,0,0,24.2819995880127,21.3492503166199,0,0,"I",20
"128","EMFWOR_NCAMC5-01A_2018","success","2018-06-11",2018,"EMFWOR","EMFWOR_CAMC5",158,162,5,"N","U",7.3,-0.453990499739547,140,"POTR5",25,2.5,0.2,266.1570129,28.5111008,13,0,0,23.6180000305176,20.6932501792908,0,0,"N",22
"129","EMFWOR_NCAMC5-01A_2020","failure","2020-06-10",2020,"EMFWOR","EMFWOR_CAMC5",161,162,3,"L","U",1.5,-0.996194698091746,161,"POTR5",66.6666666666667,22.5,1,255.272995,30.7194004,14,0,0,18.1480007171631,14.8870005607605,1.70899999141693,0.854499995708466,"L",1
"130","EMFWOR_NCAMC8-07A_2018","success","2018-06-11",2018,"EMFWOR","EMFWOR_CAMC8",158,162,4,"N","U",1.8,0.788010753606722,143,"POTR5",25,2.5,0.666666666666667,207.4019928,21.7194004,25,0,0,21.2779998779297,16.1407999038696,5.89499998092651,1.54619998931885,"I",19
"131","EMFWOR_NSWRC3-03A_2020","success","2020-06-10",2020,"EMFWOR","EMFWOR_SWRC3",161,162,1,"I","U",8.7,6.12323399573677e-17,150,"PIPO",66.6666666666667,20,0.25,314.0650024,16.2073994,49,5.8961601,5.8980799,22.0709991455078,15.4041247963905,6.17199993133545,1.70537501573563,"I",12
"132","EMFWOR_NSWRC3-04A_2018","success","2018-06-11",2018,"EMFWOR","63",158,162,2,"N","U",2.3,-0.99026806874157,142,"POTR5",150,25,0.321428571428571,373.0539856,14.29,30,0,0,21.6000003814697,16.6812002182007,4.75699996948242,1.30519999861717,"I",20
"133","EMPAID_NB-T10A_2018","success","2018-06-11",2018,"EMPAID","EMPAID_B-T",158,162,4,"I","H",2.5,-0.559192903470747,149,"PIPO",83.3333333333333,10,1,135.9060059,5.73808,61,9.76826,32.6766014,27.0550003051758,23.7607498168945,0.698000013828278,0.174500003457069,"I",13
"134","EMPAID_NB-U01A_2015","success","2015-06-11",2015,"EMPAID","EMPAID_B-U",160,162,4,"N","U",1.4,0.961261695938319,139,"PIPO",83.3333333333333,12.5,0.8,234.7059937,14.5546999,27,0,0,31.6060009002686,24.6843331654867,0.50900000333786,0.0848333338896434,"N",23
"135","EMPAID_NB-U02A_2013","failure","2013-06-11",2013,"EMPAID","EMPAID_B-U",155,162,1,"I","U",16.9,0.642787609686539,147,"PIPO",33.3333333333333,12.5,0.9,340.5830078,18.2495995,30,0,0,21.4360008239746,16.8523333867391,8.90900039672852,1.62650007009506,"I",15
"136","EMPAID_NCU10A_2014","success","2014-06-11",2014,"EMPAID","EMPAID_CU",160,162,3,"N","H",4.4,0.207911690817759,146,"PIPO",8.33333333333333,15,0.571428571428571,269.0350037,11.6083002,46,39.8944016,0,24.681999206543,23.5556666056315,0,0,"I",16
"137","EMPAID_NCW-A03A_2016","success","2016-06-10",2016,"EMPAID","EMPAID_CW-A",159,162,4,"N","H",1.2,0.927183854566787,144,"PIPO",16.6666666666667,10,0.857142857142857,300.3580017,12.9594002,40,43.6492004,4.2397399,NA,NA,NA,NA,"N",18
"138","EMPAID_NDL03A_2013","success","2013-06-11",2013,"EMPAID","EMPAID_DL",157,162,3,"I","U",6.7,0.342020143325669,154,"PIPO",0,5,0.4,163.3730011,49.6929016,15,0,0,24.7189998626709,21.8343334197998,0,0,"L",8
"139","EMPAID_NDL03A_2014","failure","2014-06-11",2014,"EMPAID","EMPAID_DL",156,162,2,"N","U",3.2,0.743144825477394,148,"PIPO",0,5,0.4,163.3730011,49.6929016,15,0,0,25.0750007629395,21.1351430075509,0.00100000004749745,0.000142857149642493,"I",14
"140","EMPAID_NDL08A_2015","success","2015-06-11",2015,"EMPAID","EMPAID_DL",160,162,2,"N","U",1.2,-0.848048096156426,144,"PIPO",8.33333333333333,0,0.25,417.8909912,19.6219997,30,0,0,31.9750003814697,30.5366668701172,0,0,"N",18
"141","EMPAID_NDL10A_2018","failure","2018-06-11",2018,"EMPAID","EMPAID_DL",158,162,3,"I","U",2.5,-0.965925826289068,155,"PIPO",183.333333333333,12.5,1,341.8380127,14.2024002,36,0,0,26.5470008850098,23.4437508583069,0.619000017642975,0.154750004410744,"L",7
"142","EMPAID_NLC-R09A_2014","success","2014-06-11",2014,"EMPAID","EMPAID_LC-R",160,162,3,"I","B",1.1,0.629320391049838,157,"PIPO",83.3333333333333,7.5,0.928571428571429,132.6999969,31.5911999,12,0,3.1066,26.238000869751,24.3993333180745,0.501999974250793,0.167333324750264,"L",5
"143","EMPAID_NLC04A_2013","success","2013-06-11",2013,"EMPAID","EMPAID_LC",157,162,1,"I","B",2.3,0.3583679495453,155,"PIPO",0,15,1,136.5529938,31.1275997,12,0,3.1066,27.9580001831055,26.8916664123535,0,0,"L",7
"144","EMPAID_NSF05A_2016","success","2016-06-10",2016,"EMPAID","EMPAID_SF",159,162,3,"I","H",1.4,0.866025403784438,158,"PIPO",25,25,0.923076923076923,487.2810059,9.1460505,46,48.9292984,6.3118701,32.701000213623,29.7532496452332,3.99699997901917,1.75900000333786,"L",4
"145","EMPAID_NWM03A_2013","success","2013-06-11",2013,"EMPAID","314",157,162,1,"I","H",3.4,-0.997564050259824,148,"PIPO",0,0,0,375.9819946,10.5274,48,39.4543991,0,27.503999710083,26.349500020345,0,0,"I",14
"146","EMFWOR_NCAMC8-09A_2020","success","2020-06-11",2020,"EMFWOR","EMFWOR_CAMC8",160,163,1,"I","U",2.4,0.891006524188368,153,"POTR5",66.6666666666667,7.5,0.0833333333333333,402.1990051,16.6655006,34,0,0,24.5069999694824,18.44428559712,2.08400011062622,0.59085716520037,"I",10
"147","EMMAOR_NPRONGC1-01A_2019","success","2019-06-12",2019,"EMMAOR","141",157,163,1,"N","B",1.7,0.224951054343865,140,"PIPO",16.6666666666667,12.5,1,165.4450073,45.5554008,23,0,95.5087967,26.5109996795654,18.0065712247576,8.87199974060059,1.34857139417103,"N",23
"148","EMMAOR_NWOLFC1-01A_2019","success","2019-06-12",2019,"EMMAOR","EMMAOR_WOLFC1",157,163,1,"N","U",3.2,-0.898794046299167,142,"PIPO",41.6666666666667,5,0.125,521.177002,10.6569996,66,0,0,26.5750007629395,18.2365715844291,8.07499980926514,1.15857140134488,"I",21
"149","EMPAID_N1WS07A_2013","failure","2013-06-12",2013,"EMPAID","EMPAID_1WS",156,163,1,"N","U",4.6,0.469471562785891,146,"PIPO",8.33333333333333,7.5,0.8,172.5559998,13.3768997,48,3.9307699,9.7590504,23.5839996337891,19.5185001691182,0.958000004291534,0.159666667381922,"I",17
"150","EMPAID_N1WS07A_2014","success","2014-06-12",2014,"EMPAID","EMPAID_1WS",153,163,1,"N","U",3,-0.0348994967025008,145,"PSME",0,10,0.666666666666667,180.4609985,11.0317001,45,8.1255503,20.5876007,23.7199993133545,21.3960002263387,0,0,"I",18
"151","EMPAID_NBWC01A_2013","failure","2013-06-12",2013,"EMPAID","219",157,163,5,"I","U",1.8,0.939692620785908,153,"PIPO",0,2.5,0.25,474.3469849,9.1122398,74,0.440012,0,26.5219993591309,24.8114286150251,0,0,"I",10
"152","EMPAID_NCW-A01A_2015","failure","2015-06-12",2015,"EMPAID","EMPAID_CW-A",154,163,3,"N","U",2.2,0.857167300702112,143,"PIPO",108.333333333333,17.5,0.666666666666667,226.5579987,16.8306999,18,10.9123001,0,32.0320014953613,25.2686000823975,4.35799980163574,1.23519999980927,"I",20
"153","EMPAID_NCW-A03A_2012","success","2012-06-11",2012,"EMPAID","EMPAID_CW-A",158,163,2,"N","U",3,-0.484809620246337,148,"PIPO",16.6666666666667,10,0.857142857142857,300.3580017,12.9594002,40,0.99736,0,27.6989994049072,22.0785001516342,4.99599981307983,1.31849997118115,"I",15
"154","EMPAID_NDL10A_2018","failure","2018-06-12",2018,"EMPAID","EMPAID_DL",162,163,4,"I","U",2.5,-0.965925826289068,155,"PIPO",183.333333333333,12.5,1,341.8380127,14.2024002,36,0,0,24.8920001983643,20.0526000976562,5.91099977493286,2.28539996743202,"I",8
"155","EMPAID_NSF02A_2015","success","2015-06-12",2015,"EMPAID","EMPAID_SF",154,163,3,"N","H",1.3,0.848048096156426,139,"PIPO",25,17.5,1,555.651001,7.5188899,24,29.3633995,0,33.189998626709,26.9361999511719,5.32800006866455,0.961100006103516,"I",24
"156","EMPAID_NSF07A_2014","success","2014-06-12",2014,"EMPAID","EMPAID_SF",161,163,1,"N","H",2.3,0.241921895599667,147,"PIPO",8.33333333333333,20,0.888888888888889,455.9129944,16.0212994,65,35.993,0,27.0890007019043,25.4613335927327,0,0,"I",16
"157","EMPAID_NSF07A_2015","success","2015-06-12",2015,"EMPAID","EMPAID_SF",154,163,3,"N","H",3,0.139173100960065,139,"PIPO",8.33333333333333,10,1,468.0100098,15.7231998,67,41.2144012,0,32.9609985351562,26.573699760437,5.91300010681152,1.04750001430511,"I",24
"158","EMPAID_NWRF-M06A_2015","success","2015-06-12",2015,"EMPAID","EMPAID_WRF-M",160,163,3,"I","H",3,-0.939692620785908,148,"PIPO",8.33333333333333,42.5,0.5,399.4190063,11.8261995,60,20.6805992,0,32.7890014648438,27.3622005462646,1.567999958992,0.314999991841614,"I",15
"159","EMFWOR_NCAMC2-10A_2019","failure","2019-06-13",2019,"EMFWOR","EMFWOR_CAMC2",161,164,1,"I","U",3.9,0.139173100960065,154,"PIPO",91.6666666666667,7.5,0.733333333333333,447.7210083,14.8600998,60,0,0,27.0440006256104,24.4349999427795,0,0,"I",10
"160","EMFWOR_NCAMC4-07A_2019","success","2019-06-13",2019,"EMFWOR","EMFWOR_CAMC4",161,164,2,"N","U",3.9,-0.970295726275996,146,"POTR5",66.6666666666667,20,0.823529411764706,245.7920074,15.8908997,23,0,0,22.5839996337891,15.0152000427246,0.568000018596649,0.11360000371933,"I",18
"161","EMFWOR_NCAMC5-01A_2017","failure","2017-06-13",2017,"EMFWOR","EMFWOR_CAMC5",159,164,3,"N","U",2.4,-0.951056516295154,132,"POTR5",33.3333333333333,12.5,0.4,266.1570129,28.5111008,13,0,0,23.4099998474121,21.1016664505005,0,0,"N",32
"162","EMFWOR_NCAMC8-07A_2017","success","2017-06-13",2017,"EMFWOR","EMFWOR_CAMC8",159,164,4,"N","U",1.8,0.788010753606722,142,"POTR5",25,2.5,0.666666666666667,207.4019928,21.7194004,25,0,0,21.5620002746582,11.245666662852,13.9060001373291,4.46966669956843,"I",22
"163","EMMAOR_NDUGC1-06A_2017","failure","2017-06-13",2017,"EMMAOR","94",157,164,3,"N","U",2.75,0.309016994374947,139,"JUOC",83.3333333333333,30,0.826086956521739,313.9710083,16.4123001,76,7.9202099,9.0810699,26.9769992828369,20.594077036931,3.04099988937378,0.451384603977203,"N",25
"164","EMMAOR_NELKT2-04A_2017","success","2017-06-13",2017,"EMMAOR","104",159,164,1,"N","HB",0.7,-0.891006524188368,141,"PIPO",25,27.5,1,252.4019928,35.2736015,22,72.2499008,84.848999,25.2919998168945,13.6476666132609,4.10300016403198,2.41100001335144,"N",23
"165","EMMAOR_NELKT2-06A_2017","success","2017-06-13",2017,"EMMAOR","EMMAOR_ELKT2",157,164,1,"N","U",2,-0.848048096156426,137,"PIPO",83.3333333333333,0,1,187.576004,16.7395,13,0,0,26.3159999847412,21.1374288286482,2.88599991798401,0.637285700866154,"N",27
"166","EMMAOR_NFLAGC1-06A_2017","success","2017-06-13",2017,"EMMAOR","EMMAOR_FLAGC1",157,164,1,"N","U",4.2,0.939692620785908,145,"JUOC",58.3333333333333,20,0.4,374.7479858,43.5993004,30,0,0,20.2670001983643,18.4045000076294,0.694000005722046,0.347000002861023,"I",19
"167","EMPAID_NB-T10A_2018","success","2018-06-13",2018,"EMPAID","EMPAID_B-T",162,164,5,"I","H",2.5,-0.559192903470747,149,"PIPO",83.3333333333333,10,1,135.9060059,5.73808,61,9.76826,32.6766014,25.3330001831055,20.3549999237061,6.62099981307983,2.3717999458313,"I",15
"168","EMPAID_NB-U01A_2014","success","2014-06-13",2014,"EMPAID","EMPAID_B-U",160,164,3,"I","U",2,-0.819152044288992,150,"PIPO",100,17.5,0.947368421052632,188.4600067,14.5770998,40,0,0,24.681999206543,23.6153999328613,0,0,"I",14
"169","EMPAID_NBWC01A_2014","success","2014-06-13",2014,"EMPAID","220",154,164,5,"N","U",2.3,-0.848048096156426,149,"PIPO",0,5,0.25,393.9559937,7.9387298,77,0,0,24.7600002288818,22.9385004043579,0,0,"I",15
"170","EMPAID_NCC08A_2014","failure","2014-06-13",2014,"EMPAID","227",154,164,2,"I","B",1.7,0.898794046299167,155,"PIPO",66.6666666666667,10,1,319.2789917,7.3643098,66,0,61.8041,26.818000793457,24.7840000499379,0.555999994277954,0.0568181811408563,"L",9
"171","EMPAID_NCU04A_2013","success","2013-06-13",2013,"EMPAID","EMPAID_CU",161,164,3,"I","U",3.2,-0.999390827019096,158,"PSME",16.6666666666667,17.5,0.9,473.6229858,12.5155001,34,0.352009,0,26.2229995727539,25.4664998054504,0,0,"L",6
"172","EMPAID_NCU07A_2013","success","2013-06-13",2013,"EMPAID","EMPAID_CU",161,164,5,"N","H",2.8,0.866025403784439,148,"PSME",8.33333333333333,30,0.692307692307692,410.1860046,10.8526001,56,18.7737999,0,26.2229995727539,25.4664998054504,0,0,"I",16
"173","EMPAID_NCU10A_2013","success","2013-06-13",2013,"EMPAID","EMPAID_CU",161,164,5,"N","H",1.8,-0.5,142,"PIPO",16.6666666666667,27.5,0.846153846153846,367.321991,8.3812399,64,35.2303009,0,27.6879997253418,27.0234999656677,0,0,"N",22
"174","EMPAID_NCW-A01A_2013","success","2013-06-13",2013,"EMPAID","EMPAID_CW-A",161,164,1,"I","U",4.6,-0.17364817766693,156,"PIPO",16.6666666666667,2.5,0.6,253.2870026,19.1459999,45,0,0,29.3640003204346,26.7674999237061,0.584999978542328,0.146249994635582,"I",8
"175","EMPAID_NCW-A01A_2018","failure","2018-06-13",2018,"EMPAID","EMPAID_CW-A",159,164,2,"I","H",1.8,-0.809016994374947,150,"PIPO",25,0,1,420.8420105,14.3107996,60,49.8092995,45.0965996,26.8959999084473,25.3929996490479,1.49800002574921,0.374500006437302,"I",14
"176","EMPAID_NCW-A01B_2013","success","2013-06-13",2013,"EMPAID","EMPAID_CW-A",163,164,1,"I","U",4.1,0.0523359562429439,154,"PIPO",8.33333333333333,45,0.894736842105263,211.9589996,18.6592007,14,8.8589001,0,23.6770000457764,23.0644998550415,0.428000003099442,0.214000001549721,"I",10
"177","EMPAID_NCW-A04A_2018","failure","2018-06-13",2018,"EMPAID","EMPAID_CW-A",159,164,3,"I","HB",1.3,0.933580426497202,153,"PIPO",16.6666666666667,12.5,1,418.2820129,9.3712997,52,62.5696983,51.2812004,26.8959999084473,25.3929996490479,1.49800002574921,0.374500006437302,"I",11
"178","EMPAID_NCW-A04A_2019","success","2019-06-13",2019,"EMPAID","EMPAID_CW-A",157,164,2,"I","HB",2.5,-0.20791169081776,156,"PIPO",50,5,0.875,448.9710083,9.8943596,53,64.0950012,49.5942001,26.5200004577637,21.290214402335,5.63500022888184,1.41400001091617,"L",8
"179","EMPAID_NCW-D04A_2017","success","2017-06-13",2017,"EMPAID","EMPAID_CW-D",159,164,2,"N","HB",2,-0.342020143325669,134,"PIPO",25,2.5,0.75,481.0350037,11.2765999,66,17.219101,20.1387997,31.0510005950928,19.577500184377,4.7480001449585,3.02516667048136,"N",30
"180","EMPAID_NCW-D10A_2013","failure","2013-06-13",2013,"EMPAID","EMPAID_CW-D",161,164,4,"N","U",3.6,0.866025403784438,146,"PIPO",25,10,0.714285714285714,263.1740112,11.6911001,63,0,0,29.5559997558594,28.8535003662109,0,0,"I",18
"181","EMPAID_NDL03A_2014","failure","2014-06-13",2014,"EMPAID","EMPAID_DL",162,164,3,"N","U",3.2,0.743144825477394,148,"PIPO",0,5,0.4,163.3730011,49.6929016,15,0,0,24.9979991912842,22.6937141418457,0.363000005483627,0.0518571436405182,"N",16
"182","EMPAID_NEFW01A_2018","success","2018-06-13",2018,"EMPAID","284",159,164,4,"N","H",3.2,0.484809620246337,147,"PIPO",16.6666666666667,22.5,0.272727272727273,316.1650085,7.70858,55,7.9202099,0,26.818000793457,21.3140001296997,3.5,1.4315000201265,"I",17
"183","EMPAID_NLC-R10A_2012","success","2012-06-12",2012,"EMPAID","EMPAID_LC-R",158,164,4,"N","B",1.6,0.642787609686539,147,"PIPO",0,7.5,1,136.8910065,31.3173008,11,0,3.1066,26.9109992980957,20.1829998016357,9.66199970245361,3.1291999578476,"I",17
"184","EMMAOR_NPAWT1-03A_2019","success","2019-06-14",2019,"EMMAOR","EMMAOR_PAWT1",150,165,1,"N","H",1,0.601815023152048,137,"PIPO",0,5,1,451.4930115,24.1599007,31,40.2756996,3.29758,27.3980007171631,19.5439373850822,8.82100009918213,0.883562499890104,"I",28
"185","EMMAOR_NRATT1-10A_2017","success","2017-06-14",2017,"EMMAOR","EMMAOR_RATT1",159,165,1,"N","U",2,-0.615661475325658,146,"JUOC",75,25,0.0526315789473684,495.1029968,13.9039001,45,0.146671,0,26.2240009307861,24.0480003356934,0,0,"I",19
"186","EMMAOR_NUPCA1-05A_2017","success","2017-06-14",2017,"EMMAOR","EMMAOR_UPCA1",158,165,1,"N","U",8.6,0.809016994374947,142,"PIPO",0,10,0.666666666666667,594.6530151,17.3805008,94,0,0,26.4419994354248,16.8186247348785,1.85099995136261,0.753624998033047,"I",23
"187","EMMAOR_NUPCA1-08A_2017","success","2017-06-14",2017,"EMMAOR","EMMAOR_UPCA1",158,165,1,"N","U",2.1,-0.809016994374947,142,"PIPO",41.6666666666667,20,1,404.6629944,15.5065002,93,0,0,27.4519996643066,17.9617500305176,1.86500000953674,0.566750001162291,"I",23
"188","EMMAOR_NUPCB1-04A_2017","success","2017-06-14",2017,"EMMAOR","EMMAOR_UPCB1",159,165,1,"N","U",2.2,0.99026806874157,144,"PIPO",25,25,1,478.0020142,14.8276997,60,0,0,25.9669990539551,24.1476662953695,0,0,"I",21
"189","EMMAOR_NUPCB1-07A_2017","success","2017-06-14",2017,"EMMAOR","EMMAOR_UPCB1",159,165,1,"I","U",2.9,-0.694658370458997,152,"JUOC",58.3333333333333,12.5,0,483.5580139,15.7058001,29,0,0,26.4419994354248,15.5038569314139,1.85099995136261,0.861285712037768,"I",13
"190","EMPAID_N1WS07A_2013","failure","2013-06-14",2013,"EMPAID","EMPAID_1WS",163,165,2,"N","U",4.6,0.469471562785891,146,"PIPO",8.33333333333333,7.5,0.8,172.5559998,13.3768997,48,3.9307699,9.7590504,28.6830005645752,27.0706248283386,0,0,"N",19
"191","EMPAID_NB-T10A_2018","success","2018-06-14",2018,"EMPAID","EMPAID_B-T",164,165,6,"N","H",2.5,-0.559192903470747,149,"PIPO",83.3333333333333,10,1,135.9060059,5.73808,61,9.76826,32.6766014,21.8040008544922,16.4563337961833,4.0939998626709,1.3646666208903,"I",16
"192","EMPAID_NB-U02A_2013","failure","2013-06-14",2013,"EMPAID","EMPAID_B-U",162,165,2,"I","U",16.9,0.642787609686539,147,"PIPO",33.3333333333333,12.5,0.9,340.5830078,18.2495995,30,0,0,27.9580001831055,25.5209996700287,0,0,"I",18
"193","EMPAID_NBWC01A_2013","failure","2013-06-14",2013,"EMPAID","219",163,165,6,"I","U",1.8,0.939692620785908,153,"PIPO",0,2.5,0.25,474.3469849,9.1122398,74,0.440012,0,20.7700004577637,18.9520003000895,2.1489999294281,1.07699998219808,"I",12
"194","EMPAID_NBWC01A_2015","failure","2015-06-14",2015,"EMPAID","221",161,165,4,"I","U",2.1,-0.913545457642601,150,"PIPO",41.6666666666667,2.5,0.857142857142857,485.4320068,8.3555098,72,0,0,30.4909992218018,25.7909999847412,0.00800000037997961,0.00160000007599592,"I",15
"195","EMPAID_NCW-A01A_2013","success","2013-06-14",2013,"EMPAID","EMPAID_CW-A",164,165,2,"I","U",4.6,-0.17364817766693,156,"PIPO",16.6666666666667,2.5,0.6,253.2870026,19.1459999,45,0,0,23.761999130249,21.2524995803833,0.953000009059906,0.768999993801117,"I",9
"196","EMPAID_NCW-A01B_2013","success","2013-06-14",2013,"EMPAID","EMPAID_CW-A",164,165,2,"I","U",4.1,0.0523359562429439,154,"PIPO",8.33333333333333,45,0.894736842105263,211.9589996,18.6592007,14,8.8589001,0,22.4519996643066,19.9574995040894,0.725000023841858,0.57650001347065,"I",11
"197","EMPAID_NCW-D04A_2015","success","2015-06-14",2015,"EMPAID","EMPAID_CW-D",160,165,4,"N","U",4,0.994521895368273,133,"PIPO",41.6666666666667,25,0.9375,336.151001,12.2349005,54,24.4353008,0,33.189998626709,29.3446664810181,0,0,"N",32
"198","EMPAID_NCW-D10A_2013","failure","2013-06-14",2013,"EMPAID","EMPAID_CW-D",164,165,5,"N","U",3.6,0.866025403784438,146,"PIPO",25,10,0.714285714285714,263.1740112,11.6911001,63,0,0,29.5650005340576,26.9725003242493,0.512000024318695,0.128000006079674,"N",19
"199","EMPAID_NDL03A_2013","success","2013-06-14",2013,"EMPAID","EMPAID_DL",162,165,4,"I","U",6.7,0.342020143325669,154,"PIPO",0,5,0.4,163.3730011,49.6929016,15,0,0,26.9559993743896,25.8743330637614,0,0,"I",11
"200","EMPAID_NLC04A_2013","success","2013-06-14",2013,"EMPAID","EMPAID_LC",162,165,2,"I","B",2.3,0.3583679495453,155,"PIPO",0,15,1,136.5529938,31.1275997,12,0,3.1066,26.9009990692139,22.0807499885559,1.64999997615814,0.665749996900558,"I",10
"201","EMPAID_NPM09A_2013","success","2013-06-14",2013,"EMPAID","291",162,165,1,"I","B",2.6,-0.587785252292473,159,"PIPO",8.33333333333333,5,0.333333333333333,191.4179993,19.1755009,47,8.80023,49.1040001,26.4379997253418,21.5659999847412,1.32099997997284,0.596500009298325,"L",6
"202","EMPAID_NWM03A_2013","success","2013-06-14",2013,"EMPAID","314",162,165,2,"N","H",3.4,-0.997564050259824,148,"PIPO",0,0,0,375.9819946,10.5274,48,39.4543991,0,26.4379997253418,21.5659999847412,1.32099997997284,0.596500009298325,"I",17
"203","EMPAID_NWRF-M06A_2015","success","2015-06-14",2015,"EMPAID","EMPAID_WRF-M",163,165,4,"N","H",3,-0.939692620785908,148,"PIPO",8.33333333333333,42.5,0.5,399.4190063,11.8261995,60,20.6805992,0,32.7890014648438,30.4532504081726,0,0,"I",17
"204","EMPAID_NWRF-M06A_2016","success","2016-06-13",2016,"EMPAID","EMPAID_WRF-M",155,165,2,"N","H",2.1,-1.83697019872103e-16,149,"PSME",16.6666666666667,20,0.6,414.0329895,11.4113998,53,21.7658997,7.3590698,32.6749992370605,26.4573636488481,3.59299993515015,0.646727258508856,"I",16
"205","EMFWOR_NLFTT2-01A_2018","success","2018-06-15",2018,"EMFWOR","38",158,166,1,"I","H",4.2,0.866025403784438,150,"PIPO",16.6666666666667,17.5,0.333333333333333,196.5820007,33.0191994,8,14.6377001,0,23.2880001068115,18.1101110246446,6.20499992370605,0.88299998972151,"I",16
"206","EMFWOR_NLILT3-10A_2018","success","2018-06-15",2018,"EMFWOR","EMFWOR_LILT3",156,166,2,"I","H",1.5,-0.390731128489274,150,"PIPO",41.6666666666667,20,0.615384615384615,412.6940002,8.6038799,40,66.6471024,0,22.8770008087158,17.877818367698,13.0909996032715,1.44745449958877,"I",16
"207","EMFWOR_NRIMT1-01A_2015","failure","2015-06-15",2015,"EMFWOR","EMFWOR_RIMT1",156,166,1,"I","U",1.9,-0.996194698091746,156,"POTR5",16.6666666666667,10,0.714285714285714,388.3380127,16.1548004,54,7.3922,0,23.068000793457,18.5991822156039,7.2350001335144,0.908909098668532,"L",10
"208","EMMAOR_NPAWT1-03A_2016","success","2016-06-14",2016,"EMMAOR","EMMAOR_PAWT1",159,166,2,"I","H",1.2,0.529919264233205,155,"PIPO",33.3333333333333,10,1,673.8839722,18.1711998,51,23.2033005,8.7818699,28.9650001525879,21.8414998054504,2.36299991607666,0.370624989271164,"I",11
"209","EMPAID_N1WS09A_2018","success","2018-06-15",2018,"EMPAID","EMPAID_1WS",159,166,3,"N","HB",2.5,0.374606593415912,149,"PIPO",16.6666666666667,15,0.625,466.8859863,10.3269997,60,27.8087006,54.6741982,26.4850006103516,24.8857498168945,1.65400004386902,0.413500010967255,"I",17
"210","EMPAID_N2WS05A_2017","failure","2017-06-15",2017,"EMPAID","EMPAID_2WS",158,166,3,"N","B",1.5,-0.731353701619171,132,"PIPO",33.3333333333333,15,1,268.2980042,6.69523,45,19.2432003,65.1016998,26.4360008239746,22.8062861306327,8.82699966430664,2.64342850020954,"N",34
"211","EMPAID_NCW-A03A_2012","success","2012-06-14",2012,"EMPAID","EMPAID_CW-A",163,166,3,"N","U",3,-0.484809620246337,148,"PIPO",16.6666666666667,10,0.857142857142857,300.3580017,12.9594002,40,0.99736,0,17.3929996490479,14.3330000241597,5.00299978256226,2.03983327001333,"N",18
"212","EMPAID_NSF02A_2015","success","2015-06-15",2015,"EMPAID","EMPAID_SF",163,166,4,"N","H",1.3,0.848048096156426,139,"PIPO",25,17.5,1,555.651001,7.5188899,24,29.3633995,0,29.488000869751,26.6810002326965,0,0,"N",27
"213","EMMAOR_NCUBT2-03A_2015","failure","2015-06-16",2015,"EMMAOR","EMMAOR_CUBT2",152,167,1,"N","HB",1.7,-0.866025403784439,NA,"PIPO",66.6666666666667,0,0.75,347.32901,15.7995996,90,41.4491005,76.1625977,30.9069995880127,23.6436251401901,2.08100008964539,0.224000006914139,"I",NA
"214","EMMAOR_NDUGC1-06A_2017","failure","2017-06-16",2017,"EMMAOR","94",164,167,4,"N","U",2.75,0.309016994374947,139,"JUOC",83.3333333333333,30,0.826086956521739,313.9710083,16.4123001,76,7.9202099,9.0810699,27.2320003509521,17.3162499666214,4.07100009918213,2.01975002884865,"N",28
"215","EMMAOR_NPAWT1-03A_2016","success","2016-06-15",2016,"EMMAOR","EMMAOR_PAWT1",166,167,3,"I","H",1.2,0.529919264233205,155,"PIPO",33.3333333333333,10,1,673.8839722,18.1711998,51,23.2033005,8.7818699,19.2859992980957,15.4354996681213,0.430000007152557,0.215000003576279,"I",12
"216","EMMAOR_NWOLFTB1-06A_2016","failure","2016-06-15",2016,"EMMAOR","EMMAOR_WOLFTB1",165,167,1,"N","H",1.3,0.939692620785908,147,"Abies",25,5,0.4,314.3540039,31.7625008,34,8.7415705,0,20.1849994659424,16.60666624705,1.28199994564056,0.427333315213521,"N",20
"217","EMPAID_NB-T10A_2014","success","2014-06-16",2014,"EMPAID","EMPAID_B-T",156,167,3,"I","H",3,-0.374606593415912,152,"PIPO",66.6666666666667,2.5,1,139.8930054,6.7675099,61,9.1815796,4.78722,26.8799991607666,22.3332500457764,4.23799991607666,0.598249989251296,"I",15
"218","EMPAID_NB-U01A_2015","success","2015-06-16",2015,"EMPAID","EMPAID_B-U",162,167,5,"N","U",1.4,0.961261695938319,139,"PIPO",83.3333333333333,12.5,0.8,234.7059937,14.5546999,27,0,0,31.9750003814697,30.5366668701172,0,0,"N",28
"219","EMPAID_NCU05A_2015","success","2015-06-16",2015,"EMPAID","EMPAID_CU",161,167,3,"N","U",2.1,-0.978147600733806,149,"PIPO",0,10,0.4,335.8819885,10.0938997,40,7.4215298,0,30.1310005187988,25.0499997820173,0,0,"I",18
"220","EMPAID_NCU09A_2015","success","2015-06-16",2015,"EMPAID","EMPAID_CU",161,167,2,"I","U",2.2,-0.970295726275996,154,"PIPO",8.33333333333333,7.5,0.5,392.2120056,9.1995802,54,28.3367996,0,31.6089992523193,26.6800000326974,0,0,"I",13
"221","EMPAID_NCU10A_2012","success","2012-06-15",2012,"EMPAID","239",164,167,1,"N","H",2,0.587785252292473,144,"PIPO",25,20,0.818181818181818,356.3980103,8.2056103,64,35.347599,0,22.9540004730225,22.2287502288818,4.79699993133545,1.19924998283386,"N",23
"222","EMPAID_NCU10A_2015","success","2015-06-16",2015,"EMPAID","EMPAID_CU",161,167,5,"N","H",4.5,-0.882947592858927,136,"PIPO",25,15,0.444444444444444,279.9419861,11.2514,44,40.7743988,0.194162,31.6089992523193,26.6800000326974,0,0,"N",31
"223","EMPAID_NCW-A01A_2014","failure","2014-06-16",2014,"EMPAID","EMPAID_CW-A",161,167,3,"N","U",1.1,-0.64278760968654,153,"PIPO",16.6666666666667,22.5,1,200.1679993,18.3372002,12,12.8776999,0,25.7150001525879,24.0862500667572,0.477999985218048,0.059749998152256,"I",14
"224","EMPAID_NCW-A03A_2016","success","2016-06-15",2016,"EMPAID","EMPAID_CW-A",162,167,5,"N","H",1.2,0.927183854566787,144,"PIPO",16.6666666666667,10,0.857142857142857,300.3580017,12.9594002,40,43.6492004,4.2397399,24.7089996337891,21.4156664212545,3.22199988365173,0.700833310683568,"N",23
"225","EMPAID_NCW-A05A_2017","success","2017-06-16",2017,"EMPAID","EMPAID_CW-A",165,167,1,"I","H",2.3,-0.788010753606722,156,"PIPO",8.33333333333333,12.5,0.833333333333333,490.9500122,12.5887003,56,62.7457008,6.3118701,18.2169990539551,15.7293329238892,4.6729998588562,2.77533332506816,"I",11
"226","EMPAID_NCW-D04A_2017","success","2017-06-16",2017,"EMPAID","EMPAID_CW-D",164,167,3,"N","HB",2,-0.342020143325669,134,"PIPO",25,2.5,0.75,481.0350037,11.2765999,66,17.219101,20.1387997,20.1180000305176,17.2002501487732,3.70000004768372,1.76899999380112,"N",33
"227","EMPAID_NCW-D10A_2017","success","2017-06-16",2017,"EMPAID","EMPAID_CW-D",161,167,4,"N","HB",2.1,0.743144825477394,131,"PIPO",50,2.5,0.285714285714286,239.3390045,24.2194996,90,26.9286995,19.3017006,31.0510005950928,23.8090000152588,4.70699977874756,1.68099993467331,"N",36
"228","EMPAID_NCW-E03A_2017","success","2017-06-16",2017,"EMPAID","EMPAID_CW-E",164,167,1,"I","H",2.5,-0.642787609686539,154,"PIPO",33.3333333333333,12.5,0.666666666666667,199.4450073,38.3394012,75,24.5527,0,17.6949996948242,14.6755001544952,5.3289999961853,2.24825000762939,"I",13
"229","EMPAID_NDL08A_2015","success","2015-06-16",2015,"EMPAID","EMPAID_DL",162,167,3,"N","U",1.2,-0.848048096156426,144,"PIPO",8.33333333333333,0,0.25,417.8909912,19.6219997,30,0,0,28.0289993286133,25.9248332977295,0,0,"N",23
"230","EMPAID_NLC-R10A_2012","success","2012-06-15",2012,"EMPAID","EMPAID_LC-R",164,167,5,"N","B",1.6,0.642787609686539,147,"PIPO",0,7.5,1,136.8910065,31.3173008,11,0,3.1066,22.6060009002686,14.3711427961077,5.24900007247925,1.25928572246007,"N",20
"231","EMPAID_NLC03A_2017","failure","2017-06-16",2017,"EMPAID","EMPAID_LC",157,167,2,"I","H",2.3,-0.20791169081776,153,"PIPO",116.666666666667,10,0.9,133.677002,35.6916008,16,0.205339,3.1066,27.8080005645752,23.0832857404436,8.6540002822876,2.59314286602395,"I",14
"232","EMPAID_NPM09A_2014","failure","2014-06-16",2014,"EMPAID","292",153,167,1,"N","B",1.7,-0.743144825477394,149,"PIPO",8.33333333333333,15,0.625,187.9689941,16.3868999,46,11.7923002,58.0036011,24.5830001831055,19.8914999961853,5.52500009536743,0.354000002145767,"I",18
"233","EMPAID_NSF02A_2016","success","2016-06-15",2016,"EMPAID","EMPAID_SF",161,167,4,"N","H",2.2,-0.777145961456971,139,"PIPO",8.33333333333333,52.5,0.909090909090909,141.1750031,32.2280006,100,30.6541996,4.4561901,30.798999786377,23.0754286902291,2.89100003242493,0.542857144560133,"N",28
"234","EMPAID_NSF07A_2014","success","2014-06-16",2014,"EMPAID","EMPAID_SF",163,167,2,"N","H",2.3,0.241921895599667,147,"PIPO",8.33333333333333,20,0.888888888888889,455.9129944,16.0212994,65,35.993,0,26.6909999847412,20.5425998687744,3.09599995613098,0.791599988937378,"N",20
"235","EMPAID_NSF07A_2016","success","2016-06-15",2016,"EMPAID","EMPAID_SF",161,167,4,"N","H",5.5,-0.997564050259824,142,"PIPO",16.6666666666667,20,0.8,455.9129944,16.0212994,65,59.4309006,6.3118701,32.701000213623,31.5339997609456,3.99699997901917,2.34533333778381,"N",25
"236","EMPAID_NSF09A_2017","success","2017-06-16",2017,"EMPAID","EMPAID_SF",161,167,4,"N","H",2.2,-0.629320391049837,144,"PIPO",41.6666666666667,10,0.666666666666667,309.4450073,10.9294004,45,59.4309006,5.8439698,30.7600002288818,23.5337495803833,4.56300020217896,1.64125007390976,"N",23
"237","EMFWOR_NCAMC1-02A_2019","failure","2019-06-17",2019,"EMFWOR","EMFWOR_CAMC1",164,168,1,"L","U",4.6,-0.788010753606722,163,"PIPO",191.666666666667,17.5,0.5,341.7489929,19.5303001,30,0,0,27.9689998626709,25.3274002075195,0,0,"L",5
"238","EMFWOR_NCAMC2-10A_2019","failure","2019-06-17",2019,"EMFWOR","EMFWOR_CAMC2",164,168,2,"I","U",3.9,0.139173100960065,154,"PIPO",91.6666666666667,7.5,0.733333333333333,447.7210083,14.8600998,60,0,0,27.0440006256104,24.4228000640869,0,0,"I",14
"239","EMFWOR_NCAMC4-01A_2020","failure","2020-06-16",2020,"EMFWOR","EMFWOR_CAMC4",162,168,1,"I","B",1.7,6.12323399573677e-17,NA,"POTR5",50,15,0.166666666666667,281.3120117,26.6476002,18,5.8961601,61.9155006,22.007999420166,15.9911428860256,11.2089996337891,4.13128566741943,"I",NA
"240","EMFWOR_NCAMC4-07A_2019","success","2019-06-17",2019,"EMFWOR","EMFWOR_CAMC4",164,168,3,"N","U",3.9,-0.970295726275996,146,"POTR5",66.6666666666667,20,0.823529411764706,245.7920074,15.8908997,23,0,0,26.3759994506836,23.8419995307922,0,0,"N",22
"241","EMFWOR_NCAMC4-09A_2020","failure","2020-06-16",2020,"EMFWOR","EMFWOR_CAMC4",162,168,3,"I","U",2.1,-0.766044443118978,152,"POTR5",116.666666666667,7.5,0.529411764705882,189.0449982,27.9113998,7,0,0,22.007999420166,15.9911428860256,11.2089996337891,4.13128566741943,"I",16
"242","EMFWOR_NCAMC8-09A_2020","success","2020-06-16",2020,"EMFWOR","EMFWOR_CAMC8",163,168,2,"I","U",2.4,0.891006524188368,153,"POTR5",66.6666666666667,7.5,0.0833333333333333,402.1990051,16.6655006,34,0,0,22.9589996337891,15.0394996404648,2.08400011062622,0.886250019073486,"I",15
"243","EMMAOR_NFLAGC1-05A_2019","success","2019-06-17",2019,"EMMAOR","EMMAOR_FLAGC1",156,168,1,"N","U",3.4,0.987688340595138,150,"JUOC",16.6666666666667,10,0.125,414.7470093,35.1188011,33,0.205339,0,27.5510005950928,20.7910000727727,8.88000011444092,1.35292308147137,"I",18
"244","EMMAOR_NPRONGC1-01A_2019","success","2019-06-17",2019,"EMMAOR","141",163,168,2,"N","B",1.7,0.224951054343865,140,"PIPO",16.6666666666667,12.5,1,165.4450073,45.5554008,23,0,95.5087967,28.076000213623,25.4173332850138,3.63599991798401,0.605999986330668,"N",28
"245","EMPAID_N1WS07A_2014","success","2014-06-17",2014,"EMPAID","EMPAID_1WS",163,168,2,"N","U",3,-0.0348994967025008,145,"PSME",0,10,0.666666666666667,180.4609985,11.0317001,45,8.1255503,20.5876007,26.7329998016357,24.8059090701017,0.675999999046326,0.0614545453678478,"N",23
"246","EMPAID_NBR04A_2013","success","2013-06-17",2013,"EMPAID","EMPAID_BR",164,168,1,"I","U",1.2,-0.309016994374947,163,"PIPO",33.3333333333333,12.5,0.777777777777778,178.3480072,25.0660992,45,0,0,27.867000579834,21.5794002532959,1.12600004673004,0.44280002117157,"L",5
"247","EMPAID_NBWC01A_2013","failure","2013-06-17",2013,"EMPAID","219",165,168,7,"N","U",1.8,0.939692620785908,153,"PIPO",0,2.5,0.25,474.3469849,9.1122398,74,0.440012,0,26.8110008239746,20.6059999465942,2.1489999294281,0.537249982357025,"I",15
"248","EMPAID_NCU04A_2013","success","2013-06-17",2013,"EMPAID","EMPAID_CU",164,168,4,"I","U",3.2,-0.999390827019096,158,"PSME",16.6666666666667,17.5,0.9,473.6229858,12.5155001,34,0.352009,0,25.4169998168945,22.5427498817444,1.16600000858307,0.291500002145767,"I",10
"249","EMPAID_NCU07A_2013","success","2013-06-17",2013,"EMPAID","EMPAID_CU",164,168,6,"N","H",2.8,0.866025403784439,148,"PSME",8.33333333333333,30,0.692307692307692,410.1860046,10.8526001,56,18.7737999,0,25.4169998168945,22.5427498817444,1.16600000858307,0.291500002145767,"N",20
"250","EMPAID_NCU09A_2015","success","2015-06-17",2015,"EMPAID","EMPAID_CU",167,168,3,"N","U",2.2,-0.970295726275996,154,"PIPO",8.33333333333333,7.5,0.5,392.2120056,9.1995802,54,28.3367996,0,27.7919998168945,27.5799999237061,0,0,"I",14
"251","EMPAID_NCU10A_2013","success","2013-06-17",2013,"EMPAID","EMPAID_CU",164,168,6,"N","H",1.8,-0.5,142,"PIPO",16.6666666666667,27.5,0.846153846153846,367.321991,8.3812399,64,35.2303009,0,27.0030002593994,24.0327501296997,1.16799998283386,0.291999995708466,"N",26
"252","EMPAID_NDL03A_2013","success","2013-06-17",2013,"EMPAID","EMPAID_DL",165,168,5,"N","U",6.7,0.342020143325669,154,"PIPO",0,5,0.4,163.3730011,49.6929016,15,0,0,25.9729995727539,21.0514998435974,1.60399997234344,0.657749980688095,"I",14
"253","EMPAID_NSF09A_2014","failure","2014-06-17",2014,"EMPAID","EMPAID_SF",161,168,4,"N","U",0.7,-0.342020143325669,154,"PIPO",0,10,0.5,300.8259888,11.4209995,36,17.0431004,0,27.0890007019043,25.1883331934611,0,0,"I",14
"254","EMPAID_NSG10A_2013","failure","2013-06-17",2013,"EMPAID","308",164,168,2,"I","HB",2.2,0.809016994374947,160,"PIPO",0,0,0,83.7570038,67.5904007,23,36.1689987,55.9473991,27.3020000457764,21.0018005371094,1.12300002574921,0.412000000476837,"I",8
"255","EMPAID_NSG10A_2016","failure","2016-06-16",2016,"EMPAID","311",160,168,4,"N","HB",1.9,-0.17364817766693,142,"PIPO",25,10,0.714285714285714,272.9609985,29.1126003,34,40.2463989,79.3615036,31.4610004425049,30.7080001831055,0,0,"N",26
"256","EMFWOR_NCAMC2-10A_2018","success","2018-06-18",2018,"EMFWOR","EMFWOR_CAMC2",162,169,3,"N","U",3.9,0.139173100960065,143,"PIPO",91.6666666666667,7.5,0.733333333333333,447.7210083,14.8600998,60,0,0,23.7810001373291,17.522500038147,6.29500007629395,0.838500007987022,"N",26
"257","EMFWOR_NCAMC3-08A_2018","success","2018-06-18",2018,"EMFWOR","EMFWOR_CAMC3",162,169,4,"N","U",3.1,0.629320391049837,140,"POTR5",75,0,0,269.1860046,33.5130997,8,0,0,24.6270008087158,18.3391251564026,5.71099996566772,0.777499996125698,"N",29
"258","EMFWOR_NCAMC5-01A_2018","success","2018-06-18",2018,"EMFWOR","EMFWOR_CAMC5",162,169,6,"N","U",7.3,-0.453990499739547,140,"POTR5",25,2.5,0.2,266.1570129,28.5111008,13,0,0,21.2779998779297,16.1407999038696,5.89499998092651,1.54619998931885,"N",29
"259","EMFWOR_NMUDT1-05A_2015","success","2015-06-18",2015,"EMFWOR","EMFWOR_MUDT1",163,169,1,"N","U",7.5,-0.99026806874157,149,"POTR5",8.33333333333333,0,0,429.9630127,9.0864496,80,13.4350004,0,27.2900009155273,22.0966250896454,4.47300004959106,0.761625004684902,"I",20
"260","EMFWOR_NSWRC2-09A_2018","success","2018-06-18",2018,"EMFWOR","EMFWOR_SWRC2",164,169,1,"N","U",3.6,-0.20791169081776,139,"POTR5",16.6666666666667,5,0,433.8880005,10.6893997,42,2.3174,0,22.5060005187988,17.5511666933695,8.27999973297119,1.60499995450179,"N",30
"261","EMFWOR_NSWRC3-03A_2020","success","2020-06-17",2020,"EMFWOR","EMFWOR_SWRC3",162,169,2,"N","U",8.7,6.12323399573677e-17,150,"PIPO",66.6666666666667,20,0.25,314.0650024,16.2073994,49,5.8961601,5.8980799,16.6709995269775,13.1944999694824,1.32000005245209,0.660000026226044,"I",19
"262","EMFWOR_NSWRC3-04A_2018","success","2018-06-18",2018,"EMFWOR","63",162,169,3,"N","U",2.3,-0.99026806874157,142,"POTR5",150,25,0.321428571428571,373.0539856,14.29,30,0,0,23.5380001068115,17.416375041008,7.22900009155273,1.13125001266599,"N",27
"263","EMMAOR_NCUBT1-10A_2016","failure","2016-06-17",2016,"EMMAOR","EMMAOR_CUBT1",167,169,1,"N","B",1.5,-0.961261695938319,150,"PIPO",91.6666666666667,2.5,1,254.3359985,40.260601,36,18.6271992,100,19.8320007324219,15.9120001792908,0.194000005722046,0.097000002861023,"I",19
"264","EMMAOR_NCUBT2-02A_2021","failure","2021-06-18",2021,"EMMAOR","EMMAOR_CUBT2",161,169,2,"N","HB",0.95,0.970295726275996,NA,"PIPO",58.3333333333333,27.5,0.888888888888889,301.1149902,18.573,99,43.1212006,49.9029007,29.0585994720459,21.7242327796088,1.12559998035431,0.207866664768921,"N",NA
"265","EMMAOR_NCUBT2-10A_2021","failure","2021-06-18",2021,"EMMAOR","EMMAOR_CUBT2",161,169,3,"N","HB",2.55,-0.939692620785908,NA,"PIPO",16.6666666666667,7.5,1,269.1730042,24.0918007,47,38.3983994,62.2210999,31.9132995605469,22.4534662034776,1.32679998874664,0.301155553923713,"N",NA
"266","EMMAOR_NDUGC1-01A_2015","success","2015-06-18",2015,"EMMAOR","EMMAOR_DUGC1",159,169,1,"N","U",1.5,0.573576436351046,146,"JUOC",58.3333333333333,5,0,503.1539917,48.7545013,32,0,0.009549,27.9069995880127,22.0204002380371,1.10099995136261,0.418199992179871,"I",23
"267","EMMAOR_NPAWT1-03A_2021","failure","2021-06-18",2021,"EMMAOR","EMMAOR_PAWT1",159,169,3,"N","H",1.15,0.642787609686539,NA,"PIPO",108.333333333333,2.5,1,439.1589966,26.0562992,30,46.0251999,1.3750499,31.3744983673096,23.6705495119095,1.91649997234344,0.48531249165535,"I",NA
"268","EMMAOR_NWOLFC1-01A_2019","success","2019-06-18",2019,"EMMAOR","EMMAOR_WOLFC1",163,169,2,"N","U",3.2,-0.898794046299167,142,"PIPO",41.6666666666667,5,0.125,521.177002,10.6569996,66,0,0,28.32200050354,25.4644290379116,5.3270001411438,0.7610000201634,"N",27
"269","EMPAID_NB-T10A_2014","success","2014-06-18",2014,"EMPAID","EMPAID_B-T",167,169,4,"N","H",3,-0.374606593415912,152,"PIPO",66.6666666666667,2.5,1,139.8930054,6.7675099,61,9.1815796,4.78722,17.8360004425049,13.8966668446859,5.05900001525879,2.29699999094009,"I",17
"270","EMPAID_NB-T10A_2018","success","2018-06-18",2018,"EMPAID","EMPAID_B-T",165,169,7,"N","H",2.5,-0.559192903470747,149,"PIPO",83.3333333333333,10,1,135.9060059,5.73808,61,9.76826,32.6766014,26.5219993591309,24.1630001068115,0,0,"N",20
"271","EMPAID_NB-U01A_2016","failure","2016-06-17",2016,"EMPAID","EMPAID_B-U",160,169,3,"I","U",4.3,-0.981627183447664,156,"PIPO",100,10,1,211.9360046,14.4038,29,0,0,32.1319999694824,27.0288746356964,1.93099999427795,0.386875003576279,"I",13
"272","EMPAID_NB-U02A_2013","failure","2013-06-18",2013,"EMPAID","EMPAID_B-U",165,169,3,"I","U",16.9,0.642787609686539,147,"PIPO",33.3333333333333,12.5,0.9,340.5830078,18.2495995,30,0,0,26.9009990692139,22.0807499885559,1.64999997615814,0.665749996900558,"I",22
"273","EMPAID_NBWC01A_2013","failure","2013-06-18",2013,"EMPAID","219",168,169,8,"N","U",1.8,0.939692620785908,153,"PIPO",0,2.5,0.25,474.3469849,9.1122398,74,0.440012,0,26.8110008239746,26.5764999389648,0,0,"N",16
"274","EMPAID_NBWC01A_2014","success","2014-06-18",2014,"EMPAID","220",164,169,6,"N","U",2.3,-0.848048096156426,149,"PIPO",0,5,0.25,393.9559937,7.9387298,77,0,0,24.7600002288818,22.712909004905,0.769999980926514,0.13054545359178,"N",20
"275","EMPAID_NBWC01A_2015","failure","2015-06-18",2015,"EMPAID","221",165,169,5,"I","U",2.1,-0.913545457642601,150,"PIPO",41.6666666666667,2.5,0.857142857142857,485.4320068,8.3555098,72,0,0,26.2689990997314,24.4813999176025,0,0,"I",19
"276","EMPAID_NBWC01A_2016","success","2016-06-17",2016,"EMPAID","222",160,169,1,"N","U",1.7,-0.829037572555042,145,"PIPO",8.33333333333333,30,1,527.4840088,8.0085697,65,0,0,28.9669990539551,18.3666000366211,13.4930000305176,3.39160000383854,"I",24
"277","EMPAID_NCC08A_2014","failure","2014-06-18",2014,"EMPAID","227",164,169,3,"N","B",1.7,0.898794046299167,155,"PIPO",66.6666666666667,10,1,319.2789917,7.3643098,66,0,61.8041,26.2320003509521,16.8981666564941,4.32999992370605,1.90066665410995,"I",14
"278","EMPAID_NCW-A01A_2013","success","2013-06-18",2013,"EMPAID","EMPAID_CW-A",165,169,3,"I","U",4.6,-0.17364817766693,156,"PIPO",16.6666666666667,2.5,0.6,253.2870026,19.1459999,45,0,0,30.326000213623,24.3669998168945,0.953000009059906,0.190600001811981,"I",13
"279","EMPAID_NCW-A01B_2013","success","2013-06-18",2013,"EMPAID","EMPAID_CW-A",165,169,3,"I","U",4.1,0.0523359562429439,154,"PIPO",8.33333333333333,45,0.894736842105263,211.9589996,18.6592007,14,8.8589001,0,29.07200050354,23.096199798584,0.725000023841858,0.145000004768372,"I",15
"280","EMPAID_NCW-D10A_2013","failure","2013-06-18",2013,"EMPAID","EMPAID_CW-D",165,169,6,"N","U",3.6,0.866025403784438,146,"PIPO",25,10,0.714285714285714,263.1740112,11.6911001,63,0,0,23.9580001831055,21.4879999160767,0.898999989032745,0.70550000667572,"N",23
"281","EMPAID_NLC04A_2013","success","2013-06-18",2013,"EMPAID","EMPAID_LC",165,169,3,"N","B",2.3,0.3583679495453,155,"PIPO",0,15,1,136.5529938,31.1275997,12,0,3.1066,28.2819995880127,23.1975997924805,1.64999997615814,0.329999995231628,"I",14
"282","EMPAID_NPM09A_2013","success","2013-06-18",2013,"EMPAID","291",165,169,2,"I","B",2.6,-0.587785252292473,159,"PIPO",8.33333333333333,5,0.333333333333333,191.4179993,19.1755009,47,8.80023,49.1040001,28.0160007476807,22.6362003326416,1.32099997997284,0.264199995994568,"I",10
"283","EMPAID_NWM03A_2013","success","2013-06-18",2013,"EMPAID","314",165,169,3,"N","H",3.4,-0.997564050259824,148,"PIPO",0,0,0,375.9819946,10.5274,48,39.4543991,0,28.0160007476807,22.6362003326416,1.32099997997284,0.264199995994568,"N",21
"284","EMPAID_NWM03A_2018","success","2018-06-18",2018,"EMPAID","319",164,169,1,"N","H",3.5,-0.453990499739547,146,"PIPO",0,0,0,278.2479858,23.2059994,22,38.9556999,0,21.3549995422363,18.0639996528625,0.331000000238419,0.20549999922514,"N",23
"285","EMFWOR_NCAMC3-08A_2020","success","2020-06-18",2020,"EMFWOR","EMFWOR_CAMC3",162,170,3,"N","U",4.8,-0.207911690817759,146,"POTR5",33.3333333333333,5,0.142857142857143,269.4970093,33.4715004,6,0,0,23.7819995880127,16.5760000016954,4.96500015258789,1.60422225793203,"I",24
"286","EMFWOR_NCAMC7-06A_2015","success","2015-06-19",2015,"EMFWOR","EMFWOR_CAMC7",167,170,1,"N","U",1.7,-0.981627183447664,152,"POTR5",91.6666666666667,5,0.307692307692308,341.3900146,19.566,42,0,0,29.5520000457764,22.8870525862041,4.64200019836426,0.52289475137858,"I",18
"287","EMFWOR_NLFTT2-01A_2018","success","2018-06-19",2018,"EMFWOR","38",166,170,2,"N","H",4.2,0.866025403784438,150,"PIPO",16.6666666666667,17.5,0.333333333333333,196.5820007,33.0191994,8,14.6377001,0,19.9050006866455,15.1622001647949,7.49300003051758,2.21579999923706,"I",20
"288","EMFWOR_NLFTT2-01B_2018","success","2018-06-19",2018,"EMFWOR","EMFWOR_LFTT2",166,170,1,"I","H",7.4,0.669130606358858,157,"POTR5",41.6666666666667,5,0.333333333333333,320.1499939,8.5949898,43,30.6247997,0,22.5370006561279,17.0433751344681,7.33199977874756,1.144749969244,"I",13
"289","EMFWOR_NLILT3-10A_2018","success","2018-06-19",2018,"EMFWOR","EMFWOR_LILT3",166,170,3,"N","H",1.5,-0.390731128489274,150,"PIPO",41.6666666666667,20,0.615384615384615,412.6940002,8.6038799,40,66.6471024,0,19.3980007171631,15.2882001876831,24.4200000762939,6.61620004177094,"I",20
"290","EMMAOR_NFLAGC1-07A_2014","failure","2014-06-19",2014,"EMMAOR","EMMAOR_FLAGC1",161,170,1,"N","U",2.1,-0.956304755963035,NA,"JUOC",25,5,0.2,461.2990112,21.2907009,25,0,0,23.673999786377,16.7852999687195,3.66000008583069,0.707200002670288,"I",NA
"291","EMPAID_N1WS09A_2018","success","2018-06-19",2018,"EMPAID","EMPAID_1WS",166,170,4,"N","HB",2.5,0.374606593415912,149,"PIPO",16.6666666666667,15,0.625,466.8859863,10.3269997,60,27.8087006,54.6741982,27.1350002288818,21.6711250543594,3.89000010490417,1.21000001579523,"N",21
"292","EMPAID_NB-T10A_2012","failure","2012-06-18",2012,"EMPAID","EMPAID_B-T",167,170,1,"N","U",2.6,0.422618261740699,149,"PIPO",25,15,0.9,102.6230011,23.6926003,55,12.9949999,4.78722,23.3719997406006,22.3129997253418,0,0,"N",21
"293","EMPAID_NB-U01A_2014","success","2014-06-19",2014,"EMPAID","EMPAID_B-U",164,170,4,"N","U",2,-0.819152044288992,150,"PIPO",100,17.5,0.947368421052632,188.4600067,14.5770998,40,0,0,26.238000869751,24.4444000244141,0.642000019550323,0.228799998760223,"I",20
"294","EMPAID_NBWC01A_2012","success","2012-06-18",2012,"EMPAID","218",167,170,1,"N","U",2.2,-0.615661475325658,147,"PIPO",0,2.5,0.25,474.3469849,9.1122398,74,0.440012,0,21.5300006866455,20.6160004933675,4.62900018692017,1.54300006230672,"N",23
"295","EMPAID_NCU10A_2012","success","2012-06-18",2012,"EMPAID","239",167,170,2,"N","H",2,0.587785252292473,144,"PIPO",25,20,0.818181818181818,356.3980103,8.2056103,64,35.347599,0,25.8579998016357,24.1387500762939,0,0,"N",26
"296","EMPAID_NCW-A01A_2018","failure","2018-06-19",2018,"EMPAID","EMPAID_CW-A",164,170,3,"N","H",1.8,-0.809016994374947,150,"PIPO",25,0,1,420.8420105,14.3107996,60,49.8092995,45.0965996,26.8959999084473,20.8598335584005,3.5090000629425,1.46416667072723,"I",20
"297","EMPAID_NCW-A05A_2017","success","2017-06-19",2017,"EMPAID","EMPAID_CW-A",167,170,2,"N","H",2.3,-0.788010753606722,156,"PIPO",8.33333333333333,12.5,0.833333333333333,490.9500122,12.5887003,56,62.7457008,6.3118701,19.8080005645752,17.120000521342,3.40799999237061,1.13599999745687,"I",14
"298","EMPAID_NCW-D04A_2017","success","2017-06-19",2017,"EMPAID","EMPAID_CW-D",167,170,4,"N","HB",2,-0.342020143325669,134,"PIPO",25,2.5,0.75,481.0350037,11.2765999,66,17.219101,20.1387997,24.1040000915527,20.5184998512268,3.37599992752075,1.50349998474121,"N",36
"299","EMPAID_NCW-D10A_2017","success","2017-06-19",2017,"EMPAID","EMPAID_CW-D",167,170,5,"N","HB",2.1,0.743144825477394,131,"PIPO",50,2.5,0.285714285714286,239.3390045,24.2194996,90,26.9286995,19.3017006,20.1180000305176,16.7257144110543,4.7480001449585,2.78714285578047,"N",39
"300","EMPAID_NEFW01A_2018","success","2018-06-19",2018,"EMPAID","284",164,170,5,"N","H",3.2,0.484809620246337,147,"PIPO",16.6666666666667,22.5,0.272727272727273,316.1650085,7.70858,55,7.9202099,0,27.5890007019043,21.2245716367449,2.26900005340576,0.623857157570975,"N",23
"301","EMPAID_NLC-R09A_2014","success","2014-06-19",2014,"EMPAID","EMPAID_LC-R",162,170,4,"I","B",1.1,0.629320391049838,157,"PIPO",83.3333333333333,7.5,0.928571428571429,132.6999969,31.5911999,12,0,3.1066,25.3500003814697,17.1768887837728,4.88600015640259,1.71655558215247,"I",13
"302","EMPAID_NLC-R10A_2012","success","2012-06-18",2012,"EMPAID","EMPAID_LC-R",167,170,6,"N","B",1.6,0.642787609686539,147,"PIPO",0,7.5,1,136.8910065,31.3173008,11,0,3.1066,22.8859996795654,22.1362500190735,4.38000011444092,1.09500002861023,"N",23
"303","EMPAID_NSG10A_2012","success","2012-06-18",2012,"EMPAID","307",167,170,1,"N","HB",5.4,-0.139173100960066,143,"PIPO",41.6666666666667,2.5,0.666666666666667,136.2339935,68.9445038,32,33.7635994,59.1240005,25.0979995727539,23.3909997940063,0,0,"N",27
"304","EMPAID_NWM03A_2017","success","2017-06-19",2017,"EMPAID","318",167,170,1,"N","H",10.5,0.309016994374947,154,"PIPO",50,12.5,0.818181818181818,234.4140015,27.8251991,25,39.7476997,0.0923067,17.6840000152588,16.7769999504089,4.22100019454956,2.11050009727478,"I",16
"305","EMFWOR_NCAMC1-02A_2019","failure","2019-06-20",2019,"EMFWOR","EMFWOR_CAMC1",168,171,2,"I","U",4.6,-0.788010753606722,163,"PIPO",191.666666666667,17.5,0.5,341.7489929,19.5303001,30,0,0,25.6110000610352,24.4327502250671,0,0,"L",8
"306","EMFWOR_NCAMC2-10A_2019","failure","2019-06-20",2019,"EMFWOR","EMFWOR_CAMC2",168,171,3,"N","U",3.9,0.139173100960065,154,"PIPO",91.6666666666667,7.5,0.733333333333333,447.7210083,14.8600998,60,0,0,24.7350006103516,23.5464997291565,0,0,"I",17
"307","EMFWOR_NCAMC4-07A_2019","success","2019-06-20",2019,"EMFWOR","EMFWOR_CAMC4",168,171,4,"N","U",3.9,-0.970295726275996,146,"POTR5",66.6666666666667,20,0.823529411764706,245.7920074,15.8908997,23,0,0,26.3759994506836,23.6992000579834,0,0,"N",25
"308","EMFWOR_NCAMC4-10B_2018","success","2018-06-20",2018,"EMFWOR","EMFWOR_CAMC4",162,171,6,"N","U",2.5,0.17364817766693,142,"POTR5",8.33333333333333,0,0,310.7160034,19.4978008,20,0,0,21.9360008239746,16.7026002883911,5.69999980926514,1.38139996528625,"N",29
"309","EMFWOR_NCAMC5-01A_2020","failure","2020-06-19",2020,"EMFWOR","EMFWOR_CAMC5",162,171,4,"I","U",1.5,-0.996194698091746,161,"POTR5",66.6666666666667,22.5,1,255.272995,30.7194004,14,0,0,22.007999420166,15.3359001636505,11.2089996337891,3.16049997806549,"L",10
"310","EMFWOR_NCAMC8-07A_2017","success","2017-06-20",2017,"EMFWOR","EMFWOR_CAMC8",164,171,5,"N","U",1.8,0.788010753606722,142,"POTR5",25,2.5,0.666666666666667,207.4019928,21.7194004,25,0,0,29.5179996490479,19.1681250929832,13.9060001373291,1.73825001716614,"N",29
"311","EMFWOR_NCAMC8-07A_2018","success","2018-06-20",2018,"EMFWOR","EMFWOR_CAMC8",162,171,5,"N","U",1.8,0.788010753606722,143,"POTR5",25,2.5,0.666666666666667,207.4019928,21.7194004,25,0,0,23.1679992675781,16.7074997901917,8.32600021362305,1.21070001013577,"N",28
"312","EMFWOR_NSWRC3-03A_2019","success","2019-06-20",2019,"EMFWOR","EMFWOR_SWRC3",168,171,1,"I","U",3.2,0.951056516295154,156,"PIPO",8.33333333333333,17.5,0.222222222222222,358.6419983,17.3425007,49,5.4268098,0,23.0499992370605,22.2732501029968,0,0,"I",15
"313","EMFWOR_NSWRC3-09A_2019","failure","2019-06-20",2019,"EMFWOR","EMFWOR_SWRC3",168,171,1,"N","U",2.9,0.913545457642601,144,"PIPO",33.3333333333333,35,0.888888888888889,297.1659851,13.4812002,32,0,0,26.5550003051758,25.3597502708435,0,0,"N",27
"314","EMMAOR_NDUGC1-06A_2017","failure","2017-06-20",2017,"EMMAOR","94",167,171,5,"N","U",2.75,0.309016994374947,139,"JUOC",83.3333333333333,30,0.826086956521739,313.9710083,16.4123001,76,7.9202099,9.0810699,18.1639995574951,15.5382497310638,3.44000005722046,1.28875002264977,"N",32
"315","EMMAOR_NDUGC1-06B_2017","success","2017-06-20",2017,"EMMAOR","95",167,171,1,"N","HB",2.5,0.529919264233205,139,"PIPO",0,7.5,1,467.4129944,19.9724007,49,51.7159996,51.5643997,30.9820003509521,22.1719997406006,2.98200011253357,0.939400029182434,"N",32
"316","EMMAOR_NELKT2-06A_2017","success","2017-06-20",2017,"EMMAOR","EMMAOR_ELKT2",164,171,2,"N","U",2,-0.848048096156426,137,"PIPO",83.3333333333333,0,1,187.576004,16.7395,13,0,0,26.4759998321533,16.7548750638962,4.04699993133545,1.86250001192093,"N",34
"317","EMMAOR_NFLAGC1-06A_2017","success","2017-06-20",2017,"EMMAOR","EMMAOR_FLAGC1",164,171,2,"N","U",4.2,0.939692620785908,145,"JUOC",58.3333333333333,20,0.4,374.7479858,43.5993004,30,0,0,26.7889995574951,16.7572500705719,4.40899991989136,2.28074991703033,"N",26
"318","EMMAOR_NRATT1-10A_2017","success","2017-06-20",2017,"EMMAOR","EMMAOR_RATT1",165,171,2,"N","U",2,-0.615661475325658,146,"JUOC",75,25,0.0526315789473684,495.1029968,13.9039001,45,0.146671,0,25.1770000457764,14.9329997471401,2.0550000667572,0.910285719803401,"N",25
"319","EMMAOR_NRATT2-10A_2019","failure","2019-06-20",2019,"EMMAOR","EMMAOR_RATT2",157,171,1,"N","U",1.9,-0.707106781186547,150,"PIPO",75,5,0.545454545454545,365.6199951,20.0345993,62,0,0,24.4500007629395,21.33571434021,3.81200003623962,0.544571433748518,"I",21
"320","EMPAID_N2WS05A_2017","failure","2017-06-20",2017,"EMPAID","EMPAID_2WS",166,171,4,"N","B",1.5,-0.731353701619171,132,"PIPO",33.3333333333333,15,1,268.2980042,6.69523,45,19.2432003,65.1016998,29.3519992828369,18.0258888668484,5.15500020980835,2.17333336340057,"N",39
"321","EMPAID_NCR01A_2012","failure","2012-06-19",2012,"EMPAID","230",167,171,1,"I","U",1.1,-1.83697019872103e-16,166,"PIPO",33.3333333333333,10,0.8,126.5230026,40.4294014,31,25.3446999,0,22.9190006256104,21.7040004730225,0,0,"L",5
"322","EMPAID_NCR07A_2012","success","2012-06-19",2012,"EMPAID","231",167,171,1,"N","H",1.1,NA,144,"PIPO",8.33333333333333,27.5,0.857142857142857,214.6499939,21.3633003,43,38.2224007,0,22.9190006256104,21.7040004730225,0,0,"N",27
"323","EMPAID_NCW-A01A_2013","success","2013-06-20",2013,"EMPAID","EMPAID_CW-A",169,171,4,"N","U",4.6,-0.17364817766693,156,"PIPO",16.6666666666667,2.5,0.6,253.2870026,19.1459999,45,0,0,29.306999206543,23.009999593099,10.7180004119873,4.3906668027242,"I",15
"324","EMPAID_NCW-A01A_2014","failure","2014-06-20",2014,"EMPAID","EMPAID_CW-A",167,171,4,"N","U",1.1,-0.64278760968654,153,"PIPO",16.6666666666667,22.5,1,200.1679993,18.3372002,12,12.8776999,0,25.6940002441406,20.4594286509923,2.31800007820129,0.485000014305115,"N",18
"325","EMPAID_NCW-A01B_2013","success","2013-06-20",2013,"EMPAID","EMPAID_CW-A",169,171,4,"N","U",4.1,0.0523359562429439,154,"PIPO",8.33333333333333,45,0.894736842105263,211.9589996,18.6592007,14,8.8589001,0,27.9139995574951,21.5226666132609,8.52799987792969,3.41399995485942,"I",17
"326","EMPAID_NCW-A03A_2012","success","2012-06-19",2012,"EMPAID","EMPAID_CW-A",166,171,4,"N","U",3,-0.484809620246337,148,"PIPO",16.6666666666667,10,0.857142857142857,300.3580017,12.9594002,40,0.99736,0,24.0149993896484,21.0847501754761,3.1470000743866,0.906500019133091,"N",23
"327","EMPAID_NDL10A_2018","failure","2018-06-20",2018,"EMPAID","EMPAID_DL",163,171,5,"N","U",2.5,-0.965925826289068,155,"PIPO",183.333333333333,12.5,1,341.8380127,14.2024002,36,0,0,15.2679996490479,13.3255000114441,3.80200004577637,1.98950002342463,"I",16
"328","EMPAID_NLC03A_2017","failure","2017-06-20",2017,"EMPAID","EMPAID_LC",167,171,3,"I","H",2.3,-0.20791169081776,153,"PIPO",116.666666666667,10,0.9,133.677002,35.6916008,16,0.205339,3.1066,29.0849990844727,18.313363422047,8.12800025939941,2.38309093429284,"I",18
"329","EMPAID_NSF08A_2013","success","2013-06-20",2013,"EMPAID","EMPAID_SF",164,171,2,"I","U",1.8,-0.156434465040231,163,"PIPO",8.33333333333333,12.5,0.857142857142857,307.8590088,7.9717202,28,23.3792992,0,29.3640003204346,26.7674999237061,0.584999978542328,0.146249994635582,"L",8
"330","EMPAID_NSG08A_2014","failure","2014-06-20",2014,"EMPAID","305",162,171,1,"N","B",16,0.0174524064372836,145,"PIPO",83.3333333333333,2.5,0.636363636363636,329.019989,12.3838997,59,29.9794998,36.9735985,24.4309997558594,16.9997000694275,6.03499984741211,1.70719994902611,"N",26
"331","EMPAID_NSG10A_2014","success","2014-06-20",2014,"EMPAID","309",162,171,1,"N","HB",1.7,0.956304755963035,152,"PIPO",0,0,0,174.7400055,39.235199,46,33.1475983,61.0751991,24.4309997558594,16.9997000694275,6.03499984741211,1.70719994902611,"I",19
"332","EMPAID_NWRF-M09A_2018","success","2018-06-20",2018,"EMPAID","EMPAID_WRF-M",164,171,1,"I","HB",4.3,0.642787609686539,161,"PIPO",16.6666666666667,17.5,0.333333333333333,434.8819885,14.8796997,69,25.3446999,21.4374008,26.3290004730225,20.7763334910075,3.6710000038147,1.51800001164277,"L",10
"333","EMFWOR_NCAMC5-01A_2017","failure","2017-06-21",2017,"EMFWOR","EMFWOR_CAMC5",164,172,4,"N","U",2.4,-0.951056516295154,132,"POTR5",33.3333333333333,12.5,0.4,266.1570129,28.5111008,13,0,0,21.5620002746582,11.245666662852,13.9060001373291,4.46966669956843,"N",40
"334","EMMAOR_NCLIFFC1-08A_2017","success","2017-06-21",2017,"EMMAOR","EMMAOR_CLIFFC1",166,172,1,"N","U",3.6,-0.939692620785908,149,"JUOC",0,7.5,0,261.1099854,10.5565004,41,0,0,31.4340000152588,22.8945717130389,3.53500008583069,0.64300000667572,"N",23
"335","EMMAOR_NCLIFFC1-08B_2017","success","2017-06-21",2017,"EMMAOR","EMMAOR_CLIFFC1",166,172,1,"N","U",1.25,0.898794046299167,145,"JUOC",41.6666666666667,15,0.166666666666667,256.70401,10.8544998,37,0,0,31.4340000152588,22.8945717130389,3.53500008583069,0.64300000667572,"N",27
"336","EMMAOR_NCUBT1-10A_2016","failure","2016-06-20",2016,"EMMAOR","EMMAOR_CUBT1",169,172,2,"N","B",1.5,-0.961261695938319,150,"PIPO",91.6666666666667,2.5,1,254.3359985,40.260601,36,18.6271992,100,12.2309999465942,11.7573331197103,7.91099977493286,3.31766661008199,"N",22
"337","EMMAOR_NCUBT2-10A_2017","success","2017-06-21",2017,"EMMAOR","EMMAOR_CUBT2",163,172,1,"N","HB",1.7,-0.819152044288992,147,"PIPO",91.6666666666667,7.5,1,272.0169983,25.0401993,47,37.5182991,66.0279007,32.3860015869141,19.9839000701904,2.37400007247925,0.409500005841255,"N",25
"338","EMMAOR_NDUGC1-01A_2016","success","2016-06-20",2016,"EMMAOR","EMMAOR_DUGC1",158,172,2,"N","U",2.7,-0.20791169081776,143,"JUOC",41.6666666666667,10,0.1,503.1539917,48.7545013,32,0,0.009549,30.4810009002686,20.1179335276286,3.96499991416931,1.2109999815623,"I",29
"339","EMMAOR_NELKT2-02A_2021","failure","2021-06-21",2021,"EMMAOR","EMMAOR_ELKT2",168,172,1,"N","H",1.6,-0.719339800338651,NA,"PIPO",33.3333333333333,2.5,1,565.0209961,11.5177002,45,49.4572983,0.623866,30.3480987548828,27.3897190093994,0,0,"N",NA
"340","EMMAOR_NELKT2-04A_2017","success","2017-06-21",2017,"EMMAOR","104",164,172,2,"N","HB",0.7,-0.891006524188368,141,"PIPO",25,27.5,1,252.4019928,35.2736015,22,72.2499008,84.848999,29.4549999237061,19.587222205268,5.33400011062622,1.07822223504384,"N",31
"341","EMMAOR_NELKT3-01A_2017","success","2017-06-21",2017,"EMMAOR","EMMAOR_ELKT3",166,172,1,"N","HB",7.7,-0.64278760968654,146,"PIPO",58.3333333333333,35,0.714285714285714,412.3649902,11.6908998,49,22.1473007,20.0559998,17.07200050354,13.9383335113525,3.55200004577637,1.18400001525879,"N",26
"342","EMMAOR_NFLAGC1-05A_2019","success","2019-06-21",2019,"EMMAOR","EMMAOR_FLAGC1",168,172,2,"N","U",3.4,0.987688340595138,150,"JUOC",16.6666666666667,10,0.125,414.7470093,35.1188011,33,0.205339,0,25.3400001525879,20.2381999969482,0,0,"N",22
"343","EMMAOR_NWOLFTB1-06A_2016","failure","2016-06-20",2016,"EMMAOR","EMMAOR_WOLFTB1",167,172,2,"N","H",1.3,0.939692620785908,147,"Abies",25,5,0.4,314.3540039,31.7625008,34,8.7415705,0,19.0030002593994,12.8483333587646,5.40199995040894,2.77949994802475,"N",25
"344","EMPAID_N1WS06A_2019","success","2019-06-21",2019,"EMPAID","EMPAID_1WS",171,172,1,"N","HB",1.75,-0.848048096156426,151,"PIPO",8.33333333333333,40,0.647058823529412,518.9349976,11.4338999,83,30.2434998,89.1809998,26.5939998626709,24.1389999389648,0,0,"N",21
"345","EMPAID_N1WS07A_2019","success","2019-06-21",2019,"EMPAID","EMPAID_1WS",171,172,1,"N","HB",2.2,-0.984807753012208,147,"PIPO",33.3333333333333,30,0.875,419.0469971,7.3331299,66,23.5259991,74.660202,26.5939998626709,24.1389999389648,0,0,"N",25
"346","EMPAID_NB-U01A_2013","success","2013-06-21",2013,"EMPAID","EMPAID_B-U",168,172,1,"N","U",1.8,-0.754709580222772,156,"PIPO",41.6666666666667,12.5,0.727272727272727,236.1499939,14.8092003,28,0,0,28.2819995880127,21.0805997848511,15.66100025177,4.58100004196167,"I",16
"347","EMPAID_NBWC01A_2012","success","2012-06-20",2012,"EMPAID","218",170,172,2,"N","U",2.2,-0.615661475325658,147,"PIPO",0,2.5,0.25,474.3469849,9.1122398,74,0.440012,0,24.4839992523193,22.7564997673035,0,0,"N",25
"348","EMPAID_NCC10A_2019","failure","2019-06-21",2019,"EMPAID","228",170,172,1,"N","B",1.4,-0.121869343405147,147,"PIPO",50,2.5,1,231.0059967,12.1143999,48,0,82.1371002,25.4720001220703,19.2446667353312,0.446999996900558,0.148999998966853,"N",25
"349","EMPAID_NCU04A_2013","success","2013-06-21",2013,"EMPAID","EMPAID_CU",168,172,5,"N","U",3.2,-0.999390827019096,158,"PSME",16.6666666666667,17.5,0.9,473.6229858,12.5155001,34,0.352009,0,26.451000213623,20.082799911499,1.37699997425079,0.508599996566772,"I",14
"350","EMPAID_NCU07A_2013","success","2013-06-21",2013,"EMPAID","EMPAID_CU",168,172,7,"N","H",2.8,0.866025403784439,148,"PSME",8.33333333333333,30,0.692307692307692,410.1860046,10.8526001,56,18.7737999,0,26.451000213623,20.082799911499,1.37699997425079,0.508599996566772,"N",24
"351","EMPAID_NCU10A_2013","success","2013-06-21",2013,"EMPAID","EMPAID_CU",168,172,7,"N","H",1.8,-0.5,142,"PIPO",16.6666666666667,27.5,0.846153846153846,367.321991,8.3812399,64,35.2303009,0,27.8129997253418,21.7206001281738,1.16799998283386,0.401800000667572,"N",30
"352","EMPAID_NCW-A01A_2018","failure","2018-06-21",2018,"EMPAID","EMPAID_CW-A",170,172,4,"N","H",1.8,-0.809016994374947,150,"PIPO",25,0,1,420.8420105,14.3107996,60,49.8092995,45.0965996,27.4370002746582,20.7268571853638,2.26500010490417,0.614571447617241,"N",22
"353","EMPAID_NCW-A02A_2019","success","2019-06-21",2019,"EMPAID","EMPAID_CW-A",164,172,1,"N","HB",2.2,0.390731128489273,145,"PSME",50,22.5,0.8,313.8340149,15.8607998,48,52.6841011,51.8223,28.4309997558594,25.0516667895847,1.23500001430511,0.182666669289271,"N",27
"354","EMPAID_NCW-A04A_2019","success","2019-06-21",2019,"EMPAID","EMPAID_CW-A",164,172,3,"N","HB",2.5,-0.20791169081776,156,"PIPO",50,5,0.875,448.9710083,9.8943596,53,64.0950012,49.5942001,28.4309997558594,21.0862501859665,11.0229997634888,1.72574996575713,"I",16
"355","EMPAID_NCW-A07A_2019","success","2019-06-21",2019,"EMPAID","EMPAID_CW-A",164,172,1,"N","H",1.7,-0.694658370458997,154,"PSME",16.6666666666667,12.5,0.375,387.9070129,16.1259995,17,73.892601,45.1442986,27.1410007476807,18.9062856946673,12.3640003204346,2.31500005722046,"I",18
"356","EMPAID_NCW-D04A_2017","success","2017-06-21",2017,"EMPAID","EMPAID_CW-D",170,172,5,"N","HB",2,-0.342020143325669,134,"PIPO",25,2.5,0.75,481.0350037,11.2765999,66,17.219101,20.1387997,31.6620006561279,28.7956670125326,0.570999979972839,0.190333326657613,"N",38
"357","EMPAID_NCW-E03A_2017","success","2017-06-21",2017,"EMPAID","EMPAID_CW-E",167,172,2,"N","H",2.5,-0.642787609686539,154,"PIPO",33.3333333333333,12.5,0.666666666666667,199.4450073,38.3394012,75,24.5527,0,29.5170001983643,21.5998331705729,5.71199989318848,2.20499996344248,"I",18
"358","EMPAID_NDL03A_2013","success","2013-06-21",2013,"EMPAID","EMPAID_DL",168,172,6,"N","U",6.7,0.342020143325669,154,"PIPO",0,5,0.4,163.3730011,49.6929016,15,0,0,27.3689994812012,20.9590001106262,1.60399997234344,0.400999993085861,"N",18
"359","EMPAID_NLC04A_2013","success","2013-06-21",2013,"EMPAID","EMPAID_LC",169,172,4,"N","B",2.3,0.3583679495453,155,"PIPO",0,15,1,136.5529938,31.1275997,12,0,3.1066,27.8369998931885,19.2802498340607,15.66100025177,5.72625005245209,"N",17
"360","EMPAID_NSF09A_2017","success","2017-06-21",2017,"EMPAID","EMPAID_SF",167,172,5,"N","H",2.2,-0.629320391049837,144,"PIPO",41.6666666666667,10,0.666666666666667,309.4450073,10.9294004,45,59.4309006,5.8439698,19.8080005645752,16.4058570861816,4.6729998588562,2.75700003760202,"N",28
"361","EMPAID_NSG10A_2013","failure","2013-06-21",2013,"EMPAID","308",168,172,3,"I","HB",2.2,0.809016994374947,160,"PIPO",0,0,0,83.7570038,67.5904007,23,36.1689987,55.9473991,27.3020000457764,20.28600025177,16.7390003204346,4.91940007209778,"I",12
"362","EMPAID_NWM03A_2013","success","2013-06-21",2013,"EMPAID","314",169,172,4,"N","H",3.4,-0.997564050259824,148,"PIPO",0,0,0,375.9819946,10.5274,48,39.4543991,0,27.3689994812012,18.7185001373291,17.3519992828369,5.89599978923798,"N",24
"363","EMPAID_NWRF-M06A_2016","success","2016-06-20",2016,"EMPAID","EMPAID_WRF-M",165,172,3,"N","H",2.1,-1.83697019872103e-16,149,"PSME",16.6666666666667,20,0.6,414.0329895,11.4113998,53,21.7658997,7.3590698,24.2880001068115,18.6689997911453,8,2.69474997650832,"N",23
"364","EMFWOR_NCAMC1-01A_2015","success","2015-06-22",2015,"EMFWOR","EMFWOR_CAMC1",169,173,1,"I","U",2.3,0.939692620785908,157,"PIPO",33.3333333333333,17.5,0.272727272727273,356.1910095,22.1828995,31,0,0,29.1650009155273,23.1047058105469,3.83400011062622,0.58394117565716,"I",16
"365","EMMAOR_NRATT1-10A_2017","success","2017-06-22",2017,"EMMAOR","EMMAOR_RATT1",171,173,3,"N","U",2,-0.615661475325658,146,"JUOC",75,25,0.0526315789473684,495.1029968,13.9039001,45,0.146671,0,32.2050018310547,21.48128591265,1.48699998855591,0.212428569793701,"N",27
"366","EMMAOR_NSAGEC1-09A_2015","failure","2015-06-22",2015,"EMMAOR","EMMAOR_SAGEC1",162,173,1,"N","U",1.1,0.951056516295154,149,"JUOC",50,17.5,0.769230769230769,537.5889893,15.4568996,45,21.7071991,0,27.6490001678467,25.5164999961853,0.430999994277954,0.0359166661898295,"I",24
"367","EMMAOR_NSAGEC1-10A_2015","failure","2015-06-22",2015,"EMMAOR","EMMAOR_SAGEC1",160,173,2,"N","H",0.8,-0.190808995376545,148,"PIPO",0,35,1,429.2900085,31.4356995,33,37.0489998,0,31.9179992675781,22.4305714198521,3.05999994277954,0.512428564684732,"I",25
"368","EMMAOR_NWOLFC1-03A_2015","success","2015-06-22",2015,"EMMAOR","EMMAOR_WOLFC1",167,173,1,"N","U",5.1,-0.0697564737441256,148,"JUOC",33.3333333333333,17.5,0.181818181818182,414.3789978,11.2033997,54,0,0,26.9669990539551,25.4028568267822,0.559000015258789,0.0798571450369699,"N",25
"369","EMMAOR_NWOLFC1-07A_2015","success","2015-06-22",2015,"EMMAOR","EMMAOR_WOLFC1",155,173,1,"N","U",3.1,0.4226182617407,145,"JUOC",0,5,0,377.0339966,16.7716999,61,0,0,15.0419998168945,14.8315000534058,2.96000003814697,1.74400001764297,"I",28
"370","EMMAOR_NWOLFTB1-06A_2015","failure","2015-06-22",2015,"EMMAOR","EMMAOR_WOLFTB1",155,173,2,"N","H",1.75,-0.933580426497202,152,"PSME",16.6666666666667,12.5,0.571428571428571,376.9769897,30.9796009,32,8.7415705,0,22.5839996337891,18.2374999523163,2.90700006484985,1.20050001144409,"L",21
"371","EMPAID_NB-T10A_2012","failure","2012-06-21",2012,"EMPAID","EMPAID_B-T",170,173,2,"N","U",2.6,0.422618261740699,149,"PIPO",25,15,0.9,102.6230011,23.6926003,55,12.9949999,4.78722,26.0869998931885,24.5599999427795,0,0,"N",24
"372","EMPAID_NBWC01A_2016","success","2016-06-21",2016,"EMPAID","222",169,173,2,"N","U",1.7,-0.829037572555042,145,"PIPO",8.33333333333333,30,1,527.4840088,8.0085697,65,0,0,26.5259990692139,18.4161996841431,7.21199989318848,1.82439997196198,"N",28
"373","EMPAID_NCU10A_2012","success","2012-06-21",2012,"EMPAID","239",170,173,3,"N","H",2,0.587785252292473,144,"PIPO",25,20,0.818181818181818,356.3980103,8.2056103,64,35.347599,0,24.8460006713867,19.53125,5.73000001907349,1.43250000476837,"N",29
"374","EMPAID_NCW-A03A_2016","success","2016-06-21",2016,"EMPAID","EMPAID_CW-A",167,173,6,"N","H",1.2,0.927183854566787,144,"PIPO",16.6666666666667,10,0.857142857142857,300.3580017,12.9594002,40,43.6492004,4.2397399,29.5349998474121,18.9521429879325,7.30000019073486,2.70771430219923,"N",29
"375","EMPAID_NCW-D10A_2017","success","2017-06-22",2017,"EMPAID","EMPAID_CW-D",170,173,6,"F","HB",2.1,0.743144825477394,131,"PIPO",50,2.5,0.285714285714286,239.3390045,24.2194996,90,26.9286995,19.3017006,24.1040000915527,20.5184998512268,3.37599992752075,1.50349998474121,"N",42
"376","EMPAID_NLC-R10A_2012","success","2012-06-21",2012,"EMPAID","EMPAID_LC-R",170,173,7,"N","B",1.6,0.642787609686539,147,"PIPO",0,7.5,1,136.8910065,31.3173008,11,0,3.1066,25.6049995422363,24.0959997177124,0,0,"N",26
"377","EMPAID_NLC05A_2016","failure","2016-06-21",2016,"EMPAID","EMPAID_LC",169,173,6,"I","B",1.6,-0.64278760968654,165,"PIPO",25,2.5,1,218.8240051,11.1899996,71,0,3.1066,30.3549995422363,19.7281998634338,12.0100002288818,2.89430004358292,"I",8
"378","EMPAID_NSF02A_2016","success","2016-06-21",2016,"EMPAID","EMPAID_SF",167,173,5,"N","H",2.2,-0.777145961456971,139,"PIPO",8.33333333333333,52.5,0.909090909090909,141.1750031,32.2280006,100,30.6541996,4.4561901,29.9300003051758,19.3712859834943,7.09299993515015,2.58799997397832,"N",34
"379","EMPAID_NSF05A_2016","success","2016-06-21",2016,"EMPAID","EMPAID_SF",162,173,4,"I","H",1.4,0.866025403784438,158,"PIPO",25,25,0.923076923076923,487.2810059,9.1460505,46,48.9292984,6.3118701,NA,NA,NA,NA,"I",15
"380","EMPAID_NSF07A_2016","success","2016-06-21",2016,"EMPAID","EMPAID_SF",167,173,5,"N","H",5.5,-0.997564050259824,142,"PIPO",16.6666666666667,20,0.8,455.9129944,16.0212994,65,59.4309006,6.3118701,30.4459991455078,22.7057139532907,3.22199988365173,0.600714266300201,"N",31
"381","EMPAID_NSG10A_2012","success","2012-06-21",2012,"EMPAID","307",170,173,2,"N","HB",5.4,-0.139173100960066,143,"PIPO",41.6666666666667,2.5,0.666666666666667,136.2339935,68.9445038,32,33.7635994,59.1240005,24.2040004730225,18.7725002765656,5.30000019073486,1.32500004768372,"N",30
"382","EMPAID_NSG10A_2016","failure","2016-06-21",2016,"EMPAID","311",168,173,5,"N","HB",1.9,-0.17364817766693,142,"PIPO",25,10,0.714285714285714,272.9609985,29.1126003,34,40.2463989,79.3615036,29.7290000915527,19.9785553614299,13.414999961853,2.53933331701491,"N",31
"383","EMPAID_NWM03A_2014","success","2014-06-22",2014,"EMPAID","315",164,173,1,"N","H",2.9,-0.694658370458997,148,"PIPO",16.6666666666667,5,0.5,252.5079956,27.0023003,28,40.1876984,0.165515,25.0499992370605,17.4430997848511,4.53599977493286,1.39279996752739,"N",25
"384","EMPAID_NWM03A_2015","success","2015-06-22",2015,"EMPAID","316",162,173,1,"N","H",2.3,0.898794046299167,146,"PIPO",0,0,0,262.0979919,23.2483006,27,38.1049995,0,28.011999130249,25.7415835062663,0.649999976158142,0.0541666646798452,"N",27
"385","EMPAID_NWM03A_2016","failure","2016-06-21",2016,"EMPAID","317",169,173,5,"I","H",2.4,0.469471562785891,163,"PIPO",41.6666666666667,7.5,0.875,291.2850037,23.3983002,19,39.5130997,0,23.0960006713867,16.9427500963211,7.90000009536743,2.42899998277426,"I",10
"386","EMPAID_NWRF-M09A_2018","success","2018-06-22",2018,"EMPAID","EMPAID_WRF-M",171,173,2,"I","HB",4.3,0.642787609686539,161,"PIPO",16.6666666666667,17.5,0.333333333333333,434.8819885,14.8796997,69,25.3446999,21.4374008,26.8649997711182,20.6371251344681,2.54099988937378,0.682124990969896,"I",12
"387","EMFWOR_NCAMC1-01A_2015","success","2015-06-23",2015,"EMFWOR","EMFWOR_CAMC1",173,174,2,"N","U",2.3,0.939692620785908,157,"PIPO",33.3333333333333,17.5,0.272727272727273,356.1910095,22.1828995,31,0,0,26.4710006713867,24.7076000213623,0,0,"I",17
"388","EMFWOR_NCAMC4-01A_2020","failure","2020-06-22",2020,"EMFWOR","EMFWOR_CAMC4",168,174,2,"I","B",1.7,6.12323399573677e-17,NA,"POTR5",50,15,0.166666666666667,281.3120117,26.6476002,18,5.8961601,61.9155006,23.6709995269775,17.4050002779279,6.92199993133545,1.37257143429347,"I",NA
"389","EMFWOR_NCAMC5-01A_2015","success","2015-06-23",2015,"EMFWOR","EMFWOR_CAMC5",169,174,1,"N","U",2.4,-0.719339800338651,150,"POTR5",16.6666666666667,2.5,0.4,266.1570129,28.5111008,13,0,0,27.4249992370605,22.5195332845052,4.98999977111816,0.455333319803079,"N",24
"390","EMFWOR_NCAMC7-06A_2015","success","2015-06-23",2015,"EMFWOR","EMFWOR_CAMC7",170,174,2,"N","U",1.7,-0.981627183447664,152,"POTR5",91.6666666666667,5,0.307692307692308,341.3900146,19.566,42,0,0,26.5510005950928,26.0332503318787,0,0,"N",22
"391","EMFWOR_NMUDT1-05A_2015","success","2015-06-23",2015,"EMFWOR","EMFWOR_MUDT1",169,174,2,"N","U",7.5,-0.99026806874157,149,"POTR5",8.33333333333333,0,0,429.9630127,9.0864496,80,13.4350004,0,24.556999206543,23.9079998561314,0,0,"N",25
"392","EMFWOR_NMUDT1-05A_2020","success","2020-06-22",2020,"EMFWOR","EMFWOR_MUDT1",170,174,1,"I","H",3.2,0.809016994374947,165,"POTR5",0,0,0,422.5669861,8.8189402,80,56.9375,0,26.8290004730225,16.2961334149043,8.35499954223633,1.12096664905548,"I",9
"393","EMFWOR_NRIMT1-01A_2015","failure","2015-06-23",2015,"EMFWOR","EMFWOR_RIMT1",166,174,2,"N","U",1.9,-0.996194698091746,156,"POTR5",16.6666666666667,10,0.714285714285714,388.3380127,16.1548004,54,7.3922,0,27.7999992370605,23.3886363289573,5.78900003433228,0.862090900540352,"I",18
"394","EMFWOR_NSWRC2-10A_2015","failure","2015-06-23",2015,"EMFWOR","58",167,174,1,"N","U",2.3,-0.927183854566787,156,"PIPO",58.3333333333333,22.5,0.764705882352941,417.4460144,8.9965496,49,22.7339001,0,28.9309997558594,22.4440500259399,3.63100004196167,0.514450004696846,"I",18
"395","EMMAOR_NELKT1-05A_2015","success","2015-06-23",2015,"EMMAOR","EMMAOR_ELKT1",169,174,1,"N","U",1.4,-0.882947592858927,148,"PIPO",100,12.5,0.5,445.7489929,28.7222004,49,0,0,25.7469997406006,25.1247501373291,0,0,"N",26
"396","EMMAOR_NRATT1-10A_2016","success","2016-06-22",2016,"EMMAOR","EMMAOR_RATT1",172,174,1,"N","U",1.5,-0.325568154457157,148,"JUOC",108.333333333333,27.5,0.0416666666666667,497.2980042,14.4579,47,0.616016,0,25.9829998016357,16.8480835755666,5.85200023651123,1.15650002161662,"N",26
"397","EMMAOR_NSAGEC1-09A_2015","failure","2015-06-23",2015,"EMMAOR","EMMAOR_SAGEC1",173,174,2,"N","U",1.1,0.951056516295154,149,"JUOC",50,17.5,0.769230769230769,537.5889893,15.4568996,45,21.7071991,0,26.0879993438721,25.5719995498657,0.430999994277954,0.215499997138977,"N",25
"398","EMMAOR_NSAGEC1-10A_2015","failure","2015-06-23",2015,"EMMAOR","EMMAOR_SAGEC1",173,174,3,"N","H",0.8,-0.190808995376545,148,"PIPO",0,35,1,429.2900085,31.4356995,33,37.0489998,0,31.9179992675781,26.286285672869,0.430999994277954,0.0307857138769967,"N",26
"399","EMPAID_NB-U01A_2014","success","2014-06-23",2014,"EMPAID","EMPAID_B-U",170,174,5,"N","U",2,-0.819152044288992,150,"PIPO",100,17.5,0.947368421052632,188.4600067,14.5770998,40,0,0,25.3500003814697,15.5199999128069,4.88600015640259,2.13528575216021,"N",24
"400","EMPAID_NB-U01A_2015","success","2015-06-23",2015,"EMPAID","EMPAID_B-U",167,174,6,"N","U",1.4,0.961261695938319,139,"PIPO",83.3333333333333,12.5,0.8,234.7059937,14.5546999,27,0,0,28.0289993286133,25.9248332977295,0,0,"N",35
"401","EMPAID_NBWC01A_2012","success","2012-06-22",2012,"EMPAID","218",172,174,3,"N","U",2.2,-0.615661475325658,147,"PIPO",0,2.5,0.25,474.3469849,9.1122398,74,0.440012,0,23.5809993743896,17.1299997965495,4.20499992370605,1.40166664123535,"N",27
"402","EMPAID_NBWC01A_2013","failure","2013-06-23",2013,"EMPAID","219",169,174,9,"N","U",1.8,0.939692620785908,153,"PIPO",0,2.5,0.25,474.3469849,9.1122398,74,0.440012,0,26.3419990539551,17.2346666653951,16.136999130249,4.18249984582265,"N",21
"403","EMPAID_NCR01A_2012","failure","2012-06-22",2012,"EMPAID","230",171,174,2,"I","U",1.1,-1.83697019872103e-16,166,"PIPO",33.3333333333333,10,0.8,126.5230026,40.4294014,31,25.3446999,0,25.4230003356934,22.3028003692627,1.89999997615814,0.379999995231628,"I",8
"404","EMPAID_NCR07A_2012","success","2012-06-22",2012,"EMPAID","231",171,174,2,"N","H",1.1,NA,144,"PIPO",8.33333333333333,27.5,0.857142857142857,214.6499939,21.3633003,43,38.2224007,0,25.4230003356934,22.3028003692627,1.89999997615814,0.379999995231628,"N",30
"405","EMPAID_NCU10A_2015","success","2015-06-23",2015,"EMPAID","EMPAID_CU",167,174,6,"N","H",4.5,-0.882947592858927,136,"PIPO",25,15,0.444444444444444,279.9419861,11.2514,44,40.7743988,0.194162,28.5599994659424,26.8423750400543,2.52800011634827,0.316000014543533,"N",38
"406","EMPAID_NCW-A01A_2013","success","2013-06-23",2013,"EMPAID","EMPAID_CW-A",171,174,5,"N","U",4.6,-0.17364817766693,156,"PIPO",16.6666666666667,2.5,0.6,253.2870026,19.1459999,45,0,0,20.1380004882812,15.8902502059937,10.7180004119873,3.47200009226799,"N",18
"407","EMPAID_NCW-A01B_2013","success","2013-06-23",2013,"EMPAID","EMPAID_CW-A",171,174,5,"N","U",4.1,0.0523359562429439,154,"PIPO",8.33333333333333,45,0.894736842105263,211.9589996,18.6592007,14,8.8589001,0,18.548999786377,14.2037498950958,8.52799987792969,3.26549994945526,"N",20
"408","EMPAID_NCW-A03A_2012","success","2012-06-22",2012,"EMPAID","EMPAID_CW-A",171,174,5,"N","U",3,-0.484809620246337,148,"PIPO",16.6666666666667,10,0.857142857142857,300.3580017,12.9594002,40,0.99736,0,26.6350002288818,23.2800003687541,0.31700000166893,0.101833333571752,"N",26
"409","EMPAID_NCW-A03A_2017","failure","2017-06-23",2017,"EMPAID","EMPAID_CW-A",172,174,2,"I","H",2,0.0348994967025013,171,"PIPO",8.33333333333333,20,0.444444444444444,461.7590027,11.5770998,48,63.743,1.48646,31.4120006561279,23.7105003992716,3.40799999237061,1.09016666809718,"L",3
"410","EMPAID_NCW-E03A_2017","success","2017-06-23",2017,"EMPAID","EMPAID_CW-E",172,174,3,"N","H",2.5,-0.642787609686539,154,"PIPO",33.3333333333333,12.5,0.666666666666667,199.4450073,38.3394012,75,24.5527,0,29.5170001983643,25.5709997812907,0,0,"N",20
"411","EMPAID_NDL03A_2014","failure","2014-06-23",2014,"EMPAID","EMPAID_DL",164,174,4,"N","U",3.2,0.743144825477394,148,"PIPO",0,5,0.4,163.3730011,49.6929016,15,0,0,24.423999786377,22.8213335673014,0.632000029087067,0.331666678190231,"N",26
"412","EMPAID_NDL08A_2015","success","2015-06-23",2015,"EMPAID","EMPAID_DL",167,174,4,"N","U",1.2,-0.848048096156426,144,"PIPO",8.33333333333333,0,0.25,417.8909912,19.6219997,30,0,0,28.5890007019043,26.8406252861023,1.39600002765656,0.176000003470108,"N",30
"413","EMPAID_NLC-R09A_2014","success","2014-06-23",2014,"EMPAID","EMPAID_LC-R",170,174,5,"N","B",1.1,0.629320391049838,157,"PIPO",83.3333333333333,7.5,0.928571428571429,132.6999969,31.5911999,12,0,3.1066,25.625,22.1423997879028,1.74600005149841,0.360800009965897,"I",17
"414","EMPAID_NLC03A_2017","failure","2017-06-23",2017,"EMPAID","EMPAID_LC",171,174,4,"I","H",2.3,-0.20791169081776,153,"PIPO",116.666666666667,10,0.9,133.677002,35.6916008,16,0.205339,3.1066,29.2369995117188,20.7871997833252,3.66499996185303,1.03139998912811,"I",21
"415","EMPAID_NSF04A_2012","success","2012-06-22",2012,"EMPAID","295",171,174,1,"N","U",3.3,0.999847695156391,151,"PIPO",25,15,0.888888888888889,456.7160034,7.9411802,33,15.6351004,0,30.2719993591309,21.7579998970032,0,0,"N",23
"416","EMPAID_NSF08A_2013","success","2013-06-23",2013,"EMPAID","EMPAID_SF",171,174,3,"I","U",1.8,-0.156434465040231,163,"PIPO",8.33333333333333,12.5,0.857142857142857,307.8590088,7.9717202,28,23.3792992,0,30.326000213623,23.1649997234344,10.7180004119873,1.83875004947186,"I",11
"417","EMPAID_NWM03A_2014","success","2014-06-23",2014,"EMPAID","315",173,174,2,"N","H",2.9,-0.694658370458997,148,"PIPO",16.6666666666667,5,0.5,252.5079956,27.0023003,28,40.1876984,0.165515,24.8190002441406,24.3544998168945,0,0,"N",26
"418","EMFWOR_NCAMC1-02A_2019","failure","2019-06-24",2019,"EMFWOR","EMFWOR_CAMC1",171,175,3,"I","U",4.6,-0.788010753606722,163,"PIPO",191.666666666667,17.5,0.5,341.7489929,19.5303001,30,0,0,22.4270000457764,18.6191999435425,0,0,"I",12
"419","EMFWOR_NCAMC2-10A_2019","failure","2019-06-24",2019,"EMFWOR","EMFWOR_CAMC2",171,175,4,"N","U",3.9,0.139173100960065,154,"PIPO",91.6666666666667,7.5,0.733333333333333,447.7210083,14.8600998,60,0,0,21.5499992370605,17.8045999526978,0,0,"N",21
"420","EMFWOR_NCAMC3-08A_2020","success","2020-06-23",2020,"EMFWOR","EMFWOR_CAMC3",170,175,4,"N","U",4.8,-0.207911690817759,146,"POTR5",33.3333333333333,5,0.142857142857143,269.4970093,33.4715004,6,0,0,27.6110000610352,22.9856669108073,0,0,"N",29
"421","EMFWOR_NCAMC4-07A_2019","success","2019-06-24",2019,"EMFWOR","EMFWOR_CAMC4",171,175,5,"N","U",3.9,-0.970295726275996,146,"POTR5",66.6666666666667,20,0.823529411764706,245.7920074,15.8908997,23,0,0,23.9850006103516,22.7372498512268,0,0,"N",29
"422","EMFWOR_NCAMC5-01A_2017","failure","2017-06-24",2017,"EMFWOR","EMFWOR_CAMC5",172,175,5,"N","U",2.4,-0.951056516295154,132,"POTR5",33.3333333333333,12.5,0.4,266.1570129,28.5111008,13,0,0,29.5179996490479,20.1272222201029,13.9060001373291,1.5451111263699,"N",43
"423","EMFWOR_NCAMC5-01A_2020","failure","2020-06-23",2020,"EMFWOR","EMFWOR_CAMC5",171,175,5,"I","U",1.5,-0.996194698091746,161,"POTR5",66.6666666666667,22.5,1,255.272995,30.7194004,14,0,0,25.875,22.8496002197266,0,0,"I",14
"424","EMFWOR_NCAMC8-09A_2020","success","2020-06-23",2020,"EMFWOR","EMFWOR_CAMC8",168,175,3,"N","U",2.4,0.891006524188368,153,"POTR5",66.6666666666667,7.5,0.0833333333333333,402.1990051,16.6655006,34,0,0,23.8059997558594,17.2818331718445,8.20600032806396,3.55050007502238,"I",22
"425","EMFWOR_NSWRC2-09A_2017","success","2017-06-24",2017,"EMFWOR","EMFWOR_SWRC2",174,175,1,"N","U",3.6,-0.20791169081776,147,"POTR5",16.6666666666667,5,0,433.8880005,10.6893997,42,2.3174,0,23.0370006561279,22.4800004959106,0,0,"N",28
"426","EMFWOR_NSWRC3-03A_2019","success","2019-06-24",2019,"EMFWOR","EMFWOR_SWRC3",171,175,2,"N","U",3.2,0.951056516295154,156,"PIPO",8.33333333333333,17.5,0.222222222222222,358.6419983,17.3425007,49,5.4268098,0,20.4060001373291,16.297200012207,0,0,"I",19
"427","EMFWOR_NSWRC3-09A_2019","failure","2019-06-24",2019,"EMFWOR","EMFWOR_SWRC3",171,175,2,"N","U",2.9,0.913545457642601,144,"PIPO",33.3333333333333,35,0.888888888888889,297.1659851,13.4812002,32,0,0,23.5450000762939,19.5496000289917,0,0,"N",31
"428","EMMAOR_NCUBT2-02A_2021","failure","2021-06-24",2021,"EMMAOR","EMMAOR_CUBT2",169,175,3,"N","HB",0.95,0.970295726275996,NA,"PIPO",58.3333333333333,27.5,0.888888888888889,301.1149902,18.573,99,43.1212006,49.9029007,32.5606994628906,28.0931418282645,3.28129982948303,0.586357117630541,"N",NA
"429","EMMAOR_NCUBT2-10A_2021","failure","2021-06-24",2021,"EMMAOR","EMMAOR_CUBT2",169,175,4,"N","HB",2.55,-0.939692620785908,NA,"PIPO",16.6666666666667,7.5,1,269.1730042,24.0918007,47,38.3983994,62.2210999,29.0585994720459,21.7242327796088,1.12559998035431,0.207866664768921,"N",NA
"430","EMMAOR_NDUGC1-01A_2016","success","2016-06-23",2016,"EMMAOR","EMMAOR_DUGC1",172,175,3,"N","U",2.7,-0.20791169081776,143,"JUOC",41.6666666666667,10,0.1,503.1539917,48.7545013,32,0,0.009549,27.3229999542236,24.5880002975464,1.21899998188019,0.304749995470047,"N",32
"431","EMMAOR_NPAWT1-03A_2021","failure","2021-06-24",2021,"EMMAOR","EMMAOR_PAWT1",169,175,4,"N","H",1.15,0.642787609686539,NA,"PIPO",108.333333333333,2.5,1,439.1589966,26.0562992,30,46.0251999,1.3750499,28.642599105835,20.4745811982588,0.841699957847595,0.122081810777838,"N",NA
"432","EMMAOR_NPAWT1-05A_2021","failure","2021-06-24",2021,"EMMAOR","EMMAOR_PAWT1",169,175,1,"N","H",2.9,-0.573576436351046,NA,"PIPO",41.6666666666667,10,1,424.9590149,58.6519012,17,70.1965027,0,32.0452003479004,27.6356563568115,2.87249994277954,0.492699989250728,"N",NA
"433","EMMAOR_NWOLFTB1-06A_2016","failure","2016-06-23",2016,"EMMAOR","EMMAOR_WOLFTB1",172,175,3,"N","H",1.3,0.939692620785908,147,"Abies",25,5,0.4,314.3540039,31.7625008,34,8.7415705,0,25.3479995727539,22.6349997520447,0,0,"N",28
"434","EMMAOR_NWOLFTB4-10A_2015","failure","2015-06-24",2015,"EMMAOR","EMMAOR_WOLFTB4",167,175,1,"N","U",1.2,-0.309016994374947,148,"PIPO",25,0,0.5,392.8420105,17.4633007,66,0,0,26.1429996490479,24.6591110229492,0.771000027656555,0.0856666697396172,"N",27
"435","EMPAID_N1WS07A_2014","success","2014-06-24",2014,"EMPAID","EMPAID_1WS",168,175,3,"N","U",3,-0.0348994967025008,145,"PSME",0,10,0.666666666666667,180.4609985,11.0317001,45,8.1255503,20.5876007,26.5230007171631,19.641666730245,3.83699989318848,1.01999998092651,"N",30
"436","EMPAID_NB-T02A_2015","failure","2015-06-24",2015,"EMPAID","EMPAID_B-T",168,175,2,"I","U",1.3,0.874619707139396,165,"PIPO",50,0,1,133.3150024,41.4236984,30,29.4221001,25.9032001,27.8229999542236,26.0329999923706,2.24300003051758,0.280375003814697,"I",10
"437","EMPAID_NB-T06A_2016","success","2016-06-23",2016,"EMPAID","EMPAID_B-T",168,175,1,"N","HB",3,0.997564050259824,148,"PIPO",16.6666666666667,2.5,1,300.0969849,27.2082996,43,34.0569,79.8899002,29.1879997253418,19.9559997320175,12.3369998931885,2.55249997973442,"N",27
"438","EMPAID_NBR04A_2013","success","2013-06-24",2013,"EMPAID","EMPAID_BR",168,175,2,"I","U",1.2,-0.309016994374947,163,"PIPO",33.3333333333333,12.5,0.777777777777778,178.3480072,25.0660992,45,0,0,27.867000579834,19.965124964714,15.8430004119873,3.08287502080202,"I",12
"439","EMPAID_NBWC01A_2013","failure","2013-06-24",2013,"EMPAID","219",174,175,10,"N","U",1.8,0.939692620785908,153,"PIPO",0,2.5,0.25,474.3469849,9.1122398,74,0.440012,0,20.8509998321533,19.7285003662109,0.656000018119812,0.328000009059906,"N",22
"440","EMPAID_NCU04A_2013","success","2013-06-24",2013,"EMPAID","EMPAID_CU",172,175,6,"N","U",3.2,-0.999390827019096,158,"PSME",16.6666666666667,17.5,0.9,473.6229858,12.5155001,34,0.352009,0,26.451000213623,19.4421998977661,16.0020008087158,4.78540016412735,"N",17
"441","EMPAID_NCU05A_2015","success","2015-06-24",2015,"EMPAID","EMPAID_CU",167,175,4,"N","U",2.1,-0.978147600733806,149,"PIPO",0,10,0.4,335.8819885,10.0938997,40,7.4215298,0,26.8640003204346,25.1861110263401,2.48499989509583,0.276111099455092,"N",26
"442","EMPAID_NCU05A_2016","success","2016-06-23",2016,"EMPAID","EMPAID_CU",168,175,2,"N","U",2.1,-0.978147600733806,159,"PIPO",0,10,0.4,335.8819885,10.0938997,40,7.4215298,0,26.4489994049072,18.6574999094009,14.1920003890991,2.78025007247925,"I",16
"443","EMPAID_NCU07A_2013","success","2013-06-24",2013,"EMPAID","EMPAID_CU",172,175,8,"N","H",2.8,0.866025403784439,148,"PSME",8.33333333333333,30,0.692307692307692,410.1860046,10.8526001,56,18.7737999,0,26.451000213623,19.4421998977661,16.0020008087158,4.78540016412735,"N",27
"444","EMPAID_NCU09A_2015","success","2015-06-24",2015,"EMPAID","EMPAID_CU",168,175,4,"N","U",2.2,-0.970295726275996,154,"PIPO",8.33333333333333,7.5,0.5,392.2120056,9.1995802,54,28.3367996,0,28.5599994659424,26.767874956131,2.52800011634827,0.316000014543533,"N",21
"445","EMPAID_NCU10A_2013","success","2013-06-24",2013,"EMPAID","EMPAID_CU",172,175,8,"N","H",1.8,-0.5,142,"PIPO",16.6666666666667,27.5,0.846153846153846,367.321991,8.3812399,64,35.2303009,0,27.8129997253418,20.9427997589111,16.1009998321533,4.79959995746613,"N",33
"446","EMPAID_NCW-B02A_2019","success","2019-06-24",2019,"EMPAID","EMPAID_CW-B",164,175,1,"N","HB",4.8,-0.974370064785235,152,"PSME",25,17.5,0.3,356.223999,29.0282001,65,61.6896019,66.5595016,26.6459999084473,20.4354548020796,12.7480001449585,1.53763638301329,"I",23
"447","EMPAID_NCW-D04A_2015","success","2015-06-24",2015,"EMPAID","EMPAID_CW-D",165,175,5,"F","U",4,0.994521895368273,133,"PIPO",41.6666666666667,25,0.9375,336.151001,12.2349005,54,24.4353008,0,29.8740005493164,27.7165456251665,0,0,"N",42
"448","EMPAID_NSF02A_2015","success","2015-06-24",2015,"EMPAID","EMPAID_SF",166,175,5,"N","H",1.3,0.848048096156426,139,"PIPO",25,17.5,1,555.651001,7.5188899,24,29.3633995,0,29.8740005493164,28.0406002044678,0,0,"N",36
"449","EMPAID_NSF07A_2015","success","2015-06-24",2015,"EMPAID","EMPAID_SF",163,175,4,"N","H",3,0.139173100960065,139,"PIPO",8.33333333333333,10,1,468.0100098,15.7231998,67,41.2144012,0,29.5179996490479,27.444692171537,0,0,"N",36
"450","EMPAID_NSF09A_2015","success","2015-06-24",2015,"EMPAID","EMPAID_SF",167,175,1,"N","H",2,-0.719339800338651,137,"PIPO",108.333333333333,15,1,252.1320038,13.1206999,36,16.9258003,0,29.5179996490479,27.9218885633681,0,0,"N",38
"451","EMFWOR_NCAMC2-10A_2018","success","2018-06-25",2018,"EMFWOR","EMFWOR_CAMC2",169,176,4,"N","U",3.9,0.139173100960065,143,"PIPO",91.6666666666667,7.5,0.733333333333333,447.7210083,14.8600998,60,0,0,26.5919990539551,20.1461247205734,6.29500007629395,1.13150000572205,"N",33
"452","EMFWOR_NCAMC3-08A_2018","success","2018-06-25",2018,"EMFWOR","EMFWOR_CAMC3",169,176,5,"N","U",3.1,0.629320391049837,140,"POTR5",75,0,0,269.1860046,33.5130997,8,0,0,27.4120006561279,20.942125082016,5.71099996566772,1.00587499141693,"N",36
"453","EMFWOR_NCAMC4-10B_2018","success","2018-06-25",2018,"EMFWOR","EMFWOR_CAMC4",171,176,7,"N","U",2.5,0.17364817766693,142,"POTR5",8.33333333333333,0,0,310.7160034,19.4978008,20,0,0,23.7810001373291,17.2873999595642,6.29500007629395,0.94650000333786,"N",34
"454","EMFWOR_NCAMC5-01A_2018","success","2018-06-25",2018,"EMFWOR","EMFWOR_CAMC5",169,176,7,"N","U",7.3,-0.453990499739547,140,"POTR5",25,2.5,0.2,266.1570129,28.5111008,13,0,0,23.1679992675781,16.9122498035431,8.32600021362305,1.04237502673641,"N",36
"455","EMFWOR_NSWRC2-09A_2018","success","2018-06-25",2018,"EMFWOR","EMFWOR_SWRC2",169,176,2,"N","U",3.6,-0.20791169081776,139,"POTR5",16.6666666666667,5,0,433.8880005,10.6893997,42,2.3174,0,25.4300003051758,18.9591252803802,8.27999973297119,1.28424996137619,"N",37
"456","EMFWOR_NSWRC3-03A_2020","success","2020-06-24",2020,"EMFWOR","EMFWOR_SWRC3",169,176,3,"N","U",8.7,6.12323399573677e-17,150,"PIPO",66.6666666666667,20,0.25,314.0650024,16.2073994,49,5.8961601,5.8980799,21.4150009155273,14.1127499938011,14.5799999237061,4.48187504708767,"N",26
"457","EMFWOR_NSWRC3-04A_2018","success","2018-06-25",2018,"EMFWOR","63",169,176,4,"N","U",2.3,-0.99026806874157,142,"POTR5",150,25,0.321428571428571,373.0539856,14.29,30,0,0,26.4270000457764,19.9030002355576,7.22900009155273,1.200375020504,"N",34
"458","EMFWOR_NSWRC3-09A_2018","success","2018-06-25",2018,"EMFWOR","EMFWOR_SWRC3",169,176,1,"N","U",16.3,-0.819152044288992,145,"PIPO",58.3333333333333,22.5,0.5,322.7200012,12.9469004,34,0,0,25.5839996337891,20.2675711768014,5.79099988937378,0.896857128079448,"N",31
"459","EMMAOR_NCUBT1-10A_2016","failure","2016-06-24",2016,"EMMAOR","EMMAOR_CUBT1",172,176,3,"N","B",1.5,-0.961261695938319,150,"PIPO",91.6666666666667,2.5,1,254.3359985,40.260601,36,18.6271992,100,20.7840003967285,15.2069997787476,2.24000000953674,1.38350000977516,"N",26
"460","EMMAOR_NCUBT2-08A_2019","success","2019-06-25",2019,"EMMAOR","EMMAOR_CUBT2",171,176,1,"N","HB",2.2,-0.848048096156426,144,"PIPO",16.6666666666667,7.5,1,252.5319977,21.6002998,64,39.0437012,82.4522018,20.6620006561279,16.6495000521342,0.270000010728836,0.0450000017881393,"N",32
"461","EMMAOR_NELKT2-05A_2019","success","2019-06-25",2019,"EMMAOR","EMMAOR_ELKT2",172,176,1,"N","H",1.1,0.656059028990507,145,"PIPO",25,10,1,235.2929993,18.6474991,20,55.4415016,0,23.8439998626709,17.8459997177124,0,0,"N",31
"462","EMMAOR_NELKT2-10A_2019","success","2019-06-25",2019,"EMMAOR","EMMAOR_ELKT2",172,176,1,"N","H",3,0.121869343405148,149,"POTR5",25,0,0,385.7600098,11.7405996,39,21.3845997,0,25.1140003204346,19.195333480835,0,0,"N",27
"463","EMMAOR_NPAWT1-01A_2019","failure","2019-06-25",2019,"EMMAOR","126",168,176,1,"N","B",2,0.3583679495453,150,"PIPO",58.3333333333333,30,1,76.264801,81.1179962,23,0,98.8604965,25.3299999237061,19.3438890245226,0.0549999997019768,0.00611111107799742,"N",26
"464","EMMAOR_NPAWT1-03A_2019","success","2019-06-25",2019,"EMMAOR","EMMAOR_PAWT1",165,176,2,"N","H",1,0.601815023152048,137,"PIPO",0,5,1,451.4930115,24.1599007,31,40.2756996,3.29758,24.753999710083,19.9606666564941,0.0839999988675117,0.00699999990562598,"N",39
"465","EMMAOR_NPAWT1-09A_2019","success","2019-06-25",2019,"EMMAOR","EMMAOR_PAWT1",168,176,1,"N","H",5.4,0.669130606358858,137,"PIPO",58.3333333333333,7.5,0.9,455.9660034,54.8325996,18,62.7750015,0,24.753999710083,18.764333513048,0.0839999988675117,0.0093333332075013,"N",39
"466","EMMAOR_NPRONGC1-01A_2019","success","2019-06-25",2019,"EMMAOR","141",168,176,3,"N","B",1.7,0.224951054343865,140,"PIPO",16.6666666666667,12.5,1,165.4450073,45.5554008,23,0,95.5087967,25.3299999237061,19.3438890245226,0.0549999997019768,0.00611111107799742,"N",36
"467","EMMAOR_NPRONGC2-01A_2019","failure","2019-06-25",2019,"EMMAOR","EMMAOR_PRONGC2",164,176,1,"I","HB",1.7,-0.819152044288992,NA,"PIPO",41.6666666666667,0,0.8,280.0159912,28.6798992,49,18.5685005,72.8172989,27.818000793457,20.9210769946759,4.35900020599365,0.335307708153358,"I",NA
"468","EMMAOR_NPRONGC2-08A_2019","failure","2019-06-25",2019,"EMMAOR","EMMAOR_PRONGC2",164,176,1,"N","HB",2.4,-0.615661475325658,152,"PIPO",75,10,0.769230769230769,429.5859985,26.3316994,54,6.42417,65.7923965,27.818000793457,20.9210769946759,4.35900020599365,0.335307708153358,"I",24
"469","EMMAOR_NRATT1-10A_2016","success","2016-06-24",2016,"EMMAOR","EMMAOR_RATT1",174,176,2,"N","U",1.5,-0.325568154457157,148,"JUOC",108.333333333333,27.5,0.0416666666666667,497.2980042,14.4579,47,0.616016,0,25.636999130249,23.3126665751139,0,0,"N",28
"470","EMPAID_N1WS09A_2018","success","2018-06-25",2018,"EMPAID","EMPAID_1WS",170,176,5,"N","HB",2.5,0.374606593415912,149,"PIPO",16.6666666666667,15,0.625,466.8859863,10.3269997,60,27.8087006,54.6741982,22.4300003051758,19.1997999191284,2.46399998664856,0.762999987602234,"N",27
"471","EMPAID_NB-T06A_2019","failure","2019-06-25",2019,"EMPAID","EMPAID_B-T",165,176,1,"I","HB",5,0.515038074910054,NA,"PIPO",16.6666666666667,5,1,318.0069885,27.9829998,37,35.2596016,80.9403,27.5149993896484,26.1059999465942,0,0,"I",NA
"472","EMPAID_NB-T10A_2019","failure","2019-06-25",2019,"EMPAID","EMPAID_B-T",164,176,1,"I","H",2.4,-0.707106781186548,NA,"PIPO",33.3333333333333,7.5,0.777777777777778,128.9799957,11.6533003,53,15.3416996,46.2392998,27.5149993896484,22.4738462154682,0,0,"I",NA
"473","EMPAID_NB-U01A_2013","success","2013-06-25",2013,"EMPAID","EMPAID_B-U",172,176,2,"N","U",1.8,-0.754709580222772,156,"PIPO",41.6666666666667,12.5,0.727272727272727,236.1499939,14.8092003,28,0,0,22.1989994049072,17.5733997344971,10.9879999160767,2.80259997844696,"N",20
"474","EMPAID_NCC07A_2013","failure","2013-06-25",2013,"EMPAID","226",172,176,1,"N","B",3,0.882947592858927,155,"PIPO",75,5,1,160.2460022,19.1215,44,0,72.2029037,23.242000579834,18.0963998794556,10.6140003204346,2.82820006012917,"N",21
"475","EMPAID_NCC10A_2019","failure","2019-06-25",2019,"EMPAID","228",172,176,2,"N","B",1.4,-0.121869343405147,147,"PIPO",50,2.5,1,231.0059967,12.1143999,48,0,82.1371002,20.113000869751,16.7730001449585,0.554000020027161,0.271800005435944,"N",29
"476","EMPAID_NCR07A_2013","failure","2013-06-25",2013,"EMPAID","232",170,176,1,"I","H",1.5,NA,NA,"PIPO",8.33333333333333,27.5,0.857142857142857,214.6499939,21.3633003,43,38.2224007,7.4036398,24.0249996185303,17.6038571766445,17.1560001373291,5.22157149655478,"I",NA
"477","EMPAID_NCW-A01A_2018","failure","2018-06-25",2018,"EMPAID","EMPAID_CW-A",172,176,5,"N","H",1.8,-0.809016994374947,150,"PIPO",25,0,1,420.8420105,14.3107996,60,49.8092995,45.0965996,24.6909999847412,20.572333017985,1.61800003051758,1.44466666380564,"N",26
"478","EMPAID_NCW-A03A_2016","success","2016-06-24",2016,"EMPAID","EMPAID_CW-A",173,176,7,"N","H",1.2,0.927183854566787,144,"PIPO",16.6666666666667,10,0.857142857142857,300.3580017,12.9594002,40,43.6492004,4.2397399,29.5349998474121,27.5440001487732,1.35699999332428,0.33924999833107,"N",32
"479","EMPAID_NCW-B04A_2018","success","2018-06-25",2018,"EMPAID","EMPAID_CW-B",169,176,1,"N","HB",3,-0.529919264233205,158,"PIPO",16.6666666666667,37.5,0.647058823529412,370.1400146,26.6138992,60,59.2841988,46.3348007,25.3470001220703,20.1121250391006,6.05900001525879,2.32750001549721,"I",18
"480","EMPAID_NDL03A_2013","success","2013-06-25",2013,"EMPAID","EMPAID_DL",172,176,7,"N","U",6.7,0.342020143325669,154,"PIPO",0,5,0.4,163.3730011,49.6929016,15,0,0,27.3689994812012,20.1054000854492,16.8509998321533,4.77019999027252,"N",22
"481","EMPAID_NDL03A_2014","failure","2014-06-25",2014,"EMPAID","EMPAID_DL",174,176,5,"N","U",3.2,0.743144825477394,148,"PIPO",0,5,0.4,163.3730011,49.6929016,15,0,0,24.423999786377,17.6924546848644,4.66800022125244,1.34672728180885,"N",28
"482","EMPAID_NDL08A_2014","success","2014-06-25",2014,"EMPAID","EMPAID_DL",170,176,1,"N","U",2.9,0.601815023152048,151,"PIPO",16.6666666666667,15,0.625,284.3110046,20.8591995,28,0,0,12.91100025177,11.5230002403259,4.88600015640259,3.3160001039505,"N",25
"483","EMPAID_NEFW01A_2018","success","2018-06-25",2018,"EMPAID","284",170,176,6,"N","H",3.2,0.484809620246337,147,"PIPO",16.6666666666667,22.5,0.272727272727273,316.1650085,7.70858,55,7.9202099,0,26.6259994506836,23.0545714242118,5.81500005722046,1.69671429906573,"N",29
"484","EMPAID_NLC-R09A_2014","success","2014-06-25",2014,"EMPAID","EMPAID_LC-R",174,176,6,"N","B",1.1,0.629320391049838,157,"PIPO",83.3333333333333,7.5,0.928571428571429,132.6999969,31.5911999,12,0,3.1066,28.2059993743896,26.5649998982747,0,0,"N",19
"485","EMPAID_NLC04A_2013","success","2013-06-25",2013,"EMPAID","EMPAID_LC",172,176,5,"N","B",2.3,0.3583679495453,155,"PIPO",0,15,1,136.5529938,31.1275997,12,0,3.1066,22.1989994049072,17.5733997344971,10.9879999160767,2.80259997844696,"N",21
"486","EMPAID_NPM09A_2013","success","2013-06-25",2013,"EMPAID","291",169,176,3,"N","B",2.6,-0.587785252292473,159,"PIPO",8.33333333333333,5,0.333333333333333,191.4179993,19.1755009,47,8.80023,49.1040001,27.3689994812012,18.2535001039505,17.3519992828369,4.62399984896183,"I",17
"487","EMPAID_NSF02A_2016","success","2016-06-24",2016,"EMPAID","EMPAID_SF",173,176,6,"N","H",2.2,-0.777145961456971,139,"PIPO",8.33333333333333,52.5,0.909090909090909,141.1750031,32.2280006,100,30.6541996,4.4561901,29.9300003051758,27.9327502250671,1.37699997425079,0.344249993562698,"N",37
"488","EMPAID_NSF05A_2016","success","2016-06-24",2016,"EMPAID","EMPAID_SF",173,176,5,"N","H",1.4,0.866025403784438,158,"PIPO",25,25,0.923076923076923,487.2810059,9.1460505,46,48.9292984,6.3118701,29.5349998474121,20.5794165929159,7.30000019073486,1.66141667465369,"I",18
"489","EMPAID_NSF07A_2016","success","2016-06-24",2016,"EMPAID","EMPAID_SF",173,176,6,"N","H",5.5,-0.997564050259824,142,"PIPO",16.6666666666667,20,0.8,455.9129944,16.0212994,65,59.4309006,6.3118701,29.5349998474121,18.9521429879325,7.30000019073486,2.70771430219923,"N",34
"490","EMPAID_NSG09A_2015","success","2015-06-25",2015,"EMPAID","306",170,176,1,"I","HB",4,0.965925826289068,163,"PIPO",33.3333333333333,7.5,0.571428571428571,287.3630066,27.7528,40,37.3717003,66.4639969,27.8229999542236,27.3634996414185,0,0,"I",13
"491","EMPAID_NSG10A_2013","failure","2013-06-25",2013,"EMPAID","308",172,176,4,"N","HB",2.2,0.809016994374947,160,"PIPO",0,0,0,83.7570038,67.5904007,23,36.1689987,55.9473991,21.318000793457,16.8820001602173,11.6160001754761,2.73340003490448,"I",16
"492","EMPAID_NWM03A_2013","success","2013-06-25",2013,"EMPAID","314",172,176,5,"N","H",3.4,-0.997564050259824,148,"PIPO",0,0,0,375.9819946,10.5274,48,39.4543991,0,21.8999996185303,16.942200088501,11.0909996032715,3.03299992084503,"N",28
"493","EMPAID_NWM03A_2019","success","2019-06-25",2019,"EMPAID","320",170,176,1,"N","H",2,-0.970295726275996,159,"PIPO",25,0,1,283.6929932,25.2553005,24,40.6864014,0.108222,24.8579998016357,17.9427141462054,0.64300000667572,0.207142855439867,"I",17
"494","EMPAID_NWRF-L08A_2015","success","2015-06-25",2015,"EMPAID","EMPAID_WRF-L",168,176,1,"N","H",2.5,-0.121869343405147,137,"PIPO",16.6666666666667,40,0.666666666666667,334.2109985,11.8463001,65,23.9073009,0,27.8040008544922,26.7593339284261,0,0,"N",39
"495","EMPAID_NWRF-M06A_2015","success","2015-06-25",2015,"EMPAID","EMPAID_WRF-M",165,176,5,"N","H",3,-0.939692620785908,148,"PIPO",8.33333333333333,42.5,0.5,399.4190063,11.8261995,60,20.6805992,0,28.7919998168945,26.5106665293376,0,0,"N",28
"496","EMFWOR_NCAMC4-07A_2018","success","2018-06-26",2018,"EMFWOR","EMFWOR_CAMC4",171,177,1,"N","U",1.7,-0.913545457642601,143,"POTR5",83.3333333333333,2.5,0.0833333333333333,308.4670105,14.2714996,31,0,0,22.5179996490479,16.5991426195417,8.32600021362305,1.7295714430511,"N",34
"497","EMFWOR_NCAMC7-06A_2018","success","2018-06-26",2018,"EMFWOR","EMFWOR_CAMC7",169,177,1,"N","U",7.5,0.0348994967025013,148,"POTR5",100,7.5,0.266666666666667,340.54599,18.4986992,42,0,0,24.0349998474121,18.2642000198364,6.91400003433228,1.3854000069201,"N",29
"498","EMFWOR_NCAMC8-07A_2018","success","2018-06-26",2018,"EMFWOR","EMFWOR_CAMC8",171,177,6,"N","U",1.8,0.788010753606722,143,"POTR5",25,2.5,0.666666666666667,207.4019928,21.7194004,25,0,0,25.9400005340576,22.7387142181396,0,0,"N",34
"499","EMFWOR_NMUDT1-05A_2020","success","2020-06-25",2020,"EMFWOR","EMFWOR_MUDT1",174,177,2,"I","H",3.2,0.809016994374947,165,"POTR5",0,0,0,422.5669861,8.8189402,80,56.9375,0,23.701000213623,20.729400062561,0,0,"I",12
"500","EMMAOR_NCLIFFC1-08A_2017","success","2017-06-26",2017,"EMMAOR","EMMAOR_CLIFFC1",172,177,2,"N","U",3.6,-0.939692620785908,149,"JUOC",0,7.5,0,261.1099854,10.5565004,41,0,0,31.2099990844727,27.2400000890096,0.264999985694885,0.0441666642824809,"N",28
"501","EMMAOR_NCLIFFC1-08B_2017","success","2017-06-26",2017,"EMMAOR","EMMAOR_CLIFFC1",172,177,2,"N","U",1.25,0.898794046299167,145,"JUOC",41.6666666666667,15,0.166666666666667,256.70401,10.8544998,37,0,0,31.2099990844727,27.2400000890096,0.264999985694885,0.0441666642824809,"N",32
"502","EMMAOR_NELKT2-04A_2017","success","2017-06-26",2017,"EMMAOR","104",172,177,3,"N","HB",0.7,-0.891006524188368,141,"PIPO",25,27.5,1,252.4019928,35.2736015,22,72.2499008,84.848999,29.5650005340576,26.0703331629435,0.00100000004749745,0.000166666674582909,"N",36
"503","EMMAOR_NELKT2-06A_2017","success","2017-06-26",2017,"EMMAOR","EMMAOR_ELKT2",171,177,3,"N","U",2,-0.848048096156426,137,"PIPO",83.3333333333333,0,1,187.576004,16.7395,13,0,0,30.6340007781982,19.3160001039505,4.66800022125244,1.1530000269413,"N",40
"504","EMMAOR_NELKT3-01A_2017","success","2017-06-26",2017,"EMMAOR","EMMAOR_ELKT3",172,177,2,"N","HB",7.7,-0.64278760968654,146,"PIPO",58.3333333333333,35,0.714285714285714,412.3649902,11.6908998,49,22.1473007,20.0559998,29.2119998931885,21.4292858668736,5.03700017929077,0.889571462358747,"N",31
"505","EMMAOR_NUPCB1-04A_2017","success","2017-06-26",2017,"EMMAOR","EMMAOR_UPCB1",165,177,2,"N","U",2.2,0.99026806874157,144,"PIPO",25,25,1,478.0020142,14.8276997,60,0,0,25.9669990539551,15.1611426217215,2.08500003814697,1.09285714796611,"N",33
"506","EMMAOR_NUPCB1-07A_2017","success","2017-06-26",2017,"EMMAOR","EMMAOR_UPCB1",165,177,2,"N","U",2.9,-0.694658370458997,152,"JUOC",58.3333333333333,12.5,0,483.5580139,15.7058001,29,0,0,32.1199989318848,24.1903077639066,2.03500008583069,0.156538468140822,"I",25
"507","EMMAOR_NWOLFC1-08A_2019","failure","2019-06-26",2019,"EMMAOR","EMMAOR_WOLFC1",169,177,1,"N","U",3.5,0.766044443118978,137,"JUOC",75,25,0.263157894736842,356.2950134,23.5477009,48,0,0,23.2199993133545,17.9258889092339,0.550999999046326,0.0612222221162584,"N",40
"508","EMPAID_N1WS06A_2019","success","2019-06-26",2019,"EMPAID","EMPAID_1WS",172,177,2,"N","HB",1.75,-0.848048096156426,151,"PIPO",8.33333333333333,40,0.647058823529412,518.9349976,11.4338999,83,30.2434998,89.1809998,21.6840000152588,16.9190001487732,0.657000005245209,0.328500002622604,"N",26
"509","EMPAID_N1WS07A_2019","success","2019-06-26",2019,"EMPAID","EMPAID_1WS",172,177,2,"N","HB",2.2,-0.984807753012208,147,"PIPO",33.3333333333333,30,0.875,419.0469971,7.3331299,66,23.5259991,74.660202,21.6840000152588,16.9190001487732,0.657000005245209,0.328500002622604,"N",30
"510","EMPAID_NB-T01A_2018","success","2018-06-26",2018,"EMPAID","EMPAID_B-T",171,177,1,"N","HB",3.7,0.927183854566787,145,"PIPO",0,2.5,1,226.7709961,34.1456985,31,37.8409996,92.4213028,24.5450000762939,21.8085716792515,8.79699993133545,1.89728571687426,"N",32
"511","EMPAID_NB-T10A_2018","success","2018-06-26",2018,"EMPAID","EMPAID_B-T",169,177,8,"N","H",2.5,-0.559192903470747,149,"PIPO",83.3333333333333,10,1,135.9060059,5.73808,61,9.76826,32.6766014,26.5219993591309,20.2307998657227,1.42999994754791,0.285999989509582,"N",28
"512","EMPAID_NBWC01A_2014","success","2014-06-26",2014,"EMPAID","220",169,177,7,"N","U",2.3,-0.848048096156426,149,"PIPO",0,5,0.25,393.9559937,7.9387298,77,0,0,23.9529991149902,14.5541664759318,5.65500020980835,2.46083335081736,"N",28
"513","EMPAID_NCR01A_2012","failure","2012-06-25",2012,"EMPAID","230",174,177,3,"I","U",1.1,-1.83697019872103e-16,166,"PIPO",33.3333333333333,10,0.8,126.5230026,40.4294014,31,25.3446999,0,29.5699996948242,20.6327497959137,1.89999997615814,0.474999994039536,"I",11
"514","EMPAID_NCR07A_2012","success","2012-06-25",2012,"EMPAID","231",174,177,3,"N","H",1.1,NA,144,"PIPO",8.33333333333333,27.5,0.857142857142857,214.6499939,21.3633003,43,38.2224007,0,29.5699996948242,20.6327497959137,1.89999997615814,0.474999994039536,"N",33
"515","EMPAID_NCU04A_2013","success","2013-06-26",2013,"EMPAID","EMPAID_CU",175,177,7,"N","U",3.2,-0.999390827019096,158,"PSME",16.6666666666667,17.5,0.9,473.6229858,12.5155001,34,0.352009,0,20.5590000152588,16.0464999675751,0.859000027179718,0.571999996900558,"N",19
"516","EMPAID_NCU07A_2013","success","2013-06-26",2013,"EMPAID","EMPAID_CU",175,177,9,"N","H",2.8,0.866025403784439,148,"PSME",8.33333333333333,30,0.692307692307692,410.1860046,10.8526001,56,18.7737999,0,20.5590000152588,16.0464999675751,0.859000027179718,0.571999996900558,"N",29
"517","EMPAID_NCU10A_2013","success","2013-06-26",2013,"EMPAID","EMPAID_CU",175,177,9,"N","H",1.8,-0.5,142,"PIPO",16.6666666666667,27.5,0.846153846153846,367.321991,8.3812399,64,35.2303009,0,21.7919998168945,17.5965001583099,0.587000012397766,0.38849999755621,"N",35
"518","EMPAID_NCU10A_2014","success","2014-06-26",2014,"EMPAID","EMPAID_CU",162,177,4,"N","H",4.4,0.207911690817759,146,"PIPO",8.33333333333333,15,0.571428571428571,269.0350037,11.6083002,46,39.8944016,0,26.5400009155273,24.4070002237956,1.15199995040894,0.383999983469645,"N",31
"519","EMPAID_NCW-A03A_2012","success","2012-06-25",2012,"EMPAID","EMPAID_CW-A",174,177,6,"N","U",3,-0.484809620246337,148,"PIPO",16.6666666666667,10,0.857142857142857,300.3580017,12.9594002,40,0.99736,0,30.2719993591309,21.7579998970032,0,0,"N",29
"520","EMPAID_NCW-A05A_2017","success","2017-06-26",2017,"EMPAID","EMPAID_CW-A",170,177,3,"N","H",2.3,-0.788010753606722,156,"PIPO",8.33333333333333,12.5,0.833333333333333,490.9500122,12.5887003,56,62.7457008,6.3118701,23.7959995269775,20.12975025177,3.40799999237061,1.50400000810623,"N",21
"521","EMPAID_NCW-B03A_2017","success","2017-06-26",2017,"EMPAID","EMPAID_CW-B",172,177,1,"N","H",3,0.961261695938319,146,"PIPO",0,55,0.772727272727273,344.2019958,29.6429996,65,62.1590004,0.235541,29.5170001983643,26.8996664683024,2.18899989128113,0.729666630427043,"N",31
"522","EMPAID_NCW-E03A_2017","success","2017-06-26",2017,"EMPAID","EMPAID_CW-E",174,177,4,"N","H",2.5,-0.642787609686539,154,"PIPO",33.3333333333333,12.5,0.666666666666667,199.4450073,38.3394012,75,24.5527,0,30.5750007629395,26.0970001220703,1.3400000333786,0.663750022649765,"N",23
"523","EMPAID_NDL04A_2018","success","2018-06-26",2018,"EMPAID","EMPAID_DL",173,177,1,"N","U",5.7,-0.544639035015027,149,"PIPO",8.33333333333333,10,0.714285714285714,161.9620056,49.5990982,16,0,0,23.488000869751,20.5073337554932,2.79299998283386,2.09500002861023,"N",28
"524","EMPAID_NSF04A_2012","success","2012-06-25",2012,"EMPAID","295",174,177,2,"N","U",3.3,0.999847695156391,151,"PIPO",25,15,0.888888888888889,456.7160034,7.9411802,33,15.6351004,0,30.2719993591309,27.7135000228882,0,0,"N",26
"525","EMPAID_NSF09A_2017","success","2017-06-26",2017,"EMPAID","EMPAID_SF",172,177,6,"N","H",2.2,-0.629320391049837,144,"PIPO",41.6666666666667,10,0.666666666666667,309.4450073,10.9294004,45,59.4309006,5.8439698,31.4120006561279,23.7105003992716,3.40799999237061,1.09016666809718,"N",33
"526","EMPAID_NSG10A_2019","success","2019-06-26",2019,"EMPAID","313",163,177,1,"N","HB",3.8,-0.342020143325669,151,"PIPO",0,0,0,182.6430054,34.8348999,65,26.1366997,45.9337006,26.4300003051758,21.5146668116252,0.72000002861023,0.049933335185051,"I",26
"527","EMPAID_NWM03A_2018","success","2018-06-26",2018,"EMPAID","319",169,177,2,"N","H",3.5,-0.453990499739547,146,"PIPO",0,0,0,278.2479858,23.2059994,22,38.9556999,0,25.6730003356934,19.6498333613078,2.83299994468689,0.500833323846261,"N",31
"528","EMPAID_NWRF-L08A_2015","success","2015-06-26",2015,"EMPAID","EMPAID_WRF-L",176,177,2,"N","H",2.5,-0.121869343405147,137,"PIPO",16.6666666666667,40,0.666666666666667,334.2109985,11.8463001,65,23.9073009,0,29.1609992980957,27.188222249349,0.150999993085861,0.0187777769234445,"N",40
"529","EMPAID_NWRF-M06A_2015","success","2015-06-26",2015,"EMPAID","EMPAID_WRF-M",176,177,6,"N","H",3,-0.939692620785908,148,"PIPO",8.33333333333333,42.5,0.5,399.4190063,11.8261995,60,20.6805992,0,29.9370002746582,27.4196666081746,0.00999999977648258,0.000833333314706882,"N",29
"530","EMFWOR_NCAMC1-01A_2017","success","2017-06-27",2017,"EMFWOR","EMFWOR_CAMC1",175,178,1,"N","U",4.5,-0.766044443118978,143,"PIPO",50,15,0.769230769230769,318.071991,21.2150993,21,0,0,27.2089996337891,25.55299949646,0,0,"N",35
"531","EMFWOR_NCAMC1-02A_2019","failure","2019-06-27",2019,"EMFWOR","EMFWOR_CAMC1",175,178,4,"N","U",4.6,-0.788010753606722,163,"PIPO",191.666666666667,17.5,0.5,341.7489929,19.5303001,30,0,0,21.5879993438721,19.7449998855591,0,0,"I",15
"532","EMFWOR_NCAMC2-10A_2019","failure","2019-06-27",2019,"EMFWOR","EMFWOR_CAMC2",175,178,5,"N","U",3.9,0.139173100960065,154,"PIPO",91.6666666666667,7.5,0.733333333333333,447.7210083,14.8600998,60,0,0,20.7530002593994,18.8087501525879,0,0,"N",24
"533","EMFWOR_NCAMC4-07A_2019","success","2019-06-27",2019,"EMFWOR","EMFWOR_CAMC4",175,178,6,"N","U",3.9,-0.970295726275996,146,"POTR5",66.6666666666667,20,0.823529411764706,245.7920074,15.8908997,23,0,0,20.7479991912842,17.0925998687744,0,0,"N",32
"534","EMFWOR_NCAMC8-07A_2017","success","2017-06-27",2017,"EMFWOR","EMFWOR_CAMC8",171,178,6,"N","U",1.8,0.788010753606722,142,"POTR5",25,2.5,0.666666666666667,207.4019928,21.7194004,25,0,0,29.5970001220703,26.3587498664856,0,0,"N",36
"535","EMFWOR_NLFTT2-01A_2018","success","2018-06-27",2018,"EMFWOR","38",170,178,3,"N","H",4.2,0.866025403784438,150,"PIPO",16.6666666666667,17.5,0.333333333333333,196.5820007,33.0191994,8,14.6377001,0,26.0729999542236,21.9077775743273,3.58599996566772,0.398444440629747,"N",28
"536","EMFWOR_NLFTT2-01B_2018","success","2018-06-27",2018,"EMFWOR","EMFWOR_LFTT2",170,178,2,"N","H",7.4,0.669130606358858,157,"POTR5",41.6666666666667,5,0.333333333333333,320.1499939,8.5949898,43,30.6247997,0,19.1270008087158,14.8330001831055,8.70699977874756,2.58059994578362,"I",21
"537","EMFWOR_NLILT3-10A_2018","success","2018-06-27",2018,"EMFWOR","EMFWOR_LILT3",170,178,4,"N","H",1.5,-0.390731128489274,150,"PIPO",41.6666666666667,20,0.615384615384615,412.6940002,8.6038799,40,66.6471024,0,25.5629997253418,21.5339997609456,7.89300012588501,0.877000013987223,"N",28
"538","EMFWOR_NMUDT1-05A_2018","failure","2018-06-27",2018,"EMFWOR","EMFWOR_MUDT1",170,178,1,"I","U",2.5,-0.615661475325658,NA,"POTR5",33.3333333333333,0,0,384.4370117,7.19101,71,14.2564001,0,26.0729999542236,21.9077775743273,3.58599996566772,0.398444440629747,"I",NA
"539","EMFWOR_NPINT1-03A_2018","failure","2018-06-27",2018,"EMFWOR","EMFWOR_PINT1",170,178,2,"I","H",6.1,-1,NA,"POTR5",8.33333333333333,25,0,216.9620056,9.4505901,34,33.0009003,0,25.576000213623,21.5105553732978,4.77299976348877,0.530333307054308,"I",NA
"540","EMFWOR_NSWRC2-09A_2017","success","2017-06-27",2017,"EMFWOR","EMFWOR_SWRC2",175,178,2,"N","U",3.6,-0.20791169081776,147,"POTR5",16.6666666666667,5,0,433.8880005,10.6893997,42,2.3174,0,24.9750003814697,23.4490003585815,0,0,"N",31
"541","EMFWOR_NSWRC3-03A_2019","success","2019-06-27",2019,"EMFWOR","EMFWOR_SWRC3",175,178,3,"N","U",3.2,0.951056516295154,156,"PIPO",8.33333333333333,17.5,0.222222222222222,358.6419983,17.3425007,49,5.4268098,0,19.2430000305176,17.4199995994568,0,0,"N",22
"542","EMFWOR_NSWRC3-09A_2019","failure","2019-06-27",2019,"EMFWOR","EMFWOR_SWRC3",175,178,3,"N","U",2.9,0.913545457642601,144,"PIPO",33.3333333333333,35,0.888888888888889,297.1659851,13.4812002,32,0,0,22.4360008239746,20.8362503051758,0,0,"N",34
"543","EMMAOR_NCLIFFC1-07A_2019","success","2019-06-27",2019,"EMMAOR","EMMAOR_CLIFFC1",165,178,1,"N","U",3,0.0523359562429439,145,"PIPO",66.6666666666667,5,0.818181818181818,259.7139893,7.9499998,48,0,0,25.7910003662109,20.8517143385751,0.469999998807907,0.0531428562743323,"N",33
"544","EMMAOR_NCLIFFC1-08A_2017","success","2017-06-27",2017,"EMMAOR","EMMAOR_CLIFFC1",177,178,3,"N","U",3.6,-0.939692620785908,149,"JUOC",0,7.5,0,261.1099854,10.5565004,41,0,0,31.2099990844727,30.1724996566772,1.75600004196167,0.878000020980835,"N",29
"545","EMMAOR_NCLIFFC1-08A_2019","success","2019-06-27",2019,"EMMAOR","EMMAOR_CLIFFC1",165,178,1,"N","U",3.6,-0.939692620785908,153,"JUOC",0,7.5,0,261.1099854,10.5565004,41,0,0,25.7910003662109,20.8517143385751,0.469999998807907,0.0531428562743323,"I",25
"546","EMMAOR_NCLIFFC1-08B_2017","success","2017-06-27",2017,"EMMAOR","EMMAOR_CLIFFC1",177,178,3,"N","U",1.25,0.898794046299167,145,"JUOC",41.6666666666667,15,0.166666666666667,256.70401,10.8544998,37,0,0,31.2099990844727,30.1724996566772,1.75600004196167,0.878000020980835,"N",33
"547","EMMAOR_NCUBT2-08A_2019","success","2019-06-27",2019,"EMMAOR","EMMAOR_CUBT2",176,178,2,"N","HB",2.2,-0.848048096156426,144,"PIPO",16.6666666666667,7.5,1,252.5319977,21.6002998,64,39.0437012,82.4522018,21.0060005187988,19.7386665344238,1.11899995803833,0.702999989191691,"N",34
"548","EMMAOR_NCUBT2-10A_2017","success","2017-06-27",2017,"EMMAOR","EMMAOR_CUBT2",172,178,2,"N","HB",1.7,-0.819152044288992,147,"PIPO",91.6666666666667,7.5,1,272.0169983,25.0401993,47,37.5182991,66.0279007,31.628999710083,27.2924286978585,2.57399988174438,0.367714268820626,"N",31
"549","EMMAOR_NELKT3-03A_2019","failure","2019-06-27",2019,"EMMAOR","EMMAOR_ELKT3",177,178,1,"N","B",2.3,0.190808995376545,159,"PIPO",116.666666666667,25,0.541666666666667,451.5820007,9.0253401,66,15.0776997,54.6296997,19.1620006561279,18.2560005187988,0.0179999992251396,0.00699999975040555,"N",19
"550","EMMAOR_NUPCA1-05A_2017","success","2017-06-27",2017,"EMMAOR","EMMAOR_UPCA1",165,178,2,"N","U",8.6,0.809016994374947,142,"PIPO",0,10,0.666666666666667,594.6530151,17.3805008,94,0,0,32.1199989318848,24.5245000294277,2.03500008583069,0.226571432181767,"N",36
"551","EMMAOR_NUPCA1-08A_2017","success","2017-06-27",2017,"EMMAOR","EMMAOR_UPCA1",165,178,2,"N","U",2.1,-0.809016994374947,142,"PIPO",41.6666666666667,20,1,404.6629944,15.5065002,93,0,0,33.3919982910156,25.7452139173235,2.28399991989136,0.210285710436957,"N",36
"552","EMMAOR_NWOLFC1-01A_2019","success","2019-06-27",2019,"EMMAOR","EMMAOR_WOLFC1",169,178,3,"N","U",3.2,-0.898794046299167,142,"PIPO",41.6666666666667,5,0.125,521.177002,10.6569996,66,0,0,24.2220001220703,19.2060000419617,0.584999978542328,0.0728999972343445,"N",36
"553","EMMAOR_NWOLFC1-03A_2019","success","2019-06-27",2019,"EMMAOR","EMMAOR_WOLFC1",169,178,1,"N","U",2.4,-0.3583679495453,148,"PIPO",50,0,0.571428571428571,607.4459839,9.2994604,64,0,0,24.2220001220703,19.2060000419617,0.584999978542328,0.0728999972343445,"N",30
"554","EMMAOR_NWOLFC1-07A_2017","success","2017-06-27",2017,"EMMAOR","EMMAOR_WOLFC1",170,178,1,"N","U",3.1,0.4226182617407,138,"JUOC",0,5,0,377.0339966,16.7716999,61,0,0,30.2970008850098,26.8872225019667,2.84699988365173,0.526999986833996,"N",40
"555","EMPAID_N1WS07A_2017","failure","2017-06-27",2017,"EMPAID","EMPAID_1WS",174,178,2,"I","HB",3.7,-0.999390827019096,173,"PIPO",16.6666666666667,27.5,0.923076923076923,394.375,7.0488901,61,20.7978992,73.6829987,31.5830001831055,27.7684998512268,0,0,"L",5
"556","EMPAID_NB-U01A_2013","success","2013-06-27",2013,"EMPAID","EMPAID_B-U",176,178,3,"N","U",1.8,-0.754709580222772,156,"PIPO",41.6666666666667,12.5,0.727272727272727,236.1499939,14.8092003,28,0,0,19.2280006408691,16.960000038147,10.9879999160767,6.87533338864644,"N",22
"557","EMPAID_NB-U02A_2012","success","2012-06-26",2012,"EMPAID","EMPAID_B-U",173,178,1,"N","U",3.5,-0.292371704722737,148,"PIPO",16.6666666666667,22.5,1,370.1109924,17.5608006,28,0,0,25.0450000762939,19.4800000190735,3.03999996185303,0.759999990463257,"N",30
"558","EMPAID_NBR04A_2013","success","2013-06-27",2013,"EMPAID","EMPAID_BR",175,178,3,"N","U",1.2,-0.309016994374947,163,"PIPO",33.3333333333333,12.5,0.777777777777778,178.3480072,25.0660992,45,0,0,21.8209991455078,18.061999797821,11.2959995269775,5.26424986124039,"I",15
"559","EMPAID_NCR07A_2012","success","2012-06-26",2012,"EMPAID","231",177,178,4,"N","H",1.1,NA,144,"PIPO",8.33333333333333,27.5,0.857142857142857,214.6499939,21.3633003,43,38.2224007,0,29.5699996948242,26.4357500076294,0,0,"N",34
"560","EMPAID_NCU04A_2013","success","2013-06-27",2013,"EMPAID","EMPAID_CU",177,178,8,"N","U",3.2,-0.999390827019096,158,"PSME",16.6666666666667,17.5,0.9,473.6229858,12.5155001,34,0.352009,0,20.5590000152588,16.6483332316081,11.7019996643066,6.25133327643077,"N",20
"561","EMPAID_NCU10A_2013","success","2013-06-27",2013,"EMPAID","EMPAID_CU",177,178,10,"N","H",1.8,-0.5,142,"PIPO",16.6666666666667,27.5,0.846153846153846,367.321991,8.3812399,64,35.2303009,0,21.7919998168945,18.0556666056315,11.753999710083,5.95999987920125,"N",36
"562","EMPAID_NCU10A_2019","success","2019-06-27",2019,"EMPAID","244",177,178,1,"N","U",2.8,-0.669130606358858,153,"PIPO",50,2.5,0.875,347.3299866,11.1772003,43,0,0,22.1730003356934,21.6110000610352,0.72000002861023,0.360000014305115,"N",25
"563","EMPAID_NCW-A02A_2019","success","2019-06-27",2019,"EMPAID","EMPAID_CW-A",172,178,2,"N","HB",2.2,0.390731128489273,145,"PSME",50,22.5,0.8,313.8340149,15.8607998,48,52.6841011,51.8223,25.201000213623,19.4912858690534,1.23500001430511,0.307142856929983,"N",33
"564","EMPAID_NCW-A03A_2017","failure","2017-06-27",2017,"EMPAID","EMPAID_CW-A",174,178,3,"I","H",2,0.0348994967025013,171,"PIPO",8.33333333333333,20,0.444444444444444,461.7590027,11.5770998,48,63.743,1.48646,31.4120006561279,27.0883337656657,0,0,"I",7
"565","EMPAID_NCW-A04A_2019","success","2019-06-27",2019,"EMPAID","EMPAID_CW-A",172,178,4,"N","HB",2.5,-0.20791169081776,156,"PIPO",50,5,0.875,448.9710083,9.8943596,53,64.0950012,49.5942001,28.4309997558594,25.0516667895847,1.23500001430511,0.182666669289271,"N",22
"566","EMPAID_NCW-A07A_2019","success","2019-06-27",2019,"EMPAID","EMPAID_CW-A",172,178,2,"N","H",1.7,-0.694658370458997,154,"PSME",16.6666666666667,12.5,0.375,387.9070129,16.1259995,17,73.892601,45.1442986,27.1410007476807,23.754778014289,2.1710000038147,0.272666666242811,"N",24
"567","EMPAID_NCW-D04A_2017","success","2017-06-27",2017,"EMPAID","EMPAID_CW-D",172,178,6,"F","HB",2,-0.342020143325669,134,"PIPO",25,2.5,0.75,481.0350037,11.2765999,66,17.219101,20.1387997,33.015998840332,29.1187141963414,0.564999997615814,0.118285715579987,"N",44
"568","EMPAID_NDL03A_2013","success","2013-06-27",2013,"EMPAID","EMPAID_DL",176,178,8,"N","U",6.7,0.342020143325669,154,"PIPO",0,5,0.4,163.3730011,49.6929016,15,0,0,21.3770008087158,16.5253999710083,11.2089996337891,2.99199992418289,"N",24
"569","EMPAID_NDL10A_2018","failure","2018-06-27",2018,"EMPAID","EMPAID_DL",171,178,6,"N","U",2.5,-0.965925826289068,155,"PIPO",183.333333333333,12.5,1,341.8380127,14.2024002,36,0,0,26.056999206543,19.0019999610053,4.80100011825562,0.847777799185779,"N",23
"570","EMPAID_NLC-R10A_2012","success","2012-06-26",2012,"EMPAID","EMPAID_LC-R",173,178,8,"N","B",1.6,0.642787609686539,147,"PIPO",0,7.5,1,136.8910065,31.3173008,11,0,3.1066,25.0450000762939,19.4800000190735,3.03999996185303,0.759999990463257,"N",31
"571","EMPAID_NLC04A_2013","success","2013-06-27",2013,"EMPAID","EMPAID_LC",176,178,6,"N","B",2.3,0.3583679495453,155,"PIPO",0,15,1,136.5529938,31.1275997,12,0,3.1066,19.2280006408691,16.960000038147,10.9879999160767,6.87533338864644,"N",23
"572","EMPAID_NSF07A_2014","success","2014-06-27",2014,"EMPAID","EMPAID_SF",167,178,3,"N","H",2.3,0.241921895599667,147,"PIPO",8.33333333333333,20,0.888888888888889,455.9129944,16.0212994,65,35.993,0,28.3589992523193,21.13383324941,4.78900003433228,1.1801666567723,"N",31
"573","EMPAID_NSF08A_2013","success","2013-06-27",2013,"EMPAID","EMPAID_SF",174,178,4,"N","U",1.8,-0.156434465040231,163,"PIPO",8.33333333333333,12.5,0.857142857142857,307.8590088,7.9717202,28,23.3792992,0,20.1380004882812,15.8902502059937,10.7180004119873,3.47200009226799,"I",15
"574","EMPAID_NSG10A_2012","success","2012-06-26",2012,"EMPAID","307",173,178,3,"N","HB",5.4,-0.139173100960066,143,"PIPO",41.6666666666667,2.5,0.666666666666667,136.2339935,68.9445038,32,33.7635994,59.1240005,29.1700000762939,24.879833539327,0,0,"N",35
"575","EMPAID_NSG10A_2013","failure","2013-06-27",2013,"EMPAID","308",176,178,5,"N","HB",2.2,0.809016994374947,160,"PIPO",0,0,0,83.7570038,67.5904007,23,36.1689987,55.9473991,18.2660007476807,16.3693335851034,11.6160001754761,6.81500005722046,"N",18
"576","EMPAID_NWM03A_2017","success","2017-06-27",2017,"EMPAID","318",170,178,2,"N","H",10.5,0.309016994374947,154,"PIPO",50,12.5,0.818181818181818,234.4140015,27.8251991,25,39.7476997,0.0923067,22.5729999542236,18.2442500591278,4.22100019454956,1.55275005102158,"N",24
"577","EMFWOR_NSWRC3-09A_2016","success","2016-06-27",2016,"EMFWOR","EMFWOR_SWRC3",176,179,1,"N","U",10.9,-0.951056516295154,147,"PIPO",16.6666666666667,27.5,0.307692307692308,276.2909851,15.3641996,45,0,0,28.8439998626709,24.0824999809265,0,0,"N",32
"578","EMMAOR_NCUBT1-10A_2016","failure","2016-06-27",2016,"EMMAOR","EMMAOR_CUBT1",176,179,4,"N","B",1.5,-0.961261695938319,150,"PIPO",91.6666666666667,2.5,1,254.3359985,40.260601,36,18.6271992,100,27.1569995880127,23.7048000335693,0,0,"N",29
"579","EMMAOR_NCUBT2-02A_2016","failure","2016-06-27",2016,"EMMAOR","EMMAOR_CUBT2",176,179,1,"N","HB",2.5,-0.529919264233205,158,"PIPO",100,10,0.5625,321.8429871,16.0660992,85,40.3931007,69.9620972,28.94700050354,22.7684998512268,0,0,"N",21
"580","EMMAOR_NCUBT2-02A_2021","failure","2021-06-28",2021,"EMMAOR","EMMAOR_CUBT2",175,179,4,"N","HB",0.95,0.970295726275996,NA,"PIPO",58.3333333333333,27.5,0.888888888888889,301.1149902,18.573,99,43.1212006,49.9029007,33.3880996704102,29.5714195251465,0,0,"N",NA
"581","EMMAOR_NCUBT2-10A_2016","failure","2016-06-27",2016,"EMMAOR","EMMAOR_CUBT2",176,179,1,"N","B",1.5,0.342020143325669,159,"PIPO",8.33333333333333,5,0.666666666666667,307.9989929,29.5515995,42,3.1094201,68.1669006,28.94700050354,22.7684998512268,0,0,"N",20
"582","EMMAOR_NCUBT2-10A_2021","failure","2021-06-28",2021,"EMMAOR","EMMAOR_CUBT2",175,179,5,"N","HB",2.55,-0.939692620785908,NA,"PIPO",16.6666666666667,7.5,1,269.1730042,24.0918007,47,38.3983994,62.2210999,32.5606994628906,28.0931418282645,3.28129982948303,0.586357117630541,"N",NA
"583","EMMAOR_NDUGC1-01A_2017","success","2017-06-28",2017,"EMMAOR","EMMAOR_DUGC1",171,179,1,"N","U",1.8,0.838670567945424,138,"JUOC",41.6666666666667,15,0,566.2919922,46.8091011,33,0,0,30.9820003509521,22.1719997406006,2.98200011253357,0.939400029182434,"N",41
"584","EMMAOR_NDUGC1-05A_2017","success","2017-06-28",2017,"EMMAOR","EMMAOR_DUGC1",171,179,1,"N","U",2.4,-0.529919264233205,147,"JUOC",50,5,0,295.6589966,46.0049019,50,6.8348498,6.9675698,30.9820003509521,22.1719997406006,2.98200011253357,0.939400029182434,"N",32
"585","EMMAOR_NDUGC1-06B_2017","success","2017-06-28",2017,"EMMAOR","95",171,179,2,"N","HB",2.5,0.529919264233205,139,"PIPO",0,7.5,1,467.4129944,19.9724007,49,51.7159996,51.5643997,31.2320003509521,27.6663335164388,2.98200011253357,0.457333346207937,"N",40
"586","EMMAOR_NELKT2-04A_2017","success","2017-06-28",2017,"EMMAOR","104",177,179,4,"N","HB",0.7,-0.891006524188368,141,"PIPO",25,27.5,1,252.4019928,35.2736015,22,72.2499008,84.848999,29.5650005340576,27.5426667531331,1.53699994087219,0.512333313624064,"N",38
"587","EMMAOR_NELKT2-06A_2017","success","2017-06-28",2017,"EMMAOR","EMMAOR_ELKT2",177,179,4,"N","U",2,-0.848048096156426,137,"PIPO",83.3333333333333,0,1,187.576004,16.7395,13,0,0,30.7670001983643,27.4491430010114,4.66800022125244,0.666857174464634,"N",42
"588","EMMAOR_NELKT3-01A_2017","success","2017-06-28",2017,"EMMAOR","EMMAOR_ELKT3",177,179,3,"N","HB",7.7,-0.64278760968654,146,"PIPO",58.3333333333333,35,0.714285714285714,412.3649902,11.6908998,49,22.1473007,20.0559998,29.1709995269775,25.8728332519531,0.00899999961256981,0.0014999999354283,"N",33
"589","EMMAOR_NFLAGC1-06A_2017","success","2017-06-28",2017,"EMMAOR","EMMAOR_FLAGC1",171,179,3,"N","U",4.2,0.939692620785908,145,"JUOC",58.3333333333333,20,0.4,374.7479858,43.5993004,30,0,0,30.371000289917,18.9155000448227,4.08199977874756,1.113499969244,"N",34
"590","EMMAOR_NMDC2-04A_2019","success","2019-06-28",2019,"EMMAOR","EMMAOR_MDC2",171,179,1,"N","U",2.2,-0.999390827019096,152,"POTR5",16.6666666666667,22.5,0.833333333333333,274.3129883,17.9540005,32,0,0,19.4939994812012,15.8637777964274,0.894999980926514,0.198555555608537,"N",27
"591","EMMAOR_NPAWT1-03A_2021","failure","2021-06-28",2021,"EMMAOR","EMMAOR_PAWT1",175,179,5,"N","H",1.15,0.642787609686539,NA,"PIPO",108.333333333333,2.5,1,439.1589966,26.0562992,30,46.0251999,1.3750499,32.0452003479004,27.6356563568115,2.87249994277954,0.492699989250728,"N",NA
"592","EMMAOR_NPAWT1-05A_2021","failure","2021-06-28",2021,"EMMAOR","EMMAOR_PAWT1",175,179,2,"N","H",2.9,-0.573576436351046,NA,"PIPO",41.6666666666667,10,1,424.9590149,58.6519012,17,70.1965027,0,32.9787979125977,29.1385990142822,0,0,"N",NA
"593","EMMAOR_NRATT2-10A_2019","failure","2019-06-28",2019,"EMMAOR","EMMAOR_RATT2",171,179,2,"N","U",1.9,-0.707106781186547,150,"PIPO",75,5,0.545454545454545,365.6199951,20.0345993,62,0,0,27.2800006866455,20.8444665908813,8.48999977111816,0.833799981574218,"N",29
"594","EMMAOR_NWOLFTB1-06A_2016","failure","2016-06-27",2016,"EMMAOR","EMMAOR_WOLFTB1",175,179,4,"N","H",1.3,0.939692620785908,147,"Abies",25,5,0.4,314.3540039,31.7625008,34,8.7415705,0,26.9039993286133,22.0749996185303,0,0,"N",32
"595","EMPAID_NB-S01A_2014","success","2014-06-28",2014,"EMPAID","EMPAID_B-S",177,179,1,"N","U",3.6,-0.898794046299167,157,"PIPO",0,15,0.5,418.7940063,10.4329004,40,2.5227301,0,19.6870002746582,17.8766670227051,9.13700008392334,4.64566673835119,"N",22
"596","EMPAID_NB-T01A_2016","success","2016-06-27",2016,"EMPAID","EMPAID_B-T",175,179,1,"N","HB",1.4,0.882947592858927,151,"PIPO",41.6666666666667,7.5,1,224.6860046,27.1019993,45,30.7714996,89.4802017,27.8349990844727,23.7643997192383,0,0,"N",28
"597","EMPAID_NB-T01A_2018","success","2018-06-28",2018,"EMPAID","EMPAID_B-T",177,179,2,"N","HB",3.7,0.927183854566787,145,"PIPO",0,2.5,1,226.7709961,34.1456985,31,37.8409996,92.4213028,26.6240005493164,23.5953337351481,0,0,"N",34
"598","EMPAID_NB-T06A_2016","success","2016-06-27",2016,"EMPAID","EMPAID_B-T",175,179,2,"N","HB",3,0.997564050259824,148,"PIPO",16.6666666666667,2.5,1,300.0969849,27.2082996,43,34.0569,79.8899002,28.5849990844727,20.6163750886917,12.3369998931885,2.38087501004338,"N",31
"599","EMPAID_NB-T10A_2018","success","2018-06-28",2018,"EMPAID","EMPAID_B-T",177,179,9,"N","H",2.5,-0.559192903470747,149,"PIPO",83.3333333333333,10,1,135.9060059,5.73808,61,9.76826,32.6766014,25.503999710083,21.1631111568875,7.4520001411438,2.04033335712221,"N",30
"600","EMPAID_NCU05A_2016","success","2016-06-27",2016,"EMPAID","EMPAID_CU",175,179,3,"N","U",2.1,-0.978147600733806,159,"PIPO",0,10,0.4,335.8819885,10.0938997,40,7.4215298,0,26.9300003051758,22.8568000793457,0,0,"N",20
"601","EMPAID_NCU10A_2014","success","2014-06-28",2014,"EMPAID","EMPAID_CU",177,179,5,"N","H",4.4,0.207911690817759,146,"PIPO",8.33333333333333,15,0.571428571428571,269.0350037,11.6083002,46,39.8944016,0,28.3419990539551,20.4358126521111,6.49499988555908,1.185999982059,"N",33
"602","EMPAID_NCW-A01A_2013","success","2013-06-28",2013,"EMPAID","EMPAID_CW-A",174,179,6,"N","U",4.6,-0.17364817766693,156,"PIPO",16.6666666666667,2.5,0.6,253.2870026,19.1459999,45,0,0,30.1480007171631,21.1874998410543,14.1949996948242,5.29533332586288,"N",23
"603","EMPAID_NCW-A01B_2013","success","2013-06-28",2013,"EMPAID","EMPAID_CW-A",174,179,6,"N","U",4.1,0.0523359562429439,154,"PIPO",8.33333333333333,45,0.894736842105263,211.9589996,18.6592007,14,8.8589001,0,28.7859992980957,19.5946666399638,16.1019992828369,5.91149977842967,"N",25
"604","EMPAID_NCW-B02A_2019","success","2019-06-28",2019,"EMPAID","EMPAID_CW-B",175,179,2,"N","HB",4.8,-0.974370064785235,152,"PSME",25,17.5,0.3,356.223999,29.0282001,65,61.6896019,66.5595016,26.6459999084473,21.6049164930979,2.46799993515015,0.482583329081535,"N",27
"605","EMPAID_NCW-B04A_2016","success","2016-06-27",2016,"EMPAID","EMPAID_CW-B",173,179,1,"I","H",3,0.207911690817759,165,"PSME",8.33333333333333,50,0.857142857142857,382.4869995,27.2096996,59,48.577301,0,27.8589992523193,19.9039999008179,14.3079996109009,4.08039996623993,"I",14
"606","EMPAID_NCW-D04A_2016","success","2016-06-27",2016,"EMPAID","EMPAID_CW-D",176,179,1,"N","HB",3.5,0.275637355816999,150,"PIPO",33.3333333333333,37.5,0.842105263157895,400.6530151,14.1034002,75,24.1713009,24.2894001,29.4230003356934,27.2670001983643,0,0,"N",29
"607","EMPAID_NLC-R10A_2012","success","2012-06-27",2012,"EMPAID","EMPAID_LC-R",178,179,9,"N","B",1.6,0.642787609686539,147,"PIPO",0,7.5,1,136.8910065,31.3173008,11,0,3.1066,29.8509998321533,25.707999865214,0.617999970912933,0.102999995152156,"N",32
"608","EMPAID_NSF02A_2016","success","2016-06-27",2016,"EMPAID","EMPAID_SF",176,179,7,"N","H",2.2,-0.777145961456971,139,"PIPO",8.33333333333333,52.5,0.909090909090909,141.1750031,32.2280006,100,30.6541996,4.4561901,29.8659992218018,25.0590000152588,0,0,"N",40
"609","EMPAID_NSF07A_2016","success","2016-06-27",2016,"EMPAID","EMPAID_SF",176,179,7,"N","H",5.5,-0.997564050259824,142,"PIPO",16.6666666666667,20,0.8,455.9129944,16.0212994,65,59.4309006,6.3118701,29.5349998474121,27.5440001487732,1.35699999332428,0.33924999833107,"N",37
"610","EMPAID_NSG10A_2017","failure","2017-06-28",2017,"EMPAID","312",174,179,1,"N","HB",2.5,-0.819152044288992,143,"PIPO",16.6666666666667,7.5,0.4,251.1049957,33.7626991,40,34.966301,75.2172012,30.371000289917,26.4413331349691,0,0,"N",36
"611","EMFWOR_NCAMC1-01A_2017","success","2017-06-29",2017,"EMFWOR","EMFWOR_CAMC1",178,180,2,"N","U",4.5,-0.766044443118978,143,"PIPO",50,15,0.769230769230769,318.071991,21.2150993,21,0,0,31.3379993438721,28.7914996147156,0,0,"N",37
"612","EMFWOR_NMUDT1-05A_2016","success","2016-06-28",2016,"EMFWOR","EMFWOR_MUDT1",175,180,1,"N","U",7.5,-0.99026806874157,157,"POTR5",8.33333333333333,0,0,429.9630127,9.0864496,80,13.4350004,0,23.2129993438721,22.8889999389648,0,0,"N",23
"613","EMMAOR_NCLIFFC1-08A_2017","success","2017-06-29",2017,"EMMAOR","EMMAOR_CLIFFC1",178,180,4,"N","U",3.6,-0.939692620785908,149,"JUOC",0,7.5,0,261.1099854,10.5565004,41,0,0,29.1350002288818,26.2206662495931,1.75600004196167,0.585333347320557,"N",31
"614","EMMAOR_NCLIFFC1-08B_2017","success","2017-06-29",2017,"EMMAOR","EMMAOR_CLIFFC1",178,180,4,"N","U",1.25,0.898794046299167,145,"JUOC",41.6666666666667,15,0.166666666666667,256.70401,10.8544998,37,0,0,29.1350002288818,26.2206662495931,1.75600004196167,0.585333347320557,"N",35
"615","EMMAOR_NCLIFFC2-07A_2015","success","2015-06-29",2015,"EMMAOR","EMMAOR_CLIFFC2",166,180,1,"N","U",1.9,0.275637355816999,145,"POTR5",41.6666666666667,7.5,0.8,145.1950073,30.8743992,21,0,0,31.2059993743896,26.1567776997884,0,0,"N",35
"616","EMMAOR_NCUBT2-03A_2015","failure","2015-06-29",2015,"EMMAOR","EMMAOR_CUBT2",167,180,2,"N","HB",1.7,-0.866025403784439,NA,"PIPO",66.6666666666667,0,0.75,347.32901,15.7995996,90,41.4491005,76.1625977,34.1749992370605,27.5499999182565,0.06700000166893,0.00550000010324376,"N",NA
"617","EMMAOR_NDUGC1-01A_2016","success","2016-06-28",2016,"EMMAOR","EMMAOR_DUGC1",175,180,4,"N","U",2.7,-0.20791169081776,143,"JUOC",41.6666666666667,10,0.1,503.1539917,48.7545013,32,0,0.009549,31.3719997406006,25.1810000737508,1.22300004959106,0.203833341598511,"N",37
"618","EMMAOR_NELKT2-04A_2016","success","2016-06-28",2016,"EMMAOR","103",175,180,1,"N","H",0.7,-0.891006524188368,148,"PIPO",25,27.5,1,252.4019928,35.2736015,22,72.2499008,5.5193,29.4549999237061,23.6630001068115,0.00999999977648258,0.00166666662941376,"N",32
"619","EMMAOR_NPAWT1-08A_2015","success","2015-06-29",2015,"EMMAOR","EMMAOR_PAWT1",167,180,1,"N","H",1.5,-0.999390827019096,152,"PIPO",16.6666666666667,65,0.928571428571429,617.4089966,13.6162004,27,27.9554005,1.53102,34.0589981079102,27.0799288068499,0.833999991416931,0.108642854860851,"I",28
"620","EMMAOR_NPRONGC2-01A_2015","success","2015-06-29",2015,"EMMAOR","EMMAOR_PRONGC2",153,180,1,"N","HB",1.65,-0.438371146789078,147,"PIPO",91.6666666666667,2.5,1,258.355011,28.7031002,52,19.6539001,77.4834976,23.7549991607666,20.8527498245239,3.15799999237061,0.876374989748001,"I",33
"621","EMMAOR_NRATT1-10A_2016","success","2016-06-28",2016,"EMMAOR","EMMAOR_RATT1",176,180,3,"N","U",1.5,-0.325568154457157,148,"JUOC",108.333333333333,27.5,0.0416666666666667,497.2980042,14.4579,47,0.616016,0,26.8239994049072,24.0450000762939,0,0,"N",32
"622","EMMAOR_NWOLFTB1-06A_2015","failure","2015-06-29",2015,"EMMAOR","EMMAOR_WOLFTB1",173,180,3,"N","H",1.75,-0.933580426497202,152,"PSME",16.6666666666667,12.5,0.571428571428571,376.9769897,30.9796009,32,8.7415705,0,29.8290004730225,23.4214735533062,0.731000006198883,0.0673684226839166,"N",28
"623","EMPAID_N1WS09A_2018","success","2018-06-29",2018,"EMPAID","EMPAID_1WS",176,180,6,"N","HB",2.5,0.374606593415912,149,"PIPO",16.6666666666667,15,0.625,466.8859863,10.3269997,60,27.8087006,54.6741982,27.0279998779297,22.9970002855573,5.4850001335144,1.63571430955614,"N",31
"624","EMPAID_NB-T10A_2014","success","2014-06-29",2014,"EMPAID","EMPAID_B-T",169,180,5,"N","H",3,-0.374606593415912,152,"PIPO",66.6666666666667,2.5,1,139.8930054,6.7675099,61,9.1815796,4.78722,28.761999130249,21.6011666456858,7.81699991226196,1.65016667296489,"N",28
"625","EMPAID_NB-U01A_2015","success","2015-06-29",2015,"EMPAID","EMPAID_B-U",174,180,7,"N","U",1.4,0.961261695938319,139,"PIPO",83.3333333333333,12.5,0.8,234.7059937,14.5546999,27,0,0,NA,NA,NA,NA,"N",41
"626","EMPAID_NBWC01A_2015","failure","2015-06-29",2015,"EMPAID","221",169,180,6,"N","U",2.1,-0.913545457642601,150,"PIPO",41.6666666666667,2.5,0.857142857142857,485.4320068,8.3555098,72,0,0,37.3370018005371,28.3228333791097,2.05800008773804,0.172250007279217,"I",30
"627","EMPAID_NCU05A_2015","success","2015-06-29",2015,"EMPAID","EMPAID_CU",175,180,5,"N","U",2.1,-0.978147600733806,149,"PIPO",0,10,0.4,335.8819885,10.0938997,40,7.4215298,0,37.0670013427734,31.1910003026326,0,0,"N",31
"628","EMPAID_NCU10A_2012","success","2012-06-28",2012,"EMPAID","239",173,180,4,"N","H",2,0.587785252292473,144,"PIPO",25,20,0.818181818181818,356.3980103,8.2056103,64,35.347599,0,30.0739994049072,23.7112500667572,7.92899990081787,0.991124987602234,"N",36
"629","EMPAID_NCU10A_2015","success","2015-06-29",2015,"EMPAID","EMPAID_CU",174,180,7,"F","H",4.5,-0.882947592858927,136,"PIPO",25,15,0.444444444444444,279.9419861,11.2514,44,40.7743988,0.194162,38.9440002441406,32.0205712999616,0,0,"N",44
"630","EMPAID_NCW-A03A_2016","success","2016-06-28",2016,"EMPAID","EMPAID_CW-A",176,180,8,"N","H",1.2,0.927183854566787,144,"PIPO",16.6666666666667,10,0.857142857142857,300.3580017,12.9594002,40,43.6492004,4.2397399,34.0999984741211,26.561799621582,0,0,"N",36
"631","EMPAID_NDL08A_2015","success","2015-06-29",2015,"EMPAID","EMPAID_DL",174,180,5,"N","U",1.2,-0.848048096156426,144,"PIPO",8.33333333333333,0,0.25,417.8909912,19.6219997,30,0,0,38.7919998168945,32.0200001852853,0.0120000001043081,0.00171428572918688,"N",36
"632","EMPAID_NLC-R10A_2012","success","2012-06-28",2012,"EMPAID","EMPAID_LC-R",179,180,10,"N","B",1.6,0.642787609686539,147,"PIPO",0,7.5,1,136.8910065,31.3173008,11,0,3.1066,26.0450000762939,20.0535001754761,9.19600009918213,4.90700003504753,"N",33
"633","EMPAID_NSF02A_2015","success","2015-06-29",2015,"EMPAID","EMPAID_SF",175,180,6,"N","H",1.3,0.848048096156426,139,"PIPO",25,17.5,1,555.651001,7.5188899,24,29.3633995,0,39.5660018920898,34.063499768575,0.597000002861023,0.0995000004768372,"N",41
"634","EMPAID_NSF05A_2016","success","2016-06-28",2016,"EMPAID","EMPAID_SF",176,180,6,"N","H",1.4,0.866025403784438,158,"PIPO",25,25,0.923076923076923,487.2810059,9.1460505,46,48.9292984,6.3118701,29.5349998474121,27.5440001487732,1.35699999332428,0.33924999833107,"N",22
"635","EMPAID_NSF07A_2015","success","2015-06-29",2015,"EMPAID","EMPAID_SF",175,180,5,"F","H",3,0.139173100960065,139,"PIPO",8.33333333333333,10,1,468.0100098,15.7231998,67,41.2144012,0,39.2490005493164,33.7260001500448,0.648999989032745,0.108166664838791,"N",41
"636","EMPAID_NSF09A_2015","success","2015-06-29",2015,"EMPAID","EMPAID_SF",175,180,2,"F","H",2,-0.719339800338651,137,"PIPO",108.333333333333,15,1,252.1320038,13.1206999,36,16.9258003,0,39.2490005493164,33.7260001500448,0.648999989032745,0.108166664838791,"N",43
"637","EMPAID_NSG10A_2014","success","2014-06-29",2014,"EMPAID","309",171,180,2,"N","HB",1.7,0.956304755963035,152,"PIPO",0,0,0,174.7400055,39.235199,46,33.1475983,61.0751991,27.4729995727539,22.3227001190186,8.80700016021729,1.39789999425411,"N",28
"638","EMPAID_NWM03A_2015","success","2015-06-29",2015,"EMPAID","316",173,180,2,"N","H",2.3,0.898794046299167,146,"PIPO",0,0,0,262.0979919,23.2483006,27,38.1049995,0,37.9799995422363,30.6595001220703,0.649999976158142,0.0812499970197678,"N",34
"639","EMPAID_NWRF-L08A_2015","success","2015-06-29",2015,"EMPAID","EMPAID_WRF-L",177,180,3,"F","H",2.5,-0.121869343405147,137,"PIPO",16.6666666666667,40,0.666666666666667,334.2109985,11.8463001,65,23.9073009,0,30.1730003356934,29.1599998474121,0,0,"N",43
"640","EMPAID_NWRF-M09A_2018","success","2018-06-29",2018,"EMPAID","EMPAID_WRF-M",173,180,3,"N","HB",4.3,0.642787609686539,161,"PIPO",16.6666666666667,17.5,0.333333333333333,434.8819885,14.8796997,69,25.3446999,21.4374008,24.7889995574951,22.3363335927327,2.28399991989136,1.58499999841054,"I",19
"641","EMFWOR_NCAMC3-08A_2020","success","2020-06-29",2020,"EMFWOR","EMFWOR_CAMC3",175,181,5,"N","U",4.8,-0.207911690817759,146,"POTR5",33.3333333333333,5,0.142857142857143,269.4970093,33.4715004,6,0,0,30.5249996185303,25.9598569869995,0.421000003814697,0.0601428576878139,"N",35
"642","EMFWOR_NCAMC5-01A_2020","failure","2020-06-29",2020,"EMFWOR","EMFWOR_CAMC5",175,181,6,"I","U",1.5,-0.996194698091746,161,"POTR5",66.6666666666667,22.5,1,255.272995,30.7194004,14,0,0,28.92799949646,24.2738572529384,0.324000000953674,0.0462857144219535,"I",20
"643","EMFWOR_NCAMC8-07A_2017","success","2017-06-30",2017,"EMFWOR","EMFWOR_CAMC8",178,181,7,"N","U",1.8,0.788010753606722,142,"POTR5",25,2.5,0.666666666666667,207.4019928,21.7194004,25,0,0,25.0030002593994,23.1837496757507,0,0,"N",39
"644","EMFWOR_NCAMC8-09A_2020","success","2020-06-29",2020,"EMFWOR","EMFWOR_CAMC8",175,181,4,"N","U",2.4,0.891006524188368,153,"POTR5",66.6666666666667,7.5,0.0833333333333333,402.1990051,16.6655006,34,0,0,27.6550006866455,20.0287501811981,5.81599998474121,1.00499999523163,"N",28
"645","EMFWOR_NMUDT1-05A_2020","success","2020-06-29",2020,"EMFWOR","EMFWOR_MUDT1",177,181,3,"I","H",3.2,0.809016994374947,165,"POTR5",0,0,0,422.5669861,8.8189402,80,56.9375,0,29.1690006256104,26.3290004730225,0,0,"I",16
"646","EMFWOR_NSWRC3-04A_2016","success","2016-06-29",2016,"EMFWOR","62",179,181,1,"N","U",1.35,-0.258819045102521,153,"POTR5",116.666666666667,15,0.25,373.0539856,14.29,30,0,0,28.253999710083,27.4559993743896,0,0,"N",28
"647","EMFWOR_NSWRC3-09A_2016","success","2016-06-29",2016,"EMFWOR","EMFWOR_SWRC3",179,181,2,"N","U",10.9,-0.951056516295154,147,"PIPO",16.6666666666667,27.5,0.307692307692308,276.2909851,15.3641996,45,0,0,30.19700050354,29.4520003000895,0,0,"N",34
"648","EMMAOR_NCUBT2-02A_2016","failure","2016-06-29",2016,"EMMAOR","EMMAOR_CUBT2",179,181,2,"N","HB",2.5,-0.529919264233205,158,"PIPO",100,10,0.5625,321.8429871,16.0660992,85,40.3931007,69.9620972,30.1490001678467,29.7276668548584,0,0,"N",23
"649","EMMAOR_NCUBT2-02A_2021","failure","2021-06-30",2021,"EMMAOR","EMMAOR_CUBT2",179,181,5,"N","HB",0.95,0.970295726275996,NA,"PIPO",58.3333333333333,27.5,0.888888888888889,301.1149902,18.573,99,43.1212006,49.9029007,35.3488006591797,34.0595003763835,0,0,"N",NA
"650","EMMAOR_NCUBT2-10A_2016","failure","2016-06-29",2016,"EMMAOR","EMMAOR_CUBT2",179,181,2,"N","B",1.5,0.342020143325669,159,"PIPO",8.33333333333333,5,0.666666666666667,307.9989929,29.5515995,42,3.1094201,68.1669006,30.1490001678467,29.7276668548584,0,0,"N",22
"651","EMMAOR_NCUBT2-10A_2021","failure","2021-06-30",2021,"EMMAOR","EMMAOR_CUBT2",179,181,6,"N","HB",2.55,-0.939692620785908,NA,"PIPO",16.6666666666667,7.5,1,269.1730042,24.0918007,47,38.3983994,62.2210999,33.3880996704102,29.5714195251465,0,0,"N",NA
"652","EMMAOR_NELKT3-03A_2019","failure","2019-06-30",2019,"EMMAOR","EMMAOR_ELKT3",178,181,2,"N","B",2.3,0.190808995376545,159,"PIPO",116.666666666667,25,0.541666666666667,451.5820007,9.0253401,66,15.0776997,54.6296997,19.8360004425049,19.4990005493164,0.800000011920929,0.401500005973503,"N",22
"653","EMMAOR_NPAWT1-04A_2015","failure","2015-06-30",2015,"EMMAOR","EMMAOR_PAWT1",167,181,2,"N","U",3.2,-0.190808995376545,161,"PIPO",25,37.5,1,771.098999,14.6253996,47,7.6855402,1.73155,30.5909996032715,25.2631249427795,0,0,"I",20
"654","EMMAOR_NRATT1-10A_2017","success","2017-06-30",2017,"EMMAOR","EMMAOR_RATT1",173,181,4,"N","U",2,-0.615661475325658,146,"JUOC",75,25,0.0526315789473684,495.1029968,13.9039001,45,0.146671,0,32.2050018310547,28.5206673940023,1.48699998855591,0.495666662851969,"N",35
"655","EMMAOR_NRATT2-10A_2017","success","2017-06-30",2017,"EMMAOR","EMMAOR_RATT2",171,181,1,"N","U",3.7,0.984807753012208,147,"JUOC",41.6666666666667,27.5,0.6875,404.6029968,19.7719994,68,0,0,32.2050018310547,26.9634546800093,1.48699998855591,0.192999996922233,"N",34
"656","EMMAOR_NWOLFC1-03A_2015","success","2015-06-30",2015,"EMMAOR","EMMAOR_WOLFC1",173,181,2,"N","U",5.1,-0.0697564737441256,148,"JUOC",33.3333333333333,17.5,0.181818181818182,414.3789978,11.2033997,54,0,0,34.5229988098145,29.9048890007867,0.559000015258789,0.107222222619587,"N",33
"657","EMMAOR_NWOLFC1-07A_2015","success","2015-06-30",2015,"EMMAOR","EMMAOR_WOLFC1",173,181,2,"N","U",3.1,0.4226182617407,145,"JUOC",0,5,0,377.0339966,16.7716999,61,0,0,29.9519996643066,23.5669473346911,0.768999993801117,0.0682631574178997,"N",36
"658","EMMAOR_NWOLFC2-09A_2016","success","2016-06-29",2016,"EMMAOR","EMMAOR_WOLFC2",179,181,1,"N","U",2,-0.809016994374947,148,"JUOC",75,22.5,0,190.5659943,17.3519993,38,0,0,30.0839996337891,29.1889998118083,0,0,"N",33
"659","EMPAID_N1WS07A_2017","failure","2017-06-30",2017,"EMPAID","EMPAID_1WS",178,181,3,"I","HB",3.7,-0.999390827019096,173,"PIPO",16.6666666666667,27.5,0.923076923076923,394.375,7.0488901,61,20.7978992,73.6829987,32.1860008239746,28.9286003112793,0.123000003397465,0.0254000007174909,"I",8
"660","EMPAID_N1WS09A_2017","success","2017-06-30",2017,"EMPAID","EMPAID_1WS",178,181,1,"N","HB",2.6,-0.374606593415912,146,"PIPO",25,2.5,1,464.7579956,11.5446997,69,31.9741993,65.9546967,32.1860008239746,28.9286003112793,0.123000003397465,0.0254000007174909,"N",35
"661","EMPAID_NB-S01A_2014","success","2014-06-30",2014,"EMPAID","EMPAID_B-S",179,181,2,"N","U",3.6,-0.898794046299167,157,"PIPO",0,15,0.5,418.7940063,10.4329004,40,2.5227301,0,NA,NA,NA,NA,"N",24
"662","EMPAID_NB-T02A_2015","failure","2015-06-30",2015,"EMPAID","EMPAID_B-T",175,181,3,"N","U",1.3,0.874619707139396,165,"PIPO",50,0,1,133.3150024,41.4236984,30,29.4221001,25.9032001,38.0629997253418,32.3109997340611,0,0,"I",16
"663","EMPAID_NB-T10A_2017","success","2017-06-30",2017,"EMPAID","EMPAID_B-T",177,181,1,"N","HB",4,-0.913545457642601,148,"PIPO",16.6666666666667,7.5,1,152.0950012,15.8095999,55,21.0618992,56.0811005,31.4139995574951,26.9150002002716,0,0,"N",33
"664","EMPAID_NB-U02A_2012","success","2012-06-29",2012,"EMPAID","EMPAID_B-U",178,181,2,"N","U",3.5,-0.292371704722737,148,"PIPO",16.6666666666667,22.5,1,370.1109924,17.5608006,28,0,0,29.8509998321533,25.707999865214,0.617999970912933,0.102999995152156,"N",33
"665","EMPAID_NB-U05A_2015","failure","2015-06-30",2015,"EMPAID","EMPAID_B-U",175,181,1,"I","U",3.8,0.615661475325658,168,"PIPO",33.3333333333333,5,0.666666666666667,329.9670105,19.7581005,28,0,0,37.5460014343262,32.0431434086391,0,0,"I",13
"666","EMPAID_NBWC01A_2014","success","2014-06-30",2014,"EMPAID","220",177,181,8,"N","U",2.3,-0.848048096156426,149,"PIPO",0,5,0.25,393.9559937,7.9387298,77,0,0,26.7560005187988,20.4452221128676,5.65500020980835,1.00900002320607,"N",32
"667","EMPAID_NBWC01A_2016","success","2016-06-29",2016,"EMPAID","222",173,181,3,"N","U",1.7,-0.829037572555042,145,"PIPO",8.33333333333333,30,1,527.4840088,8.0085697,65,0,0,31.6499996185303,25.2522218492296,0,0,"N",36
"668","EMPAID_NCP09A_2012","success","2012-06-29",2012,"EMPAID","229",173,181,1,"N","B",1.4,-0.754709580222772,148,"PIPO",8.33333333333333,0,0.25,108.8280029,44.2860985,35,4.5761199,4.78722,30.3570003509521,24.759444448683,7.42000007629395,0.870888898149133,"N",33
"669","EMPAID_NCU10A_2014","success","2014-06-30",2014,"EMPAID","EMPAID_CU",179,181,6,"N","H",4.4,0.207911690817759,146,"PIPO",8.33333333333333,15,0.571428571428571,269.0350037,11.6083002,46,39.8944016,0,21.0340003967285,19.3269996643066,9.37399959564209,4.70433322588603,"N",35
"670","EMPAID_NCW-A01A_2017","failure","2017-06-30",2017,"EMPAID","EMPAID_CW-A",179,181,1,"I","H",3.5,-0.0523359562429443,NA,"PIPO",8.33333333333333,27.5,0.333333333333333,259.9500122,29.9123001,64,62.2470016,0,25.9489994049072,24.53533299764,4.54899978637695,2.09733325242996,"I",NA
"671","EMPAID_NCW-A03A_2017","failure","2017-06-30",2017,"EMPAID","EMPAID_CW-A",178,181,4,"I","H",2,0.0348994967025013,171,"PIPO",8.33333333333333,20,0.444444444444444,461.7590027,11.5770998,48,63.743,1.48646,32.726001739502,28.9058006286621,0.513999998569489,0.150999999046326,"I",10
"672","EMPAID_NCW-A05A_2017","success","2017-06-30",2017,"EMPAID","EMPAID_CW-A",177,181,4,"N","H",2.3,-0.788010753606722,156,"PIPO",8.33333333333333,12.5,0.833333333333333,490.9500122,12.5887003,56,62.7457008,6.3118701,32.0970001220703,27.9642503261566,0.524999976158142,0.159999996423721,"N",25
"673","EMPAID_NCW-B03A_2017","success","2017-06-30",2017,"EMPAID","EMPAID_CW-B",177,181,2,"N","H",3,0.961261695938319,146,"PIPO",0,55,0.772727272727273,344.2019958,29.6429996,65,62.1590004,0.235541,30.5750007629395,26.5318333307902,1.3400000333786,0.442500015099843,"N",35
"674","EMPAID_NCW-E03A_2017","success","2017-06-30",2017,"EMPAID","EMPAID_CW-E",177,181,5,"N","H",2.5,-0.642787609686539,154,"PIPO",33.3333333333333,12.5,0.666666666666667,199.4450073,38.3394012,75,24.5527,0,30.753999710083,26.6425998687744,5.07600021362305,1.73280005455017,"N",27
"675","EMPAID_NSF02A_2015","success","2015-06-30",2015,"EMPAID","EMPAID_SF",180,181,7,"N","H",1.3,0.848048096156426,139,"PIPO",25,17.5,1,555.651001,7.5188899,24,29.3633995,0,39.5660018920898,38.1065006256104,0,0,"N",42
"676","EMPAID_NSF09A_2017","success","2017-06-30",2017,"EMPAID","EMPAID_SF",177,181,7,"N","H",2.2,-0.629320391049837,144,"PIPO",41.6666666666667,10,0.666666666666667,309.4450073,10.9294004,45,59.4309006,5.8439698,32.0970001220703,28.2643337249756,0.513999998569489,0.125833332538605,"N",37
"677","EMPAID_NSG09A_2015","success","2015-06-30",2015,"EMPAID","306",176,181,2,"N","HB",4,0.965925826289068,163,"PIPO",33.3333333333333,7.5,0.571428571428571,287.3630066,27.7528,40,37.3717003,66.4639969,27.8229999542236,25.9675715310233,2.24300003051758,0.320428575788225,"I",18
"678","EMPAID_NSG10A_2012","success","2012-06-29",2012,"EMPAID","307",178,181,4,"N","HB",5.4,-0.139173100960066,143,"PIPO",41.6666666666667,2.5,0.666666666666667,136.2339935,68.9445038,32,33.7635994,59.1240005,27.5709991455078,21.9804997444153,7.76100015640259,1.94025003910065,"N",38
"679","EMPAID_NSG10A_2017","failure","2017-06-30",2017,"EMPAID","312",179,181,2,"N","HB",2.5,-0.819152044288992,143,"PIPO",16.6666666666667,7.5,0.4,251.1049957,33.7626991,40,34.966301,75.2172012,25.007999420166,24.031333287557,0,0,"N",38
"680","EMPAID_NWM03A_2016","failure","2016-06-29",2016,"EMPAID","317",173,181,6,"N","H",2.4,0.469471562785891,163,"PIPO",41.6666666666667,7.5,0.875,291.2850037,23.3983002,19,39.5130997,0,27.6429996490479,19.3970001220703,6.17199993133545,1.62019999027252,"I",18
"681","EMPAID_NWM03A_2017","success","2017-06-30",2017,"EMPAID","318",178,181,3,"N","H",10.5,0.309016994374947,154,"PIPO",50,12.5,0.818181818181818,234.4140015,27.8251991,25,39.7476997,0.0923067,30.7430000305176,26.5602222018772,0.130999997258186,0.0145555552509096,"N",27
"682","EMPAID_NWRF-M06A_2016","success","2016-06-29",2016,"EMPAID","EMPAID_WRF-M",172,181,4,"N","H",2.1,-1.83697019872103e-16,149,"PSME",16.6666666666667,20,0.6,414.0329895,11.4113998,53,21.7658997,7.3590698,34.0950012207031,27.1525001525879,0.135000005364418,0.0135000005364418,"N",32
"683","EMFWOR_NCAMC1-01A_2015","success","2015-07-01",2015,"EMFWOR","EMFWOR_CAMC1",174,182,3,"N","U",2.3,0.939692620785908,157,"PIPO",33.3333333333333,17.5,0.272727272727273,356.1910095,22.1828995,31,0,0,24.3439998626709,23.6665000915527,0,0,"N",25
"684","EMFWOR_NCAMC1-02A_2019","failure","2019-07-01",2019,"EMFWOR","EMFWOR_CAMC1",178,182,5,"N","U",4.6,-0.788010753606722,163,"PIPO",191.666666666667,17.5,0.5,341.7489929,19.5303001,30,0,0,22.67799949646,19.3144002914429,0,0,"N",19
"685","EMFWOR_NCAMC2-10A_2019","failure","2019-07-01",2019,"EMFWOR","EMFWOR_CAMC2",178,182,6,"N","U",3.9,0.139173100960065,154,"PIPO",91.6666666666667,7.5,0.733333333333333,447.7210083,14.8600998,60,0,0,22.0849990844727,18.4525999069214,0,0,"N",28
"686","EMFWOR_NCAMC4-07A_2019","success","2019-07-01",2019,"EMFWOR","EMFWOR_CAMC4",178,182,7,"N","U",3.9,-0.970295726275996,146,"POTR5",66.6666666666667,20,0.823529411764706,245.7920074,15.8908997,23,0,0,20.0690002441406,18.0795001983643,0,0,"N",36
"687","EMFWOR_NCAMC5-01A_2015","success","2015-07-01",2015,"EMFWOR","EMFWOR_CAMC5",174,182,2,"N","U",2.4,-0.719339800338651,150,"POTR5",16.6666666666667,2.5,0.4,266.1570129,28.5111008,13,0,0,24.8579998016357,23.1095002492269,0,0,"N",32
"688","EMFWOR_NCAMC7-06A_2015","success","2015-07-01",2015,"EMFWOR","EMFWOR_CAMC7",174,182,3,"N","U",1.7,-0.981627183447664,152,"POTR5",91.6666666666667,5,0.307692307692308,341.3900146,19.566,42,0,0,26.5510005950928,24.3174003601074,0,0,"N",30
"689","EMFWOR_NCAMC7-06A_2020","success","2020-06-30",2020,"EMFWOR","EMFWOR_CAMC7",177,182,1,"N","U",4,0.866025403784438,145,"PIPO",16.6666666666667,5,0.166666666666667,296.1889954,21.6956997,38,0,0,30.0349998474121,23.6853334108988,0.312000006437302,0.0520000010728836,"N",37
"690","EMFWOR_NMUDT1-05A_2015","success","2015-07-01",2015,"EMFWOR","EMFWOR_MUDT1",174,182,3,"N","U",7.5,-0.99026806874157,149,"POTR5",8.33333333333333,0,0,429.9630127,9.0864496,80,13.4350004,0,24.6590003967285,22.9141667683919,0,0,"N",33
"691","EMFWOR_NSWRC3-03A_2019","success","2019-07-01",2019,"EMFWOR","EMFWOR_SWRC3",178,182,4,"N","U",3.2,0.951056516295154,156,"PIPO",8.33333333333333,17.5,0.222222222222222,358.6419983,17.3425007,49,5.4268098,0,20.4629993438721,16.8673994064331,0,0,"N",26
"692","EMFWOR_NSWRC3-03A_2020","success","2020-06-30",2020,"EMFWOR","EMFWOR_SWRC3",176,182,4,"N","U",8.7,6.12323399573677e-17,150,"PIPO",66.6666666666667,20,0.25,314.0650024,16.2073994,49,5.8961601,5.8980799,27.9220008850098,19.8532502651215,3.01999998092651,0.377499997615814,"N",32
"693","EMFWOR_NSWRC3-04A_2020","success","2020-06-30",2020,"EMFWOR","64",176,182,1,"N","U",2.2,0.669130606358858,157,"POTR5",175,12.5,0.0769230769230769,379.5469971,13.5320997,30,0,0,29.2129993438721,23.3818573270525,0.393999993801117,0.0562857134001596,"N",25
"694","EMFWOR_NSWRC3-09A_2019","failure","2019-07-01",2019,"EMFWOR","EMFWOR_SWRC3",178,182,4,"N","U",2.9,0.913545457642601,144,"PIPO",33.3333333333333,35,0.888888888888889,297.1659851,13.4812002,32,0,0,23.67799949646,20.3151996612549,0,0,"N",38
"695","EMMAOR_NDUGC1-01A_2015","success","2015-07-01",2015,"EMMAOR","EMMAOR_DUGC1",169,182,2,"N","U",1.5,0.573576436351046,146,"JUOC",58.3333333333333,5,0,503.1539917,48.7545013,32,0,0.009549,31.2910003662109,26.1259091117165,0,0,"N",36
"696","EMMAOR_NELKT2-02A_2021","failure","2021-07-01",2021,"EMMAOR","EMMAOR_ELKT2",172,182,2,"N","H",1.6,-0.719339800338651,NA,"PIPO",33.3333333333333,2.5,1,565.0209961,11.5177002,45,49.4572983,0.623866,34.121997833252,30.0231082222678,1.91279995441437,0.173890904946761,"N",NA
"697","EMMAOR_NELKT2-06A_2015","success","2015-07-01",2015,"EMMAOR","EMMAOR_ELKT2",169,182,1,"N","U",2.2,0.866025403784439,143,"JUOC",83.3333333333333,5,0.75,185.0449982,15.9097996,13,0,0,25.9839992523193,25.8689994812012,0,0,"N",39
"698","EMMAOR_NELKT3-03A_2019","failure","2019-07-01",2019,"EMMAOR","EMMAOR_ELKT3",181,182,3,"N","B",2.3,0.190808995376545,159,"PIPO",116.666666666667,25,0.541666666666667,451.5820007,9.0253401,66,15.0776997,54.6296997,21.6860008239746,18.6757502555847,0.800000011920929,0.434750005602837,"N",23
"699","EMMAOR_NELKT3-08A_2021","failure","2021-07-01",2021,"EMMAOR","EMMAOR_ELKT3",176,182,2,"N","H",2.8,0.258819045102521,NA,"PIPO",0,47.5,0.894736842105263,458.7030029,27.5021,62,68.2312012,0,32.6665992736816,29.723927634103,0,0,"N",NA
"700","EMMAOR_NFLAGC1-05A_2015","failure","2015-07-01",2015,"EMMAOR","EMMAOR_FLAGC1",166,182,1,"I","U",4,-0.819152044288992,158,"JUOC",41.6666666666667,7.5,0.3,427.0480042,33.6544991,32,0,0,33.5320014953613,27.1967056498808,0.907999992370606,0.190764704171349,"I",24
"701","EMMAOR_NFLAGC1-08A_2015","success","2015-07-01",2015,"EMMAOR","EMMAOR_FLAGC1",161,182,1,"N","U",9,-0.719339800338651,144,"PIPO",33.3333333333333,22.5,0.846153846153846,496.4349976,19.8724995,24,0,0,33.5320014953613,26.5707270882346,0.907999992370606,0.147409089586952,"I",38
"702","EMMAOR_NFLAGC2-10A_2019","success","2019-07-01",2019,"EMMAOR","EMMAOR_FLAGC2",172,182,1,"N","HB",7.5,0.224951054343865,147,"PIPO",50,20,0.785714285714286,126.4869995,64.5207977,17,85.4208984,85.4377975,24.4580001831055,19.0452728271484,0.876999974250793,0.218727268955924,"N",35
"703","EMMAOR_NRATT1-10A_2016","success","2016-06-30",2016,"EMMAOR","EMMAOR_RATT1",180,182,4,"N","U",1.5,-0.325568154457157,148,"JUOC",108.333333333333,27.5,0.0416666666666667,497.2980042,14.4579,47,0.616016,0,30.423999786377,24.2478000640869,0,0,"N",34
"704","EMPAID_NB-T01A_2016","success","2016-06-30",2016,"EMPAID","EMPAID_B-T",179,182,2,"N","HB",1.4,0.882947592858927,151,"PIPO",41.6666666666667,7.5,1,224.6860046,27.1019993,45,30.7714996,89.4802017,33.1469993591309,31.3329997062683,0,0,"N",31
"705","EMPAID_NB-T01A_2019","success","2019-07-01",2019,"EMPAID","EMPAID_B-T",176,182,1,"N","HB",3.3,0.642787609686539,143,"PIPO",75,2.5,1,245.470993,29.2418003,32,33.9981995,92.8063965,24.9080009460449,18.780500292778,0.028999999165535,0.00362499989569187,"N",39
"706","EMPAID_NB-T06A_2016","success","2016-06-30",2016,"EMPAID","EMPAID_B-T",179,182,3,"N","HB",3,0.997564050259824,148,"PIPO",16.6666666666667,2.5,1,300.0969849,27.2082996,43,34.0569,79.8899002,29.0890007019043,24.953999710083,0,0,"N",34
"707","EMPAID_NB-U01A_2014","success","2014-07-01",2014,"EMPAID","EMPAID_B-U",174,182,6,"N","U",2,-0.819152044288992,150,"PIPO",100,17.5,0.947368421052632,188.4600067,14.5770998,40,0,0,NA,NA,NA,NA,"N",32
"708","EMPAID_NCU04A_2013","success","2013-07-01",2013,"EMPAID","EMPAID_CU",178,182,9,"N","U",3.2,-0.999390827019096,158,"PSME",16.6666666666667,17.5,0.9,473.6229858,12.5155001,34,0.352009,0,17.5249996185303,15.3979997634888,6.41200017929077,4.71150004863739,"N",24
"709","EMPAID_NCU07A_2013","success","2013-07-01",2013,"EMPAID","EMPAID_CU",177,182,10,"N","H",2.8,0.866025403784439,148,"PSME",8.33333333333333,30,0.692307692307692,410.1860046,10.8526001,56,18.7737999,0,NA,NA,NA,NA,"N",34
"710","EMPAID_NCU10A_2013","success","2013-07-01",2013,"EMPAID","EMPAID_CU",178,182,11,"N","H",1.8,-0.5,142,"PIPO",16.6666666666667,27.5,0.846153846153846,367.321991,8.3812399,64,35.2303009,0,18.6159992218018,16.6949996948242,5.60599994659424,4.38399994373322,"N",40
"711","EMPAID_NCW-A03A_2016","success","2016-06-30",2016,"EMPAID","EMPAID_CW-A",180,182,9,"N","H",1.2,0.927183854566787,144,"PIPO",16.6666666666667,10,0.857142857142857,300.3580017,12.9594002,40,43.6492004,4.2397399,34.9710006713867,34.2916666666667,0,0,"N",38
"712","EMPAID_NDL08A_2014","success","2014-07-01",2014,"EMPAID","EMPAID_DL",176,182,2,"N","U",2.9,0.601815023152048,151,"PIPO",16.6666666666667,15,0.625,284.3110046,20.8591995,28,0,0,28.2059993743896,23.5402855191912,1.74600005149841,0.257714292832783,"N",31
"713","EMPAID_NPM09A_2013","success","2013-07-01",2013,"EMPAID","291",176,182,4,"N","B",2.6,-0.587785252292473,159,"PIPO",8.33333333333333,5,0.333333333333333,191.4179993,19.1755009,47,8.80023,49.1040001,33.5229988098145,25.1190002986363,11.0909996032715,3.1541428225381,"N",23
"714","EMPAID_NSF02A_2016","success","2016-06-30",2016,"EMPAID","EMPAID_SF",179,182,8,"F","H",2.2,-0.777145961456971,139,"PIPO",8.33333333333333,52.5,0.909090909090909,141.1750031,32.2280006,100,30.6541996,4.4561901,35.3359985351562,33.4509997367859,0,0,"N",43
"715","EMPAID_NSF05A_2016","success","2016-06-30",2016,"EMPAID","EMPAID_SF",180,182,7,"N","H",1.4,0.866025403784438,158,"PIPO",25,25,0.923076923076923,487.2810059,9.1460505,46,48.9292984,6.3118701,34.0999984741211,26.561799621582,0,0,"N",24
"716","EMPAID_NSF07A_2016","success","2016-06-30",2016,"EMPAID","EMPAID_SF",179,182,8,"N","H",5.5,-0.997564050259824,142,"PIPO",16.6666666666667,20,0.8,455.9129944,16.0212994,65,59.4309006,6.3118701,29.4249992370605,24.6772499084473,0,0,"N",40
"717","EMPAID_NSG09A_2015","success","2015-07-01",2015,"EMPAID","306",181,182,3,"N","HB",4,0.965925826289068,163,"PIPO",33.3333333333333,7.5,0.571428571428571,287.3630066,27.7528,40,37.3717003,66.4639969,38.0629997253418,33.2496662139893,0,0,"N",19
"718","EMPAID_NSG10A_2019","success","2019-07-01",2019,"EMPAID","313",177,182,2,"N","HB",3.8,-0.342020143325669,151,"PIPO",0,0,0,182.6430054,34.8348999,65,26.1366997,45.9337006,26.2590007781982,21.8726666768392,0.72000002861023,0.120000004768372,"N",31
"719","EMPAID_NWM03A_2014","success","2014-07-01",2014,"EMPAID","315",174,182,3,"N","H",2.9,-0.694658370458997,148,"PIPO",16.6666666666667,5,0.5,252.5079956,27.0023003,28,40.1876984,0.165515,27.386999130249,22.1006664699978,7.5,1.38477779097027,"N",34
"720","EMPAID_NWM03A_2019","success","2019-07-01",2019,"EMPAID","320",176,182,2,"N","H",2,-0.970295726275996,159,"PIPO",25,0,1,283.6929932,25.2553005,24,40.6864014,0.108222,26.2730007171631,21.657285962786,0.646000027656555,0.0938571467995644,"N",23
"721","EMPAID_NWRF-M06A_2015","success","2015-07-01",2015,"EMPAID","EMPAID_WRF-M",177,182,7,"N","H",3,-0.939692620785908,148,"PIPO",8.33333333333333,42.5,0.5,399.4190063,11.8261995,60,20.6805992,0,30.6189994812012,29.6735000610352,0.0500000007450581,0.025000000372529,"N",34
"722","EMFWOR_NCAMC1-02A_2018","success","2018-07-02",2018,"EMFWOR","EMFWOR_CAMC1",179,183,1,"N","U",5.2,0.5,148,"PIPO",191.666666666667,17.5,0.5,341.7489929,19.5303001,30,0,0,26.1879997253418,25.8509998321533,0,0,"N",35
"723","EMFWOR_NCAMC2-10A_2018","success","2018-07-02",2018,"EMFWOR","EMFWOR_CAMC2",176,183,5,"N","U",3.9,0.139173100960065,143,"PIPO",91.6666666666667,7.5,0.733333333333333,447.7210083,14.8600998,60,0,0,26.5919990539551,23.6240000724792,0,0,"N",40
"724","EMFWOR_NCAMC3-08A_2018","success","2018-07-02",2018,"EMFWOR","EMFWOR_CAMC3",176,183,6,"N","U",3.1,0.629320391049837,140,"POTR5",75,0,0,269.1860046,33.5130997,8,0,0,27.4120006561279,24.4198751449585,0,0,"N",43
"725","EMFWOR_NCAMC3-08A_2020","success","2020-07-01",2020,"EMFWOR","EMFWOR_CAMC3",181,183,6,"N","U",4.8,-0.207911690817759,146,"POTR5",33.3333333333333,5,0.142857142857143,269.4970093,33.4715004,6,0,0,19.7959995269775,16.5316661198934,0.421000003814697,0.140333334604899,"N",37
"726","EMFWOR_NCAMC4-01A_2018","success","2018-07-02",2018,"EMFWOR","EMFWOR_CAMC4",179,183,1,"N","B",3.1,0.999390827019096,154,"POTR5",75,20,0.88235294117647,283.0090027,23.9491005,22,4.2241101,56.2943993,24.6049995422363,24.3269996643066,0,0,"N",29
"727","EMFWOR_NCAMC4-07A_2018","success","2018-07-02",2018,"EMFWOR","EMFWOR_CAMC4",177,183,2,"N","U",1.7,-0.913545457642601,143,"POTR5",83.3333333333333,2.5,0.0833333333333333,308.4670105,14.2714996,31,0,0,25.9400005340576,22.7387142181396,0,0,"N",40
"728","EMFWOR_NCAMC4-10A_2018","success","2018-07-02",2018,"EMFWOR","EMFWOR_CAMC4",179,183,1,"F","U",1.7,0.848048096156426,142,"POTR5",91.6666666666667,2.5,0.333333333333333,193.4320068,30.6445007,8,0,0,24.6049995422363,24.3269996643066,0,0,"N",41
"729","EMFWOR_NCAMC4-10B_2018","success","2018-07-02",2018,"EMFWOR","EMFWOR_CAMC4",176,183,8,"N","U",2.5,0.17364817766693,142,"POTR5",8.33333333333333,0,0,310.7160034,19.4978008,20,0,0,26.5919990539551,23.1441663106283,0,0,"N",41
"730","EMFWOR_NCAMC5-01A_2018","success","2018-07-02",2018,"EMFWOR","EMFWOR_CAMC5",176,183,8,"N","U",7.3,-0.453990499739547,140,"POTR5",25,2.5,0.2,266.1570129,28.5111008,13,0,0,25.9400005340576,19.574874997139,8.32600021362305,1.51175001263618,"N",43
"731","EMFWOR_NCAMC5-01A_2020","failure","2020-07-01",2020,"EMFWOR","EMFWOR_CAMC5",181,183,7,"I","U",1.5,-0.996194698091746,161,"POTR5",66.6666666666667,22.5,1,255.272995,30.7194004,14,0,0,18.7779998779297,15.1363331476847,0.324000000953674,0.108000000317891,"I",22
"732","EMFWOR_NCAMC7-06A_2018","success","2018-07-02",2018,"EMFWOR","EMFWOR_CAMC7",177,183,2,"N","U",7.5,0.0348994967025013,148,"POTR5",100,7.5,0.266666666666667,340.54599,18.4986992,42,0,0,27.3330001831055,21.4237777921889,6.91400003433228,1.12711111704508,"N",35
"733","EMFWOR_NCAMC8-07A_2018","success","2018-07-02",2018,"EMFWOR","EMFWOR_CAMC8",177,183,7,"N","U",1.8,0.788010753606722,143,"POTR5",25,2.5,0.666666666666667,207.4019928,21.7194004,25,0,0,24.6049995422363,22.4845714569092,0,0,"N",40
"734","EMFWOR_NCAMC8-09A_2020","success","2020-07-01",2020,"EMFWOR","EMFWOR_CAMC8",181,183,5,"N","U",2.4,0.891006524188368,153,"POTR5",66.6666666666667,7.5,0.0833333333333333,402.1990051,16.6655006,34,0,0,30.5949993133545,26.0244286400931,0.312000006437302,0.0445714294910431,"N",30
"735","EMFWOR_NLILT1-10A_2016","success","2016-07-01",2016,"EMFWOR","EMFWOR_LILT1",180,183,1,"N","U",3.9,0.422618261740699,163,"PIPO",25,45,0.772727272727273,354.2510071,15.8219004,41,11.9390001,0,26.3369998931885,22.4493999481201,0,0,"N",20
"736","EMFWOR_NMUDT1-05A_2016","success","2016-07-01",2016,"EMFWOR","EMFWOR_MUDT1",180,183,2,"N","U",7.5,-0.99026806874157,157,"POTR5",8.33333333333333,0,0,429.9630127,9.0864496,80,13.4350004,0,26.4249992370605,22.5423332850138,0,0,"N",26
"737","EMFWOR_NRIMT1-01A_2016","failure","2016-07-01",2016,"EMFWOR","EMFWOR_RIMT1",180,183,1,"N","U",1,-0.891006524188368,NA,"PIPO",50,37.5,0.714285714285714,331.0090027,14.9574003,52,8.7415705,0,27.1410007476807,23.218200302124,0,0,"N",NA
"738","EMFWOR_NSWRC2-09A_2018","success","2018-07-02",2018,"EMFWOR","EMFWOR_SWRC2",176,183,3,"F","U",3.6,-0.20791169081776,139,"POTR5",16.6666666666667,5,0,433.8880005,10.6893997,42,2.3174,0,25.4300003051758,22.5485002994537,0,0,"N",44
"739","EMFWOR_NSWRC3-03B_2018","success","2018-07-02",2018,"EMFWOR","EMFWOR_SWRC3",179,183,1,"N","U",6.7,-0.829037572555042,165,"PIPO",25,12.5,0.7,387.4509888,17.0130005,49,4.6054602,0,23.9379997253418,23.7609996795654,0,0,"I",18
"740","EMFWOR_NSWRC3-04A_2018","success","2018-07-02",2018,"EMFWOR","63",176,183,5,"N","U",2.3,-0.99026806874157,142,"POTR5",150,25,0.321428571428571,373.0539856,14.29,30,0,0,26.4270000457764,23.5234994888306,0,0,"N",41
"741","EMFWOR_NSWRC3-09A_2016","success","2016-07-01",2016,"EMFWOR","EMFWOR_SWRC3",181,183,3,"N","U",10.9,-0.951056516295154,147,"PIPO",16.6666666666667,27.5,0.307692307692308,276.2909851,15.3641996,45,0,0,30.19700050354,29.2853336334229,0,0,"N",36
"742","EMFWOR_NSWRC3-09A_2018","success","2018-07-02",2018,"EMFWOR","EMFWOR_SWRC3",176,183,2,"N","U",16.3,-0.819152044288992,145,"PIPO",58.3333333333333,22.5,0.5,322.7200012,12.9469004,34,0,0,28.3700008392334,22.0551248788834,5.79099988937378,1.04174998402596,"N",38
"743","EMMAOR_NCLIFFC1-07A_2015","success","2015-07-02",2015,"EMMAOR","EMMAOR_CLIFFC1",180,183,1,"N","U",2.4,0.978147600733806,147,"PIPO",116.666666666667,7.5,0.722222222222222,259.7139893,7.9499998,48,0,0,34.3320007324219,31.1011670430501,0.379999995231628,0.0633333325386047,"N",36
"744","EMMAOR_NCUBT2-02A_2021","failure","2021-07-02",2021,"EMMAOR","EMMAOR_CUBT2",181,183,6,"N","HB",0.95,0.970295726275996,NA,"PIPO",58.3333333333333,27.5,0.888888888888889,301.1149902,18.573,99,43.1212006,49.9029007,35.3488006591797,33.913932800293,0.0942999944090843,0.0314333314696948,"N",NA
"745","EMMAOR_NCUBT2-03A_2015","failure","2015-07-02",2015,"EMMAOR","EMMAOR_CUBT2",180,183,3,"N","HB",1.7,-0.866025403784439,NA,"PIPO",66.6666666666667,0,0.75,347.32901,15.7995996,90,41.4491005,76.1625977,34.0379981994629,32.6359996795654,0.00999999977648258,0.00249999994412065,"N",NA
"746","EMMAOR_NCUBT2-08A_2019","success","2019-07-02",2019,"EMMAOR","EMMAOR_CUBT2",178,183,3,"N","HB",2.2,-0.848048096156426,144,"PIPO",16.6666666666667,7.5,1,252.5319977,21.6002998,64,39.0437012,82.4522018,25.1849994659424,21.4578336079915,1.11899995803833,0.36299999554952,"N",39
"747","EMMAOR_NCUBT2-10A_2015","failure","2015-07-02",2015,"EMMAOR","EMMAOR_CUBT2",181,183,1,"N","B",3.5,6.12323399573677e-17,NA,"PIPO",75,0,1,265.8160095,29.0720997,44,11.9682999,78.0850983,34.0379981994629,33.144998550415,0.00999999977648258,0.00499999988824129,"N",NA
"748","EMMAOR_NCUBT2-10A_2021","failure","2021-07-02",2021,"EMMAOR","EMMAOR_CUBT2",181,183,7,"F","HB",2.55,-0.939692620785908,NA,"PIPO",16.6666666666667,7.5,1,269.1730042,24.0918007,47,38.3983994,62.2210999,35.3488006591797,34.0595003763835,0,0,"N",NA
"749","EMMAOR_NMDC2-04A_2019","success","2019-07-02",2019,"EMMAOR","EMMAOR_MDC2",179,183,2,"N","U",2.2,-0.999390827019096,152,"POTR5",16.6666666666667,22.5,0.833333333333333,274.3129883,17.9540005,32,0,0,23.1200008392334,19.8520002365112,0,0,"N",31
"750","EMMAOR_NPAWT1-04A_2015","failure","2015-07-02",2015,"EMMAOR","EMMAOR_PAWT1",181,183,3,"N","U",3.2,-0.190808995376545,161,"PIPO",25,37.5,1,771.098999,14.6253996,47,7.6855402,1.73155,34.0589981079102,27.36506690979,0.833999991416931,0.101399997870127,"N",22
"751","EMMAOR_NPAWT1-05A_2015","success","2015-07-02",2015,"EMMAOR","EMMAOR_PAWT1",180,183,1,"N","U",0.7,0.422618261740699,152,"PIPO",83.3333333333333,0,0.833333333333333,585.5549927,22.1138992,27,5.72015,0,34.0589981079102,30.3553333282471,0.686999976634979,0.11449999610583,"N",31
"752","EMMAOR_NPAWT1-08A_2015","success","2015-07-02",2015,"EMMAOR","EMMAOR_PAWT1",180,183,2,"N","H",1.5,-0.999390827019096,152,"PIPO",16.6666666666667,65,0.928571428571429,617.4089966,13.6162004,27,27.9554005,1.53102,33.5480003356934,32.1960000991821,0.686999976634979,0.171749994158745,"N",31
"753","EMMAOR_NPRONGC1-01A_2019","success","2019-07-02",2019,"EMMAOR","141",176,183,4,"N","B",1.7,0.224951054343865,140,"PIPO",16.6666666666667,12.5,1,165.4450073,45.5554008,23,0,95.5087967,25.2439994812012,20.9941248893738,0.898000001907349,0.311375001445413,"N",43
"754","EMMAOR_NPRONGC2-01A_2019","failure","2019-07-02",2019,"EMMAOR","EMMAOR_PRONGC2",176,183,2,"I","HB",1.7,-0.819152044288992,NA,"PIPO",41.6666666666667,0,0.8,280.0159912,28.6798992,49,18.5685005,72.8172989,24.6900005340576,20.722125172615,0.778999984264374,0.206499998574145,"I",NA
"755","EMMAOR_NPRONGC2-08A_2019","failure","2019-07-02",2019,"EMMAOR","EMMAOR_PRONGC2",176,183,2,"N","HB",2.4,-0.615661475325658,152,"PIPO",75,10,0.769230769230769,429.5859985,26.3316994,54,6.42417,65.7923965,24.6900005340576,20.722125172615,0.778999984264374,0.206499998574145,"N",31
"756","EMMAOR_NRATT1-10A_2015","failure","2015-07-02",2015,"EMMAOR","EMMAOR_RATT1",176,183,1,"N","U",2,-0.615661475325658,NA,"JUOC",75,25,0.0526315789473684,495.1029968,13.9039001,45,0.146671,0,34.1049995422363,31.5634999275208,0,0,"N",NA
"757","EMMAOR_NRATT2-10A_2019","failure","2019-07-02",2019,"EMMAOR","EMMAOR_RATT2",179,183,3,"N","U",1.9,-0.707106781186547,150,"PIPO",75,5,0.545454545454545,365.6199951,20.0345993,62,0,0,21.0380001068115,17.1452220280965,1.25,0.164777777261204,"N",33
"758","EMMAOR_NSAGEC1-09A_2015","failure","2015-07-02",2015,"EMMAOR","EMMAOR_SAGEC1",174,183,3,"N","U",1.1,0.951056516295154,149,"JUOC",50,17.5,0.769230769230769,537.5889893,15.4568996,45,21.7071991,0,35.4119987487793,31.519299697876,0.514999985694885,0.0514999985694885,"N",34
"759","EMMAOR_NSAGEC1-10A_2015","failure","2015-07-02",2015,"EMMAOR","EMMAOR_SAGEC1",174,183,4,"N","H",0.8,-0.190808995376545,148,"PIPO",0,35,1,429.2900085,31.4356995,33,37.0489998,0,26.0879993438721,25.5719995498657,0.430999994277954,0.215499997138977,"N",35
"760","EMMAOR_NSAGEC1-10B_2015","success","2015-07-02",2015,"EMMAOR","EMMAOR_SAGEC1",174,183,1,"N","H",3.35,1,145,"JUOC",75,15,0.0666666666666667,501.230011,15.6639996,60,28.4540997,0,26.0879993438721,25.5719995498657,0.430999994277954,0.215499997138977,"N",38
"761","EMMAOR_NWOLFTB1-06A_2015","failure","2015-07-02",2015,"EMMAOR","EMMAOR_WOLFTB1",180,183,4,"N","H",1.75,-0.933580426497202,152,"PSME",16.6666666666667,12.5,0.571428571428571,376.9769897,30.9796009,32,8.7415705,0,32.9700012207031,28.1348750591278,0.731000006198883,0.161875002086163,"N",31
"762","EMPAID_N1WS05A_2013","success","2013-07-02",2013,"EMPAID","EMPAID_1WS",178,183,2,"I","B",2.5,-0.838670567945424,178,"PIPO",116.666666666667,15,0.4,219.7619934,10.7425003,28,15.4590998,39.803299,21.7269992828369,18.3236662546794,14.0209999084473,8.60199991861979,"L",5
"763","EMPAID_N1WS06A_2019","success","2019-07-02",2019,"EMPAID","EMPAID_1WS",177,183,3,"N","HB",1.75,-0.848048096156426,151,"PIPO",8.33333333333333,40,0.647058823529412,518.9349976,11.4338999,83,30.2434998,89.1809998,22.3939990997314,18.6136663754781,0.657000005245209,0.253833333651225,"N",32
"764","EMPAID_N1WS07A_2014","success","2014-07-02",2014,"EMPAID","EMPAID_1WS",175,183,4,"N","U",3,-0.0348994967025008,145,"PSME",0,10,0.666666666666667,180.4609985,11.0317001,45,8.1255503,20.5876007,28.5230007171631,21.1925002336502,4.65199995040894,0.782124988734722,"N",38
"765","EMPAID_N1WS07A_2019","success","2019-07-02",2019,"EMPAID","EMPAID_1WS",177,183,3,"N","HB",2.2,-0.984807753012208,147,"PIPO",33.3333333333333,30,0.875,419.0469971,7.3331299,66,23.5259991,74.660202,22.3939990997314,18.6136663754781,0.657000005245209,0.253833333651225,"N",36
"766","EMPAID_N1WS09A_2018","success","2018-07-02",2018,"EMPAID","EMPAID_1WS",180,183,7,"N","HB",2.5,0.374606593415912,149,"PIPO",16.6666666666667,15,0.625,466.8859863,10.3269997,60,27.8087006,54.6741982,28.8549995422363,26.0470001220703,0,0,"N",34
"767","EMPAID_NB-T01A_2018","success","2018-07-02",2018,"EMPAID","EMPAID_B-T",179,183,3,"N","HB",3.7,0.927183854566787,145,"PIPO",0,2.5,1,226.7709961,34.1456985,31,37.8409996,92.4213028,26.6240005493164,22.1664001464844,0,0,"N",38
"768","EMPAID_NB-T02A_2015","failure","2015-07-02",2015,"EMPAID","EMPAID_B-T",181,183,4,"N","U",1.3,0.874619707139396,165,"PIPO",50,0,1,133.3150024,41.4236984,30,29.4221001,25.9032001,33.5970001220703,33.4939994812012,0,0,"N",18
"769","EMPAID_NBR01A_2018","success","2018-07-02",2018,"EMPAID","EMPAID_BR",180,183,1,"N","U",3.7,-0.945518575599317,146,"PIPO",8.33333333333333,0,0.25,155.901001,21.2138996,59,0,0,27.1340007781982,23.7110004425049,0,0,"N",37
"770","EMPAID_NBR04A_2013","success","2013-07-02",2013,"EMPAID","EMPAID_BR",178,183,4,"N","U",1.2,-0.309016994374947,163,"PIPO",33.3333333333333,12.5,0.777777777777778,178.3480072,25.0660992,45,0,0,37.0180015563965,30.6388336817424,2.86500000953674,0.477500001589457,"N",20
"771","EMPAID_NCC07A_2013","failure","2013-07-02",2013,"EMPAID","226",176,183,2,"N","B",3,0.882947592858927,155,"PIPO",75,5,1,160.2460022,19.1215,44,0,72.2029037,37.9889984130859,27.7734994888306,10.6140003204346,2.57412503659725,"N",28
"772","EMPAID_NCU04A_2013","success","2013-07-02",2013,"EMPAID","EMPAID_CU",182,183,10,"N","U",3.2,-0.999390827019096,158,"PSME",16.6666666666667,17.5,0.9,473.6229858,12.5155001,34,0.352009,0,32.6110000610352,27.9645999908447,3.01099991798401,0.602199983596802,"N",25
"773","EMPAID_NCU10A_2013","success","2013-07-02",2013,"EMPAID","EMPAID_CU",182,183,12,"N","H",1.8,-0.5,142,"PIPO",16.6666666666667,27.5,0.846153846153846,367.321991,8.3812399,64,35.2303009,0,34.2709999084473,29.4451999664307,3.16199994087219,0.632399988174438,"N",41
"774","EMPAID_NCU10A_2019","success","2019-07-02",2019,"EMPAID","244",178,183,2,"N","U",2.8,-0.669130606358858,153,"PIPO",50,2.5,0.875,347.3299866,11.1772003,43,0,0,26.6879997253418,22.8125,0,0,"N",30
"775","EMPAID_NCW-A01A_2013","success","2013-07-02",2013,"EMPAID","EMPAID_CW-A",179,183,7,"N","U",4.6,-0.17364817766693,156,"PIPO",16.6666666666667,2.5,0.6,253.2870026,19.1459999,45,0,0,38.2789993286133,34.6145999908447,0,0,"N",27
"776","EMPAID_NCW-A01B_2013","success","2013-07-02",2013,"EMPAID","EMPAID_CW-A",179,183,7,"N","U",4.1,0.0523359562429439,154,"PIPO",8.33333333333333,45,0.894736842105263,211.9589996,18.6592007,14,8.8589001,0,36.8889999389649,33.4552001953125,0,0,"N",29
"777","EMPAID_NDL08A_2015","success","2015-07-02",2015,"EMPAID","EMPAID_DL",180,183,6,"N","U",1.2,-0.848048096156426,144,"PIPO",8.33333333333333,0,0.25,417.8909912,19.6219997,30,0,0,38.7919998168945,35.3187494277954,0,0,"N",39
"778","EMPAID_NEFW01A_2018","success","2018-07-02",2018,"EMPAID","284",176,183,7,"N","H",3.2,0.484809620246337,147,"PIPO",16.6666666666667,22.5,0.272727272727273,316.1650085,7.70858,55,7.9202099,0,29.367000579834,25.46399974823,0,0,"N",36
"779","EMPAID_NLC04A_2013","success","2013-07-02",2013,"EMPAID","EMPAID_LC",178,183,7,"N","B",2.3,0.3583679495453,155,"PIPO",0,15,1,136.5529938,31.1275997,12,0,3.1066,37.1180000305176,30.8674996693929,2.37800002098083,0.396333336830139,"N",28
"780","EMPAID_NLC05A_2015","success","2015-07-02",2015,"EMPAID","EMPAID_LC",181,183,1,"N","U",2,-0.681998360062499,150,"PIPO",8.33333333333333,5,0.6,153.3650055,30.0527,13,0,3.1066,34.4129981994629,34.1609992980957,0,0,"N",33
"781","EMPAID_NSF08A_2013","success","2013-07-02",2013,"EMPAID","EMPAID_SF",178,183,5,"N","U",1.8,-0.156434465040231,163,"PIPO",8.33333333333333,12.5,0.857142857142857,307.8590088,7.9717202,28,23.3792992,0,23.9669990539551,19.3953996658325,14.1949996948242,6.35439999103546,"N",20
"782","EMPAID_NSG09A_2015","success","2015-07-02",2015,"EMPAID","306",182,183,4,"N","HB",4,0.965925826289068,163,"PIPO",33.3333333333333,7.5,0.571428571428571,287.3630066,27.7528,40,37.3717003,66.4639969,33.4799995422363,33.4424991607666,0,0,"N",20
"783","EMPAID_NSG10A_2013","failure","2013-07-02",2013,"EMPAID","308",178,183,6,"N","HB",2.2,0.809016994374947,160,"PIPO",0,0,0,83.7570038,67.5904007,23,36.1689987,55.9473991,36.4990005493164,30.1089998881022,2.91599988937378,0.485999981562297,"N",23
"784","EMPAID_NWM03A_2014","success","2014-07-02",2014,"EMPAID","315",182,183,4,"N","H",2.9,-0.694658370458997,148,"PIPO",16.6666666666667,5,0.5,252.5079956,27.0023003,28,40.1876984,0.165515,29.4699993133545,27.1974992752075,0,0,"N",35
"785","EMPAID_NWRF-M06A_2013","success","2013-07-02",2013,"EMPAID","EMPAID_WRF-M",179,183,1,"N","U",7.1,0.90630778703665,157,"PIPO",33.3333333333333,25,0.571428571428571,384.9719849,10.4211998,29,4.31212,0,29.5109996795654,21.5226001739502,14.7559995651245,5.69999997615814,"N",26
"786","EMFWOR_NCAMC5-01A_2020","failure","2020-07-02",2020,"EMFWOR","EMFWOR_CAMC5",183,184,8,"I","U",1.5,-0.996194698091746,161,"POTR5",66.6666666666667,22.5,1,255.272995,30.7194004,14,0,0,19.0900001525879,18.9340000152588,0,0,"I",23
"787","EMFWOR_NCAMC7-06A_2020","success","2020-07-02",2020,"EMFWOR","EMFWOR_CAMC7",182,184,2,"N","U",4,0.866025403784438,145,"PIPO",16.6666666666667,5,0.166666666666667,296.1889954,21.6956997,38,0,0,20.6909999847412,19.7126668294271,0,0,"N",39
"788","EMFWOR_NMUDT1-05A_2020","success","2020-07-02",2020,"EMFWOR","EMFWOR_MUDT1",181,184,4,"N","H",3.2,0.809016994374947,165,"POTR5",0,0,0,422.5669861,8.8189402,80,56.9375,0,28.5629997253418,23.249599647522,0.344999998807907,0.0689999997615814,"I",19
"789","EMMAOR_NCLIFFC1-07A_2019","success","2019-07-03",2019,"EMMAOR","EMMAOR_CLIFFC1",178,184,2,"N","U",3,0.0523359562429439,145,"PIPO",66.6666666666667,5,0.818181818181818,259.7139893,7.9499998,48,0,0,24.8959999084473,21.3845716203962,1.23099994659424,0.238999990480287,"N",39
"790","EMMAOR_NCLIFFC1-08A_2019","success","2019-07-03",2019,"EMMAOR","EMMAOR_CLIFFC1",178,184,2,"N","U",3.6,-0.939692620785908,153,"JUOC",0,7.5,0,261.1099854,10.5565004,41,0,0,24.8959999084473,21.3845716203962,1.23099994659424,0.238999990480287,"N",31
"791","EMMAOR_NCLIFFC2-06A_2019","success","2019-07-03",2019,"EMMAOR","EMMAOR_CLIFFC2",178,184,1,"N","U",1.8,0.819152044288992,144,"PIPO",50,10,0.363636363636364,294.4200134,21.0785999,37,0,0,23.9419994354248,20.4925714220319,1.0789999961853,0.223285714962653,"N",40
"792","EMMAOR_NCLIFFC2-08A_2019","success","2019-07-03",2019,"EMMAOR","EMMAOR_CLIFFC2",178,184,1,"F","U",1.1,-0.325568154457157,139,"JUOC",108.333333333333,10,0.764705882352941,137.5169983,31.7686005,17,0,0,24.943000793457,21.4895717075893,0.977999985218048,0.198857140860387,"N",45
"793","EMMAOR_NDUGC1-01A_2017","success","2017-07-03",2017,"EMMAOR","EMMAOR_DUGC1",179,184,2,"F","U",1.8,0.838670567945424,138,"JUOC",41.6666666666667,15,0,566.2919922,46.8091011,33,0,0,31.2320003509521,27.6663335164388,2.98200011253357,0.457333346207937,"N",46
"794","EMMAOR_NDUGC1-05A_2017","success","2017-07-03",2017,"EMMAOR","EMMAOR_DUGC1",179,184,2,"N","U",2.4,-0.529919264233205,147,"JUOC",50,5,0,295.6589966,46.0049019,50,6.8348498,6.9675698,31.2320003509521,27.6663335164388,2.98200011253357,0.457333346207937,"N",37
"795","EMMAOR_NDUGC1-06B_2017","success","2017-07-03",2017,"EMMAOR","95",179,184,3,"F","HB",2.5,0.529919264233205,139,"PIPO",0,7.5,1,467.4129944,19.9724007,49,51.7159996,51.5643997,29.8759994506836,26.7848332722982,0,0,"N",45
"796","EMMAOR_NELKT2-04A_2017","success","2017-07-03",2017,"EMMAOR","104",179,184,5,"N","HB",0.7,-0.891006524188368,141,"PIPO",25,27.5,1,252.4019928,35.2736015,22,72.2499008,84.848999,28.6389999389648,25.5493332544963,0,0,"N",43
"797","EMMAOR_NELKT2-06A_2017","success","2017-07-03",2017,"EMMAOR","EMMAOR_ELKT2",179,184,5,"F","U",2,-0.848048096156426,137,"PIPO",83.3333333333333,0,1,187.576004,16.7395,13,0,0,30.7670001983643,28.5729999542236,1.39400005340576,0.464666684468587,"N",47
"798","EMMAOR_NFLAGC1-06A_2017","success","2017-07-03",2017,"EMMAOR","EMMAOR_FLAGC1",179,184,4,"N","U",4.2,0.939692620785908,145,"JUOC",58.3333333333333,20,0.4,374.7479858,43.5993004,30,0,0,30.6520004272461,27.0438887278239,2.67700004577637,0.474222222963969,"N",39
"799","EMMAOR_NPAWT1-01A_2019","failure","2019-07-03",2019,"EMMAOR","126",176,184,2,"N","B",2,0.3583679495453,150,"PIPO",58.3333333333333,30,1,76.264801,81.1179962,23,0,98.8604965,25.2439994812012,20.8111110263401,2.27099990844727,0.529111102223396,"N",34
"800","EMMAOR_NPAWT1-03A_2019","success","2019-07-03",2019,"EMMAOR","EMMAOR_PAWT1",176,184,3,"F","H",1,0.601815023152048,137,"PIPO",0,5,1,451.4930115,24.1599007,31,40.2756996,3.29758,24.3540000915527,20.2032224867079,2.36500000953674,0.548555556270811,"N",47
"801","EMMAOR_NPAWT1-09A_2019","success","2019-07-03",2019,"EMMAOR","EMMAOR_PAWT1",176,184,2,"F","H",5.4,0.669130606358858,137,"PIPO",58.3333333333333,7.5,0.9,455.9660034,54.8325996,18,62.7750015,0,24.3540000915527,20.2032224867079,2.36500000953674,0.548555556270811,"N",47
"802","EMMAOR_NSAGEC1-08A_2019","success","2019-07-03",2019,"EMMAOR","EMMAOR_SAGEC1",176,184,1,"N","H",1.5,-0.034899496702501,157,"PIPO",41.6666666666667,12.5,0.833333333333333,597.6389771,17.2492008,42,41.7131004,0,25.6669998168945,21.7831111484104,1.99500000476837,0.395666672123803,"N",27
"803","EMMAOR_NSAGEC1-09A_2019","success","2019-07-03",2019,"EMMAOR","EMMAOR_SAGEC1",176,184,1,"F","U",1.3,0.987688340595138,138,"JUOC",16.6666666666667,7.5,0,469.5180054,13.7470999,61,22.6753006,0,20.4659996032715,20.1504993438721,0,0,"N",46
"804","EMMAOR_NSAGEC1-10A_2019","success","2019-07-03",2019,"EMMAOR","EMMAOR_SAGEC1",176,184,1,"F","U",0.9,0.258819045102521,140,"JUOC",91.6666666666667,10,0.666666666666667,535.4810181,15.6667004,54,28.8353996,0,20.4659996032715,20.1504993438721,0,0,"N",44
"805","EMMAOR_NWOLFC1-01A_2019","success","2019-07-03",2019,"EMMAOR","EMMAOR_WOLFC1",178,184,4,"N","U",3.2,-0.898794046299167,142,"PIPO",41.6666666666667,5,0.125,521.177002,10.6569996,66,0,0,24.8269996643066,21.3622856140137,1.06700003147125,0.173000003610338,"N",42
"806","EMPAID_N1WS07A_2017","failure","2017-07-03",2017,"EMPAID","EMPAID_1WS",181,184,4,"I","HB",3.7,-0.999390827019096,173,"PIPO",16.6666666666667,27.5,0.923076923076923,394.375,7.0488901,61,20.7978992,73.6829987,32.1860008239746,27.2550001144409,1.77799999713898,0.47525000013411,"I",11
"807","EMPAID_N1WS09A_2017","success","2017-07-03",2017,"EMPAID","EMPAID_1WS",181,184,2,"N","HB",2.6,-0.374606593415912,146,"PIPO",25,2.5,1,464.7579956,11.5446997,69,31.9741993,65.9546967,32.1860008239746,27.2550001144409,1.77799999713898,0.47525000013411,"N",38
"808","EMPAID_NB-T01A_2019","success","2019-07-03",2019,"EMPAID","EMPAID_B-T",182,184,2,"F","HB",3.3,0.642787609686539,143,"PIPO",75,2.5,1,245.470993,29.2418003,32,33.9981995,92.8063965,26.2590007781982,21.4370000021798,0.72000002861023,0.102857146944318,"N",41
"809","EMPAID_NB-T10A_2018","success","2018-07-03",2018,"EMPAID","EMPAID_B-T",179,184,10,"N","H",2.5,-0.559192903470747,149,"PIPO",83.3333333333333,10,1,135.9060059,5.73808,61,9.76826,32.6766014,27.8369998931885,24.7626667022705,0,0,"N",35
"810","EMPAID_NB-U01A_2013","success","2013-07-03",2013,"EMPAID","EMPAID_B-U",178,184,4,"N","U",1.8,-0.754709580222772,156,"PIPO",41.6666666666667,12.5,0.727272727272727,236.1499939,14.8092003,28,0,0,37.1180000305176,31.5504281180246,2.37800002098083,0.339714288711548,"N",28
"811","EMPAID_NB-U02A_2012","success","2012-07-02",2012,"EMPAID","EMPAID_B-U",181,184,3,"N","U",3.5,-0.292371704722737,148,"PIPO",16.6666666666667,22.5,1,370.1109924,17.5608006,28,0,0,28.4120006561279,22.7915000915527,9.19600009918213,2.5150000192225,"N",36
"812","EMPAID_NBWC01A_2012","success","2012-07-02",2012,"EMPAID","218",174,184,4,"N","U",2.2,-0.615661475325658,147,"PIPO",0,2.5,0.25,474.3469849,9.1122398,74,0.440012,0,28.4689998626709,21.1323331197103,0,0,"N",37
"813","EMPAID_NCR01A_2012","failure","2012-07-02",2012,"EMPAID","230",177,184,4,"I","U",1.1,-1.83697019872103e-16,166,"PIPO",33.3333333333333,10,0.8,126.5230026,40.4294014,31,25.3446999,0,29.5699996948242,26.4357500076294,0,0,"I",18
"814","EMPAID_NCR07A_2012","success","2012-07-02",2012,"EMPAID","231",178,184,5,"N","H",1.1,NA,144,"PIPO",8.33333333333333,27.5,0.857142857142857,214.6499939,21.3633003,43,38.2224007,0,26.136999130249,25.6829996109009,1.34700000286102,0.673500001430511,"N",40
"815","EMPAID_NCU04A_2013","success","2013-07-03",2013,"EMPAID","EMPAID_CU",183,184,11,"N","U",3.2,-0.999390827019096,158,"PSME",16.6666666666667,17.5,0.9,473.6229858,12.5155001,34,0.352009,0,35.6189994812012,34.1149997711182,0,0,"N",26
"816","EMPAID_NCU07A_2013","success","2013-07-03",2013,"EMPAID","EMPAID_CU",182,184,11,"N","H",2.8,0.866025403784439,148,"PSME",8.33333333333333,30,0.692307692307692,410.1860046,10.8526001,56,18.7737999,0,32.6110000610352,25.5156666437785,6.41200017929077,1.57050001621246,"N",36
"817","EMPAID_NCU10A_2012","success","2012-07-02",2012,"EMPAID","239",180,184,5,"N","H",2,0.587785252292473,144,"PIPO",25,20,0.818181818181818,356.3980103,8.2056103,64,35.347599,0,29.8600006103516,26.1246002197266,0,0,"N",40
"818","EMPAID_NCU10A_2013","success","2013-07-03",2013,"EMPAID","EMPAID_CU",183,184,13,"F","H",1.8,-0.5,142,"PIPO",16.6666666666667,27.5,0.846153846153846,367.321991,8.3812399,64,35.2303009,0,37.1119995117188,35.691499710083,0,0,"N",42
"819","EMPAID_NCU10A_2018","success","2018-07-03",2018,"EMPAID","243",177,184,1,"I","U",2.5,-0.374606593415912,171,"PIPO",50,2.5,0.875,347.3299866,11.1772003,43,0,0,26.6240005493164,21.9515001773834,0,0,"I",13
"820","EMPAID_NCW-A01A_2017","failure","2017-07-03",2017,"EMPAID","EMPAID_CW-A",181,184,2,"I","H",3.5,-0.0523359562429443,NA,"PIPO",8.33333333333333,27.5,0.333333333333333,259.9500122,29.9123001,64,62.2470016,0,30.8549995422363,27.5154995918274,0.839999973773956,0.209999993443489,"I",NA
"821","EMPAID_NCW-A02A_2019","success","2019-07-03",2019,"EMPAID","EMPAID_CW-A",178,184,3,"N","HB",2.2,0.390731128489273,145,"PSME",50,22.5,0.8,313.8340149,15.8607998,48,52.6841011,51.8223,28.5359992980957,24.9008571079799,0.326999992132187,0.0467142845903124,"N",39
"822","EMPAID_NCW-A03A_2012","success","2012-07-02",2012,"EMPAID","EMPAID_CW-A",177,184,7,"N","U",3,-0.484809620246337,148,"PIPO",16.6666666666667,10,0.857142857142857,300.3580017,12.9594002,40,0.99736,0,30.2719993591309,27.7135000228882,0,0,"N",36
"823","EMPAID_NCW-A04A_2019","success","2019-07-03",2019,"EMPAID","EMPAID_CW-A",178,184,5,"N","HB",2.5,-0.20791169081776,156,"PIPO",50,5,0.875,448.9710083,9.8943596,53,64.0950012,49.5942001,25.201000213623,19.4912858690534,1.23500001430511,0.307142856929983,"N",28
"824","EMPAID_NCW-A07A_2019","success","2019-07-03",2019,"EMPAID","EMPAID_CW-A",178,184,3,"N","H",1.7,-0.694658370458997,154,"PSME",16.6666666666667,12.5,0.375,387.9070129,16.1259995,17,73.892601,45.1442986,23.8959999084473,17.9137144088745,2.1710000038147,0.672285710062299,"N",30
"825","EMPAID_NCW-B02A_2019","success","2019-07-03",2019,"EMPAID","EMPAID_CW-B",179,184,3,"N","HB",4.8,-0.974370064785235,152,"PSME",25,17.5,0.3,356.223999,29.0282001,65,61.6896019,66.5595016,23.3929996490479,20.3433994293213,1.07000005245209,0.214000010490417,"N",32
"826","EMPAID_NCW-B03A_2017","success","2017-07-03",2017,"EMPAID","EMPAID_CW-B",181,184,3,"N","H",3,0.961261695938319,146,"PIPO",0,55,0.772727272727273,344.2019958,29.6429996,65,62.1590004,0.235541,30.753999710083,26.6425998687744,5.07600021362305,1.73280005455017,"N",38
"827","EMPAID_NCW-D06A_2014","success","2014-07-03",2014,"EMPAID","EMPAID_CW-D",174,184,1,"N","H",3.3,0.241921895599668,145,"PIPO",33.3333333333333,17.5,0.727272727272727,444.5750122,8.9568996,50,20.4459,0,NA,NA,NA,NA,"N",39
"828","EMPAID_NCW-G02A_2019","success","2019-07-03",2019,"EMPAID","EMPAID_CW-G",169,184,1,"F","HB",8.4,-0.999390827019096,142,"PSME",0,0,0,386.8720093,48.2584991,28,30.3607998,53.3532982,27.5809993743896,21.4760625958443,1.94900000095367,0.310249999165535,"N",42
"829","EMPAID_NDL04A_2018","success","2018-07-03",2018,"EMPAID","EMPAID_DL",177,184,2,"N","U",5.7,-0.544639035015027,149,"PIPO",8.33333333333333,10,0.714285714285714,161.9620056,49.5990982,16,0,0,24.3470001220703,21.9204002380371,5.7189998626709,1.60879998207092,"N",35
"830","EMPAID_NDL10A_2018","failure","2018-07-03",2018,"EMPAID","EMPAID_DL",178,184,7,"N","U",2.5,-0.965925826289068,155,"PIPO",183.333333333333,12.5,1,341.8380127,14.2024002,36,0,0,25.1700000762939,22.4868748188019,6.51800012588501,1.48175002634525,"N",29
"831","EMPAID_NSF04A_2012","success","2012-07-02",2012,"EMPAID","295",177,184,3,"N","U",3.3,0.999847695156391,151,"PIPO",25,15,0.888888888888889,456.7160034,7.9411802,33,15.6351004,0,31.6149997711182,25.9303747415543,6.21600008010864,1.1851250231266,"N",33
"832","EMPAID_NSF07A_2014","success","2014-07-03",2014,"EMPAID","EMPAID_SF",178,184,4,"N","H",2.3,0.241921895599667,147,"PIPO",8.33333333333333,20,0.888888888888889,455.9129944,16.0212994,65,35.993,0,33.9259986877441,24.5657141549247,5.93599987030029,1.24671425138201,"N",37
"833","EMPAID_NSF09A_2017","success","2017-07-03",2017,"EMPAID","EMPAID_SF",181,184,8,"N","H",2.2,-0.629320391049837,144,"PIPO",41.6666666666667,10,0.666666666666667,309.4450073,10.9294004,45,59.4309006,5.8439698,32.726001739502,28.510400390625,2.58599996566772,0.67899999320507,"N",40
"834","EMPAID_NWM03A_2015","success","2015-07-03",2015,"EMPAID","316",180,184,3,"N","H",2.3,0.898794046299167,146,"PIPO",0,0,0,262.0979919,23.2483006,27,38.1049995,0,37.9799995422363,34.7438003540039,0,0,"N",38
"835","EMPAID_NWM03A_2018","success","2018-07-03",2018,"EMPAID","319",177,184,3,"N","H",3.5,-0.453990499739547,146,"PIPO",0,0,0,278.2479858,23.2059994,22,38.9556999,0,24.7369995117188,20.3277779685126,5.74599981307983,2.05644443300035,"N",38
"836","EMPAID_NWRF-M08A_2019","success","2019-07-03",2019,"EMPAID","EMPAID_WRF-M",177,184,1,"N","HB",7.4,0.965925826289068,156,"PIPO",25,2.5,0.5,393.7650146,10.8755999,61,22.8806,21.9881001,27.8950004577637,24.160374879837,0.328000009059906,0.0411250011384254,"N",28
"837","EMMAOR_NCUBT2-02A_2021","failure","2021-07-04",2021,"EMMAOR","EMMAOR_CUBT2",183,185,7,"F","HB",0.95,0.970295726275996,NA,"PIPO",58.3333333333333,27.5,0.888888888888889,301.1149902,18.573,99,43.1212006,49.9029007,33.0092010498047,32.8201993306478,0,0,"N",NA
"838","EMPAID_NB-U01A_2013","success","2013-07-04",2013,"EMPAID","EMPAID_B-U",184,185,5,"N","U",1.8,-0.754709580222772,156,"PIPO",41.6666666666667,12.5,0.727272727272727,236.1499939,14.8092003,28,0,0,35.6479988098145,33.9844989776611,0,0,"N",29
"839","EMPAID_NBR04A_2013","success","2013-07-04",2013,"EMPAID","EMPAID_BR",183,185,5,"N","U",1.2,-0.309016994374947,163,"PIPO",33.3333333333333,12.5,0.777777777777778,178.3480072,25.0660992,45,0,0,37.0180015563965,34.9906667073568,0,0,"N",22
"840","EMPAID_NBWC01A_2014","success","2014-07-04",2014,"EMPAID","220",181,185,9,"N","U",2.3,-0.848048096156426,149,"PIPO",0,5,0.25,393.9559937,7.9387298,77,0,0,20.2189998626709,18.7285999298096,8.24499988555908,2.61719995737076,"N",36
"841","EMPAID_NCP09A_2012","success","2012-07-03",2012,"EMPAID","229",181,185,2,"N","B",1.4,-0.754709580222772,148,"PIPO",8.33333333333333,0,0.25,108.8280029,44.2860985,35,4.5761199,4.78722,30.3129997253418,27.7927997589111,0,0,"N",37
"842","EMPAID_NCU04A_2013","success","2013-07-04",2013,"EMPAID","EMPAID_CU",184,185,12,"N","U",3.2,-0.999390827019096,158,"PSME",16.6666666666667,17.5,0.9,473.6229858,12.5155001,34,0.352009,0,35.6189994812012,34.8944988250732,0,0,"N",27
"843","EMPAID_NCU07A_2013","success","2013-07-04",2013,"EMPAID","EMPAID_CU",184,185,12,"N","H",2.8,0.866025403784439,148,"PSME",8.33333333333333,30,0.692307692307692,410.1860046,10.8526001,56,18.7737999,0,35.6189994812012,34.1333325703939,0,0,"N",37
"844","EMPAID_NCW-A01A_2013","success","2013-07-04",2013,"EMPAID","EMPAID_CW-A",183,185,8,"N","U",4.6,-0.17364817766693,156,"PIPO",16.6666666666667,2.5,0.6,253.2870026,19.1459999,45,0,0,38.2789993286133,36.4606666564941,0,0,"N",29
"845","EMPAID_NCW-A01B_2013","success","2013-07-04",2013,"EMPAID","EMPAID_CW-A",183,185,8,"N","U",4.1,0.0523359562429439,154,"PIPO",8.33333333333333,45,0.894736842105263,211.9589996,18.6592007,14,8.8589001,0,36.8889999389649,35.2243334452311,0,0,"N",31
"846","EMPAID_NDL03A_2013","success","2013-07-04",2013,"EMPAID","EMPAID_DL",178,185,9,"N","U",6.7,0.342020143325669,154,"PIPO",0,5,0.4,163.3730011,49.6929016,15,0,0,18.496000289917,16.074333190918,11.2089996337891,7.18133330345154,"N",31
"847","EMPAID_NLC-R10A_2012","success","2012-07-03",2012,"EMPAID","EMPAID_LC-R",180,185,11,"N","B",1.6,0.642787609686539,147,"PIPO",0,7.5,1,136.8910065,31.3173008,11,0,3.1066,22.6469993591309,18.3544998168945,9.19600009918213,4.72100005298853,"N",38
"848","EMPAID_NLC04A_2013","success","2013-07-04",2013,"EMPAID","EMPAID_LC",183,185,8,"N","B",2.3,0.3583679495453,155,"PIPO",0,15,1,136.5529938,31.1275997,12,0,3.1066,37.1180000305176,35.0289993286133,0,0,"N",30
"849","EMPAID_NPM09A_2013","success","2013-07-04",2013,"EMPAID","291",182,185,5,"N","B",2.6,-0.587785252292473,159,"PIPO",8.33333333333333,5,0.333333333333333,191.4179993,19.1755009,47,8.80023,49.1040001,36.5589981079102,34.2414989471436,0,0,"N",26
"850","EMPAID_NSF08A_2013","success","2013-07-04",2013,"EMPAID","EMPAID_SF",183,185,6,"N","U",1.8,-0.156434465040231,163,"PIPO",8.33333333333333,12.5,0.857142857142857,307.8590088,7.9717202,28,23.3792992,0,38.2789993286133,32.4001665115356,3.19799995422363,0.532999992370605,"N",22
"851","EMPAID_NSG10A_2012","success","2012-07-03",2012,"EMPAID","307",181,185,5,"F","HB",5.4,-0.139173100960066,143,"PIPO",41.6666666666667,2.5,0.666666666666667,136.2339935,68.9445038,32,33.7635994,59.1240005,29.2080001831055,26.6549995422363,0,0,"N",42
"852","EMPAID_NWM03A_2013","success","2013-07-04",2013,"EMPAID","314",176,185,6,"N","H",3.4,-0.997564050259824,148,"PIPO",0,0,0,375.9819946,10.5274,48,39.4543991,0,36.5589981079102,27.9275999069214,11.0909996032715,2.20789997577667,"N",37
"853","EMPAID_NWM07A_2012","success","2012-07-03",2012,"EMPAID","322",180,185,1,"N","H",3.3,-0.927183854566787,147,"PIPO",8.33333333333333,2.5,0.5,394.7160034,9.55126,50,37.8116989,0,29.3269996643066,25.9256671269735,1.45000004768372,0.241666674613953,"N",38
"854","EMFWOR_NCAMC1-02A_2018","success","2018-07-05",2018,"EMFWOR","EMFWOR_CAMC1",183,186,2,"N","U",5.2,0.5,148,"PIPO",191.666666666667,17.5,0.5,341.7489929,19.5303001,30,0,0,26.1879997253418,23.3549999237061,0,0,"N",38
"855","EMFWOR_NCAMC2-10A_2018","success","2018-07-05",2018,"EMFWOR","EMFWOR_CAMC2",183,186,6,"F","U",3.9,0.139173100960065,143,"PIPO",91.6666666666667,7.5,0.733333333333333,447.7210083,14.8600998,60,0,0,25.2590007781982,23.0392498970032,0,0,"N",43
"856","EMFWOR_NCAMC2-10A_2019","failure","2019-07-05",2019,"EMFWOR","EMFWOR_CAMC2",182,186,7,"N","U",3.9,0.139173100960065,154,"PIPO",91.6666666666667,7.5,0.733333333333333,447.7210083,14.8600998,60,0,0,22.0849990844727,20.3265998840332,0,0,"N",32
"857","EMFWOR_NCAMC3-08A_2018","success","2018-07-05",2018,"EMFWOR","EMFWOR_CAMC3",183,186,7,"F","U",3.1,0.629320391049837,140,"POTR5",75,0,0,269.1860046,33.5130997,8,0,0,25.923999786377,23.7064995765686,0,0,"N",46
"858","EMFWOR_NCAMC4-01A_2018","success","2018-07-05",2018,"EMFWOR","EMFWOR_CAMC4",183,186,2,"N","B",3.1,0.999390827019096,154,"POTR5",75,20,0.88235294117647,283.0090027,23.9491005,22,4.2241101,56.2943993,24.6049995422363,21.8554000854492,0,0,"N",32
"859","EMFWOR_NCAMC4-07A_2018","success","2018-07-05",2018,"EMFWOR","EMFWOR_CAMC4",183,186,3,"F","U",1.7,-0.913545457642601,143,"POTR5",83.3333333333333,2.5,0.0833333333333333,308.4670105,14.2714996,31,0,0,24.6049995422363,22.4845714569092,0,0,"N",43
"860","EMFWOR_NCAMC4-07A_2019","success","2019-07-05",2019,"EMFWOR","EMFWOR_CAMC4",182,186,8,"N","U",3.9,-0.970295726275996,146,"POTR5",66.6666666666667,20,0.823529411764706,245.7920074,15.8908997,23,0,0,21.5160007476807,17.777600479126,0,0,"N",40
"861","EMFWOR_NCAMC4-10B_2018","success","2018-07-05",2018,"EMFWOR","EMFWOR_CAMC4",183,186,9,"F","U",2.5,0.17364817766693,142,"POTR5",8.33333333333333,0,0,310.7160034,19.4978008,20,0,0,26.5919990539551,23.6240000724792,0,0,"N",44
"862","EMFWOR_NCAMC5-01A_2018","success","2018-07-05",2018,"EMFWOR","EMFWOR_CAMC5",183,186,9,"F","U",7.3,-0.453990499739547,140,"POTR5",25,2.5,0.2,266.1570129,28.5111008,13,0,0,25.9400005340576,22.9165000915527,0,0,"N",46
"863","EMFWOR_NSWRC3-03A_2019","success","2019-07-05",2019,"EMFWOR","EMFWOR_SWRC3",182,186,5,"N","U",3.2,0.951056516295154,156,"PIPO",8.33333333333333,17.5,0.222222222222222,358.6419983,17.3425007,49,5.4268098,0,20.4629993438721,18.9936000823975,0,0,"N",30
"864","EMFWOR_NSWRC3-04A_2018","success","2018-07-05",2018,"EMFWOR","63",183,186,6,"F","U",2.3,-0.99026806874157,142,"POTR5",150,25,0.321428571428571,373.0539856,14.29,30,0,0,24.8659992218018,22.9004998207092,0,0,"N",44
"865","EMFWOR_NSWRC3-09A_2018","success","2018-07-05",2018,"EMFWOR","EMFWOR_SWRC3",183,186,3,"N","U",16.3,-0.819152044288992,145,"PIPO",58.3333333333333,22.5,0.5,322.7200012,12.9469004,34,0,0,28.3700008392334,25.4838750362396,0,0,"N",41
"866","EMMAOR_NCLIFFC1-08A_2017","success","2017-07-05",2017,"EMMAOR","EMMAOR_CLIFFC1",180,186,5,"N","U",3.6,-0.939692620785908,149,"JUOC",0,7.5,0,261.1099854,10.5565004,41,0,0,31.2229995727539,27.8101427895682,0,0,"N",37
"867","EMMAOR_NCLIFFC1-08B_2017","success","2017-07-05",2017,"EMMAOR","EMMAOR_CLIFFC1",180,186,5,"N","U",1.25,0.898794046299167,145,"JUOC",41.6666666666667,15,0.166666666666667,256.70401,10.8544998,37,0,0,31.2229995727539,27.8101427895682,0,0,"N",41
"868","EMMAOR_NCLIFFC2-04A_2017","success","2017-07-05",2017,"EMMAOR","EMMAOR_CLIFFC2",178,186,1,"N","U",1.5,-0.615661475325658,146,"JUOC",66.6666666666667,5,0.2,354.7430115,14.7630997,40,0,0,30.2639999389648,29.2174997329712,1.39100003242493,0.695500016212463,"N",40
"869","EMMAOR_NCLIFFC2-10A_2017","success","2017-07-05",2017,"EMMAOR","EMMAOR_CLIFFC2",180,186,1,"F","U",2.9,0.913545457642601,141,"PIPO",25,2.5,0.8,663.5059814,10.5855999,54,0,0,31.2709999084473,27.9057143075126,0,0,"N",45
"870","EMMAOR_NELKT2-05A_2019","success","2019-07-05",2019,"EMMAOR","EMMAOR_ELKT2",176,186,2,"N","H",1.1,0.656059028990507,145,"PIPO",25,10,1,235.2929993,18.6474991,20,55.4415016,0,20.6580009460449,16.2708003997803,0,0,"N",41
"871","EMMAOR_NELKT3-01A_2017","success","2017-07-05",2017,"EMMAOR","EMMAOR_ELKT3",179,186,4,"N","HB",7.7,-0.64278760968654,146,"PIPO",58.3333333333333,35,0.714285714285714,412.3649902,11.6908998,49,22.1473007,20.0559998,29.1709995269775,27.2233333587646,1.61500000953674,0.538333336512248,"N",40
"872","EMMAOR_NFLAGC2-10A_2019","success","2019-07-05",2019,"EMMAOR","EMMAOR_FLAGC2",182,186,2,"N","HB",7.5,0.224951054343865,147,"PIPO",50,20,0.785714285714286,126.4869995,64.5207977,17,85.4208984,85.4377975,24.8959999084473,22.2486000061035,1.22500002384186,0.245000004768372,"N",39
"873","EMMAOR_NWOLFC1-01A_2017","success","2017-07-05",2017,"EMMAOR","EMMAOR_WOLFC1",178,186,1,"N","U",1.75,-0.939692620785908,145,"JUOC",91.6666666666667,5,0.538461538461538,532.0579834,10.3900995,68,0,0,31.4209995269775,29.0719995498657,1.49399995803833,0.373499989509583,"N",41
"874","EMMAOR_NWOLFC1-07A_2017","success","2017-07-05",2017,"EMMAOR","EMMAOR_WOLFC1",178,186,2,"F","U",3.1,0.4226182617407,138,"JUOC",0,5,0,377.0339966,16.7716999,61,0,0,30.2089996337891,26.7553333706326,1.80599999427795,0.200666666030884,"N",48
"875","EMPAID_N1WS06A_2019","success","2019-07-05",2019,"EMPAID","EMPAID_1WS",183,186,4,"N","HB",1.75,-0.848048096156426,151,"PIPO",8.33333333333333,40,0.647058823529412,518.9349976,11.4338999,83,30.2434998,89.1809998,28.1049995422363,24.3985712868827,0.49099999666214,0.07014285666602,"N",35
"876","EMPAID_N1WS07A_2018","success","2018-07-05",2018,"EMPAID","EMPAID_1WS",183,186,1,"N","B",3.4,0.0348994967025013,148,"PIPO",0,5,0,374.82901,5.6606798,63,11.5869999,56.9245987,25.1229991912842,23.4899997711182,0,0,"N",38
"877","EMPAID_N1WS07A_2019","success","2019-07-05",2019,"EMPAID","EMPAID_1WS",183,186,4,"N","HB",2.2,-0.984807753012208,147,"PIPO",33.3333333333333,30,0.875,419.0469971,7.3331299,66,23.5259991,74.660202,28.1049995422363,24.3985712868827,0.49099999666214,0.07014285666602,"N",39
"878","EMPAID_N1WS09A_2018","success","2018-07-05",2018,"EMPAID","EMPAID_1WS",183,186,8,"N","HB",2.5,0.374606593415912,149,"PIPO",16.6666666666667,15,0.625,466.8859863,10.3269997,60,27.8087006,54.6741982,25.1229991912842,23.4899997711182,0,0,"N",37
"879","EMPAID_NB-T01A_2018","success","2018-07-05",2018,"EMPAID","EMPAID_B-T",183,186,4,"F","HB",3.7,0.927183854566787,145,"PIPO",0,2.5,1,226.7709961,34.1456985,31,37.8409996,92.4213028,25.4689998626709,22.0817503929138,0,0,"N",41
"880","EMPAID_NB-T10A_2017","success","2017-07-05",2017,"EMPAID","EMPAID_B-T",181,186,2,"N","HB",4,-0.913545457642601,148,"PIPO",16.6666666666667,7.5,1,152.0950012,15.8095999,55,21.0618992,56.0811005,31.5879993438721,27.7865997314453,0,0,"N",38
"881","EMPAID_NB-T10A_2018","success","2018-07-05",2018,"EMPAID","EMPAID_B-T",184,186,11,"N","H",2.5,-0.559192903470747,149,"PIPO",83.3333333333333,10,1,135.9060059,5.73808,61,9.76826,32.6766014,27.8369998931885,23.0265000661214,0,0,"N",37
"882","EMPAID_NB-U02A_2012","success","2012-07-04",2012,"EMPAID","EMPAID_B-U",184,186,4,"N","U",3.5,-0.292371704722737,148,"PIPO",16.6666666666667,22.5,1,370.1109924,17.5608006,28,0,0,29.7870006561279,26.9317502975464,0,0,"N",38
"883","EMPAID_NBWC01A_2017","success","2017-07-05",2017,"EMPAID","223",181,186,1,"N","U",3.4,-0.994521895368273,163,"PIPO",25,0,0.2,212.1179962,6.4151602,69,0.410678,0,22.988000869751,22.8340005874634,0,0,"N",23
"884","EMPAID_NCU10A_2012","success","2012-07-04",2012,"EMPAID","239",184,186,6,"F","H",2,0.587785252292473,144,"PIPO",25,20,0.818181818181818,356.3980103,8.2056103,64,35.347599,0,28.7509994506836,25.4113330841064,0,0,"N",42
"885","EMPAID_NCW-A01B_2018","failure","2018-07-05",2018,"EMPAID","EMPAID_CW-A",184,186,1,"I","HB",4.6,0.874619707139396,181,"PSME",8.33333333333333,25,0.636363636363636,357.8670044,28.2931995,76,71.1059036,21.9148998,27.7770004272461,22.888142994472,0,0,"L",5
"886","EMPAID_NCW-A02A_2019","success","2019-07-05",2019,"EMPAID","EMPAID_CW-A",184,186,4,"N","HB",2.2,0.390731128489273,145,"PSME",50,22.5,0.8,313.8340149,15.8607998,48,52.6841011,51.8223,25.0389995574951,24.3993333180745,0,0,"N",41
"887","EMPAID_NCW-A07A_2018","success","2018-07-05",2018,"EMPAID","EMPAID_CW-A",178,186,1,"N","H",1.9,-0.275637355816999,149,"PIPO",41.6666666666667,7.5,0.625,395.0429993,22.9218006,78,73.0712967,45.2397995,27.7770004272461,23.0428890652127,0,0,"N",37
"888","EMPAID_NCW-B04A_2018","success","2018-07-05",2018,"EMPAID","EMPAID_CW-B",176,186,2,"N","HB",3,-0.529919264233205,158,"PIPO",16.6666666666667,37.5,0.647058823529412,370.1400146,26.6138992,60,59.2841988,46.3348007,27.7770004272461,23.4555455988104,0,0,"N",28
"889","EMPAID_NDL04A_2018","success","2018-07-05",2018,"EMPAID","EMPAID_DL",184,186,3,"N","U",5.7,-0.544639035015027,149,"PIPO",8.33333333333333,10,0.714285714285714,161.9620056,49.5990982,16,0,0,26.5690002441406,21.7820003032684,0,0,"N",37
"890","EMPAID_NDL08A_2017","success","2017-07-05",2017,"EMPAID","EMPAID_DL",181,186,1,"N","U",2,-0.974370064785235,149,"PIPO",16.6666666666667,5,0.666666666666667,393.6919861,17.0144997,30,0,0,24.4529991149902,24.2334995269775,0,0,"N",37
"891","EMPAID_NEFW01A_2018","success","2018-07-05",2018,"EMPAID","284",183,186,8,"N","H",3.2,0.484809620246337,147,"PIPO",16.6666666666667,22.5,0.272727272727273,316.1650085,7.70858,55,7.9202099,0,28.5049991607666,24.3532495498657,0,0,"N",39
"892","EMPAID_NWM03A_2018","success","2018-07-05",2018,"EMPAID","319",184,186,4,"N","H",3.5,-0.453990499739547,146,"PIPO",0,0,0,278.2479858,23.2059994,22,38.9556999,0,27.2320003509521,22.3446249961853,0,0,"N",40
"893","EMPAID_NWRF-M09A_2018","success","2018-07-05",2018,"EMPAID","EMPAID_WRF-M",180,186,4,"N","HB",4.3,0.642787609686539,161,"PIPO",16.6666666666667,17.5,0.333333333333333,434.8819885,14.8796997,69,25.3446999,21.4374008,28.6119995117188,24.9871251583099,4.90899991989136,0.899124979972839,"N",25
"894","EMFWOR_NCAMC8-06A_2016","success","2016-07-05",2016,"EMFWOR","EMFWOR_CAMC8",183,187,1,"N","U",3.8,-0.258819045102521,157,"PIPO",66.6666666666667,2.5,0.7,145.1529999,21.8687992,23,0,0,27.4869995117188,26.6012496948242,0,0,"N",30
"895","EMFWOR_NCAMC8-07A_2018","success","2018-07-06",2018,"EMFWOR","EMFWOR_CAMC8",183,187,8,"F","U",1.8,0.788010753606722,143,"POTR5",25,2.5,0.666666666666667,207.4019928,21.7194004,25,0,0,24.5650005340576,22.6731998443604,0,0,"N",44
"896","EMFWOR_NLFTT2-01A_2018","success","2018-07-06",2018,"EMFWOR","38",178,187,4,"N","H",4.2,0.866025403784438,150,"PIPO",16.6666666666667,17.5,0.333333333333333,196.5820007,33.0191994,8,14.6377001,0,24.8330001831055,22.4681997299194,0,0,"N",37
"897","EMFWOR_NLFTT2-01B_2018","success","2018-07-06",2018,"EMFWOR","EMFWOR_LFTT2",178,187,3,"N","H",7.4,0.669130606358858,157,"POTR5",41.6666666666667,5,0.333333333333333,320.1499939,8.5949898,43,30.6247997,0,25.2719993591309,21.2227775785658,3.93499994277954,0.437222215864393,"N",30
"898","EMFWOR_NLILT3-10A_2018","success","2018-07-06",2018,"EMFWOR","EMFWOR_LILT3",178,187,5,"N","H",1.5,-0.390731128489274,150,"PIPO",41.6666666666667,20,0.615384615384615,412.6940002,8.6038799,40,66.6471024,0,24.3159999847412,22.0223999023438,0,0,"N",37
"899","EMFWOR_NRIMT1-01A_2015","failure","2015-07-06",2015,"EMFWOR","EMFWOR_RIMT1",174,187,3,"N","U",1.9,-0.996194698091746,156,"POTR5",16.6666666666667,10,0.714285714285714,388.3380127,16.1548004,54,7.3922,0,25.503999710083,24.2374445597331,0,0,"N",31
"900","EMFWOR_NSWRC2-09A_2017","success","2017-07-06",2017,"EMFWOR","EMFWOR_SWRC2",178,187,3,"N","U",3.6,-0.20791169081776,147,"POTR5",16.6666666666667,5,0,433.8880005,10.6893997,42,2.3174,0,28.7649993896484,26.3957500457764,0,0,"N",40
"901","EMFWOR_NSWRC3-04A_2016","success","2016-07-05",2016,"EMFWOR","62",181,187,2,"N","U",1.35,-0.258819045102521,153,"POTR5",116.666666666667,15,0.25,373.0539856,14.29,30,0,0,28.253999710083,26.5938570840018,0,0,"N",34
"902","EMFWOR_NSWRC3-09A_2016","success","2016-07-05",2016,"EMFWOR","EMFWOR_SWRC3",183,187,4,"N","U",10.9,-0.951056516295154,147,"PIPO",16.6666666666667,27.5,0.307692307692308,276.2909851,15.3641996,45,0,0,29.8419990539551,28.1482002258301,0,0,"N",40
"903","EMMAOR_NCUBT2-10A_2015","failure","2015-07-06",2015,"EMMAOR","EMMAOR_CUBT2",183,187,2,"N","B",3.5,6.12323399573677e-17,NA,"PIPO",75,0,1,265.8160095,29.0720997,44,11.9682999,78.0850983,32.7610015869141,32.1686668395996,0,0,"N",NA
"904","EMMAOR_NCUBT2-10A_2017","success","2017-07-06",2017,"EMMAOR","EMMAOR_CUBT2",178,187,3,"N","HB",1.7,-0.819152044288992,147,"PIPO",91.6666666666667,7.5,1,272.0169983,25.0401993,47,37.5182991,66.0279007,31.9659996032715,28.1101997375488,2.57399988174438,0.257399988174438,"N",40
"905","EMMAOR_NELKT1-05A_2015","success","2015-07-06",2015,"EMMAOR","EMMAOR_ELKT1",174,187,2,"N","U",1.4,-0.882947592858927,148,"PIPO",100,12.5,0.5,445.7489929,28.7222004,49,0,0,26.488000869751,24.2975002924601,1.3400000333786,0.223333338896434,"N",39
"906","EMMAOR_NFLAGC1-02A_2015","success","2015-07-06",2015,"EMMAOR","EMMAOR_FLAGC1",182,187,1,"N","U",1.8,-0.939692620785908,150,"PIPO",66.6666666666667,20,0.4375,361.1860046,25.9759007,38,0,0,33.5320014953613,27.7427854537964,0.907999992370606,0.23164285506521,"N",37
"907","EMMAOR_NFLAGC1-08A_2015","success","2015-07-06",2015,"EMMAOR","EMMAOR_FLAGC1",182,187,2,"N","U",9,-0.719339800338651,144,"PIPO",33.3333333333333,22.5,0.846153846153846,496.4349976,19.8724995,24,0,0,33.0040016174316,31.2450008392334,0,0,"N",43
"908","EMMAOR_NFLAGC2-10A_2015","success","2015-07-06",2015,"EMMAOR","EMMAOR_FLAGC2",159,187,1,"N","HB",1.95,-0.999390827019096,146,"JUOC",133.333333333333,20,0.375,92.5048981,70.7947006,14,88.1783981,87.885498,34.5190010070801,28.428172604791,0.734000027179718,0.0333448283631226,"I",41
"909","EMMAOR_NPAWT1-03A_2016","success","2016-07-05",2016,"EMMAOR","EMMAOR_PAWT1",167,187,4,"N","H",1.2,0.529919264233205,155,"PIPO",33.3333333333333,10,1,673.8839722,18.1711998,51,23.2033005,8.7818699,30.3460006713867,22.314619018918,8.07999992370605,0.796380954129355,"I",32
"910","EMMAOR_NPAWT1-03A_2017","success","2017-07-06",2017,"EMMAOR","EMMAOR_PAWT1",178,187,1,"N","H",4.9,-0.90630778703665,148,"PIPO",8.33333333333333,10,1,440.2839966,24.3237,34,41.8011017,3.6763501,31.2110004425049,29.7370004653931,2.30100011825562,1.15050005912781,"N",39
"911","EMMAOR_NPAWT1-03A_2021","failure","2021-07-06",2021,"EMMAOR","EMMAOR_PAWT1",179,187,6,"N","H",1.15,0.642787609686539,NA,"PIPO",108.333333333333,2.5,1,439.1589966,26.0562992,30,46.0251999,1.3750499,32.9787979125977,29.1385990142822,0,0,"N",NA
"912","EMMAOR_NPAWT1-04A_2015","failure","2015-07-06",2015,"EMMAOR","EMMAOR_PAWT1",183,187,4,"N","U",3.2,-0.190808995376545,161,"PIPO",25,37.5,1,771.098999,14.6253996,47,7.6855402,1.73155,32.5559997558594,31.7453333536784,0,0,"N",26
"913","EMMAOR_NPAWT1-05A_2015","success","2015-07-06",2015,"EMMAOR","EMMAOR_PAWT1",183,187,2,"N","U",0.7,0.422618261740699,152,"PIPO",83.3333333333333,0,0.833333333333333,585.5549927,22.1138992,27,5.72015,0,33.5480003356934,32.1960000991821,0.686999976634979,0.171749994158745,"N",35
"914","EMMAOR_NPAWT1-05A_2021","failure","2021-07-06",2021,"EMMAOR","EMMAOR_PAWT1",179,187,3,"N","H",2.9,-0.573576436351046,NA,"PIPO",41.6666666666667,10,1,424.9590149,58.6519012,17,70.1965027,0,34.99169921875,32.7568766276042,0,0,"N",NA
"915","EMMAOR_NPAWT1-07A_2015","failure","2015-07-06",2015,"EMMAOR","EMMAOR_PAWT1",183,187,1,"N","U",2,0.978147600733806,NA,"PIPO",50,7.5,1,171.9920044,31.4999008,17,22.2059002,0,32.5559997558594,31.7453333536784,0,0,"N",NA
"916","EMMAOR_NPAWT1-08A_2015","success","2015-07-06",2015,"EMMAOR","EMMAOR_PAWT1",183,187,3,"N","H",1.5,-0.999390827019096,152,"PIPO",16.6666666666667,65,0.928571428571429,617.4089966,13.6162004,27,27.9554005,1.53102,32.7869987487793,31.0875995635986,0,0,"N",35
"917","EMMAOR_NPRONGC2-01A_2015","success","2015-07-06",2015,"EMMAOR","EMMAOR_PRONGC2",180,187,2,"N","HB",1.65,-0.438371146789078,147,"PIPO",91.6666666666667,2.5,1,258.355011,28.7031002,52,19.6539001,77.4834976,34.109001159668,25.2833929743086,2.21600008010864,0.179285717861993,"N",40
"918","EMMAOR_NRATT1-10A_2016","success","2016-07-05",2016,"EMMAOR","EMMAOR_RATT1",182,187,5,"N","U",1.5,-0.325568154457157,148,"JUOC",108.333333333333,27.5,0.0416666666666667,497.2980042,14.4579,47,0.616016,0,31.1979999542236,30.8423334757487,0,0,"N",39
"919","EMMAOR_NUPCA1-04A_2016","success","2016-07-05",2016,"EMMAOR","EMMAOR_UPCA1",180,187,1,"N","U",12.5,-0.601815023152048,148,"PIPO",58.3333333333333,12.5,0.846153846153846,526.1530151,22.8894005,90,0,0,31.1110000610352,24.7901426042829,0,0,"N",39
"920","EMMAOR_NWOLFC1-03A_2016","success","2016-07-05",2016,"EMMAOR","EMMAOR_WOLFC1",181,187,1,"N","U",5.1,-0.951056516295154,149,"PIPO",33.3333333333333,22.5,0.714285714285714,563.322998,8.8896399,68,0,0,30.9930000305176,30.30299949646,0,0,"N",38
"921","EMMAOR_NWOLFC2-01A_2017","success","2017-07-06",2017,"EMMAOR","EMMAOR_WOLFC2",180,187,1,"F","U",3,-0.275637355816999,143,"JUOC",66.6666666666667,2.5,0.444444444444444,668.5040283,15.8332996,63,0,0,25.0030002593994,23.6875,0,0,"N",44
"922","EMMAOR_NWOLFC2-08A_2017","success","2017-07-06",2017,"EMMAOR","EMMAOR_WOLFC2",180,187,1,"F","U",4.1,0.866025403784438,141,"JUOC",25,12.5,0,191.7619934,17.6772003,40,3.75477,0,25.0030002593994,23.6875,0,0,"N",46
"923","EMMAOR_NWOLFC2-09A_2016","success","2016-07-05",2016,"EMMAOR","EMMAOR_WOLFC2",181,187,2,"N","U",2,-0.809016994374947,148,"JUOC",75,22.5,0,190.5659943,17.3519993,38,0,0,30.3729991912842,27.2305712018694,0,0,"N",39
"924","EMPAID_N1WS07A_2017","failure","2017-07-06",2017,"EMPAID","EMPAID_1WS",184,187,5,"N","HB",3.7,-0.999390827019096,173,"PIPO",16.6666666666667,27.5,0.923076923076923,394.375,7.0488901,61,20.7978992,73.6829987,32.0919990539551,28.90625,0,0,"I",14
"925","EMPAID_N1WS09A_2017","success","2017-07-06",2017,"EMPAID","EMPAID_1WS",184,187,3,"F","HB",2.6,-0.374606593415912,146,"PIPO",25,2.5,1,464.7579956,11.5446997,69,31.9741993,65.9546967,32.0919990539551,28.90625,0,0,"N",41
"926","EMPAID_NB-T02A_2015","failure","2015-07-06",2015,"EMPAID","EMPAID_B-T",183,187,5,"N","U",1.3,0.874619707139396,165,"PIPO",50,0,1,133.3150024,41.4236984,30,29.4221001,25.9032001,34.5660018920898,32.789400100708,0,0,"N",22
"927","EMPAID_NB-T08A_2012","failure","2012-07-05",2012,"EMPAID","EMPAID_B-T",185,187,1,"N","H",2.5,0.669130606358858,170,"PIPO",50,2.5,0.777777777777778,156.1860046,27.7455006,32,36.7849998,10.3542995,30.3129997253418,27.7927997589111,0,0,"N",17
"928","EMPAID_NB-U02A_2012","success","2012-07-05",2012,"EMPAID","EMPAID_B-U",186,187,5,"N","U",3.5,-0.292371704722737,148,"PIPO",16.6666666666667,22.5,1,370.1109924,17.5608006,28,0,0,28.6100006103516,25.253667195638,0,0,"N",39
"929","EMPAID_NB-U05A_2015","failure","2015-07-06",2015,"EMPAID","EMPAID_B-U",181,187,2,"N","U",3.8,0.615661475325658,168,"PIPO",33.3333333333333,5,0.666666666666667,329.9670105,19.7581005,28,0,0,34.0670013427734,32.6388577052525,0,0,"I",19
"930","EMPAID_NBWC01A_2012","success","2012-07-05",2012,"EMPAID","218",184,187,5,"N","U",2.2,-0.615661475325658,147,"PIPO",0,2.5,0.25,474.3469849,9.1122398,74,0.440012,0,28.6119995117188,23.7883634567261,9.72200012207031,0.88390910201071,"N",40
"931","EMPAID_NBWC01A_2014","success","2014-07-06",2014,"EMPAID","220",185,187,10,"N","U",2.3,-0.848048096156426,149,"PIPO",0,5,0.25,393.9559937,7.9387298,77,0,0,31.6700000762939,27.2692001342773,0,0,"N",38
"932","EMPAID_NCP09A_2012","success","2012-07-05",2012,"EMPAID","229",185,187,3,"N","B",1.4,-0.754709580222772,148,"PIPO",8.33333333333333,0,0.25,108.8280029,44.2860985,35,4.5761199,4.78722,29.1959991455078,26.2786661783854,0,0,"N",39
"933","EMPAID_NCR01A_2012","failure","2012-07-05",2012,"EMPAID","230",184,187,5,"I","U",1.1,-1.83697019872103e-16,166,"PIPO",33.3333333333333,10,0.8,126.5230026,40.4294014,31,25.3446999,0,29.9249992370605,24.576124548912,8.10499954223633,1.31762494146824,"I",21
"934","EMPAID_NCR07A_2012","success","2012-07-05",2012,"EMPAID","231",184,187,6,"F","H",1.1,NA,144,"PIPO",8.33333333333333,27.5,0.857142857142857,214.6499939,21.3633003,43,38.2224007,0,29.9249992370605,24.4828566142491,8.10499954223633,1.5058570759637,"N",43
"935","EMPAID_NCU05A_2015","success","2015-07-06",2015,"EMPAID","EMPAID_CU",180,187,6,"N","U",2.1,-0.978147600733806,149,"PIPO",0,10,0.4,335.8819885,10.0938997,40,7.4215298,0,37.0670013427734,32.707624912262,0,0,"N",38
"936","EMPAID_NCU09A_2015","success","2015-07-06",2015,"EMPAID","EMPAID_CU",175,187,5,"N","U",2.2,-0.970295726275996,154,"PIPO",8.33333333333333,7.5,0.5,392.2120056,9.1995802,54,28.3367996,0,38.9440002441406,33.2916154127855,0,0,"N",33
"937","EMPAID_NCW-A01A_2017","failure","2017-07-06",2017,"EMPAID","EMPAID_CW-A",184,187,3,"I","H",3.5,-0.0523359562429443,NA,"PIPO",8.33333333333333,27.5,0.333333333333333,259.9500122,29.9123001,64,62.2470016,0,33.0820007324219,31.4165000915527,0,0,"I",NA
"938","EMPAID_NCW-A03A_2012","success","2012-07-05",2012,"EMPAID","EMPAID_CW-A",184,187,8,"N","U",3,-0.484809620246337,148,"PIPO",16.6666666666667,10,0.857142857142857,300.3580017,12.9594002,40,0.99736,0,31.6149997711182,25.9303747415543,6.21600008010864,1.1851250231266,"N",39
"939","EMPAID_NCW-A03A_2016","success","2016-07-05",2016,"EMPAID","EMPAID_CW-A",182,187,10,"F","H",1.2,0.927183854566787,144,"PIPO",16.6666666666667,10,0.857142857142857,300.3580017,12.9594002,40,43.6492004,4.2397399,34.9710006713867,30.9346669514974,0,0,"N",43
"940","EMPAID_NCW-A05A_2017","success","2017-07-06",2017,"EMPAID","EMPAID_CW-A",181,187,5,"N","H",2.3,-0.788010753606722,156,"PIPO",8.33333333333333,12.5,0.833333333333333,490.9500122,12.5887003,56,62.7457008,6.3118701,32.726001739502,28.510400390625,2.58599996566772,0.67899999320507,"N",31
"941","EMPAID_NCW-B03A_2017","success","2017-07-06",2017,"EMPAID","EMPAID_CW-B",184,187,4,"F","H",3,0.961261695938319,146,"PIPO",0,55,0.772727272727273,344.2019958,29.6429996,65,62.1590004,0.235541,30.5049991607666,27.0294995307922,1.10199999809265,0.275499999523163,"N",41
"942","EMPAID_NCW-B04A_2016","success","2016-07-05",2016,"EMPAID","EMPAID_CW-B",179,187,2,"N","H",3,0.207911690817759,165,"PSME",8.33333333333333,50,0.857142857142857,382.4869995,27.2096996,59,48.577301,0,28.076000213623,24.4994286128453,4.11600017547607,0.588000025068011,"I",22
"943","EMPAID_NCW-D04A_2016","success","2016-07-05",2016,"EMPAID","EMPAID_CW-D",179,187,2,"N","HB",3.5,0.275637355816999,150,"PIPO",33.3333333333333,37.5,0.842105263157895,400.6530151,14.1034002,75,24.1713009,24.2894001,29.8659992218018,25.0590000152588,0,0,"N",37
"944","EMPAID_NCW-D09A_2012","success","2012-07-05",2012,"EMPAID","EMPAID_CW-D",172,187,1,"N","U",6.6,-0.984807753012208,148,"PIPO",NA,NA,NA,340.822998,12.3292999,58,0,0,31.8810005187988,26.1874375343323,7.25600004196167,0.626125007867813,"N",39
"945","EMPAID_NCW-E03A_2017","success","2017-07-06",2017,"EMPAID","EMPAID_CW-E",181,187,6,"N","H",2.5,-0.642787609686539,154,"PIPO",33.3333333333333,12.5,0.666666666666667,199.4450073,38.3394012,75,24.5527,0,32.5509986877441,28.7952853611537,1.10199999809265,0.157428571156093,"N",33
"946","EMPAID_NDL08A_2015","success","2015-07-06",2015,"EMPAID","EMPAID_DL",183,187,7,"F","U",1.2,-0.848048096156426,144,"PIPO",8.33333333333333,0,0.25,417.8909912,19.6219997,30,0,0,35.0369987487793,33.2765995025635,0,0,"N",43
"947","EMPAID_NLC-R09A_2014","success","2014-07-06",2014,"EMPAID","EMPAID_LC-R",176,187,7,"N","B",1.1,0.629320391049838,157,"PIPO",83.3333333333333,7.5,0.928571428571429,132.6999969,31.5911999,12,0,3.1066,32.765998840332,25.7504998842875,7.40999984741211,1.03549998005231,"N",30
"948","EMPAID_NLC-R10A_2012","success","2012-07-05",2012,"EMPAID","EMPAID_LC-R",185,187,12,"N","B",1.6,0.642787609686539,147,"PIPO",0,7.5,1,136.8910065,31.3173008,11,0,3.1066,29.7870006561279,26.4973335266113,0.24600000679493,0.0410000011324883,"N",40
"949","EMPAID_NLC05A_2015","success","2015-07-06",2015,"EMPAID","EMPAID_LC",183,187,2,"N","U",2,-0.681998360062499,150,"PIPO",8.33333333333333,5,0.6,153.3650055,30.0527,13,0,3.1066,35.0369987487793,33.2765995025635,0,0,"N",37
"950","EMPAID_NSF04A_2012","success","2012-07-05",2012,"EMPAID","295",184,187,4,"N","U",3.3,0.999847695156391,151,"PIPO",25,15,0.888888888888889,456.7160034,7.9411802,33,15.6351004,0,29.8640003204346,27.3642501831055,0,0,"N",36
"951","EMPAID_NSF05A_2016","success","2016-07-05",2016,"EMPAID","EMPAID_SF",182,187,8,"N","H",1.4,0.866025403784438,158,"PIPO",25,25,0.923076923076923,487.2810059,9.1460505,46,48.9292984,6.3118701,34.9710006713867,34.2916666666667,0,0,"N",29
"952","EMPAID_NSF07A_2016","success","2016-07-05",2016,"EMPAID","EMPAID_SF",182,187,9,"F","H",5.5,-0.997564050259824,142,"PIPO",16.6666666666667,20,0.8,455.9129944,16.0212994,65,59.4309006,6.3118701,34.9710006713867,33.0749998092651,0,0,"N",45
"953","EMPAID_NSF09A_2017","success","2017-07-06",2017,"EMPAID","EMPAID_SF",184,187,9,"F","H",2.2,-0.629320391049837,144,"PIPO",41.6666666666667,10,0.666666666666667,309.4450073,10.9294004,45,59.4309006,5.8439698,32.0460014343262,28.9125003814697,0.239999994635582,0.0599999986588955,"N",43
"954","EMPAID_NSG09A_2015","success","2015-07-06",2015,"EMPAID","306",183,187,5,"N","HB",4,0.965925826289068,163,"PIPO",33.3333333333333,7.5,0.571428571428571,287.3630066,27.7528,40,37.3717003,66.4639969,33.5970001220703,33.5384998321533,0,0,"N",24
"955","EMPAID_NWM03A_2015","success","2015-07-06",2015,"EMPAID","316",184,187,4,"N","H",2.3,0.898794046299167,146,"PIPO",0,0,0,262.0979919,23.2483006,27,38.1049995,0,34.4770011901855,32.5412502288818,0,0,"N",41
"956","EMPAID_NWM03A_2017","success","2017-07-06",2017,"EMPAID","318",181,187,4,"N","H",10.5,0.309016994374947,154,"PIPO",50,12.5,0.818181818181818,234.4140015,27.8251991,25,39.7476997,0.0923067,30.7430000305176,25.9292502403259,0.72299998998642,0.213499996811152,"N",33
"957","EMPAID_NWM07A_2012","success","2012-07-05",2012,"EMPAID","322",185,187,2,"F","H",3.3,-0.927183854566787,147,"PIPO",8.33333333333333,2.5,0.5,394.7160034,9.55126,50,37.8116989,0,28.0990009307861,25.2800000508626,0,0,"N",40
"958","EMPAID_NWRF-M06A_2015","success","2015-07-06",2015,"EMPAID","EMPAID_WRF-M",182,187,8,"N","H",3,-0.939692620785908,148,"PIPO",8.33333333333333,42.5,0.5,399.4190063,11.8261995,60,20.6805992,0,38.5950012207031,35.6330000559489,0.0500000007450581,0.00833333345750968,"N",39
"959","EMFWOR_NCAMC1-01A_2017","success","2017-07-07",2017,"EMFWOR","EMFWOR_CAMC1",180,188,3,"F","U",4.5,-0.766044443118978,143,"PIPO",50,15,0.769230769230769,318.071991,21.2150993,21,0,0,26.7229995727539,24.9259999593099,0,0,"N",45
"960","EMFWOR_NCAMC7-06A_2020","success","2020-07-06",2020,"EMFWOR","EMFWOR_CAMC7",184,188,3,"F","U",4,0.866025403784438,145,"PIPO",16.6666666666667,5,0.166666666666667,296.1889954,21.6956997,38,0,0,24.4669990539551,23.0281997680664,0,0,"N",43
"961","EMFWOR_NCAMC8-07A_2017","success","2017-07-07",2017,"EMFWOR","EMFWOR_CAMC8",181,188,8,"F","U",1.8,0.788010753606722,142,"POTR5",25,2.5,0.666666666666667,207.4019928,21.7194004,25,0,0,28.2719993591309,26.4626250267029,0,0,"N",46
"962","EMFWOR_NCAMC8-09A_2020","success","2020-07-06",2020,"EMFWOR","EMFWOR_CAMC8",183,188,6,"N","U",2.4,0.891006524188368,153,"POTR5",66.6666666666667,7.5,0.0833333333333333,402.1990051,16.6655006,34,0,0,20.2560005187988,16.8940000534058,0.312000006437302,0.104000002145767,"N",35
"963","EMFWOR_NLILT1-10A_2016","success","2016-07-06",2016,"EMFWOR","EMFWOR_LILT1",183,188,2,"N","U",3.9,0.422618261740699,163,"PIPO",25,45,0.772727272727273,354.2510071,15.8219004,41,11.9390001,0,27.2439994812012,26.2915000915527,0,0,"N",25
"964","EMFWOR_NMUDT1-05A_2016","success","2016-07-06",2016,"EMFWOR","EMFWOR_MUDT1",183,188,3,"N","U",7.5,-0.99026806874157,157,"POTR5",8.33333333333333,0,0,429.9630127,9.0864496,80,13.4350004,0,27.2240009307861,26.383749961853,0,0,"N",31
"965","EMFWOR_NMUDT1-05A_2021","failure","2021-07-07",2021,"EMFWOR","EMFWOR_MUDT1",187,188,1,"I","H",3.2,0.809016994374947,184,"POTR5",0,0,0,422.5669861,8.8189402,80,59.9883003,0,32.9291000366211,29.8577850886754,1.26269996166229,0.180385708808899,"L",4
"966","EMFWOR_NRIMT1-01A_2016","failure","2016-07-06",2016,"EMFWOR","EMFWOR_RIMT1",183,188,2,"N","U",1,-0.891006524188368,NA,"PIPO",50,37.5,0.714285714285714,331.0090027,14.9574003,52,8.7415705,0,28.0639991760254,27.0809998512268,0,0,"N",NA
"967","EMFWOR_NSWRC2-10A_2015","failure","2015-07-07",2015,"EMFWOR","58",174,188,2,"N","U",2.3,-0.927183854566787,156,"PIPO",58.3333333333333,22.5,0.764705882352941,417.4460144,8.9965496,49,22.7339001,0,26.2180004119873,24.6612498760223,0,0,"N",32
"968","EMFWOR_NSWRC3-03A_2020","success","2020-07-06",2020,"EMFWOR","EMFWOR_SWRC3",182,188,5,"N","U",8.7,6.12323399573677e-17,150,"PIPO",66.6666666666667,20,0.25,314.0650024,16.2073994,49,5.8961601,5.8980799,27.9220008850098,22.2162859780448,0.335999995470047,0.0479999993528639,"N",38
"969","EMFWOR_NSWRC3-04A_2020","success","2020-07-06",2020,"EMFWOR","64",182,188,2,"N","U",2.2,0.669130606358858,157,"POTR5",175,12.5,0.0769230769230769,379.5469971,13.5320997,30,0,0,23.2390003204346,20.5021427699498,0.178000003099442,0.0254285718713488,"N",31
"970","EMMAOR_NDUGC1-01A_2016","success","2016-07-06",2016,"EMMAOR","EMMAOR_DUGC1",180,188,5,"F","U",2.7,-0.20791169081776,143,"JUOC",41.6666666666667,10,0.1,503.1539917,48.7545013,32,0,0.009549,31.3719997406006,27.9874443478054,0,0,"N",45
"971","EMMAOR_NDUGC1-10A_2016","success","2016-07-06",2016,"EMMAOR","EMMAOR_DUGC1",180,188,1,"N","U",1.3,0.529919264233205,163,"JUOC",8.33333333333333,7.5,0.2,383.2600098,24.7199001,45,0.234673,0.296018,30.548999786377,27.0603332519531,0,0,"N",25
"972","EMMAOR_NELKT2-01A_2021","failure","2021-07-07",2021,"EMMAOR","EMMAOR_ELKT2",182,188,1,"I","H",3,0.241921895599668,NA,"POTR5",33.3333333333333,0,0,577.3800049,10.0077,70,68.0550995,0.257822,32.9338989257812,31.5788421630859,0.68259996175766,0.0975142802510943,"I",NA
"973","EMMAOR_NELKT2-02A_2015","success","2015-07-07",2015,"EMMAOR","EMMAOR_ELKT2",182,188,1,"N","U",5.6,-0.17364817766693,151,"PIPO",50,2.5,1,567.9609985,10.6805,48,0,0,33.8240013122559,30.2776667277018,0.578000009059906,0.0642222232288784,"N",37
"974","EMMAOR_NELKT2-02A_2021","failure","2021-07-07",2021,"EMMAOR","EMMAOR_ELKT2",182,188,3,"N","H",1.6,-0.719339800338651,NA,"PIPO",33.3333333333333,2.5,1,565.0209961,11.5177002,45,49.4572983,0.623866,33.9519996643066,32.5909418378557,0.628600001335144,0.0898000001907349,"N",NA
"975","EMMAOR_NELKT2-04A_2016","success","2016-07-06",2016,"EMMAOR","103",180,188,2,"N","H",0.7,-0.891006524188368,148,"PIPO",25,27.5,1,252.4019928,35.2736015,22,72.2499008,5.5193,29.9209995269775,26.7107777065701,0,0,"N",40
"976","EMMAOR_NELKT2-06A_2015","success","2015-07-07",2015,"EMMAOR","EMMAOR_ELKT2",182,188,2,"F","U",2.2,0.866025403784439,143,"JUOC",83.3333333333333,5,0.75,185.0449982,15.9097996,13,0,0,33.8240013122559,28.2096429552351,1.41999995708466,0.14271428329604,"N",45
"977","EMMAOR_NELKT2-07A_2021","failure","2021-07-07",2021,"EMMAOR","EMMAOR_ELKT2",182,188,1,"N","H",1.3,-0.342020143325669,NA,"POTR5",8.33333333333333,2.5,0.5,213.246994,26.3602009,15,50.3372993,0,33.9519996643066,32.5909418378557,0.628600001335144,0.0898000001907349,"N",NA
"978","EMMAOR_NELKT3-08A_2021","failure","2021-07-07",2021,"EMMAOR","EMMAOR_ELKT3",182,188,3,"N","H",2.8,0.258819045102521,NA,"PIPO",0,47.5,0.894736842105263,458.7030029,27.5021,62,68.2312012,0,32.60009765625,31.282869883946,0.518899977207184,0.0741285681724548,"N",NA
"979","EMMAOR_NPAWT1-03A_2021","failure","2021-07-07",2021,"EMMAOR","EMMAOR_PAWT1",187,188,7,"N","H",1.15,0.642787609686539,NA,"PIPO",108.333333333333,2.5,1,439.1589966,26.0562992,30,46.0251999,1.3750499,34.99169921875,32.7568766276042,0,0,"N",NA
"980","EMMAOR_NPAWT1-05A_2015","success","2015-07-07",2015,"EMMAOR","EMMAOR_PAWT1",187,188,3,"N","U",0.7,0.422618261740699,152,"PIPO",83.3333333333333,0,0.833333333333333,585.5549927,22.1138992,27,5.72015,0,32.7869987487793,31.0875995635986,0,0,"N",36
"981","EMMAOR_NPAWT1-05A_2021","failure","2021-07-07",2021,"EMMAOR","EMMAOR_PAWT1",187,188,4,"F","H",2.9,-0.573576436351046,NA,"PIPO",41.6666666666667,10,1,424.9590149,58.6519012,17,70.1965027,0,34.027099609375,32.9139490127563,0,0,"N",NA
"982","EMMAOR_NPAWT1-08A_2015","success","2015-07-07",2015,"EMMAOR","EMMAOR_PAWT1",187,188,4,"N","H",1.5,-0.999390827019096,152,"PIPO",16.6666666666667,65,0.928571428571429,617.4089966,13.6162004,27,27.9554005,1.53102,27.6229991912842,27.5019998550415,0,0,"N",36
"983","EMMAOR_NPRONGC2-01A_2015","success","2015-07-07",2015,"EMMAOR","EMMAOR_PRONGC2",187,188,3,"F","HB",1.65,-0.438371146789078,147,"PIPO",91.6666666666667,2.5,1,258.355011,28.7031002,52,19.6539001,77.4834976,33.9029998779297,31.7318749427795,0.499000012874603,0.0623750016093254,"N",41
"984","EMMAOR_NRATT1-10A_2015","failure","2015-07-07",2015,"EMMAOR","EMMAOR_RATT1",183,188,2,"N","U",2,-0.615661475325658,NA,"JUOC",75,25,0.0526315789473684,495.1029968,13.9039001,45,0.146671,0,32.9720001220703,30.4376662572225,0,0,"N",NA
"985","EMMAOR_NSAGEC1-09A_2015","failure","2015-07-07",2015,"EMMAOR","EMMAOR_SAGEC1",183,188,4,"N","U",1.1,0.951056516295154,149,"JUOC",50,17.5,0.769230769230769,537.5889893,15.4568996,45,21.7071991,0,34.1479988098145,31.670999844869,0,0,"N",39
"986","EMMAOR_NSAGEC1-10A_2015","failure","2015-07-07",2015,"EMMAOR","EMMAOR_SAGEC1",183,188,5,"N","H",0.8,-0.190808995376545,148,"PIPO",0,35,1,429.2900085,31.4356995,33,37.0489998,0,35.4119987487793,31.519299697876,0.514999985694885,0.0514999985694885,"N",40
"987","EMMAOR_NSAGEC1-10B_2015","success","2015-07-07",2015,"EMMAOR","EMMAOR_SAGEC1",183,188,2,"F","H",3.35,1,145,"JUOC",75,15,0.0666666666666667,501.230011,15.6639996,60,28.4540997,0,35.4119987487793,31.519299697876,0.514999985694885,0.0514999985694885,"N",43
"988","EMMAOR_NWOLFC1-03A_2015","success","2015-07-07",2015,"EMMAOR","EMMAOR_WOLFC1",181,188,3,"N","U",5.1,-0.0697564737441256,148,"JUOC",33.3333333333333,17.5,0.181818181818182,414.3789978,11.2033997,54,0,0,33.6349983215332,31.4852499961853,0,0,"N",40
"989","EMMAOR_NWOLFC1-07A_2015","success","2015-07-07",2015,"EMMAOR","EMMAOR_WOLFC1",181,188,3,"F","U",3.1,0.4226182617407,145,"JUOC",0,5,0,377.0339966,16.7716999,61,0,0,33.1699981689453,28.666777504815,0.768999993801117,0.143111109733582,"N",43
"990","EMMAOR_NWOLFC2-02A_2015","success","2015-07-07",2015,"EMMAOR","EMMAOR_WOLFC2",181,188,1,"N","U",9,-0.992546151641322,148,"JUOC",8.33333333333333,27.5,0.5,636.6450195,15.9289999,70,0,0,33.1699981689453,30.0652852739607,0.518999993801117,0.0741428562573024,"N",40
"991","EMMAOR_NWOLFC2-09A_2015","success","2015-07-07",2015,"EMMAOR","EMMAOR_WOLFC2",173,188,1,"N","U",1.8,-0.325568154457157,152,"JUOC",25,25,0.285714285714286,182.3249969,17.8619995,38,0,0,33.1699981689453,29.4162497520447,0.768999993801117,0.0804999992251396,"N",36
"992","EMMAOR_NWOLFTB4-10A_2015","failure","2015-07-07",2015,"EMMAOR","EMMAOR_WOLFTB4",175,188,2,"N","U",1.2,-0.309016994374947,148,"PIPO",25,0,0.5,392.8420105,17.4633007,66,0,0,33.5699996948242,30.6137856074742,0.602999985218048,0.0430714275155749,"N",40
"993","EMPAID_N1WS07A_2017","failure","2017-07-07",2017,"EMPAID","EMPAID_1WS",187,188,6,"N","HB",3.7,-0.999390827019096,173,"PIPO",16.6666666666667,27.5,0.923076923076923,394.375,7.0488901,61,20.7978992,73.6829987,34.4879989624023,32.77174949646,0,0,"N",15
"994","EMPAID_NB-T10A_2017","success","2017-07-07",2017,"EMPAID","EMPAID_B-T",186,188,3,"F","HB",4,-0.913545457642601,148,"PIPO",16.6666666666667,7.5,1,152.0950012,15.8095999,55,21.0618992,56.0811005,32.4150009155273,29.5349998474121,0,0,"N",40
"995","EMPAID_NB-U01A_2014","success","2014-07-07",2014,"EMPAID","EMPAID_B-U",182,188,7,"N","U",2,-0.819152044288992,150,"PIPO",100,17.5,0.947368421052632,188.4600067,14.5770998,40,0,0,28.2059993743896,22.811333126492,7.40999984741211,1.38066664006975,"N",38
"996","EMPAID_NBWC01A_2014","success","2014-07-07",2014,"EMPAID","220",187,188,11,"N","U",2.3,-0.848048096156426,149,"PIPO",0,5,0.25,393.9559937,7.9387298,77,0,0,30.57200050354,30.3683331807454,0,0,"N",39
"997","EMPAID_NBWC01A_2016","success","2016-07-06",2016,"EMPAID","222",181,188,4,"F","U",1.7,-0.829037572555042,145,"PIPO",8.33333333333333,30,1,527.4840088,8.0085697,65,0,0,32.3429985046387,27.9144997596741,0,0,"N",43
"998","EMPAID_NCU05A_2015","success","2015-07-07",2015,"EMPAID","EMPAID_CU",187,188,7,"N","U",2.1,-0.978147600733806,149,"PIPO",0,10,0.4,335.8819885,10.0938997,40,7.4215298,0,29.5559997558594,28.5380001068115,0,0,"N",39
"999","EMPAID_NCU09A_2015","success","2015-07-07",2015,"EMPAID","EMPAID_CU",187,188,6,"N","U",2.2,-0.970295726275996,154,"PIPO",8.33333333333333,7.5,0.5,392.2120056,9.1995802,54,28.3367996,0,31.048999786377,29.8319997787476,0,0,"N",34
"1000","EMPAID_NCU10A_2014","success","2014-07-07",2014,"EMPAID","EMPAID_CU",181,188,7,"N","H",4.4,0.207911690817759,146,"PIPO",8.33333333333333,15,0.571428571428571,269.0350037,11.6083002,46,39.8944016,0,21.7439994812012,20.7056662241618,9.37399959564209,3.1246665318807,"N",42
"1001","EMPAID_NCW-A01A_2017","failure","2017-07-07",2017,"EMPAID","EMPAID_CW-A",187,188,4,"I","H",3.5,-0.0523359562429443,NA,"PIPO",8.33333333333333,27.5,0.333333333333333,259.9500122,29.9123001,64,62.2470016,0,33.8699989318848,33.4759998321533,0,0,"I",NA
"1002","EMPAID_NCW-A03A_2017","failure","2017-07-07",2017,"EMPAID","EMPAID_CW-A",181,188,5,"I","H",2,0.0348994967025013,171,"PIPO",8.33333333333333,20,0.444444444444444,461.7590027,11.5770998,48,63.743,1.48646,32.726001739502,27.6137504577637,2.58599996566772,0.788499992340803,"I",17
"1003","EMPAID_NCW-D06A_2014","success","2014-07-07",2014,"EMPAID","EMPAID_CW-D",184,188,2,"F","H",3.3,0.241921895599668,145,"PIPO",33.3333333333333,17.5,0.727272727272727,444.5750122,8.9568996,50,20.4459,0,34.7000007629395,33.460799407959,0,0,"N",43
"1004","EMPAID_NDL08A_2017","success","2017-07-07",2017,"EMPAID","EMPAID_DL",186,188,2,"N","U",2,-0.974370064785235,149,"PIPO",16.6666666666667,5,0.666666666666667,393.6919861,17.0144997,30,0,0,31.7749996185303,28.9410003026326,0,0,"N",39
"1005","EMPAID_NSF07A_2014","success","2014-07-07",2014,"EMPAID","EMPAID_SF",184,188,5,"N","H",2.3,0.241921895599667,147,"PIPO",8.33333333333333,20,0.888888888888889,455.9129944,16.0212994,65,35.993,0,34.3839988708496,33.1368000030518,0,0,"N",41
"1006","EMPAID_NWM03A_2014","success","2014-07-07",2014,"EMPAID","315",183,188,5,"N","H",2.9,-0.694658370458997,148,"PIPO",16.6666666666667,5,0.5,252.5079956,27.0023003,28,40.1876984,0.165515,32.6920013427734,31.2090002695719,0,0,"N",40
"1007","EMPAID_NWM03A_2016","failure","2016-07-06",2016,"EMPAID","317",181,188,7,"N","H",2.4,0.469471562785891,163,"PIPO",41.6666666666667,7.5,0.875,291.2850037,23.3983002,19,39.5130997,0,32.4220008850098,26.1284442477756,0,0,"N",25
"1008","EMPAID_NWRF-M06A_2016","success","2016-07-06",2016,"EMPAID","EMPAID_WRF-M",181,188,5,"N","H",2.1,-1.83697019872103e-16,149,"PSME",16.6666666666667,20,0.6,414.0329895,11.4113998,53,21.7658997,7.3590698,34.3699989318848,30.1367499828339,0,0,"N",39
"1009","EMFWOR_NCAMC3-08A_2020","success","2020-07-07",2020,"EMFWOR","EMFWOR_CAMC3",183,189,7,"N","U",4.8,-0.207911690817759,146,"POTR5",33.3333333333333,5,0.142857142857143,269.4970093,33.4715004,6,0,0,25.5189990997314,22.6851425170898,0,0,"N",43
"1010","EMFWOR_NCAMC4-07A_2016","success","2016-07-07",2016,"EMFWOR","EMFWOR_CAMC4",187,189,1,"N","U",1.7,0.788010753606722,150,"POTR5",66.6666666666667,0,0.888888888888889,432.3049927,14.1638002,32,0,0,27.42799949646,25.8064997990926,0,0,"N",39
"1011","EMFWOR_NCAMC4-07A_2019","success","2019-07-08",2019,"EMFWOR","EMFWOR_CAMC4",186,189,9,"N","U",3.9,-0.970295726275996,146,"POTR5",66.6666666666667,20,0.823529411764706,245.7920074,15.8908997,23,0,0,21.5160007476807,19.7180004119873,0,0,"N",43
"1012","EMFWOR_NCAMC4-10A_2016","success","2016-07-07",2016,"EMFWOR","EMFWOR_CAMC4",187,189,1,"N","U",4.6,0.999847695156391,153,"PIPO",8.33333333333333,15,0,271.019989,24.3887005,18,0,0,27.4869995117188,26.0465711866106,0,0,"N",36
"1013","EMFWOR_NCAMC5-01A_2015","success","2015-07-08",2015,"EMFWOR","EMFWOR_CAMC5",182,189,3,"N","U",2.4,-0.719339800338651,150,"POTR5",16.6666666666667,2.5,0.4,266.1570129,28.5111008,13,0,0,31.5009994506836,27.8008889092339,0,0,"N",39
"1014","EMFWOR_NCAMC7-06A_2015","success","2015-07-08",2015,"EMFWOR","EMFWOR_CAMC7",182,189,4,"N","U",1.7,-0.981627183447664,152,"POTR5",91.6666666666667,5,0.307692307692308,341.3900146,19.566,42,0,0,33.0519981384277,29.3448882632785,0,0,"N",37
"1015","EMFWOR_NLILT1-07A_2019","success","2019-07-08",2019,"EMFWOR","EMFWOR_LILT1",186,189,1,"N","H",4.2,-0.956304755963035,167,"POTR5",8.33333333333333,7.5,0.75,324.1069946,27.6088009,14,55.5000992,0,23.1569995880127,21.5077495574951,0,0,"N",22
"1016","EMFWOR_NLILT1-07A_2020","success","2020-07-07",2020,"EMFWOR","EMFWOR_LILT1",182,189,1,"N","H",2.6,-0.913545457642601,166,"POTR5",0,5,1,315.2269897,27.4428997,12,63.4496994,0,23.3010005950928,20.2827498912811,0,0,"N",23
"1017","EMFWOR_NLILT3-04A_2020","failure","2020-07-07",2020,"EMFWOR","EMFWOR_LILT3",182,189,1,"N","H",2,-0.681998360062498,159,"PIPO",25,20,0.454545454545455,257.67099,21.1112003,11,66.3831024,18.6777992,NA,NA,NA,NA,"N",30
"1018","EMFWOR_NMUDT1-05A_2015","success","2015-07-08",2015,"EMFWOR","EMFWOR_MUDT1",182,189,4,"N","U",7.5,-0.99026806874157,149,"POTR5",8.33333333333333,0,0,429.9630127,9.0864496,80,13.4350004,0,31.2220001220703,27.5977776845296,0,0,"N",40
"1019","EMFWOR_NMUDT1-05A_2020","success","2020-07-07",2020,"EMFWOR","EMFWOR_MUDT1",184,189,5,"N","H",3.2,0.809016994374947,165,"POTR5",0,0,0,422.5669861,8.8189402,80,56.9375,0,19.1940002441406,16.3282496929169,0.344999998807907,0.0862499997019768,"N",24
"1020","EMFWOR_NSWRC3-03A_2019","success","2019-07-08",2019,"EMFWOR","EMFWOR_SWRC3",186,189,6,"N","U",3.2,0.951056516295154,156,"PIPO",8.33333333333333,17.5,0.222222222222222,358.6419983,17.3425007,49,5.4268098,0,23.2099990844727,21.3880000114441,0,0,"N",33
"1021","EMFWOR_NSWRC3-04A_2016","success","2016-07-07",2016,"EMFWOR","62",187,189,3,"N","U",1.35,-0.258819045102521,153,"POTR5",116.666666666667,15,0.25,373.0539856,14.29,30,0,0,23.1849994659424,22.0349998474121,0,0,"N",36
"1022","EMFWOR_NSWRC3-09A_2016","success","2016-07-07",2016,"EMFWOR","EMFWOR_SWRC3",187,189,5,"F","U",10.9,-0.951056516295154,147,"PIPO",16.6666666666667,27.5,0.307692307692308,276.2909851,15.3641996,45,0,0,25.3770008087158,24.2216669718424,0,0,"N",42
"1023","EMMAOR_NCLIFFC1-08A_2016","success","2016-07-07",2016,"EMMAOR","EMMAOR_CLIFFC1",187,189,1,"N","U",1.25,0.898794046299167,154,"JUOC",41.6666666666667,15,0.166666666666667,256.70401,10.8544998,37,0,0,23.1119995117188,22.1976668039958,0.00600000005215406,0.00200000001738469,"N",35
"1024","EMMAOR_NCUBT2-10A_2015","failure","2015-07-08",2015,"EMMAOR","EMMAOR_CUBT2",187,189,3,"N","B",3.5,6.12323399573677e-17,NA,"PIPO",75,0,1,265.8160095,29.0720997,44,11.9682999,78.0850983,33.0279998779297,31.3244003295898,0,0,"N",NA
"1025","EMMAOR_NELKT1-05A_2015","success","2015-07-08",2015,"EMMAOR","EMMAOR_ELKT1",187,189,3,"N","U",1.4,-0.882947592858927,148,"PIPO",100,12.5,0.5,445.7489929,28.7222004,49,0,0,33.5940017700195,30.4606432233538,0.538999974727631,0.0384999981948307,"N",41
"1026","EMMAOR_NELKT2-02A_2015","success","2015-07-08",2015,"EMMAOR","EMMAOR_ELKT2",188,189,2,"N","U",5.6,-0.17364817766693,151,"PIPO",50,2.5,1,567.9609985,10.6805,48,0,0,33.4589996337891,31.0531430925642,0,0,"N",38
"1027","EMMAOR_NELKT2-02A_2021","failure","2021-07-08",2021,"EMMAOR","EMMAOR_ELKT2",188,189,4,"N","H",1.6,-0.719339800338651,NA,"PIPO",33.3333333333333,2.5,1,565.0209961,11.5177002,45,49.4572983,0.623866,33.9519996643066,31.649899482727,0,0,"N",NA
"1028","EMMAOR_NELKT2-07A_2021","failure","2021-07-08",2021,"EMMAOR","EMMAOR_ELKT2",188,189,2,"N","H",1.3,-0.342020143325669,NA,"POTR5",8.33333333333333,2.5,0.5,213.246994,26.3602009,15,50.3372993,0,33.9519996643066,31.649899482727,0,0,"N",NA
"1029","EMMAOR_NELKT3-08A_2021","failure","2021-07-08",2021,"EMMAOR","EMMAOR_ELKT3",188,189,4,"N","H",2.8,0.258819045102521,NA,"PIPO",0,47.5,0.894736842105263,458.7030029,27.5021,62,68.2312012,0,32.60009765625,30.3878984451294,0,0,"N",NA
"1030","EMMAOR_NFLAGC1-02A_2015","success","2015-07-08",2015,"EMMAOR","EMMAOR_FLAGC1",187,189,2,"N","U",1.8,-0.939692620785908,150,"PIPO",66.6666666666667,20,0.4375,361.1860046,25.9759007,38,0,0,33.0040016174316,31.2450008392334,0,0,"N",39
"1031","EMMAOR_NFLAGC1-07A_2014","failure","2014-07-08",2014,"EMMAOR","EMMAOR_FLAGC1",170,189,2,"N","U",2.1,-0.956304755963035,NA,"JUOC",25,5,0.2,461.2990112,21.2907009,25,0,0,30.5629997253418,24.074799823761,3.69899988174438,0.699200001358986,"N",NA
"1032","EMMAOR_NFLAGC1-08A_2015","success","2015-07-08",2015,"EMMAOR","EMMAOR_FLAGC1",187,189,3,"F","U",9,-0.719339800338651,144,"PIPO",33.3333333333333,22.5,0.846153846153846,496.4349976,19.8724995,24,0,0,28.8700008392334,28.5373338063558,0.391000002622604,0.130333334207535,"N",45
"1033","EMMAOR_NPAWT1-03A_2021","failure","2021-07-08",2021,"EMMAOR","EMMAOR_PAWT1",188,189,8,"N","H",1.15,0.642787609686539,NA,"PIPO",108.333333333333,2.5,1,439.1589966,26.0562992,30,46.0251999,1.3750499,34.027099609375,32.9139490127563,0,0,"N",NA
"1034","EMMAOR_NPAWT1-04A_2015","failure","2015-07-08",2015,"EMMAOR","EMMAOR_PAWT1",187,189,5,"N","U",3.2,-0.190808995376545,161,"PIPO",25,37.5,1,771.098999,14.6253996,47,7.6855402,1.73155,32.7869987487793,31.0875995635986,0,0,"N",28
"1035","EMMAOR_NPAWT1-07A_2015","failure","2015-07-08",2015,"EMMAOR","EMMAOR_PAWT1",187,189,2,"N","U",2,0.978147600733806,NA,"PIPO",50,7.5,1,171.9920044,31.4999008,17,22.2059002,0,32.7869987487793,31.0875995635986,0,0,"N",NA
"1036","EMMAOR_NWOLFC1-03A_2016","success","2016-07-07",2016,"EMMAOR","EMMAOR_WOLFC1",187,189,2,"N","U",5.1,-0.951056516295154,149,"PIPO",33.3333333333333,22.5,0.714285714285714,563.322998,8.8896399,68,0,0,31.2339992523193,28.16428565979,0,0,"N",40
"1037","EMMAOR_NWOLFC2-09A_2016","success","2016-07-07",2016,"EMMAOR","EMMAOR_WOLFC2",187,189,3,"F","U",2,-0.809016994374947,148,"JUOC",75,22.5,0,190.5659943,17.3519993,38,0,0,22.0919990539551,21.1319999694824,0,0,"N",41
"1038","EMMAOR_NWOLFTB4-10A_2015","failure","2015-07-08",2015,"EMMAOR","EMMAOR_WOLFTB4",188,189,3,"N","U",1.2,-0.309016994374947,148,"PIPO",25,0,0.5,392.8420105,17.4633007,66,0,0,28.3889999389648,28.0869998931885,0,0,"N",41
"1039","EMPAID_N1WS05A_2013","success","2013-07-08",2013,"EMPAID","EMPAID_1WS",183,189,3,"I","B",2.5,-0.838670567945424,178,"PIPO",116.666666666667,15,0.4,219.7619934,10.7425003,28,15.4590998,39.803299,37.7449989318848,31.8079999287923,1.65799999237061,0.276333332061768,"I",11
"1040","EMPAID_N1WS06A_2019","success","2019-07-08",2019,"EMPAID","EMPAID_1WS",186,189,5,"N","HB",1.75,-0.848048096156426,151,"PIPO",8.33333333333333,40,0.647058823529412,518.9349976,11.4338999,83,30.2434998,89.1809998,28.1049995422363,25.2385001182556,0,0,"N",38
"1041","EMPAID_N1WS07A_2014","success","2014-07-08",2014,"EMPAID","EMPAID_1WS",183,189,5,"F","U",3,-0.0348994967025008,145,"PSME",0,10,0.666666666666667,180.4609985,11.0317001,45,8.1255503,20.5876007,30.4810009002686,23.8922222985162,4.45599985122681,1.10822219981088,"N",44
"1042","EMPAID_N1WS07A_2019","success","2019-07-08",2019,"EMPAID","EMPAID_1WS",186,189,5,"F","HB",2.2,-0.984807753012208,147,"PIPO",33.3333333333333,30,0.875,419.0469971,7.3331299,66,23.5259991,74.660202,28.1049995422363,25.2385001182556,0,0,"N",42
"1043","EMPAID_NB-T01A_2016","success","2016-07-07",2016,"EMPAID","EMPAID_B-T",182,189,3,"N","HB",1.4,0.882947592858927,151,"PIPO",41.6666666666667,7.5,1,224.6860046,27.1019993,45,30.7714996,89.4802017,33.1469993591309,27.3481247425079,0,0,"N",38
"1044","EMPAID_NB-T10A_2013","success","2013-07-08",2013,"EMPAID","EMPAID_B-T",184,189,1,"N","H",2,-0.156434465040231,152,"PIPO",50,5,0.875,107.7279968,29.2509995,51,10.5309,4.78722,36.2649993896484,31.1331669489543,0,0,"N",37
"1045","EMPAID_NB-T10A_2014","success","2014-07-08",2014,"EMPAID","EMPAID_B-T",180,189,6,"N","H",3,-0.374606593415912,152,"PIPO",66.6666666666667,2.5,1,139.8930054,6.7675099,61,9.1815796,4.78722,33.9500007629395,29.634400177002,0,0,"N",37
"1046","EMPAID_NB-U01A_2013","success","2013-07-08",2013,"EMPAID","EMPAID_B-U",185,189,6,"N","U",1.8,-0.754709580222772,156,"PIPO",41.6666666666667,12.5,0.727272727272727,236.1499939,14.8092003,28,0,0,32.3209991455078,29.5429996490479,0,0,"N",33
"1047","EMPAID_NBR04A_2013","success","2013-07-08",2013,"EMPAID","EMPAID_BR",185,189,6,"N","U",1.2,-0.309016994374947,163,"PIPO",33.3333333333333,12.5,0.777777777777778,178.3480072,25.0660992,45,0,0,32.326000213623,29.4701999664307,0,0,"N",26
"1048","EMPAID_NCU04A_2013","success","2013-07-08",2013,"EMPAID","EMPAID_CU",185,189,13,"N","U",3.2,-0.999390827019096,158,"PSME",16.6666666666667,17.5,0.9,473.6229858,12.5155001,34,0.352009,0,34.1699981689453,32.5374994277954,0,0,"N",31
"1049","EMPAID_NCU07A_2013","success","2013-07-08",2013,"EMPAID","EMPAID_CU",185,189,13,"F","H",2.8,0.866025403784439,148,"PSME",8.33333333333333,30,0.692307692307692,410.1860046,10.8526001,56,18.7737999,0,34.1699981689453,32.5374994277954,0,0,"N",41
"1050","EMPAID_NCW-A01A_2013","success","2013-07-08",2013,"EMPAID","EMPAID_CW-A",185,189,9,"N","U",4.6,-0.17364817766693,156,"PIPO",16.6666666666667,2.5,0.6,253.2870026,19.1459999,45,0,0,33.882999420166,31.2242004394531,0,0,"N",33
"1051","EMPAID_NCW-A01B_2013","success","2013-07-08",2013,"EMPAID","EMPAID_CW-A",185,189,9,"N","U",4.1,0.0523359562429439,154,"PIPO",8.33333333333333,45,0.894736842105263,211.9589996,18.6592007,14,8.8589001,0,32.8139991760254,29.9703998565674,0,0,"N",35
"1052","EMPAID_NCW-A02A_2019","success","2019-07-08",2019,"EMPAID","EMPAID_CW-A",186,189,5,"F","HB",2.2,0.390731128489273,145,"PSME",50,22.5,0.8,313.8340149,15.8607998,48,52.6841011,51.8223,30.4109992980957,27.4202494621277,0,0,"N",44
"1053","EMPAID_NCW-A07A_2019","success","2019-07-08",2019,"EMPAID","EMPAID_CW-A",184,189,4,"N","H",1.7,-0.694658370458997,154,"PSME",16.6666666666667,12.5,0.375,387.9070129,16.1259995,17,73.892601,45.1442986,27.2759990692139,23.6295713697161,0.885999977588654,0.126571425369808,"N",35
"1054","EMPAID_NCW-D10A_2016","success","2016-07-07",2016,"EMPAID","EMPAID_CW-D",182,189,1,"N","HB",9.8,-1,160,"PIPO",58.3333333333333,12.5,0.166666666666667,239.7339935,21.2000008,88,24.5820007,13.8301001,35.3359985351562,34.6459999084473,0,0,"N",29
"1055","EMPAID_NDL03A_2013","success","2013-07-08",2013,"EMPAID","EMPAID_DL",185,189,10,"N","U",6.7,0.342020143325669,154,"PIPO",0,5,0.4,163.3730011,49.6929016,15,0,0,36.1590003967285,30.6918752193451,2.20199990272522,0.275249987840652,"N",35
"1056","EMPAID_NDL08A_2014","success","2014-07-08",2014,"EMPAID","EMPAID_DL",182,189,3,"N","U",2.9,0.601815023152048,151,"PIPO",16.6666666666667,15,0.625,284.3110046,20.8591995,28,0,0,25.8640003204346,21.6387141091483,7.40999984741211,1.77514282294682,"N",38
"1057","EMPAID_NLC-R09A_2014","success","2014-07-08",2014,"EMPAID","EMPAID_LC-R",187,189,8,"N","B",1.1,0.629320391049838,157,"PIPO",83.3333333333333,7.5,0.928571428571429,132.6999969,31.5911999,12,0,3.1066,33.2680015563965,32.1883335113525,0,0,"N",32
"1058","EMPAID_NLC04A_2013","success","2013-07-08",2013,"EMPAID","EMPAID_LC",185,189,9,"N","B",2.3,0.3583679495453,155,"PIPO",0,15,1,136.5529938,31.1275997,12,0,3.1066,32.3209991455078,29.5429996490479,0,0,"N",34
"1059","EMPAID_NPM09A_2013","success","2013-07-08",2013,"EMPAID","291",185,189,6,"N","B",2.6,-0.587785252292473,159,"PIPO",8.33333333333333,5,0.333333333333333,191.4179993,19.1755009,47,8.80023,49.1040001,31.7360000610352,29.0819999694824,0,0,"N",30
"1060","EMPAID_NSF08A_2013","success","2013-07-08",2013,"EMPAID","EMPAID_SF",185,189,7,"N","U",1.8,-0.156434465040231,163,"PIPO",8.33333333333333,12.5,0.857142857142857,307.8590088,7.9717202,28,23.3792992,0,38.2789993286133,36.4606666564941,0,0,"N",26
"1061","EMPAID_NSG10A_2014","success","2014-07-08",2014,"EMPAID","309",180,189,3,"N","HB",1.7,0.956304755963035,152,"PIPO",0,0,0,174.7400055,39.235199,46,33.1475983,61.0751991,32.814998626709,28.5266000747681,0,0,"N",37
"1062","EMPAID_NSG10A_2019","success","2019-07-08",2019,"EMPAID","313",182,189,3,"N","HB",3.8,-0.342020143325669,151,"PIPO",0,0,0,182.6430054,34.8348999,65,26.1366997,45.9337006,27.746000289917,24.7623751163483,0,0,"N",38
"1063","EMPAID_NWM03A_2013","success","2013-07-08",2013,"EMPAID","314",185,189,7,"N","H",3.4,-0.997564050259824,148,"PIPO",0,0,0,375.9819946,10.5274,48,39.4543991,0,31.7360000610352,29.0819999694824,0,0,"N",41
"1064","EMPAID_NWM03A_2015","success","2015-07-08",2015,"EMPAID","316",187,189,5,"N","H",2.3,0.898794046299167,146,"PIPO",0,0,0,262.0979919,23.2483006,27,38.1049995,0,29.0189990997314,25.7973330815633,8.99400043487549,4.36816676457723,"N",43
"1065","EMPAID_NWM06A_2015","success","2015-07-08",2015,"EMPAID","321",187,189,1,"N","HB",0.8,0.992546151641322,157,"PIPO",50,35,0.85,302.2839966,16.2989006,34,34.2036018,17.7451992,30.2830009460449,29.2160002390544,0,0,"N",32
"1066","EMPAID_NWRF-M06A_2013","success","2013-07-08",2013,"EMPAID","EMPAID_WRF-M",183,189,2,"N","U",7.1,0.90630778703665,157,"PIPO",33.3333333333333,25,0.571428571428571,384.9719849,10.4211998,29,4.31212,0,37.4959983825684,33.6633991241455,0,0,"N",32
"1067","EMPAID_NWRF-M08A_2019","success","2019-07-08",2019,"EMPAID","EMPAID_WRF-M",184,189,2,"N","HB",7.4,0.965925826289068,156,"PIPO",25,2.5,0.5,393.7650146,10.8755999,61,22.8806,21.9881001,29.5440006256104,25.8531668980916,0,0,"N",33
"1068","EMFWOR_NCAMC1-02A_2018","success","2018-07-09",2018,"EMFWOR","EMFWOR_CAMC1",186,190,3,"N","U",5.2,0.5,148,"PIPO",191.666666666667,17.5,0.5,341.7489929,19.5303001,30,0,0,25.923999786377,23.7064995765686,0,0,"N",42
"1069","EMFWOR_NCAMC4-01A_2018","success","2018-07-09",2018,"EMFWOR","EMFWOR_CAMC4",186,190,3,"N","B",3.1,0.999390827019096,154,"POTR5",75,20,0.88235294117647,283.0090027,23.9491005,22,4.2241101,56.2943993,24.5650005340576,22.3724999427795,0,0,"N",36
"1070","EMFWOR_NCAMC4-07A_2016","success","2016-07-08",2016,"EMFWOR","EMFWOR_CAMC4",189,190,2,"N","U",1.7,0.788010753606722,150,"POTR5",66.6666666666667,0,0.888888888888889,432.3049927,14.1638002,32,0,0,23.1760005950928,21.8659998575846,0,0,"N",40
"1071","EMFWOR_NCAMC4-10A_2016","success","2016-07-08",2016,"EMFWOR","EMFWOR_CAMC4",189,190,2,"N","U",4.6,0.999847695156391,153,"PIPO",8.33333333333333,15,0,271.019989,24.3887005,18,0,0,23.1760005950928,21.8659998575846,0,0,"N",37
"1072","EMFWOR_NCAMC5-01A_2015","success","2015-07-09",2015,"EMFWOR","EMFWOR_CAMC5",189,190,4,"N","U",2.4,-0.719339800338651,150,"POTR5",16.6666666666667,2.5,0.4,266.1570129,28.5111008,13,0,0,32.273998260498,28.2034995555878,11.1990003585815,2.42000004649162,"N",40
"1073","EMFWOR_NCAMC7-06A_2015","success","2015-07-09",2015,"EMFWOR","EMFWOR_CAMC7",189,190,5,"N","U",1.7,-0.981627183447664,152,"POTR5",91.6666666666667,5,0.307692307692308,341.3900146,19.566,42,0,0,34.023998260498,29.9197497367859,10.3769998550415,2.2983749806881,"N",38
"1074","EMFWOR_NCAMC7-06A_2018","success","2018-07-09",2018,"EMFWOR","EMFWOR_CAMC7",183,190,3,"N","U",7.5,0.0348994967025013,148,"POTR5",100,7.5,0.266666666666667,340.54599,18.4986992,42,0,0,26.4629993438721,24.1324285779681,0,0,"N",42
"1075","EMFWOR_NCAMC8-06A_2016","success","2016-07-08",2016,"EMFWOR","EMFWOR_CAMC8",187,190,2,"N","U",3.8,-0.258819045102521,157,"PIPO",66.6666666666667,2.5,0.7,145.1529999,21.8687992,23,0,0,27.42799949646,25.6095996856689,0,0,"N",33
"1076","EMFWOR_NCAMC8-09A_2020","success","2020-07-08",2020,"EMFWOR","EMFWOR_CAMC8",188,190,7,"N","U",2.4,0.891006524188368,153,"POTR5",66.6666666666667,7.5,0.0833333333333333,402.1990051,16.6655006,34,0,0,24.4669990539551,22.5661665598551,0,0,"N",37
"1077","EMFWOR_NLILT3-10A_2018","success","2018-07-09",2018,"EMFWOR","EMFWOR_LILT3",187,190,6,"N","H",1.5,-0.390731128489274,150,"PIPO",41.6666666666667,20,0.615384615384615,412.6940002,8.6038799,40,66.6471024,0,25.2220001220703,23.2047500610352,0,0,"N",40
"1078","EMFWOR_NMUDT1-05A_2016","success","2016-07-08",2016,"EMFWOR","EMFWOR_MUDT1",188,190,4,"N","U",7.5,-0.99026806874157,157,"POTR5",8.33333333333333,0,0,429.9630127,9.0864496,80,13.4350004,0,27.1240005493164,24.7224998474121,0,0,"N",33
"1079","EMFWOR_NSWRC3-03A_2020","success","2020-07-08",2020,"EMFWOR","EMFWOR_SWRC3",188,190,6,"N","U",8.7,6.12323399573677e-17,150,"PIPO",66.6666666666667,20,0.25,314.0650024,16.2073994,49,5.8961601,5.8980799,22.1660003662109,19.3868573052543,1.00699996948242,0.143857138497489,"N",40
"1080","EMFWOR_NSWRC3-03B_2018","success","2018-07-09",2018,"EMFWOR","EMFWOR_SWRC3",183,190,2,"N","U",6.7,-0.829037572555042,165,"PIPO",25,12.5,0.7,387.4509888,17.0130005,49,4.6054602,0,23.9379997253418,21.431600189209,0,0,"N",25
"1081","EMFWOR_NSWRC3-04A_2020","success","2020-07-08",2020,"EMFWOR","64",188,190,3,"N","U",2.2,0.669130606358858,157,"POTR5",175,12.5,0.0769230769230769,379.5469971,13.5320997,30,0,0,24.5930004119873,22.7056668599447,0,0,"N",33
"1082","EMFWOR_NSWRC3-09A_2018","success","2018-07-09",2018,"EMFWOR","EMFWOR_SWRC3",186,190,4,"F","U",16.3,-0.819152044288992,145,"PIPO",58.3333333333333,22.5,0.5,322.7200012,12.9469004,34,0,0,27.1609992980957,25.0099997520447,0,0,"N",45
"1083","EMMAOR_NCLIFFC1-07A_2019","success","2019-07-09",2019,"EMMAOR","EMMAOR_CLIFFC1",184,190,3,"F","U",3,0.0523359562429439,145,"PIPO",66.6666666666667,5,0.818181818181818,259.7139893,7.9499998,48,0,0,26.125,22.4320000239781,1.23099994659424,0.175857135227748,"N",45
"1084","EMMAOR_NCLIFFC1-08A_2019","success","2019-07-09",2019,"EMMAOR","EMMAOR_CLIFFC1",184,190,3,"N","U",3.6,-0.939692620785908,153,"JUOC",0,7.5,0,261.1099854,10.5565004,41,0,0,26.125,22.4320000239781,1.23099994659424,0.175857135227748,"N",37
"1085","EMMAOR_NCLIFFC2-06A_2019","success","2019-07-09",2019,"EMMAOR","EMMAOR_CLIFFC2",184,190,2,"F","U",1.8,0.819152044288992,144,"PIPO",50,10,0.363636363636364,294.4200134,21.0785999,37,0,0,25.2290000915527,21.5191426958357,1.0789999961853,0.1541428565979,"N",46
"1086","EMMAOR_NCUBT1-10A_2016","failure","2016-07-08",2016,"EMMAOR","EMMAOR_CUBT1",179,190,5,"N","B",1.5,-0.961261695938319,150,"PIPO",91.6666666666667,2.5,1,254.3359985,40.260601,36,18.6271992,100,28.94700050354,22.7684998512268,0,0,"N",40
"1087","EMMAOR_NCUBT2-02A_2016","failure","2016-07-08",2016,"EMMAOR","EMMAOR_CUBT2",181,190,3,"N","HB",2.5,-0.529919264233205,158,"PIPO",100,10,0.5625,321.8429871,16.0660992,85,40.3931007,69.9620972,30.4349994659424,25.9905000686646,0,0,"N",32
"1088","EMMAOR_NCUBT2-08A_2019","success","2019-07-09",2019,"EMMAOR","EMMAOR_CUBT2",183,190,4,"F","HB",2.2,-0.848048096156426,144,"PIPO",16.6666666666667,7.5,1,252.5319977,21.6002998,64,39.0437012,82.4522018,26.746000289917,22.9033749103546,2.91000008583069,0.418875012546778,"N",46
"1089","EMMAOR_NCUBT2-10A_2016","failure","2016-07-08",2016,"EMMAOR","EMMAOR_CUBT2",181,190,3,"N","B",1.5,0.342020143325669,159,"PIPO",8.33333333333333,5,0.666666666666667,307.9989929,29.5515995,42,3.1094201,68.1669006,30.4349994659424,25.9905000686646,0,0,"N",31
"1090","EMMAOR_NELKT2-01A_2021","failure","2021-07-09",2021,"EMMAOR","EMMAOR_ELKT2",188,190,2,"I","H",3,0.241921895599668,NA,"POTR5",33.3333333333333,0,0,577.3800049,10.0077,70,68.0550995,0.257822,32.9338989257812,30.225399017334,0,0,"I",NA
"1091","EMMAOR_NELKT2-02A_2021","failure","2021-07-09",2021,"EMMAOR","EMMAOR_ELKT2",189,190,5,"N","H",1.6,-0.719339800338651,NA,"PIPO",33.3333333333333,2.5,1,565.0209961,11.5177002,45,49.4572983,0.623866,30.3867988586426,29.867299079895,0,0,"N",NA
"1092","EMMAOR_NELKT2-05A_2019","success","2019-07-09",2019,"EMMAOR","EMMAOR_ELKT2",186,190,3,"F","H",1.1,0.656059028990507,145,"PIPO",25,10,1,235.2929993,18.6474991,20,55.4415016,0,24.42799949646,20.6627271825617,1.44400000572205,0.337636365131898,"N",45
"1093","EMMAOR_NELKT2-07A_2021","failure","2021-07-09",2021,"EMMAOR","EMMAOR_ELKT2",189,190,3,"F","H",1.3,-0.342020143325669,NA,"POTR5",8.33333333333333,2.5,0.5,213.246994,26.3602009,15,50.3372993,0,30.3867988586426,29.867299079895,0,0,"N",NA
"1094","EMMAOR_NELKT2-10A_2019","success","2019-07-09",2019,"EMMAOR","EMMAOR_ELKT2",176,190,2,"N","H",3,0.121869343405148,149,"POTR5",25,0,0,385.7600098,11.7405996,39,21.3845997,0,22.0790004730225,17.6500001907349,0,0,"N",41
"1095","EMMAOR_NELKT3-08A_2021","failure","2021-07-09",2021,"EMMAOR","EMMAOR_ELKT3",189,190,5,"N","H",2.8,0.258819045102521,NA,"PIPO",0,47.5,0.894736842105263,458.7030029,27.5021,62,68.2312012,0,29.125,28.6503496170044,0,0,"N",NA
"1096","EMMAOR_NFLAGC1-05A_2019","success","2019-07-09",2019,"EMMAOR","EMMAOR_FLAGC1",172,190,3,"N","U",3.4,0.987688340595138,150,"JUOC",16.6666666666667,10,0.125,414.7470093,35.1188011,33,0.205339,0,25.8349990844727,19.9161579232467,1.53400003910065,0.265421058002271,"N",40
"1097","EMMAOR_NPAWT1-03A_2016","success","2016-07-08",2016,"EMMAOR","EMMAOR_PAWT1",187,190,5,"N","H",1.2,0.529919264233205,155,"PIPO",33.3333333333333,10,1,673.8839722,18.1711998,51,23.2033005,8.7818699,24.1420001983643,22.0725002288818,0,0,"N",35
"1098","EMMAOR_NPAWT1-05A_2019","success","2019-07-09",2019,"EMMAOR","EMMAOR_PAWT1",184,190,1,"F","H",1.8,-0.99026806874157,145,"PIPO",66.6666666666667,10,1,402.7120056,57.0071983,15,63.1856995,0,26.1979999542236,21.8584289550781,2.36500000953674,0.337857144219535,"N",45
"1099","EMMAOR_NPRONGC1-01A_2019","success","2019-07-09",2019,"EMMAOR","141",183,190,5,"F","B",1.7,0.224951054343865,140,"PIPO",16.6666666666667,12.5,1,165.4450073,45.5554008,23,0,95.5087967,26.6240005493164,22.961874961853,2.27099990844727,0.322999987751245,"N",50
"1100","EMMAOR_NWOLFC1-01A_2019","success","2019-07-09",2019,"EMMAOR","EMMAOR_WOLFC1",184,190,5,"F","U",3.2,-0.898794046299167,142,"PIPO",41.6666666666667,5,0.125,521.177002,10.6569996,66,0,0,26.1679992675781,22.3574286869594,1.06700003147125,0.152428575924465,"N",48
"1101","EMMAOR_NWOLFC1-03A_2019","success","2019-07-09",2019,"EMMAOR","EMMAOR_WOLFC1",178,190,2,"N","U",2.4,-0.3583679495453,148,"PIPO",50,0,0.571428571428571,607.4459839,9.2994604,64,0,0,26.1679992675781,22.0301538614126,1.06700003147125,0.0931538480978746,"N",42
"1102","EMMAOR_NWOLFTB1-06A_2016","failure","2016-07-08",2016,"EMMAOR","EMMAOR_WOLFTB1",179,190,5,"N","H",1.3,0.939692620785908,147,"Abies",25,5,0.4,314.3540039,31.7625008,34,8.7415705,0,29.5160007476807,25.4751667976379,0.268999993801117,0.0448333323001862,"N",43
"1103","EMPAID_N1WS06A_2019","success","2019-07-09",2019,"EMPAID","EMPAID_1WS",189,190,6,"F","HB",1.75,-0.848048096156426,151,"PIPO",8.33333333333333,40,0.647058823529412,518.9349976,11.4338999,83,30.2434998,89.1809998,29.8199996948242,27.2385001182556,0,0,"N",39
"1104","EMPAID_N1WS07A_2018","success","2018-07-09",2018,"EMPAID","EMPAID_1WS",186,190,2,"F","B",3.4,0.0348994967025013,148,"PIPO",0,5,0,374.82901,5.6606798,63,11.5869999,56.9245987,28.2240009307861,24.0787496566772,0.0299999993294477,0.00749999983236194,"N",42
"1105","EMPAID_N1WS09A_2018","success","2018-07-09",2018,"EMPAID","EMPAID_1WS",186,190,9,"N","HB",2.5,0.374606593415912,149,"PIPO",16.6666666666667,15,0.625,466.8859863,10.3269997,60,27.8087006,54.6741982,28.2240009307861,24.0787496566772,0.0299999993294477,0.00749999983236194,"N",41
"1106","EMPAID_NB-S01A_2014","success","2014-07-09",2014,"EMPAID","EMPAID_B-S",181,190,3,"N","U",3.6,-0.898794046299167,157,"PIPO",0,15,0.5,418.7940063,10.4329004,40,2.5227301,0,19.9409999847412,18.9360001881917,9.13700008392334,3.04566669464111,"N",33
"1107","EMPAID_NB-T08A_2012","failure","2012-07-08",2012,"EMPAID","EMPAID_B-T",187,190,2,"N","H",2.5,0.669130606358858,170,"PIPO",50,2.5,0.777777777777778,156.1860046,27.7455006,32,36.7849998,10.3542995,29.1959991455078,26.2786661783854,0,0,"N",20
"1108","EMPAID_NB-T10A_2013","success","2013-07-09",2013,"EMPAID","EMPAID_B-T",189,190,2,"N","H",2,-0.156434465040231,152,"PIPO",50,5,0.875,107.7279968,29.2509995,51,10.5309,4.78722,30.5990009307861,30.304500579834,0,0,"N",38
"1109","EMPAID_NB-T10A_2018","success","2018-07-09",2018,"EMPAID","EMPAID_B-T",186,190,12,"N","H",2.5,-0.559192903470747,149,"PIPO",83.3333333333333,10,1,135.9060059,5.73808,61,9.76826,32.6766014,26.4370002746582,22.6746667226156,0,0,"N",41
"1110","EMPAID_NB-U02A_2012","success","2012-07-08",2012,"EMPAID","EMPAID_B-U",187,190,6,"F","U",3.5,-0.292371704722737,148,"PIPO",16.6666666666667,22.5,1,370.1109924,17.5608006,28,0,0,26.7970008850098,24.3530006408691,0,0,"N",42
"1111","EMPAID_NBR01A_2018","success","2018-07-09",2018,"EMPAID","EMPAID_BR",183,190,2,"F","U",3.7,-0.945518575599317,146,"PIPO",8.33333333333333,0,0.25,155.901001,21.2138996,59,0,0,23.7970008850098,21.5230002403259,0,0,"N",44
"1112","EMPAID_NBWC01A_2012","success","2012-07-08",2012,"EMPAID","218",187,190,6,"F","U",2.2,-0.615661475325658,147,"PIPO",0,2.5,0.25,474.3469849,9.1122398,74,0.440012,0,27.4370002746582,24.4990000724792,0,0,"N",43
"1113","EMPAID_NBWC01A_2014","success","2014-07-09",2014,"EMPAID","220",188,190,12,"F","U",2.3,-0.848048096156426,149,"PIPO",0,5,0.25,393.9559937,7.9387298,77,0,0,32.1059989929199,31.2249994277954,0,0,"N",41
"1114","EMPAID_NCP09A_2012","success","2012-07-08",2012,"EMPAID","229",187,190,4,"F","B",1.4,-0.754709580222772,148,"PIPO",8.33333333333333,0,0.25,108.8280029,44.2860985,35,4.5761199,4.78722,34.189998626709,31.1047492027283,0,0,"N",42
"1115","EMPAID_NCU09A_2014","failure","2014-07-09",2014,"EMPAID","EMPAID_CU",188,190,2,"I","H",2.4,0.951056516295154,182,"PIPO",8.33333333333333,2.5,0.4,398.8699951,9.2735596,59,33.4995995,0,NA,NA,NA,NA,"I",8
"1116","EMPAID_NCU10A_2014","success","2014-07-09",2014,"EMPAID","EMPAID_CU",188,190,8,"F","H",4.4,0.207911690817759,146,"PIPO",8.33333333333333,15,0.571428571428571,269.0350037,11.6083002,46,39.8944016,0,33.5800018310547,30.0238749980927,0,0,"N",44
"1117","EMPAID_NCU10A_2018","success","2018-07-09",2018,"EMPAID","243",184,190,2,"N","U",2.5,-0.374606593415912,171,"PIPO",50,2.5,0.875,347.3299866,11.1772003,43,0,0,31.2770004272461,25.4000004359654,0,0,"I",19
"1118","EMPAID_NCU10A_2019","success","2019-07-09",2019,"EMPAID","244",183,190,3,"N","U",2.8,-0.669130606358858,153,"PIPO",50,2.5,0.875,347.3299866,11.1772003,43,0,0,27.746000289917,24.1347501277924,0,0,"N",37
"1119","EMPAID_NCW-A01B_2018","failure","2018-07-09",2018,"EMPAID","EMPAID_CW-A",186,190,2,"I","HB",4.6,0.874619707139396,181,"PSME",8.33333333333333,25,0.636363636363636,357.8670044,28.2931995,76,71.1059036,21.9148998,27.6580009460449,22.8553333282471,0,0,"I",9
"1120","EMPAID_NCW-A04A_2019","success","2019-07-09",2019,"EMPAID","EMPAID_CW-A",184,190,6,"N","HB",2.5,-0.20791169081776,156,"PIPO",50,5,0.875,448.9710083,9.8943596,53,64.0950012,49.5942001,28.5359992980957,24.9008571079799,0.326999992132187,0.0467142845903124,"N",34
"1121","EMPAID_NCW-B02A_2019","success","2019-07-09",2019,"EMPAID","EMPAID_CW-B",184,190,4,"N","HB",4.8,-0.974370064785235,152,"PSME",25,17.5,0.3,356.223999,29.0282001,65,61.6896019,66.5595016,26.8600006103516,23.1058333714803,1.07000005245209,0.178333342075348,"N",38
"1122","EMPAID_NCW-B04A_2018","success","2018-07-09",2018,"EMPAID","EMPAID_CW-B",186,190,3,"N","HB",3,-0.529919264233205,158,"PIPO",16.6666666666667,37.5,0.647058823529412,370.1400146,26.6138992,60,59.2841988,46.3348007,32.5260009765625,29.2622005462646,0,0,"N",32
"1123","EMPAID_NDL04A_2018","success","2018-07-09",2018,"EMPAID","EMPAID_DL",186,190,4,"F","U",5.7,-0.544639035015027,149,"PIPO",8.33333333333333,10,0.714285714285714,161.9620056,49.5990982,16,0,0,25.4979991912842,21.3563327789307,0.00899999961256981,0.0029999998708566,"N",41
"1124","EMPAID_NEFW01A_2018","success","2018-07-09",2018,"EMPAID","284",186,190,9,"F","H",3.2,0.484809620246337,147,"PIPO",16.6666666666667,22.5,0.272727272727273,316.1650085,7.70858,55,7.9202099,0,34.3310012817383,30.7313999176025,0,0,"N",43
"1125","EMPAID_NLC-R10A_2012","success","2012-07-08",2012,"EMPAID","EMPAID_LC-R",187,190,13,"F","B",1.6,0.642787609686539,147,"PIPO",0,7.5,1,136.8910065,31.3173008,11,0,3.1066,28.6100006103516,25.7720006306966,0,0,"N",43
"1126","EMPAID_NSF07A_2014","success","2014-07-09",2014,"EMPAID","EMPAID_SF",188,190,6,"F","H",2.3,0.241921895599667,147,"PIPO",8.33333333333333,20,0.888888888888889,455.9129944,16.0212994,65,35.993,0,34.4679985046387,33.8479995727539,0,0,"N",43
"1127","EMPAID_NSG10A_2019","success","2019-07-09",2019,"EMPAID","313",189,190,4,"N","HB",3.8,-0.342020143325669,151,"PIPO",0,0,0,182.6430054,34.8348999,65,26.1366997,45.9337006,22.5580005645752,21.8980007171631,0,0,"N",39
"1128","EMPAID_NWM03A_2013","success","2013-07-09",2013,"EMPAID","314",189,190,8,"N","H",3.4,-0.997564050259824,148,"PIPO",0,0,0,375.9819946,10.5274,48,39.4543991,0,29.7159996032715,29.1005001068115,0,0,"N",42
"1129","EMPAID_NWM03A_2014","success","2014-07-09",2014,"EMPAID","315",188,190,6,"N","H",2.9,-0.694658370458997,148,"PIPO",16.6666666666667,5,0.5,252.5079956,27.0023003,28,40.1876984,0.165515,33.3230018615723,32.4170010884603,0,0,"N",42
"1130","EMPAID_NWM03A_2018","success","2018-07-09",2018,"EMPAID","319",186,190,5,"F","H",3.5,-0.453990499739547,146,"PIPO",0,0,0,278.2479858,23.2059994,22,38.9556999,0,26.0030002593994,21.7996667226156,0.0419999994337559,0.013999999811252,"N",44
"1131","EMPAID_NWM03A_2019","success","2019-07-09",2019,"EMPAID","320",182,190,3,"N","H",2,-0.970295726275996,159,"PIPO",25,0,1,283.6929932,25.2553005,24,40.6864014,0.108222,28.2089996337891,24.3888886769613,0,0,"N",31
"1132","EMPAID_NWRF-M06A_2015","success","2015-07-09",2015,"EMPAID","EMPAID_WRF-M",187,190,9,"F","H",3,-0.939692620785908,148,"PIPO",8.33333333333333,42.5,0.5,399.4190063,11.8261995,60,20.6805992,0,35.9459991455078,33.8269993464152,0,0,"N",42
"1133","EMPAID_NWRF-M09A_2018","success","2018-07-09",2018,"EMPAID","EMPAID_WRF-M",186,190,5,"N","HB",4.3,0.642787609686539,161,"PIPO",16.6666666666667,17.5,0.333333333333333,434.8819885,14.8796997,69,25.3446999,21.4374008,27.9179992675781,23.3799997057234,0,0,"N",29
"1134","EMFWOR_NCAMC1-02A_2018","success","2018-07-10",2018,"EMFWOR","EMFWOR_CAMC1",190,191,4,"N","U",5.2,0.5,148,"PIPO",191.666666666667,17.5,0.5,341.7489929,19.5303001,30,0,0,27.5230007171631,25.2497997283936,0,0,"N",43
"1135","EMFWOR_NCAMC3-08A_2020","success","2020-07-09",2020,"EMFWOR","EMFWOR_CAMC3",189,191,8,"N","U",4.8,-0.207911690817759,146,"POTR5",33.3333333333333,5,0.142857142857143,269.4970093,33.4715004,6,0,0,25.5189990997314,23.6483332316081,0,0,"N",45
"1136","EMFWOR_NCAMC7-06A_2018","success","2018-07-10",2018,"EMFWOR","EMFWOR_CAMC7",190,191,4,"F","U",7.5,0.0348994967025013,148,"POTR5",100,7.5,0.266666666666667,340.54599,18.4986992,42,0,0,27.8999996185303,24.7599997520447,0,0,"N",43
"1137","EMFWOR_NLFTT2-01A_2018","success","2018-07-10",2018,"EMFWOR","38",187,191,5,"N","H",4.2,0.866025403784438,150,"PIPO",16.6666666666667,17.5,0.333333333333333,196.5820007,33.0191994,8,14.6377001,0,26.2250003814697,24.3975997924805,0,0,"N",41
"1138","EMFWOR_NLFTT2-01B_2018","success","2018-07-10",2018,"EMFWOR","EMFWOR_LFTT2",187,191,4,"N","H",7.4,0.669130606358858,157,"POTR5",41.6666666666667,5,0.333333333333333,320.1499939,8.5949898,43,30.6247997,0,24.0540008544922,21.7332000732422,0,0,"N",34
"1139","EMFWOR_NLILT1-07A_2020","success","2020-07-09",2020,"EMFWOR","EMFWOR_LILT1",189,191,2,"N","H",2.6,-0.913545457642601,166,"POTR5",0,5,1,315.2269897,27.4428997,12,63.4496994,0,23.3010005950928,21.8130003611247,0,0,"N",25
"1140","EMFWOR_NLILT3-04A_2020","failure","2020-07-09",2020,"EMFWOR","EMFWOR_LILT3",189,191,2,"N","H",2,-0.681998360062498,159,"PIPO",25,20,0.454545454545455,257.67099,21.1112003,11,66.3831024,18.6777992,23.1480007171631,20.1560002565384,0,0,"N",32
"1141","EMFWOR_NMUDT1-05A_2015","success","2015-07-10",2015,"EMFWOR","EMFWOR_MUDT1",189,191,5,"N","U",7.5,-0.99026806874157,149,"POTR5",8.33333333333333,0,0,429.9630127,9.0864496,80,13.4350004,0,32.1220016479492,28.1712501049042,9.66899967193604,2.22224998474121,"N",42
"1142","EMFWOR_NMUDT1-05A_2020","success","2020-07-09",2020,"EMFWOR","EMFWOR_MUDT1",189,191,6,"N","H",3.2,0.809016994374947,165,"POTR5",0,0,0,422.5669861,8.8189402,80,56.9375,0,24.1439990997314,21.9743331273397,0,0,"N",26
"1143","EMFWOR_NSWRC2-09A_2017","success","2017-07-10",2017,"EMFWOR","EMFWOR_SWRC2",187,191,4,"F","U",3.6,-0.20791169081776,147,"POTR5",16.6666666666667,5,0,433.8880005,10.6893997,42,2.3174,0,26.8980007171631,24.6104999542236,0,0,"N",44
"1144","EMMAOR_NCLIFFC1-07A_2015","success","2015-07-10",2015,"EMMAOR","EMMAOR_CLIFFC1",183,191,2,"F","U",2.4,0.978147600733806,147,"PIPO",116.666666666667,7.5,0.722222222222222,259.7139893,7.9499998,48,0,0,34.2890014648438,32.9565010070801,0.379999995231628,0.0949999988079071,"N",44
"1145","EMMAOR_NCLIFFC2-07A_2015","success","2015-07-10",2015,"EMMAOR","EMMAOR_CLIFFC2",180,191,2,"F","U",1.9,0.275637355816999,145,"POTR5",41.6666666666667,7.5,0.8,145.1950073,30.8743992,21,0,0,34.4280014038086,27.625266901652,0.690999984741211,0.0548666656017303,"N",46
"1146","EMMAOR_NFLAGC2-03A_2019","success","2019-07-10",2019,"EMMAOR","EMMAOR_FLAGC2",182,191,1,"N","HB",6,-0.139173100960066,156,"PIPO",75,10,0.307692307692308,307.7479858,43.3762016,17,82.0475006,77.3529968,26.5669994354248,23.2876996994019,1.22500002384186,0.122500002384186,"N",35
"1147","EMMAOR_NFLAGC2-06A_2019","success","2019-07-10",2019,"EMMAOR","EMMAOR_FLAGC2",190,191,1,"N","HB",12.3,0.945518575599317,163,"PIPO",50,12.5,0.545454545454545,282.1130066,60.7094994,8,82.3702011,82.7386017,26.5669994354248,23.1202218797472,1.22500002384186,0.136111113760206,"N",28
"1148","EMMAOR_NFLAGC2-10A_2019","success","2019-07-10",2019,"EMMAOR","EMMAOR_FLAGC2",186,191,3,"F","HB",7.5,0.224951054343865,147,"PIPO",50,20,0.785714285714286,126.4869995,64.5207977,17,85.4208984,85.4377975,26.5669994354248,24.0516662597656,0,0,"N",44
"1149","EMMAOR_NMDC1-07A_2017","success","2017-07-10",2017,"EMMAOR","EMMAOR_MDC1",177,191,1,"F","U",2.8,-0.64278760968654,141,"PIPO",83.3333333333333,7.5,1,430.6940002,9.1416502,83,0,0,33.7630004882812,29.4275333404541,1.19200003147125,0.0794666687647502,"N",50
"1150","EMMAOR_NMDC2-04A_2019","success","2019-07-10",2019,"EMMAOR","EMMAOR_MDC2",183,191,3,"N","U",2.2,-0.999390827019096,152,"POTR5",16.6666666666667,22.5,0.833333333333333,274.3129883,17.9540005,32,0,0,24.617000579834,21.0987777709961,1.73800003528595,0.193111115031772,"N",39
"1151","EMMAOR_NRATT1-03A_2017","success","2017-07-10",2017,"EMMAOR","EMMAOR_RATT1",181,191,1,"N","U",1.9,0.0697564737441252,150,"JUOC",75,37.5,0.0833333333333333,352.2399902,13.7931995,37,2.4640701,0,32.9220008850098,29.5432727120139,0,0,"N",41
"1152","EMMAOR_NRATT1-10A_2017","success","2017-07-10",2017,"EMMAOR","EMMAOR_RATT1",181,191,5,"F","U",2,-0.615661475325658,146,"JUOC",75,25,0.0526315789473684,495.1029968,13.9039001,45,0.146671,0,31.2390003204346,26.0968888600667,0.635999977588654,0.0706666641765171,"N",45
"1153","EMMAOR_NRATT2-10A_2017","success","2017-07-10",2017,"EMMAOR","EMMAOR_RATT2",181,191,2,"F","U",3.7,0.984807753012208,147,"JUOC",41.6666666666667,27.5,0.6875,404.6029968,19.7719994,68,0,0,33.7690010070801,30.3677271062678,0,0,"N",44
"1154","EMMAOR_NSAGEC1-08A_2019","success","2019-07-10",2019,"EMMAOR","EMMAOR_SAGEC1",184,191,2,"N","H",1.5,-0.034899496702501,157,"PIPO",41.6666666666667,12.5,0.833333333333333,597.6389771,17.2492008,42,41.7131004,0,27.1840000152588,23.3626248836517,1.99500000476837,0.249375000596046,"N",34
"1155","EMMAOR_NUPCA1-04A_2017","success","2017-07-10",2017,"EMMAOR","EMMAOR_UPCA1",178,191,1,"F","U",1.7,-0.743144825477394,143,"JUOC",33.3333333333333,22.5,0.230769230769231,521.4110107,25.1679993,78,0,0,33.9490013122559,29.5787857600621,1.13699996471405,0.0812142831938607,"N",48
"1156","EMMAOR_NUPCA1-05A_2017","success","2017-07-10",2017,"EMMAOR","EMMAOR_UPCA1",178,191,3,"F","U",8.6,0.809016994374947,142,"PIPO",0,10,0.666666666666667,594.6530151,17.3805008,94,0,0,33.9490013122559,29.5787857600621,1.13699996471405,0.0812142831938607,"N",49
"1157","EMMAOR_NUPCA1-08A_2017","success","2017-07-10",2017,"EMMAOR","EMMAOR_UPCA1",178,191,3,"F","U",2.1,-0.809016994374947,142,"PIPO",41.6666666666667,20,1,404.6629944,15.5065002,93,0,0,35.1100006103516,30.7325713293893,0.660000026226044,0.047142859016146,"N",49
"1158","EMMAOR_NUPCB1-04A_2017","success","2017-07-10",2017,"EMMAOR","EMMAOR_UPCB1",177,191,3,"F","U",2.2,0.99026806874157,144,"PIPO",25,25,1,478.0020142,14.8276997,60,0,0,31.8269996643066,23.9058460822472,2.05200004577637,0.162076926575257,"N",47
"1159","EMMAOR_NUPCB1-07A_2017","success","2017-07-10",2017,"EMMAOR","EMMAOR_UPCB1",177,191,3,"N","U",2.9,-0.694658370458997,152,"JUOC",58.3333333333333,12.5,0,483.5580139,15.7058001,29,0,0,33.9490013122559,29.7042667388916,1.13699996471405,0.0757999976476034,"N",39
"1160","EMMAOR_NUPCB1-07A_2019","success","2019-07-10",2019,"EMMAOR","EMMAOR_UPCB1",179,191,1,"N","U",2.9,-0.694658370458997,150,"JUOC",58.3333333333333,12.5,0,483.5580139,15.7058001,29,0,0,25.9680004119873,21.6428461074829,2.0090000629425,0.183153851674153,"N",41
"1161","EMMAOR_NWOLFC1-03A_2015","success","2015-07-10",2015,"EMMAOR","EMMAOR_WOLFC1",188,191,4,"N","U",5.1,-0.0697564737441256,148,"JUOC",33.3333333333333,17.5,0.181818181818182,414.3789978,11.2033997,54,0,0,29.0769996643066,27.4730000495911,2.25799989700317,0.755999967455864,"N",43
"1162","EMMAOR_NWOLFTB3-08A_2015","failure","2015-07-10",2015,"EMMAOR","EMMAOR_WOLFTB3",183,191,1,"N","H",2.7,0.970295726275996,164,"Abies",41.6666666666667,10,0,444.6270142,22.5116997,55,6.8348498,0,32.435001373291,31.2052502632141,0.71399998664856,0.17849999666214,"N",27
"1163","EMPAID_N1WS07A_2017","failure","2017-07-10",2017,"EMPAID","EMPAID_1WS",188,191,7,"N","HB",3.7,-0.999390827019096,173,"PIPO",16.6666666666667,27.5,0.923076923076923,394.375,7.0488901,61,20.7978992,73.6829987,34.9640007019043,34.7259998321533,0,0,"N",18
"1164","EMPAID_NB-T10A_2014","success","2014-07-10",2014,"EMPAID","EMPAID_B-T",189,191,7,"N","H",3,-0.374606593415912,152,"PIPO",66.6666666666667,2.5,1,139.8930054,6.7675099,61,9.1815796,4.78722,34.6689987182617,31.8446655273438,0,0,"N",39
"1165","EMPAID_NB-U01A_2013","success","2013-07-10",2013,"EMPAID","EMPAID_B-U",189,191,7,"N","U",1.8,-0.754709580222772,156,"PIPO",41.6666666666667,12.5,0.727272727272727,236.1499939,14.8092003,28,0,0,31.7679996490479,30.3746662139893,0,0,"N",35
"1166","EMPAID_NB-U01A_2014","success","2014-07-10",2014,"EMPAID","EMPAID_B-U",188,191,8,"N","U",2,-0.819152044288992,150,"PIPO",100,17.5,0.947368421052632,188.4600067,14.5770998,40,0,0,33.2680015563965,30.9204286847796,0,0,"N",41
"1167","EMPAID_NBWC01A_2017","success","2017-07-10",2017,"EMPAID","223",186,191,2,"N","U",3.4,-0.994521895368273,163,"PIPO",25,0,0.2,212.1179962,6.4151602,69,0.410678,0,30.7490005493164,27.83966700236,0,0,"N",28
"1168","EMPAID_NCU05A_2015","success","2015-07-10",2015,"EMPAID","EMPAID_CU",188,191,8,"F","U",2.1,-0.978147600733806,149,"PIPO",0,10,0.4,335.8819885,10.0938997,40,7.4215298,0,29.5559997558594,27.9579997062683,2.90400004386902,0.726000010967255,"N",42
"1169","EMPAID_NCU09A_2015","success","2015-07-10",2015,"EMPAID","EMPAID_CU",188,191,7,"N","U",2.2,-0.970295726275996,154,"PIPO",8.33333333333333,7.5,0.5,392.2120056,9.1995802,54,28.3367996,0,NA,NA,NA,NA,"N",37
"1170","EMPAID_NCW-A01A_2017","failure","2017-07-10",2017,"EMPAID","EMPAID_CW-A",188,191,5,"I","H",3.5,-0.0523359562429443,NA,"PIPO",8.33333333333333,27.5,0.333333333333333,259.9500122,29.9123001,64,62.2470016,0,34.5909996032715,34.0654993057251,0,0,"I",NA
"1171","EMPAID_NCW-A03A_2012","success","2012-07-09",2012,"EMPAID","EMPAID_CW-A",187,191,9,"F","U",3,-0.484809620246337,148,"PIPO",16.6666666666667,10,0.857142857142857,300.3580017,12.9594002,40,0.99736,0,29.8640003204346,27.3642501831055,0,0,"N",43
"1172","EMPAID_NCW-A05A_2017","success","2017-07-10",2017,"EMPAID","EMPAID_CW-A",187,191,6,"N","H",2.3,-0.788010753606722,156,"PIPO",8.33333333333333,12.5,0.833333333333333,490.9500122,12.5887003,56,62.7457008,6.3118701,34.5279998779297,30.661714553833,0.239999994635582,0.0342857135193689,"N",35
"1173","EMPAID_NCW-E03A_2017","success","2017-07-10",2017,"EMPAID","EMPAID_CW-E",187,191,7,"N","H",2.5,-0.642787609686539,154,"PIPO",33.3333333333333,12.5,0.666666666666667,199.4450073,38.3394012,75,24.5527,0,34.0979995727539,33.3835998535156,0,0,"N",37
"1174","EMPAID_NDL08A_2017","success","2017-07-10",2017,"EMPAID","EMPAID_DL",188,191,3,"F","U",2,-0.974370064785235,149,"PIPO",16.6666666666667,5,0.666666666666667,393.6919861,17.0144997,30,0,0,34.1599998474121,33.3576666514079,0,0,"N",42
"1175","EMPAID_NLC-R09A_2014","success","2014-07-10",2014,"EMPAID","EMPAID_LC-R",189,191,9,"N","B",1.1,0.629320391049838,157,"PIPO",83.3333333333333,7.5,0.928571428571429,132.6999969,31.5911999,12,0,3.1066,34.0919990539551,31.2916660308838,0,0,"N",34
"1176","EMPAID_NLC04A_2013","success","2013-07-10",2013,"EMPAID","EMPAID_LC",189,191,10,"N","B",2.3,0.3583679495453,155,"PIPO",0,15,1,136.5529938,31.1275997,12,0,3.1066,31.7679996490479,30.3746662139893,0,0,"N",36
"1177","EMPAID_NSF04A_2012","success","2012-07-09",2012,"EMPAID","295",187,191,5,"N","U",3.3,0.999847695156391,151,"PIPO",25,15,0.888888888888889,456.7160034,7.9411802,33,15.6351004,0,37.125,32.7581996917725,0.837999999523163,0.167599999904633,"N",40
"1178","EMPAID_NSG10A_2014","success","2014-07-10",2014,"EMPAID","309",189,191,4,"N","HB",1.7,0.956304755963035,152,"PIPO",0,0,0,174.7400055,39.235199,46,33.1475983,61.0751991,33.5130004882812,30.853666305542,0,0,"N",39
"1179","EMPAID_NSG10A_2019","success","2019-07-10",2019,"EMPAID","313",190,191,5,"N","HB",3.8,-0.342020143325669,151,"PIPO",0,0,0,182.6430054,34.8348999,65,26.1366997,45.9337006,24.5419998168945,22.8900003433228,0,0,"N",40
"1180","EMPAID_NWM03A_2017","success","2017-07-10",2017,"EMPAID","318",187,191,5,"N","H",10.5,0.309016994374947,154,"PIPO",50,12.5,0.818181818181818,234.4140015,27.8251991,25,39.7476997,0.0923067,33.3540000915527,29.1214283534459,0,0,"N",37
"1181","EMFWOR_NCAMC1-02A_2018","success","2018-07-11",2018,"EMFWOR","EMFWOR_CAMC1",191,192,5,"F","U",5.2,0.5,148,"PIPO",191.666666666667,17.5,0.5,341.7489929,19.5303001,30,0,0,27.5230007171631,27.4114999771118,0,0,"N",44
"1182","EMFWOR_NCAMC4-07A_2019","success","2019-07-11",2019,"EMFWOR","EMFWOR_CAMC4",189,192,10,"F","U",3.9,-0.970295726275996,146,"POTR5",66.6666666666667,20,0.823529411764706,245.7920074,15.8908997,23,0,0,23.9169998168945,22.1335000991821,0,0,"N",46
"1183","EMFWOR_NCAMC8-09A_2020","success","2020-07-10",2020,"EMFWOR","EMFWOR_CAMC8",190,192,8,"N","U",2.4,0.891006524188368,153,"POTR5",66.6666666666667,7.5,0.0833333333333333,402.1990051,16.6655006,34,0,0,25.8099994659424,23.9859994252523,0,0,"N",39
"1184","EMFWOR_NLFTT2-01A_2017","success","2017-07-11",2017,"EMFWOR","EMFWOR_LFTT2",180,192,1,"N","H",5.6,0.642787609686539,156,"POTR5",58.3333333333333,0,0,318.8009949,8.5064898,45,25.0806999,0,28.871000289917,25.7788463005653,0,0,"N",36
"1185","EMFWOR_NLILT1-07A_2019","success","2019-07-11",2019,"EMFWOR","EMFWOR_LILT1",189,192,2,"N","H",4.2,-0.956304755963035,167,"POTR5",8.33333333333333,7.5,0.75,324.1069946,27.6088009,14,55.5000992,0,22.3840007781982,21.5345001220703,0,0,"N",25
"1186","EMFWOR_NLILT3-10A_2017","success","2017-07-11",2017,"EMFWOR","EMFWOR_LILT3",180,192,1,"N","H",2.6,-0.309016994374948,153,"PIPO",33.3333333333333,15,1,429.8420105,8.89571,42,5.1041398,0,22.6359996795654,21.9879999160767,0,0,"N",39
"1187","EMFWOR_NSWRC3-03A_2019","success","2019-07-11",2019,"EMFWOR","EMFWOR_SWRC3",189,192,7,"N","U",3.2,0.951056516295154,156,"PIPO",8.33333333333333,17.5,0.222222222222222,358.6419983,17.3425007,49,5.4268098,0,22.9200000762939,21.4539999961853,1.11500000953674,0.278750002384186,"N",36
"1188","EMMAOR_NCLIFFC1-08A_2019","success","2019-07-11",2019,"EMMAOR","EMMAOR_CLIFFC1",190,192,4,"N","U",3.6,-0.939692620785908,153,"JUOC",0,7.5,0,261.1099854,10.5565004,41,0,0,27.1499996185303,24.5906664530436,0,0,"N",39
"1189","EMMAOR_NWOLFC1-01A_2017","success","2017-07-11",2017,"EMMAOR","EMMAOR_WOLFC1",186,192,2,"F","U",1.75,-0.939692620785908,145,"JUOC",91.6666666666667,5,0.538461538461538,532.0579834,10.3900995,68,0,0,31.4039993286133,27.8285554250081,1.49399995803833,0.165999995337592,"N",47
"1190","EMMAOR_NWOLFC1-03A_2019","success","2019-07-11",2019,"EMMAOR","EMMAOR_WOLFC1",190,192,3,"F","U",2.4,-0.3583679495453,148,"PIPO",50,0,0.571428571428571,607.4459839,9.2994604,64,0,0,27.4039993286133,24.7076670328776,0.412999987602234,0.137666662534078,"N",44
"1191","EMPAID_N1WS05A_2013","success","2013-07-11",2013,"EMPAID","EMPAID_1WS",189,192,4,"I","B",2.5,-0.838670567945424,178,"PIPO",116.666666666667,15,0.4,219.7619934,10.7425003,28,15.4590998,39.803299,37.7449989318848,32.6647139957973,0,0,"I",14
"1192","EMPAID_NB-T10A_2013","success","2013-07-11",2013,"EMPAID","EMPAID_B-T",190,192,3,"F","H",2,-0.156434465040231,152,"PIPO",50,5,0.875,107.7279968,29.2509995,51,10.5309,4.78722,33.5859985351562,32.0023326873779,0,0,"N",40
"1193","EMPAID_NB-T10A_2018","success","2018-07-11",2018,"EMPAID","EMPAID_B-T",190,192,13,"N","H",2.5,-0.559192903470747,149,"PIPO",83.3333333333333,10,1,135.9060059,5.73808,61,9.76826,32.6766014,32.3320007324219,28.6754001617432,0,0,"N",43
"1194","EMPAID_NB-U01A_2013","success","2013-07-11",2013,"EMPAID","EMPAID_B-U",191,192,8,"N","U",1.8,-0.754709580222772,156,"PIPO",41.6666666666667,12.5,0.727272727272727,236.1499939,14.8092003,28,0,0,33.1020011901855,32.4350004196167,0,0,"N",36
"1195","EMPAID_NBR04A_2013","success","2013-07-11",2013,"EMPAID","EMPAID_BR",189,192,7,"N","U",1.2,-0.309016994374947,163,"PIPO",33.3333333333333,12.5,0.777777777777778,178.3480072,25.0660992,45,0,0,32.8689994812012,30.9669995307922,0,0,"N",29
"1196","EMPAID_NCU04A_2013","success","2013-07-11",2013,"EMPAID","EMPAID_CU",189,192,14,"N","U",3.2,-0.999390827019096,158,"PSME",16.6666666666667,17.5,0.9,473.6229858,12.5155001,34,0.352009,0,30.9050006866455,28.0554000854492,0,0,"N",34
"1197","EMPAID_NCW-A01A_2013","success","2013-07-11",2013,"EMPAID","EMPAID_CW-A",189,192,10,"N","U",4.6,-0.17364817766693,156,"PIPO",16.6666666666667,2.5,0.6,253.2870026,19.1459999,45,0,0,34.5390014648438,32.4122505187988,0,0,"N",36
"1198","EMPAID_NCW-A01B_2013","success","2013-07-11",2013,"EMPAID","EMPAID_CW-A",189,192,10,"N","U",4.1,0.0523359562429439,154,"PIPO",8.33333333333333,45,0.894736842105263,211.9589996,18.6592007,14,8.8589001,0,33.0800018310547,31.0525007247925,0,0,"N",38
"1199","EMPAID_NCW-A04A_2019","success","2019-07-11",2019,"EMPAID","EMPAID_CW-A",190,192,7,"N","HB",2.5,-0.20791169081776,156,"PIPO",50,5,0.875,448.9710083,9.8943596,53,64.0950012,49.5942001,30.4109992980957,25.8501426151821,0,0,"N",36
"1200","EMPAID_NCW-A07A_2019","success","2019-07-11",2019,"EMPAID","EMPAID_CW-A",189,192,5,"N","H",1.7,-0.694658370458997,154,"PSME",16.6666666666667,12.5,0.375,387.9070129,16.1259995,17,73.892601,45.1442986,29.1830005645752,24.9026667277018,0,0,"N",38
"1201","EMPAID_NCW-B02A_2019","success","2019-07-11",2019,"EMPAID","EMPAID_CW-B",190,192,5,"N","HB",4.8,-0.974370064785235,152,"PSME",25,17.5,0.3,356.223999,29.0282001,65,61.6896019,66.5595016,28.6340007781982,23.9338575090681,0,0,"N",40
"1202","EMPAID_NCW-D09A_2012","success","2012-07-10",2012,"EMPAID","EMPAID_CW-D",187,192,2,"F","U",6.6,-0.984807753012208,148,"PIPO",NA,NA,NA,340.822998,12.3292999,58,0,0,37.4910011291504,33.618166923523,0.925999999046326,0.154333333174388,"N",44
"1203","EMPAID_NDL03A_2013","success","2013-07-11",2013,"EMPAID","EMPAID_DL",189,192,11,"N","U",6.7,0.342020143325669,154,"PIPO",0,5,0.4,163.3730011,49.6929016,15,0,0,31.3980007171631,28.6541999816895,0,0,"N",38
"1204","EMPAID_NLC04A_2013","success","2013-07-11",2013,"EMPAID","EMPAID_LC",191,192,11,"N","B",2.3,0.3583679495453,155,"PIPO",0,15,1,136.5529938,31.1275997,12,0,3.1066,33.1020011901855,32.4350004196167,0,0,"N",37
"1205","EMPAID_NPM09A_2013","success","2013-07-11",2013,"EMPAID","291",189,192,7,"N","B",2.6,-0.587785252292473,159,"PIPO",8.33333333333333,5,0.333333333333333,191.4179993,19.1755009,47,8.80023,49.1040001,32.6910018920898,30.5352506637573,0,0,"N",33
"1206","EMPAID_NSF04A_2012","success","2012-07-10",2012,"EMPAID","295",191,192,6,"F","U",3.3,0.999847695156391,151,"PIPO",25,15,0.888888888888889,456.7160034,7.9411802,33,15.6351004,0,37.125,36.5109996795654,0,0,"N",41
"1207","EMPAID_NSF08A_2013","success","2013-07-11",2013,"EMPAID","EMPAID_SF",189,192,8,"N","U",1.8,-0.156434465040231,163,"PIPO",8.33333333333333,12.5,0.857142857142857,307.8590088,7.9717202,28,23.3792992,0,33.882999420166,31.2242004394531,0,0,"N",29
"1208","EMPAID_NSG10A_2019","success","2019-07-11",2019,"EMPAID","313",191,192,6,"N","HB",3.8,-0.342020143325669,151,"PIPO",0,0,0,182.6430054,34.8348999,65,26.1366997,45.9337006,26.4090003967285,25.4755001068115,0,0,"N",41
"1209","EMPAID_NWM03A_2013","success","2013-07-11",2013,"EMPAID","314",190,192,9,"F","H",3.4,-0.997564050259824,148,"PIPO",0,0,0,375.9819946,10.5274,48,39.4543991,0,32.6910018920898,30.8083343505859,0,0,"N",44
"1210","EMPAID_NWM03A_2014","success","2014-07-11",2014,"EMPAID","315",190,192,7,"F","H",2.9,-0.694658370458997,148,"PIPO",16.6666666666667,5,0.5,252.5079956,27.0023003,28,40.1876984,0.165515,33.3230018615723,30.7540003458659,0,0,"N",44
"1211","EMPAID_NWRF-M06A_2013","success","2013-07-11",2013,"EMPAID","EMPAID_WRF-M",189,192,3,"N","U",7.1,0.90630778703665,157,"PIPO",33.3333333333333,25,0.571428571428571,384.9719849,10.4211998,29,4.31212,0,37.4959983825684,32.4469994136265,0,0,"N",35
"1212","EMFWOR_NCAMC4-01A_2018","success","2018-07-12",2018,"EMFWOR","EMFWOR_CAMC4",190,193,4,"N","B",3.1,0.999390827019096,154,"POTR5",75,20,0.88235294117647,283.0090027,23.9491005,22,4.2241101,56.2943993,26.1490001678467,23.9365997314453,0,0,"N",39
"1213","EMFWOR_NCAMC4-07A_2016","success","2016-07-11",2016,"EMFWOR","EMFWOR_CAMC4",190,193,3,"F","U",1.7,0.788010753606722,150,"POTR5",66.6666666666667,0,0.888888888888889,432.3049927,14.1638002,32,0,0,23.4599990844727,22.30299949646,0,0,"N",43
"1214","EMFWOR_NCAMC4-10A_2016","success","2016-07-11",2016,"EMFWOR","EMFWOR_CAMC4",190,193,3,"N","U",4.6,0.999847695156391,153,"PIPO",8.33333333333333,15,0,271.019989,24.3887005,18,0,0,23.4599990844727,22.30299949646,0,0,"N",40
"1215","EMFWOR_NCAMC8-06A_2016","success","2016-07-11",2016,"EMFWOR","EMFWOR_CAMC8",190,193,3,"N","U",3.8,-0.258819045102521,157,"PIPO",66.6666666666667,2.5,0.7,145.1529999,21.8687992,23,0,0,23.4599990844727,22.2644996643066,0,0,"N",36
"1216","EMFWOR_NLFTT2-01A_2018","success","2018-07-12",2018,"EMFWOR","38",191,193,6,"N","H",4.2,0.866025403784438,150,"PIPO",16.6666666666667,17.5,0.333333333333333,196.5820007,33.0191994,8,14.6377001,0,27.6270008087158,26.1696669260661,0,0,"N",43
"1217","EMFWOR_NLFTT2-01B_2018","success","2018-07-12",2018,"EMFWOR","EMFWOR_LFTT2",191,193,5,"N","H",7.4,0.669130606358858,157,"POTR5",41.6666666666667,5,0.333333333333333,320.1499939,8.5949898,43,30.6247997,0,25.1660003662109,23.4850002288818,0,0,"N",36
"1218","EMFWOR_NLILT1-10A_2016","success","2016-07-11",2016,"EMFWOR","EMFWOR_LILT1",188,193,3,"N","U",3.9,0.422618261740699,163,"PIPO",25,45,0.772727272727273,354.2510071,15.8219004,41,11.9390001,0,26.7110004425049,24.3928333918254,0,0,"N",30
"1219","EMFWOR_NLILT3-10A_2018","success","2018-07-12",2018,"EMFWOR","EMFWOR_LILT3",190,193,7,"F","H",1.5,-0.390731128489274,150,"PIPO",41.6666666666667,20,0.615384615384615,412.6940002,8.6038799,40,66.6471024,0,27.0440006256104,25.5722498893738,0,0,"N",43
"1220","EMFWOR_NMUDT1-05A_2016","success","2016-07-11",2016,"EMFWOR","EMFWOR_MUDT1",190,193,5,"N","U",7.5,-0.99026806874157,157,"POTR5",8.33333333333333,0,0,429.9630127,9.0864496,80,13.4350004,0,23.2430000305176,21.736333211263,0,0,"N",36
"1221","EMFWOR_NSWRC2-09A_2016","success","2016-07-11",2016,"EMFWOR","EMFWOR_SWRC2",189,193,1,"N","U",3.6,-0.20791169081776,153,"POTR5",16.6666666666667,5,0,433.8880005,10.6893997,42,1.99472,0,22.7560005187988,17.7100002288818,4.32299995422363,1.2481999874115,"N",40
"1222","EMFWOR_NSWRC3-04A_2016","success","2016-07-11",2016,"EMFWOR","62",189,193,4,"N","U",1.35,-0.258819045102521,153,"POTR5",116.666666666667,15,0.25,373.0539856,14.29,30,0,0,23.7670001983643,18.6526002883911,2.75200009346008,0.815000009536743,"N",40
"1223","EMMAOR_NCLIFFC1-08A_2017","success","2017-07-12",2017,"EMMAOR","EMMAOR_CLIFFC1",186,193,6,"N","U",3.6,-0.939692620785908,149,"JUOC",0,7.5,0,261.1099854,10.5565004,41,0,0,33.7809982299805,31.0926249027252,0,0,"N",44
"1224","EMMAOR_NCLIFFC1-08A_2019","success","2019-07-12",2019,"EMMAOR","EMMAOR_CLIFFC1",192,193,5,"N","U",3.6,-0.939692620785908,153,"JUOC",0,7.5,0,261.1099854,10.5565004,41,0,0,28.2800006866455,27.7150001525879,0,0,"N",40
"1225","EMMAOR_NCLIFFC1-08B_2017","success","2017-07-12",2017,"EMMAOR","EMMAOR_CLIFFC1",186,193,6,"F","U",1.25,0.898794046299167,145,"JUOC",41.6666666666667,15,0.166666666666667,256.70401,10.8544998,37,0,0,33.7809982299805,31.0926249027252,0,0,"N",48
"1226","EMMAOR_NCLIFFC2-04A_2017","success","2017-07-12",2017,"EMMAOR","EMMAOR_CLIFFC2",186,193,2,"F","U",1.5,-0.615661475325658,146,"JUOC",66.6666666666667,5,0.2,354.7430115,14.7630997,40,0,0,30.32200050354,26.935666402181,1.39100003242493,0.154555559158325,"N",47
"1227","EMMAOR_NCUBT2-10A_2017","success","2017-07-12",2017,"EMMAOR","EMMAOR_CUBT2",187,193,4,"F","HB",1.7,-0.819152044288992,147,"PIPO",91.6666666666667,7.5,1,272.0169983,25.0401993,47,37.5182991,66.0279007,33.7309989929199,30.9185711996896,0,0,"N",46
"1228","EMMAOR_NDUGC1-10A_2016","success","2016-07-11",2016,"EMMAOR","EMMAOR_DUGC1",188,193,2,"N","U",1.3,0.529919264233205,163,"JUOC",8.33333333333333,7.5,0.2,383.2600098,24.7199001,45,0.234673,0.296018,24.0750007629395,19.4516669909159,3.11800003051758,1.30550003051758,"N",30
"1229","EMMAOR_NELKT2-01A_2021","failure","2021-07-12",2021,"EMMAOR","EMMAOR_ELKT2",190,193,3,"I","H",3,0.241921895599668,NA,"POTR5",33.3333333333333,0,0,577.3800049,10.0077,70,68.0550995,0.257822,33.1016998291016,31.120774269104,0,0,"I",NA
"1230","EMMAOR_NELKT2-02A_2021","failure","2021-07-12",2021,"EMMAOR","EMMAOR_ELKT2",190,193,6,"F","H",1.6,-0.719339800338651,NA,"PIPO",33.3333333333333,2.5,1,565.0209961,11.5177002,45,49.4572983,0.623866,34.2777976989746,32.1943984031677,0,0,"N",NA
"1231","EMMAOR_NELKT2-04A_2016","success","2016-07-11",2016,"EMMAOR","103",188,193,3,"F","H",0.7,-0.891006524188368,148,"PIPO",25,27.5,1,252.4019928,35.2736015,22,72.2499008,5.5193,23.6749992370605,18.8963332176208,3.6010000705719,1.63116665681203,"N",45
"1232","EMMAOR_NELKT2-10A_2019","success","2019-07-12",2019,"EMMAOR","EMMAOR_ELKT2",190,193,3,"F","H",3,0.121869343405148,149,"POTR5",25,0,0,385.7600098,11.7405996,39,21.3845997,0,27.5769996643066,22.8935333251953,1.31500005722046,0.219866669178009,"N",44
"1233","EMMAOR_NELKT3-08A_2021","failure","2021-07-12",2021,"EMMAOR","EMMAOR_ELKT3",190,193,6,"N","H",2.8,0.258819045102521,NA,"PIPO",0,47.5,0.894736842105263,458.7030029,27.5021,62,68.2312012,0,33.2924995422363,31.1229996681213,0,0,"N",NA
"1234","EMMAOR_NFLAGC1-05A_2019","success","2019-07-12",2019,"EMMAOR","EMMAOR_FLAGC1",190,193,4,"N","U",3.4,0.987688340595138,150,"JUOC",16.6666666666667,10,0.125,414.7470093,35.1188011,33,0.205339,0,27.7110004425049,24.9277501106262,0,0,"N",43
"1235","EMMAOR_NFLAGC1-06A_2016","success","2016-07-11",2016,"EMMAOR","EMMAOR_FLAGC1",188,193,1,"N","U",1.7,-0.241921895599668,156,"JUOC",25,17.5,0.2,375.6650085,44.4337997,30,0,0,24.4009990692139,19.7719999949137,2.83699989318848,1.24949999650319,"N",37
"1236","EMMAOR_NFLAGC2-06A_2019","success","2019-07-12",2019,"EMMAOR","EMMAOR_FLAGC2",191,193,2,"N","HB",12.3,0.945518575599317,163,"PIPO",50,12.5,0.545454545454545,282.1130066,60.7094994,8,82.3702011,82.7386017,24.7950000762939,23.5024995803833,0,0,"N",30
"1237","EMMAOR_NMDC2-04A_2019","success","2019-07-12",2019,"EMMAOR","EMMAOR_MDC2",191,193,4,"N","U",2.2,-0.999390827019096,152,"POTR5",16.6666666666667,22.5,0.833333333333333,274.3129883,17.9540005,32,0,0,26.4130001068115,25.1976668039958,0,0,"N",41
"1238","EMMAOR_NPAWT1-03A_2017","success","2017-07-12",2017,"EMMAOR","EMMAOR_PAWT1",187,193,2,"F","H",4.9,-0.90630778703665,148,"PIPO",8.33333333333333,10,1,440.2839966,24.3237,34,41.8011017,3.6763501,31.4300003051758,27.7017000198364,2.30100011825562,0.230100011825562,"N",45
"1239","EMMAOR_NRATT1-07A_2016","success","2016-07-11",2016,"EMMAOR","EMMAOR_RATT1",187,193,1,"F","U",1.8,0.997564050259824,148,"JUOC",108.333333333333,2.5,0.357142857142857,287.5,13.2985001,41,5.33881,0,31.1979999542236,27.6091667811076,0,0,"N",45
"1240","EMMAOR_NSAGEC1-08A_2019","success","2019-07-12",2019,"EMMAOR","EMMAOR_SAGEC1",191,193,3,"N","H",1.5,-0.034899496702501,157,"PIPO",41.6666666666667,12.5,0.833333333333333,597.6389771,17.2492008,42,41.7131004,0,29.125,27.7086664835612,0,0,"N",36
"1241","EMMAOR_NUPCA1-04A_2016","success","2016-07-11",2016,"EMMAOR","EMMAOR_UPCA1",187,193,2,"F","U",12.5,-0.601815023152048,148,"PIPO",58.3333333333333,12.5,0.846153846153846,526.1530151,22.8894005,90,0,0,31.8369998931885,28.6771249771118,0,0,"N",45
"1242","EMMAOR_NUPCB1-07A_2019","success","2019-07-12",2019,"EMMAOR","EMMAOR_UPCB1",191,193,2,"F","U",2.9,-0.694658370458997,150,"JUOC",58.3333333333333,12.5,0,483.5580139,15.7058001,29,0,0,27.3759994506836,26.2669995625814,0.372000008821487,0.124000002940496,"N",43
"1243","EMMAOR_NWOLFTA3-09A_2017","success","2017-07-12",2017,"EMMAOR","EMMAOR_WOLFTA3",187,193,1,"N","U",0.75,-0.17364817766693,153,"PIPO",108.333333333333,27.5,0.375,423.0280151,57.8713989,45,0,0,32.8740005493164,30.1969999585833,0,0,"N",40
"1244","EMPAID_N1WS07A_2017","failure","2017-07-12",2017,"EMPAID","EMPAID_1WS",191,193,8,"N","HB",3.7,-0.999390827019096,173,"PIPO",16.6666666666667,27.5,0.923076923076923,394.375,7.0488901,61,20.7978992,73.6829987,35.8139991760254,35.4485006332397,0,0,"N",20
"1245","EMPAID_N1WS09A_2018","success","2018-07-12",2018,"EMPAID","EMPAID_1WS",190,193,10,"F","HB",2.5,0.374606593415912,149,"PIPO",16.6666666666667,15,0.625,466.8859863,10.3269997,60,27.8087006,54.6741982,34.2820014953613,30.5702003479004,0.0299999993294477,0.00599999986588955,"N",44
"1246","EMPAID_NB-T01A_2016","success","2016-07-11",2016,"EMPAID","EMPAID_B-T",189,193,4,"F","HB",1.4,0.882947592858927,151,"PIPO",41.6666666666667,7.5,1,224.6860046,27.1019993,45,30.7714996,89.4802017,23.818000793457,19.5266002655029,21.3330001831055,6.1774000287056,"N",42
"1247","EMPAID_NB-T06A_2016","success","2016-07-11",2016,"EMPAID","EMPAID_B-T",182,193,4,"F","HB",3,0.997564050259824,148,"PIPO",16.6666666666667,2.5,1,300.0969849,27.2082996,43,34.0569,79.8899002,34.5219993591309,32.6417503356934,0,0,"N",45
"1248","EMPAID_NB-T10A_2018","success","2018-07-12",2018,"EMPAID","EMPAID_B-T",192,193,14,"F","H",2.5,-0.559192903470747,149,"PIPO",83.3333333333333,10,1,135.9060059,5.73808,61,9.76826,32.6766014,33.2760009765625,30.3523337046305,0,0,"N",44
"1249","EMPAID_NBWC01A_2017","success","2017-07-12",2017,"EMPAID","223",191,193,3,"N","U",3.4,-0.994521895368273,163,"PIPO",25,0,0.2,212.1179962,6.4151602,69,0.410678,0,34.0499992370605,32.9536666870117,0,0,"N",30
"1250","EMPAID_NCC02A_2019","success","2019-07-12",2019,"EMPAID","225",192,193,1,"N","U",1,-0.587785252292473,156,"PSME",58.3333333333333,2.5,0.75,228.7559967,8.7241201,65,1.52537,33.7173996,26.7280006408691,24.2280000050863,0.0549999997019768,0.0183333332339923,"N",37
"1251","EMPAID_NCU05A_2016","success","2016-07-11",2016,"EMPAID","EMPAID_CU",179,193,4,"N","U",2.1,-0.978147600733806,159,"PIPO",0,10,0.4,335.8819885,10.0938997,40,7.4215298,0,32.1049995422363,24.8739999135335,22.1000003814697,2.11840002536774,"N",34
"1252","EMPAID_NCU10A_2018","success","2018-07-12",2018,"EMPAID","243",190,193,3,"N","U",2.5,-0.374606593415912,171,"PIPO",50,2.5,0.875,347.3299866,11.1772003,43,0,0,32.2470016479492,28.8437504768372,0,0,"N",22
"1253","EMPAID_NCW-A01B_2018","failure","2018-07-12",2018,"EMPAID","EMPAID_CW-A",190,193,3,"I","HB",4.6,0.874619707139396,181,"PSME",8.33333333333333,25,0.636363636363636,357.8670044,28.2931995,76,71.1059036,21.9148998,32.5260009765625,29.2622005462646,0,0,"I",12
"1254","EMPAID_NCW-A07A_2018","success","2018-07-12",2018,"EMPAID","EMPAID_CW-A",186,193,2,"F","H",1.9,-0.275637355816999,149,"PIPO",41.6666666666667,7.5,0.625,395.0429993,22.9218006,78,73.0712967,45.2397995,33.0340003967285,29.4021255970001,0,0,"N",44
"1255","EMPAID_NCW-B04A_2018","success","2018-07-12",2018,"EMPAID","EMPAID_CW-B",190,193,4,"N","HB",3,-0.529919264233205,158,"PIPO",16.6666666666667,37.5,0.647058823529412,370.1400146,26.6138992,60,59.2841988,46.3348007,33.0340003967285,29.8052506446838,0,0,"N",35
"1256","EMPAID_NCW-E03A_2017","success","2017-07-12",2017,"EMPAID","EMPAID_CW-E",191,193,8,"N","H",2.5,-0.642787609686539,154,"PIPO",33.3333333333333,12.5,0.666666666666667,199.4450073,38.3394012,75,24.5527,0,33.109001159668,29.5623334248861,0,0,"N",39
"1257","EMPAID_NSF05A_2016","success","2016-07-11",2016,"EMPAID","EMPAID_SF",187,193,9,"N","H",1.4,0.866025403784438,158,"PIPO",25,25,0.923076923076923,487.2810059,9.1460505,46,48.9292984,6.3118701,34.9710006713867,30.9346669514974,0,0,"N",35
"1258","EMPAID_NSG10A_2019","success","2019-07-12",2019,"EMPAID","313",192,193,7,"F","HB",3.8,-0.342020143325669,151,"PIPO",0,0,0,182.6430054,34.8348999,65,26.1366997,45.9337006,28.1730003356934,27.2910003662109,0,0,"N",42
"1259","EMPAID_NWRF-M09A_2018","success","2018-07-12",2018,"EMPAID","EMPAID_WRF-M",190,193,6,"N","HB",4.3,0.642787609686539,161,"PIPO",16.6666666666667,17.5,0.333333333333333,434.8819885,14.8796997,69,25.3446999,21.4374008,34.1049995422363,30.3233997344971,0,0,"N",32
"1260","EMFWOR_NCAMC1-01A_2015","success","2015-07-13",2015,"EMFWOR","EMFWOR_CAMC1",182,194,4,"N","U",2.3,0.939692620785908,157,"PIPO",33.3333333333333,17.5,0.272727272727273,356.1910095,22.1828995,31,0,0,33.1399993896484,29.3703331417508,0,0,"N",37
"1261","EMFWOR_NMUDT1-05A_2015","success","2015-07-13",2015,"EMFWOR","EMFWOR_MUDT1",191,194,6,"F","U",7.5,-0.99026806874157,149,"POTR5",8.33333333333333,0,0,429.9630127,9.0864496,80,13.4350004,0,25.1100006103516,21.2213338216146,9.66899967193604,7.97033325831095,"N",45
"1262","EMFWOR_NRIMT1-01A_2015","failure","2015-07-13",2015,"EMFWOR","EMFWOR_RIMT1",187,194,4,"N","U",1.9,-0.996194698091746,156,"POTR5",16.6666666666667,10,0.714285714285714,388.3380127,16.1548004,54,7.3922,0,32.9440002441406,28.9791425977434,7.2519998550415,0.634214273520878,"N",38
"1263","EMMAOR_NCLIFFC1-08A_2016","success","2016-07-12",2016,"EMMAOR","EMMAOR_CLIFFC1",189,194,2,"N","U",1.25,0.898794046299167,154,"JUOC",41.6666666666667,15,0.166666666666667,256.70401,10.8544998,37,0,0,24.9349994659424,19.8579998016357,4.15299987792969,1.56599997775629,"N",40
"1264","EMMAOR_NCUBT2-10A_2016","failure","2016-07-12",2016,"EMMAOR","EMMAOR_CUBT2",190,194,4,"N","B",1.5,0.342020143325669,159,"PIPO",8.33333333333333,5,0.666666666666667,307.9989929,29.5515995,42,3.1094201,68.1669006,24.4120006561279,19.1895999908447,5.48000001907349,1.97259999513626,"N",35
"1265","EMMAOR_NDUGC1-05A_2017","success","2017-07-13",2017,"EMMAOR","EMMAOR_DUGC1",184,194,3,"F","U",2.4,-0.529919264233205,147,"JUOC",50,5,0,295.6589966,46.0049019,50,6.8348498,6.9675698,29.8759994506836,26.7848332722982,0,0,"N",47
"1266","EMMAOR_NELKT2-04A_2017","success","2017-07-13",2017,"EMMAOR","104",184,194,6,"F","HB",0.7,-0.891006524188368,141,"PIPO",25,27.5,1,252.4019928,35.2736015,22,72.2499008,84.848999,32.1839981079102,29.3933632590554,0,0,"N",53
"1267","EMMAOR_NELKT3-01A_2017","success","2017-07-13",2017,"EMMAOR","EMMAOR_ELKT3",186,194,5,"F","HB",7.7,-0.64278760968654,146,"PIPO",58.3333333333333,35,0.714285714285714,412.3649902,11.6908998,49,22.1473007,20.0559998,29.2250003814697,26.1348752975464,0,0,"N",48
"1268","EMMAOR_NFLAGC1-06A_2017","success","2017-07-13",2017,"EMMAOR","EMMAOR_FLAGC1",184,194,5,"F","U",4.2,0.939692620785908,145,"JUOC",58.3333333333333,20,0.4,374.7479858,43.5993004,30,0,0,29.181999206543,26.1498333613078,0,0,"N",49
"1269","EMMAOR_NPAWT1-03A_2016","success","2016-07-12",2016,"EMMAOR","EMMAOR_PAWT1",190,194,6,"N","H",1.2,0.529919264233205,155,"PIPO",33.3333333333333,10,1,673.8839722,18.1711998,51,23.2033005,8.7818699,24.1420001983643,18.9814002990723,7.06199979782104,1.95639996528625,"N",39
"1270","EMMAOR_NPAWT1-05A_2015","success","2015-07-13",2015,"EMMAOR","EMMAOR_PAWT1",188,194,4,"N","U",0.7,0.422618261740699,152,"PIPO",83.3333333333333,0,0.833333333333333,585.5549927,22.1138992,27,5.72015,0,27.6229991912842,27.5019998550415,0,0,"N",42
"1271","EMMAOR_NPAWT1-08A_2015","success","2015-07-13",2015,"EMMAOR","EMMAOR_PAWT1",188,194,5,"N","H",1.5,-0.999390827019096,152,"PIPO",16.6666666666667,65,0.928571428571429,617.4089966,13.6162004,27,27.9554005,1.53102,28.2810001373291,24.3962857382638,17.4190006256104,4.65871437958309,"N",42
"1272","EMMAOR_NPAWT1-08A_2021","failure","2021-07-13",2021,"EMMAOR","EMMAOR_PAWT1",189,194,1,"N","U",5,0.629320391049837,NA,"JUOC",158.333333333333,12.5,0.125,556.8129883,11.1801004,21,35.9636002,3.7304599,34.027099609375,31.6240990956624,0,0,"N",NA
"1273","EMMAOR_NWOLFC1-03A_2015","success","2015-07-13",2015,"EMMAOR","EMMAOR_WOLFC1",191,194,5,"F","U",5.1,-0.0697564737441256,148,"JUOC",33.3333333333333,17.5,0.181818181818182,414.3789978,11.2033997,54,0,0,24.9270000457764,22.660249710083,12.3540000915527,5.24450001120567,"N",46
"1274","EMMAOR_NWOLFC1-03A_2016","success","2016-07-12",2016,"EMMAOR","EMMAOR_WOLFC1",189,194,3,"F","U",5.1,-0.951056516295154,149,"PIPO",33.3333333333333,22.5,0.714285714285714,563.322998,8.8896399,68,0,0,22.988000869751,22.1010004679362,0,0,"N",45
"1275","EMMAOR_NWOLFC2-02A_2015","success","2015-07-13",2015,"EMMAOR","EMMAOR_WOLFC2",188,194,2,"F","U",9,-0.992546151641322,148,"JUOC",8.33333333333333,27.5,0.5,636.6450195,15.9289999,70,0,0,32.7729988098145,30.4409997463226,0,0,"N",46
"1276","EMMAOR_NWOLFC2-03A_2016","success","2016-07-12",2016,"EMMAOR","EMMAOR_WOLFC2",189,194,1,"F","U",1.5,-0.156434465040231,151,"JUOC",66.6666666666667,15,0.133333333333333,443.6820068,14.2631998,66,0,0,23.8939990997314,18.8133333524068,4.27899980545044,1.51983332633972,"N",43
"1277","EMMAOR_NWOLFC2-09A_2015","success","2015-07-13",2015,"EMMAOR","EMMAOR_WOLFC2",188,194,2,"N","U",1.8,-0.325568154457157,152,"JUOC",25,25,0.285714285714286,182.3249969,17.8619995,38,0,0,27.8659992218018,23.9607140677316,11.9949998855591,3.24814282144819,"N",42
"1278","EMPAID_NB-U05A_2015","failure","2015-07-13",2015,"EMPAID","EMPAID_B-U",187,194,3,"N","U",3.8,0.615661475325658,168,"PIPO",33.3333333333333,5,0.666666666666667,329.9670105,19.7581005,28,0,0,30.0270004272461,26.3648750782013,9.68000030517578,3.18500006198883,"N",26
"1279","EMPAID_NCU09A_2015","success","2015-07-13",2015,"EMPAID","EMPAID_CU",191,194,8,"N","U",2.2,-0.970295726275996,154,"PIPO",8.33333333333333,7.5,0.5,392.2120056,9.1995802,54,28.3367996,0,27.5270004272461,25.5722498893738,9.3459997177124,3.90874993801117,"N",40
"1280","EMPAID_NCW-D04A_2016","success","2016-07-12",2016,"EMPAID","EMPAID_CW-D",187,194,3,"F","HB",3.5,0.275637355816999,150,"PIPO",33.3333333333333,37.5,0.842105263157895,400.6530151,14.1034002,75,24.1713009,24.2894001,35.3359985351562,31.8375551435683,0,0,"N",44
"1281","EMPAID_NCW-D10A_2016","success","2016-07-12",2016,"EMPAID","EMPAID_CW-D",189,194,2,"N","HB",9.8,-1,160,"PIPO",58.3333333333333,12.5,0.166666666666667,239.7339935,21.2000008,88,24.5820007,13.8301001,35.3359985351562,29.5558743476868,0,0,"N",34
"1282","EMPAID_NLC05A_2015","success","2015-07-13",2015,"EMPAID","EMPAID_LC",187,194,3,"F","U",2,-0.681998360062499,150,"PIPO",8.33333333333333,5,0.6,153.3650055,30.0527,13,0,3.1066,30.9190006256104,27.299124956131,10.3690004348755,2.96937504410744,"N",44
"1283","EMPAID_NSG09A_2015","success","2015-07-13",2015,"EMPAID","306",187,194,6,"N","HB",4,0.965925826289068,163,"PIPO",33.3333333333333,7.5,0.571428571428571,287.3630066,27.7528,40,37.3717003,66.4639969,34.5660018920898,32.789400100708,0,0,"N",31
"1284","EMPAID_NWM03A_2015","success","2015-07-13",2015,"EMPAID","316",189,194,6,"F","H",2.3,0.898794046299167,146,"PIPO",0,0,0,262.0979919,23.2483006,27,38.1049995,0,NA,NA,NA,NA,"N",48
"1285","EMPAID_NWM03A_2017","success","2017-07-13",2017,"EMPAID","318",191,194,6,"N","H",10.5,0.309016994374947,154,"PIPO",50,12.5,0.818181818181818,234.4140015,27.8251991,25,39.7476997,0.0923067,34.5029983520508,33.8246002197266,0,0,"N",40
"1286","EMPAID_NWM06A_2015","success","2015-07-13",2015,"EMPAID","321",189,194,2,"N","HB",0.8,0.992546151641322,157,"PIPO",50,35,0.85,302.2839966,16.2989006,34,34.2036018,17.7451992,29.0189990997314,25.7973330815633,8.99400043487549,4.36816676457723,"N",37
"1287","EMPAID_NWRF-M06A_2016","success","2016-07-12",2016,"EMPAID","EMPAID_WRF-M",188,194,6,"F","H",2.1,-1.83697019872103e-16,149,"PSME",16.6666666666667,20,0.6,414.0329895,11.4113998,53,21.7658997,7.3590698,26.4300003051758,21.4759999683925,19.5429992675781,3.52742846097265,"N",45
"1288","EMFWOR_NCAMC3-08A_2020","success","2020-07-13",2020,"EMFWOR","EMFWOR_CAMC3",191,195,9,"F","U",4.8,-0.207911690817759,146,"POTR5",33.3333333333333,5,0.142857142857143,269.4970093,33.4715004,6,0,0,28.1679992675781,26.1725997924805,0,0,"N",49
"1289","EMFWOR_NCAMC4-10A_2016","success","2016-07-13",2016,"EMFWOR","EMFWOR_CAMC4",193,195,4,"F","U",4.6,0.999847695156391,153,"PIPO",8.33333333333333,15,0,271.019989,24.3887005,18,0,0,23.4599990844727,17.503999710083,6.65999984741211,1.80399996042252,"N",42
"1290","EMFWOR_NCAMC5-01A_2015","success","2015-07-14",2015,"EMFWOR","EMFWOR_CAMC5",190,195,5,"F","U",2.4,-0.719339800338651,150,"POTR5",16.6666666666667,2.5,0.4,266.1570129,28.5111008,13,0,0,25.1469993591309,21.378999710083,11.1990003585815,9.51700019836426,"N",45
"1291","EMFWOR_NCAMC7-06A_2015","success","2015-07-14",2015,"EMFWOR","EMFWOR_CAMC7",190,195,6,"N","U",1.7,-0.981627183447664,152,"POTR5",91.6666666666667,5,0.307692307692308,341.3900146,19.566,42,0,0,26.9419994354248,22.8044996261597,10.3769998550415,8.78049993515015,"N",43
"1292","EMFWOR_NCAMC8-06A_2016","success","2016-07-13",2016,"EMFWOR","EMFWOR_CAMC8",193,195,4,"N","U",3.8,-0.258819045102521,157,"PIPO",66.6666666666667,2.5,0.7,145.1529999,21.8687992,23,0,0,23.4599990844727,17.503999710083,6.65999984741211,1.80399996042252,"N",38
"1293","EMFWOR_NCAMC8-09A_2020","success","2020-07-13",2020,"EMFWOR","EMFWOR_CAMC8",192,195,9,"N","U",2.4,0.891006524188368,153,"POTR5",66.6666666666667,7.5,0.0833333333333333,402.1990051,16.6655006,34,0,0,25.0970001220703,23.7389996846517,0,0,"N",42
"1294","EMFWOR_NLILT1-07A_2020","success","2020-07-13",2020,"EMFWOR","EMFWOR_LILT1",191,195,3,"N","H",2.6,-0.913545457642601,166,"POTR5",0,5,1,315.2269897,27.4428997,12,63.4496994,0,26.0370006561279,24.2608001708984,0,0,"N",29
"1295","EMFWOR_NLILT1-08A_2021","success","2021-07-14",2021,"EMFWOR","EMFWOR_LILT1",188,195,1,"N","H",2.5,-0.325568154457157,163,"POTR5",33.3333333333333,2.5,0.4,360.125,27.6765003,14,60.1055984,0,30.6896991729736,30.1197490692139,0,0,"N",32
"1296","EMFWOR_NMUDT1-05A_2020","success","2020-07-13",2020,"EMFWOR","EMFWOR_MUDT1",191,195,7,"N","H",3.2,0.809016994374947,165,"POTR5",0,0,0,422.5669861,8.8189402,80,56.9375,0,24.1439990997314,22.5049997965495,0,0,"N",30
"1297","EMFWOR_NMUDT1-05A_2021","failure","2021-07-14",2021,"EMFWOR","EMFWOR_MUDT1",188,195,2,"I","H",3.2,0.809016994374947,184,"POTR5",0,0,0,422.5669861,8.8189402,80,59.9883003,0,30.9497985839844,30.3355989456177,0,0,"I",11
"1298","EMFWOR_NSWRC2-09A_2016","success","2016-07-13",2016,"EMFWOR","EMFWOR_SWRC2",193,195,2,"N","U",3.6,-0.20791169081776,153,"POTR5",16.6666666666667,5,0,433.8880005,10.6893997,42,1.99472,0,19.0890007019043,15.8330001831055,1.91799998283386,0.639333327611287,"N",42
"1299","EMFWOR_NSWRC3-03A_2020","success","2020-07-13",2020,"EMFWOR","EMFWOR_SWRC3",190,195,7,"F","U",8.7,6.12323399573677e-17,150,"PIPO",66.6666666666667,20,0.25,314.0650024,16.2073994,49,5.8961601,5.8980799,23.371000289917,21.5900001525879,0,0,"N",45
"1300","EMFWOR_NSWRC3-04A_2016","success","2016-07-13",2016,"EMFWOR","62",193,195,5,"N","U",1.35,-0.258819045102521,153,"POTR5",116.666666666667,15,0.25,373.0539856,14.29,30,0,0,20.128999710083,16.8023335138957,1.32299995422363,0.440999984741211,"N",42
"1301","EMFWOR_NSWRC3-04A_2020","success","2020-07-13",2020,"EMFWOR","64",190,195,4,"N","U",2.2,0.669130606358858,157,"POTR5",175,12.5,0.0769230769230769,379.5469971,13.5320997,30,0,0,27.1879997253418,24.4230000178019,0,0,"N",38
"1302","EMMAOR_NDUGC1-01A_2015","success","2015-07-14",2015,"EMMAOR","EMMAOR_DUGC1",182,195,3,"F","U",1.5,0.573576436351046,146,"JUOC",58.3333333333333,5,0,503.1539917,48.7545013,32,0,0.009549,34.3619995117188,28.5567857197353,0.769999980926514,0.134428573506219,"N",49
"1303","EMMAOR_NELKT1-05A_2015","success","2015-07-14",2015,"EMMAOR","EMMAOR_ELKT1",189,195,4,"F","U",1.4,-0.882947592858927,148,"PIPO",100,12.5,0.5,445.7489929,28.7222004,49,0,0,28.2950000762939,27.9333330790202,0.321000009775162,0.107000003258387,"N",47
"1304","EMMAOR_NELKT2-02A_2015","success","2015-07-14",2015,"EMMAOR","EMMAOR_ELKT2",189,195,3,"F","U",5.6,-0.17364817766693,151,"PIPO",50,2.5,1,567.9609985,10.6805,48,0,0,28.746000289917,28.5740003585815,0.47299998998642,0.23649999499321,"N",44
"1305","EMMAOR_NFLAGC1-02A_2015","success","2015-07-14",2015,"EMMAOR","EMMAOR_FLAGC1",189,195,3,"F","U",1.8,-0.939692620785908,150,"PIPO",66.6666666666667,20,0.4375,361.1860046,25.9759007,38,0,0,28.8700008392334,28.5373338063558,0.391000002622604,0.130333334207535,"N",45
"1306","EMMAOR_NFLAGC2-10A_2015","success","2015-07-14",2015,"EMMAOR","EMMAOR_FLAGC2",187,195,2,"F","HB",1.95,-0.999390827019096,146,"JUOC",133.333333333333,20,0.375,92.5048981,70.7947006,14,88.1783981,87.885498,29.5100002288818,25.2692222595215,10.8120002746582,2.68355557653639,"N",49
"1307","EMMAOR_NPAWT1-05A_2015","success","2015-07-14",2015,"EMMAOR","EMMAOR_PAWT1",194,195,5,"N","U",0.7,0.422618261740699,152,"PIPO",83.3333333333333,0,0.833333333333333,585.5549927,22.1138992,27,5.72015,0,28.2810001373291,24.3962857382638,17.4190006256104,4.65871437958309,"N",43
"1308","EMMAOR_NPAWT1-08A_2015","success","2015-07-14",2015,"EMMAOR","EMMAOR_PAWT1",194,195,6,"F","H",1.5,-0.999390827019096,152,"PIPO",16.6666666666667,65,0.928571428571429,617.4089966,13.6162004,27,27.9554005,1.53102,20.2670001983643,20.2355003356934,3.99200010299683,2.26150006055832,"N",43
"1309","EMPAID_NB-T02A_2015","failure","2015-07-14",2015,"EMPAID","EMPAID_B-T",187,195,6,"N","U",1.3,0.874619707139396,165,"PIPO",50,0,1,133.3150024,41.4236984,30,29.4221001,25.9032001,30.4060001373291,26.4785554673937,10.2370004653931,2.70544449488322,"N",30
"1310","EMPAID_NCU05A_2016","success","2016-07-13",2016,"EMPAID","EMPAID_CU",193,195,5,"N","U",2.1,-0.978147600733806,159,"PIPO",0,10,0.4,335.8819885,10.0938997,40,7.4215298,0,19.125,15.2146663665771,22.1000003814697,7.98000013828278,"N",36
"1311","EMPAID_NCW-A01B_2015","success","2015-07-14",2015,"EMPAID","EMPAID_CW-A",189,195,1,"N","U",6.3,0.241921895599667,166,"PIPO",208.333333333333,20,0.636363636363636,212.7319946,17.5820007,18,5.1921401,0,29.2450008392334,25.2575716291155,9.76599979400635,4.89728566578456,"N",29
"1312","EMPAID_NCW-B04A_2016","success","2016-07-13",2016,"EMPAID","EMPAID_CW-B",187,195,3,"N","H",3,0.207911690817759,165,"PSME",8.33333333333333,50,0.857142857142857,382.4869995,27.2096996,59,48.577301,0,33.6520004272461,29.9593338436551,0,0,"N",30
"1313","EMFWOR_NLILT1-07A_2019","success","2019-07-15",2019,"EMFWOR","EMFWOR_LILT1",192,196,3,"N","H",4.2,-0.956304755963035,167,"POTR5",8.33333333333333,7.5,0.75,324.1069946,27.6088009,14,55.5000992,0,25.8929996490479,24.3659999847412,0,0,"N",29
"1314","EMFWOR_NLILT1-10A_2016","success","2016-07-14",2016,"EMFWOR","EMFWOR_LILT1",193,196,4,"N","U",3.9,0.422618261740699,163,"PIPO",25,45,0.772727272727273,354.2510071,15.8219004,41,11.9390001,0,22.8059997558594,18.3324996630351,4.11299991607666,0.813166650303174,"N",33
"1315","EMFWOR_NMUDT1-05A_2016","success","2016-07-14",2016,"EMFWOR","EMFWOR_MUDT1",193,196,6,"N","U",7.5,-0.99026806874157,157,"POTR5",8.33333333333333,0,0,429.9630127,9.0864496,80,13.4350004,0,23.2430000305176,17.3385002613068,5.69199991226196,1.55624997615814,"N",39
"1316","EMFWOR_NSWRC3-03A_2019","success","2019-07-15",2019,"EMFWOR","EMFWOR_SWRC3",192,196,8,"N","U",3.2,0.951056516295154,156,"PIPO",8.33333333333333,17.5,0.222222222222222,358.6419983,17.3425007,49,5.4268098,0,26.1459999084473,24.6458000183105,1.11500000953674,0.223000001907349,"N",40
"1317","EMFWOR_NSWRC3-04A_2016","success","2016-07-14",2016,"EMFWOR","62",195,196,6,"F","U",1.35,-0.258819045102521,153,"POTR5",116.666666666667,15,0.25,373.0539856,14.29,30,0,0,24.507999420166,22.3184995651245,0,0,"N",43
"1318","EMFWOR_NSWRC3-04A_2020","success","2020-07-14",2020,"EMFWOR","64",195,196,5,"N","U",2.2,0.669130606358858,157,"POTR5",175,12.5,0.0769230769230769,379.5469971,13.5320997,30,0,0,26.0230007171631,25.2480001449585,0,0,"N",39
"1319","EMMAOR_NCLIFFC1-08A_2016","success","2016-07-14",2016,"EMMAOR","EMMAOR_CLIFFC1",194,196,3,"F","U",1.25,0.898794046299167,154,"JUOC",41.6666666666667,15,0.166666666666667,256.70401,10.8544998,37,0,0,25.4729995727539,22.2406667073568,0.994000017642975,0.331333339214325,"N",42
"1320","EMMAOR_NDUGC1-10A_2016","success","2016-07-14",2016,"EMMAOR","EMMAOR_DUGC1",193,196,3,"N","U",1.3,0.529919264233205,163,"JUOC",8.33333333333333,7.5,0.2,383.2600098,24.7199001,45,0.234673,0.296018,24.4200000762939,18.8930003643036,3.11800003051758,1.22925000824034,"N",33
"1321","EMMAOR_NFLAGC1-06A_2016","success","2016-07-14",2016,"EMMAOR","EMMAOR_FLAGC1",193,196,2,"N","U",1.7,-0.241921895599668,156,"JUOC",25,17.5,0.2,375.6650085,44.4337997,30,0,0,24.8020000457764,19.2509999275208,2.83699989318848,1.29474997520447,"N",40
"1322","EMMAOR_NPAWT1-03A_2016","success","2016-07-14",2016,"EMMAOR","EMMAOR_PAWT1",194,196,7,"F","H",1.2,0.529919264233205,155,"PIPO",33.3333333333333,10,1,673.8839722,18.1711998,51,23.2033005,8.7818699,25.0020008087158,21.9513339996338,0,0,"N",41
"1323","EMMAOR_NPAWT1-08A_2021","failure","2021-07-15",2021,"EMMAOR","EMMAOR_PAWT1",194,196,2,"N","U",5,0.629320391049837,NA,"JUOC",158.333333333333,12.5,0.125,556.8129883,11.1801004,21,35.9636002,3.7304599,34.0412979125977,31.5963659286499,0,0,"N",NA
"1324","EMMAOR_NRATT1-10A_2016","success","2016-07-14",2016,"EMMAOR","EMMAOR_RATT1",187,196,6,"F","U",1.5,-0.325568154457157,148,"JUOC",108.333333333333,27.5,0.0416666666666667,497.2980042,14.4579,47,0.616016,0,31.1979999542236,27.6091667811076,0,0,"N",48
"1325","EMPAID_N1WS05A_2013","success","2013-07-15",2013,"EMPAID","EMPAID_1WS",192,196,5,"N","B",2.5,-0.838670567945424,178,"PIPO",116.666666666667,15,0.4,219.7619934,10.7425003,28,15.4590998,39.803299,34.2859992980957,32.1107497215271,0,0,"I",18
"1326","EMPAID_NB-T10A_2014","success","2014-07-15",2014,"EMPAID","EMPAID_B-T",191,196,8,"F","H",3,-0.374606593415912,152,"PIPO",66.6666666666667,2.5,1,139.8930054,6.7675099,61,9.1815796,4.78722,36.4739990234375,33.6743329366048,0.814999997615814,0.135833332935969,"N",44
"1327","EMPAID_NB-U01A_2013","success","2013-07-15",2013,"EMPAID","EMPAID_B-U",192,196,9,"N","U",1.8,-0.754709580222772,156,"PIPO",41.6666666666667,12.5,0.727272727272727,236.1499939,14.8092003,28,0,0,33.1020011901855,28.3068000793457,0,0,"N",40
"1328","EMPAID_NB-U01A_2014","success","2014-07-15",2014,"EMPAID","EMPAID_B-U",191,196,9,"F","U",2,-0.819152044288992,150,"PIPO",100,17.5,0.947368421052632,188.4600067,14.5770998,40,0,0,34.0919990539551,31.785749912262,0,0,"N",46
"1329","EMPAID_NBR04A_2013","success","2013-07-15",2013,"EMPAID","EMPAID_BR",192,196,8,"N","U",1.2,-0.309016994374947,163,"PIPO",33.3333333333333,12.5,0.777777777777778,178.3480072,25.0660992,45,0,0,32.8689994812012,28.1323997497559,0,0,"N",33
"1330","EMPAID_NCC02A_2019","success","2019-07-15",2019,"EMPAID","225",193,196,2,"F","U",1,-0.587785252292473,156,"PSME",58.3333333333333,2.5,0.75,228.7559967,8.7241201,65,1.52537,33.7173996,28.798999786377,27.763500213623,0,0,"N",40
"1331","EMPAID_NCU04A_2013","success","2013-07-15",2013,"EMPAID","EMPAID_CU",192,196,15,"N","U",3.2,-0.999390827019096,158,"PSME",16.6666666666667,17.5,0.9,473.6229858,12.5155001,34,0.352009,0,31.4449996948242,29.5040001869202,0,0,"N",38
"1332","EMPAID_NCU05A_2016","success","2016-07-14",2016,"EMPAID","EMPAID_CU",195,196,6,"N","U",2.1,-0.978147600733806,159,"PIPO",0,10,0.4,335.8819885,10.0938997,40,7.4215298,0,23.4720001220703,21.2985000610352,1.8400000333786,0.9200000166893,"N",37
"1333","EMPAID_NCU10A_2019","success","2019-07-15",2019,"EMPAID","244",190,196,4,"F","U",2.8,-0.669130606358858,153,"PIPO",50,2.5,0.875,347.3299866,11.1772003,43,0,0,31.0270004272461,27.0401431492397,0,0,"N",43
"1334","EMPAID_NCW-A01A_2013","success","2013-07-15",2013,"EMPAID","EMPAID_CW-A",192,196,11,"N","U",4.6,-0.17364817766693,156,"PIPO",16.6666666666667,2.5,0.6,253.2870026,19.1459999,45,0,0,34.5390014648438,29.960599899292,0,0,"N",40
"1335","EMPAID_NCW-A01B_2013","success","2013-07-15",2013,"EMPAID","EMPAID_CW-A",192,196,11,"F","U",4.1,0.0523359562429439,154,"PIPO",8.33333333333333,45,0.894736842105263,211.9589996,18.6592007,14,8.8589001,0,33.0800018310547,28.6578002929688,0,0,"N",42
"1336","EMPAID_NCW-A01B_2015","success","2015-07-15",2015,"EMPAID","EMPAID_CW-A",195,196,2,"N","U",6.3,0.241921895599667,166,"PIPO",208.333333333333,20,0.636363636363636,212.7319946,17.5820007,18,5.1921401,0,25.6849994659424,24.2249994277954,9.76599979400635,5.01149989664555,"N",30
"1337","EMPAID_NCW-A04A_2019","success","2019-07-15",2019,"EMPAID","EMPAID_CW-A",192,196,8,"N","HB",2.5,-0.20791169081776,156,"PIPO",50,5,0.875,448.9710083,9.8943596,53,64.0950012,49.5942001,28.8369998931885,26.1509997049967,0,0,"N",40
"1338","EMPAID_NCW-A07A_2019","success","2019-07-15",2019,"EMPAID","EMPAID_CW-A",192,196,6,"F","H",1.7,-0.694658370458997,154,"PSME",16.6666666666667,12.5,0.375,387.9070129,16.1259995,17,73.892601,45.1442986,27.1690006256104,24.7385001182556,0,0,"N",42
"1339","EMPAID_NCW-B02A_2019","success","2019-07-15",2019,"EMPAID","EMPAID_CW-B",192,196,6,"F","HB",4.8,-0.974370064785235,152,"PSME",25,17.5,0.3,356.223999,29.0282001,65,61.6896019,66.5595016,26.6860008239746,24.1680005391439,0,0,"N",44
"1340","EMPAID_NCW-D10A_2016","success","2016-07-14",2016,"EMPAID","EMPAID_CW-D",194,196,3,"N","HB",9.8,-1,160,"PIPO",58.3333333333333,12.5,0.166666666666667,239.7339935,21.2000008,88,24.5820007,13.8301001,26.9619998931885,21.4478333791097,19.5769996643066,4.0001665999492,"N",36
"1341","EMPAID_NDL03A_2013","success","2013-07-15",2013,"EMPAID","EMPAID_DL",192,196,12,"F","U",6.7,0.342020143325669,154,"PIPO",0,5,0.4,163.3730011,49.6929016,15,0,0,32.2060012817383,30.1037502288818,0,0,"N",42
"1342","EMPAID_NDL08A_2014","success","2014-07-15",2014,"EMPAID","EMPAID_DL",189,196,4,"F","U",2.9,0.601815023152048,151,"PIPO",16.6666666666667,15,0.625,284.3110046,20.8591995,28,0,0,33.2680015563965,31.0360000133514,0,0,"N",45
"1343","EMPAID_NLC-R09A_2014","success","2014-07-15",2014,"EMPAID","EMPAID_LC-R",191,196,10,"N","B",1.1,0.629320391049838,157,"PIPO",83.3333333333333,7.5,0.928571428571429,132.6999969,31.5911999,12,0,3.1066,35.6870002746582,33.0196666717529,0.326999992132187,0.0544999986886978,"N",39
"1344","EMPAID_NLC04A_2013","success","2013-07-15",2013,"EMPAID","EMPAID_LC",192,196,12,"F","B",2.3,0.3583679495453,155,"PIPO",0,15,1,136.5529938,31.1275997,12,0,3.1066,33.1020011901855,28.3068000793457,0,0,"N",41
"1345","EMPAID_NPM09A_2013","success","2013-07-15",2013,"EMPAID","291",192,196,8,"N","B",2.6,-0.587785252292473,159,"PIPO",8.33333333333333,5,0.333333333333333,191.4179993,19.1755009,47,8.80023,49.1040001,32.6910018920898,27.9144008636475,0,0,"N",37
"1346","EMPAID_NSF05A_2016","success","2016-07-14",2016,"EMPAID","EMPAID_SF",193,196,10,"N","H",1.4,0.866025403784438,158,"PIPO",25,25,0.923076923076923,487.2810059,9.1460505,46,48.9292984,6.3118701,26.5330009460449,22.713714327131,20.7019996643066,3.56399995940072,"N",38
"1347","EMPAID_NSF08A_2013","success","2013-07-15",2013,"EMPAID","EMPAID_SF",192,196,9,"N","U",1.8,-0.156434465040231,163,"PIPO",8.33333333333333,12.5,0.857142857142857,307.8590088,7.9717202,28,23.3792992,0,34.5390014648438,32.4122505187988,0,0,"N",33
"1348","EMPAID_NSG10A_2014","success","2014-07-15",2014,"EMPAID","309",191,196,5,"F","HB",1.7,0.956304755963035,152,"PIPO",0,0,0,174.7400055,39.235199,46,33.1475983,61.0751991,35.3230018615723,32.5885003407796,0.892000019550323,0.148666669925054,"N",44
"1349","EMPAID_NWM03A_2019","success","2019-07-15",2019,"EMPAID","320",190,196,4,"N","H",2,-0.970295726275996,159,"PIPO",25,0,1,283.6929932,25.2553005,24,40.6864014,0.108222,31.2560005187988,27.2998572758266,0.818000018596649,0.124714288328375,"N",37
"1350","EMPAID_NWM06A_2015","success","2015-07-15",2015,"EMPAID","321",194,196,3,"N","HB",0.8,0.992546151641322,157,"PIPO",50,35,0.85,302.2839966,16.2989006,34,34.2036018,17.7451992,25.3320007324219,23.6730003356934,4.77600002288818,2.86700004339218,"N",39
"1351","EMPAID_NWRF-M06A_2013","success","2013-07-15",2013,"EMPAID","EMPAID_WRF-M",192,196,4,"N","U",7.1,0.90630778703665,157,"PIPO",33.3333333333333,25,0.571428571428571,384.9719849,10.4211998,29,4.31212,0,34.0260009765625,31.8810000419617,0,0,"N",39
"1352","EMPAID_NWRF-M08A_2019","success","2019-07-15",2019,"EMPAID","EMPAID_WRF-M",189,196,3,"N","HB",7.4,0.965925826289068,156,"PIPO",25,2.5,0.5,393.7650146,10.8755999,61,22.8806,21.9881001,32.2519989013672,28.441624879837,1.2610000371933,0.282000005245209,"N",40
"1353","EMFWOR_NCAMC4-01A_2018","success","2018-07-16",2018,"EMFWOR","EMFWOR_CAMC4",193,197,5,"F","B",3.1,0.999390827019096,154,"POTR5",75,20,0.88235294117647,283.0090027,23.9491005,22,4.2241101,56.2943993,27.4540004730225,26.0432500839233,0,0,"N",43
"1354","EMFWOR_NCAMC8-06A_2016","success","2016-07-15",2016,"EMFWOR","EMFWOR_CAMC8",195,197,5,"N","U",3.8,-0.258819045102521,157,"PIPO",66.6666666666667,2.5,0.7,145.1529999,21.8687992,23,0,0,19.8939990997314,16.6006660461426,0.555999994277954,0.185333331425985,"N",40
"1355","EMFWOR_NCAMC8-09A_2020","success","2020-07-15",2020,"EMFWOR","EMFWOR_CAMC8",195,197,10,"F","U",2.4,0.891006524188368,153,"POTR5",66.6666666666667,7.5,0.0833333333333333,402.1990051,16.6655006,34,0,0,28.5389995574951,26.9804997444153,0,0,"N",44
"1356","EMFWOR_NLFTT2-01A_2018","success","2018-07-16",2018,"EMFWOR","38",193,197,7,"F","H",4.2,0.866025403784438,150,"PIPO",16.6666666666667,17.5,0.333333333333333,196.5820007,33.0191994,8,14.6377001,0,29.5930004119873,28.1902004241943,4.31799983978271,0.863599967956543,"N",47
"1357","EMFWOR_NLFTT2-01B_2018","success","2018-07-16",2018,"EMFWOR","EMFWOR_LFTT2",193,197,6,"N","H",7.4,0.669130606358858,157,"POTR5",41.6666666666667,5,0.333333333333333,320.1499939,8.5949898,43,30.6247997,0,26.8299999237061,25.449333190918,0,0,"N",40
"1358","EMFWOR_NMUDT1-05A_2016","success","2016-07-15",2016,"EMFWOR","EMFWOR_MUDT1",196,197,7,"N","U",7.5,-0.99026806874157,157,"POTR5",8.33333333333333,0,0,429.9630127,9.0864496,80,13.4350004,0,24.1229991912842,18.4150002002716,0.532999992370605,0.133249998092651,"N",40
"1359","EMFWOR_NSWRC2-09A_2016","success","2016-07-15",2016,"EMFWOR","EMFWOR_SWRC2",195,197,3,"F","U",3.6,-0.20791169081776,153,"POTR5",16.6666666666667,5,0,433.8880005,10.6893997,42,1.99472,0,26.3430004119873,22.94700050354,0,0,"N",44
"1360","EMFWOR_NSWRC3-03B_2018","success","2018-07-16",2018,"EMFWOR","EMFWOR_SWRC3",190,197,3,"N","U",6.7,-0.829037572555042,165,"PIPO",25,12.5,0.7,387.4509888,17.0130005,49,4.6054602,0,25.5510005950928,22.6307501792908,0,0,"N",32
"1361","EMFWOR_NSWRC3-04A_2020","success","2020-07-15",2020,"EMFWOR","64",196,197,6,"N","U",2.2,0.669130606358858,157,"POTR5",175,12.5,0.0769230769230769,379.5469971,13.5320997,30,0,0,25.3169994354248,24.8949995040894,0,0,"N",40
"1362","EMMAOR_NPAWT1-08A_2021","failure","2021-07-16",2021,"EMMAOR","EMMAOR_PAWT1",196,197,3,"N","U",5,0.629320391049837,NA,"JUOC",158.333333333333,12.5,0.125,556.8129883,11.1801004,21,35.9636002,3.7304599,32.6002998352051,31.8469664255778,0,0,"N",NA
"1363","EMPAID_N1WS05A_2013","success","2013-07-16",2013,"EMPAID","EMPAID_1WS",196,197,6,"N","B",2.5,-0.838670567945424,178,"PIPO",116.666666666667,15,0.4,219.7619934,10.7425003,28,15.4590998,39.803299,34.2859992980957,29.6633995056152,0,0,"N",19
"1364","EMPAID_NB-S01A_2014","success","2014-07-16",2014,"EMPAID","EMPAID_B-S",190,197,4,"F","U",3.6,-0.898794046299167,157,"PIPO",0,15,0.5,418.7940063,10.4329004,40,2.5227301,0,32.576000213623,28.9812002182007,0,0,"N",40
"1365","EMPAID_NCU04A_2013","success","2013-07-16",2013,"EMPAID","EMPAID_CU",196,197,16,"N","U",3.2,-0.999390827019096,158,"PSME",16.6666666666667,17.5,0.9,473.6229858,12.5155001,34,0.352009,0,31.4449996948242,26.7549999237061,0,0,"N",39
"1366","EMPAID_NCU09A_2015","success","2015-07-16",2015,"EMPAID","EMPAID_CU",194,197,9,"F","U",2.2,-0.970295726275996,154,"PIPO",8.33333333333333,7.5,0.5,392.2120056,9.1995802,54,28.3367996,0,26.8899993896484,25.3587498664856,2.96399998664856,1.09100001305342,"N",43
"1367","EMPAID_NCU10A_2018","success","2018-07-16",2018,"EMPAID","243",193,197,4,"N","U",2.5,-0.374606593415912,171,"PIPO",50,2.5,0.875,347.3299866,11.1772003,43,0,0,32.3170013427734,30.7112003326416,0,0,"N",26
"1368","EMPAID_NCW-A01B_2015","success","2015-07-16",2015,"EMPAID","EMPAID_CW-A",196,197,3,"N","U",6.3,0.241921895599667,166,"PIPO",208.333333333333,20,0.636363636363636,212.7319946,17.5820007,18,5.1921401,0,25.8360004425049,25.7604999542236,0.256999999284744,0.128499999642372,"N",31
"1369","EMPAID_NCW-A04A_2019","success","2019-07-16",2019,"EMPAID","EMPAID_CW-A",196,197,9,"N","HB",2.5,-0.20791169081776,156,"PIPO",50,5,0.875,448.9710083,9.8943596,53,64.0950012,49.5942001,33.3889999389648,31.1163993835449,1.02100002765656,0.399200010299683,"N",41
"1370","EMPAID_NCW-B04A_2018","success","2018-07-16",2018,"EMPAID","EMPAID_CW-B",193,197,5,"N","HB",3,-0.529919264233205,158,"PIPO",16.6666666666667,37.5,0.647058823529412,370.1400146,26.6138992,60,59.2841988,46.3348007,32.8810005187988,31.338200378418,0,0,"N",39
"1371","EMPAID_NPM09A_2013","success","2013-07-16",2013,"EMPAID","291",196,197,9,"N","B",2.6,-0.587785252292473,159,"PIPO",8.33333333333333,5,0.333333333333333,191.4179993,19.1755009,47,8.80023,49.1040001,32.5929985046387,31.0614995956421,0,0,"N",38
"1372","EMPAID_NSG09A_2015","success","2015-07-16",2015,"EMPAID","306",194,197,7,"N","HB",4,0.965925826289068,163,"PIPO",33.3333333333333,7.5,0.571428571428571,287.3630066,27.7528,40,37.3717003,66.4639969,30.4060001373291,27.0008749961853,10.2370004653931,2.6188750565052,"N",34
"1373","EMPAID_NWM03A_2019","success","2019-07-16",2019,"EMPAID","320",196,197,5,"N","H",2,-0.970295726275996,159,"PIPO",25,0,1,283.6929932,25.2553005,24,40.6864014,0.108222,27.7590007781982,26.8665008544922,2.23000001907349,1.52400001883507,"N",38
"1374","EMPAID_NWM06A_2015","success","2015-07-16",2015,"EMPAID","321",196,197,4,"F","HB",0.8,0.992546151641322,157,"PIPO",50,35,0.85,302.2839966,16.2989006,34,34.2036018,17.7451992,25.6229991912842,25.477499961853,0.833000004291534,0.416500002145767,"N",40
"1375","EMPAID_NWRF-M08A_2019","success","2019-07-16",2019,"EMPAID","EMPAID_WRF-M",196,197,4,"N","HB",7.4,0.965925826289068,156,"PIPO",25,2.5,0.5,393.7650146,10.8755999,61,22.8806,21.9881001,28.9360008239746,28.2880001068115,1.90900003910065,1.45200002193451,"N",41
"1376","EMPAID_NWRF-M09A_2018","success","2018-07-16",2018,"EMPAID","EMPAID_WRF-M",193,197,7,"N","HB",4.3,0.642787609686539,161,"PIPO",16.6666666666667,17.5,0.333333333333333,434.8819885,14.8796997,69,25.3446999,21.4374008,33.943000793457,30.4667496681213,0,0,"N",36
"1377","EMFWOR_NLFTT2-01A_2017","success","2017-07-17",2017,"EMFWOR","EMFWOR_LFTT2",192,198,2,"N","H",5.6,0.642787609686539,156,"POTR5",58.3333333333333,0,0,318.8009949,8.5064898,45,25.0806999,0,27.4130001068115,25.6231430598668,0,0,"N",42
"1378","EMFWOR_NLILT1-07A_2020","success","2020-07-16",2020,"EMFWOR","EMFWOR_LILT1",195,198,4,"N","H",2.6,-0.913545457642601,166,"POTR5",0,5,1,315.2269897,27.4428997,12,63.4496994,0,25.8349990844727,24.915500164032,0,0,"N",32
"1379","EMFWOR_NLILT3-10A_2017","success","2017-07-17",2017,"EMFWOR","EMFWOR_LILT3",192,198,2,"F","H",2.6,-0.309016994374948,153,"PIPO",33.3333333333333,15,1,429.8420105,8.89571,42,5.1041398,0,28.9409999847412,25.8980770111084,0,0,"N",45
"1380","EMFWOR_NMUDT1-05A_2020","success","2020-07-16",2020,"EMFWOR","EMFWOR_MUDT1",195,198,8,"N","H",3.2,0.809016994374947,165,"POTR5",0,0,0,422.5669861,8.8189402,80,56.9375,0,26.9169998168945,24.9490001678467,0,0,"N",33
"1381","EMFWOR_NSWRC3-03A_2019","success","2019-07-17",2019,"EMFWOR","EMFWOR_SWRC3",196,198,9,"N","U",3.2,0.951056516295154,156,"PIPO",8.33333333333333,17.5,0.222222222222222,358.6419983,17.3425007,49,5.4268098,0,24.2950000762939,22.4873332977295,0,0,"N",42
"1382","EMFWOR_NSWRC3-04A_2020","success","2020-07-16",2020,"EMFWOR","64",197,198,7,"N","U",2.2,0.669130606358858,157,"POTR5",175,12.5,0.0769230769230769,379.5469971,13.5320997,30,0,0,26.6420001983643,25.9794998168945,0,0,"N",41
"1383","EMPAID_N1WS05A_2013","success","2013-07-17",2013,"EMPAID","EMPAID_1WS",197,198,7,"N","B",2.5,-0.838670567945424,178,"PIPO",116.666666666667,15,0.4,219.7619934,10.7425003,28,15.4590998,39.803299,34.2360000610352,32.6569995880127,0,0,"N",20
"1384","EMPAID_N1WS07A_2017","failure","2017-07-17",2017,"EMPAID","EMPAID_1WS",193,198,9,"N","HB",3.7,-0.999390827019096,173,"PIPO",16.6666666666667,27.5,0.923076923076923,394.375,7.0488901,61,20.7978992,73.6829987,35.4410018920898,31.6336669921875,0,0,"N",25
"1385","EMPAID_NB-U01A_2013","success","2013-07-17",2013,"EMPAID","EMPAID_B-U",196,198,10,"N","U",1.8,-0.754709580222772,156,"PIPO",41.6666666666667,12.5,0.727272727272727,236.1499939,14.8092003,28,0,0,33.257999420166,31.9773330688477,1.50300002098083,0.501000006993612,"N",42
"1386","EMPAID_NBWC01A_2017","success","2017-07-17",2017,"EMPAID","223",193,198,4,"N","U",3.4,-0.994521895368273,163,"PIPO",25,0,0.2,212.1179962,6.4151602,69,0.410678,0,33.2350006103516,29.1986668904622,0,0,"N",35
"1387","EMPAID_NCU04A_2013","success","2013-07-17",2013,"EMPAID","EMPAID_CU",197,198,17,"F","U",3.2,-0.999390827019096,158,"PSME",16.6666666666667,17.5,0.9,473.6229858,12.5155001,34,0.352009,0,31.6149997711182,29.9674997329712,0,0,"N",40
"1388","EMPAID_NCU09A_2014","failure","2014-07-17",2014,"EMPAID","EMPAID_CU",190,198,3,"N","H",2.4,0.951056516295154,182,"PIPO",8.33333333333333,2.5,0.4,398.8699951,9.2735596,59,33.4995995,0,33.5800018310547,30.0238749980927,0,0,"I",16
"1389","EMPAID_NCW-A01A_2013","success","2013-07-17",2013,"EMPAID","EMPAID_CW-A",196,198,12,"F","U",4.6,-0.17364817766693,156,"PIPO",16.6666666666667,2.5,0.6,253.2870026,19.1459999,45,0,0,35.193000793457,33.8160006205241,0,0,"N",42
"1390","EMPAID_NCW-A04A_2019","success","2019-07-17",2019,"EMPAID","EMPAID_CW-A",197,198,10,"F","HB",2.5,-0.20791169081776,156,"PIPO",50,5,0.875,448.9710083,9.8943596,53,64.0950012,49.5942001,29.5739994049072,28.7714996337891,1.35399997234344,1.16449999809265,"N",42
"1391","EMPAID_NCW-E03A_2017","success","2017-07-17",2017,"EMPAID","EMPAID_CW-E",193,198,9,"F","H",2.5,-0.642787609686539,154,"PIPO",33.3333333333333,12.5,0.666666666666667,199.4450073,38.3394012,75,24.5527,0,33.9640007019043,30.5263334910075,2.03600001335144,0.5150000055631,"N",44
"1392","EMPAID_NSF08A_2013","success","2013-07-17",2013,"EMPAID","EMPAID_SF",196,198,10,"N","U",1.8,-0.156434465040231,163,"PIPO",8.33333333333333,12.5,0.857142857142857,307.8590088,7.9717202,28,23.3792992,0,34.5390014648438,29.960599899292,0,0,"N",35
"1393","EMPAID_NWM03A_2019","success","2019-07-17",2019,"EMPAID","320",197,198,6,"N","H",2,-0.970295726275996,159,"PIPO",25,0,1,283.6929932,25.2553005,24,40.6864014,0.108222,25.9740009307861,24.9305000305176,2.23000001907349,1.11500000953674,"N",39
"1394","EMPAID_NWRF-M08A_2019","success","2019-07-17",2019,"EMPAID","EMPAID_WRF-M",197,198,5,"N","HB",7.4,0.965925826289068,156,"PIPO",25,2.5,0.5,393.7650146,10.8755999,61,22.8806,21.9881001,27.6399993896484,26.3879995346069,1.90900003910065,0.954500019550324,"N",42
"1395","EMFWOR_NCAMC8-09A_2019","success","2019-07-18",2019,"EMFWOR","EMFWOR_CAMC8",196,199,1,"N","U",4,0.788010753606722,174,"POTR5",25,0,0,243.5619965,20.2094994,31,0,0,26.6560001373291,24.8477501869202,0,0,"N",25
"1396","EMFWOR_NLFTT2-01B_2018","success","2018-07-18",2018,"EMFWOR","EMFWOR_LFTT2",197,199,7,"N","H",7.4,0.669130606358858,157,"POTR5",41.6666666666667,5,0.333333333333333,320.1499939,8.5949898,43,30.6247997,0,28.7840003967285,27.3923999786377,4.29699993133545,0.85939998626709,"N",42
"1397","EMFWOR_NLILT1-07A_2019","success","2019-07-18",2019,"EMFWOR","EMFWOR_LILT1",196,199,4,"N","H",4.2,-0.956304755963035,167,"POTR5",8.33333333333333,7.5,0.75,324.1069946,27.6088009,14,55.5000992,0,23.9829998016357,22.5874996185303,0,0,"N",32
"1398","EMMAOR_NMDC2-04A_2019","success","2019-07-18",2019,"EMMAOR","EMMAOR_MDC2",193,199,5,"F","U",2.2,-0.999390827019096,152,"POTR5",16.6666666666667,22.5,0.833333333333333,274.3129883,17.9540005,32,0,0,28.0990009307861,24.7074287959508,3.03800010681152,0.789142881120954,"N",47
"1399","EMMAOR_NPAWT1-08A_2021","failure","2021-07-18",2021,"EMMAOR","EMMAOR_PAWT1",197,199,4,"F","U",5,0.629320391049837,NA,"JUOC",158.333333333333,12.5,0.125,556.8129883,11.1801004,21,35.9636002,3.7304599,32.4631004333496,30.7841997146606,0,0,"N",NA
"1400","EMMAOR_NRATT1-03A_2017","success","2017-07-18",2017,"EMMAOR","EMMAOR_RATT1",191,199,2,"F","U",1.9,0.0697564737441252,150,"JUOC",75,37.5,0.0833333333333333,352.2399902,13.7931995,37,2.4640701,0,31.6900005340576,28.5778891245524,0,0,"N",49
"1401","EMMAOR_NSAGEC1-08A_2019","success","2019-07-18",2019,"EMMAOR","EMMAOR_SAGEC1",193,199,4,"F","H",1.5,-0.034899496702501,157,"PIPO",41.6666666666667,12.5,0.833333333333333,597.6389771,17.2492008,42,41.7131004,0,30.5109996795654,27.1558568137033,2.31900000572205,0.658285711492811,"N",42
"1402","EMMAOR_NUPCB1-07A_2017","success","2017-07-18",2017,"EMMAOR","EMMAOR_UPCB1",191,199,4,"F","U",2.9,-0.694658370458997,152,"JUOC",58.3333333333333,12.5,0,483.5580139,15.7058001,29,0,0,33.1640014648438,29.6236667633057,0,0,"N",47
"1403","EMMAOR_NWOLFTA3-09A_2017","success","2017-07-18",2017,"EMMAOR","EMMAOR_WOLFTA3",193,199,2,"F","U",0.75,-0.17364817766693,153,"PIPO",108.333333333333,27.5,0.375,423.0280151,57.8713989,45,0,0,32.435001373291,28.8478573390416,0,0,"N",46
"1404","EMPAID_N1WS07A_2017","failure","2017-07-18",2017,"EMPAID","EMPAID_1WS",198,199,10,"N","HB",3.7,-0.999390827019096,173,"PIPO",16.6666666666667,27.5,0.923076923076923,394.375,7.0488901,61,20.7978992,73.6829987,35.4650001525879,31.981333732605,0,0,"N",26
"1405","EMPAID_NBR04A_2013","success","2013-07-18",2013,"EMPAID","EMPAID_BR",196,199,9,"N","U",1.2,-0.309016994374947,163,"PIPO",33.3333333333333,12.5,0.777777777777778,178.3480072,25.0660992,45,0,0,33.2350006103516,31.5300002098083,1.65100002288818,0.412750005722046,"N",36
"1406","EMPAID_NCU09A_2014","failure","2014-07-18",2014,"EMPAID","EMPAID_CU",198,199,4,"N","H",2.4,0.951056516295154,182,"PIPO",8.33333333333333,2.5,0.4,398.8699951,9.2735596,59,33.4995995,0,34.2379989624023,33.2759997049967,0,0,"N",17
"1407","EMPAID_NCW-A05A_2017","success","2017-07-18",2017,"EMPAID","EMPAID_CW-A",191,199,7,"F","H",2.3,-0.788010753606722,156,"PIPO",8.33333333333333,12.5,0.833333333333333,490.9500122,12.5887003,56,62.7457008,6.3118701,35.9360008239746,35.2879997253418,0,0,"N",43
"1408","EMPAID_NCW-B04A_2018","success","2018-07-18",2018,"EMPAID","EMPAID_CW-B",197,199,6,"F","HB",3,-0.529919264233205,158,"PIPO",16.6666666666667,37.5,0.647058823529412,370.1400146,26.6138992,60,59.2841988,46.3348007,32.7430000305176,32.0283330281576,0,0,"N",41
"1409","EMPAID_NPM09A_2013","success","2013-07-18",2013,"EMPAID","291",197,199,10,"F","B",2.6,-0.587785252292473,159,"PIPO",8.33333333333333,5,0.333333333333333,191.4179993,19.1755009,47,8.80023,49.1040001,32.6870002746582,31.9196662902832,2.10700011253357,0.702333370844523,"N",40
"1410","EMPAID_NWM03A_2017","success","2017-07-18",2017,"EMPAID","318",194,199,7,"F","H",10.5,0.309016994374947,154,"PIPO",50,12.5,0.818181818181818,234.4140015,27.8251991,25,39.7476997,0.0923067,33.4700012207031,29.8207502365112,0,0,"N",45
"1411","EMPAID_NWM03A_2019","success","2019-07-18",2019,"EMPAID","320",198,199,7,"F","H",2,-0.970295726275996,159,"PIPO",25,0,1,283.6929932,25.2553005,24,40.6864014,0.108222,24.7859992980957,24.3364992141724,0,0,"N",40
"1412","EMPAID_NWRF-M06A_2013","success","2013-07-18",2013,"EMPAID","EMPAID_WRF-M",196,199,5,"F","U",7.1,0.90630778703665,157,"PIPO",33.3333333333333,25,0.571428571428571,384.9719849,10.4211998,29,4.31212,0,34.0260009765625,29.4372001647949,0,0,"N",42
"1413","EMPAID_NWRF-M08A_2019","success","2019-07-18",2019,"EMPAID","EMPAID_WRF-M",198,199,6,"N","HB",7.4,0.965925826289068,156,"PIPO",25,2.5,0.5,393.7650146,10.8755999,61,22.8806,21.9881001,26.5939998626709,25.8649997711182,0,0,"N",43
"1414","EMFWOR_NCAMC8-06A_2016","success","2016-07-18",2016,"EMFWOR","EMFWOR_CAMC8",197,200,6,"F","U",3.8,-0.258819045102521,157,"PIPO",66.6666666666667,2.5,0.7,145.1529999,21.8687992,23,0,0,27.173999786377,23.7899996439616,0,0,"N",43
"1415","EMFWOR_NLFTT2-01B_2018","success","2018-07-19",2018,"EMFWOR","EMFWOR_LFTT2",199,200,8,"N","H",7.4,0.669130606358858,157,"POTR5",41.6666666666667,5,0.333333333333333,320.1499939,8.5949898,43,30.6247997,0,28.4169998168945,26.4089997609456,4.29699993133545,1.43233331044515,"N",43
"1416","EMFWOR_NLILT1-10A_2016","success","2016-07-18",2016,"EMFWOR","EMFWOR_LILT1",196,200,5,"N","U",3.9,0.422618261740699,163,"PIPO",25,45,0.772727272727273,354.2510071,15.8219004,41,11.9390001,0,23.8929996490479,18.2917501926422,0.764999985694885,0.191249996423721,"N",37
"1417","EMFWOR_NMUDT1-05A_2016","success","2016-07-18",2016,"EMFWOR","EMFWOR_MUDT1",197,200,8,"N","U",7.5,-0.99026806874157,157,"POTR5",8.33333333333333,0,0,429.9630127,9.0864496,80,13.4350004,0,26.9379997253418,25.530499458313,0,0,"N",43
"1418","EMFWOR_NSWRC3-03A_2019","success","2019-07-19",2019,"EMFWOR","EMFWOR_SWRC3",198,200,10,"F","U",3.2,0.951056516295154,156,"PIPO",8.33333333333333,17.5,0.222222222222222,358.6419983,17.3425007,49,5.4268098,0,22.951000213623,22.1706670125326,0,0,"N",44
"1419","EMMAOR_NCLIFFC1-08A_2017","success","2017-07-19",2017,"EMMAOR","EMMAOR_CLIFFC1",193,200,7,"F","U",3.6,-0.939692620785908,149,"JUOC",0,7.5,0,261.1099854,10.5565004,41,0,0,33.2919998168945,29.664999961853,0,0,"N",51
"1420","EMMAOR_NCLIFFC1-08A_2019","success","2019-07-19",2019,"EMMAOR","EMMAOR_CLIFFC1",193,200,6,"F","U",3.6,-0.939692620785908,153,"JUOC",0,7.5,0,261.1099854,10.5565004,41,0,0,30.0820007324219,26.2306251525879,2.84299993515015,0.443999990820885,"N",47
"1421","EMMAOR_NFLAGC1-05A_2019","success","2019-07-19",2019,"EMMAOR","EMMAOR_FLAGC1",193,200,5,"F","U",3.4,0.987688340595138,150,"JUOC",16.6666666666667,10,0.125,414.7470093,35.1188011,33,0.205339,0,29.5779991149902,25.6297497749329,3.7590000629425,0.559625007212162,"N",50
"1422","EMMAOR_NFLAGC2-03A_2019","success","2019-07-19",2019,"EMMAOR","EMMAOR_FLAGC2",191,200,2,"F","HB",6,-0.139173100960066,156,"PIPO",75,10,0.307692307692308,307.7479858,43.3762016,17,82.0475006,77.3529968,30.3090000152588,26.3128999710083,3.81599998474121,0.471499995794147,"N",44
"1423","EMMAOR_NFLAGC2-06A_2019","success","2019-07-19",2019,"EMMAOR","EMMAOR_FLAGC2",193,200,3,"N","HB",12.3,0.945518575599317,163,"PIPO",50,12.5,0.545454545454545,282.1130066,60.7094994,8,82.3702011,82.7386017,28.5340003967285,26.8346665700277,0,0,"N",37
"1424","EMPAID_NCU05A_2016","success","2016-07-18",2016,"EMPAID","EMPAID_CU",196,200,7,"F","U",2.1,-0.978147600733806,159,"PIPO",0,10,0.4,335.8819885,10.0938997,40,7.4215298,0,27.2339992523193,24.6782001495361,0,0,"N",41
"1425","EMPAID_NCU10A_2018","success","2018-07-19",2018,"EMPAID","243",197,200,5,"N","U",2.5,-0.374606593415912,171,"PIPO",50,2.5,0.875,347.3299866,11.1772003,43,0,0,32.3339996337891,31.8027501106262,0,0,"N",29
"1426","EMPAID_NCW-B04A_2016","success","2016-07-18",2016,"EMPAID","EMPAID_CW-B",195,200,4,"N","H",3,0.207911690817759,165,"PSME",8.33333333333333,50,0.857142857142857,382.4869995,27.2096996,59,48.577301,0,25.0410003662109,20.4154444800483,23.9769992828369,3.30599992142783,"N",35
"1427","EMPAID_NSF05A_2016","success","2016-07-18",2016,"EMPAID","EMPAID_SF",196,200,11,"F","H",1.4,0.866025403784438,158,"PIPO",25,25,0.923076923076923,487.2810059,9.1460505,46,48.9292984,6.3118701,25.136999130249,19.1284999847412,20.7019996643066,5.42549990862608,"N",42
"1428","EMPAID_NWRF-M09A_2018","success","2018-07-19",2018,"EMPAID","EMPAID_WRF-M",197,200,8,"N","HB",4.3,0.642787609686539,161,"PIPO",16.6666666666667,17.5,0.333333333333333,434.8819885,14.8796997,69,25.3446999,21.4374008,33.875,31.797200012207,0,0,"N",39
"1429","EMFWOR_NLFTT2-01A_2017","success","2017-07-20",2017,"EMFWOR","EMFWOR_LFTT2",198,201,3,"F","H",5.6,0.642787609686539,156,"POTR5",58.3333333333333,0,0,318.8009949,8.5064898,45,25.0806999,0,25.1340007781982,24.2840003967285,0,0,"N",45
"1430","EMFWOR_NLILT1-08A_2021","success","2021-07-20",2021,"EMFWOR","EMFWOR_LILT1",195,201,2,"N","H",2.5,-0.325568154457157,163,"POTR5",33.3333333333333,2.5,0.4,360.125,27.6765003,14,60.1055984,0,32.1233978271484,30.328498840332,0,0,"N",38
"1431","EMFWOR_NMUDT1-05A_2016","success","2016-07-19",2016,"EMFWOR","EMFWOR_MUDT1",200,201,9,"F","U",7.5,-0.99026806874157,157,"POTR5",8.33333333333333,0,0,429.9630127,9.0864496,80,13.4350004,0,26.9379997253418,24.141749382019,0,0,"N",44
"1432","EMFWOR_NMUDT1-05A_2021","failure","2021-07-20",2021,"EMFWOR","EMFWOR_MUDT1",195,201,3,"I","H",3.2,0.809016994374947,184,"POTR5",0,0,0,422.5669861,8.8189402,80,59.9883003,0,32.3162994384766,30.5136365890503,0,0,"I",17
"1433","EMMAOR_NELKT2-01A_2021","failure","2021-07-20",2021,"EMMAOR","EMMAOR_ELKT2",193,201,4,"I","H",3,0.241921895599668,NA,"POTR5",33.3333333333333,0,0,577.3800049,10.0077,70,68.0550995,0.257822,32.0998992919922,29.8711325327555,0,0,"I",NA
"1434","EMPAID_NB-U01A_2013","success","2013-07-20",2013,"EMPAID","EMPAID_B-U",198,201,11,"F","U",1.8,-0.754709580222772,156,"PIPO",41.6666666666667,12.5,0.727272727272727,236.1499939,14.8092003,28,0,0,34.4589996337891,32.7642507553101,1.50300002098083,0.375750005245209,"N",45
"1435","EMPAID_NB-U05A_2015","failure","2015-07-20",2015,"EMPAID","EMPAID_B-U",194,201,4,"N","U",3.8,0.615661475325658,168,"PIPO",33.3333333333333,5,0.666666666666667,329.9670105,19.7581005,28,0,0,28.625,24.5172500610352,4.71400022506714,1.04325003921986,"N",33
"1436","EMPAID_NBWC01A_2017","success","2017-07-20",2017,"EMPAID","223",198,201,5,"N","U",3.4,-0.994521895368273,163,"PIPO",25,0,0.2,212.1179962,6.4151602,69,0.410678,0,33.9179992675781,30.0238329569499,0,0,"N",38
"1437","EMPAID_NCW-A01B_2015","success","2015-07-20",2015,"EMPAID","EMPAID_CW-A",197,201,4,"N","U",6.3,0.241921895599667,166,"PIPO",208.333333333333,20,0.636363636363636,212.7319946,17.5820007,18,5.1921401,0,27.9969997406006,25.3718002319336,0,0,"N",35
"1438","EMPAID_NSG09A_2015","success","2015-07-20",2015,"EMPAID","306",197,201,8,"N","HB",4,0.965925826289068,163,"PIPO",33.3333333333333,7.5,0.571428571428571,287.3630066,27.7528,40,37.3717003,66.4639969,26.0410003662109,24.5217499732971,3.39800000190735,1.35924999415874,"N",38
"1439","EMMAOR_NDUGC1-10A_2016","success","2016-07-20",2016,"EMMAOR","EMMAOR_DUGC1",196,202,4,"N","U",1.3,0.529919264233205,163,"JUOC",8.33333333333333,7.5,0.2,383.2600098,24.7199001,45,0.234673,0.296018,27.8950004577637,24.5095716203962,0.44200000166893,0.0761428571173123,"N",39
"1440","EMMAOR_NFLAGC1-06A_2016","success","2016-07-20",2016,"EMMAOR","EMMAOR_FLAGC1",196,202,3,"F","U",1.7,-0.241921895599668,156,"JUOC",25,17.5,0.2,375.6650085,44.4337997,30,0,0,28.2229995727539,24.7860001155308,0.712000012397766,0.189000001975468,"N",46
"1441","EMPAID_NBWC01A_2017","success","2017-07-21",2017,"EMPAID","223",201,202,6,"N","U",3.4,-0.994521895368273,163,"PIPO",25,0,0.2,212.1179962,6.4151602,69,0.410678,0,29.5750007629395,28.2969999313354,0,0,"N",39
"1442","EMPAID_NCW-A01B_2015","success","2015-07-21",2015,"EMPAID","EMPAID_CW-A",201,202,5,"N","U",6.3,0.241921895599667,166,"PIPO",208.333333333333,20,0.636363636363636,212.7319946,17.5820007,18,5.1921401,0,30.5930004119873,29.2950000762939,0,0,"N",36
"1443","EMPAID_NCW-B04A_2016","success","2016-07-20",2016,"EMPAID","EMPAID_CW-B",200,202,5,"N","H",3,0.207911690817759,165,"PSME",8.33333333333333,50,0.857142857142857,382.4869995,27.2096996,59,48.577301,0,27.8560009002686,25.1829999287923,0.488000005483627,0.0813333342472712,"N",37
"1444","EMPAID_NCW-D10A_2016","success","2016-07-20",2016,"EMPAID","EMPAID_CW-D",196,202,4,"F","HB",9.8,-1,160,"PIPO",58.3333333333333,12.5,0.166666666666667,239.7339935,21.2000008,88,24.5820007,13.8301001,25.5270004272461,21.9813334147135,0.474999994039536,0.309666663408279,"N",42
"1445","EMPAID_NLC-R09A_2014","success","2014-07-21",2014,"EMPAID","EMPAID_LC-R",196,202,11,"F","B",1.1,0.629320391049838,157,"PIPO",83.3333333333333,7.5,0.928571428571429,132.6999969,31.5911999,12,0,3.1066,34.8839988708496,31.9091423579625,0.326999992132187,0.0467142845903124,"N",45
"1446","EMPAID_NSG09A_2015","success","2015-07-21",2015,"EMPAID","306",201,202,9,"N","HB",4,0.965925826289068,163,"PIPO",33.3333333333333,7.5,0.571428571428571,287.3630066,27.7528,40,37.3717003,66.4639969,29.4200000762939,26.0493999481201,0,0,"N",39
"1447","EMFWOR_NCAMC1-01A_2015","success","2015-07-22",2015,"EMFWOR","EMFWOR_CAMC1",194,203,5,"F","U",2.3,0.939692620785908,157,"PIPO",33.3333333333333,17.5,0.272727272727273,356.1910095,22.1828995,31,0,0,33.6069984436035,25.8504612262432,8.1879997253418,2.97069226549222,"N",46
"1448","EMFWOR_NCAMC7-06A_2015","success","2015-07-22",2015,"EMFWOR","EMFWOR_CAMC7",195,203,7,"F","U",1.7,-0.981627183447664,152,"POTR5",91.6666666666667,5,0.307692307692308,341.3900146,19.566,42,0,0,22.4549999237061,20.7273333867391,7.23199987411499,3.20833331346512,"N",51
"1449","EMFWOR_NCAMC8-09A_2019","success","2019-07-22",2019,"EMFWOR","EMFWOR_CAMC8",199,203,2,"N","U",4,0.788010753606722,174,"POTR5",25,0,0,243.5619965,20.2094994,31,0,0,29.1110000610352,26.1152000427246,0,0,"N",29
"1450","EMFWOR_NLILT1-07A_2019","success","2019-07-22",2019,"EMFWOR","EMFWOR_LILT1",199,203,5,"N","H",4.2,-0.956304755963035,167,"POTR5",8.33333333333333,7.5,0.75,324.1069946,27.6088009,14,55.5000992,0,26.7670001983643,23.9250003814697,0,0,"N",36
"1451","EMFWOR_NLILT1-07A_2020","success","2020-07-21",2020,"EMFWOR","EMFWOR_LILT1",198,203,5,"N","H",2.6,-0.913545457642601,166,"POTR5",0,5,1,315.2269897,27.4428997,12,63.4496994,0,29.2390003204346,27.7776667277018,0,0,"N",37
"1452","EMFWOR_NLILT1-10A_2016","success","2016-07-21",2016,"EMFWOR","EMFWOR_LILT1",200,203,6,"N","U",3.9,0.422618261740699,163,"PIPO",25,45,0.772727272727273,354.2510071,15.8219004,41,11.9390001,0,26.8500003814697,23.8628002166748,0,0,"N",40
"1453","EMFWOR_NMUDT1-05A_2020","success","2020-07-21",2020,"EMFWOR","EMFWOR_MUDT1",198,203,9,"N","H",3.2,0.809016994374947,165,"POTR5",0,0,0,422.5669861,8.8189402,80,56.9375,0,26.367000579834,25.356499671936,0,0,"N",38
"1454","EMFWOR_NSWRC3-04A_2020","success","2020-07-21",2020,"EMFWOR","64",198,203,8,"F","U",2.2,0.669130606358858,157,"POTR5",175,12.5,0.0769230769230769,379.5469971,13.5320997,30,0,0,30.326000213623,28.7958335876465,0,0,"N",46
"1455","EMMAOR_NDUGC1-10A_2016","success","2016-07-21",2016,"EMMAOR","EMMAOR_DUGC1",202,203,5,"N","U",1.3,0.529919264233205,163,"JUOC",8.33333333333333,7.5,0.2,383.2600098,24.7199001,45,0.234673,0.296018,26.1620006561279,25.1450004577637,0,0,"N",40
"1456","EMPAID_NBR04A_2013","success","2013-07-22",2013,"EMPAID","EMPAID_BR",199,203,10,"N","U",1.2,-0.309016994374947,163,"PIPO",33.3333333333333,12.5,0.777777777777778,178.3480072,25.0660992,45,0,0,34.4339981079102,32.8889991760254,0,0,"N",40
"1457","EMPAID_NSF08A_2013","success","2013-07-22",2013,"EMPAID","EMPAID_SF",198,203,11,"N","U",1.8,-0.156434465040231,163,"PIPO",8.33333333333333,12.5,0.857142857142857,307.8590088,7.9717202,28,23.3792992,0,35.193000793457,33.8160006205241,0,0,"N",40
"1458","EMPAID_NSG09A_2015","success","2015-07-22",2015,"EMPAID","306",202,203,10,"N","HB",4,0.965925826289068,163,"PIPO",33.3333333333333,7.5,0.571428571428571,287.3630066,27.7528,40,37.3717003,66.4639969,30.1000003814697,29.7600002288818,0,0,"N",40
"1459","EMPAID_NWRF-M08A_2019","success","2019-07-22",2019,"EMPAID","EMPAID_WRF-M",199,203,7,"F","HB",7.4,0.965925826289068,156,"PIPO",25,2.5,0.5,393.7650146,10.8755999,61,22.8806,21.9881001,31.8889999389648,26.8318000793457,0,0,"N",47
"1460","EMFWOR_NLFTT2-01B_2018","success","2018-07-23",2018,"EMFWOR","EMFWOR_LFTT2",200,204,9,"F","H",7.4,0.669130606358858,157,"POTR5",41.6666666666667,5,0.333333333333333,320.1499939,8.5949898,43,30.6247997,0,28.4169998168945,28.2814998626709,0,0,"N",47
"1461","EMFWOR_NLILT1-08A_2021","success","2021-07-23",2021,"EMFWOR","EMFWOR_LILT1",201,204,3,"N","H",2.5,-0.325568154457157,163,"POTR5",33.3333333333333,2.5,0.4,360.125,27.6765003,14,60.1055984,0,29.8782997131348,28.1124139513288,0,0,"N",41
"1462","EMFWOR_NMUDT1-05A_2021","failure","2021-07-23",2021,"EMFWOR","EMFWOR_MUDT1",201,204,4,"I","H",3.2,0.809016994374947,184,"POTR5",0,0,0,422.5669861,8.8189402,80,59.9883003,0,30.0730991363525,28.2507563999721,0,0,"I",20
"1463","EMFWOR_NSWRC3-03B_2018","success","2018-07-23",2018,"EMFWOR","EMFWOR_SWRC3",197,204,4,"N","U",6.7,-0.829037572555042,165,"PIPO",25,12.5,0.7,387.4509888,17.0130005,49,4.6054602,0,28.6669998168945,26.4560000896454,7.18200016021729,1.12875002622604,"N",39
"1464","EMPAID_N1WS05A_2013","success","2013-07-23",2013,"EMPAID","EMPAID_1WS",198,204,8,"N","B",2.5,-0.838670567945424,178,"PIPO",116.666666666667,15,0.4,219.7619934,10.7425003,28,15.4590998,39.803299,34.2360000610352,34.0475006103516,0,0,"N",26
"1465","EMPAID_NCW-A01B_2015","success","2015-07-23",2015,"EMPAID","EMPAID_CW-A",202,204,6,"N","U",6.3,0.241921895599667,166,"PIPO",208.333333333333,20,0.636363636363636,212.7319946,17.5820007,18,5.1921401,0,30.5930004119873,28.7786668141683,0.0109999999403954,0.00366666664679845,"N",38
"1466","EMPAID_NWRF-M09A_2018","success","2018-07-23",2018,"EMPAID","EMPAID_WRF-M",200,204,9,"F","HB",4.3,0.642787609686539,161,"PIPO",16.6666666666667,17.5,0.333333333333333,434.8819885,14.8796997,69,25.3446999,21.4374008,33.076000213623,32.7377500534058,0,0,"N",43
"1467","EMPAID_NBR04A_2013","success","2013-07-24",2013,"EMPAID","EMPAID_BR",203,205,11,"F","U",1.2,-0.309016994374947,163,"PIPO",33.3333333333333,12.5,0.777777777777778,178.3480072,25.0660992,45,0,0,34.8429985046387,33.4253323872884,0,0,"N",42
"1468","EMPAID_NBWC01A_2017","success","2017-07-24",2017,"EMPAID","223",202,205,7,"F","U",3.4,-0.994521895368273,163,"PIPO",25,0,0.2,212.1179962,6.4151602,69,0.410678,0,29.5750007629395,28.2845001220703,0,0,"N",42
"1469","EMPAID_NCU10A_2018","success","2018-07-24",2018,"EMPAID","243",200,205,6,"N","U",2.5,-0.374606593415912,171,"PIPO",50,2.5,0.875,347.3299866,11.1772003,43,0,0,30.9969997406006,29.8229999542236,0,0,"N",34
"1470","EMPAID_NCW-A01B_2015","success","2015-07-24",2015,"EMPAID","EMPAID_CW-A",204,205,7,"N","U",6.3,0.241921895599667,166,"PIPO",208.333333333333,20,0.636363636363636,212.7319946,17.5820007,18,5.1921401,0,26.0799999237061,25.8765001296997,0,0,"N",39
"1471","EMPAID_NSG09A_2015","success","2015-07-24",2015,"EMPAID","306",203,205,11,"F","HB",4,0.965925826289068,163,"PIPO",33.3333333333333,7.5,0.571428571428571,287.3630066,27.7528,40,37.3717003,66.4639969,30.1000003814697,29.6920003890991,0,0,"N",42
"1472","EMFWOR_NCAMC8-09A_2019","success","2019-07-25",2019,"EMFWOR","EMFWOR_CAMC8",203,206,3,"N","U",4,0.788010753606722,174,"POTR5",25,0,0,243.5619965,20.2094994,31,0,0,29.1110000610352,28.1687498092651,0,0,"N",32
"1473","EMFWOR_NLILT1-07A_2019","success","2019-07-25",2019,"EMFWOR","EMFWOR_LILT1",203,206,6,"N","H",4.2,-0.956304755963035,167,"POTR5",8.33333333333333,7.5,0.75,324.1069946,27.6088009,14,55.5000992,0,26.7670001983643,25.8480000495911,0,0,"N",39
"1474","EMFWOR_NLILT1-07A_2020","success","2020-07-24",2020,"EMFWOR","EMFWOR_LILT1",203,206,6,"N","H",2.6,-0.913545457642601,166,"POTR5",0,5,1,315.2269897,27.4428997,12,63.4496994,0,29.2390003204346,27.0865001678467,0.0540000014007092,0.0135000003501773,"N",40
"1475","EMFWOR_NMUDT1-05A_2020","success","2020-07-24",2020,"EMFWOR","EMFWOR_MUDT1",203,206,10,"N","H",3.2,0.809016994374947,165,"POTR5",0,0,0,422.5669861,8.8189402,80,56.9375,0,30.0590000152588,28.4545001983643,0,0,"N",41
"1476","EMPAID_NSF08A_2013","success","2013-07-25",2013,"EMPAID","EMPAID_SF",203,206,12,"F","U",1.8,-0.156434465040231,163,"PIPO",8.33333333333333,12.5,0.857142857142857,307.8590088,7.9717202,28,23.3792992,0,35.7550010681152,34.4191665649414,0,0,"N",43
"1477","EMFWOR_NLILT1-08A_2021","success","2021-07-26",2021,"EMFWOR","EMFWOR_LILT1",204,207,4,"F","H",2.5,-0.325568154457157,163,"POTR5",33.3333333333333,2.5,0.4,360.125,27.6765003,14,60.1055984,0,27.6427001953125,26.9581246376038,0,0,"N",44
"1478","EMFWOR_NLILT1-10A_2016","success","2016-07-25",2016,"EMFWOR","EMFWOR_LILT1",203,207,7,"F","U",3.9,0.422618261740699,163,"PIPO",25,45,0.772727272727273,354.2510071,15.8219004,41,11.9390001,0,22.9120006561279,21.3440003395081,0,0,"N",44
"1479","EMFWOR_NSWRC3-03B_2018","success","2018-07-26",2018,"EMFWOR","EMFWOR_SWRC3",204,207,5,"N","U",6.7,-0.829037572555042,165,"PIPO",25,12.5,0.7,387.4509888,17.0130005,49,4.6054602,0,28.0109996795654,26.7227504253387,7.18200016021729,1.01775001734495,"N",42
"1480","EMMAOR_NDUGC1-10A_2016","success","2016-07-25",2016,"EMMAOR","EMMAOR_DUGC1",203,207,6,"F","U",1.3,0.529919264233205,163,"JUOC",8.33333333333333,7.5,0.2,383.2600098,24.7199001,45,0.234673,0.296018,29.8379993438721,26.9076000213623,0,0,"N",44
"1481","EMPAID_NCU10A_2018","success","2018-07-26",2018,"EMPAID","243",205,207,7,"N","U",2.5,-0.374606593415912,171,"PIPO",50,2.5,0.875,347.3299866,11.1772003,43,0,0,34.201000213623,32.8550001780192,0,0,"N",36
"1482","EMPAID_NCW-B04A_2016","success","2016-07-25",2016,"EMPAID","EMPAID_CW-B",202,207,6,"N","H",3,0.207911690817759,165,"PSME",8.33333333333333,50,0.857142857142857,382.4869995,27.2096996,59,48.577301,0,28.0179996490479,27.6909999847412,0,0,"N",42
"1483","EMPAID_NCW-A01B_2015","success","2015-07-27",2015,"EMPAID","EMPAID_CW-A",205,208,8,"F","U",6.3,0.241921895599667,166,"PIPO",208.333333333333,20,0.636363636363636,212.7319946,17.5820007,18,5.1921401,0,27.4570007324219,25.683750629425,0,0,"N",42
"1484","EMFWOR_NLILT1-07A_2020","success","2020-07-27",2020,"EMFWOR","EMFWOR_LILT1",206,209,7,"F","H",2.6,-0.913545457642601,166,"POTR5",0,5,1,315.2269897,27.4428997,12,63.4496994,0,29.6639995574951,25.9352502822876,0,0,"N",43
"1485","EMFWOR_NMUDT1-05A_2020","success","2020-07-27",2020,"EMFWOR","EMFWOR_MUDT1",206,209,11,"F","H",3.2,0.809016994374947,165,"POTR5",0,0,0,422.5669861,8.8189402,80,56.9375,0,30.0590000152588,27.7749996185303,0,0,"N",44
"1486","EMPAID_NCW-B04A_2016","success","2016-07-27",2016,"EMPAID","EMPAID_CW-B",207,209,7,"F","H",3,0.207911690817759,165,"PSME",8.33333333333333,50,0.857142857142857,382.4869995,27.2096996,59,48.577301,0,31.6429996490479,27.956166267395,1.15499997138977,0.192499995231628,"N",44
"1487","EMFWOR_NCAMC8-09A_2019","success","2019-07-29",2019,"EMFWOR","EMFWOR_CAMC8",206,210,4,"N","U",4,0.788010753606722,174,"POTR5",25,0,0,243.5619965,20.2094994,31,0,0,29.6240005493164,28.5792003631592,0,0,"N",36
"1488","EMFWOR_NLILT1-07A_2019","success","2019-07-29",2019,"EMFWOR","EMFWOR_LILT1",206,210,7,"F","H",4.2,-0.956304755963035,167,"POTR5",8.33333333333333,7.5,0.75,324.1069946,27.6088009,14,55.5000992,0,27.5279998779297,26.3658000946045,0,0,"N",43
"1489","EMPAID_N1WS05A_2013","success","2013-07-29",2013,"EMPAID","EMPAID_1WS",204,210,9,"N","B",2.5,-0.838670567945424,178,"PIPO",116.666666666667,15,0.4,219.7619934,10.7425003,28,15.4590998,39.803299,35.3499984741211,33.672000340053,0,0,"N",32
"1490","EMFWOR_NSWRC3-03B_2018","success","2018-07-30",2018,"EMFWOR","EMFWOR_SWRC3",207,211,6,"F","U",6.7,-0.829037572555042,165,"PIPO",25,12.5,0.7,387.4509888,17.0130005,49,4.6054602,0,28.9899997711182,28.0060000419617,0.924000024795532,0.231000006198883,"N",46
"1491","EMPAID_NCU10A_2018","success","2018-07-30",2018,"EMPAID","243",207,211,8,"F","U",2.5,-0.374606593415912,171,"PIPO",50,2.5,0.875,347.3299866,11.1772003,43,0,0,33.367000579834,31.9861999511719,0,0,"N",40
"1492","EMPAID_NCW-D09A_2013","success","2013-07-30",2013,"EMPAID","EMPAID_CW-D",206,211,1,"N","U",1.6,0.156434465040231,179,"PIPO",133.333333333333,2.5,1,314.3250122,11.8965998,62,0,0,35.568000793457,32.8509998321533,0,0,"N",32
"1493","EMMAOR_NFLAGC2-06A_2019","success","2019-07-31",2019,"EMMAOR","EMMAOR_FLAGC2",200,212,4,"F","HB",12.3,0.945518575599317,163,"PIPO",50,12.5,0.545454545454545,282.1130066,60.7094994,8,82.3702011,82.7386017,30.3090000152588,26.3948750495911,3.81599998474121,0.589374994742684,"N",49
"1494","EMFWOR_NCAMC8-09A_2019","success","2019-08-01",2019,"EMFWOR","EMFWOR_CAMC8",210,213,5,"N","U",4,0.788010753606722,174,"POTR5",25,0,0,243.5619965,20.2094994,31,0,0,29.6240005493164,28.0762495994568,0,0,"N",39
"1495","EMPAID_N1WS05A_2013","success","2013-08-01",2013,"EMPAID","EMPAID_1WS",210,213,10,"N","B",2.5,-0.838670567945424,178,"PIPO",116.666666666667,15,0.4,219.7619934,10.7425003,28,15.4590998,39.803299,34.9669990539551,33.3727147238595,0,0,"N",35
"1496","EMPAID_NCW-D09A_2013","success","2013-08-01",2013,"EMPAID","EMPAID_CW-D",211,213,2,"N","U",1.6,0.156434465040231,179,"PIPO",133.333333333333,2.5,1,314.3250122,11.8965998,62,0,0,32.5139999389648,30.8426666259766,0,0,"N",34
"1497","EMFWOR_NCAMC8-09A_2019","success","2019-08-05",2019,"EMFWOR","EMFWOR_CAMC8",213,217,6,"F","U",4,0.788010753606722,174,"POTR5",25,0,0,243.5619965,20.2094994,31,0,0,29.1539993286133,28.0437995910645,0,0,"N",43
"1498","EMPAID_N1WS05A_2013","success","2013-08-05",2013,"EMPAID","EMPAID_1WS",213,217,11,"N","B",2.5,-0.838670567945424,178,"PIPO",116.666666666667,15,0.4,219.7619934,10.7425003,28,15.4590998,39.803299,31.2709999084473,30.2502498626709,0,0,"N",39
"1499","EMPAID_NCW-D09A_2013","success","2013-08-05",2013,"EMPAID","EMPAID_CW-D",213,217,3,"N","U",1.6,0.156434465040231,179,"PIPO",133.333333333333,2.5,1,314.3250122,11.8965998,62,0,0,32.5139999389648,29.0596000671387,1.90100002288818,0.380200004577637,"N",38
"1500","EMPAID_N1WS05A_2013","success","2013-08-08",2013,"EMPAID","EMPAID_1WS",217,220,12,"F","B",2.5,-0.838670567945424,178,"PIPO",116.666666666667,15,0.4,219.7619934,10.7425003,28,15.4590998,39.803299,31.1760005950928,28.0141998291016,2.48300004005432,0.496600008010864,"N",42
"1501","EMPAID_NCW-D09A_2013","success","2013-08-08",2013,"EMPAID","EMPAID_CW-D",217,220,4,"F","U",1.6,0.156434465040231,179,"PIPO",133.333333333333,2.5,1,314.3250122,11.8965998,62,0,0,33.9000015258789,32.6844997406006,0,0,"N",41
