"","Nest_ID","Visit_date","No_eggs","No_young","Stage","Year_located","Project_ID","Transect_ID","Transect_ID2","Trt_cat","Fate","UTM_datum_zone","UTM_N","UTM_E","Nest_Ht","Tree_sp","Orientation","cosOrientation","Initiation_date","Init_day","NoFL_uncert","NoFL_cert","Trees_2550","Trees_50","pPIPO","Fate_cat","Peeped","Julian_end","Julian_start","a1000_areamn2","a1000_areaam2","a1000_areacv2","a1000_contag","a1000_pland2","a1000_pland1","a1000_lpi","a1000_lpi1","a1000_lpi2","a1000_np","a1000_np1","a1000_np2","a1000_proxmn2","a1000_Ha","a1000_RxBu","a1000_WFBu","a1000_PBu"
"1","EMFWOR_NCAMC1-01A_2015","2015-06-18",3,0,"I",2015,"EMFWOR","EMFWOR_CAMC1","EMFWOR_CAMC1","U",1,"NAD83 10N",4674241.706,736223.852,2.3,"PIPO",20,0.939692620785908,2015-06-06,157,2,NA,33.3333333333333,17.5,0.272727272727273,"success",1,"169",NA,4.46,61.0449982,356.1910095,22.1828995,26.1660004,47.6679001,36.5209999,36.5209999,22.7632999,49,31,18,91.7546997,0,0,0,0
"2","EMFWOR_NCAMC1-01A_2015","2015-06-22",999,999,"I",2015,"EMFWOR","EMFWOR_CAMC1","EMFWOR_CAMC1","U",1,"NAD83 10N",4674241.706,736223.852,2.3,"PIPO",20,0.939692620785908,2015-06-06,157,2,NA,33.3333333333333,17.5,0.272727272727273,"success",0,"173","169",4.46,61.0449982,356.1910095,22.1828995,26.1660004,47.6679001,36.5209999,36.5209999,22.7632999,49,31,18,91.7546997,0,0,0,0
"3","EMFWOR_NCAMC1-01A_2015","2015-06-23",0,2,"N",2015,"EMFWOR","EMFWOR_CAMC1","EMFWOR_CAMC1","U",1,"NAD83 10N",4674241.706,736223.852,2.3,"PIPO",20,0.939692620785908,2015-06-06,157,2,NA,33.3333333333333,17.5,0.272727272727273,"success",1,"174","173",4.46,61.0449982,356.1910095,22.1828995,26.1660004,47.6679001,36.5209999,36.5209999,22.7632999,49,31,18,91.7546997,0,0,0,0
"4","EMFWOR_NCAMC1-01A_2015","2015-07-01",0,2,"N",2015,"EMFWOR","EMFWOR_CAMC1","EMFWOR_CAMC1","U",1,"NAD83 10N",4674241.706,736223.852,2.3,"PIPO",20,0.939692620785908,2015-06-06,157,2,NA,33.3333333333333,17.5,0.272727272727273,"success",1,"182","174",4.46,61.0449982,356.1910095,22.1828995,26.1660004,47.6679001,36.5209999,36.5209999,22.7632999,49,31,18,91.7546997,0,0,0,0
"5","EMFWOR_NCAMC1-01A_2015","2015-07-13",0,2,"N",2015,"EMFWOR","EMFWOR_CAMC1","EMFWOR_CAMC1","U",1,"NAD83 10N",4674241.706,736223.852,2.3,"PIPO",20,0.939692620785908,2015-06-06,157,2,NA,33.3333333333333,17.5,0.272727272727273,"success",1,"194","182",4.46,61.0449982,356.1910095,22.1828995,26.1660004,47.6679001,36.5209999,36.5209999,22.7632999,49,31,18,91.7546997,0,0,0,0
"6","EMFWOR_NCAMC1-01A_2015","2015-07-22",0,0,"F",2015,"EMFWOR","EMFWOR_CAMC1","EMFWOR_CAMC1","U",1,"NAD83 10N",4674241.706,736223.852,2.3,"PIPO",20,0.939692620785908,2015-06-06,157,2,NA,33.3333333333333,17.5,0.272727272727273,"success",1,"203","194",4.46,61.0449982,356.1910095,22.1828995,26.1660004,47.6679001,36.5209999,36.5209999,22.7632999,49,31,18,91.7546997,0,0,0,0
"7","EMFWOR_NCAMC1-01A_2017","2017-06-24",0,2,"N",2017,"EMFWOR","EMFWOR_CAMC1","EMFWOR_CAMC1","U",1,"NAD83 10N",4674165.093,736049.868,4.5,"PIPO",140,-0.766044443118978,2017-05-23,143,2,NA,50,15,0.769230769230769,"success",1,"175",NA,5.1670599,57.4421005,318.071991,21.2150993,28.6301003,49.4866982,41.5663986,41.5663986,22.9685993,38,21,17,90.2464981,0,0,0,0
"8","EMFWOR_NCAMC1-01A_2017","2017-06-27",0,2,"N",2017,"EMFWOR","EMFWOR_CAMC1","EMFWOR_CAMC1","U",1,"NAD83 10N",4674165.093,736049.868,4.5,"PIPO",140,-0.766044443118978,2017-05-23,143,2,NA,50,15,0.769230769230769,"success",1,"178","175",5.1670599,57.4421005,318.071991,21.2150993,28.6301003,49.4866982,41.5663986,41.5663986,22.9685993,38,21,17,90.2464981,0,0,0,0
"9","EMFWOR_NCAMC1-01A_2017","2017-06-29",0,2,"N",2017,"EMFWOR","EMFWOR_CAMC1","EMFWOR_CAMC1","U",1,"NAD83 10N",4674165.093,736049.868,4.5,"PIPO",140,-0.766044443118978,2017-05-23,143,2,NA,50,15,0.769230769230769,"success",1,"180","178",5.1670599,57.4421005,318.071991,21.2150993,28.6301003,49.4866982,41.5663986,41.5663986,22.9685993,38,21,17,90.2464981,0,0,0,0
"10","EMFWOR_NCAMC1-01A_2017","2017-07-07",0,0,"F",2017,"EMFWOR","EMFWOR_CAMC1","EMFWOR_CAMC1","U",1,"NAD83 10N",4674165.093,736049.868,4.5,"PIPO",140,-0.766044443118978,2017-05-23,143,2,NA,50,15,0.769230769230769,"success",1,"188","180",5.1670599,57.4421005,318.071991,21.2150993,28.6301003,49.4866982,41.5663986,41.5663986,22.9685993,38,21,17,90.2464981,0,0,0,0
"11","EMFWOR_NCAMC1-02A_2018","2018-06-28",3,2,"N",2018,"EMFWOR","EMFWOR_CAMC1","EMFWOR_CAMC1","U",1,"NAD83 10N",4674500.782,735854.022,5.2,"PIPO",300,0.5,2018-05-28,148,2,1,191.666666666667,17.5,0.5,"success",1,"179",NA,8.9935703,114.0319977,341.7489929,19.5303001,41.0383987,41.3903999,39.0437012,30.1555004,39.0437012,44,30,14,185.2279968,0,0,0,0
"12","EMFWOR_NCAMC1-02A_2018","2018-07-02",1,2,"N",2018,"EMFWOR","EMFWOR_CAMC1","EMFWOR_CAMC1","U",1,"NAD83 10N",4674500.782,735854.022,5.2,"PIPO",300,0.5,2018-05-28,148,2,1,191.666666666667,17.5,0.5,"success",1,"183","179",8.9935703,114.0319977,341.7489929,19.5303001,41.0383987,41.3903999,39.0437012,30.1555004,39.0437012,44,30,14,185.2279968,0,0,0,0
"13","EMFWOR_NCAMC1-02A_2018","2018-07-05",0,2,"N",2018,"EMFWOR","EMFWOR_CAMC1","EMFWOR_CAMC1","U",1,"NAD83 10N",4674500.782,735854.022,5.2,"PIPO",300,0.5,2018-05-28,148,2,1,191.666666666667,17.5,0.5,"success",1,"186","183",8.9935703,114.0319977,341.7489929,19.5303001,41.0383987,41.3903999,39.0437012,30.1555004,39.0437012,44,30,14,185.2279968,0,0,0,0
"14","EMFWOR_NCAMC1-02A_2018","2018-07-09",999,999,"N",2018,"EMFWOR","EMFWOR_CAMC1","EMFWOR_CAMC1","U",1,"NAD83 10N",4674500.782,735854.022,5.2,"PIPO",300,0.5,2018-05-28,148,2,1,191.666666666667,17.5,0.5,"success",0,"190","186",8.9935703,114.0319977,341.7489929,19.5303001,41.0383987,41.3903999,39.0437012,30.1555004,39.0437012,44,30,14,185.2279968,0,0,0,0
"15","EMFWOR_NCAMC1-02A_2018","2018-07-10",999,999,"N",2018,"EMFWOR","EMFWOR_CAMC1","EMFWOR_CAMC1","U",1,"NAD83 10N",4674500.782,735854.022,5.2,"PIPO",300,0.5,2018-05-28,148,2,1,191.666666666667,17.5,0.5,"success",0,"191","190",8.9935703,114.0319977,341.7489929,19.5303001,41.0383987,41.3903999,39.0437012,30.1555004,39.0437012,44,30,14,185.2279968,0,0,0,0
"16","EMFWOR_NCAMC1-02A_2018","2018-07-11",0,0,"F",2018,"EMFWOR","EMFWOR_CAMC1","EMFWOR_CAMC1","U",1,"NAD83 10N",4674500.782,735854.022,5.2,"PIPO",300,0.5,2018-05-28,148,2,1,191.666666666667,17.5,0.5,"success",1,"192","191",8.9935703,114.0319977,341.7489929,19.5303001,41.0383987,41.3903999,39.0437012,30.1555004,39.0437012,44,30,14,185.2279968,0,0,0,0
"17","EMFWOR_NCAMC1-02A_2019","2019-06-13",1,0,"L",2019,"EMFWOR","EMFWOR_CAMC1","EMFWOR_CAMC1","U",9,"NAD83 10N",4674500.782,735854.022,4.6,"PIPO",218,-0.788010753606722,2019-06-12,163,0,0,191.666666666667,17.5,0.5,"failure",1,"164",NA,8.9935703,114.0319977,341.7489929,19.5303001,41.0383987,41.3903999,39.0437012,30.1555004,39.0437012,44,30,14,185.2279968,0,0,0,0
"18","EMFWOR_NCAMC1-02A_2019","2019-06-17",6,0,"L",2019,"EMFWOR","EMFWOR_CAMC1","EMFWOR_CAMC1","U",9,"NAD83 10N",4674500.782,735854.022,4.6,"PIPO",218,-0.788010753606722,2019-06-12,163,0,0,191.666666666667,17.5,0.5,"failure",1,"168","164",8.9935703,114.0319977,341.7489929,19.5303001,41.0383987,41.3903999,39.0437012,30.1555004,39.0437012,44,30,14,185.2279968,0,0,0,0
"19","EMFWOR_NCAMC1-02A_2019","2019-06-20",999,999,"I",2019,"EMFWOR","EMFWOR_CAMC1","EMFWOR_CAMC1","U",9,"NAD83 10N",4674500.782,735854.022,4.6,"PIPO",218,-0.788010753606722,2019-06-12,163,0,0,191.666666666667,17.5,0.5,"failure",1,"171","168",8.9935703,114.0319977,341.7489929,19.5303001,41.0383987,41.3903999,39.0437012,30.1555004,39.0437012,44,30,14,185.2279968,0,0,0,0
"20","EMFWOR_NCAMC1-02A_2019","2019-06-24",6,0,"I",2019,"EMFWOR","EMFWOR_CAMC1","EMFWOR_CAMC1","U",9,"NAD83 10N",4674500.782,735854.022,4.6,"PIPO",218,-0.788010753606722,2019-06-12,163,0,0,191.666666666667,17.5,0.5,"failure",1,"175","171",8.9935703,114.0319977,341.7489929,19.5303001,41.0383987,41.3903999,39.0437012,30.1555004,39.0437012,44,30,14,185.2279968,0,0,0,0
"21","EMFWOR_NCAMC1-02A_2019","2019-06-27",4,1,"N",2019,"EMFWOR","EMFWOR_CAMC1","EMFWOR_CAMC1","U",9,"NAD83 10N",4674500.782,735854.022,4.6,"PIPO",218,-0.788010753606722,2019-06-12,163,0,0,191.666666666667,17.5,0.5,"failure",1,"178","175",8.9935703,114.0319977,341.7489929,19.5303001,41.0383987,41.3903999,39.0437012,30.1555004,39.0437012,44,30,14,185.2279968,0,0,0,0
"22","EMFWOR_NCAMC1-02A_2019","2019-07-01",2,0,"N",2019,"EMFWOR","EMFWOR_CAMC1","EMFWOR_CAMC1","U",9,"NAD83 10N",4674500.782,735854.022,4.6,"PIPO",218,-0.788010753606722,2019-06-12,163,0,0,191.666666666667,17.5,0.5,"failure",1,"182","178",8.9935703,114.0319977,341.7489929,19.5303001,41.0383987,41.3903999,39.0437012,30.1555004,39.0437012,44,30,14,185.2279968,0,0,0,0
"23","EMFWOR_NCAMC2-10A_2018","2018-06-05",4,0,"I",2018,"EMFWOR","EMFWOR_CAMC2","EMFWOR_CAMC2","U",1,"NAD83 10N",4673375.115,734033.352,3.9,"PIPO",82,0.139173100960065,2018-05-23,143,2,NA,91.6666666666667,7.5,0.733333333333333,"success",1,"156",NA,7.2821698,153.2559967,447.7210083,14.8600998,54.5908012,32.4141998,52.2146988,15.9870996,52.2146988,83,60,23,339.0390015,0,0,0,0
"24","EMFWOR_NCAMC2-10A_2018","2018-06-07",4,0,"I",2018,"EMFWOR","EMFWOR_CAMC2","EMFWOR_CAMC2","U",1,"NAD83 10N",4673375.115,734033.352,3.9,"PIPO",82,0.139173100960065,2018-05-23,143,2,NA,91.6666666666667,7.5,0.733333333333333,"success",1,"158","156",7.2821698,153.2559967,447.7210083,14.8600998,54.5908012,32.4141998,52.2146988,15.9870996,52.2146988,83,60,23,339.0390015,0,0,0,0
"25","EMFWOR_NCAMC2-10A_2018","2018-06-11",1,3,"N",2018,"EMFWOR","EMFWOR_CAMC2","EMFWOR_CAMC2","U",1,"NAD83 10N",4673375.115,734033.352,3.9,"PIPO",82,0.139173100960065,2018-05-23,143,2,NA,91.6666666666667,7.5,0.733333333333333,"success",1,"162","158",7.2821698,153.2559967,447.7210083,14.8600998,54.5908012,32.4141998,52.2146988,15.9870996,52.2146988,83,60,23,339.0390015,0,0,0,0
"26","EMFWOR_NCAMC2-10A_2018","2018-06-18",0,2,"N",2018,"EMFWOR","EMFWOR_CAMC2","EMFWOR_CAMC2","U",1,"NAD83 10N",4673375.115,734033.352,3.9,"PIPO",82,0.139173100960065,2018-05-23,143,2,NA,91.6666666666667,7.5,0.733333333333333,"success",1,"169","162",7.2821698,153.2559967,447.7210083,14.8600998,54.5908012,32.4141998,52.2146988,15.9870996,52.2146988,83,60,23,339.0390015,0,0,0,0
"27","EMFWOR_NCAMC2-10A_2018","2018-06-25",0,2,"N",2018,"EMFWOR","EMFWOR_CAMC2","EMFWOR_CAMC2","U",1,"NAD83 10N",4673375.115,734033.352,3.9,"PIPO",82,0.139173100960065,2018-05-23,143,2,NA,91.6666666666667,7.5,0.733333333333333,"success",1,"176","169",7.2821698,153.2559967,447.7210083,14.8600998,54.5908012,32.4141998,52.2146988,15.9870996,52.2146988,83,60,23,339.0390015,0,0,0,0
"28","EMFWOR_NCAMC2-10A_2018","2018-07-02",0,2,"N",2018,"EMFWOR","EMFWOR_CAMC2","EMFWOR_CAMC2","U",1,"NAD83 10N",4673375.115,734033.352,3.9,"PIPO",82,0.139173100960065,2018-05-23,143,2,NA,91.6666666666667,7.5,0.733333333333333,"success",1,"183","176",7.2821698,153.2559967,447.7210083,14.8600998,54.5908012,32.4141998,52.2146988,15.9870996,52.2146988,83,60,23,339.0390015,0,0,0,0
"29","EMFWOR_NCAMC2-10A_2018","2018-07-05",0,0,"F",2018,"EMFWOR","EMFWOR_CAMC2","EMFWOR_CAMC2","U",1,"NAD83 10N",4673375.115,734033.352,3.9,"PIPO",82,0.139173100960065,2018-05-23,143,2,NA,91.6666666666667,7.5,0.733333333333333,"success",1,"186","183",7.2821698,153.2559967,447.7210083,14.8600998,54.5908012,32.4141998,52.2146988,15.9870996,52.2146988,83,60,23,339.0390015,0,0,0,0
"30","EMFWOR_NCAMC2-10A_2019","2019-06-10",3,0,"I",2019,"EMFWOR","EMFWOR_CAMC2","EMFWOR_CAMC2","U",9,"NAD83 10N",4673375.115,734033.352,3.9,"PIPO",82,0.139173100960065,2019-06-03,154,0,0,91.6666666666667,7.5,0.733333333333333,"failure",1,"161",NA,7.2821698,153.2559967,447.7210083,14.8600998,54.5908012,32.4141998,52.2146988,15.9870996,52.2146988,83,60,23,339.0390015,0,0,0,0
"31","EMFWOR_NCAMC2-10A_2019","2019-06-13",3,0,"I",2019,"EMFWOR","EMFWOR_CAMC2","EMFWOR_CAMC2","U",9,"NAD83 10N",4673375.115,734033.352,3.9,"PIPO",82,0.139173100960065,2019-06-03,154,0,0,91.6666666666667,7.5,0.733333333333333,"failure",1,"164","161",7.2821698,153.2559967,447.7210083,14.8600998,54.5908012,32.4141998,52.2146988,15.9870996,52.2146988,83,60,23,339.0390015,0,0,0,0
"32","EMFWOR_NCAMC2-10A_2019","2019-06-17",3,0,"I",2019,"EMFWOR","EMFWOR_CAMC2","EMFWOR_CAMC2","U",9,"NAD83 10N",4673375.115,734033.352,3.9,"PIPO",82,0.139173100960065,2019-06-03,154,0,0,91.6666666666667,7.5,0.733333333333333,"failure",1,"168","164",7.2821698,153.2559967,447.7210083,14.8600998,54.5908012,32.4141998,52.2146988,15.9870996,52.2146988,83,60,23,339.0390015,0,0,0,0
"33","EMFWOR_NCAMC2-10A_2019","2019-06-20",1,2,"N",2019,"EMFWOR","EMFWOR_CAMC2","EMFWOR_CAMC2","U",9,"NAD83 10N",4673375.115,734033.352,3.9,"PIPO",82,0.139173100960065,2019-06-03,154,0,0,91.6666666666667,7.5,0.733333333333333,"failure",1,"171","168",7.2821698,153.2559967,447.7210083,14.8600998,54.5908012,32.4141998,52.2146988,15.9870996,52.2146988,83,60,23,339.0390015,0,0,0,0
"34","EMFWOR_NCAMC2-10A_2019","2019-06-24",0,2,"N",2019,"EMFWOR","EMFWOR_CAMC2","EMFWOR_CAMC2","U",9,"NAD83 10N",4673375.115,734033.352,3.9,"PIPO",82,0.139173100960065,2019-06-03,154,0,0,91.6666666666667,7.5,0.733333333333333,"failure",1,"175","171",7.2821698,153.2559967,447.7210083,14.8600998,54.5908012,32.4141998,52.2146988,15.9870996,52.2146988,83,60,23,339.0390015,0,0,0,0
"35","EMFWOR_NCAMC2-10A_2019","2019-06-27",0,2,"N",2019,"EMFWOR","EMFWOR_CAMC2","EMFWOR_CAMC2","U",9,"NAD83 10N",4673375.115,734033.352,3.9,"PIPO",82,0.139173100960065,2019-06-03,154,0,0,91.6666666666667,7.5,0.733333333333333,"failure",1,"178","175",7.2821698,153.2559967,447.7210083,14.8600998,54.5908012,32.4141998,52.2146988,15.9870996,52.2146988,83,60,23,339.0390015,0,0,0,0
"36","EMFWOR_NCAMC2-10A_2019","2019-07-01",0,1,"N",2019,"EMFWOR","EMFWOR_CAMC2","EMFWOR_CAMC2","U",9,"NAD83 10N",4673375.115,734033.352,3.9,"PIPO",82,0.139173100960065,2019-06-03,154,0,0,91.6666666666667,7.5,0.733333333333333,"failure",1,"182","178",7.2821698,153.2559967,447.7210083,14.8600998,54.5908012,32.4141998,52.2146988,15.9870996,52.2146988,83,60,23,339.0390015,0,0,0,0
"37","EMFWOR_NCAMC2-10A_2019","2019-07-05",0,0,"N",2019,"EMFWOR","EMFWOR_CAMC2","EMFWOR_CAMC2","U",9,"NAD83 10N",4673375.115,734033.352,3.9,"PIPO",82,0.139173100960065,2019-06-03,154,0,0,91.6666666666667,7.5,0.733333333333333,"failure",1,"186","182",7.2821698,153.2559967,447.7210083,14.8600998,54.5908012,32.4141998,52.2146988,15.9870996,52.2146988,83,60,23,339.0390015,0,0,0,0
"38","EMFWOR_NCAMC3-08A_2018","2018-05-31",4,0,"I",2018,"EMFWOR","EMFWOR_CAMC3","EMFWOR_CAMC3","U",1,"NAD83 10N",4672348.876,736788.526,3.1,"POTR5",51,0.629320391049837,2018-05-20,140,4,NA,75,0,0,"success",1,"151",NA,2.75211,22.6940994,269.1860046,33.5130997,17.0431004,51.5400009,49.2519989,49.2519989,10.8242998,27,8,19,21.7856007,0,0,0,0
"39","EMFWOR_NCAMC3-08A_2018","2018-06-04",4,0,"I",2018,"EMFWOR","EMFWOR_CAMC3","EMFWOR_CAMC3","U",1,"NAD83 10N",4672348.876,736788.526,3.1,"POTR5",51,0.629320391049837,2018-05-20,140,4,NA,75,0,0,"success",1,"155","151",2.75211,22.6940994,269.1860046,33.5130997,17.0431004,51.5400009,49.2519989,49.2519989,10.8242998,27,8,19,21.7856007,0,0,0,0
"40","EMFWOR_NCAMC3-08A_2018","2018-06-07",999,999,"N",2018,"EMFWOR","EMFWOR_CAMC3","EMFWOR_CAMC3","U",1,"NAD83 10N",4672348.876,736788.526,3.1,"POTR5",51,0.629320391049837,2018-05-20,140,4,NA,75,0,0,"success",0,"158","155",2.75211,22.6940994,269.1860046,33.5130997,17.0431004,51.5400009,49.2519989,49.2519989,10.8242998,27,8,19,21.7856007,0,0,0,0
"41","EMFWOR_NCAMC3-08A_2018","2018-06-11",0,4,"N",2018,"EMFWOR","EMFWOR_CAMC3","EMFWOR_CAMC3","U",1,"NAD83 10N",4672348.876,736788.526,3.1,"POTR5",51,0.629320391049837,2018-05-20,140,4,NA,75,0,0,"success",1,"162","158",2.75211,22.6940994,269.1860046,33.5130997,17.0431004,51.5400009,49.2519989,49.2519989,10.8242998,27,8,19,21.7856007,0,0,0,0
"42","EMFWOR_NCAMC3-08A_2018","2018-06-18",0,4,"N",2018,"EMFWOR","EMFWOR_CAMC3","EMFWOR_CAMC3","U",1,"NAD83 10N",4672348.876,736788.526,3.1,"POTR5",51,0.629320391049837,2018-05-20,140,4,NA,75,0,0,"success",1,"169","162",2.75211,22.6940994,269.1860046,33.5130997,17.0431004,51.5400009,49.2519989,49.2519989,10.8242998,27,8,19,21.7856007,0,0,0,0
"43","EMFWOR_NCAMC3-08A_2018","2018-06-25",0,4,"N",2018,"EMFWOR","EMFWOR_CAMC3","EMFWOR_CAMC3","U",1,"NAD83 10N",4672348.876,736788.526,3.1,"POTR5",51,0.629320391049837,2018-05-20,140,4,NA,75,0,0,"success",1,"176","169",2.75211,22.6940994,269.1860046,33.5130997,17.0431004,51.5400009,49.2519989,49.2519989,10.8242998,27,8,19,21.7856007,0,0,0,0
"44","EMFWOR_NCAMC3-08A_2018","2018-07-02",0,1,"N",2018,"EMFWOR","EMFWOR_CAMC3","EMFWOR_CAMC3","U",1,"NAD83 10N",4672348.876,736788.526,3.1,"POTR5",51,0.629320391049837,2018-05-20,140,4,NA,75,0,0,"success",1,"183","176",2.75211,22.6940994,269.1860046,33.5130997,17.0431004,51.5400009,49.2519989,49.2519989,10.8242998,27,8,19,21.7856007,0,0,0,0
"45","EMFWOR_NCAMC3-08A_2018","2018-07-05",0,0,"F",2018,"EMFWOR","EMFWOR_CAMC3","EMFWOR_CAMC3","U",1,"NAD83 10N",4672348.876,736788.526,3.1,"POTR5",51,0.629320391049837,2018-05-20,140,4,NA,75,0,0,"success",1,"186","183",2.75211,22.6940994,269.1860046,33.5130997,17.0431004,51.5400009,49.2519989,49.2519989,10.8242998,27,8,19,21.7856007,0,0,0,0
"46","EMFWOR_NCAMC3-08A_2020","2020-06-01",4,0,"I",2020,"EMFWOR","EMFWOR_CAMC3","EMFWOR_CAMC3","U",1,"NAD83 10N",4672331,736840,4.8,"POTR5",102,-0.207911690817759,2020-05-25,146,1,NA,33.3333333333333,5,0.142857142857143,"success",1,"153",NA,2.4300001,20.0788002,269.4970093,33.4715004,17.4244995,52.7720985,50.5719986,50.5719986,10.2082996,28,6,22,22.9120007,0,0,0,0
"47","EMFWOR_NCAMC3-08A_2020","2020-06-05",4,0,"I",2020,"EMFWOR","EMFWOR_CAMC3","EMFWOR_CAMC3","U",1,"NAD83 10N",4672331,736840,4.8,"POTR5",102,-0.207911690817759,2020-05-25,146,1,NA,33.3333333333333,5,0.142857142857143,"success",1,"157","153",2.4300001,20.0788002,269.4970093,33.4715004,17.4244995,52.7720985,50.5719986,50.5719986,10.2082996,28,6,22,22.9120007,0,0,0,0
"48","EMFWOR_NCAMC3-08A_2020","2020-06-10",999,999,"I",2020,"EMFWOR","EMFWOR_CAMC3","EMFWOR_CAMC3","U",1,"NAD83 10N",4672331,736840,4.8,"POTR5",102,-0.207911690817759,2020-05-25,146,1,NA,33.3333333333333,5,0.142857142857143,"success",0,"162","157",2.4300001,20.0788002,269.4970093,33.4715004,17.4244995,52.7720985,50.5719986,50.5719986,10.2082996,28,6,22,22.9120007,0,0,0,0
"49","EMFWOR_NCAMC3-08A_2020","2020-06-18",0,1,"N",2020,"EMFWOR","EMFWOR_CAMC3","EMFWOR_CAMC3","U",1,"NAD83 10N",4672331,736840,4.8,"POTR5",102,-0.207911690817759,2020-05-25,146,1,NA,33.3333333333333,5,0.142857142857143,"success",1,"170","162",2.4300001,20.0788002,269.4970093,33.4715004,17.4244995,52.7720985,50.5719986,50.5719986,10.2082996,28,6,22,22.9120007,0,0,0,0
"50","EMFWOR_NCAMC3-08A_2020","2020-06-23",0,1,"N",2020,"EMFWOR","EMFWOR_CAMC3","EMFWOR_CAMC3","U",1,"NAD83 10N",4672331,736840,4.8,"POTR5",102,-0.207911690817759,2020-05-25,146,1,NA,33.3333333333333,5,0.142857142857143,"success",1,"175","170",2.4300001,20.0788002,269.4970093,33.4715004,17.4244995,52.7720985,50.5719986,50.5719986,10.2082996,28,6,22,22.9120007,0,0,0,0
"51","EMFWOR_NCAMC3-08A_2020","2020-06-29",0,1,"N",2020,"EMFWOR","EMFWOR_CAMC3","EMFWOR_CAMC3","U",1,"NAD83 10N",4672331,736840,4.8,"POTR5",102,-0.207911690817759,2020-05-25,146,1,NA,33.3333333333333,5,0.142857142857143,"success",1,"181","175",2.4300001,20.0788002,269.4970093,33.4715004,17.4244995,52.7720985,50.5719986,50.5719986,10.2082996,28,6,22,22.9120007,0,0,0,0
"52","EMFWOR_NCAMC3-08A_2020","2020-07-01",999,999,"N",2020,"EMFWOR","EMFWOR_CAMC3","EMFWOR_CAMC3","U",1,"NAD83 10N",4672331,736840,4.8,"POTR5",102,-0.207911690817759,2020-05-25,146,1,NA,33.3333333333333,5,0.142857142857143,"success",0,"183","181",2.4300001,20.0788002,269.4970093,33.4715004,17.4244995,52.7720985,50.5719986,50.5719986,10.2082996,28,6,22,22.9120007,0,0,0,0
"53","EMFWOR_NCAMC3-08A_2020","2020-07-07",0,1,"N",2020,"EMFWOR","EMFWOR_CAMC3","EMFWOR_CAMC3","U",1,"NAD83 10N",4672331,736840,4.8,"POTR5",102,-0.207911690817759,2020-05-25,146,1,NA,33.3333333333333,5,0.142857142857143,"success",1,"189","183",2.4300001,20.0788002,269.4970093,33.4715004,17.4244995,52.7720985,50.5719986,50.5719986,10.2082996,28,6,22,22.9120007,0,0,0,0
"54","EMFWOR_NCAMC3-08A_2020","2020-07-09",0,1,"N",2020,"EMFWOR","EMFWOR_CAMC3","EMFWOR_CAMC3","U",1,"NAD83 10N",4672331,736840,4.8,"POTR5",102,-0.207911690817759,2020-05-25,146,1,NA,33.3333333333333,5,0.142857142857143,"success",1,"191","189",2.4300001,20.0788002,269.4970093,33.4715004,17.4244995,52.7720985,50.5719986,50.5719986,10.2082996,28,6,22,22.9120007,0,0,0,0
"55","EMFWOR_NCAMC3-08A_2020","2020-07-13",0,0,"F",2020,"EMFWOR","EMFWOR_CAMC3","EMFWOR_CAMC3","U",1,"NAD83 10N",4672331,736840,4.8,"POTR5",102,-0.207911690817759,2020-05-25,146,1,NA,33.3333333333333,5,0.142857142857143,"success",1,"195","191",2.4300001,20.0788002,269.4970093,33.4715004,17.4244995,52.7720985,50.5719986,50.5719986,10.2082996,28,6,22,22.9120007,0,0,0,0
"56","EMFWOR_NCAMC4-01A_2018","2018-06-28",0,1,"N",2018,"EMFWOR","EMFWOR_CAMC4","EMFWOR_CAMC4","B",1,"NAD83 10N",4670801.226,730466.081,3.1,"POTR5",2,0.999390827019096,2018-06-03,154,1,NA,75,20,0.88235294117647,"success",1,"179",NA,0.595455,5.3646898,283.0090027,23.9491005,19.2138004,58.8442001,51.3347015,51.3347015,3.9601099,121,22,99,7.74509,4.2241101,56.2943993,0,8.3808098
"57","EMFWOR_NCAMC4-01A_2018","2018-07-02",0,1,"N",2018,"EMFWOR","EMFWOR_CAMC4","EMFWOR_CAMC4","B",1,"NAD83 10N",4670801.226,730466.081,3.1,"POTR5",2,0.999390827019096,2018-06-03,154,1,NA,75,20,0.88235294117647,"success",1,"183","179",0.595455,5.3646898,283.0090027,23.9491005,19.2138004,58.8442001,51.3347015,51.3347015,3.9601099,121,22,99,7.74509,4.2241101,56.2943993,0,8.3808098
"58","EMFWOR_NCAMC4-01A_2018","2018-07-05",0,1,"N",2018,"EMFWOR","EMFWOR_CAMC4","EMFWOR_CAMC4","B",1,"NAD83 10N",4670801.226,730466.081,3.1,"POTR5",2,0.999390827019096,2018-06-03,154,1,NA,75,20,0.88235294117647,"success",1,"186","183",0.595455,5.3646898,283.0090027,23.9491005,19.2138004,58.8442001,51.3347015,51.3347015,3.9601099,121,22,99,7.74509,4.2241101,56.2943993,0,8.3808098
"59","EMFWOR_NCAMC4-01A_2018","2018-07-09",0,1,"N",2018,"EMFWOR","EMFWOR_CAMC4","EMFWOR_CAMC4","B",1,"NAD83 10N",4670801.226,730466.081,3.1,"POTR5",2,0.999390827019096,2018-06-03,154,1,NA,75,20,0.88235294117647,"success",1,"190","186",0.595455,5.3646898,283.0090027,23.9491005,19.2138004,58.8442001,51.3347015,51.3347015,3.9601099,121,22,99,7.74509,4.2241101,56.2943993,0,8.3808098
"60","EMFWOR_NCAMC4-01A_2018","2018-07-12",0,1,"N",2018,"EMFWOR","EMFWOR_CAMC4","EMFWOR_CAMC4","B",1,"NAD83 10N",4670801.226,730466.081,3.1,"POTR5",2,0.999390827019096,2018-06-03,154,1,NA,75,20,0.88235294117647,"success",1,"193","190",0.595455,5.3646898,283.0090027,23.9491005,19.2138004,58.8442001,51.3347015,51.3347015,3.9601099,121,22,99,7.74509,4.2241101,56.2943993,0,8.3808098
"61","EMFWOR_NCAMC4-01A_2018","2018-07-16",0,0,"F",2018,"EMFWOR","EMFWOR_CAMC4","EMFWOR_CAMC4","B",1,"NAD83 10N",4670801.226,730466.081,3.1,"POTR5",2,0.999390827019096,2018-06-03,154,1,NA,75,20,0.88235294117647,"success",1,"197","193",0.595455,5.3646898,283.0090027,23.9491005,19.2138004,58.8442001,51.3347015,51.3347015,3.9601099,121,22,99,7.74509,4.2241101,56.2943993,0,8.3808098
"62","EMFWOR_NCAMC4-01A_2020","2020-06-10",4,0,"I",2020,"EMFWOR","EMFWOR_CAMC4","EMFWOR_CAMC4","B",9,"NAD83 10N",4670730,730397,1.7,"POTR5",90,6.12323399573677e-17,NA,NA,0,0,50,15,0.166666666666667,"failure",1,"162",NA,0.54,4.8133702,281.3120117,26.6476002,17.7765007,59.9883003,56.5267982,56.5267982,3.9601099,119,18,101,7.0058198,5.8961601,61.9155006,0,13.1617002
"63","EMFWOR_NCAMC4-01A_2020","2020-06-16",999,999,"I",2020,"EMFWOR","EMFWOR_CAMC4","EMFWOR_CAMC4","B",9,"NAD83 10N",4670730,730397,1.7,"POTR5",90,6.12323399573677e-17,NA,NA,0,0,50,15,0.166666666666667,"failure",0,"168","162",0.54,4.8133702,281.3120117,26.6476002,17.7765007,59.9883003,56.5267982,56.5267982,3.9601099,119,18,101,7.0058198,5.8961601,61.9155006,0,13.1617002
"64","EMFWOR_NCAMC4-01A_2020","2020-06-22",0,0,"I",2020,"EMFWOR","EMFWOR_CAMC4","EMFWOR_CAMC4","B",9,"NAD83 10N",4670730,730397,1.7,"POTR5",90,6.12323399573677e-17,NA,NA,0,0,50,15,0.166666666666667,"failure",1,"174","168",0.54,4.8133702,281.3120117,26.6476002,17.7765007,59.9883003,56.5267982,56.5267982,3.9601099,119,18,101,7.0058198,5.8961601,61.9155006,0,13.1617002
"65","EMFWOR_NCAMC4-07A_2016","2016-07-05",0,3,"N",2016,"EMFWOR","EMFWOR_CAMC4","EMFWOR_CAMC4","U",1,"NAD83 10N",4672241.124,731297.83,1.7,"POTR5",322,0.788010753606722,2016-05-29,150,3,NA,66.6666666666667,0,0.888888888888889,"success",1,"187",NA,1.61836,31.8635006,432.3049927,14.1638002,29.0114002,54.0041008,50.3372993,50.3372993,17.0725002,87,32,55,29.0573997,0,0,0,0
"66","EMFWOR_NCAMC4-07A_2016","2016-07-07",999,999,"N",2016,"EMFWOR","EMFWOR_CAMC4","EMFWOR_CAMC4","U",1,"NAD83 10N",4672241.124,731297.83,1.7,"POTR5",322,0.788010753606722,2016-05-29,150,3,NA,66.6666666666667,0,0.888888888888889,"success",0,"189","187",1.61836,31.8635006,432.3049927,14.1638002,29.0114002,54.0041008,50.3372993,50.3372993,17.0725002,87,32,55,29.0573997,0,0,0,0
"67","EMFWOR_NCAMC4-07A_2016","2016-07-08",999,999,"N",2016,"EMFWOR","EMFWOR_CAMC4","EMFWOR_CAMC4","U",1,"NAD83 10N",4672241.124,731297.83,1.7,"POTR5",322,0.788010753606722,2016-05-29,150,3,NA,66.6666666666667,0,0.888888888888889,"success",0,"190","189",1.61836,31.8635006,432.3049927,14.1638002,29.0114002,54.0041008,50.3372993,50.3372993,17.0725002,87,32,55,29.0573997,0,0,0,0
"68","EMFWOR_NCAMC4-07A_2016","2016-07-11",0,0,"F",2016,"EMFWOR","EMFWOR_CAMC4","EMFWOR_CAMC4","U",1,"NAD83 10N",4672241.124,731297.83,1.7,"POTR5",322,0.788010753606722,2016-05-29,150,3,NA,66.6666666666667,0,0.888888888888889,"success",1,"193","190",1.61836,31.8635006,432.3049927,14.1638002,29.0114002,54.0041008,50.3372993,50.3372993,17.0725002,87,32,55,29.0573997,0,0,0,0
"69","EMFWOR_NCAMC4-07A_2018","2018-06-20",0,2,"N",2018,"EMFWOR","EMFWOR_CAMC4","EMFWOR_CAMC4","U",1,"NAD83 10N",4672312.908,731201.49,1.7,"POTR5",156,-0.913545457642601,2018-05-23,143,2,NA,83.3333333333333,2.5,0.0833333333333333,"success",1,"171",NA,1.67667,17.6305008,308.4670105,14.2714996,29.5100994,54.5908012,51.9506989,51.9506989,11.6456003,85,31,54,19.5307999,0,0,0,0
"70","EMFWOR_NCAMC4-07A_2018","2018-06-26",0,2,"N",2018,"EMFWOR","EMFWOR_CAMC4","EMFWOR_CAMC4","U",1,"NAD83 10N",4672312.908,731201.49,1.7,"POTR5",156,-0.913545457642601,2018-05-23,143,2,NA,83.3333333333333,2.5,0.0833333333333333,"success",1,"177","171",1.67667,17.6305008,308.4670105,14.2714996,29.5100994,54.5908012,51.9506989,51.9506989,11.6456003,85,31,54,19.5307999,0,0,0,0
"71","EMFWOR_NCAMC4-07A_2018","2018-07-02",0,2,"N",2018,"EMFWOR","EMFWOR_CAMC4","EMFWOR_CAMC4","U",1,"NAD83 10N",4672312.908,731201.49,1.7,"POTR5",156,-0.913545457642601,2018-05-23,143,2,NA,83.3333333333333,2.5,0.0833333333333333,"success",1,"183","177",1.67667,17.6305008,308.4670105,14.2714996,29.5100994,54.5908012,51.9506989,51.9506989,11.6456003,85,31,54,19.5307999,0,0,0,0
"72","EMFWOR_NCAMC4-07A_2018","2018-07-05",0,0,"F",2018,"EMFWOR","EMFWOR_CAMC4","EMFWOR_CAMC4","U",1,"NAD83 10N",4672312.908,731201.49,1.7,"POTR5",156,-0.913545457642601,2018-05-23,143,2,NA,83.3333333333333,2.5,0.0833333333333333,"success",1,"186","183",1.67667,17.6305008,308.4670105,14.2714996,29.5100994,54.5908012,51.9506989,51.9506989,11.6456003,85,31,54,19.5307999,0,0,0,0
"73","EMFWOR_NCAMC4-07A_2019","2019-06-06",4,0,"I",2019,"EMFWOR","EMFWOR_CAMC4","EMFWOR_CAMC4","U",1,"NAD83 10N",4672499.492,731273.206,3.9,"POTR5",194,-0.970295726275996,2019-05-26,146,1,1,66.6666666666667,20,0.823529411764706,"success",1,"157",NA,1.3890001,9.7804499,245.7920074,15.8908997,27.1634007,56.5561981,54.8548012,54.8548012,7.2161899,83,23,60,15.8381004,0,0,0,0
"74","EMFWOR_NCAMC4-07A_2019","2019-06-10",4,0,"I",2019,"EMFWOR","EMFWOR_CAMC4","EMFWOR_CAMC4","U",1,"NAD83 10N",4672499.492,731273.206,3.9,"POTR5",194,-0.970295726275996,2019-05-26,146,1,1,66.6666666666667,20,0.823529411764706,"success",1,"161","157",1.3890001,9.7804499,245.7920074,15.8908997,27.1634007,56.5561981,54.8548012,54.8548012,7.2161899,83,23,60,15.8381004,0,0,0,0
"75","EMFWOR_NCAMC4-07A_2019","2019-06-13",2,2,"N",2019,"EMFWOR","EMFWOR_CAMC4","EMFWOR_CAMC4","U",1,"NAD83 10N",4672499.492,731273.206,3.9,"POTR5",194,-0.970295726275996,2019-05-26,146,1,1,66.6666666666667,20,0.823529411764706,"success",1,"164","161",1.3890001,9.7804499,245.7920074,15.8908997,27.1634007,56.5561981,54.8548012,54.8548012,7.2161899,83,23,60,15.8381004,0,0,0,0
"76","EMFWOR_NCAMC4-07A_2019","2019-06-17",2,2,"N",2019,"EMFWOR","EMFWOR_CAMC4","EMFWOR_CAMC4","U",1,"NAD83 10N",4672499.492,731273.206,3.9,"POTR5",194,-0.970295726275996,2019-05-26,146,1,1,66.6666666666667,20,0.823529411764706,"success",1,"168","164",1.3890001,9.7804499,245.7920074,15.8908997,27.1634007,56.5561981,54.8548012,54.8548012,7.2161899,83,23,60,15.8381004,0,0,0,0
"77","EMFWOR_NCAMC4-07A_2019","2019-06-20",2,2,"N",2019,"EMFWOR","EMFWOR_CAMC4","EMFWOR_CAMC4","U",1,"NAD83 10N",4672499.492,731273.206,3.9,"POTR5",194,-0.970295726275996,2019-05-26,146,1,1,66.6666666666667,20,0.823529411764706,"success",1,"171","168",1.3890001,9.7804499,245.7920074,15.8908997,27.1634007,56.5561981,54.8548012,54.8548012,7.2161899,83,23,60,15.8381004,0,0,0,0
"78","EMFWOR_NCAMC4-07A_2019","2019-06-24",2,1,"N",2019,"EMFWOR","EMFWOR_CAMC4","EMFWOR_CAMC4","U",1,"NAD83 10N",4672499.492,731273.206,3.9,"POTR5",194,-0.970295726275996,2019-05-26,146,1,1,66.6666666666667,20,0.823529411764706,"success",1,"175","171",1.3890001,9.7804499,245.7920074,15.8908997,27.1634007,56.5561981,54.8548012,54.8548012,7.2161899,83,23,60,15.8381004,0,0,0,0
"79","EMFWOR_NCAMC4-07A_2019","2019-06-27",2,1,"N",2019,"EMFWOR","EMFWOR_CAMC4","EMFWOR_CAMC4","U",1,"NAD83 10N",4672499.492,731273.206,3.9,"POTR5",194,-0.970295726275996,2019-05-26,146,1,1,66.6666666666667,20,0.823529411764706,"success",1,"178","175",1.3890001,9.7804499,245.7920074,15.8908997,27.1634007,56.5561981,54.8548012,54.8548012,7.2161899,83,23,60,15.8381004,0,0,0,0
"80","EMFWOR_NCAMC4-07A_2019","2019-07-01",0,1,"N",2019,"EMFWOR","EMFWOR_CAMC4","EMFWOR_CAMC4","U",1,"NAD83 10N",4672499.492,731273.206,3.9,"POTR5",194,-0.970295726275996,2019-05-26,146,1,1,66.6666666666667,20,0.823529411764706,"success",1,"182","178",1.3890001,9.7804499,245.7920074,15.8908997,27.1634007,56.5561981,54.8548012,54.8548012,7.2161899,83,23,60,15.8381004,0,0,0,0
"81","EMFWOR_NCAMC4-07A_2019","2019-07-05",0,1,"N",2019,"EMFWOR","EMFWOR_CAMC4","EMFWOR_CAMC4","U",1,"NAD83 10N",4672499.492,731273.206,3.9,"POTR5",194,-0.970295726275996,2019-05-26,146,1,1,66.6666666666667,20,0.823529411764706,"success",1,"186","182",1.3890001,9.7804499,245.7920074,15.8908997,27.1634007,56.5561981,54.8548012,54.8548012,7.2161899,83,23,60,15.8381004,0,0,0,0
"82","EMFWOR_NCAMC4-07A_2019","2019-07-08",0,1,"N",2019,"EMFWOR","EMFWOR_CAMC4","EMFWOR_CAMC4","U",1,"NAD83 10N",4672499.492,731273.206,3.9,"POTR5",194,-0.970295726275996,2019-05-26,146,1,1,66.6666666666667,20,0.823529411764706,"success",1,"189","186",1.3890001,9.7804499,245.7920074,15.8908997,27.1634007,56.5561981,54.8548012,54.8548012,7.2161899,83,23,60,15.8381004,0,0,0,0
"83","EMFWOR_NCAMC4-07A_2019","2019-07-11",0,0,"F",2019,"EMFWOR","EMFWOR_CAMC4","EMFWOR_CAMC4","U",1,"NAD83 10N",4672499.492,731273.206,3.9,"POTR5",194,-0.970295726275996,2019-05-26,146,1,1,66.6666666666667,20,0.823529411764706,"success",1,"192","189",1.3890001,9.7804499,245.7920074,15.8908997,27.1634007,56.5561981,54.8548012,54.8548012,7.2161899,83,23,60,15.8381004,0,0,0,0
"84","EMFWOR_NCAMC4-09A_2020","2020-05-26",0,0,"E",2020,"EMFWOR","EMFWOR_CAMC4","EMFWOR_CAMC4","U",9,"NAD83 10N",4672899,731999,2.1,"POTR5",220,-0.766044443118978,2020-05-31,152,0,0,116.666666666667,7.5,0.529411764705882,"failure",1,"147",NA,0.839531,3.8398499,189.0449982,27.9113998,17.5125008,60.6922989,57.9054985,57.9054985,3.1974199,71,7,64,8.7692699,0,0,0,0
"85","EMFWOR_NCAMC4-09A_2020","2020-06-05",4,0,"I",2020,"EMFWOR","EMFWOR_CAMC4","EMFWOR_CAMC4","U",9,"NAD83 10N",4672899,731999,2.1,"POTR5",220,-0.766044443118978,2020-05-31,152,0,0,116.666666666667,7.5,0.529411764705882,"failure",1,"157","147",0.839531,3.8398499,189.0449982,27.9113998,17.5125008,60.6922989,57.9054985,57.9054985,3.1974199,71,7,64,8.7692699,0,0,0,0
"86","EMFWOR_NCAMC4-09A_2020","2020-06-10",999,999,"I",2020,"EMFWOR","EMFWOR_CAMC4","EMFWOR_CAMC4","U",9,"NAD83 10N",4672899,731999,2.1,"POTR5",220,-0.766044443118978,2020-05-31,152,0,0,116.666666666667,7.5,0.529411764705882,"failure",0,"162","157",0.839531,3.8398499,189.0449982,27.9113998,17.5125008,60.6922989,57.9054985,57.9054985,3.1974199,71,7,64,8.7692699,0,0,0,0
"87","EMFWOR_NCAMC4-09A_2020","2020-06-16",0,0,"I",2020,"EMFWOR","EMFWOR_CAMC4","EMFWOR_CAMC4","U",9,"NAD83 10N",4672899,731999,2.1,"POTR5",220,-0.766044443118978,2020-05-31,152,0,0,116.666666666667,7.5,0.529411764705882,"failure",1,"168","162",0.839531,3.8398499,189.0449982,27.9113998,17.5125008,60.6922989,57.9054985,57.9054985,3.1974199,71,7,64,8.7692699,0,0,0,0
"88","EMFWOR_NCAMC4-10A_2016","2016-07-05",0,2,"N",2016,"EMFWOR","EMFWOR_CAMC4","EMFWOR_CAMC4","U",1,"NAD83 10N",4672535.133,732175.477,4.6,"PIPO",359,0.999847695156391,2016-06-01,153,2,NA,8.33333333333333,15,0,"success",1,"187",NA,0.907031,7.5693498,271.019989,24.3887005,18.9204998,57.9348984,46.0545998,46.0545998,5.8961601,82,18,64,9.9089298,0,0,0,0
"89","EMFWOR_NCAMC4-10A_2016","2016-07-07",999,999,"N",2016,"EMFWOR","EMFWOR_CAMC4","EMFWOR_CAMC4","U",1,"NAD83 10N",4672535.133,732175.477,4.6,"PIPO",359,0.999847695156391,2016-06-01,153,2,NA,8.33333333333333,15,0,"success",0,"189","187",0.907031,7.5693498,271.019989,24.3887005,18.9204998,57.9348984,46.0545998,46.0545998,5.8961601,82,18,64,9.9089298,0,0,0,0
"90","EMFWOR_NCAMC4-10A_2016","2016-07-08",999,999,"N",2016,"EMFWOR","EMFWOR_CAMC4","EMFWOR_CAMC4","U",1,"NAD83 10N",4672535.133,732175.477,4.6,"PIPO",359,0.999847695156391,2016-06-01,153,2,NA,8.33333333333333,15,0,"success",0,"190","189",0.907031,7.5693498,271.019989,24.3887005,18.9204998,57.9348984,46.0545998,46.0545998,5.8961601,82,18,64,9.9089298,0,0,0,0
"91","EMFWOR_NCAMC4-10A_2016","2016-07-11",999,999,"N",2016,"EMFWOR","EMFWOR_CAMC4","EMFWOR_CAMC4","U",1,"NAD83 10N",4672535.133,732175.477,4.6,"PIPO",359,0.999847695156391,2016-06-01,153,2,NA,8.33333333333333,15,0,"success",0,"193","190",0.907031,7.5693498,271.019989,24.3887005,18.9204998,57.9348984,46.0545998,46.0545998,5.8961601,82,18,64,9.9089298,0,0,0,0
"92","EMFWOR_NCAMC4-10A_2016","2016-07-13",0,0,"F",2016,"EMFWOR","EMFWOR_CAMC4","EMFWOR_CAMC4","U",1,"NAD83 10N",4672535.133,732175.477,4.6,"PIPO",359,0.999847695156391,2016-06-01,153,2,NA,8.33333333333333,15,0,"success",1,"195","193",0.907031,7.5693498,271.019989,24.3887005,18.9204998,57.9348984,46.0545998,46.0545998,5.8961601,82,18,64,9.9089298,0,0,0,0
"93","EMFWOR_NCAMC4-10A_2017","2017-07-10",0,0,"F",2017,"EMFWOR","EMFWOR_CAMC4","EMFWOR_CAMC4","U",1,"NAD83 10N",4672859.957,732027.551,6.2,"POTR5",39,0.777145961456971,2017-05-30,150,2,2,58.3333333333333,10,0.454545454545455,"success",1,"191",NA,0.884286,4.43472,200.375,26.7980995,18.1578007,60.0469017,56.2335014,56.2335014,3.02141,75,12,63,8.8954496,0,0,0,0
"94","EMFWOR_NCAMC4-10A_2018","2018-06-28",0,1,"N",2018,"EMFWOR","EMFWOR_CAMC4","EMFWOR_CAMC4","U",1,"NAD83 10N",4672999.402,732060.31,1.7,"POTR5",32,0.848048096156426,2018-05-22,142,1,1,91.6666666666667,2.5,0.333333333333333,"success",1,"179",NA,0.738806,3.50313,193.4320068,30.6445007,16.1338005,61.4550018,58.1696014,58.1696014,3.1680801,75,8,67,7.4896002,0,0,0,0
"95","EMFWOR_NCAMC4-10A_2018","2018-07-02",0,0,"F",2018,"EMFWOR","EMFWOR_CAMC4","EMFWOR_CAMC4","U",1,"NAD83 10N",4672999.402,732060.31,1.7,"POTR5",32,0.848048096156426,2018-05-22,142,1,1,91.6666666666667,2.5,0.333333333333333,"success",1,"183","179",0.738806,3.50313,193.4320068,30.6445007,16.1338005,61.4550018,58.1696014,58.1696014,3.1680801,75,8,67,7.4896002,0,0,0,0
"96","EMFWOR_NCAMC4-10A_2018","2018-07-03",999,999,"F",2018,"EMFWOR","EMFWOR_CAMC4","EMFWOR_CAMC4","U",1,"NAD83 10N",4672999.402,732060.31,1.7,"POTR5",32,0.848048096156426,2018-05-22,142,1,1,91.6666666666667,2.5,0.333333333333333,"success",0,"184","183",0.738806,3.50313,193.4320068,30.6445007,16.1338005,61.4550018,58.1696014,58.1696014,3.1680801,75,8,67,7.4896002,0,0,0,0
"97","EMFWOR_NCAMC4-10B_2018","2018-05-24",2,0,"L",2018,"EMFWOR","EMFWOR_CAMC4","EMFWOR_CAMC4","U",1,"NAD83 10N",4672536.684,732577.857,2.5,"POTR5",80,0.17364817766693,2018-05-22,142,1,NA,8.33333333333333,0,0,"success",1,"144",NA,1.22464,13.0479002,310.7160034,19.4978008,22.3526001,53.0653992,31.4755001,31.4755001,8.6242304,76,20,56,14.7007999,0,0,0,0
"98","EMFWOR_NCAMC4-10B_2018","2018-05-29",4,0,"I",2018,"EMFWOR","EMFWOR_CAMC4","EMFWOR_CAMC4","U",1,"NAD83 10N",4672536.684,732577.857,2.5,"POTR5",80,0.17364817766693,2018-05-22,142,1,NA,8.33333333333333,0,0,"success",1,"149","144",1.22464,13.0479002,310.7160034,19.4978008,22.3526001,53.0653992,31.4755001,31.4755001,8.6242304,76,20,56,14.7007999,0,0,0,0
"99","EMFWOR_NCAMC4-10B_2018","2018-06-01",999,999,"I",2018,"EMFWOR","EMFWOR_CAMC4","EMFWOR_CAMC4","U",1,"NAD83 10N",4672536.684,732577.857,2.5,"POTR5",80,0.17364817766693,2018-05-22,142,1,NA,8.33333333333333,0,0,"success",0,"152","149",1.22464,13.0479002,310.7160034,19.4978008,22.3526001,53.0653992,31.4755001,31.4755001,8.6242304,76,20,56,14.7007999,0,0,0,0
"100","EMFWOR_NCAMC4-10B_2018","2018-06-04",4,0,"I",2018,"EMFWOR","EMFWOR_CAMC4","EMFWOR_CAMC4","U",1,"NAD83 10N",4672536.684,732577.857,2.5,"POTR5",80,0.17364817766693,2018-05-22,142,1,NA,8.33333333333333,0,0,"success",1,"155","152",1.22464,13.0479002,310.7160034,19.4978008,22.3526001,53.0653992,31.4755001,31.4755001,8.6242304,76,20,56,14.7007999,0,0,0,0
"101","EMFWOR_NCAMC4-10B_2018","2018-06-07",999,999,"I",2018,"EMFWOR","EMFWOR_CAMC4","EMFWOR_CAMC4","U",1,"NAD83 10N",4672536.684,732577.857,2.5,"POTR5",80,0.17364817766693,2018-05-22,142,1,NA,8.33333333333333,0,0,"success",0,"158","155",1.22464,13.0479002,310.7160034,19.4978008,22.3526001,53.0653992,31.4755001,31.4755001,8.6242304,76,20,56,14.7007999,0,0,0,0
"102","EMFWOR_NCAMC4-10B_2018","2018-06-11",0,3,"N",2018,"EMFWOR","EMFWOR_CAMC4","EMFWOR_CAMC4","U",1,"NAD83 10N",4672536.684,732577.857,2.5,"POTR5",80,0.17364817766693,2018-05-22,142,1,NA,8.33333333333333,0,0,"success",1,"162","158",1.22464,13.0479002,310.7160034,19.4978008,22.3526001,53.0653992,31.4755001,31.4755001,8.6242304,76,20,56,14.7007999,0,0,0,0
"103","EMFWOR_NCAMC4-10B_2018","2018-06-20",0,2,"N",2018,"EMFWOR","EMFWOR_CAMC4","EMFWOR_CAMC4","U",1,"NAD83 10N",4672536.684,732577.857,2.5,"POTR5",80,0.17364817766693,2018-05-22,142,1,NA,8.33333333333333,0,0,"success",1,"171","162",1.22464,13.0479002,310.7160034,19.4978008,22.3526001,53.0653992,31.4755001,31.4755001,8.6242304,76,20,56,14.7007999,0,0,0,0
"104","EMFWOR_NCAMC4-10B_2018","2018-06-25",0,1,"N",2018,"EMFWOR","EMFWOR_CAMC4","EMFWOR_CAMC4","U",1,"NAD83 10N",4672536.684,732577.857,2.5,"POTR5",80,0.17364817766693,2018-05-22,142,1,NA,8.33333333333333,0,0,"success",1,"176","171",1.22464,13.0479002,310.7160034,19.4978008,22.3526001,53.0653992,31.4755001,31.4755001,8.6242304,76,20,56,14.7007999,0,0,0,0
"105","EMFWOR_NCAMC4-10B_2018","2018-07-02",0,1,"N",2018,"EMFWOR","EMFWOR_CAMC4","EMFWOR_CAMC4","U",1,"NAD83 10N",4672536.684,732577.857,2.5,"POTR5",80,0.17364817766693,2018-05-22,142,1,NA,8.33333333333333,0,0,"success",1,"183","176",1.22464,13.0479002,310.7160034,19.4978008,22.3526001,53.0653992,31.4755001,31.4755001,8.6242304,76,20,56,14.7007999,0,0,0,0
"106","EMFWOR_NCAMC4-10B_2018","2018-07-05",0,0,"F",2018,"EMFWOR","EMFWOR_CAMC4","EMFWOR_CAMC4","U",1,"NAD83 10N",4672536.684,732577.857,2.5,"POTR5",80,0.17364817766693,2018-05-22,142,1,NA,8.33333333333333,0,0,"success",1,"186","183",1.22464,13.0479002,310.7160034,19.4978008,22.3526001,53.0653992,31.4755001,31.4755001,8.6242304,76,20,56,14.7007999,0,0,0,0
"107","EMFWOR_NCAMC5-01A_2015","2015-06-18",1,3,"N",2015,"EMFWOR","EMFWOR_CAMC5","EMFWOR_CAMC5","U",1,"NAD83 10N",4673698.091,731236.877,2.4,"POTR5",136,-0.719339800338651,2015-05-30,150,3,NA,16.6666666666667,2.5,0.4,"success",1,"169",NA,0.975789,7.8882499,266.1570129,28.5111008,18.1285,62.6870003,61.4842987,61.4842987,5.5148101,70,13,57,10.4209995,0,0,0,0
"108","EMFWOR_NCAMC5-01A_2015","2015-06-23",0,3,"N",2015,"EMFWOR","EMFWOR_CAMC5","EMFWOR_CAMC5","U",1,"NAD83 10N",4673698.091,731236.877,2.4,"POTR5",136,-0.719339800338651,2015-05-30,150,3,NA,16.6666666666667,2.5,0.4,"success",1,"174","169",0.975789,7.8882499,266.1570129,28.5111008,18.1285,62.6870003,61.4842987,61.4842987,5.5148101,70,13,57,10.4209995,0,0,0,0
"109","EMFWOR_NCAMC5-01A_2015","2015-07-01",0,3,"N",2015,"EMFWOR","EMFWOR_CAMC5","EMFWOR_CAMC5","U",1,"NAD83 10N",4673698.091,731236.877,2.4,"POTR5",136,-0.719339800338651,2015-05-30,150,3,NA,16.6666666666667,2.5,0.4,"success",1,"182","174",0.975789,7.8882499,266.1570129,28.5111008,18.1285,62.6870003,61.4842987,61.4842987,5.5148101,70,13,57,10.4209995,0,0,0,0
"110","EMFWOR_NCAMC5-01A_2015","2015-07-08",0,3,"N",2015,"EMFWOR","EMFWOR_CAMC5","EMFWOR_CAMC5","U",1,"NAD83 10N",4673698.091,731236.877,2.4,"POTR5",136,-0.719339800338651,2015-05-30,150,3,NA,16.6666666666667,2.5,0.4,"success",1,"189","182",0.975789,7.8882499,266.1570129,28.5111008,18.1285,62.6870003,61.4842987,61.4842987,5.5148101,70,13,57,10.4209995,0,0,0,0
"111","EMFWOR_NCAMC5-01A_2015","2015-07-09",999,999,"N",2015,"EMFWOR","EMFWOR_CAMC5","EMFWOR_CAMC5","U",1,"NAD83 10N",4673698.091,731236.877,2.4,"POTR5",136,-0.719339800338651,2015-05-30,150,3,NA,16.6666666666667,2.5,0.4,"success",0,"190","189",0.975789,7.8882499,266.1570129,28.5111008,18.1285,62.6870003,61.4842987,61.4842987,5.5148101,70,13,57,10.4209995,0,0,0,0
"112","EMFWOR_NCAMC5-01A_2015","2015-07-14",0,0,"F",2015,"EMFWOR","EMFWOR_CAMC5","EMFWOR_CAMC5","U",1,"NAD83 10N",4673698.091,731236.877,2.4,"POTR5",136,-0.719339800338651,2015-05-30,150,3,NA,16.6666666666667,2.5,0.4,"success",1,"195","190",0.975789,7.8882499,266.1570129,28.5111008,18.1285,62.6870003,61.4842987,61.4842987,5.5148101,70,13,57,10.4209995,0,0,0,0
"113","EMFWOR_NCAMC5-01A_2017","2017-05-31",2,3,"N",2017,"EMFWOR","EMFWOR_CAMC5","EMFWOR_CAMC5","U",9,"NAD83 10N",4673696.147,731257.358,2.4,"POTR5",198,-0.951056516295154,2017-05-12,132,0,0,33.3333333333333,12.5,0.4,"failure",1,"151",NA,0.975789,7.8882499,266.1570129,28.5111008,18.1285,62.6870003,61.4842987,61.4842987,5.5148101,70,13,57,10.4209995,0,0,0,0
"114","EMFWOR_NCAMC5-01A_2017","2017-06-03",1,3,"N",2017,"EMFWOR","EMFWOR_CAMC5","EMFWOR_CAMC5","U",9,"NAD83 10N",4673696.147,731257.358,2.4,"POTR5",198,-0.951056516295154,2017-05-12,132,0,0,33.3333333333333,12.5,0.4,"failure",1,"154","151",0.975789,7.8882499,266.1570129,28.5111008,18.1285,62.6870003,61.4842987,61.4842987,5.5148101,70,13,57,10.4209995,0,0,0,0
"115","EMFWOR_NCAMC5-01A_2017","2017-06-08",1,3,"N",2017,"EMFWOR","EMFWOR_CAMC5","EMFWOR_CAMC5","U",9,"NAD83 10N",4673696.147,731257.358,2.4,"POTR5",198,-0.951056516295154,2017-05-12,132,0,0,33.3333333333333,12.5,0.4,"failure",1,"159","154",0.975789,7.8882499,266.1570129,28.5111008,18.1285,62.6870003,61.4842987,61.4842987,5.5148101,70,13,57,10.4209995,0,0,0,0
"116","EMFWOR_NCAMC5-01A_2017","2017-06-13",1,2,"N",2017,"EMFWOR","EMFWOR_CAMC5","EMFWOR_CAMC5","U",9,"NAD83 10N",4673696.147,731257.358,2.4,"POTR5",198,-0.951056516295154,2017-05-12,132,0,0,33.3333333333333,12.5,0.4,"failure",1,"164","159",0.975789,7.8882499,266.1570129,28.5111008,18.1285,62.6870003,61.4842987,61.4842987,5.5148101,70,13,57,10.4209995,0,0,0,0
"117","EMFWOR_NCAMC5-01A_2017","2017-06-21",999,999,"N",2017,"EMFWOR","EMFWOR_CAMC5","EMFWOR_CAMC5","U",9,"NAD83 10N",4673696.147,731257.358,2.4,"POTR5",198,-0.951056516295154,2017-05-12,132,0,0,33.3333333333333,12.5,0.4,"failure",0,"172","164",0.975789,7.8882499,266.1570129,28.5111008,18.1285,62.6870003,61.4842987,61.4842987,5.5148101,70,13,57,10.4209995,0,0,0,0
"118","EMFWOR_NCAMC5-01A_2017","2017-06-24",0,0,"N",2017,"EMFWOR","EMFWOR_CAMC5","EMFWOR_CAMC5","U",9,"NAD83 10N",4673696.147,731257.358,2.4,"POTR5",198,-0.951056516295154,2017-05-12,132,0,0,33.3333333333333,12.5,0.4,"failure",1,"175","172",0.975789,7.8882499,266.1570129,28.5111008,18.1285,62.6870003,61.4842987,61.4842987,5.5148101,70,13,57,10.4209995,0,0,0,0
"119","EMFWOR_NCAMC5-01A_2018","2018-05-21",999,999,"L",2018,"EMFWOR","EMFWOR_CAMC5","EMFWOR_CAMC5","U",1,"NAD83 10N",4673678.932,731242.445,7.3,"POTR5",243,-0.453990499739547,2018-05-20,140,3,NA,25,2.5,0.2,"success",0,"141",NA,0.975789,7.8882499,266.1570129,28.5111008,18.1285,62.6870003,61.4842987,61.4842987,5.5148101,70,13,57,10.4209995,0,0,0,0
"120","EMFWOR_NCAMC5-01A_2018","2018-05-29",4,0,"I",2018,"EMFWOR","EMFWOR_CAMC5","EMFWOR_CAMC5","U",1,"NAD83 10N",4673678.932,731242.445,7.3,"POTR5",243,-0.453990499739547,2018-05-20,140,3,NA,25,2.5,0.2,"success",1,"149","141",0.975789,7.8882499,266.1570129,28.5111008,18.1285,62.6870003,61.4842987,61.4842987,5.5148101,70,13,57,10.4209995,0,0,0,0
"121","EMFWOR_NCAMC5-01A_2018","2018-06-01",999,999,"I",2018,"EMFWOR","EMFWOR_CAMC5","EMFWOR_CAMC5","U",1,"NAD83 10N",4673678.932,731242.445,7.3,"POTR5",243,-0.453990499739547,2018-05-20,140,3,NA,25,2.5,0.2,"success",0,"152","149",0.975789,7.8882499,266.1570129,28.5111008,18.1285,62.6870003,61.4842987,61.4842987,5.5148101,70,13,57,10.4209995,0,0,0,0
"122","EMFWOR_NCAMC5-01A_2018","2018-06-04",4,0,"I",2018,"EMFWOR","EMFWOR_CAMC5","EMFWOR_CAMC5","U",1,"NAD83 10N",4673678.932,731242.445,7.3,"POTR5",243,-0.453990499739547,2018-05-20,140,3,NA,25,2.5,0.2,"success",1,"155","152",0.975789,7.8882499,266.1570129,28.5111008,18.1285,62.6870003,61.4842987,61.4842987,5.5148101,70,13,57,10.4209995,0,0,0,0
"123","EMFWOR_NCAMC5-01A_2018","2018-06-07",999,999,"N",2018,"EMFWOR","EMFWOR_CAMC5","EMFWOR_CAMC5","U",1,"NAD83 10N",4673678.932,731242.445,7.3,"POTR5",243,-0.453990499739547,2018-05-20,140,3,NA,25,2.5,0.2,"success",0,"158","155",0.975789,7.8882499,266.1570129,28.5111008,18.1285,62.6870003,61.4842987,61.4842987,5.5148101,70,13,57,10.4209995,0,0,0,0
"124","EMFWOR_NCAMC5-01A_2018","2018-06-11",1,3,"N",2018,"EMFWOR","EMFWOR_CAMC5","EMFWOR_CAMC5","U",1,"NAD83 10N",4673678.932,731242.445,7.3,"POTR5",243,-0.453990499739547,2018-05-20,140,3,NA,25,2.5,0.2,"success",1,"162","158",0.975789,7.8882499,266.1570129,28.5111008,18.1285,62.6870003,61.4842987,61.4842987,5.5148101,70,13,57,10.4209995,0,0,0,0
"125","EMFWOR_NCAMC5-01A_2018","2018-06-18",0,3,"N",2018,"EMFWOR","EMFWOR_CAMC5","EMFWOR_CAMC5","U",1,"NAD83 10N",4673678.932,731242.445,7.3,"POTR5",243,-0.453990499739547,2018-05-20,140,3,NA,25,2.5,0.2,"success",1,"169","162",0.975789,7.8882499,266.1570129,28.5111008,18.1285,62.6870003,61.4842987,61.4842987,5.5148101,70,13,57,10.4209995,0,0,0,0
"126","EMFWOR_NCAMC5-01A_2018","2018-06-25",0,3,"N",2018,"EMFWOR","EMFWOR_CAMC5","EMFWOR_CAMC5","U",1,"NAD83 10N",4673678.932,731242.445,7.3,"POTR5",243,-0.453990499739547,2018-05-20,140,3,NA,25,2.5,0.2,"success",1,"176","169",0.975789,7.8882499,266.1570129,28.5111008,18.1285,62.6870003,61.4842987,61.4842987,5.5148101,70,13,57,10.4209995,0,0,0,0
"127","EMFWOR_NCAMC5-01A_2018","2018-07-02",0,1,"N",2018,"EMFWOR","EMFWOR_CAMC5","EMFWOR_CAMC5","U",1,"NAD83 10N",4673678.932,731242.445,7.3,"POTR5",243,-0.453990499739547,2018-05-20,140,3,NA,25,2.5,0.2,"success",1,"183","176",0.975789,7.8882499,266.1570129,28.5111008,18.1285,62.6870003,61.4842987,61.4842987,5.5148101,70,13,57,10.4209995,0,0,0,0
"128","EMFWOR_NCAMC5-01A_2018","2018-07-05",0,0,"F",2018,"EMFWOR","EMFWOR_CAMC5","EMFWOR_CAMC5","U",1,"NAD83 10N",4673678.932,731242.445,7.3,"POTR5",243,-0.453990499739547,2018-05-20,140,3,NA,25,2.5,0.2,"success",1,"186","183",0.975789,7.8882499,266.1570129,28.5111008,18.1285,62.6870003,61.4842987,61.4842987,5.5148101,70,13,57,10.4209995,0,0,0,0
"129","EMFWOR_NCAMC5-01A_2020","2020-06-02",0,0,"E",2020,"EMFWOR","EMFWOR_CAMC5","EMFWOR_CAMC5","U",9,"NAD83 10N",4673876,731252,1.5,"POTR5",175,-0.996194698091746,2020-06-09,161,0,0,66.6666666666667,22.5,1,"failure",1,"154",NA,1.1087199,8.3336296,255.272995,30.7194004,16.9845009,61.9243011,60.6629982,60.6629982,5.5148101,61,14,47,11.0150003,0,0,0,0
"130","EMFWOR_NCAMC5-01A_2020","2020-06-03",999,999,"E",2020,"EMFWOR","EMFWOR_CAMC5","EMFWOR_CAMC5","U",9,"NAD83 10N",4673876,731252,1.5,"POTR5",175,-0.996194698091746,2020-06-09,161,0,0,66.6666666666667,22.5,1,"failure",0,"155","154",1.1087199,8.3336296,255.272995,30.7194004,16.9845009,61.9243011,60.6629982,60.6629982,5.5148101,61,14,47,11.0150003,0,0,0,0
"131","EMFWOR_NCAMC5-01A_2020","2020-06-09",1,0,"L",2020,"EMFWOR","EMFWOR_CAMC5","EMFWOR_CAMC5","U",9,"NAD83 10N",4673876,731252,1.5,"POTR5",175,-0.996194698091746,2020-06-09,161,0,0,66.6666666666667,22.5,1,"failure",1,"161","155",1.1087199,8.3336296,255.272995,30.7194004,16.9845009,61.9243011,60.6629982,60.6629982,5.5148101,61,14,47,11.0150003,0,0,0,0
"132","EMFWOR_NCAMC5-01A_2020","2020-06-10",1,0,"L",2020,"EMFWOR","EMFWOR_CAMC5","EMFWOR_CAMC5","U",9,"NAD83 10N",4673876,731252,1.5,"POTR5",175,-0.996194698091746,2020-06-09,161,0,0,66.6666666666667,22.5,1,"failure",1,"162","161",1.1087199,8.3336296,255.272995,30.7194004,16.9845009,61.9243011,60.6629982,60.6629982,5.5148101,61,14,47,11.0150003,0,0,0,0
"133","EMFWOR_NCAMC5-01A_2020","2020-06-19",3,0,"I",2020,"EMFWOR","EMFWOR_CAMC5","EMFWOR_CAMC5","U",9,"NAD83 10N",4673876,731252,1.5,"POTR5",175,-0.996194698091746,2020-06-09,161,0,0,66.6666666666667,22.5,1,"failure",1,"171","162",1.1087199,8.3336296,255.272995,30.7194004,16.9845009,61.9243011,60.6629982,60.6629982,5.5148101,61,14,47,11.0150003,0,0,0,0
"134","EMFWOR_NCAMC5-01A_2020","2020-06-23",3,0,"I",2020,"EMFWOR","EMFWOR_CAMC5","EMFWOR_CAMC5","U",9,"NAD83 10N",4673876,731252,1.5,"POTR5",175,-0.996194698091746,2020-06-09,161,0,0,66.6666666666667,22.5,1,"failure",1,"175","171",1.1087199,8.3336296,255.272995,30.7194004,16.9845009,61.9243011,60.6629982,60.6629982,5.5148101,61,14,47,11.0150003,0,0,0,0
"135","EMFWOR_NCAMC5-01A_2020","2020-06-29",999,999,"I",2020,"EMFWOR","EMFWOR_CAMC5","EMFWOR_CAMC5","U",9,"NAD83 10N",4673876,731252,1.5,"POTR5",175,-0.996194698091746,2020-06-09,161,0,0,66.6666666666667,22.5,1,"failure",0,"181","175",1.1087199,8.3336296,255.272995,30.7194004,16.9845009,61.9243011,60.6629982,60.6629982,5.5148101,61,14,47,11.0150003,0,0,0,0
"136","EMFWOR_NCAMC5-01A_2020","2020-07-01",999,999,"I",2020,"EMFWOR","EMFWOR_CAMC5","EMFWOR_CAMC5","U",9,"NAD83 10N",4673876,731252,1.5,"POTR5",175,-0.996194698091746,2020-06-09,161,0,0,66.6666666666667,22.5,1,"failure",0,"183","181",1.1087199,8.3336296,255.272995,30.7194004,16.9845009,61.9243011,60.6629982,60.6629982,5.5148101,61,14,47,11.0150003,0,0,0,0
"137","EMFWOR_NCAMC5-01A_2020","2020-07-02",0,0,"I",2020,"EMFWOR","EMFWOR_CAMC5","EMFWOR_CAMC5","U",9,"NAD83 10N",4673876,731252,1.5,"POTR5",175,-0.996194698091746,2020-06-09,161,0,0,66.6666666666667,22.5,1,"failure",1,"184","183",1.1087199,8.3336296,255.272995,30.7194004,16.9845009,61.9243011,60.6629982,60.6629982,5.5148101,61,14,47,11.0150003,0,0,0,0
"138","EMFWOR_NCAMC7-06A_2015","2015-06-16",4,0,"I",2015,"EMFWOR","EMFWOR_CAMC7","EMFWOR_CAMC7","U",1,"NAD83 10N",4676247.396,730509.493,1.7,"POTR5",191,-0.981627183447664,2015-06-01,152,4,NA,91.6666666666667,5,0.307692307692308,"success",1,"167",NA,14.4692001,183.1040039,341.3900146,19.566,61.3083,29.6275005,60.4869003,7.71487,60.4869003,55,42,13,319.4909973,0,0,0,0
"139","EMFWOR_NCAMC7-06A_2015","2015-06-19",999,999,"N",2015,"EMFWOR","EMFWOR_CAMC7","EMFWOR_CAMC7","U",1,"NAD83 10N",4676247.396,730509.493,1.7,"POTR5",191,-0.981627183447664,2015-06-01,152,4,NA,91.6666666666667,5,0.307692307692308,"success",0,"170","167",14.4692001,183.1040039,341.3900146,19.566,61.3083,29.6275005,60.4869003,7.71487,60.4869003,55,42,13,319.4909973,0,0,0,0
"140","EMFWOR_NCAMC7-06A_2015","2015-06-23",0,4,"N",2015,"EMFWOR","EMFWOR_CAMC7","EMFWOR_CAMC7","U",1,"NAD83 10N",4676247.396,730509.493,1.7,"POTR5",191,-0.981627183447664,2015-06-01,152,4,NA,91.6666666666667,5,0.307692307692308,"success",1,"174","170",14.4692001,183.1040039,341.3900146,19.566,61.3083,29.6275005,60.4869003,7.71487,60.4869003,55,42,13,319.4909973,0,0,0,0
"141","EMFWOR_NCAMC7-06A_2015","2015-07-01",0,4,"N",2015,"EMFWOR","EMFWOR_CAMC7","EMFWOR_CAMC7","U",1,"NAD83 10N",4676247.396,730509.493,1.7,"POTR5",191,-0.981627183447664,2015-06-01,152,4,NA,91.6666666666667,5,0.307692307692308,"success",1,"182","174",14.4692001,183.1040039,341.3900146,19.566,61.3083,29.6275005,60.4869003,7.71487,60.4869003,55,42,13,319.4909973,0,0,0,0
"142","EMFWOR_NCAMC7-06A_2015","2015-07-08",0,4,"N",2015,"EMFWOR","EMFWOR_CAMC7","EMFWOR_CAMC7","U",1,"NAD83 10N",4676247.396,730509.493,1.7,"POTR5",191,-0.981627183447664,2015-06-01,152,4,NA,91.6666666666667,5,0.307692307692308,"success",1,"189","182",14.4692001,183.1040039,341.3900146,19.566,61.3083,29.6275005,60.4869003,7.71487,60.4869003,55,42,13,319.4909973,0,0,0,0
"143","EMFWOR_NCAMC7-06A_2015","2015-07-09",0,4,"N",2015,"EMFWOR","EMFWOR_CAMC7","EMFWOR_CAMC7","U",1,"NAD83 10N",4676247.396,730509.493,1.7,"POTR5",191,-0.981627183447664,2015-06-01,152,4,NA,91.6666666666667,5,0.307692307692308,"success",1,"190","189",14.4692001,183.1040039,341.3900146,19.566,61.3083,29.6275005,60.4869003,7.71487,60.4869003,55,42,13,319.4909973,0,0,0,0
"144","EMFWOR_NCAMC7-06A_2015","2015-07-14",0,4,"N",2015,"EMFWOR","EMFWOR_CAMC7","EMFWOR_CAMC7","U",1,"NAD83 10N",4676247.396,730509.493,1.7,"POTR5",191,-0.981627183447664,2015-06-01,152,4,NA,91.6666666666667,5,0.307692307692308,"success",1,"195","190",14.4692001,183.1040039,341.3900146,19.566,61.3083,29.6275005,60.4869003,7.71487,60.4869003,55,42,13,319.4909973,0,0,0,0
"145","EMFWOR_NCAMC7-06A_2015","2015-07-22",0,0,"F",2015,"EMFWOR","EMFWOR_CAMC7","EMFWOR_CAMC7","U",1,"NAD83 10N",4676247.396,730509.493,1.7,"POTR5",191,-0.981627183447664,2015-06-01,152,4,NA,91.6666666666667,5,0.307692307692308,"success",1,"203","195",14.4692001,183.1040039,341.3900146,19.566,61.3083,29.6275005,60.4869003,7.71487,60.4869003,55,42,13,319.4909973,0,0,0,0
"146","EMFWOR_NCAMC7-06A_2018","2018-06-18",0,4,"N",2018,"EMFWOR","EMFWOR_CAMC7","EMFWOR_CAMC7","U",1,"NAD83 10N",4676215.028,730511.661,7.5,"POTR5",272,0.0348994967025013,2018-05-28,148,4,1,100,7.5,0.266666666666667,"success",1,"169",NA,14.1576996,178.345993,340.54599,18.4986992,59.9883003,30.0967999,59.0495987,7.71487,59.0495987,55,42,13,313.348999,0,0,0,0
"147","EMFWOR_NCAMC7-06A_2018","2018-06-26",0,4,"N",2018,"EMFWOR","EMFWOR_CAMC7","EMFWOR_CAMC7","U",1,"NAD83 10N",4676215.028,730511.661,7.5,"POTR5",272,0.0348994967025013,2018-05-28,148,4,1,100,7.5,0.266666666666667,"success",1,"177","169",14.1576996,178.345993,340.54599,18.4986992,59.9883003,30.0967999,59.0495987,7.71487,59.0495987,55,42,13,313.348999,0,0,0,0
"148","EMFWOR_NCAMC7-06A_2018","2018-07-02",0,4,"N",2018,"EMFWOR","EMFWOR_CAMC7","EMFWOR_CAMC7","U",1,"NAD83 10N",4676215.028,730511.661,7.5,"POTR5",272,0.0348994967025013,2018-05-28,148,4,1,100,7.5,0.266666666666667,"success",1,"183","177",14.1576996,178.345993,340.54599,18.4986992,59.9883003,30.0967999,59.0495987,7.71487,59.0495987,55,42,13,313.348999,0,0,0,0
"149","EMFWOR_NCAMC7-06A_2018","2018-07-09",0,1,"N",2018,"EMFWOR","EMFWOR_CAMC7","EMFWOR_CAMC7","U",1,"NAD83 10N",4676215.028,730511.661,7.5,"POTR5",272,0.0348994967025013,2018-05-28,148,4,1,100,7.5,0.266666666666667,"success",1,"190","183",14.1576996,178.345993,340.54599,18.4986992,59.9883003,30.0967999,59.0495987,7.71487,59.0495987,55,42,13,313.348999,0,0,0,0
"150","EMFWOR_NCAMC7-06A_2018","2018-07-10",999,999,"F",2018,"EMFWOR","EMFWOR_CAMC7","EMFWOR_CAMC7","U",1,"NAD83 10N",4676215.028,730511.661,7.5,"POTR5",272,0.0348994967025013,2018-05-28,148,4,1,100,7.5,0.266666666666667,"success",0,"191","190",14.1576996,178.345993,340.54599,18.4986992,59.9883003,30.0967999,59.0495987,7.71487,59.0495987,55,42,13,313.348999,0,0,0,0
"151","EMFWOR_NCAMC7-06A_2020","2020-06-25",0,2,"N",2020,"EMFWOR","EMFWOR_CAMC7","EMFWOR_CAMC7","U",1,"NAD83 10N",4676306,730512,4,"PIPO",330,0.866025403784438,2020-05-24,145,2,NA,16.6666666666667,5,0.166666666666667,"success",1,"177",NA,19.6469994,192.0059967,296.1889954,21.6956997,64.0363998,28.3367996,63.3030014,7.71487,63.3030014,48,38,10,400.2539978,0,0,0,0
"152","EMFWOR_NCAMC7-06A_2020","2020-06-30",999,999,"N",2020,"EMFWOR","EMFWOR_CAMC7","EMFWOR_CAMC7","U",1,"NAD83 10N",4676306,730512,4,"PIPO",330,0.866025403784438,2020-05-24,145,2,NA,16.6666666666667,5,0.166666666666667,"success",0,"182","177",19.6469994,192.0059967,296.1889954,21.6956997,64.0363998,28.3367996,63.3030014,7.71487,63.3030014,48,38,10,400.2539978,0,0,0,0
"153","EMFWOR_NCAMC7-06A_2020","2020-07-02",0,2,"N",2020,"EMFWOR","EMFWOR_CAMC7","EMFWOR_CAMC7","U",1,"NAD83 10N",4676306,730512,4,"PIPO",330,0.866025403784438,2020-05-24,145,2,NA,16.6666666666667,5,0.166666666666667,"success",1,"184","182",19.6469994,192.0059967,296.1889954,21.6956997,64.0363998,28.3367996,63.3030014,7.71487,63.3030014,48,38,10,400.2539978,0,0,0,0
"154","EMFWOR_NCAMC7-06A_2020","2020-07-06",0,0,"F",2020,"EMFWOR","EMFWOR_CAMC7","EMFWOR_CAMC7","U",1,"NAD83 10N",4676306,730512,4,"PIPO",330,0.866025403784438,2020-05-24,145,2,NA,16.6666666666667,5,0.166666666666667,"success",1,"188","184",19.6469994,192.0059967,296.1889954,21.6956997,64.0363998,28.3367996,63.3030014,7.71487,63.3030014,48,38,10,400.2539978,0,0,0,0
"155","EMFWOR_NCAMC8-06A_2016","2016-07-01",999,999,"N",2016,"EMFWOR","EMFWOR_CAMC8","EMFWOR_CAMC8","U",1,"NAD83 10N",4674072.146,730136.1,3.8,"PIPO",255,-0.258819045102521,2016-06-05,157,3,1,66.6666666666667,2.5,0.7,"success",0,"183",NA,0.715263,2.22228,145.1529999,21.8687992,17.7178001,51.7747002,49.8973007,49.8973007,2.2880599,99,23,76,6.4987001,0,0,0,0
"156","EMFWOR_NCAMC8-06A_2016","2016-07-05",0,3,"N",2016,"EMFWOR","EMFWOR_CAMC8","EMFWOR_CAMC8","U",1,"NAD83 10N",4674072.146,730136.1,3.8,"PIPO",255,-0.258819045102521,2016-06-05,157,3,1,66.6666666666667,2.5,0.7,"success",1,"187","183",0.715263,2.22228,145.1529999,21.8687992,17.7178001,51.7747002,49.8973007,49.8973007,2.2880599,99,23,76,6.4987001,0,0,0,0
"157","EMFWOR_NCAMC8-06A_2016","2016-07-08",999,999,"N",2016,"EMFWOR","EMFWOR_CAMC8","EMFWOR_CAMC8","U",1,"NAD83 10N",4674072.146,730136.1,3.8,"PIPO",255,-0.258819045102521,2016-06-05,157,3,1,66.6666666666667,2.5,0.7,"success",0,"190","187",0.715263,2.22228,145.1529999,21.8687992,17.7178001,51.7747002,49.8973007,49.8973007,2.2880599,99,23,76,6.4987001,0,0,0,0
"158","EMFWOR_NCAMC8-06A_2016","2016-07-11",999,999,"N",2016,"EMFWOR","EMFWOR_CAMC8","EMFWOR_CAMC8","U",1,"NAD83 10N",4674072.146,730136.1,3.8,"PIPO",255,-0.258819045102521,2016-06-05,157,3,1,66.6666666666667,2.5,0.7,"success",0,"193","190",0.715263,2.22228,145.1529999,21.8687992,17.7178001,51.7747002,49.8973007,49.8973007,2.2880599,99,23,76,6.4987001,0,0,0,0
"159","EMFWOR_NCAMC8-06A_2016","2016-07-13",999,999,"N",2016,"EMFWOR","EMFWOR_CAMC8","EMFWOR_CAMC8","U",1,"NAD83 10N",4674072.146,730136.1,3.8,"PIPO",255,-0.258819045102521,2016-06-05,157,3,1,66.6666666666667,2.5,0.7,"success",0,"195","193",0.715263,2.22228,145.1529999,21.8687992,17.7178001,51.7747002,49.8973007,49.8973007,2.2880599,99,23,76,6.4987001,0,0,0,0
"160","EMFWOR_NCAMC8-06A_2016","2016-07-15",0,2,"N",2016,"EMFWOR","EMFWOR_CAMC8","EMFWOR_CAMC8","U",1,"NAD83 10N",4674072.146,730136.1,3.8,"PIPO",255,-0.258819045102521,2016-06-05,157,3,1,66.6666666666667,2.5,0.7,"success",1,"197","195",0.715263,2.22228,145.1529999,21.8687992,17.7178001,51.7747002,49.8973007,49.8973007,2.2880599,99,23,76,6.4987001,0,0,0,0
"161","EMFWOR_NCAMC8-06A_2016","2016-07-18",0,0,"F",2016,"EMFWOR","EMFWOR_CAMC8","EMFWOR_CAMC8","U",1,"NAD83 10N",4674072.146,730136.1,3.8,"PIPO",255,-0.258819045102521,2016-06-05,157,3,1,66.6666666666667,2.5,0.7,"success",1,"200","197",0.715263,2.22228,145.1529999,21.8687992,17.7178001,51.7747002,49.8973007,49.8973007,2.2880599,99,23,76,6.4987001,0,0,0,0
"162","EMFWOR_NCAMC8-07A_2017","2017-05-31",5,0,"I",2017,"EMFWOR","EMFWOR_CAMC8","EMFWOR_CAMC8","U",1,"NAD83 10N",4674257.705,730403.539,1.8,"POTR5",322,0.788010753606722,2017-05-22,142,3,NA,25,2.5,0.666666666666667,"success",1,"151",NA,0.971379,5.1498399,207.4019928,21.7194004,18.3631992,51.5400009,49.1053009,49.1053009,4.75213,83,25,58,7.5199399,0,0,0,0
"163","EMFWOR_NCAMC8-07A_2017","2017-06-03",5,0,"I",2017,"EMFWOR","EMFWOR_CAMC8","EMFWOR_CAMC8","U",1,"NAD83 10N",4674257.705,730403.539,1.8,"POTR5",322,0.788010753606722,2017-05-22,142,3,NA,25,2.5,0.666666666666667,"success",1,"154","151",0.971379,5.1498399,207.4019928,21.7194004,18.3631992,51.5400009,49.1053009,49.1053009,4.75213,83,25,58,7.5199399,0,0,0,0
"164","EMFWOR_NCAMC8-07A_2017","2017-06-06",5,0,"I",2017,"EMFWOR","EMFWOR_CAMC8","EMFWOR_CAMC8","U",1,"NAD83 10N",4674257.705,730403.539,1.8,"POTR5",322,0.788010753606722,2017-05-22,142,3,NA,25,2.5,0.666666666666667,"success",1,"157","154",0.971379,5.1498399,207.4019928,21.7194004,18.3631992,51.5400009,49.1053009,49.1053009,4.75213,83,25,58,7.5199399,0,0,0,0
"165","EMFWOR_NCAMC8-07A_2017","2017-06-08",5,0,"I",2017,"EMFWOR","EMFWOR_CAMC8","EMFWOR_CAMC8","U",1,"NAD83 10N",4674257.705,730403.539,1.8,"POTR5",322,0.788010753606722,2017-05-22,142,3,NA,25,2.5,0.666666666666667,"success",1,"159","157",0.971379,5.1498399,207.4019928,21.7194004,18.3631992,51.5400009,49.1053009,49.1053009,4.75213,83,25,58,7.5199399,0,0,0,0
"166","EMFWOR_NCAMC8-07A_2017","2017-06-13",0,3,"N",2017,"EMFWOR","EMFWOR_CAMC8","EMFWOR_CAMC8","U",1,"NAD83 10N",4674257.705,730403.539,1.8,"POTR5",322,0.788010753606722,2017-05-22,142,3,NA,25,2.5,0.666666666666667,"success",1,"164","159",0.971379,5.1498399,207.4019928,21.7194004,18.3631992,51.5400009,49.1053009,49.1053009,4.75213,83,25,58,7.5199399,0,0,0,0
"167","EMFWOR_NCAMC8-07A_2017","2017-06-20",0,3,"N",2017,"EMFWOR","EMFWOR_CAMC8","EMFWOR_CAMC8","U",1,"NAD83 10N",4674257.705,730403.539,1.8,"POTR5",322,0.788010753606722,2017-05-22,142,3,NA,25,2.5,0.666666666666667,"success",1,"171","164",0.971379,5.1498399,207.4019928,21.7194004,18.3631992,51.5400009,49.1053009,49.1053009,4.75213,83,25,58,7.5199399,0,0,0,0
"168","EMFWOR_NCAMC8-07A_2017","2017-06-27",0,3,"N",2017,"EMFWOR","EMFWOR_CAMC8","EMFWOR_CAMC8","U",1,"NAD83 10N",4674257.705,730403.539,1.8,"POTR5",322,0.788010753606722,2017-05-22,142,3,NA,25,2.5,0.666666666666667,"success",1,"178","171",0.971379,5.1498399,207.4019928,21.7194004,18.3631992,51.5400009,49.1053009,49.1053009,4.75213,83,25,58,7.5199399,0,0,0,0
"169","EMFWOR_NCAMC8-07A_2017","2017-06-30",0,3,"N",2017,"EMFWOR","EMFWOR_CAMC8","EMFWOR_CAMC8","U",1,"NAD83 10N",4674257.705,730403.539,1.8,"POTR5",322,0.788010753606722,2017-05-22,142,3,NA,25,2.5,0.666666666666667,"success",1,"181","178",0.971379,5.1498399,207.4019928,21.7194004,18.3631992,51.5400009,49.1053009,49.1053009,4.75213,83,25,58,7.5199399,0,0,0,0
"170","EMFWOR_NCAMC8-07A_2017","2017-07-07",0,0,"F",2017,"EMFWOR","EMFWOR_CAMC8","EMFWOR_CAMC8","U",1,"NAD83 10N",4674257.705,730403.539,1.8,"POTR5",322,0.788010753606722,2017-05-22,142,3,NA,25,2.5,0.666666666666667,"success",1,"188","181",0.971379,5.1498399,207.4019928,21.7194004,18.3631992,51.5400009,49.1053009,49.1053009,4.75213,83,25,58,7.5199399,0,0,0,0
"171","EMFWOR_NCAMC8-07A_2018","2018-05-29",3,0,"I",2018,"EMFWOR","EMFWOR_CAMC8","EMFWOR_CAMC8","U",1,"NAD83 10N",4674257.705,730403.539,1.8,"POTR5",322,0.788010753606722,2018-05-23,143,2,NA,25,2.5,0.666666666666667,"success",1,"149",NA,0.971379,5.1498399,207.4019928,21.7194004,18.3631992,51.5400009,49.1053009,49.1053009,4.75213,83,25,58,7.5199399,0,0,0,0
"172","EMFWOR_NCAMC8-07A_2018","2018-06-01",999,999,"I",2018,"EMFWOR","EMFWOR_CAMC8","EMFWOR_CAMC8","U",1,"NAD83 10N",4674257.705,730403.539,1.8,"POTR5",322,0.788010753606722,2018-05-23,143,2,NA,25,2.5,0.666666666666667,"success",0,"152","149",0.971379,5.1498399,207.4019928,21.7194004,18.3631992,51.5400009,49.1053009,49.1053009,4.75213,83,25,58,7.5199399,0,0,0,0
"173","EMFWOR_NCAMC8-07A_2018","2018-06-04",3,0,"I",2018,"EMFWOR","EMFWOR_CAMC8","EMFWOR_CAMC8","U",1,"NAD83 10N",4674257.705,730403.539,1.8,"POTR5",322,0.788010753606722,2018-05-23,143,2,NA,25,2.5,0.666666666666667,"success",1,"155","152",0.971379,5.1498399,207.4019928,21.7194004,18.3631992,51.5400009,49.1053009,49.1053009,4.75213,83,25,58,7.5199399,0,0,0,0
"174","EMFWOR_NCAMC8-07A_2018","2018-06-07",999,999,"I",2018,"EMFWOR","EMFWOR_CAMC8","EMFWOR_CAMC8","U",1,"NAD83 10N",4674257.705,730403.539,1.8,"POTR5",322,0.788010753606722,2018-05-23,143,2,NA,25,2.5,0.666666666666667,"success",0,"158","155",0.971379,5.1498399,207.4019928,21.7194004,18.3631992,51.5400009,49.1053009,49.1053009,4.75213,83,25,58,7.5199399,0,0,0,0
"175","EMFWOR_NCAMC8-07A_2018","2018-06-11",1,2,"N",2018,"EMFWOR","EMFWOR_CAMC8","EMFWOR_CAMC8","U",1,"NAD83 10N",4674257.705,730403.539,1.8,"POTR5",322,0.788010753606722,2018-05-23,143,2,NA,25,2.5,0.666666666666667,"success",1,"162","158",0.971379,5.1498399,207.4019928,21.7194004,18.3631992,51.5400009,49.1053009,49.1053009,4.75213,83,25,58,7.5199399,0,0,0,0
"176","EMFWOR_NCAMC8-07A_2018","2018-06-20",1,2,"N",2018,"EMFWOR","EMFWOR_CAMC8","EMFWOR_CAMC8","U",1,"NAD83 10N",4674257.705,730403.539,1.8,"POTR5",322,0.788010753606722,2018-05-23,143,2,NA,25,2.5,0.666666666666667,"success",1,"171","162",0.971379,5.1498399,207.4019928,21.7194004,18.3631992,51.5400009,49.1053009,49.1053009,4.75213,83,25,58,7.5199399,0,0,0,0
"177","EMFWOR_NCAMC8-07A_2018","2018-06-26",0,2,"N",2018,"EMFWOR","EMFWOR_CAMC8","EMFWOR_CAMC8","U",1,"NAD83 10N",4674257.705,730403.539,1.8,"POTR5",322,0.788010753606722,2018-05-23,143,2,NA,25,2.5,0.666666666666667,"success",1,"177","171",0.971379,5.1498399,207.4019928,21.7194004,18.3631992,51.5400009,49.1053009,49.1053009,4.75213,83,25,58,7.5199399,0,0,0,0
"178","EMFWOR_NCAMC8-07A_2018","2018-07-02",0,2,"N",2018,"EMFWOR","EMFWOR_CAMC8","EMFWOR_CAMC8","U",1,"NAD83 10N",4674257.705,730403.539,1.8,"POTR5",322,0.788010753606722,2018-05-23,143,2,NA,25,2.5,0.666666666666667,"success",1,"183","177",0.971379,5.1498399,207.4019928,21.7194004,18.3631992,51.5400009,49.1053009,49.1053009,4.75213,83,25,58,7.5199399,0,0,0,0
"179","EMFWOR_NCAMC8-07A_2018","2018-07-06",0,0,"F",2018,"EMFWOR","EMFWOR_CAMC8","EMFWOR_CAMC8","U",1,"NAD83 10N",4674257.705,730403.539,1.8,"POTR5",322,0.788010753606722,2018-05-23,143,2,NA,25,2.5,0.666666666666667,"success",1,"187","183",0.971379,5.1498399,207.4019928,21.7194004,18.3631992,51.5400009,49.1053009,49.1053009,4.75213,83,25,58,7.5199399,0,0,0,0
"180","EMFWOR_NCAMC8-07A_2019","2019-06-06",2,0,"I",2019,"EMFWOR","EMFWOR_CAMC8","EMFWOR_CAMC8","U",9,"NAD83 10N",4674257.705,730403.539,1.8,"POTR5",322,0.788010753606722,NA,NA,0,0,25,2.5,0.666666666666667,"failure",1,"157",NA,0.971379,5.1498399,207.4019928,21.7194004,18.3631992,51.5400009,49.1053009,49.1053009,4.75213,83,25,58,7.5199399,0,0,0,0
"181","EMFWOR_NCAMC8-07A_2019","2019-06-10",0,0,"I",2019,"EMFWOR","EMFWOR_CAMC8","EMFWOR_CAMC8","U",9,"NAD83 10N",4674257.705,730403.539,1.8,"POTR5",322,0.788010753606722,NA,NA,0,0,25,2.5,0.666666666666667,"failure",1,"161","157",0.971379,5.1498399,207.4019928,21.7194004,18.3631992,51.5400009,49.1053009,49.1053009,4.75213,83,25,58,7.5199399,0,0,0,0
"182","EMFWOR_NCAMC8-09A_2019","2019-07-15",0,2,"N",2019,"EMFWOR","EMFWOR_CAMC8","EMFWOR_CAMC8","U",1,"NAD83 10N",4674717.222,730382.053,4,"POTR5",322,0.788010753606722,2019-06-23,174,2,2,25,0,0,"success",1,"196",NA,1.19204,8.2635002,243.5619965,20.2094994,19.0377998,48.1665993,42.4757996,42.4757996,6.6001801,80,31,49,13.4891005,0,0,0,0
"183","EMFWOR_NCAMC8-09A_2019","2019-07-18",0,2,"N",2019,"EMFWOR","EMFWOR_CAMC8","EMFWOR_CAMC8","U",1,"NAD83 10N",4674717.222,730382.053,4,"POTR5",322,0.788010753606722,2019-06-23,174,2,2,25,0,0,"success",1,"199","196",1.19204,8.2635002,243.5619965,20.2094994,19.0377998,48.1665993,42.4757996,42.4757996,6.6001801,80,31,49,13.4891005,0,0,0,0
"184","EMFWOR_NCAMC8-09A_2019","2019-07-22",0,2,"N",2019,"EMFWOR","EMFWOR_CAMC8","EMFWOR_CAMC8","U",1,"NAD83 10N",4674717.222,730382.053,4,"POTR5",322,0.788010753606722,2019-06-23,174,2,2,25,0,0,"success",1,"203","199",1.19204,8.2635002,243.5619965,20.2094994,19.0377998,48.1665993,42.4757996,42.4757996,6.6001801,80,31,49,13.4891005,0,0,0,0
"185","EMFWOR_NCAMC8-09A_2019","2019-07-25",0,2,"N",2019,"EMFWOR","EMFWOR_CAMC8","EMFWOR_CAMC8","U",1,"NAD83 10N",4674717.222,730382.053,4,"POTR5",322,0.788010753606722,2019-06-23,174,2,2,25,0,0,"success",1,"206","203",1.19204,8.2635002,243.5619965,20.2094994,19.0377998,48.1665993,42.4757996,42.4757996,6.6001801,80,31,49,13.4891005,0,0,0,0
"186","EMFWOR_NCAMC8-09A_2019","2019-07-29",0,2,"N",2019,"EMFWOR","EMFWOR_CAMC8","EMFWOR_CAMC8","U",1,"NAD83 10N",4674717.222,730382.053,4,"POTR5",322,0.788010753606722,2019-06-23,174,2,2,25,0,0,"success",1,"210","206",1.19204,8.2635002,243.5619965,20.2094994,19.0377998,48.1665993,42.4757996,42.4757996,6.6001801,80,31,49,13.4891005,0,0,0,0
"187","EMFWOR_NCAMC8-09A_2019","2019-08-01",0,2,"N",2019,"EMFWOR","EMFWOR_CAMC8","EMFWOR_CAMC8","U",1,"NAD83 10N",4674717.222,730382.053,4,"POTR5",322,0.788010753606722,2019-06-23,174,2,2,25,0,0,"success",1,"213","210",1.19204,8.2635002,243.5619965,20.2094994,19.0377998,48.1665993,42.4757996,42.4757996,6.6001801,80,31,49,13.4891005,0,0,0,0
"188","EMFWOR_NCAMC8-09A_2019","2019-08-05",0,0,"F",2019,"EMFWOR","EMFWOR_CAMC8","EMFWOR_CAMC8","U",1,"NAD83 10N",4674717.222,730382.053,4,"POTR5",322,0.788010753606722,2019-06-23,174,2,2,25,0,0,"success",1,"217","213",1.19204,8.2635002,243.5619965,20.2094994,19.0377998,48.1665993,42.4757996,42.4757996,6.6001801,80,31,49,13.4891005,0,0,0,0
"189","EMFWOR_NCAMC8-09A_2020","2020-06-08",4,0,"I",2020,"EMFWOR","EMFWOR_CAMC8","EMFWOR_CAMC8","U",1,"NAD83 10N",4674912,730393,2.4,"POTR5",333,0.891006524188368,2020-06-01,153,2,NA,66.6666666666667,7.5,0.0833333333333333,"success",1,"160",NA,1.45565,25.0028,402.1990051,16.6655006,21.8246002,45.2625008,37.547699,37.547699,13.1709995,80,34,46,23.2861004,0,0,0,0
"190","EMFWOR_NCAMC8-09A_2020","2020-06-11",999,999,"I",2020,"EMFWOR","EMFWOR_CAMC8","EMFWOR_CAMC8","U",1,"NAD83 10N",4674912,730393,2.4,"POTR5",333,0.891006524188368,2020-06-01,153,2,NA,66.6666666666667,7.5,0.0833333333333333,"success",0,"163","160",1.45565,25.0028,402.1990051,16.6655006,21.8246002,45.2625008,37.547699,37.547699,13.1709995,80,34,46,23.2861004,0,0,0,0
"191","EMFWOR_NCAMC8-09A_2020","2020-06-16",999,999,"I",2020,"EMFWOR","EMFWOR_CAMC8","EMFWOR_CAMC8","U",1,"NAD83 10N",4674912,730393,2.4,"POTR5",333,0.891006524188368,2020-06-01,153,2,NA,66.6666666666667,7.5,0.0833333333333333,"success",0,"168","163",1.45565,25.0028,402.1990051,16.6655006,21.8246002,45.2625008,37.547699,37.547699,13.1709995,80,34,46,23.2861004,0,0,0,0
"192","EMFWOR_NCAMC8-09A_2020","2020-06-23",0,2,"N",2020,"EMFWOR","EMFWOR_CAMC8","EMFWOR_CAMC8","U",1,"NAD83 10N",4674912,730393,2.4,"POTR5",333,0.891006524188368,2020-06-01,153,2,NA,66.6666666666667,7.5,0.0833333333333333,"success",1,"175","168",1.45565,25.0028,402.1990051,16.6655006,21.8246002,45.2625008,37.547699,37.547699,13.1709995,80,34,46,23.2861004,0,0,0,0
"193","EMFWOR_NCAMC8-09A_2020","2020-06-29",0,2,"N",2020,"EMFWOR","EMFWOR_CAMC8","EMFWOR_CAMC8","U",1,"NAD83 10N",4674912,730393,2.4,"POTR5",333,0.891006524188368,2020-06-01,153,2,NA,66.6666666666667,7.5,0.0833333333333333,"success",1,"181","175",1.45565,25.0028,402.1990051,16.6655006,21.8246002,45.2625008,37.547699,37.547699,13.1709995,80,34,46,23.2861004,0,0,0,0
"194","EMFWOR_NCAMC8-09A_2020","2020-07-01",999,999,"N",2020,"EMFWOR","EMFWOR_CAMC8","EMFWOR_CAMC8","U",1,"NAD83 10N",4674912,730393,2.4,"POTR5",333,0.891006524188368,2020-06-01,153,2,NA,66.6666666666667,7.5,0.0833333333333333,"success",0,"183","181",1.45565,25.0028,402.1990051,16.6655006,21.8246002,45.2625008,37.547699,37.547699,13.1709995,80,34,46,23.2861004,0,0,0,0
"195","EMFWOR_NCAMC8-09A_2020","2020-07-06",999,999,"N",2020,"EMFWOR","EMFWOR_CAMC8","EMFWOR_CAMC8","U",1,"NAD83 10N",4674912,730393,2.4,"POTR5",333,0.891006524188368,2020-06-01,153,2,NA,66.6666666666667,7.5,0.0833333333333333,"success",0,"188","183",1.45565,25.0028,402.1990051,16.6655006,21.8246002,45.2625008,37.547699,37.547699,13.1709995,80,34,46,23.2861004,0,0,0,0
"196","EMFWOR_NCAMC8-09A_2020","2020-07-08",999,999,"N",2020,"EMFWOR","EMFWOR_CAMC8","EMFWOR_CAMC8","U",1,"NAD83 10N",4674912,730393,2.4,"POTR5",333,0.891006524188368,2020-06-01,153,2,NA,66.6666666666667,7.5,0.0833333333333333,"success",0,"190","188",1.45565,25.0028,402.1990051,16.6655006,21.8246002,45.2625008,37.547699,37.547699,13.1709995,80,34,46,23.2861004,0,0,0,0
"197","EMFWOR_NCAMC8-09A_2020","2020-07-10",0,2,"N",2020,"EMFWOR","EMFWOR_CAMC8","EMFWOR_CAMC8","U",1,"NAD83 10N",4674912,730393,2.4,"POTR5",333,0.891006524188368,2020-06-01,153,2,NA,66.6666666666667,7.5,0.0833333333333333,"success",1,"192","190",1.45565,25.0028,402.1990051,16.6655006,21.8246002,45.2625008,37.547699,37.547699,13.1709995,80,34,46,23.2861004,0,0,0,0
"198","EMFWOR_NCAMC8-09A_2020","2020-07-13",0,1,"N",2020,"EMFWOR","EMFWOR_CAMC8","EMFWOR_CAMC8","U",1,"NAD83 10N",4674912,730393,2.4,"POTR5",333,0.891006524188368,2020-06-01,153,2,NA,66.6666666666667,7.5,0.0833333333333333,"success",1,"195","192",1.45565,25.0028,402.1990051,16.6655006,21.8246002,45.2625008,37.547699,37.547699,13.1709995,80,34,46,23.2861004,0,0,0,0
"199","EMFWOR_NCAMC8-09A_2020","2020-07-15",0,0,"F",2020,"EMFWOR","EMFWOR_CAMC8","EMFWOR_CAMC8","U",1,"NAD83 10N",4674912,730393,2.4,"POTR5",333,0.891006524188368,2020-06-01,153,2,NA,66.6666666666667,7.5,0.0833333333333333,"success",1,"197","195",1.45565,25.0028,402.1990051,16.6655006,21.8246002,45.2625008,37.547699,37.547699,13.1709995,80,34,46,23.2861004,0,0,0,0
"200","EMFWOR_NLFTT2-01A_2017","2017-06-29",1,3,"N",2017,"EMFWOR","EMFWOR_LFTT2","EMFWOR_LFTT2","H",1,"NAD83 10N",4684345.878,726668.276,5.6,"POTR5",310,0.642787609686539,2017-06-05,156,3,NA,58.3333333333333,0,0,"success",1,"180",NA,2.2240701,24.8281002,318.8009949,8.5064898,42.7691002,43.8251991,28.0433998,28.0433998,12.6136999,104,45,59,55.3098984,25.0806999,0,0,12.9580002
"201","EMFWOR_NLFTT2-01A_2017","2017-07-11",0,3,"N",2017,"EMFWOR","EMFWOR_LFTT2","EMFWOR_LFTT2","H",1,"NAD83 10N",4684345.878,726668.276,5.6,"POTR5",310,0.642787609686539,2017-06-05,156,3,NA,58.3333333333333,0,0,"success",1,"192","180",2.2240701,24.8281002,318.8009949,8.5064898,42.7691002,43.8251991,28.0433998,28.0433998,12.6136999,104,45,59,55.3098984,25.0806999,0,0,12.9580002
"202","EMFWOR_NLFTT2-01A_2017","2017-07-17",0,1,"N",2017,"EMFWOR","EMFWOR_LFTT2","EMFWOR_LFTT2","H",1,"NAD83 10N",4684345.878,726668.276,5.6,"POTR5",310,0.642787609686539,2017-06-05,156,3,NA,58.3333333333333,0,0,"success",1,"198","192",2.2240701,24.8281002,318.8009949,8.5064898,42.7691002,43.8251991,28.0433998,28.0433998,12.6136999,104,45,59,55.3098984,25.0806999,0,0,12.9580002
"203","EMFWOR_NLFTT2-01A_2017","2017-07-20",0,0,"F",2017,"EMFWOR","EMFWOR_LFTT2","EMFWOR_LFTT2","H",1,"NAD83 10N",4684345.878,726668.276,5.6,"POTR5",310,0.642787609686539,2017-06-05,156,3,NA,58.3333333333333,0,0,"success",1,"201","198",2.2240701,24.8281002,318.8009949,8.5064898,42.7691002,43.8251991,28.0433998,28.0433998,12.6136999,104,45,59,55.3098984,25.0806999,0,0,12.9580002
"204","EMFWOR_NLFTT2-01A_2018","2018-06-07",5,0,"I",2018,"EMFWOR","Incidental","38","H",1,"NAD83 10N",4683130.505,726414.789,4.2,"PIPO",330,0.866025403784438,2018-05-30,150,3,1,16.6666666666667,17.5,0.333333333333333,"success",1,"158",NA,0.783443,3.8110199,196.5820007,33.0191994,15.5763998,63.7136993,63.0976982,63.0976982,2.4054,69,8,61,6.0820498,14.6377001,0,0,0
"205","EMFWOR_NLFTT2-01A_2018","2018-06-15",999,999,"I",2018,"EMFWOR","Incidental","38","H",1,"NAD83 10N",4683130.505,726414.789,4.2,"PIPO",330,0.866025403784438,2018-05-30,150,3,1,16.6666666666667,17.5,0.333333333333333,"success",0,"166","158",0.783443,3.8110199,196.5820007,33.0191994,15.5763998,63.7136993,63.0976982,63.0976982,2.4054,69,8,61,6.0820498,14.6377001,0,0,0
"206","EMFWOR_NLFTT2-01A_2018","2018-06-19",0,4,"N",2018,"EMFWOR","Incidental","38","H",1,"NAD83 10N",4683130.505,726414.789,4.2,"PIPO",330,0.866025403784438,2018-05-30,150,3,1,16.6666666666667,17.5,0.333333333333333,"success",1,"170","166",0.783443,3.8110199,196.5820007,33.0191994,15.5763998,63.7136993,63.0976982,63.0976982,2.4054,69,8,61,6.0820498,14.6377001,0,0,0
"207","EMFWOR_NLFTT2-01A_2018","2018-06-27",0,3,"N",2018,"EMFWOR","Incidental","38","H",1,"NAD83 10N",4683130.505,726414.789,4.2,"PIPO",330,0.866025403784438,2018-05-30,150,3,1,16.6666666666667,17.5,0.333333333333333,"success",1,"178","170",0.783443,3.8110199,196.5820007,33.0191994,15.5763998,63.7136993,63.0976982,63.0976982,2.4054,69,8,61,6.0820498,14.6377001,0,0,0
"208","EMFWOR_NLFTT2-01A_2018","2018-07-06",0,3,"N",2018,"EMFWOR","Incidental","38","H",1,"NAD83 10N",4683130.505,726414.789,4.2,"PIPO",330,0.866025403784438,2018-05-30,150,3,1,16.6666666666667,17.5,0.333333333333333,"success",1,"187","178",0.783443,3.8110199,196.5820007,33.0191994,15.5763998,63.7136993,63.0976982,63.0976982,2.4054,69,8,61,6.0820498,14.6377001,0,0,0
"209","EMFWOR_NLFTT2-01A_2018","2018-07-10",0,3,"N",2018,"EMFWOR","Incidental","38","H",1,"NAD83 10N",4683130.505,726414.789,4.2,"PIPO",330,0.866025403784438,2018-05-30,150,3,1,16.6666666666667,17.5,0.333333333333333,"success",1,"191","187",0.783443,3.8110199,196.5820007,33.0191994,15.5763998,63.7136993,63.0976982,63.0976982,2.4054,69,8,61,6.0820498,14.6377001,0,0,0
"210","EMFWOR_NLFTT2-01A_2018","2018-07-12",0,1,"N",2018,"EMFWOR","Incidental","38","H",1,"NAD83 10N",4683130.505,726414.789,4.2,"PIPO",330,0.866025403784438,2018-05-30,150,3,1,16.6666666666667,17.5,0.333333333333333,"success",1,"193","191",0.783443,3.8110199,196.5820007,33.0191994,15.5763998,63.7136993,63.0976982,63.0976982,2.4054,69,8,61,6.0820498,14.6377001,0,0,0
"211","EMFWOR_NLFTT2-01A_2018","2018-07-16",0,0,"F",2018,"EMFWOR","Incidental","38","H",1,"NAD83 10N",4683130.505,726414.789,4.2,"PIPO",330,0.866025403784438,2018-05-30,150,3,1,16.6666666666667,17.5,0.333333333333333,"success",1,"197","193",0.783443,3.8110199,196.5820007,33.0191994,15.5763998,63.7136993,63.0976982,63.0976982,2.4054,69,8,61,6.0820498,14.6377001,0,0,0
"212","EMFWOR_NLFTT2-01B_2018","2018-06-15",999,999,"I",2018,"EMFWOR","EMFWOR_LFTT2","EMFWOR_LFTT2","H",1,"NAD83 10N",4684325.227,726661.143,7.4,"POTR5",312,0.669130606358858,2018-06-06,157,4,2,41.6666666666667,5,0.333333333333333,"success",0,"166",NA,2.3194699,26.0932007,320.1499939,8.5949898,43.0918007,43.8838005,27.2514,27.2514,12.9949999,100,43,57,56.6669998,30.6247997,0,0,12.7256002
"213","EMFWOR_NLFTT2-01B_2018","2018-06-19",5,0,"I",2018,"EMFWOR","EMFWOR_LFTT2","EMFWOR_LFTT2","H",1,"NAD83 10N",4684325.227,726661.143,7.4,"POTR5",312,0.669130606358858,2018-06-06,157,4,2,41.6666666666667,5,0.333333333333333,"success",1,"170","166",2.3194699,26.0932007,320.1499939,8.5949898,43.0918007,43.8838005,27.2514,27.2514,12.9949999,100,43,57,56.6669998,30.6247997,0,0,12.7256002
"214","EMFWOR_NLFTT2-01B_2018","2018-06-27",0,4,"N",2018,"EMFWOR","EMFWOR_LFTT2","EMFWOR_LFTT2","H",1,"NAD83 10N",4684325.227,726661.143,7.4,"POTR5",312,0.669130606358858,2018-06-06,157,4,2,41.6666666666667,5,0.333333333333333,"success",1,"178","170",2.3194699,26.0932007,320.1499939,8.5949898,43.0918007,43.8838005,27.2514,27.2514,12.9949999,100,43,57,56.6669998,30.6247997,0,0,12.7256002
"215","EMFWOR_NLFTT2-01B_2018","2018-07-06",999,999,"N",2018,"EMFWOR","EMFWOR_LFTT2","EMFWOR_LFTT2","H",1,"NAD83 10N",4684325.227,726661.143,7.4,"POTR5",312,0.669130606358858,2018-06-06,157,4,2,41.6666666666667,5,0.333333333333333,"success",0,"187","178",2.3194699,26.0932007,320.1499939,8.5949898,43.0918007,43.8838005,27.2514,27.2514,12.9949999,100,43,57,56.6669998,30.6247997,0,0,12.7256002
"216","EMFWOR_NLFTT2-01B_2018","2018-07-10",0,4,"N",2018,"EMFWOR","EMFWOR_LFTT2","EMFWOR_LFTT2","H",1,"NAD83 10N",4684325.227,726661.143,7.4,"POTR5",312,0.669130606358858,2018-06-06,157,4,2,41.6666666666667,5,0.333333333333333,"success",1,"191","187",2.3194699,26.0932007,320.1499939,8.5949898,43.0918007,43.8838005,27.2514,27.2514,12.9949999,100,43,57,56.6669998,30.6247997,0,0,12.7256002
"217","EMFWOR_NLFTT2-01B_2018","2018-07-12",0,4,"N",2018,"EMFWOR","EMFWOR_LFTT2","EMFWOR_LFTT2","H",1,"NAD83 10N",4684325.227,726661.143,7.4,"POTR5",312,0.669130606358858,2018-06-06,157,4,2,41.6666666666667,5,0.333333333333333,"success",1,"193","191",2.3194699,26.0932007,320.1499939,8.5949898,43.0918007,43.8838005,27.2514,27.2514,12.9949999,100,43,57,56.6669998,30.6247997,0,0,12.7256002
"218","EMFWOR_NLFTT2-01B_2018","2018-07-16",0,4,"N",2018,"EMFWOR","EMFWOR_LFTT2","EMFWOR_LFTT2","H",1,"NAD83 10N",4684325.227,726661.143,7.4,"POTR5",312,0.669130606358858,2018-06-06,157,4,2,41.6666666666667,5,0.333333333333333,"success",1,"197","193",2.3194699,26.0932007,320.1499939,8.5949898,43.0918007,43.8838005,27.2514,27.2514,12.9949999,100,43,57,56.6669998,30.6247997,0,0,12.7256002
"219","EMFWOR_NLFTT2-01B_2018","2018-07-18",0,4,"N",2018,"EMFWOR","EMFWOR_LFTT2","EMFWOR_LFTT2","H",1,"NAD83 10N",4684325.227,726661.143,7.4,"POTR5",312,0.669130606358858,2018-06-06,157,4,2,41.6666666666667,5,0.333333333333333,"success",1,"199","197",2.3194699,26.0932007,320.1499939,8.5949898,43.0918007,43.8838005,27.2514,27.2514,12.9949999,100,43,57,56.6669998,30.6247997,0,0,12.7256002
"220","EMFWOR_NLFTT2-01B_2018","2018-07-19",0,1,"N",2018,"EMFWOR","EMFWOR_LFTT2","EMFWOR_LFTT2","H",1,"NAD83 10N",4684325.227,726661.143,7.4,"POTR5",312,0.669130606358858,2018-06-06,157,4,2,41.6666666666667,5,0.333333333333333,"success",1,"200","199",2.3194699,26.0932007,320.1499939,8.5949898,43.0918007,43.8838005,27.2514,27.2514,12.9949999,100,43,57,56.6669998,30.6247997,0,0,12.7256002
"221","EMFWOR_NLFTT2-01B_2018","2018-07-23",0,0,"F",2018,"EMFWOR","EMFWOR_LFTT2","EMFWOR_LFTT2","H",1,"NAD83 10N",4684325.227,726661.143,7.4,"POTR5",312,0.669130606358858,2018-06-06,157,4,2,41.6666666666667,5,0.333333333333333,"success",1,"204","200",2.3194699,26.0932007,320.1499939,8.5949898,43.0918007,43.8838005,27.2514,27.2514,12.9949999,100,43,57,56.6669998,30.6247997,0,0,12.7256002
"222","EMFWOR_NLILT1-07A_2019","2019-07-05",0,2,"N",2019,"EMFWOR","EMFWOR_LILT1","EMFWOR_LILT1","H",1,"NAD83 10N",4700330.137,729458.748,4.2,"POTR5",197,-0.956304755963035,2019-06-16,167,2,1,8.33333333333333,7.5,0.75,"success",1,"186",NA,0.888923,10.2265997,324.1069946,27.6088009,18.8325005,61.0443001,59.9589005,59.9589005,7.0401902,79,14,65,16.2329998,55.5000992,0,0,2.68963
"223","EMFWOR_NLILT1-07A_2019","2019-07-08",0,2,"N",2019,"EMFWOR","EMFWOR_LILT1","EMFWOR_LILT1","H",1,"NAD83 10N",4700330.137,729458.748,4.2,"POTR5",197,-0.956304755963035,2019-06-16,167,2,1,8.33333333333333,7.5,0.75,"success",1,"189","186",0.888923,10.2265997,324.1069946,27.6088009,18.8325005,61.0443001,59.9589005,59.9589005,7.0401902,79,14,65,16.2329998,55.5000992,0,0,2.68963
"224","EMFWOR_NLILT1-07A_2019","2019-07-11",0,2,"N",2019,"EMFWOR","EMFWOR_LILT1","EMFWOR_LILT1","H",1,"NAD83 10N",4700330.137,729458.748,4.2,"POTR5",197,-0.956304755963035,2019-06-16,167,2,1,8.33333333333333,7.5,0.75,"success",1,"192","189",0.888923,10.2265997,324.1069946,27.6088009,18.8325005,61.0443001,59.9589005,59.9589005,7.0401902,79,14,65,16.2329998,55.5000992,0,0,2.68963
"225","EMFWOR_NLILT1-07A_2019","2019-07-15",0,2,"N",2019,"EMFWOR","EMFWOR_LILT1","EMFWOR_LILT1","H",1,"NAD83 10N",4700330.137,729458.748,4.2,"POTR5",197,-0.956304755963035,2019-06-16,167,2,1,8.33333333333333,7.5,0.75,"success",1,"196","192",0.888923,10.2265997,324.1069946,27.6088009,18.8325005,61.0443001,59.9589005,59.9589005,7.0401902,79,14,65,16.2329998,55.5000992,0,0,2.68963
"226","EMFWOR_NLILT1-07A_2019","2019-07-18",0,2,"N",2019,"EMFWOR","EMFWOR_LILT1","EMFWOR_LILT1","H",1,"NAD83 10N",4700330.137,729458.748,4.2,"POTR5",197,-0.956304755963035,2019-06-16,167,2,1,8.33333333333333,7.5,0.75,"success",1,"199","196",0.888923,10.2265997,324.1069946,27.6088009,18.8325005,61.0443001,59.9589005,59.9589005,7.0401902,79,14,65,16.2329998,55.5000992,0,0,2.68963
"227","EMFWOR_NLILT1-07A_2019","2019-07-22",0,2,"N",2019,"EMFWOR","EMFWOR_LILT1","EMFWOR_LILT1","H",1,"NAD83 10N",4700330.137,729458.748,4.2,"POTR5",197,-0.956304755963035,2019-06-16,167,2,1,8.33333333333333,7.5,0.75,"success",1,"203","199",0.888923,10.2265997,324.1069946,27.6088009,18.8325005,61.0443001,59.9589005,59.9589005,7.0401902,79,14,65,16.2329998,55.5000992,0,0,2.68963
"228","EMFWOR_NLILT1-07A_2019","2019-07-25",0,1,"N",2019,"EMFWOR","EMFWOR_LILT1","EMFWOR_LILT1","H",1,"NAD83 10N",4700330.137,729458.748,4.2,"POTR5",197,-0.956304755963035,2019-06-16,167,2,1,8.33333333333333,7.5,0.75,"success",1,"206","203",0.888923,10.2265997,324.1069946,27.6088009,18.8325005,61.0443001,59.9589005,59.9589005,7.0401902,79,14,65,16.2329998,55.5000992,0,0,2.68963
"229","EMFWOR_NLILT1-07A_2019","2019-07-29",0,0,"F",2019,"EMFWOR","EMFWOR_LILT1","EMFWOR_LILT1","H",1,"NAD83 10N",4700330.137,729458.748,4.2,"POTR5",197,-0.956304755963035,2019-06-16,167,2,1,8.33333333333333,7.5,0.75,"success",1,"210","206",0.888923,10.2265997,324.1069946,27.6088009,18.8325005,61.0443001,59.9589005,59.9589005,7.0401902,79,14,65,16.2329998,55.5000992,0,0,2.68963
"230","EMFWOR_NLILT1-07A_2020","2020-06-30",0,2,"N",2020,"EMFWOR","EMFWOR_LILT1","EMFWOR_LILT1","H",1,"NAD83 10N",4700434,729508,2.6,"POTR5",204,-0.913545457642601,2020-06-14,166,2,NA,0,5,1,"success",1,"182",NA,0.863437,9.4432602,315.2269897,27.4428997,18.0111008,58.1696014,57.3774986,57.3774986,6.5121698,76,12,64,14.6374998,63.4496994,0,0,5.7739401
"231","EMFWOR_NLILT1-07A_2020","2020-07-07",999,999,"N",2020,"EMFWOR","EMFWOR_LILT1","EMFWOR_LILT1","H",1,"NAD83 10N",4700434,729508,2.6,"POTR5",204,-0.913545457642601,2020-06-14,166,2,NA,0,5,1,"success",0,"189","182",0.863437,9.4432602,315.2269897,27.4428997,18.0111008,58.1696014,57.3774986,57.3774986,6.5121698,76,12,64,14.6374998,63.4496994,0,0,5.7739401
"232","EMFWOR_NLILT1-07A_2020","2020-07-09",0,2,"N",2020,"EMFWOR","EMFWOR_LILT1","EMFWOR_LILT1","H",1,"NAD83 10N",4700434,729508,2.6,"POTR5",204,-0.913545457642601,2020-06-14,166,2,NA,0,5,1,"success",1,"191","189",0.863437,9.4432602,315.2269897,27.4428997,18.0111008,58.1696014,57.3774986,57.3774986,6.5121698,76,12,64,14.6374998,63.4496994,0,0,5.7739401
"233","EMFWOR_NLILT1-07A_2020","2020-07-13",0,2,"N",2020,"EMFWOR","EMFWOR_LILT1","EMFWOR_LILT1","H",1,"NAD83 10N",4700434,729508,2.6,"POTR5",204,-0.913545457642601,2020-06-14,166,2,NA,0,5,1,"success",1,"195","191",0.863437,9.4432602,315.2269897,27.4428997,18.0111008,58.1696014,57.3774986,57.3774986,6.5121698,76,12,64,14.6374998,63.4496994,0,0,5.7739401
"234","EMFWOR_NLILT1-07A_2020","2020-07-16",999,999,"N",2020,"EMFWOR","EMFWOR_LILT1","EMFWOR_LILT1","H",1,"NAD83 10N",4700434,729508,2.6,"POTR5",204,-0.913545457642601,2020-06-14,166,2,NA,0,5,1,"success",0,"198","195",0.863437,9.4432602,315.2269897,27.4428997,18.0111008,58.1696014,57.3774986,57.3774986,6.5121698,76,12,64,14.6374998,63.4496994,0,0,5.7739401
"235","EMFWOR_NLILT1-07A_2020","2020-07-21",0,2,"N",2020,"EMFWOR","EMFWOR_LILT1","EMFWOR_LILT1","H",1,"NAD83 10N",4700434,729508,2.6,"POTR5",204,-0.913545457642601,2020-06-14,166,2,NA,0,5,1,"success",1,"203","198",0.863437,9.4432602,315.2269897,27.4428997,18.0111008,58.1696014,57.3774986,57.3774986,6.5121698,76,12,64,14.6374998,63.4496994,0,0,5.7739401
"236","EMFWOR_NLILT1-07A_2020","2020-07-24",999,999,"N",2020,"EMFWOR","EMFWOR_LILT1","EMFWOR_LILT1","H",1,"NAD83 10N",4700434,729508,2.6,"POTR5",204,-0.913545457642601,2020-06-14,166,2,NA,0,5,1,"success",0,"206","203",0.863437,9.4432602,315.2269897,27.4428997,18.0111008,58.1696014,57.3774986,57.3774986,6.5121698,76,12,64,14.6374998,63.4496994,0,0,5.7739401
"237","EMFWOR_NLILT1-07A_2020","2020-07-27",0,0,"F",2020,"EMFWOR","EMFWOR_LILT1","EMFWOR_LILT1","H",1,"NAD83 10N",4700434,729508,2.6,"POTR5",204,-0.913545457642601,2020-06-14,166,2,NA,0,5,1,"success",1,"209","206",0.863437,9.4432602,315.2269897,27.4428997,18.0111008,58.1696014,57.3774986,57.3774986,6.5121698,76,12,64,14.6374998,63.4496994,0,0,5.7739401
"238","EMFWOR_NLILT1-08A_2021","2021-07-07",0,3,"N",2021,"EMFWOR","EMFWOR_LILT1","EMFWOR_LILT1","H",1,"NAD83 10N",4700372,729808,2.5,"POTR5",109,-0.325568154457157,2021-06-12,163,3,NA,33.3333333333333,2.5,0.4,"success",1,"188",NA,0.818308,11.4308996,360.125,27.6765003,17.3365002,55.1188011,53.6227989,53.6227989,7.3922,79,14,65,15.125,60.1055984,0,0,61.8487015
"239","EMFWOR_NLILT1-08A_2021","2021-07-14",0,3,"N",2021,"EMFWOR","EMFWOR_LILT1","EMFWOR_LILT1","H",1,"NAD83 10N",4700372,729808,2.5,"POTR5",109,-0.325568154457157,2021-06-12,163,3,NA,33.3333333333333,2.5,0.4,"success",1,"195","188",0.818308,11.4308996,360.125,27.6765003,17.3365002,55.1188011,53.6227989,53.6227989,7.3922,79,14,65,15.125,60.1055984,0,0,61.8487015
"240","EMFWOR_NLILT1-08A_2021","2021-07-20",0,3,"N",2021,"EMFWOR","EMFWOR_LILT1","EMFWOR_LILT1","H",1,"NAD83 10N",4700372,729808,2.5,"POTR5",109,-0.325568154457157,2021-06-12,163,3,NA,33.3333333333333,2.5,0.4,"success",1,"201","195",0.818308,11.4308996,360.125,27.6765003,17.3365002,55.1188011,53.6227989,53.6227989,7.3922,79,14,65,15.125,60.1055984,0,0,61.8487015
"241","EMFWOR_NLILT1-08A_2021","2021-07-23",0,3,"N",2021,"EMFWOR","EMFWOR_LILT1","EMFWOR_LILT1","H",1,"NAD83 10N",4700372,729808,2.5,"POTR5",109,-0.325568154457157,2021-06-12,163,3,NA,33.3333333333333,2.5,0.4,"success",1,"204","201",0.818308,11.4308996,360.125,27.6765003,17.3365002,55.1188011,53.6227989,53.6227989,7.3922,79,14,65,15.125,60.1055984,0,0,61.8487015
"242","EMFWOR_NLILT1-08A_2021","2021-07-26",0,0,"F",2021,"EMFWOR","EMFWOR_LILT1","EMFWOR_LILT1","H",1,"NAD83 10N",4700372,729808,2.5,"POTR5",109,-0.325568154457157,2021-06-12,163,3,NA,33.3333333333333,2.5,0.4,"success",1,"207","204",0.818308,11.4308996,360.125,27.6765003,17.3365002,55.1188011,53.6227989,53.6227989,7.3922,79,14,65,15.125,60.1055984,0,0,61.8487015
"243","EMFWOR_NLILT1-10A_2016","2016-06-28",999,999,"N",2016,"EMFWOR","EMFWOR_LILT1","EMFWOR_LILT1","U",1,"NAD83 10N",4700147.578,730457.564,3.9,"PIPO",65,0.422618261740699,2016-06-11,163,3,1,25,45,0.772727272727273,"success",0,"180",NA,5.81318,78.7650986,354.2510071,15.8219004,41.6837997,34.4089012,32.2382011,13.5523996,32.2382011,63,41,22,76.7790985,11.9390001,0,0,0
"244","EMFWOR_NLILT1-10A_2016","2016-07-01",999,999,"N",2016,"EMFWOR","EMFWOR_LILT1","EMFWOR_LILT1","U",1,"NAD83 10N",4700147.578,730457.564,3.9,"PIPO",65,0.422618261740699,2016-06-11,163,3,1,25,45,0.772727272727273,"success",0,"183","180",5.81318,78.7650986,354.2510071,15.8219004,41.6837997,34.4089012,32.2382011,13.5523996,32.2382011,63,41,22,76.7790985,11.9390001,0,0,0
"245","EMFWOR_NLILT1-10A_2016","2016-07-06",0,3,"N",2016,"EMFWOR","EMFWOR_LILT1","EMFWOR_LILT1","U",1,"NAD83 10N",4700147.578,730457.564,3.9,"PIPO",65,0.422618261740699,2016-06-11,163,3,1,25,45,0.772727272727273,"success",1,"188","183",5.81318,78.7650986,354.2510071,15.8219004,41.6837997,34.4089012,32.2382011,13.5523996,32.2382011,63,41,22,76.7790985,11.9390001,0,0,0
"246","EMFWOR_NLILT1-10A_2016","2016-07-11",0,3,"N",2016,"EMFWOR","EMFWOR_LILT1","EMFWOR_LILT1","U",1,"NAD83 10N",4700147.578,730457.564,3.9,"PIPO",65,0.422618261740699,2016-06-11,163,3,1,25,45,0.772727272727273,"success",1,"193","188",5.81318,78.7650986,354.2510071,15.8219004,41.6837997,34.4089012,32.2382011,13.5523996,32.2382011,63,41,22,76.7790985,11.9390001,0,0,0
"247","EMFWOR_NLILT1-10A_2016","2016-07-14",999,999,"N",2016,"EMFWOR","EMFWOR_LILT1","EMFWOR_LILT1","U",1,"NAD83 10N",4700147.578,730457.564,3.9,"PIPO",65,0.422618261740699,2016-06-11,163,3,1,25,45,0.772727272727273,"success",0,"196","193",5.81318,78.7650986,354.2510071,15.8219004,41.6837997,34.4089012,32.2382011,13.5523996,32.2382011,63,41,22,76.7790985,11.9390001,0,0,0
"248","EMFWOR_NLILT1-10A_2016","2016-07-18",999,999,"N",2016,"EMFWOR","EMFWOR_LILT1","EMFWOR_LILT1","U",1,"NAD83 10N",4700147.578,730457.564,3.9,"PIPO",65,0.422618261740699,2016-06-11,163,3,1,25,45,0.772727272727273,"success",0,"200","196",5.81318,78.7650986,354.2510071,15.8219004,41.6837997,34.4089012,32.2382011,13.5523996,32.2382011,63,41,22,76.7790985,11.9390001,0,0,0
"249","EMFWOR_NLILT1-10A_2016","2016-07-21",0,2,"N",2016,"EMFWOR","EMFWOR_LILT1","EMFWOR_LILT1","U",1,"NAD83 10N",4700147.578,730457.564,3.9,"PIPO",65,0.422618261740699,2016-06-11,163,3,1,25,45,0.772727272727273,"success",1,"203","200",5.81318,78.7650986,354.2510071,15.8219004,41.6837997,34.4089012,32.2382011,13.5523996,32.2382011,63,41,22,76.7790985,11.9390001,0,0,0
"250","EMFWOR_NLILT1-10A_2016","2016-07-25",999,999,"F",2016,"EMFWOR","EMFWOR_LILT1","EMFWOR_LILT1","U",1,"NAD83 10N",4700147.578,730457.564,3.9,"PIPO",65,0.422618261740699,2016-06-11,163,3,1,25,45,0.772727272727273,"success",0,"207","203",5.81318,78.7650986,354.2510071,15.8219004,41.6837997,34.4089012,32.2382011,13.5523996,32.2382011,63,41,22,76.7790985,11.9390001,0,0,0
"251","EMFWOR_NLILT3-04A_2020","2020-06-30",0,2,"N",2020,"EMFWOR","EMFWOR_LILT3","EMFWOR_LILT3","H",9,"NAD83 10N",4696043,730355,2,"PIPO",133,-0.681998360062498,2020-06-07,159,0,0,25,20,0.454545454545455,"failure",1,"182",NA,1.10478,8.4399204,257.67099,21.1112003,24.8460007,66.2950974,65.7670975,65.7670975,4.5761199,80,11,69,23.2080002,66.3831024,18.6777992,0,44.0238991
"252","EMFWOR_NLILT3-04A_2020","2020-07-07",999,999,"N",2020,"EMFWOR","EMFWOR_LILT3","EMFWOR_LILT3","H",9,"NAD83 10N",4696043,730355,2,"PIPO",133,-0.681998360062498,2020-06-07,159,0,0,25,20,0.454545454545455,"failure",0,"189","182",1.10478,8.4399204,257.67099,21.1112003,24.8460007,66.2950974,65.7670975,65.7670975,4.5761199,80,11,69,23.2080002,66.3831024,18.6777992,0,44.0238991
"253","EMFWOR_NLILT3-04A_2020","2020-07-09",0,0,"N",2020,"EMFWOR","EMFWOR_LILT3","EMFWOR_LILT3","H",9,"NAD83 10N",4696043,730355,2,"PIPO",133,-0.681998360062498,2020-06-07,159,0,0,25,20,0.454545454545455,"failure",1,"191","189",1.10478,8.4399204,257.67099,21.1112003,24.8460007,66.2950974,65.7670975,65.7670975,4.5761199,80,11,69,23.2080002,66.3831024,18.6777992,0,44.0238991
"254","EMFWOR_NLILT3-10A_2017","2017-06-29",0,3,"N",2017,"EMFWOR","EMFWOR_LILT3","EMFWOR_LILT3","H",1,"NAD83 10N",4696186.746,731286.483,2.6,"PIPO",252,-0.309016994374948,2017-06-02,153,3,NA,33.3333333333333,15,1,"success",1,"180",NA,3.25,63.2984009,429.8420105,8.89571,38.1343002,48.1078987,40.5396996,40.5396996,27.6620998,78,42,36,91.1956024,5.1041398,0,0,0
"255","EMFWOR_NLILT3-10A_2017","2017-07-11",0,2,"N",2017,"EMFWOR","EMFWOR_LILT3","EMFWOR_LILT3","H",1,"NAD83 10N",4696186.746,731286.483,2.6,"PIPO",252,-0.309016994374948,2017-06-02,153,3,NA,33.3333333333333,15,1,"success",1,"192","180",3.25,63.2984009,429.8420105,8.89571,38.1343002,48.1078987,40.5396996,40.5396996,27.6620998,78,42,36,91.1956024,5.1041398,0,0,0
"256","EMFWOR_NLILT3-10A_2017","2017-07-17",0,0,"F",2017,"EMFWOR","EMFWOR_LILT3","EMFWOR_LILT3","H",1,"NAD83 10N",4696186.746,731286.483,2.6,"PIPO",252,-0.309016994374948,2017-06-02,153,3,NA,33.3333333333333,15,1,"success",1,"198","192",3.25,63.2984009,429.8420105,8.89571,38.1343002,48.1078987,40.5396996,40.5396996,27.6620998,78,42,36,91.1956024,5.1041398,0,0,0
"257","EMFWOR_NLILT3-10A_2018","2018-05-30",0,0,"L",2018,"EMFWOR","EMFWOR_LILT3","EMFWOR_LILT3","H",1,"NAD83 10N",4696079.92,731275.3,1.5,"PIPO",113,-0.390731128489274,2018-05-30,150,3,2,41.6666666666667,20,0.615384615384615,"success",1,"150",NA,3.54971,64.006897,412.6940002,8.6038799,39.3370018,47.8732986,28.7474003,28.7474003,28.1021004,74,40,34,83.2310028,66.6471024,0,0,0
"258","EMFWOR_NLILT3-10A_2018","2018-06-05",4,0,"I",2018,"EMFWOR","EMFWOR_LILT3","EMFWOR_LILT3","H",1,"NAD83 10N",4696079.92,731275.3,1.5,"PIPO",113,-0.390731128489274,2018-05-30,150,3,2,41.6666666666667,20,0.615384615384615,"success",1,"156","150",3.54971,64.006897,412.6940002,8.6038799,39.3370018,47.8732986,28.7474003,28.7474003,28.1021004,74,40,34,83.2310028,66.6471024,0,0,0
"259","EMFWOR_NLILT3-10A_2018","2018-06-15",999,999,"I",2018,"EMFWOR","EMFWOR_LILT3","EMFWOR_LILT3","H",1,"NAD83 10N",4696079.92,731275.3,1.5,"PIPO",113,-0.390731128489274,2018-05-30,150,3,2,41.6666666666667,20,0.615384615384615,"success",0,"166","156",3.54971,64.006897,412.6940002,8.6038799,39.3370018,47.8732986,28.7474003,28.7474003,28.1021004,74,40,34,83.2310028,66.6471024,0,0,0
"260","EMFWOR_NLILT3-10A_2018","2018-06-19",0,3,"N",2018,"EMFWOR","EMFWOR_LILT3","EMFWOR_LILT3","H",1,"NAD83 10N",4696079.92,731275.3,1.5,"PIPO",113,-0.390731128489274,2018-05-30,150,3,2,41.6666666666667,20,0.615384615384615,"success",1,"170","166",3.54971,64.006897,412.6940002,8.6038799,39.3370018,47.8732986,28.7474003,28.7474003,28.1021004,74,40,34,83.2310028,66.6471024,0,0,0
"261","EMFWOR_NLILT3-10A_2018","2018-06-27",0,3,"N",2018,"EMFWOR","EMFWOR_LILT3","EMFWOR_LILT3","H",1,"NAD83 10N",4696079.92,731275.3,1.5,"PIPO",113,-0.390731128489274,2018-05-30,150,3,2,41.6666666666667,20,0.615384615384615,"success",1,"178","170",3.54971,64.006897,412.6940002,8.6038799,39.3370018,47.8732986,28.7474003,28.7474003,28.1021004,74,40,34,83.2310028,66.6471024,0,0,0
"262","EMFWOR_NLILT3-10A_2018","2018-07-06",0,3,"N",2018,"EMFWOR","EMFWOR_LILT3","EMFWOR_LILT3","H",1,"NAD83 10N",4696079.92,731275.3,1.5,"PIPO",113,-0.390731128489274,2018-05-30,150,3,2,41.6666666666667,20,0.615384615384615,"success",1,"187","178",3.54971,64.006897,412.6940002,8.6038799,39.3370018,47.8732986,28.7474003,28.7474003,28.1021004,74,40,34,83.2310028,66.6471024,0,0,0
"263","EMFWOR_NLILT3-10A_2018","2018-07-09",999,999,"N",2018,"EMFWOR","EMFWOR_LILT3","EMFWOR_LILT3","H",1,"NAD83 10N",4696079.92,731275.3,1.5,"PIPO",113,-0.390731128489274,2018-05-30,150,3,2,41.6666666666667,20,0.615384615384615,"success",0,"190","187",3.54971,64.006897,412.6940002,8.6038799,39.3370018,47.8732986,28.7474003,28.7474003,28.1021004,74,40,34,83.2310028,66.6471024,0,0,0
"264","EMFWOR_NLILT3-10A_2018","2018-07-12",0,0,"F",2018,"EMFWOR","EMFWOR_LILT3","EMFWOR_LILT3","H",1,"NAD83 10N",4696079.92,731275.3,1.5,"PIPO",113,-0.390731128489274,2018-05-30,150,3,2,41.6666666666667,20,0.615384615384615,"success",1,"193","190",3.54971,64.006897,412.6940002,8.6038799,39.3370018,47.8732986,28.7474003,28.7474003,28.1021004,74,40,34,83.2310028,66.6471024,0,0,0
"265","EMFWOR_NMUDT1-05A_2015","2015-06-12",999,999,"I",2015,"EMFWOR","EMFWOR_MUDT1","EMFWOR_MUDT1","U",1,"NAD83 10N",4683118.158,728522.566,7.5,"POTR5",188,-0.99026806874157,2015-05-29,149,3,1,8.33333333333333,0,0,"success",0,"163",NA,3.2320001,62.9813004,429.9630127,9.0864496,47.4039001,33.4408989,29.8327999,16.3684006,29.8327999,125,80,45,153.4539948,13.4350004,0,0,13.2793999
"266","EMFWOR_NMUDT1-05A_2015","2015-06-18",1,2,"N",2015,"EMFWOR","EMFWOR_MUDT1","EMFWOR_MUDT1","U",1,"NAD83 10N",4683118.158,728522.566,7.5,"POTR5",188,-0.99026806874157,2015-05-29,149,3,1,8.33333333333333,0,0,"success",1,"169","163",3.2320001,62.9813004,429.9630127,9.0864496,47.4039001,33.4408989,29.8327999,16.3684006,29.8327999,125,80,45,153.4539948,13.4350004,0,0,13.2793999
"267","EMFWOR_NMUDT1-05A_2015","2015-06-23",0,3,"N",2015,"EMFWOR","EMFWOR_MUDT1","EMFWOR_MUDT1","U",1,"NAD83 10N",4683118.158,728522.566,7.5,"POTR5",188,-0.99026806874157,2015-05-29,149,3,1,8.33333333333333,0,0,"success",1,"174","169",3.2320001,62.9813004,429.9630127,9.0864496,47.4039001,33.4408989,29.8327999,16.3684006,29.8327999,125,80,45,153.4539948,13.4350004,0,0,13.2793999
"268","EMFWOR_NMUDT1-05A_2015","2015-07-01",0,3,"N",2015,"EMFWOR","EMFWOR_MUDT1","EMFWOR_MUDT1","U",1,"NAD83 10N",4683118.158,728522.566,7.5,"POTR5",188,-0.99026806874157,2015-05-29,149,3,1,8.33333333333333,0,0,"success",1,"182","174",3.2320001,62.9813004,429.9630127,9.0864496,47.4039001,33.4408989,29.8327999,16.3684006,29.8327999,125,80,45,153.4539948,13.4350004,0,0,13.2793999
"269","EMFWOR_NMUDT1-05A_2015","2015-07-08",0,3,"N",2015,"EMFWOR","EMFWOR_MUDT1","EMFWOR_MUDT1","U",1,"NAD83 10N",4683118.158,728522.566,7.5,"POTR5",188,-0.99026806874157,2015-05-29,149,3,1,8.33333333333333,0,0,"success",1,"189","182",3.2320001,62.9813004,429.9630127,9.0864496,47.4039001,33.4408989,29.8327999,16.3684006,29.8327999,125,80,45,153.4539948,13.4350004,0,0,13.2793999
"270","EMFWOR_NMUDT1-05A_2015","2015-07-10",999,999,"N",2015,"EMFWOR","EMFWOR_MUDT1","EMFWOR_MUDT1","U",1,"NAD83 10N",4683118.158,728522.566,7.5,"POTR5",188,-0.99026806874157,2015-05-29,149,3,1,8.33333333333333,0,0,"success",0,"191","189",3.2320001,62.9813004,429.9630127,9.0864496,47.4039001,33.4408989,29.8327999,16.3684006,29.8327999,125,80,45,153.4539948,13.4350004,0,0,13.2793999
"271","EMFWOR_NMUDT1-05A_2015","2015-07-13",0,0,"F",2015,"EMFWOR","EMFWOR_MUDT1","EMFWOR_MUDT1","U",1,"NAD83 10N",4683118.158,728522.566,7.5,"POTR5",188,-0.99026806874157,2015-05-29,149,3,1,8.33333333333333,0,0,"success",1,"194","191",3.2320001,62.9813004,429.9630127,9.0864496,47.4039001,33.4408989,29.8327999,16.3684006,29.8327999,125,80,45,153.4539948,13.4350004,0,0,13.2793999
"272","EMFWOR_NMUDT1-05A_2016","2016-06-23",1,3,"N",2016,"EMFWOR","EMFWOR_MUDT1","EMFWOR_MUDT1","U",1,"NAD83 10N",4683118.158,728522.566,7.5,"POTR5",188,-0.99026806874157,2016-06-05,157,3,1,8.33333333333333,0,0,"success",1,"175",NA,3.2320001,62.9813004,429.9630127,9.0864496,47.4039001,33.4408989,29.8327999,16.3684006,29.8327999,125,80,45,153.4539948,13.4350004,0,0,13.2793999
"273","EMFWOR_NMUDT1-05A_2016","2016-06-28",999,999,"N",2016,"EMFWOR","EMFWOR_MUDT1","EMFWOR_MUDT1","U",1,"NAD83 10N",4683118.158,728522.566,7.5,"POTR5",188,-0.99026806874157,2016-06-05,157,3,1,8.33333333333333,0,0,"success",0,"180","175",3.2320001,62.9813004,429.9630127,9.0864496,47.4039001,33.4408989,29.8327999,16.3684006,29.8327999,125,80,45,153.4539948,13.4350004,0,0,13.2793999
"274","EMFWOR_NMUDT1-05A_2016","2016-07-01",999,999,"N",2016,"EMFWOR","EMFWOR_MUDT1","EMFWOR_MUDT1","U",1,"NAD83 10N",4683118.158,728522.566,7.5,"POTR5",188,-0.99026806874157,2016-06-05,157,3,1,8.33333333333333,0,0,"success",0,"183","180",3.2320001,62.9813004,429.9630127,9.0864496,47.4039001,33.4408989,29.8327999,16.3684006,29.8327999,125,80,45,153.4539948,13.4350004,0,0,13.2793999
"275","EMFWOR_NMUDT1-05A_2016","2016-07-06",0,4,"N",2016,"EMFWOR","EMFWOR_MUDT1","EMFWOR_MUDT1","U",1,"NAD83 10N",4683118.158,728522.566,7.5,"POTR5",188,-0.99026806874157,2016-06-05,157,3,1,8.33333333333333,0,0,"success",1,"188","183",3.2320001,62.9813004,429.9630127,9.0864496,47.4039001,33.4408989,29.8327999,16.3684006,29.8327999,125,80,45,153.4539948,13.4350004,0,0,13.2793999
"276","EMFWOR_NMUDT1-05A_2016","2016-07-08",999,999,"N",2016,"EMFWOR","EMFWOR_MUDT1","EMFWOR_MUDT1","U",1,"NAD83 10N",4683118.158,728522.566,7.5,"POTR5",188,-0.99026806874157,2016-06-05,157,3,1,8.33333333333333,0,0,"success",0,"190","188",3.2320001,62.9813004,429.9630127,9.0864496,47.4039001,33.4408989,29.8327999,16.3684006,29.8327999,125,80,45,153.4539948,13.4350004,0,0,13.2793999
"277","EMFWOR_NMUDT1-05A_2016","2016-07-11",0,3,"N",2016,"EMFWOR","EMFWOR_MUDT1","EMFWOR_MUDT1","U",1,"NAD83 10N",4683118.158,728522.566,7.5,"POTR5",188,-0.99026806874157,2016-06-05,157,3,1,8.33333333333333,0,0,"success",1,"193","190",3.2320001,62.9813004,429.9630127,9.0864496,47.4039001,33.4408989,29.8327999,16.3684006,29.8327999,125,80,45,153.4539948,13.4350004,0,0,13.2793999
"278","EMFWOR_NMUDT1-05A_2016","2016-07-14",999,999,"N",2016,"EMFWOR","EMFWOR_MUDT1","EMFWOR_MUDT1","U",1,"NAD83 10N",4683118.158,728522.566,7.5,"POTR5",188,-0.99026806874157,2016-06-05,157,3,1,8.33333333333333,0,0,"success",0,"196","193",3.2320001,62.9813004,429.9630127,9.0864496,47.4039001,33.4408989,29.8327999,16.3684006,29.8327999,125,80,45,153.4539948,13.4350004,0,0,13.2793999
"279","EMFWOR_NMUDT1-05A_2016","2016-07-15",999,999,"N",2016,"EMFWOR","EMFWOR_MUDT1","EMFWOR_MUDT1","U",1,"NAD83 10N",4683118.158,728522.566,7.5,"POTR5",188,-0.99026806874157,2016-06-05,157,3,1,8.33333333333333,0,0,"success",0,"197","196",3.2320001,62.9813004,429.9630127,9.0864496,47.4039001,33.4408989,29.8327999,16.3684006,29.8327999,125,80,45,153.4539948,13.4350004,0,0,13.2793999
"280","EMFWOR_NMUDT1-05A_2016","2016-07-18",999,999,"N",2016,"EMFWOR","EMFWOR_MUDT1","EMFWOR_MUDT1","U",1,"NAD83 10N",4683118.158,728522.566,7.5,"POTR5",188,-0.99026806874157,2016-06-05,157,3,1,8.33333333333333,0,0,"success",0,"200","197",3.2320001,62.9813004,429.9630127,9.0864496,47.4039001,33.4408989,29.8327999,16.3684006,29.8327999,125,80,45,153.4539948,13.4350004,0,0,13.2793999
"281","EMFWOR_NMUDT1-05A_2016","2016-07-19",999,999,"F",2016,"EMFWOR","EMFWOR_MUDT1","EMFWOR_MUDT1","U",1,"NAD83 10N",4683118.158,728522.566,7.5,"POTR5",188,-0.99026806874157,2016-06-05,157,3,1,8.33333333333333,0,0,"success",0,"201","200",3.2320001,62.9813004,429.9630127,9.0864496,47.4039001,33.4408989,29.8327999,16.3684006,29.8327999,125,80,45,153.4539948,13.4350004,0,0,13.2793999
"282","EMFWOR_NMUDT1-05A_2018","2018-06-19",2,0,"I",2018,"EMFWOR","EMFWOR_MUDT1","EMFWOR_MUDT1","U",10,"NAD83 10N",4683067.425,728264.557,2.5,"POTR5",232,-0.615661475325658,NA,NA,0,0,33.3333333333333,0,0,"failure",1,"170",NA,2.14429,33.8350983,384.4370117,7.19101,44.0304985,34.702301,20.3871994,20.3871994,19.0377998,134,71,63,75.5833969,14.2564001,0,0,12.1844997
"283","EMFWOR_NMUDT1-05A_2018","2018-06-27",0,0,"I",2018,"EMFWOR","EMFWOR_MUDT1","EMFWOR_MUDT1","U",10,"NAD83 10N",4683067.425,728264.557,2.5,"POTR5",232,-0.615661475325658,NA,NA,0,0,33.3333333333333,0,0,"failure",1,"178","170",2.14429,33.8350983,384.4370117,7.19101,44.0304985,34.702301,20.3871994,20.3871994,19.0377998,134,71,63,75.5833969,14.2564001,0,0,12.1844997
"284","EMFWOR_NMUDT1-05A_2020","2020-06-18",3,0,"I",2020,"EMFWOR","EMFWOR_MUDT1","EMFWOR_MUDT1","H",1,"NAD83 10N",4683164,728472,3.2,"POTR5",324,0.809016994374947,2020-06-13,165,2,1,0,0,0,"success",1,"170",NA,3.3013599,62.2514,422.5669861,8.8189402,47.3452988,33.8516006,29.7154999,16.4563999,29.7154999,124,80,44,142.6179962,56.9375,0,0,12.3309002
"285","EMFWOR_NMUDT1-05A_2020","2020-06-22",3,0,"I",2020,"EMFWOR","EMFWOR_MUDT1","EMFWOR_MUDT1","H",1,"NAD83 10N",4683164,728472,3.2,"POTR5",324,0.809016994374947,2020-06-13,165,2,1,0,0,0,"success",1,"174","170",3.3013599,62.2514,422.5669861,8.8189402,47.3452988,33.8516006,29.7154999,16.4563999,29.7154999,124,80,44,142.6179962,56.9375,0,0,12.3309002
"286","EMFWOR_NMUDT1-05A_2020","2020-06-25",999,999,"I",2020,"EMFWOR","EMFWOR_MUDT1","EMFWOR_MUDT1","H",1,"NAD83 10N",4683164,728472,3.2,"POTR5",324,0.809016994374947,2020-06-13,165,2,1,0,0,0,"success",0,"177","174",3.3013599,62.2514,422.5669861,8.8189402,47.3452988,33.8516006,29.7154999,16.4563999,29.7154999,124,80,44,142.6179962,56.9375,0,0,12.3309002
"287","EMFWOR_NMUDT1-05A_2020","2020-06-29",999,999,"I",2020,"EMFWOR","EMFWOR_MUDT1","EMFWOR_MUDT1","H",1,"NAD83 10N",4683164,728472,3.2,"POTR5",324,0.809016994374947,2020-06-13,165,2,1,0,0,0,"success",0,"181","177",3.3013599,62.2514,422.5669861,8.8189402,47.3452988,33.8516006,29.7154999,16.4563999,29.7154999,124,80,44,142.6179962,56.9375,0,0,12.3309002
"288","EMFWOR_NMUDT1-05A_2020","2020-07-02",1,2,"N",2020,"EMFWOR","EMFWOR_MUDT1","EMFWOR_MUDT1","H",1,"NAD83 10N",4683164,728472,3.2,"POTR5",324,0.809016994374947,2020-06-13,165,2,1,0,0,0,"success",1,"184","181",3.3013599,62.2514,422.5669861,8.8189402,47.3452988,33.8516006,29.7154999,16.4563999,29.7154999,124,80,44,142.6179962,56.9375,0,0,12.3309002
"289","EMFWOR_NMUDT1-05A_2020","2020-07-07",999,999,"N",2020,"EMFWOR","EMFWOR_MUDT1","EMFWOR_MUDT1","H",1,"NAD83 10N",4683164,728472,3.2,"POTR5",324,0.809016994374947,2020-06-13,165,2,1,0,0,0,"success",0,"189","184",3.3013599,62.2514,422.5669861,8.8189402,47.3452988,33.8516006,29.7154999,16.4563999,29.7154999,124,80,44,142.6179962,56.9375,0,0,12.3309002
"290","EMFWOR_NMUDT1-05A_2020","2020-07-09",1,2,"N",2020,"EMFWOR","EMFWOR_MUDT1","EMFWOR_MUDT1","H",1,"NAD83 10N",4683164,728472,3.2,"POTR5",324,0.809016994374947,2020-06-13,165,2,1,0,0,0,"success",1,"191","189",3.3013599,62.2514,422.5669861,8.8189402,47.3452988,33.8516006,29.7154999,16.4563999,29.7154999,124,80,44,142.6179962,56.9375,0,0,12.3309002
"291","EMFWOR_NMUDT1-05A_2020","2020-07-13",0,2,"N",2020,"EMFWOR","EMFWOR_MUDT1","EMFWOR_MUDT1","H",1,"NAD83 10N",4683164,728472,3.2,"POTR5",324,0.809016994374947,2020-06-13,165,2,1,0,0,0,"success",1,"195","191",3.3013599,62.2514,422.5669861,8.8189402,47.3452988,33.8516006,29.7154999,16.4563999,29.7154999,124,80,44,142.6179962,56.9375,0,0,12.3309002
"292","EMFWOR_NMUDT1-05A_2020","2020-07-16",999,999,"N",2020,"EMFWOR","EMFWOR_MUDT1","EMFWOR_MUDT1","H",1,"NAD83 10N",4683164,728472,3.2,"POTR5",324,0.809016994374947,2020-06-13,165,2,1,0,0,0,"success",0,"198","195",3.3013599,62.2514,422.5669861,8.8189402,47.3452988,33.8516006,29.7154999,16.4563999,29.7154999,124,80,44,142.6179962,56.9375,0,0,12.3309002
"293","EMFWOR_NMUDT1-05A_2020","2020-07-21",0,2,"N",2020,"EMFWOR","EMFWOR_MUDT1","EMFWOR_MUDT1","H",1,"NAD83 10N",4683164,728472,3.2,"POTR5",324,0.809016994374947,2020-06-13,165,2,1,0,0,0,"success",1,"203","198",3.3013599,62.2514,422.5669861,8.8189402,47.3452988,33.8516006,29.7154999,16.4563999,29.7154999,124,80,44,142.6179962,56.9375,0,0,12.3309002
"294","EMFWOR_NMUDT1-05A_2020","2020-07-24",999,999,"N",2020,"EMFWOR","EMFWOR_MUDT1","EMFWOR_MUDT1","H",1,"NAD83 10N",4683164,728472,3.2,"POTR5",324,0.809016994374947,2020-06-13,165,2,1,0,0,0,"success",0,"206","203",3.3013599,62.2514,422.5669861,8.8189402,47.3452988,33.8516006,29.7154999,16.4563999,29.7154999,124,80,44,142.6179962,56.9375,0,0,12.3309002
"295","EMFWOR_NMUDT1-05A_2020","2020-07-27",0,0,"F",2020,"EMFWOR","EMFWOR_MUDT1","EMFWOR_MUDT1","H",1,"NAD83 10N",4683164,728472,3.2,"POTR5",324,0.809016994374947,2020-06-13,165,2,1,0,0,0,"success",1,"209","206",3.3013599,62.2514,422.5669861,8.8189402,47.3452988,33.8516006,29.7154999,16.4563999,29.7154999,124,80,44,142.6179962,56.9375,0,0,12.3309002
"296","EMFWOR_NMUDT1-05A_2021","2021-07-06",4,0,"L",2021,"EMFWOR","EMFWOR_MUDT1","EMFWOR_MUDT1","H",10,"NAD83 10N",4683164,728472,3.2,"POTR5",324,0.809016994374947,2021-07-03,184,0,0,0,0,0,"failure",1,"187",NA,3.3013599,62.2514,422.5669861,8.8189402,47.3452988,33.8516006,29.7154999,16.4563999,29.7154999,124,80,44,142.6179962,59.9883003,0,0,21.5615997
"297","EMFWOR_NMUDT1-05A_2021","2021-07-07",4,0,"I",2021,"EMFWOR","EMFWOR_MUDT1","EMFWOR_MUDT1","H",10,"NAD83 10N",4683164,728472,3.2,"POTR5",324,0.809016994374947,2021-07-03,184,0,0,0,0,0,"failure",1,"188","187",3.3013599,62.2514,422.5669861,8.8189402,47.3452988,33.8516006,29.7154999,16.4563999,29.7154999,124,80,44,142.6179962,59.9883003,0,0,21.5615997
"298","EMFWOR_NMUDT1-05A_2021","2021-07-14",4,0,"I",2021,"EMFWOR","EMFWOR_MUDT1","EMFWOR_MUDT1","H",10,"NAD83 10N",4683164,728472,3.2,"POTR5",324,0.809016994374947,2021-07-03,184,0,0,0,0,0,"failure",1,"195","188",3.3013599,62.2514,422.5669861,8.8189402,47.3452988,33.8516006,29.7154999,16.4563999,29.7154999,124,80,44,142.6179962,59.9883003,0,0,21.5615997
"299","EMFWOR_NMUDT1-05A_2021","2021-07-20",3,0,"I",2021,"EMFWOR","EMFWOR_MUDT1","EMFWOR_MUDT1","H",10,"NAD83 10N",4683164,728472,3.2,"POTR5",324,0.809016994374947,2021-07-03,184,0,0,0,0,0,"failure",1,"201","195",3.3013599,62.2514,422.5669861,8.8189402,47.3452988,33.8516006,29.7154999,16.4563999,29.7154999,124,80,44,142.6179962,59.9883003,0,0,21.5615997
"300","EMFWOR_NMUDT1-05A_2021","2021-07-23",2,0,"I",2021,"EMFWOR","EMFWOR_MUDT1","EMFWOR_MUDT1","H",10,"NAD83 10N",4683164,728472,3.2,"POTR5",324,0.809016994374947,2021-07-03,184,0,0,0,0,0,"failure",1,"204","201",3.3013599,62.2514,422.5669861,8.8189402,47.3452988,33.8516006,29.7154999,16.4563999,29.7154999,124,80,44,142.6179962,59.9883003,0,0,21.5615997
"301","EMFWOR_NPINT1-03A_2018","2018-06-06",0,0,"E",2018,"EMFWOR","EMFWOR_PINT1","EMFWOR_PINT1","H",9,"NAD83 10N",4687980.468,731016.747,6.1,"POTR5",180,-1,NA,NA,0,0,8.33333333333333,25,0,"failure",1,"157",NA,2.2520499,12.8529997,216.9620056,9.4505901,32.2969017,48.4305992,44.4412003,44.4412003,7.8908801,78,34,44,27.2133999,33.0009003,0,0,13.2730999
"302","EMFWOR_NPINT1-03A_2018","2018-06-19",3,0,"I",2018,"EMFWOR","EMFWOR_PINT1","EMFWOR_PINT1","H",9,"NAD83 10N",4687980.468,731016.747,6.1,"POTR5",180,-1,NA,NA,0,0,8.33333333333333,25,0,"failure",1,"170","157",2.2520499,12.8529997,216.9620056,9.4505901,32.2969017,48.4305992,44.4412003,44.4412003,7.8908801,78,34,44,27.2133999,33.0009003,0,0,13.2730999
"303","EMFWOR_NPINT1-03A_2018","2018-06-27",0,0,"I",2018,"EMFWOR","EMFWOR_PINT1","EMFWOR_PINT1","H",9,"NAD83 10N",4687980.468,731016.747,6.1,"POTR5",180,-1,NA,NA,0,0,8.33333333333333,25,0,"failure",1,"178","170",2.2520499,12.8529997,216.9620056,9.4505901,32.2969017,48.4305992,44.4412003,44.4412003,7.8908801,78,34,44,27.2133999,33.0009003,0,0,13.2730999
"304","EMFWOR_NRIMT1-01A_2015","2015-06-05",999,999,"L",2015,"EMFWOR","EMFWOR_RIMT1","EMFWOR_RIMT1","U",9,"NAD83 10N",4695188.174,726400.536,1.9,"POTR5",185,-0.996194698091746,2015-06-05,156,0,NA,16.6666666666667,10,0.714285714285714,"failure",0,"156",NA,10.5349998,169.4089966,388.3380127,16.1548004,61.8069992,32.5315018,58.3749008,8.7708998,58.3749008,72,54,18,390.3930054,7.3922,0,0,0
"305","EMFWOR_NRIMT1-01A_2015","2015-06-15",3,0,"I",2015,"EMFWOR","EMFWOR_RIMT1","EMFWOR_RIMT1","U",9,"NAD83 10N",4695188.174,726400.536,1.9,"POTR5",185,-0.996194698091746,2015-06-05,156,0,NA,16.6666666666667,10,0.714285714285714,"failure",1,"166","156",10.5349998,169.4089966,388.3380127,16.1548004,61.8069992,32.5315018,58.3749008,8.7708998,58.3749008,72,54,18,390.3930054,7.3922,0,0,0
"306","EMFWOR_NRIMT1-01A_2015","2015-06-23",2,1,"N",2015,"EMFWOR","EMFWOR_RIMT1","EMFWOR_RIMT1","U",9,"NAD83 10N",4695188.174,726400.536,1.9,"POTR5",185,-0.996194698091746,2015-06-05,156,0,NA,16.6666666666667,10,0.714285714285714,"failure",1,"174","166",10.5349998,169.4089966,388.3380127,16.1548004,61.8069992,32.5315018,58.3749008,8.7708998,58.3749008,72,54,18,390.3930054,7.3922,0,0,0
"307","EMFWOR_NRIMT1-01A_2015","2015-07-06",1,1,"N",2015,"EMFWOR","EMFWOR_RIMT1","EMFWOR_RIMT1","U",9,"NAD83 10N",4695188.174,726400.536,1.9,"POTR5",185,-0.996194698091746,2015-06-05,156,0,NA,16.6666666666667,10,0.714285714285714,"failure",1,"187","174",10.5349998,169.4089966,388.3380127,16.1548004,61.8069992,32.5315018,58.3749008,8.7708998,58.3749008,72,54,18,390.3930054,7.3922,0,0,0
"308","EMFWOR_NRIMT1-01A_2015","2015-07-13",0,0,"N",2015,"EMFWOR","EMFWOR_RIMT1","EMFWOR_RIMT1","U",9,"NAD83 10N",4695188.174,726400.536,1.9,"POTR5",185,-0.996194698091746,2015-06-05,156,0,NA,16.6666666666667,10,0.714285714285714,"failure",1,"194","187",10.5349998,169.4089966,388.3380127,16.1548004,61.8069992,32.5315018,58.3749008,8.7708998,58.3749008,72,54,18,390.3930054,7.3922,0,0,0
"309","EMFWOR_NRIMT1-01A_2016","2016-06-28",999,999,"N",2016,"EMFWOR","EMFWOR_RIMT1","EMFWOR_RIMT1","U",9,"NAD83 10N",4695073.646,726611.095,1,"PIPO",153,-0.891006524188368,NA,NA,0,0,50,37.5,0.714285714285714,"failure",0,"180",NA,11.5143995,137.673996,331.0090027,14.9574003,60.0469017,34.2036018,51.3347015,9.5629196,51.3347015,68,52,16,306.29599,8.7415705,0,0,0
"310","EMFWOR_NRIMT1-01A_2016","2016-07-01",999,999,"N",2016,"EMFWOR","EMFWOR_RIMT1","EMFWOR_RIMT1","U",9,"NAD83 10N",4695073.646,726611.095,1,"PIPO",153,-0.891006524188368,NA,NA,0,0,50,37.5,0.714285714285714,"failure",0,"183","180",11.5143995,137.673996,331.0090027,14.9574003,60.0469017,34.2036018,51.3347015,9.5629196,51.3347015,68,52,16,306.29599,8.7415705,0,0,0
"311","EMFWOR_NRIMT1-01A_2016","2016-07-06",1,0,"N",2016,"EMFWOR","EMFWOR_RIMT1","EMFWOR_RIMT1","U",9,"NAD83 10N",4695073.646,726611.095,1,"PIPO",153,-0.891006524188368,NA,NA,0,0,50,37.5,0.714285714285714,"failure",1,"188","183",11.5143995,137.673996,331.0090027,14.9574003,60.0469017,34.2036018,51.3347015,9.5629196,51.3347015,68,52,16,306.29599,8.7415705,0,0,0
"312","EMFWOR_NSWRC2-09A_2016","2016-07-07",0,4,"N",2016,"EMFWOR","EMFWOR_SWRC2","EMFWOR_SWRC2","U",1,"NAD83 10N",4659189.282,735690.246,3.6,"POTR5",258,-0.20791169081776,2016-06-01,153,4,NA,16.6666666666667,5,0,"success",1,"189",NA,6.7813001,134.4450073,433.8880005,10.6893997,50.8359985,41.8303986,47.1693001,25.6380005,47.1693001,65,42,23,160.2559967,1.99472,0,0,0
"313","EMFWOR_NSWRC2-09A_2016","2016-07-11",999,999,"N",2016,"EMFWOR","EMFWOR_SWRC2","EMFWOR_SWRC2","U",1,"NAD83 10N",4659189.282,735690.246,3.6,"POTR5",258,-0.20791169081776,2016-06-01,153,4,NA,16.6666666666667,5,0,"success",0,"193","189",6.7813001,134.4450073,433.8880005,10.6893997,50.8359985,41.8303986,47.1693001,25.6380005,47.1693001,65,42,23,160.2559967,1.99472,0,0,0
"314","EMFWOR_NSWRC2-09A_2016","2016-07-13",999,999,"N",2016,"EMFWOR","EMFWOR_SWRC2","EMFWOR_SWRC2","U",1,"NAD83 10N",4659189.282,735690.246,3.6,"POTR5",258,-0.20791169081776,2016-06-01,153,4,NA,16.6666666666667,5,0,"success",0,"195","193",6.7813001,134.4450073,433.8880005,10.6893997,50.8359985,41.8303986,47.1693001,25.6380005,47.1693001,65,42,23,160.2559967,1.99472,0,0,0
"315","EMFWOR_NSWRC2-09A_2016","2016-07-15",0,0,"F",2016,"EMFWOR","EMFWOR_SWRC2","EMFWOR_SWRC2","U",1,"NAD83 10N",4659189.282,735690.246,3.6,"POTR5",258,-0.20791169081776,2016-06-01,153,4,NA,16.6666666666667,5,0,"success",1,"197","195",6.7813001,134.4450073,433.8880005,10.6893997,50.8359985,41.8303986,47.1693001,25.6380005,47.1693001,65,42,23,160.2559967,1.99472,0,0,0
"316","EMFWOR_NSWRC2-09A_2017","2017-06-23",999,999,"N",2017,"EMFWOR","EMFWOR_SWRC2","EMFWOR_SWRC2","U",1,"NAD83 10N",4659189.282,735690.246,3.6,"POTR5",258,-0.20791169081776,2017-05-27,147,3,NA,16.6666666666667,5,0,"success",0,"174",NA,6.7813001,134.4450073,433.8880005,10.6893997,50.8359985,41.8303986,47.1693001,25.6380005,47.1693001,65,42,23,160.2559967,2.3174,0,0,2.2790201
"317","EMFWOR_NSWRC2-09A_2017","2017-06-24",0,3,"N",2017,"EMFWOR","EMFWOR_SWRC2","EMFWOR_SWRC2","U",1,"NAD83 10N",4659189.282,735690.246,3.6,"POTR5",258,-0.20791169081776,2017-05-27,147,3,NA,16.6666666666667,5,0,"success",1,"175","174",6.7813001,134.4450073,433.8880005,10.6893997,50.8359985,41.8303986,47.1693001,25.6380005,47.1693001,65,42,23,160.2559967,2.3174,0,0,2.2790201
"318","EMFWOR_NSWRC2-09A_2017","2017-06-27",0,3,"N",2017,"EMFWOR","EMFWOR_SWRC2","EMFWOR_SWRC2","U",1,"NAD83 10N",4659189.282,735690.246,3.6,"POTR5",258,-0.20791169081776,2017-05-27,147,3,NA,16.6666666666667,5,0,"success",1,"178","175",6.7813001,134.4450073,433.8880005,10.6893997,50.8359985,41.8303986,47.1693001,25.6380005,47.1693001,65,42,23,160.2559967,2.3174,0,0,2.2790201
"319","EMFWOR_NSWRC2-09A_2017","2017-07-06",0,1,"N",2017,"EMFWOR","EMFWOR_SWRC2","EMFWOR_SWRC2","U",1,"NAD83 10N",4659189.282,735690.246,3.6,"POTR5",258,-0.20791169081776,2017-05-27,147,3,NA,16.6666666666667,5,0,"success",1,"187","178",6.7813001,134.4450073,433.8880005,10.6893997,50.8359985,41.8303986,47.1693001,25.6380005,47.1693001,65,42,23,160.2559967,2.3174,0,0,2.2790201
"320","EMFWOR_NSWRC2-09A_2017","2017-07-10",0,0,"F",2017,"EMFWOR","EMFWOR_SWRC2","EMFWOR_SWRC2","U",1,"NAD83 10N",4659189.282,735690.246,3.6,"POTR5",258,-0.20791169081776,2017-05-27,147,3,NA,16.6666666666667,5,0,"success",1,"191","187",6.7813001,134.4450073,433.8880005,10.6893997,50.8359985,41.8303986,47.1693001,25.6380005,47.1693001,65,42,23,160.2559967,2.3174,0,0,2.2790201
"321","EMFWOR_NSWRC2-09A_2018","2018-06-13",0,4,"N",2018,"EMFWOR","EMFWOR_SWRC2","EMFWOR_SWRC2","U",1,"NAD83 10N",4659189.282,735690.246,3.6,"POTR5",258,-0.20791169081776,2018-05-19,139,4,NA,16.6666666666667,5,0,"success",1,"164",NA,6.7813001,134.4450073,433.8880005,10.6893997,50.8359985,41.8303986,47.1693001,25.6380005,47.1693001,65,42,23,160.2559967,2.3174,0,0,2.2790201
"322","EMFWOR_NSWRC2-09A_2018","2018-06-18",0,4,"N",2018,"EMFWOR","EMFWOR_SWRC2","EMFWOR_SWRC2","U",1,"NAD83 10N",4659189.282,735690.246,3.6,"POTR5",258,-0.20791169081776,2018-05-19,139,4,NA,16.6666666666667,5,0,"success",1,"169","164",6.7813001,134.4450073,433.8880005,10.6893997,50.8359985,41.8303986,47.1693001,25.6380005,47.1693001,65,42,23,160.2559967,2.3174,0,0,2.2790201
"323","EMFWOR_NSWRC2-09A_2018","2018-06-25",0,2,"N",2018,"EMFWOR","EMFWOR_SWRC2","EMFWOR_SWRC2","U",1,"NAD83 10N",4659189.282,735690.246,3.6,"POTR5",258,-0.20791169081776,2018-05-19,139,4,NA,16.6666666666667,5,0,"success",1,"176","169",6.7813001,134.4450073,433.8880005,10.6893997,50.8359985,41.8303986,47.1693001,25.6380005,47.1693001,65,42,23,160.2559967,2.3174,0,0,2.2790201
"324","EMFWOR_NSWRC2-09A_2018","2018-07-02",0,0,"F",2018,"EMFWOR","EMFWOR_SWRC2","EMFWOR_SWRC2","U",1,"NAD83 10N",4659189.282,735690.246,3.6,"POTR5",258,-0.20791169081776,2018-05-19,139,4,NA,16.6666666666667,5,0,"success",1,"183","176",6.7813001,134.4450073,433.8880005,10.6893997,50.8359985,41.8303986,47.1693001,25.6380005,47.1693001,65,42,23,160.2559967,2.3174,0,0,2.2790201
"325","EMFWOR_NSWRC2-10A_2015","2015-06-16",4,0,"I",2015,"EMFWOR","Incidental","58","U",9,"NAD83 10N",4662771.227,733979.221,2.3,"PIPO",158,-0.927183854566787,2015-06-05,156,0,0,58.3333333333333,22.5,0.764705882352941,"failure",1,"167",NA,7.81286,143.9609985,417.4460144,8.9965496,53.4761009,41.6250992,50.0732994,34.0275993,50.0732994,70,49,21,281.3580017,22.7339001,0,0,11.0291004
"326","EMFWOR_NSWRC2-10A_2015","2015-06-23",1,3,"N",2015,"EMFWOR","Incidental","58","U",9,"NAD83 10N",4662771.227,733979.221,2.3,"PIPO",158,-0.927183854566787,2015-06-05,156,0,0,58.3333333333333,22.5,0.764705882352941,"failure",1,"174","167",7.81286,143.9609985,417.4460144,8.9965496,53.4761009,41.6250992,50.0732994,34.0275993,50.0732994,70,49,21,281.3580017,22.7339001,0,0,11.0291004
"327","EMFWOR_NSWRC2-10A_2015","2015-07-07",0,0,"N",2015,"EMFWOR","Incidental","58","U",9,"NAD83 10N",4662771.227,733979.221,2.3,"PIPO",158,-0.927183854566787,2015-06-05,156,0,0,58.3333333333333,22.5,0.764705882352941,"failure",1,"188","174",7.81286,143.9609985,417.4460144,8.9965496,53.4761009,41.6250992,50.0732994,34.0275993,50.0732994,70,49,21,281.3580017,22.7339001,0,0,11.0291004
"328","EMFWOR_NSWRC3-03A_2019","2019-06-17",4,0,"I",2019,"EMFWOR","EMFWOR_SWRC3","EMFWOR_SWRC3","U",1,"NAD83 10N",4659559.049,738257.193,3.2,"PIPO",342,0.951056516295154,2019-06-05,156,2,1,8.33333333333333,17.5,0.222222222222222,"success",1,"168",NA,7.9312501,109.9459991,358.6419983,17.3425007,41.3610992,23.0566006,38.4864006,6.3948398,38.4864006,65,49,16,111.9120026,5.4268098,0,0,0
"329","EMFWOR_NSWRC3-03A_2019","2019-06-20",4,0,"I",2019,"EMFWOR","EMFWOR_SWRC3","EMFWOR_SWRC3","U",1,"NAD83 10N",4659559.049,738257.193,3.2,"PIPO",342,0.951056516295154,2019-06-05,156,2,1,8.33333333333333,17.5,0.222222222222222,"success",1,"171","168",7.9312501,109.9459991,358.6419983,17.3425007,41.3610992,23.0566006,38.4864006,6.3948398,38.4864006,65,49,16,111.9120026,5.4268098,0,0,0
"330","EMFWOR_NSWRC3-03A_2019","2019-06-24",1,2,"N",2019,"EMFWOR","EMFWOR_SWRC3","EMFWOR_SWRC3","U",1,"NAD83 10N",4659559.049,738257.193,3.2,"PIPO",342,0.951056516295154,2019-06-05,156,2,1,8.33333333333333,17.5,0.222222222222222,"success",1,"175","171",7.9312501,109.9459991,358.6419983,17.3425007,41.3610992,23.0566006,38.4864006,6.3948398,38.4864006,65,49,16,111.9120026,5.4268098,0,0,0
"331","EMFWOR_NSWRC3-03A_2019","2019-06-27",1,2,"N",2019,"EMFWOR","EMFWOR_SWRC3","EMFWOR_SWRC3","U",1,"NAD83 10N",4659559.049,738257.193,3.2,"PIPO",342,0.951056516295154,2019-06-05,156,2,1,8.33333333333333,17.5,0.222222222222222,"success",1,"178","175",7.9312501,109.9459991,358.6419983,17.3425007,41.3610992,23.0566006,38.4864006,6.3948398,38.4864006,65,49,16,111.9120026,5.4268098,0,0,0
"332","EMFWOR_NSWRC3-03A_2019","2019-07-01",1,2,"N",2019,"EMFWOR","EMFWOR_SWRC3","EMFWOR_SWRC3","U",1,"NAD83 10N",4659559.049,738257.193,3.2,"PIPO",342,0.951056516295154,2019-06-05,156,2,1,8.33333333333333,17.5,0.222222222222222,"success",1,"182","178",7.9312501,109.9459991,358.6419983,17.3425007,41.3610992,23.0566006,38.4864006,6.3948398,38.4864006,65,49,16,111.9120026,5.4268098,0,0,0
"333","EMFWOR_NSWRC3-03A_2019","2019-07-05",0,2,"N",2019,"EMFWOR","EMFWOR_SWRC3","EMFWOR_SWRC3","U",1,"NAD83 10N",4659559.049,738257.193,3.2,"PIPO",342,0.951056516295154,2019-06-05,156,2,1,8.33333333333333,17.5,0.222222222222222,"success",1,"186","182",7.9312501,109.9459991,358.6419983,17.3425007,41.3610992,23.0566006,38.4864006,6.3948398,38.4864006,65,49,16,111.9120026,5.4268098,0,0,0
"334","EMFWOR_NSWRC3-03A_2019","2019-07-08",0,2,"N",2019,"EMFWOR","EMFWOR_SWRC3","EMFWOR_SWRC3","U",1,"NAD83 10N",4659559.049,738257.193,3.2,"PIPO",342,0.951056516295154,2019-06-05,156,2,1,8.33333333333333,17.5,0.222222222222222,"success",1,"189","186",7.9312501,109.9459991,358.6419983,17.3425007,41.3610992,23.0566006,38.4864006,6.3948398,38.4864006,65,49,16,111.9120026,5.4268098,0,0,0
"335","EMFWOR_NSWRC3-03A_2019","2019-07-11",0,2,"N",2019,"EMFWOR","EMFWOR_SWRC3","EMFWOR_SWRC3","U",1,"NAD83 10N",4659559.049,738257.193,3.2,"PIPO",342,0.951056516295154,2019-06-05,156,2,1,8.33333333333333,17.5,0.222222222222222,"success",1,"192","189",7.9312501,109.9459991,358.6419983,17.3425007,41.3610992,23.0566006,38.4864006,6.3948398,38.4864006,65,49,16,111.9120026,5.4268098,0,0,0
"336","EMFWOR_NSWRC3-03A_2019","2019-07-15",0,2,"N",2019,"EMFWOR","EMFWOR_SWRC3","EMFWOR_SWRC3","U",1,"NAD83 10N",4659559.049,738257.193,3.2,"PIPO",342,0.951056516295154,2019-06-05,156,2,1,8.33333333333333,17.5,0.222222222222222,"success",1,"196","192",7.9312501,109.9459991,358.6419983,17.3425007,41.3610992,23.0566006,38.4864006,6.3948398,38.4864006,65,49,16,111.9120026,5.4268098,0,0,0
"337","EMFWOR_NSWRC3-03A_2019","2019-07-17",0,2,"N",2019,"EMFWOR","EMFWOR_SWRC3","EMFWOR_SWRC3","U",1,"NAD83 10N",4659559.049,738257.193,3.2,"PIPO",342,0.951056516295154,2019-06-05,156,2,1,8.33333333333333,17.5,0.222222222222222,"success",1,"198","196",7.9312501,109.9459991,358.6419983,17.3425007,41.3610992,23.0566006,38.4864006,6.3948398,38.4864006,65,49,16,111.9120026,5.4268098,0,0,0
"338","EMFWOR_NSWRC3-03A_2019","2019-07-19",0,0,"F",2019,"EMFWOR","EMFWOR_SWRC3","EMFWOR_SWRC3","U",1,"NAD83 10N",4659559.049,738257.193,3.2,"PIPO",342,0.951056516295154,2019-06-05,156,2,1,8.33333333333333,17.5,0.222222222222222,"success",1,"200","198",7.9312501,109.9459991,358.6419983,17.3425007,41.3610992,23.0566006,38.4864006,6.3948398,38.4864006,65,49,16,111.9120026,5.4268098,0,0,0
"339","EMFWOR_NSWRC3-03A_2020","2020-06-09",999,999,"I",2020,"EMFWOR","EMFWOR_SWRC3","EMFWOR_SWRC3","U",1,"NAD83 10N",4659661,738218,8.7,"PIPO",90,6.12323399573677e-17,2020-05-29,150,2,NA,66.6666666666667,20,0.25,"success",0,"161",NA,9.5815401,104.0910034,314.0650024,16.2073994,40.5984001,24.0245991,37.0783005,7.3922,37.0783005,62,49,13,105.6230011,5.8961601,5.8980799,0,5.8980799
"340","EMFWOR_NSWRC3-03A_2020","2020-06-10",5,0,"I",2020,"EMFWOR","EMFWOR_SWRC3","EMFWOR_SWRC3","U",1,"NAD83 10N",4659661,738218,8.7,"PIPO",90,6.12323399573677e-17,2020-05-29,150,2,NA,66.6666666666667,20,0.25,"success",1,"162","161",9.5815401,104.0910034,314.0650024,16.2073994,40.5984001,24.0245991,37.0783005,7.3922,37.0783005,62,49,13,105.6230011,5.8961601,5.8980799,0,5.8980799
"341","EMFWOR_NSWRC3-03A_2020","2020-06-17",1,4,"N",2020,"EMFWOR","EMFWOR_SWRC3","EMFWOR_SWRC3","U",1,"NAD83 10N",4659661,738218,8.7,"PIPO",90,6.12323399573677e-17,2020-05-29,150,2,NA,66.6666666666667,20,0.25,"success",1,"169","162",9.5815401,104.0910034,314.0650024,16.2073994,40.5984001,24.0245991,37.0783005,7.3922,37.0783005,62,49,13,105.6230011,5.8961601,5.8980799,0,5.8980799
"342","EMFWOR_NSWRC3-03A_2020","2020-06-24",999,999,"N",2020,"EMFWOR","EMFWOR_SWRC3","EMFWOR_SWRC3","U",1,"NAD83 10N",4659661,738218,8.7,"PIPO",90,6.12323399573677e-17,2020-05-29,150,2,NA,66.6666666666667,20,0.25,"success",0,"176","169",9.5815401,104.0910034,314.0650024,16.2073994,40.5984001,24.0245991,37.0783005,7.3922,37.0783005,62,49,13,105.6230011,5.8961601,5.8980799,0,5.8980799
"343","EMFWOR_NSWRC3-03A_2020","2020-06-30",0,2,"N",2020,"EMFWOR","EMFWOR_SWRC3","EMFWOR_SWRC3","U",1,"NAD83 10N",4659661,738218,8.7,"PIPO",90,6.12323399573677e-17,2020-05-29,150,2,NA,66.6666666666667,20,0.25,"success",1,"182","176",9.5815401,104.0910034,314.0650024,16.2073994,40.5984001,24.0245991,37.0783005,7.3922,37.0783005,62,49,13,105.6230011,5.8961601,5.8980799,0,5.8980799
"344","EMFWOR_NSWRC3-03A_2020","2020-07-06",999,999,"N",2020,"EMFWOR","EMFWOR_SWRC3","EMFWOR_SWRC3","U",1,"NAD83 10N",4659661,738218,8.7,"PIPO",90,6.12323399573677e-17,2020-05-29,150,2,NA,66.6666666666667,20,0.25,"success",0,"188","182",9.5815401,104.0910034,314.0650024,16.2073994,40.5984001,24.0245991,37.0783005,7.3922,37.0783005,62,49,13,105.6230011,5.8961601,5.8980799,0,5.8980799
"345","EMFWOR_NSWRC3-03A_2020","2020-07-08",0,2,"N",2020,"EMFWOR","EMFWOR_SWRC3","EMFWOR_SWRC3","U",1,"NAD83 10N",4659661,738218,8.7,"PIPO",90,6.12323399573677e-17,2020-05-29,150,2,NA,66.6666666666667,20,0.25,"success",1,"190","188",9.5815401,104.0910034,314.0650024,16.2073994,40.5984001,24.0245991,37.0783005,7.3922,37.0783005,62,49,13,105.6230011,5.8961601,5.8980799,0,5.8980799
"346","EMFWOR_NSWRC3-03A_2020","2020-07-13",0,0,"F",2020,"EMFWOR","EMFWOR_SWRC3","EMFWOR_SWRC3","U",1,"NAD83 10N",4659661,738218,8.7,"PIPO",90,6.12323399573677e-17,2020-05-29,150,2,NA,66.6666666666667,20,0.25,"success",1,"195","190",9.5815401,104.0910034,314.0650024,16.2073994,40.5984001,24.0245991,37.0783005,7.3922,37.0783005,62,49,13,105.6230011,5.8961601,5.8980799,0,5.8980799
"347","EMFWOR_NSWRC3-03B_2018","2018-06-28",4,0,"I",2018,"EMFWOR","EMFWOR_SWRC3","EMFWOR_SWRC3","U",1,"NAD83 10N",4659500.136,738313.038,6.7,"PIPO",214,-0.829037572555042,2018-06-14,165,2,NA,25,12.5,0.7,"success",1,"179",NA,6.49895,104.0599976,387.4509888,17.0130005,40.2463989,22.7339001,36.9317017,5.5734801,36.9317017,68,49,19,85.9014969,4.6054602,0,0,0
"348","EMFWOR_NSWRC3-03B_2018","2018-07-02",2,2,"N",2018,"EMFWOR","EMFWOR_SWRC3","EMFWOR_SWRC3","U",1,"NAD83 10N",4659500.136,738313.038,6.7,"PIPO",214,-0.829037572555042,2018-06-14,165,2,NA,25,12.5,0.7,"success",1,"183","179",6.49895,104.0599976,387.4509888,17.0130005,40.2463989,22.7339001,36.9317017,5.5734801,36.9317017,68,49,19,85.9014969,4.6054602,0,0,0
"349","EMFWOR_NSWRC3-03B_2018","2018-07-09",0,2,"N",2018,"EMFWOR","EMFWOR_SWRC3","EMFWOR_SWRC3","U",1,"NAD83 10N",4659500.136,738313.038,6.7,"PIPO",214,-0.829037572555042,2018-06-14,165,2,NA,25,12.5,0.7,"success",1,"190","183",6.49895,104.0599976,387.4509888,17.0130005,40.2463989,22.7339001,36.9317017,5.5734801,36.9317017,68,49,19,85.9014969,4.6054602,0,0,0
"350","EMFWOR_NSWRC3-03B_2018","2018-07-16",0,2,"N",2018,"EMFWOR","EMFWOR_SWRC3","EMFWOR_SWRC3","U",1,"NAD83 10N",4659500.136,738313.038,6.7,"PIPO",214,-0.829037572555042,2018-06-14,165,2,NA,25,12.5,0.7,"success",1,"197","190",6.49895,104.0599976,387.4509888,17.0130005,40.2463989,22.7339001,36.9317017,5.5734801,36.9317017,68,49,19,85.9014969,4.6054602,0,0,0
"351","EMFWOR_NSWRC3-03B_2018","2018-07-23",0,2,"N",2018,"EMFWOR","EMFWOR_SWRC3","EMFWOR_SWRC3","U",1,"NAD83 10N",4659500.136,738313.038,6.7,"PIPO",214,-0.829037572555042,2018-06-14,165,2,NA,25,12.5,0.7,"success",1,"204","197",6.49895,104.0599976,387.4509888,17.0130005,40.2463989,22.7339001,36.9317017,5.5734801,36.9317017,68,49,19,85.9014969,4.6054602,0,0,0
"352","EMFWOR_NSWRC3-03B_2018","2018-07-26",0,2,"N",2018,"EMFWOR","EMFWOR_SWRC3","EMFWOR_SWRC3","U",1,"NAD83 10N",4659500.136,738313.038,6.7,"PIPO",214,-0.829037572555042,2018-06-14,165,2,NA,25,12.5,0.7,"success",1,"207","204",6.49895,104.0599976,387.4509888,17.0130005,40.2463989,22.7339001,36.9317017,5.5734801,36.9317017,68,49,19,85.9014969,4.6054602,0,0,0
"353","EMFWOR_NSWRC3-03B_2018","2018-07-30",0,0,"F",2018,"EMFWOR","EMFWOR_SWRC3","EMFWOR_SWRC3","U",1,"NAD83 10N",4659500.136,738313.038,6.7,"PIPO",214,-0.829037572555042,2018-06-14,165,2,NA,25,12.5,0.7,"success",1,"211","207",6.49895,104.0599976,387.4509888,17.0130005,40.2463989,22.7339001,36.9317017,5.5734801,36.9317017,68,49,19,85.9014969,4.6054602,0,0,0
"354","EMFWOR_NSWRC3-04A_2016","2016-06-27",0,4,"N",2016,"EMFWOR","Incidental","62","U",1,"NAD83 10N",4658618.442,740281.912,1.35,"POTR5",105,-0.258819045102521,2016-06-01,153,3,2,116.666666666667,15,0.25,"success",1,"179",NA,2.3083799,34.4339981,373.0539856,14.29,27.8381004,48.9000015,40.2170982,40.2170982,17.0137997,67,30,37,42.4146996,0,0,0,0
"355","EMFWOR_NSWRC3-04A_2016","2016-06-29",999,999,"N",2016,"EMFWOR","Incidental","62","U",1,"NAD83 10N",4658618.442,740281.912,1.35,"POTR5",105,-0.258819045102521,2016-06-01,153,3,2,116.666666666667,15,0.25,"success",0,"181","179",2.3083799,34.4339981,373.0539856,14.29,27.8381004,48.9000015,40.2170982,40.2170982,17.0137997,67,30,37,42.4146996,0,0,0,0
"356","EMFWOR_NSWRC3-04A_2016","2016-07-05",0,3,"N",2016,"EMFWOR","Incidental","62","U",1,"NAD83 10N",4658618.442,740281.912,1.35,"POTR5",105,-0.258819045102521,2016-06-01,153,3,2,116.666666666667,15,0.25,"success",1,"187","181",2.3083799,34.4339981,373.0539856,14.29,27.8381004,48.9000015,40.2170982,40.2170982,17.0137997,67,30,37,42.4146996,0,0,0,0
"357","EMFWOR_NSWRC3-04A_2016","2016-07-07",999,999,"N",2016,"EMFWOR","Incidental","62","U",1,"NAD83 10N",4658618.442,740281.912,1.35,"POTR5",105,-0.258819045102521,2016-06-01,153,3,2,116.666666666667,15,0.25,"success",0,"189","187",2.3083799,34.4339981,373.0539856,14.29,27.8381004,48.9000015,40.2170982,40.2170982,17.0137997,67,30,37,42.4146996,0,0,0,0
"358","EMFWOR_NSWRC3-04A_2016","2016-07-11",999,999,"N",2016,"EMFWOR","Incidental","62","U",1,"NAD83 10N",4658618.442,740281.912,1.35,"POTR5",105,-0.258819045102521,2016-06-01,153,3,2,116.666666666667,15,0.25,"success",0,"193","189",2.3083799,34.4339981,373.0539856,14.29,27.8381004,48.9000015,40.2170982,40.2170982,17.0137997,67,30,37,42.4146996,0,0,0,0
"359","EMFWOR_NSWRC3-04A_2016","2016-07-13",999,999,"N",2016,"EMFWOR","Incidental","62","U",1,"NAD83 10N",4658618.442,740281.912,1.35,"POTR5",105,-0.258819045102521,2016-06-01,153,3,2,116.666666666667,15,0.25,"success",0,"195","193",2.3083799,34.4339981,373.0539856,14.29,27.8381004,48.9000015,40.2170982,40.2170982,17.0137997,67,30,37,42.4146996,0,0,0,0
"360","EMFWOR_NSWRC3-04A_2016","2016-07-14",0,0,"F",2016,"EMFWOR","Incidental","62","U",1,"NAD83 10N",4658618.442,740281.912,1.35,"POTR5",105,-0.258819045102521,2016-06-01,153,3,2,116.666666666667,15,0.25,"success",1,"196","195",2.3083799,34.4339981,373.0539856,14.29,27.8381004,48.9000015,40.2170982,40.2170982,17.0137997,67,30,37,42.4146996,0,0,0,0
"361","EMFWOR_NSWRC3-04A_2016","2016-07-15",999,999,"F",2016,"EMFWOR","Incidental","62","U",1,"NAD83 10N",4658618.442,740281.912,1.35,"POTR5",105,-0.258819045102521,2016-06-01,153,3,2,116.666666666667,15,0.25,"success",0,"197","196",2.3083799,34.4339981,373.0539856,14.29,27.8381004,48.9000015,40.2170982,40.2170982,17.0137997,67,30,37,42.4146996,0,0,0,0
"362","EMFWOR_NSWRC3-04A_2018","2018-06-04",4,0,"I",2018,"EMFWOR","Incidental","63","U",1,"NAD83 10N",4658624.905,740282.109,2.3,"POTR5",188,-0.99026806874157,2018-05-22,142,3,NA,150,25,0.321428571428571,"success",1,"155",NA,2.3083799,34.4339981,373.0539856,14.29,27.8381004,48.9000015,40.2170982,40.2170982,17.0137997,67,30,37,42.4146996,0,0,0,0
"363","EMFWOR_NSWRC3-04A_2018","2018-06-07",999,999,"I",2018,"EMFWOR","Incidental","63","U",1,"NAD83 10N",4658624.905,740282.109,2.3,"POTR5",188,-0.99026806874157,2018-05-22,142,3,NA,150,25,0.321428571428571,"success",0,"158","155",2.3083799,34.4339981,373.0539856,14.29,27.8381004,48.9000015,40.2170982,40.2170982,17.0137997,67,30,37,42.4146996,0,0,0,0
"364","EMFWOR_NSWRC3-04A_2018","2018-06-11",0,4,"N",2018,"EMFWOR","Incidental","63","U",1,"NAD83 10N",4658624.905,740282.109,2.3,"POTR5",188,-0.99026806874157,2018-05-22,142,3,NA,150,25,0.321428571428571,"success",1,"162","158",2.3083799,34.4339981,373.0539856,14.29,27.8381004,48.9000015,40.2170982,40.2170982,17.0137997,67,30,37,42.4146996,0,0,0,0
"365","EMFWOR_NSWRC3-04A_2018","2018-06-18",0,3,"N",2018,"EMFWOR","Incidental","63","U",1,"NAD83 10N",4658624.905,740282.109,2.3,"POTR5",188,-0.99026806874157,2018-05-22,142,3,NA,150,25,0.321428571428571,"success",1,"169","162",2.3083799,34.4339981,373.0539856,14.29,27.8381004,48.9000015,40.2170982,40.2170982,17.0137997,67,30,37,42.4146996,0,0,0,0
"366","EMFWOR_NSWRC3-04A_2018","2018-06-25",0,3,"N",2018,"EMFWOR","Incidental","63","U",1,"NAD83 10N",4658624.905,740282.109,2.3,"POTR5",188,-0.99026806874157,2018-05-22,142,3,NA,150,25,0.321428571428571,"success",1,"176","169",2.3083799,34.4339981,373.0539856,14.29,27.8381004,48.9000015,40.2170982,40.2170982,17.0137997,67,30,37,42.4146996,0,0,0,0
"367","EMFWOR_NSWRC3-04A_2018","2018-07-02",0,3,"N",2018,"EMFWOR","Incidental","63","U",1,"NAD83 10N",4658624.905,740282.109,2.3,"POTR5",188,-0.99026806874157,2018-05-22,142,3,NA,150,25,0.321428571428571,"success",1,"183","176",2.3083799,34.4339981,373.0539856,14.29,27.8381004,48.9000015,40.2170982,40.2170982,17.0137997,67,30,37,42.4146996,0,0,0,0
"368","EMFWOR_NSWRC3-04A_2018","2018-07-05",999,999,"F",2018,"EMFWOR","Incidental","63","U",1,"NAD83 10N",4658624.905,740282.109,2.3,"POTR5",188,-0.99026806874157,2018-05-22,142,3,NA,150,25,0.321428571428571,"success",0,"186","183",2.3083799,34.4339981,373.0539856,14.29,27.8381004,48.9000015,40.2170982,40.2170982,17.0137997,67,30,37,42.4146996,0,0,0,0
"369","EMFWOR_NSWRC3-04A_2020","2020-06-24",1,2,"N",2020,"EMFWOR","Incidental","64","U",1,"NAD83 10N",4658504,740285,2.2,"POTR5",48,0.669130606358858,2020-06-05,157,1,NA,175,12.5,0.0769230769230769,"success",1,"176",NA,2.47135,38.0727005,379.5469971,13.5320997,29.8034992,48.577301,40.0410995,40.0410995,18.6858006,67,30,37,46.6414986,0,0,0,0
"370","EMFWOR_NSWRC3-04A_2020","2020-06-30",0,2,"N",2020,"EMFWOR","Incidental","64","U",1,"NAD83 10N",4658504,740285,2.2,"POTR5",48,0.669130606358858,2020-06-05,157,1,NA,175,12.5,0.0769230769230769,"success",1,"182","176",2.47135,38.0727005,379.5469971,13.5320997,29.8034992,48.577301,40.0410995,40.0410995,18.6858006,67,30,37,46.6414986,0,0,0,0
"371","EMFWOR_NSWRC3-04A_2020","2020-07-06",999,999,"N",2020,"EMFWOR","Incidental","64","U",1,"NAD83 10N",4658504,740285,2.2,"POTR5",48,0.669130606358858,2020-06-05,157,1,NA,175,12.5,0.0769230769230769,"success",0,"188","182",2.47135,38.0727005,379.5469971,13.5320997,29.8034992,48.577301,40.0410995,40.0410995,18.6858006,67,30,37,46.6414986,0,0,0,0
"372","EMFWOR_NSWRC3-04A_2020","2020-07-08",0,2,"N",2020,"EMFWOR","Incidental","64","U",1,"NAD83 10N",4658504,740285,2.2,"POTR5",48,0.669130606358858,2020-06-05,157,1,NA,175,12.5,0.0769230769230769,"success",1,"190","188",2.47135,38.0727005,379.5469971,13.5320997,29.8034992,48.577301,40.0410995,40.0410995,18.6858006,67,30,37,46.6414986,0,0,0,0
"373","EMFWOR_NSWRC3-04A_2020","2020-07-13",0,1,"N",2020,"EMFWOR","Incidental","64","U",1,"NAD83 10N",4658504,740285,2.2,"POTR5",48,0.669130606358858,2020-06-05,157,1,NA,175,12.5,0.0769230769230769,"success",1,"195","190",2.47135,38.0727005,379.5469971,13.5320997,29.8034992,48.577301,40.0410995,40.0410995,18.6858006,67,30,37,46.6414986,0,0,0,0
"374","EMFWOR_NSWRC3-04A_2020","2020-07-14",999,999,"N",2020,"EMFWOR","Incidental","64","U",1,"NAD83 10N",4658504,740285,2.2,"POTR5",48,0.669130606358858,2020-06-05,157,1,NA,175,12.5,0.0769230769230769,"success",0,"196","195",2.47135,38.0727005,379.5469971,13.5320997,29.8034992,48.577301,40.0410995,40.0410995,18.6858006,67,30,37,46.6414986,0,0,0,0
"375","EMFWOR_NSWRC3-04A_2020","2020-07-15",0,1,"N",2020,"EMFWOR","Incidental","64","U",1,"NAD83 10N",4658504,740285,2.2,"POTR5",48,0.669130606358858,2020-06-05,157,1,NA,175,12.5,0.0769230769230769,"success",1,"197","196",2.47135,38.0727005,379.5469971,13.5320997,29.8034992,48.577301,40.0410995,40.0410995,18.6858006,67,30,37,46.6414986,0,0,0,0
"376","EMFWOR_NSWRC3-04A_2020","2020-07-16",0,1,"N",2020,"EMFWOR","Incidental","64","U",1,"NAD83 10N",4658504,740285,2.2,"POTR5",48,0.669130606358858,2020-06-05,157,1,NA,175,12.5,0.0769230769230769,"success",1,"198","197",2.47135,38.0727005,379.5469971,13.5320997,29.8034992,48.577301,40.0410995,40.0410995,18.6858006,67,30,37,46.6414986,0,0,0,0
"377","EMFWOR_NSWRC3-04A_2020","2020-07-21",0,0,"F",2020,"EMFWOR","Incidental","64","U",1,"NAD83 10N",4658504,740285,2.2,"POTR5",48,0.669130606358858,2020-06-05,157,1,NA,175,12.5,0.0769230769230769,"success",1,"203","198",2.47135,38.0727005,379.5469971,13.5320997,29.8034992,48.577301,40.0410995,40.0410995,18.6858006,67,30,37,46.6414986,0,0,0,0
"378","EMFWOR_NSWRC3-09A_2016","2016-06-24",0,3,"N",2016,"EMFWOR","EMFWOR_SWRC3","EMFWOR_SWRC3","U",1,"NAD83 10N",4660909.512,738426.913,10.9,"PIPO",198,-0.951056516295154,2016-05-26,147,3,1,16.6666666666667,27.5,0.307692307692308,"success",1,"176",NA,13.5699997,117.1589966,276.2909851,15.3641996,39.8064003,27.8087006,38.9850006,11.9976997,38.9850006,54,45,9,202.6320038,0,0,0,0
"379","EMFWOR_NSWRC3-09A_2016","2016-06-27",999,999,"N",2016,"EMFWOR","EMFWOR_SWRC3","EMFWOR_SWRC3","U",1,"NAD83 10N",4660909.512,738426.913,10.9,"PIPO",198,-0.951056516295154,2016-05-26,147,3,1,16.6666666666667,27.5,0.307692307692308,"success",0,"179","176",13.5699997,117.1589966,276.2909851,15.3641996,39.8064003,27.8087006,38.9850006,11.9976997,38.9850006,54,45,9,202.6320038,0,0,0,0
"380","EMFWOR_NSWRC3-09A_2016","2016-06-29",999,999,"N",2016,"EMFWOR","EMFWOR_SWRC3","EMFWOR_SWRC3","U",1,"NAD83 10N",4660909.512,738426.913,10.9,"PIPO",198,-0.951056516295154,2016-05-26,147,3,1,16.6666666666667,27.5,0.307692307692308,"success",0,"181","179",13.5699997,117.1589966,276.2909851,15.3641996,39.8064003,27.8087006,38.9850006,11.9976997,38.9850006,54,45,9,202.6320038,0,0,0,0
"381","EMFWOR_NSWRC3-09A_2016","2016-07-01",999,999,"N",2016,"EMFWOR","EMFWOR_SWRC3","EMFWOR_SWRC3","U",1,"NAD83 10N",4660909.512,738426.913,10.9,"PIPO",198,-0.951056516295154,2016-05-26,147,3,1,16.6666666666667,27.5,0.307692307692308,"success",0,"183","181",13.5699997,117.1589966,276.2909851,15.3641996,39.8064003,27.8087006,38.9850006,11.9976997,38.9850006,54,45,9,202.6320038,0,0,0,0
"382","EMFWOR_NSWRC3-09A_2016","2016-07-05",999,999,"N",2016,"EMFWOR","EMFWOR_SWRC3","EMFWOR_SWRC3","U",1,"NAD83 10N",4660909.512,738426.913,10.9,"PIPO",198,-0.951056516295154,2016-05-26,147,3,1,16.6666666666667,27.5,0.307692307692308,"success",0,"187","183",13.5699997,117.1589966,276.2909851,15.3641996,39.8064003,27.8087006,38.9850006,11.9976997,38.9850006,54,45,9,202.6320038,0,0,0,0
"383","EMFWOR_NSWRC3-09A_2016","2016-07-07",999,999,"F",2016,"EMFWOR","EMFWOR_SWRC3","EMFWOR_SWRC3","U",1,"NAD83 10N",4660909.512,738426.913,10.9,"PIPO",198,-0.951056516295154,2016-05-26,147,3,1,16.6666666666667,27.5,0.307692307692308,"success",0,"189","187",13.5699997,117.1589966,276.2909851,15.3641996,39.8064003,27.8087006,38.9850006,11.9976997,38.9850006,54,45,9,202.6320038,0,0,0,0
"384","EMFWOR_NSWRC3-09A_2016","2016-07-08",999,999,"F",2016,"EMFWOR","EMFWOR_SWRC3","EMFWOR_SWRC3","U",1,"NAD83 10N",4660909.512,738426.913,10.9,"PIPO",198,-0.951056516295154,2016-05-26,147,3,1,16.6666666666667,27.5,0.307692307692308,"success",0,"190","189",13.5699997,117.1589966,276.2909851,15.3641996,39.8064003,27.8087006,38.9850006,11.9976997,38.9850006,54,45,9,202.6320038,0,0,0,0
"385","EMFWOR_NSWRC3-09A_2018","2018-06-18",999,999,"N",2018,"EMFWOR","EMFWOR_SWRC3","EMFWOR_SWRC3","U",1,"NAD83 10N",4661027.134,738609.202,16.3,"PIPO",215,-0.819152044288992,2018-05-25,145,2,2,58.3333333333333,22.5,0.5,"success",0,"169",NA,7.7207098,88.1306992,322.7200012,12.9469004,35.2303009,31.2994995,31.7395,10.5016003,31.7395,48,34,14,121.427002,0,0,0,0
"386","EMFWOR_NSWRC3-09A_2018","2018-06-25",999,999,"N",2018,"EMFWOR","EMFWOR_SWRC3","EMFWOR_SWRC3","U",1,"NAD83 10N",4661027.134,738609.202,16.3,"PIPO",215,-0.819152044288992,2018-05-25,145,2,2,58.3333333333333,22.5,0.5,"success",0,"176","169",7.7207098,88.1306992,322.7200012,12.9469004,35.2303009,31.2994995,31.7395,10.5016003,31.7395,48,34,14,121.427002,0,0,0,0
"387","EMFWOR_NSWRC3-09A_2018","2018-07-02",999,999,"N",2018,"EMFWOR","EMFWOR_SWRC3","EMFWOR_SWRC3","U",1,"NAD83 10N",4661027.134,738609.202,16.3,"PIPO",215,-0.819152044288992,2018-05-25,145,2,2,58.3333333333333,22.5,0.5,"success",0,"183","176",7.7207098,88.1306992,322.7200012,12.9469004,35.2303009,31.2994995,31.7395,10.5016003,31.7395,48,34,14,121.427002,0,0,0,0
"388","EMFWOR_NSWRC3-09A_2018","2018-07-05",999,999,"N",2018,"EMFWOR","EMFWOR_SWRC3","EMFWOR_SWRC3","U",1,"NAD83 10N",4661027.134,738609.202,16.3,"PIPO",215,-0.819152044288992,2018-05-25,145,2,2,58.3333333333333,22.5,0.5,"success",0,"186","183",7.7207098,88.1306992,322.7200012,12.9469004,35.2303009,31.2994995,31.7395,10.5016003,31.7395,48,34,14,121.427002,0,0,0,0
"389","EMFWOR_NSWRC3-09A_2018","2018-07-09",999,999,"F",2018,"EMFWOR","EMFWOR_SWRC3","EMFWOR_SWRC3","U",1,"NAD83 10N",4661027.134,738609.202,16.3,"PIPO",215,-0.819152044288992,2018-05-25,145,2,2,58.3333333333333,22.5,0.5,"success",0,"190","186",7.7207098,88.1306992,322.7200012,12.9469004,35.2303009,31.2994995,31.7395,10.5016003,31.7395,48,34,14,121.427002,0,0,0,0
"390","EMFWOR_NSWRC3-09A_2019","2019-06-17",0,3,"N",2019,"EMFWOR","EMFWOR_SWRC3","EMFWOR_SWRC3","U",9,"NAD83 10N",4661148.149,738530.636,2.9,"PIPO",24,0.913545457642601,2019-05-24,144,0,0,33.3333333333333,35,0.888888888888889,"failure",1,"168",NA,9.1199999,89.6567001,297.1659851,13.4812002,35.6702995,33.0595016,32.2089005,18.1578007,32.2089005,44,32,12,124.8259964,0,0,0,0
"391","EMFWOR_NSWRC3-09A_2019","2019-06-20",0,3,"N",2019,"EMFWOR","EMFWOR_SWRC3","EMFWOR_SWRC3","U",9,"NAD83 10N",4661148.149,738530.636,2.9,"PIPO",24,0.913545457642601,2019-05-24,144,0,0,33.3333333333333,35,0.888888888888889,"failure",1,"171","168",9.1199999,89.6567001,297.1659851,13.4812002,35.6702995,33.0595016,32.2089005,18.1578007,32.2089005,44,32,12,124.8259964,0,0,0,0
"392","EMFWOR_NSWRC3-09A_2019","2019-06-24",0,2,"N",2019,"EMFWOR","EMFWOR_SWRC3","EMFWOR_SWRC3","U",9,"NAD83 10N",4661148.149,738530.636,2.9,"PIPO",24,0.913545457642601,2019-05-24,144,0,0,33.3333333333333,35,0.888888888888889,"failure",1,"175","171",9.1199999,89.6567001,297.1659851,13.4812002,35.6702995,33.0595016,32.2089005,18.1578007,32.2089005,44,32,12,124.8259964,0,0,0,0
"393","EMFWOR_NSWRC3-09A_2019","2019-06-27",0,2,"N",2019,"EMFWOR","EMFWOR_SWRC3","EMFWOR_SWRC3","U",9,"NAD83 10N",4661148.149,738530.636,2.9,"PIPO",24,0.913545457642601,2019-05-24,144,0,0,33.3333333333333,35,0.888888888888889,"failure",1,"178","175",9.1199999,89.6567001,297.1659851,13.4812002,35.6702995,33.0595016,32.2089005,18.1578007,32.2089005,44,32,12,124.8259964,0,0,0,0
"394","EMFWOR_NSWRC3-09A_2019","2019-07-01",0,0,"N",2019,"EMFWOR","EMFWOR_SWRC3","EMFWOR_SWRC3","U",9,"NAD83 10N",4661148.149,738530.636,2.9,"PIPO",24,0.913545457642601,2019-05-24,144,0,0,33.3333333333333,35,0.888888888888889,"failure",1,"182","178",9.1199999,89.6567001,297.1659851,13.4812002,35.6702995,33.0595016,32.2089005,18.1578007,32.2089005,44,32,12,124.8259964,0,0,0,0
"395","EMMAOR_NCLIFFC1-07A_2015","2015-06-29",0,1,"N",2015,"EMMAOR","EMMAOR_CLIFFC1","EMMAOR_CLIFFC1","U",1,"NAD83 11N",4881225.709,373282.571,2.4,"PIPO",12,0.978147600733806,2015-05-27,147,1,NA,116.666666666667,7.5,0.722222222222222,"success",1,"180",NA,1.68792,13.0732002,259.7139893,7.9499998,29.1581001,33.8222008,13.7284002,13.7284002,7.4801998,101,48,53,31.2446003,0,0,0,0
"396","EMMAOR_NCLIFFC1-07A_2015","2015-07-02",0,1,"N",2015,"EMMAOR","EMMAOR_CLIFFC1","EMMAOR_CLIFFC1","U",1,"NAD83 11N",4881225.709,373282.571,2.4,"PIPO",12,0.978147600733806,2015-05-27,147,1,NA,116.666666666667,7.5,0.722222222222222,"success",1,"183","180",1.68792,13.0732002,259.7139893,7.9499998,29.1581001,33.8222008,13.7284002,13.7284002,7.4801998,101,48,53,31.2446003,0,0,0,0
"397","EMMAOR_NCLIFFC1-07A_2015","2015-07-10",999,999,"F",2015,"EMMAOR","EMMAOR_CLIFFC1","EMMAOR_CLIFFC1","U",1,"NAD83 11N",4881225.709,373282.571,2.4,"PIPO",12,0.978147600733806,2015-05-27,147,1,NA,116.666666666667,7.5,0.722222222222222,"success",0,"191","183",1.68792,13.0732002,259.7139893,7.9499998,29.1581001,33.8222008,13.7284002,13.7284002,7.4801998,101,48,53,31.2446003,0,0,0,0
"398","EMMAOR_NCLIFFC1-07A_2019","2019-06-14",0,2,"N",2019,"EMMAOR","EMMAOR_CLIFFC1","EMMAOR_CLIFFC1","U",1,"NAD83 11N",4881225.709,373282.571,3,"PIPO",273,0.0523359562429439,2019-05-25,145,1,NA,66.6666666666667,5,0.818181818181818,"success",1,"165",NA,1.68792,13.0732002,259.7139893,7.9499998,29.1581001,33.8222008,13.7284002,13.7284002,7.4801998,101,48,53,31.2446003,0,0,0,0
"399","EMMAOR_NCLIFFC1-07A_2019","2019-06-27",0,1,"N",2019,"EMMAOR","EMMAOR_CLIFFC1","EMMAOR_CLIFFC1","U",1,"NAD83 11N",4881225.709,373282.571,3,"PIPO",273,0.0523359562429439,2019-05-25,145,1,NA,66.6666666666667,5,0.818181818181818,"success",1,"178","165",1.68792,13.0732002,259.7139893,7.9499998,29.1581001,33.8222008,13.7284002,13.7284002,7.4801998,101,48,53,31.2446003,0,0,0,0
"400","EMMAOR_NCLIFFC1-07A_2019","2019-07-03",0,1,"N",2019,"EMMAOR","EMMAOR_CLIFFC1","EMMAOR_CLIFFC1","U",1,"NAD83 11N",4881225.709,373282.571,3,"PIPO",273,0.0523359562429439,2019-05-25,145,1,NA,66.6666666666667,5,0.818181818181818,"success",1,"184","178",1.68792,13.0732002,259.7139893,7.9499998,29.1581001,33.8222008,13.7284002,13.7284002,7.4801998,101,48,53,31.2446003,0,0,0,0
"401","EMMAOR_NCLIFFC1-07A_2019","2019-07-09",0,0,"F",2019,"EMMAOR","EMMAOR_CLIFFC1","EMMAOR_CLIFFC1","U",1,"NAD83 11N",4881225.709,373282.571,3,"PIPO",273,0.0523359562429439,2019-05-25,145,1,NA,66.6666666666667,5,0.818181818181818,"success",1,"190","184",1.68792,13.0732002,259.7139893,7.9499998,29.1581001,33.8222008,13.7284002,13.7284002,7.4801998,101,48,53,31.2446003,0,0,0,0
"402","EMMAOR_NCLIFFC1-08A_2015","2015-06-22",0,0,"N",2015,"EMMAOR","EMMAOR_CLIFFC1","EMMAOR_CLIFFC1","U",9,"NAD83 11N",4880370.04,373076.329,3.8,"JUOC",152,-0.882947592858927,NA,NA,0,0,66.6666666666667,10,0.769230769230769,"failure",1,"173",NA,1.05158,7.8573599,254.401001,10.5930004,26.0487003,41.3317986,29.1287994,29.1287994,5.6908202,114,38,76,14.7634001,0,0,0,0
"403","EMMAOR_NCLIFFC1-08A_2016","2016-07-05",0,2,"N",2016,"EMMAOR","EMMAOR_CLIFFC1","EMMAOR_CLIFFC1","U",1,"NAD83 11N",4880770.683,373124.548,1.25,"JUOC",26,0.898794046299167,2016-06-02,154,2,2,41.6666666666667,15,0.166666666666667,"success",1,"187",NA,1.12299,8.5230904,256.70401,10.8544998,24.5233002,38.6917,28.8353996,28.8353996,5.8668199,104,37,67,16.7579002,0,0,0,0
"404","EMMAOR_NCLIFFC1-08A_2016","2016-07-07",0,2,"N",2016,"EMMAOR","EMMAOR_CLIFFC1","EMMAOR_CLIFFC1","U",1,"NAD83 11N",4880770.683,373124.548,1.25,"JUOC",26,0.898794046299167,2016-06-02,154,2,2,41.6666666666667,15,0.166666666666667,"success",1,"189","187",1.12299,8.5230904,256.70401,10.8544998,24.5233002,38.6917,28.8353996,28.8353996,5.8668199,104,37,67,16.7579002,0,0,0,0
"405","EMMAOR_NCLIFFC1-08A_2016","2016-07-12",0,2,"N",2016,"EMMAOR","EMMAOR_CLIFFC1","EMMAOR_CLIFFC1","U",1,"NAD83 11N",4880770.683,373124.548,1.25,"JUOC",26,0.898794046299167,2016-06-02,154,2,2,41.6666666666667,15,0.166666666666667,"success",1,"194","189",1.12299,8.5230904,256.70401,10.8544998,24.5233002,38.6917,28.8353996,28.8353996,5.8668199,104,37,67,16.7579002,0,0,0,0
"406","EMMAOR_NCLIFFC1-08A_2016","2016-07-14",0,0,"F",2016,"EMMAOR","EMMAOR_CLIFFC1","EMMAOR_CLIFFC1","U",1,"NAD83 11N",4880770.683,373124.548,1.25,"JUOC",26,0.898794046299167,2016-06-02,154,2,2,41.6666666666667,15,0.166666666666667,"success",1,"196","194",1.12299,8.5230904,256.70401,10.8544998,24.5233002,38.6917,28.8353996,28.8353996,5.8668199,104,37,67,16.7579002,0,0,0,0
"407","EMMAOR_NCLIFFC1-08A_2017","2017-06-15",0,3,"N",2017,"EMMAOR","EMMAOR_CLIFFC1","EMMAOR_CLIFFC1","U",1,"NAD83 11N",4880340.346,373075.225,3.6,"JUOC",160,-0.939692620785908,2017-05-29,149,2,NA,0,7.5,0,"success",1,"166",NA,1.0776,8.4245195,261.1099854,10.5565004,26.3419991,41.3023987,28.9528008,28.9528008,6.3068299,116,41,75,14.4765997,0,0,0,0
"408","EMMAOR_NCLIFFC1-08A_2017","2017-06-21",0,3,"N",2017,"EMMAOR","EMMAOR_CLIFFC1","EMMAOR_CLIFFC1","U",1,"NAD83 11N",4880340.346,373075.225,3.6,"JUOC",160,-0.939692620785908,2017-05-29,149,2,NA,0,7.5,0,"success",1,"172","166",1.0776,8.4245195,261.1099854,10.5565004,26.3419991,41.3023987,28.9528008,28.9528008,6.3068299,116,41,75,14.4765997,0,0,0,0
"409","EMMAOR_NCLIFFC1-08A_2017","2017-06-26",999,999,"N",2017,"EMMAOR","EMMAOR_CLIFFC1","EMMAOR_CLIFFC1","U",1,"NAD83 11N",4880340.346,373075.225,3.6,"JUOC",160,-0.939692620785908,2017-05-29,149,2,NA,0,7.5,0,"success",0,"177","172",1.0776,8.4245195,261.1099854,10.5565004,26.3419991,41.3023987,28.9528008,28.9528008,6.3068299,116,41,75,14.4765997,0,0,0,0
"410","EMMAOR_NCLIFFC1-08A_2017","2017-06-27",0,2,"N",2017,"EMMAOR","EMMAOR_CLIFFC1","EMMAOR_CLIFFC1","U",1,"NAD83 11N",4880340.346,373075.225,3.6,"JUOC",160,-0.939692620785908,2017-05-29,149,2,NA,0,7.5,0,"success",1,"178","177",1.0776,8.4245195,261.1099854,10.5565004,26.3419991,41.3023987,28.9528008,28.9528008,6.3068299,116,41,75,14.4765997,0,0,0,0
"411","EMMAOR_NCLIFFC1-08A_2017","2017-06-29",0,2,"N",2017,"EMMAOR","EMMAOR_CLIFFC1","EMMAOR_CLIFFC1","U",1,"NAD83 11N",4880340.346,373075.225,3.6,"JUOC",160,-0.939692620785908,2017-05-29,149,2,NA,0,7.5,0,"success",1,"180","178",1.0776,8.4245195,261.1099854,10.5565004,26.3419991,41.3023987,28.9528008,28.9528008,6.3068299,116,41,75,14.4765997,0,0,0,0
"412","EMMAOR_NCLIFFC1-08A_2017","2017-07-05",0,2,"N",2017,"EMMAOR","EMMAOR_CLIFFC1","EMMAOR_CLIFFC1","U",1,"NAD83 11N",4880340.346,373075.225,3.6,"JUOC",160,-0.939692620785908,2017-05-29,149,2,NA,0,7.5,0,"success",1,"186","180",1.0776,8.4245195,261.1099854,10.5565004,26.3419991,41.3023987,28.9528008,28.9528008,6.3068299,116,41,75,14.4765997,0,0,0,0
"413","EMMAOR_NCLIFFC1-08A_2017","2017-07-12",0,2,"N",2017,"EMMAOR","EMMAOR_CLIFFC1","EMMAOR_CLIFFC1","U",1,"NAD83 11N",4880340.346,373075.225,3.6,"JUOC",160,-0.939692620785908,2017-05-29,149,2,NA,0,7.5,0,"success",1,"193","186",1.0776,8.4245195,261.1099854,10.5565004,26.3419991,41.3023987,28.9528008,28.9528008,6.3068299,116,41,75,14.4765997,0,0,0,0
"414","EMMAOR_NCLIFFC1-08A_2017","2017-07-19",0,0,"F",2017,"EMMAOR","EMMAOR_CLIFFC1","EMMAOR_CLIFFC1","U",1,"NAD83 11N",4880340.346,373075.225,3.6,"JUOC",160,-0.939692620785908,2017-05-29,149,2,NA,0,7.5,0,"success",1,"200","193",1.0776,8.4245195,261.1099854,10.5565004,26.3419991,41.3023987,28.9528008,28.9528008,6.3068299,116,41,75,14.4765997,0,0,0,0
"415","EMMAOR_NCLIFFC1-08A_2019","2019-06-14",4,0,"I",2019,"EMMAOR","EMMAOR_CLIFFC1","EMMAOR_CLIFFC1","U",1,"NAD83 11N",4880340.346,373075.225,3.6,"JUOC",160,-0.939692620785908,2019-06-02,153,2,NA,0,7.5,0,"success",1,"165",NA,1.0776,8.4245195,261.1099854,10.5565004,26.3419991,41.3023987,28.9528008,28.9528008,6.3068299,116,41,75,14.4765997,0,0,0,0
"416","EMMAOR_NCLIFFC1-08A_2019","2019-06-27",0,2,"N",2019,"EMMAOR","EMMAOR_CLIFFC1","EMMAOR_CLIFFC1","U",1,"NAD83 11N",4880340.346,373075.225,3.6,"JUOC",160,-0.939692620785908,2019-06-02,153,2,NA,0,7.5,0,"success",1,"178","165",1.0776,8.4245195,261.1099854,10.5565004,26.3419991,41.3023987,28.9528008,28.9528008,6.3068299,116,41,75,14.4765997,0,0,0,0
"417","EMMAOR_NCLIFFC1-08A_2019","2019-07-03",0,2,"N",2019,"EMMAOR","EMMAOR_CLIFFC1","EMMAOR_CLIFFC1","U",1,"NAD83 11N",4880340.346,373075.225,3.6,"JUOC",160,-0.939692620785908,2019-06-02,153,2,NA,0,7.5,0,"success",1,"184","178",1.0776,8.4245195,261.1099854,10.5565004,26.3419991,41.3023987,28.9528008,28.9528008,6.3068299,116,41,75,14.4765997,0,0,0,0
"418","EMMAOR_NCLIFFC1-08A_2019","2019-07-09",999,999,"N",2019,"EMMAOR","EMMAOR_CLIFFC1","EMMAOR_CLIFFC1","U",1,"NAD83 11N",4880340.346,373075.225,3.6,"JUOC",160,-0.939692620785908,2019-06-02,153,2,NA,0,7.5,0,"success",0,"190","184",1.0776,8.4245195,261.1099854,10.5565004,26.3419991,41.3023987,28.9528008,28.9528008,6.3068299,116,41,75,14.4765997,0,0,0,0
"419","EMMAOR_NCLIFFC1-08A_2019","2019-07-11",0,2,"N",2019,"EMMAOR","EMMAOR_CLIFFC1","EMMAOR_CLIFFC1","U",1,"NAD83 11N",4880340.346,373075.225,3.6,"JUOC",160,-0.939692620785908,2019-06-02,153,2,NA,0,7.5,0,"success",1,"192","190",1.0776,8.4245195,261.1099854,10.5565004,26.3419991,41.3023987,28.9528008,28.9528008,6.3068299,116,41,75,14.4765997,0,0,0,0
"420","EMMAOR_NCLIFFC1-08A_2019","2019-07-12",0,2,"N",2019,"EMMAOR","EMMAOR_CLIFFC1","EMMAOR_CLIFFC1","U",1,"NAD83 11N",4880340.346,373075.225,3.6,"JUOC",160,-0.939692620785908,2019-06-02,153,2,NA,0,7.5,0,"success",1,"193","192",1.0776,8.4245195,261.1099854,10.5565004,26.3419991,41.3023987,28.9528008,28.9528008,6.3068299,116,41,75,14.4765997,0,0,0,0
"421","EMMAOR_NCLIFFC1-08A_2019","2019-07-19",0,0,"F",2019,"EMMAOR","EMMAOR_CLIFFC1","EMMAOR_CLIFFC1","U",1,"NAD83 11N",4880340.346,373075.225,3.6,"JUOC",160,-0.939692620785908,2019-06-02,153,2,NA,0,7.5,0,"success",1,"200","193",1.0776,8.4245195,261.1099854,10.5565004,26.3419991,41.3023987,28.9528008,28.9528008,6.3068299,116,41,75,14.4765997,0,0,0,0
"422","EMMAOR_NCLIFFC1-08B_2017","2017-06-15",0,3,"N",2017,"EMMAOR","EMMAOR_CLIFFC1","EMMAOR_CLIFFC1","U",1,"NAD83 11N",4880770.683,373124.548,1.25,"JUOC",26,0.898794046299167,2017-05-25,145,2,NA,41.6666666666667,15,0.166666666666667,"success",1,"166",NA,1.12299,8.5230904,256.70401,10.8544998,24.5233002,38.6917,28.8353996,28.8353996,5.8668199,104,37,67,16.7579002,0,0,0,0
"423","EMMAOR_NCLIFFC1-08B_2017","2017-06-21",0,3,"N",2017,"EMMAOR","EMMAOR_CLIFFC1","EMMAOR_CLIFFC1","U",1,"NAD83 11N",4880770.683,373124.548,1.25,"JUOC",26,0.898794046299167,2017-05-25,145,2,NA,41.6666666666667,15,0.166666666666667,"success",1,"172","166",1.12299,8.5230904,256.70401,10.8544998,24.5233002,38.6917,28.8353996,28.8353996,5.8668199,104,37,67,16.7579002,0,0,0,0
"424","EMMAOR_NCLIFFC1-08B_2017","2017-06-26",999,999,"N",2017,"EMMAOR","EMMAOR_CLIFFC1","EMMAOR_CLIFFC1","U",1,"NAD83 11N",4880770.683,373124.548,1.25,"JUOC",26,0.898794046299167,2017-05-25,145,2,NA,41.6666666666667,15,0.166666666666667,"success",0,"177","172",1.12299,8.5230904,256.70401,10.8544998,24.5233002,38.6917,28.8353996,28.8353996,5.8668199,104,37,67,16.7579002,0,0,0,0
"425","EMMAOR_NCLIFFC1-08B_2017","2017-06-27",0,3,"N",2017,"EMMAOR","EMMAOR_CLIFFC1","EMMAOR_CLIFFC1","U",1,"NAD83 11N",4880770.683,373124.548,1.25,"JUOC",26,0.898794046299167,2017-05-25,145,2,NA,41.6666666666667,15,0.166666666666667,"success",1,"178","177",1.12299,8.5230904,256.70401,10.8544998,24.5233002,38.6917,28.8353996,28.8353996,5.8668199,104,37,67,16.7579002,0,0,0,0
"426","EMMAOR_NCLIFFC1-08B_2017","2017-06-29",0,3,"N",2017,"EMMAOR","EMMAOR_CLIFFC1","EMMAOR_CLIFFC1","U",1,"NAD83 11N",4880770.683,373124.548,1.25,"JUOC",26,0.898794046299167,2017-05-25,145,2,NA,41.6666666666667,15,0.166666666666667,"success",1,"180","178",1.12299,8.5230904,256.70401,10.8544998,24.5233002,38.6917,28.8353996,28.8353996,5.8668199,104,37,67,16.7579002,0,0,0,0
"427","EMMAOR_NCLIFFC1-08B_2017","2017-07-05",0,2,"N",2017,"EMMAOR","EMMAOR_CLIFFC1","EMMAOR_CLIFFC1","U",1,"NAD83 11N",4880770.683,373124.548,1.25,"JUOC",26,0.898794046299167,2017-05-25,145,2,NA,41.6666666666667,15,0.166666666666667,"success",1,"186","180",1.12299,8.5230904,256.70401,10.8544998,24.5233002,38.6917,28.8353996,28.8353996,5.8668199,104,37,67,16.7579002,0,0,0,0
"428","EMMAOR_NCLIFFC1-08B_2017","2017-07-12",0,0,"F",2017,"EMMAOR","EMMAOR_CLIFFC1","EMMAOR_CLIFFC1","U",1,"NAD83 11N",4880770.683,373124.548,1.25,"JUOC",26,0.898794046299167,2017-05-25,145,2,NA,41.6666666666667,15,0.166666666666667,"success",1,"193","186",1.12299,8.5230904,256.70401,10.8544998,24.5233002,38.6917,28.8353996,28.8353996,5.8668199,104,37,67,16.7579002,0,0,0,0
"429","EMMAOR_NCLIFFC2-04A_2017","2017-06-27",0,2,"N",2017,"EMMAOR","EMMAOR_CLIFFC2","EMMAOR_CLIFFC2","U",1,"NAD83 11N",4877547.94,374052.527,1.5,"JUOC",128,-0.615661475325658,2017-05-26,146,2,NA,66.6666666666667,5,0.2,"success",1,"178",NA,0.651028,8.8437204,354.7430115,14.7630997,22.7045994,51.8040009,44.5292015,44.5292015,6.3068299,147,40,107,14.9497995,0,0,0,0
"430","EMMAOR_NCLIFFC2-04A_2017","2017-07-05",0,2,"N",2017,"EMMAOR","EMMAOR_CLIFFC2","EMMAOR_CLIFFC2","U",1,"NAD83 11N",4877547.94,374052.527,1.5,"JUOC",128,-0.615661475325658,2017-05-26,146,2,NA,66.6666666666667,5,0.2,"success",1,"186","178",0.651028,8.8437204,354.7430115,14.7630997,22.7045994,51.8040009,44.5292015,44.5292015,6.3068299,147,40,107,14.9497995,0,0,0,0
"431","EMMAOR_NCLIFFC2-04A_2017","2017-07-12",0,0,"F",2017,"EMMAOR","EMMAOR_CLIFFC2","EMMAOR_CLIFFC2","U",1,"NAD83 11N",4877547.94,374052.527,1.5,"JUOC",128,-0.615661475325658,2017-05-26,146,2,NA,66.6666666666667,5,0.2,"success",1,"193","186",0.651028,8.8437204,354.7430115,14.7630997,22.7045994,51.8040009,44.5292015,44.5292015,6.3068299,147,40,107,14.9497995,0,0,0,0
"432","EMMAOR_NCLIFFC2-06A_2019","2019-06-27",0,2,"N",2019,"EMMAOR","EMMAOR_CLIFFC2","EMMAOR_CLIFFC2","U",1,"NAD83 11N",4876877.559,374460.998,1.8,"PIPO",35,0.819152044288992,2019-05-24,144,2,NA,50,10,0.363636363636364,"success",1,"178",NA,0.401489,3.8817301,294.4200134,21.0785999,18.4512005,55.1188011,50.9533997,50.9533997,4.0187702,178,37,141,8.2814798,0,0,0,0
"433","EMMAOR_NCLIFFC2-06A_2019","2019-07-03",0,1,"N",2019,"EMMAOR","EMMAOR_CLIFFC2","EMMAOR_CLIFFC2","U",1,"NAD83 11N",4876877.559,374460.998,1.8,"PIPO",35,0.819152044288992,2019-05-24,144,2,NA,50,10,0.363636363636364,"success",1,"184","178",0.401489,3.8817301,294.4200134,21.0785999,18.4512005,55.1188011,50.9533997,50.9533997,4.0187702,178,37,141,8.2814798,0,0,0,0
"434","EMMAOR_NCLIFFC2-06A_2019","2019-07-09",0,0,"F",2019,"EMMAOR","EMMAOR_CLIFFC2","EMMAOR_CLIFFC2","U",1,"NAD83 11N",4876877.559,374460.998,1.8,"PIPO",35,0.819152044288992,2019-05-24,144,2,NA,50,10,0.363636363636364,"success",1,"190","184",0.401489,3.8817301,294.4200134,21.0785999,18.4512005,55.1188011,50.9533997,50.9533997,4.0187702,178,37,141,8.2814798,0,0,0,0
"435","EMMAOR_NCLIFFC2-07A_2015","2015-06-15",2,2,"N",2015,"EMMAOR","EMMAOR_CLIFFC2","EMMAOR_CLIFFC2","U",1,"NAD83 11N",4876541.643,374889.838,1.9,"POTR5",286,0.275637355816999,2015-05-25,145,2,NA,41.6666666666667,7.5,0.8,"success",1,"166",NA,0.283846,0.882239,145.1950073,30.8743992,13.2297001,55.5587997,54.3560982,54.3560982,0.968026,164,21,143,4.0888901,0,0,0,0
"436","EMMAOR_NCLIFFC2-07A_2015","2015-06-29",0,3,"N",2015,"EMMAOR","EMMAOR_CLIFFC2","EMMAOR_CLIFFC2","U",1,"NAD83 11N",4876541.643,374889.838,1.9,"POTR5",286,0.275637355816999,2015-05-25,145,2,NA,41.6666666666667,7.5,0.8,"success",1,"180","166",0.283846,0.882239,145.1950073,30.8743992,13.2297001,55.5587997,54.3560982,54.3560982,0.968026,164,21,143,4.0888901,0,0,0,0
"437","EMMAOR_NCLIFFC2-07A_2015","2015-07-10",999,999,"F",2015,"EMMAOR","EMMAOR_CLIFFC2","EMMAOR_CLIFFC2","U",1,"NAD83 11N",4876541.643,374889.838,1.9,"POTR5",286,0.275637355816999,2015-05-25,145,2,NA,41.6666666666667,7.5,0.8,"success",0,"191","180",0.283846,0.882239,145.1950073,30.8743992,13.2297001,55.5587997,54.3560982,54.3560982,0.968026,164,21,143,4.0888901,0,0,0,0
"438","EMMAOR_NCLIFFC2-08A_2019","2019-06-27",0,3,"N",2019,"EMMAOR","EMMAOR_CLIFFC2","EMMAOR_CLIFFC2","U",1,"NAD83 11N",4876639.819,375172.094,1.1,"JUOC",251,-0.325568154457157,2019-05-19,139,3,NA,108.333333333333,10,0.764705882352941,"success",1,"178",NA,0.255205,0.737826,137.5169983,31.7686005,12.1443005,52.8013992,51.9213982,51.9213982,0.968026,163,17,146,3.57357,0,0,0,0
"439","EMMAOR_NCLIFFC2-08A_2019","2019-07-03",0,0,"F",2019,"EMMAOR","EMMAOR_CLIFFC2","EMMAOR_CLIFFC2","U",1,"NAD83 11N",4876639.819,375172.094,1.1,"JUOC",251,-0.325568154457157,2019-05-19,139,3,NA,108.333333333333,10,0.764705882352941,"success",1,"184","178",0.255205,0.737826,137.5169983,31.7686005,12.1443005,52.8013992,51.9213982,51.9213982,0.968026,163,17,146,3.57357,0,0,0,0
"440","EMMAOR_NCLIFFC2-10A_2017","2017-06-29",0,3,"N",2017,"EMMAOR","EMMAOR_CLIFFC2","EMMAOR_CLIFFC2","U",1,"NAD83 11N",4877089.051,376022.398,2.9,"PIPO",24,0.913545457642601,2017-05-21,141,3,NA,25,2.5,0.8,"success",1,"180",NA,1.44391,65.0108032,663.5059814,10.5855999,32.4729004,33.2355995,26.1954002,22.9393005,26.1954002,123,54,69,27.2726994,0,0,0,0
"441","EMMAOR_NCLIFFC2-10A_2017","2017-07-05",0,0,"F",2017,"EMMAOR","EMMAOR_CLIFFC2","EMMAOR_CLIFFC2","U",1,"NAD83 11N",4877089.051,376022.398,2.9,"PIPO",24,0.913545457642601,2017-05-21,141,3,NA,25,2.5,0.8,"success",1,"186","180",1.44391,65.0108032,663.5059814,10.5855999,32.4729004,33.2355995,26.1954002,22.9393005,26.1954002,123,54,69,27.2726994,0,0,0,0
"442","EMMAOR_NCUBT1-10A_2015","2015-06-18",2,0,"I",2015,"EMMAOR","EMMAOR_CUBT1","EMMAOR_CUBT1","HB",9,"NAD83 11N",4888319.52,347612.472,1.1,"PIPO",83,0.121869343405147,NA,NA,0,0,33.3333333333333,12.5,1,"failure",1,"169",NA,0.511519,3.10991,225.3829956,37.6111984,13.1709995,51.3054008,46.0251999,46.0251999,3.1387501,111,32,79,5.1823802,21.0618992,100,0,9.5012302
"443","EMMAOR_NCUBT1-10A_2016","2016-06-15",4,0,"I",2016,"EMMAOR","EMMAOR_CUBT1","EMMAOR_CUBT1","B",9,"NAD83 11N",4888208.178,347457.452,1.5,"PIPO",196,-0.961261695938319,2016-05-29,150,0,NA,91.6666666666667,2.5,1,"failure",1,"167",NA,0.575217,4.2961202,254.3359985,40.260601,12.9363003,53.3293991,47.7266006,47.7266006,2.8747399,105,36,69,5.9032202,18.6271992,100,0,8.94102
"444","EMMAOR_NCUBT1-10A_2016","2016-06-17",0,4,"N",2016,"EMMAOR","EMMAOR_CUBT1","EMMAOR_CUBT1","B",9,"NAD83 11N",4888208.178,347457.452,1.5,"PIPO",196,-0.961261695938319,2016-05-29,150,0,NA,91.6666666666667,2.5,1,"failure",1,"169","167",0.575217,4.2961202,254.3359985,40.260601,12.9363003,53.3293991,47.7266006,47.7266006,2.8747399,105,36,69,5.9032202,18.6271992,100,0,8.94102
"445","EMMAOR_NCUBT1-10A_2016","2016-06-20",0,2,"N",2016,"EMMAOR","EMMAOR_CUBT1","EMMAOR_CUBT1","B",9,"NAD83 11N",4888208.178,347457.452,1.5,"PIPO",196,-0.961261695938319,2016-05-29,150,0,NA,91.6666666666667,2.5,1,"failure",1,"172","169",0.575217,4.2961202,254.3359985,40.260601,12.9363003,53.3293991,47.7266006,47.7266006,2.8747399,105,36,69,5.9032202,18.6271992,100,0,8.94102
"446","EMMAOR_NCUBT1-10A_2016","2016-06-24",0,2,"N",2016,"EMMAOR","EMMAOR_CUBT1","EMMAOR_CUBT1","B",9,"NAD83 11N",4888208.178,347457.452,1.5,"PIPO",196,-0.961261695938319,2016-05-29,150,0,NA,91.6666666666667,2.5,1,"failure",1,"176","172",0.575217,4.2961202,254.3359985,40.260601,12.9363003,53.3293991,47.7266006,47.7266006,2.8747399,105,36,69,5.9032202,18.6271992,100,0,8.94102
"447","EMMAOR_NCUBT1-10A_2016","2016-06-27",0,2,"N",2016,"EMMAOR","EMMAOR_CUBT1","EMMAOR_CUBT1","B",9,"NAD83 11N",4888208.178,347457.452,1.5,"PIPO",196,-0.961261695938319,2016-05-29,150,0,NA,91.6666666666667,2.5,1,"failure",1,"179","176",0.575217,4.2961202,254.3359985,40.260601,12.9363003,53.3293991,47.7266006,47.7266006,2.8747399,105,36,69,5.9032202,18.6271992,100,0,8.94102
"448","EMMAOR_NCUBT1-10A_2016","2016-07-08",0,0,"N",2016,"EMMAOR","EMMAOR_CUBT1","EMMAOR_CUBT1","B",9,"NAD83 11N",4888208.178,347457.452,1.5,"PIPO",196,-0.961261695938319,2016-05-29,150,0,NA,91.6666666666667,2.5,1,"failure",1,"190","179",0.575217,4.2961202,254.3359985,40.260601,12.9363003,53.3293991,47.7266006,47.7266006,2.8747399,105,36,69,5.9032202,18.6271992,100,0,8.94102
"449","EMMAOR_NCUBT2-02A_2016","2016-06-24",2,2,"N",2016,"EMMAOR","EMMAOR_CUBT2","EMMAOR_CUBT2","HB",9,"NAD83 11N",4888895.778,345533.728,2.5,"PIPO",122,-0.529919264233205,2016-06-06,158,0,0,100,10,0.5625,"failure",1,"176",NA,2.22686,25.2933006,321.8429871,16.0660992,25.4032993,25.3740005,13.7869997,7.06952,13.7869997,120,85,35,34.6300011,40.3931007,69.9620972,0,22.0167007
"450","EMMAOR_NCUBT2-02A_2016","2016-06-27",999,999,"N",2016,"EMMAOR","EMMAOR_CUBT2","EMMAOR_CUBT2","HB",9,"NAD83 11N",4888895.778,345533.728,2.5,"PIPO",122,-0.529919264233205,2016-06-06,158,0,0,100,10,0.5625,"failure",0,"179","176",2.22686,25.2933006,321.8429871,16.0660992,25.4032993,25.3740005,13.7869997,7.06952,13.7869997,120,85,35,34.6300011,40.3931007,69.9620972,0,22.0167007
"451","EMMAOR_NCUBT2-02A_2016","2016-06-29",999,999,"N",2016,"EMMAOR","EMMAOR_CUBT2","EMMAOR_CUBT2","HB",9,"NAD83 11N",4888895.778,345533.728,2.5,"PIPO",122,-0.529919264233205,2016-06-06,158,0,0,100,10,0.5625,"failure",0,"181","179",2.22686,25.2933006,321.8429871,16.0660992,25.4032993,25.3740005,13.7869997,7.06952,13.7869997,120,85,35,34.6300011,40.3931007,69.9620972,0,22.0167007
"452","EMMAOR_NCUBT2-02A_2016","2016-07-08",999,999,"N",2016,"EMMAOR","EMMAOR_CUBT2","EMMAOR_CUBT2","HB",9,"NAD83 11N",4888895.778,345533.728,2.5,"PIPO",122,-0.529919264233205,2016-06-06,158,0,0,100,10,0.5625,"failure",0,"190","181",2.22686,25.2933006,321.8429871,16.0660992,25.4032993,25.3740005,13.7869997,7.06952,13.7869997,120,85,35,34.6300011,40.3931007,69.9620972,0,22.0167007
"453","EMMAOR_NCUBT2-02A_2021","2021-06-07",1,4,"N",2021,"EMMAOR","EMMAOR_CUBT2","EMMAOR_CUBT2","HB",NA,"NAD83 11N",4888785,345182,0.95,"PIPO",14,0.970295726275996,NA,NA,NA,NA,58.3333333333333,27.5,0.888888888888889,"failure",1,"158",NA,1.74857,17.6028996,301.1149902,18.573,19.9472008,23.1445999,9.9442701,7.06952,9.9442701,134,99,35,19.6896992,43.1212006,49.9029007,0,42.9034996
"454","EMMAOR_NCUBT2-02A_2021","2021-06-10",0,4,"N",2021,"EMMAOR","EMMAOR_CUBT2","EMMAOR_CUBT2","HB",NA,"NAD83 11N",4888785,345182,0.95,"PIPO",14,0.970295726275996,NA,NA,NA,NA,58.3333333333333,27.5,0.888888888888889,"failure",1,"161","158",1.74857,17.6028996,301.1149902,18.573,19.9472008,23.1445999,9.9442701,7.06952,9.9442701,134,99,35,19.6896992,43.1212006,49.9029007,0,42.9034996
"455","EMMAOR_NCUBT2-02A_2021","2021-06-18",0,3,"N",2021,"EMMAOR","EMMAOR_CUBT2","EMMAOR_CUBT2","HB",NA,"NAD83 11N",4888785,345182,0.95,"PIPO",14,0.970295726275996,NA,NA,NA,NA,58.3333333333333,27.5,0.888888888888889,"failure",1,"169","161",1.74857,17.6028996,301.1149902,18.573,19.9472008,23.1445999,9.9442701,7.06952,9.9442701,134,99,35,19.6896992,43.1212006,49.9029007,0,42.9034996
"456","EMMAOR_NCUBT2-02A_2021","2021-06-24",0,3,"N",2021,"EMMAOR","EMMAOR_CUBT2","EMMAOR_CUBT2","HB",NA,"NAD83 11N",4888785,345182,0.95,"PIPO",14,0.970295726275996,NA,NA,NA,NA,58.3333333333333,27.5,0.888888888888889,"failure",1,"175","169",1.74857,17.6028996,301.1149902,18.573,19.9472008,23.1445999,9.9442701,7.06952,9.9442701,134,99,35,19.6896992,43.1212006,49.9029007,0,42.9034996
"457","EMMAOR_NCUBT2-02A_2021","2021-06-28",0,3,"N",2021,"EMMAOR","EMMAOR_CUBT2","EMMAOR_CUBT2","HB",NA,"NAD83 11N",4888785,345182,0.95,"PIPO",14,0.970295726275996,NA,NA,NA,NA,58.3333333333333,27.5,0.888888888888889,"failure",1,"179","175",1.74857,17.6028996,301.1149902,18.573,19.9472008,23.1445999,9.9442701,7.06952,9.9442701,134,99,35,19.6896992,43.1212006,49.9029007,0,42.9034996
"458","EMMAOR_NCUBT2-02A_2021","2021-06-30",0,3,"N",2021,"EMMAOR","EMMAOR_CUBT2","EMMAOR_CUBT2","HB",NA,"NAD83 11N",4888785,345182,0.95,"PIPO",14,0.970295726275996,NA,NA,NA,NA,58.3333333333333,27.5,0.888888888888889,"failure",1,"181","179",1.74857,17.6028996,301.1149902,18.573,19.9472008,23.1445999,9.9442701,7.06952,9.9442701,134,99,35,19.6896992,43.1212006,49.9029007,0,42.9034996
"459","EMMAOR_NCUBT2-02A_2021","2021-07-02",999,999,"N",2021,"EMMAOR","EMMAOR_CUBT2","EMMAOR_CUBT2","HB",NA,"NAD83 11N",4888785,345182,0.95,"PIPO",14,0.970295726275996,NA,NA,NA,NA,58.3333333333333,27.5,0.888888888888889,"failure",0,"183","181",1.74857,17.6028996,301.1149902,18.573,19.9472008,23.1445999,9.9442701,7.06952,9.9442701,134,99,35,19.6896992,43.1212006,49.9029007,0,42.9034996
"460","EMMAOR_NCUBT2-02A_2021","2021-07-04",0,0,"F",2021,"EMMAOR","EMMAOR_CUBT2","EMMAOR_CUBT2","HB",NA,"NAD83 11N",4888785,345182,0.95,"PIPO",14,0.970295726275996,NA,NA,NA,NA,58.3333333333333,27.5,0.888888888888889,"failure",1,"185","183",1.74857,17.6028996,301.1149902,18.573,19.9472008,23.1445999,9.9442701,7.06952,9.9442701,134,99,35,19.6896992,43.1212006,49.9029007,0,42.9034996
"461","EMMAOR_NCUBT2-03A_2015","2015-06-01",2,0,"I",2015,"EMMAOR","EMMAOR_CUBT2","EMMAOR_CUBT2","HB",9,"NAD83 11N",4888525.007,345633.804,1.7,"PIPO",210,-0.866025403784439,NA,NA,0,0,66.6666666666667,0,0.75,"failure",1,"152",NA,1.9,24.8211002,347.32901,15.7995996,27.8673992,30.5955009,14.3444004,6.8348498,14.3444004,135,90,45,39.5592995,41.4491005,76.1625977,0,18.2322006
"462","EMMAOR_NCUBT2-03A_2015","2015-06-16",0,2,"N",2015,"EMMAOR","EMMAOR_CUBT2","EMMAOR_CUBT2","HB",9,"NAD83 11N",4888525.007,345633.804,1.7,"PIPO",210,-0.866025403784439,NA,NA,0,0,66.6666666666667,0,0.75,"failure",1,"167","152",1.9,24.8211002,347.32901,15.7995996,27.8673992,30.5955009,14.3444004,6.8348498,14.3444004,135,90,45,39.5592995,41.4491005,76.1625977,0,18.2322006
"463","EMMAOR_NCUBT2-03A_2015","2015-06-29",999,999,"N",2015,"EMMAOR","EMMAOR_CUBT2","EMMAOR_CUBT2","HB",9,"NAD83 11N",4888525.007,345633.804,1.7,"PIPO",210,-0.866025403784439,NA,NA,0,0,66.6666666666667,0,0.75,"failure",0,"180","167",1.9,24.8211002,347.32901,15.7995996,27.8673992,30.5955009,14.3444004,6.8348498,14.3444004,135,90,45,39.5592995,41.4491005,76.1625977,0,18.2322006
"464","EMMAOR_NCUBT2-03A_2015","2015-07-02",0,0,"N",2015,"EMMAOR","EMMAOR_CUBT2","EMMAOR_CUBT2","HB",9,"NAD83 11N",4888525.007,345633.804,1.7,"PIPO",210,-0.866025403784439,NA,NA,0,0,66.6666666666667,0,0.75,"failure",1,"183","180",1.9,24.8211002,347.32901,15.7995996,27.8673992,30.5955009,14.3444004,6.8348498,14.3444004,135,90,45,39.5592995,41.4491005,76.1625977,0,18.2322006
"465","EMMAOR_NCUBT2-08A_2019","2019-06-20",0,3,"N",2019,"EMMAOR","EMMAOR_CUBT2","EMMAOR_CUBT2","HB",1,"NAD83 11N",4887726.859,346130.672,2.2,"PIPO",148,-0.848048096156426,2019-05-24,144,2,NA,16.6666666666667,7.5,1,"success",1,"171",NA,1.07143,7.90416,252.5319977,21.6002998,22.0006008,44.8518982,33.2061996,33.2061996,5.72015,127,64,63,13.5251999,39.0437012,82.4522018,0,39.1571007
"466","EMMAOR_NCUBT2-08A_2019","2019-06-25",999,999,"N",2019,"EMMAOR","EMMAOR_CUBT2","EMMAOR_CUBT2","HB",1,"NAD83 11N",4887726.859,346130.672,2.2,"PIPO",148,-0.848048096156426,2019-05-24,144,2,NA,16.6666666666667,7.5,1,"success",0,"176","171",1.07143,7.90416,252.5319977,21.6002998,22.0006008,44.8518982,33.2061996,33.2061996,5.72015,127,64,63,13.5251999,39.0437012,82.4522018,0,39.1571007
"467","EMMAOR_NCUBT2-08A_2019","2019-06-27",0,2,"N",2019,"EMMAOR","EMMAOR_CUBT2","EMMAOR_CUBT2","HB",1,"NAD83 11N",4887726.859,346130.672,2.2,"PIPO",148,-0.848048096156426,2019-05-24,144,2,NA,16.6666666666667,7.5,1,"success",1,"178","176",1.07143,7.90416,252.5319977,21.6002998,22.0006008,44.8518982,33.2061996,33.2061996,5.72015,127,64,63,13.5251999,39.0437012,82.4522018,0,39.1571007
"468","EMMAOR_NCUBT2-08A_2019","2019-07-02",0,2,"N",2019,"EMMAOR","EMMAOR_CUBT2","EMMAOR_CUBT2","HB",1,"NAD83 11N",4887726.859,346130.672,2.2,"PIPO",148,-0.848048096156426,2019-05-24,144,2,NA,16.6666666666667,7.5,1,"success",1,"183","178",1.07143,7.90416,252.5319977,21.6002998,22.0006008,44.8518982,33.2061996,33.2061996,5.72015,127,64,63,13.5251999,39.0437012,82.4522018,0,39.1571007
"469","EMMAOR_NCUBT2-08A_2019","2019-07-09",0,0,"F",2019,"EMMAOR","EMMAOR_CUBT2","EMMAOR_CUBT2","HB",1,"NAD83 11N",4887726.859,346130.672,2.2,"PIPO",148,-0.848048096156426,2019-05-24,144,2,NA,16.6666666666667,7.5,1,"success",1,"190","183",1.07143,7.90416,252.5319977,21.6002998,22.0006008,44.8518982,33.2061996,33.2061996,5.72015,127,64,63,13.5251999,39.0437012,82.4522018,0,39.1571007
"470","EMMAOR_NCUBT2-10A_2015","2015-06-30",999,999,"N",2015,"EMMAOR","EMMAOR_CUBT2","EMMAOR_CUBT2","B",9,"NAD83 11N",4887334.899,346153.224,3.5,"PIPO",90,6.12323399573677e-17,NA,NA,0,0,75,0,1,"failure",0,"181",NA,0.839077,6.7678199,265.8160095,29.0720997,17.7765007,52.1267014,44.8224983,44.8224983,5.1334701,109,44,65,8.6726599,11.9682999,78.0850983,0,0
"471","EMMAOR_NCUBT2-10A_2015","2015-07-02",0,2,"N",2015,"EMMAOR","EMMAOR_CUBT2","EMMAOR_CUBT2","B",9,"NAD83 11N",4887334.899,346153.224,3.5,"PIPO",90,6.12323399573677e-17,NA,NA,0,0,75,0,1,"failure",1,"183","181",0.839077,6.7678199,265.8160095,29.0720997,17.7765007,52.1267014,44.8224983,44.8224983,5.1334701,109,44,65,8.6726599,11.9682999,78.0850983,0,0
"472","EMMAOR_NCUBT2-10A_2015","2015-07-06",999,999,"N",2015,"EMMAOR","EMMAOR_CUBT2","EMMAOR_CUBT2","B",9,"NAD83 11N",4887334.899,346153.224,3.5,"PIPO",90,6.12323399573677e-17,NA,NA,0,0,75,0,1,"failure",0,"187","183",0.839077,6.7678199,265.8160095,29.0720997,17.7765007,52.1267014,44.8224983,44.8224983,5.1334701,109,44,65,8.6726599,11.9682999,78.0850983,0,0
"473","EMMAOR_NCUBT2-10A_2015","2015-07-08",0,0,"N",2015,"EMMAOR","EMMAOR_CUBT2","EMMAOR_CUBT2","B",9,"NAD83 11N",4887334.899,346153.224,3.5,"PIPO",90,6.12323399573677e-17,NA,NA,0,0,75,0,1,"failure",1,"189","187",0.839077,6.7678199,265.8160095,29.0720997,17.7765007,52.1267014,44.8224983,44.8224983,5.1334701,109,44,65,8.6726599,11.9682999,78.0850983,0,0
"474","EMMAOR_NCUBT2-10A_2016","2016-06-24",1,2,"N",2016,"EMMAOR","EMMAOR_CUBT2","EMMAOR_CUBT2","B",9,"NAD83 11N",4886997.165,346005.164,1.5,"PIPO",70,0.342020143325669,2016-06-07,159,0,0,8.33333333333333,5,0.666666666666667,"failure",1,"176",NA,0.915517,9.6004105,307.9989929,29.5515995,17.3071003,52.3027,45.7612,45.7612,6.4828401,100,42,58,12.1884003,3.1094201,68.1669006,0,1.16179
"475","EMMAOR_NCUBT2-10A_2016","2016-06-27",1,2,"N",2016,"EMMAOR","EMMAOR_CUBT2","EMMAOR_CUBT2","B",9,"NAD83 11N",4886997.165,346005.164,1.5,"PIPO",70,0.342020143325669,2016-06-07,159,0,0,8.33333333333333,5,0.666666666666667,"failure",1,"179","176",0.915517,9.6004105,307.9989929,29.5515995,17.3071003,52.3027,45.7612,45.7612,6.4828401,100,42,58,12.1884003,3.1094201,68.1669006,0,1.16179
"476","EMMAOR_NCUBT2-10A_2016","2016-06-29",1,2,"N",2016,"EMMAOR","EMMAOR_CUBT2","EMMAOR_CUBT2","B",9,"NAD83 11N",4886997.165,346005.164,1.5,"PIPO",70,0.342020143325669,2016-06-07,159,0,0,8.33333333333333,5,0.666666666666667,"failure",1,"181","179",0.915517,9.6004105,307.9989929,29.5515995,17.3071003,52.3027,45.7612,45.7612,6.4828401,100,42,58,12.1884003,3.1094201,68.1669006,0,1.16179
"477","EMMAOR_NCUBT2-10A_2016","2016-07-08",0,0,"N",2016,"EMMAOR","EMMAOR_CUBT2","EMMAOR_CUBT2","B",9,"NAD83 11N",4886997.165,346005.164,1.5,"PIPO",70,0.342020143325669,2016-06-07,159,0,0,8.33333333333333,5,0.666666666666667,"failure",1,"190","181",0.915517,9.6004105,307.9989929,29.5515995,17.3071003,52.3027,45.7612,45.7612,6.4828401,100,42,58,12.1884003,3.1094201,68.1669006,0,1.16179
"478","EMMAOR_NCUBT2-10A_2016","2016-07-12",0,0,"N",2016,"EMMAOR","EMMAOR_CUBT2","EMMAOR_CUBT2","B",9,"NAD83 11N",4886997.165,346005.164,1.5,"PIPO",70,0.342020143325669,2016-06-07,159,0,0,8.33333333333333,5,0.666666666666667,"failure",1,"194","190",0.915517,9.6004105,307.9989929,29.5515995,17.3071003,52.3027,45.7612,45.7612,6.4828401,100,42,58,12.1884003,3.1094201,68.1669006,0,1.16179
"479","EMMAOR_NCUBT2-10A_2017","2017-06-12",0,2,"N",2017,"EMMAOR","EMMAOR_CUBT2","EMMAOR_CUBT2","HB",1,"NAD83 11N",4887247.563,345919.93,1.7,"PIPO",145,-0.819152044288992,2017-05-27,147,2,NA,91.6666666666667,7.5,1,"success",1,"163",NA,1.0703599,8.9902697,272.0169983,25.0401993,19.5365009,49.5746994,39.3664017,39.3664017,6.4535098,103,47,56,12.2763996,37.5182991,66.0279007,0,10.6630001
"480","EMMAOR_NCUBT2-10A_2017","2017-06-21",0,2,"N",2017,"EMMAOR","EMMAOR_CUBT2","EMMAOR_CUBT2","HB",1,"NAD83 11N",4887247.563,345919.93,1.7,"PIPO",145,-0.819152044288992,2017-05-27,147,2,NA,91.6666666666667,7.5,1,"success",1,"172","163",1.0703599,8.9902697,272.0169983,25.0401993,19.5365009,49.5746994,39.3664017,39.3664017,6.4535098,103,47,56,12.2763996,37.5182991,66.0279007,0,10.6630001
"481","EMMAOR_NCUBT2-10A_2017","2017-06-27",0,2,"N",2017,"EMMAOR","EMMAOR_CUBT2","EMMAOR_CUBT2","HB",1,"NAD83 11N",4887247.563,345919.93,1.7,"PIPO",145,-0.819152044288992,2017-05-27,147,2,NA,91.6666666666667,7.5,1,"success",1,"178","172",1.0703599,8.9902697,272.0169983,25.0401993,19.5365009,49.5746994,39.3664017,39.3664017,6.4535098,103,47,56,12.2763996,37.5182991,66.0279007,0,10.6630001
"482","EMMAOR_NCUBT2-10A_2017","2017-07-06",0,2,"N",2017,"EMMAOR","EMMAOR_CUBT2","EMMAOR_CUBT2","HB",1,"NAD83 11N",4887247.563,345919.93,1.7,"PIPO",145,-0.819152044288992,2017-05-27,147,2,NA,91.6666666666667,7.5,1,"success",1,"187","178",1.0703599,8.9902697,272.0169983,25.0401993,19.5365009,49.5746994,39.3664017,39.3664017,6.4535098,103,47,56,12.2763996,37.5182991,66.0279007,0,10.6630001
"483","EMMAOR_NCUBT2-10A_2017","2017-07-12",0,0,"F",2017,"EMMAOR","EMMAOR_CUBT2","EMMAOR_CUBT2","HB",1,"NAD83 11N",4887247.563,345919.93,1.7,"PIPO",145,-0.819152044288992,2017-05-27,147,2,NA,91.6666666666667,7.5,1,"success",1,"193","187",1.0703599,8.9902697,272.0169983,25.0401993,19.5365009,49.5746994,39.3664017,39.3664017,6.4535098,103,47,56,12.2763996,37.5182991,66.0279007,0,10.6630001
"484","EMMAOR_NCUBT2-10A_2021","2021-05-25",2,0,"L",2021,"EMMAOR","EMMAOR_CUBT2","EMMAOR_CUBT2","HB",NA,"NAD83 11N",4887269,345837,2.55,"PIPO",160,-0.939692620785908,NA,NA,NA,NA,16.6666666666667,7.5,1,"failure",1,"145",NA,1.10782,9.1344004,269.1730042,24.0918007,19.8591995,48.6360016,35.8170013,35.8170013,6.4828401,102,47,55,13.5166998,38.3983994,62.2210999,0,37.868
"485","EMMAOR_NCUBT2-10A_2021","2021-06-02",4,0,"I",2021,"EMMAOR","EMMAOR_CUBT2","EMMAOR_CUBT2","HB",NA,"NAD83 11N",4887269,345837,2.55,"PIPO",160,-0.939692620785908,NA,NA,NA,NA,16.6666666666667,7.5,1,"failure",1,"153","145",1.10782,9.1344004,269.1730042,24.0918007,19.8591995,48.6360016,35.8170013,35.8170013,6.4828401,102,47,55,13.5166998,38.3983994,62.2210999,0,37.868
"486","EMMAOR_NCUBT2-10A_2021","2021-06-10",0,3,"N",2021,"EMMAOR","EMMAOR_CUBT2","EMMAOR_CUBT2","HB",NA,"NAD83 11N",4887269,345837,2.55,"PIPO",160,-0.939692620785908,NA,NA,NA,NA,16.6666666666667,7.5,1,"failure",1,"161","153",1.10782,9.1344004,269.1730042,24.0918007,19.8591995,48.6360016,35.8170013,35.8170013,6.4828401,102,47,55,13.5166998,38.3983994,62.2210999,0,37.868
"487","EMMAOR_NCUBT2-10A_2021","2021-06-18",0,3,"N",2021,"EMMAOR","EMMAOR_CUBT2","EMMAOR_CUBT2","HB",NA,"NAD83 11N",4887269,345837,2.55,"PIPO",160,-0.939692620785908,NA,NA,NA,NA,16.6666666666667,7.5,1,"failure",1,"169","161",1.10782,9.1344004,269.1730042,24.0918007,19.8591995,48.6360016,35.8170013,35.8170013,6.4828401,102,47,55,13.5166998,38.3983994,62.2210999,0,37.868
"488","EMMAOR_NCUBT2-10A_2021","2021-06-24",0,3,"N",2021,"EMMAOR","EMMAOR_CUBT2","EMMAOR_CUBT2","HB",NA,"NAD83 11N",4887269,345837,2.55,"PIPO",160,-0.939692620785908,NA,NA,NA,NA,16.6666666666667,7.5,1,"failure",1,"175","169",1.10782,9.1344004,269.1730042,24.0918007,19.8591995,48.6360016,35.8170013,35.8170013,6.4828401,102,47,55,13.5166998,38.3983994,62.2210999,0,37.868
"489","EMMAOR_NCUBT2-10A_2021","2021-06-28",0,3,"N",2021,"EMMAOR","EMMAOR_CUBT2","EMMAOR_CUBT2","HB",NA,"NAD83 11N",4887269,345837,2.55,"PIPO",160,-0.939692620785908,NA,NA,NA,NA,16.6666666666667,7.5,1,"failure",1,"179","175",1.10782,9.1344004,269.1730042,24.0918007,19.8591995,48.6360016,35.8170013,35.8170013,6.4828401,102,47,55,13.5166998,38.3983994,62.2210999,0,37.868
"490","EMMAOR_NCUBT2-10A_2021","2021-06-30",0,2,"N",2021,"EMMAOR","EMMAOR_CUBT2","EMMAOR_CUBT2","HB",NA,"NAD83 11N",4887269,345837,2.55,"PIPO",160,-0.939692620785908,NA,NA,NA,NA,16.6666666666667,7.5,1,"failure",1,"181","179",1.10782,9.1344004,269.1730042,24.0918007,19.8591995,48.6360016,35.8170013,35.8170013,6.4828401,102,47,55,13.5166998,38.3983994,62.2210999,0,37.868
"491","EMMAOR_NCUBT2-10A_2021","2021-07-02",0,0,"F",2021,"EMMAOR","EMMAOR_CUBT2","EMMAOR_CUBT2","HB",NA,"NAD83 11N",4887269,345837,2.55,"PIPO",160,-0.939692620785908,NA,NA,NA,NA,16.6666666666667,7.5,1,"failure",1,"183","181",1.10782,9.1344004,269.1730042,24.0918007,19.8591995,48.6360016,35.8170013,35.8170013,6.4828401,102,47,55,13.5166998,38.3983994,62.2210999,0,37.868
"492","EMMAOR_NDUGC1-01A_2015","2015-06-08",4,0,"I",2015,"EMMAOR","EMMAOR_DUGC1","EMMAOR_DUGC1","U",1,"NAD83 11N",4895431.191,390639.002,1.5,"JUOC",55,0.573576436351046,2015-05-26,146,4,NA,58.3333333333333,5,0,"success",1,"159",NA,5.9793701,157.3560028,503.1539917,48.7545013,62.3642998,12.1737003,56.5267982,4.6347899,56.5267982,64,32,32,292.3280029,0,0.009549,0,0
"493","EMMAOR_NDUGC1-01A_2015","2015-06-18",1,3,"N",2015,"EMMAOR","EMMAOR_DUGC1","EMMAOR_DUGC1","U",1,"NAD83 11N",4895431.191,390639.002,1.5,"JUOC",55,0.573576436351046,2015-05-26,146,4,NA,58.3333333333333,5,0,"success",1,"169","159",5.9793701,157.3560028,503.1539917,48.7545013,62.3642998,12.1737003,56.5267982,4.6347899,56.5267982,64,32,32,292.3280029,0,0.009549,0,0
"494","EMMAOR_NDUGC1-01A_2015","2015-07-01",0,4,"N",2015,"EMMAOR","EMMAOR_DUGC1","EMMAOR_DUGC1","U",1,"NAD83 11N",4895431.191,390639.002,1.5,"JUOC",55,0.573576436351046,2015-05-26,146,4,NA,58.3333333333333,5,0,"success",1,"182","169",5.9793701,157.3560028,503.1539917,48.7545013,62.3642998,12.1737003,56.5267982,4.6347899,56.5267982,64,32,32,292.3280029,0,0.009549,0,0
"495","EMMAOR_NDUGC1-01A_2015","2015-07-14",999,999,"F",2015,"EMMAOR","EMMAOR_DUGC1","EMMAOR_DUGC1","U",1,"NAD83 11N",4895431.191,390639.002,1.5,"JUOC",55,0.573576436351046,2015-05-26,146,4,NA,58.3333333333333,5,0,"success",0,"195","182",5.9793701,157.3560028,503.1539917,48.7545013,62.3642998,12.1737003,56.5267982,4.6347899,56.5267982,64,32,32,292.3280029,0,0.009549,0,0
"496","EMMAOR_NDUGC1-01A_2016","2016-06-02",4,0,"I",2016,"EMMAOR","EMMAOR_DUGC1","EMMAOR_DUGC1","U",1,"NAD83 11N",4895431.191,390639.002,2.7,"JUOC",258,-0.20791169081776,2016-05-22,143,3,NA,41.6666666666667,10,0.1,"success",1,"154",NA,5.9793701,157.3560028,503.1539917,48.7545013,62.3642998,12.1737003,56.5267982,4.6347899,56.5267982,64,32,32,292.3280029,0,0.009549,0,0
"497","EMMAOR_NDUGC1-01A_2016","2016-06-06",4,0,"I",2016,"EMMAOR","EMMAOR_DUGC1","EMMAOR_DUGC1","U",1,"NAD83 11N",4895431.191,390639.002,2.7,"JUOC",258,-0.20791169081776,2016-05-22,143,3,NA,41.6666666666667,10,0.1,"success",1,"158","154",5.9793701,157.3560028,503.1539917,48.7545013,62.3642998,12.1737003,56.5267982,4.6347899,56.5267982,64,32,32,292.3280029,0,0.009549,0,0
"498","EMMAOR_NDUGC1-01A_2016","2016-06-20",0,3,"N",2016,"EMMAOR","EMMAOR_DUGC1","EMMAOR_DUGC1","U",1,"NAD83 11N",4895431.191,390639.002,2.7,"JUOC",258,-0.20791169081776,2016-05-22,143,3,NA,41.6666666666667,10,0.1,"success",1,"172","158",5.9793701,157.3560028,503.1539917,48.7545013,62.3642998,12.1737003,56.5267982,4.6347899,56.5267982,64,32,32,292.3280029,0,0.009549,0,0
"499","EMMAOR_NDUGC1-01A_2016","2016-06-23",0,3,"N",2016,"EMMAOR","EMMAOR_DUGC1","EMMAOR_DUGC1","U",1,"NAD83 11N",4895431.191,390639.002,2.7,"JUOC",258,-0.20791169081776,2016-05-22,143,3,NA,41.6666666666667,10,0.1,"success",1,"175","172",5.9793701,157.3560028,503.1539917,48.7545013,62.3642998,12.1737003,56.5267982,4.6347899,56.5267982,64,32,32,292.3280029,0,0.009549,0,0
"500","EMMAOR_NDUGC1-01A_2016","2016-06-28",0,3,"N",2016,"EMMAOR","EMMAOR_DUGC1","EMMAOR_DUGC1","U",1,"NAD83 11N",4895431.191,390639.002,2.7,"JUOC",258,-0.20791169081776,2016-05-22,143,3,NA,41.6666666666667,10,0.1,"success",1,"180","175",5.9793701,157.3560028,503.1539917,48.7545013,62.3642998,12.1737003,56.5267982,4.6347899,56.5267982,64,32,32,292.3280029,0,0.009549,0,0
"501","EMMAOR_NDUGC1-01A_2016","2016-07-06",999,999,"F",2016,"EMMAOR","EMMAOR_DUGC1","EMMAOR_DUGC1","U",1,"NAD83 11N",4895431.191,390639.002,2.7,"JUOC",258,-0.20791169081776,2016-05-22,143,3,NA,41.6666666666667,10,0.1,"success",0,"188","180",5.9793701,157.3560028,503.1539917,48.7545013,62.3642998,12.1737003,56.5267982,4.6347899,56.5267982,64,32,32,292.3280029,0,0.009549,0,0
"502","EMMAOR_NDUGC1-01A_2016","2016-07-11",0,0,"F",2016,"EMMAOR","EMMAOR_DUGC1","EMMAOR_DUGC1","U",1,"NAD83 11N",4895431.191,390639.002,2.7,"JUOC",258,-0.20791169081776,2016-05-22,143,3,NA,41.6666666666667,10,0.1,"success",1,"193","188",5.9793701,157.3560028,503.1539917,48.7545013,62.3642998,12.1737003,56.5267982,4.6347899,56.5267982,64,32,32,292.3280029,0,0.009549,0,0
"503","EMMAOR_NDUGC1-01A_2017","2017-06-20",0,4,"N",2017,"EMMAOR","EMMAOR_DUGC1","EMMAOR_DUGC1","U",1,"NAD83 11N",4895392.237,390532.025,1.8,"JUOC",33,0.838670567945424,2017-05-18,138,2,NA,41.6666666666667,15,0,"success",1,"171",NA,4.2214298,139.5970001,566.2919922,46.8091011,57.7882004,12.3203001,51.2467003,4.6347899,51.2467003,75,33,42,205.9199982,0,0,0,0
"504","EMMAOR_NDUGC1-01A_2017","2017-06-28",0,2,"N",2017,"EMMAOR","EMMAOR_DUGC1","EMMAOR_DUGC1","U",1,"NAD83 11N",4895392.237,390532.025,1.8,"JUOC",33,0.838670567945424,2017-05-18,138,2,NA,41.6666666666667,15,0,"success",1,"179","171",4.2214298,139.5970001,566.2919922,46.8091011,57.7882004,12.3203001,51.2467003,4.6347899,51.2467003,75,33,42,205.9199982,0,0,0,0
"505","EMMAOR_NDUGC1-01A_2017","2017-07-03",0,0,"F",2017,"EMMAOR","EMMAOR_DUGC1","EMMAOR_DUGC1","U",1,"NAD83 11N",4895392.237,390532.025,1.8,"JUOC",33,0.838670567945424,2017-05-18,138,2,NA,41.6666666666667,15,0,"success",1,"184","179",4.2214298,139.5970001,566.2919922,46.8091011,57.7882004,12.3203001,51.2467003,4.6347899,51.2467003,75,33,42,205.9199982,0,0,0,0
"506","EMMAOR_NDUGC1-05A_2017","2017-06-20",0,3,"N",2017,"EMMAOR","EMMAOR_DUGC1","EMMAOR_DUGC1","U",1,"NAD83 11N",4895312.544,391552.765,2.4,"JUOC",238,-0.529919264233205,2017-05-27,147,3,NA,50,5,0,"success",1,"171",NA,23.4810009,228.7389984,295.6589966,46.0049019,76.5326996,15.8697996,75.5353012,2.5520699,75.5353012,60,50,10,240.9889984,6.8348498,6.9675698,0,0
"507","EMMAOR_NDUGC1-05A_2017","2017-06-28",0,3,"N",2017,"EMMAOR","EMMAOR_DUGC1","EMMAOR_DUGC1","U",1,"NAD83 11N",4895312.544,391552.765,2.4,"JUOC",238,-0.529919264233205,2017-05-27,147,3,NA,50,5,0,"success",1,"179","171",23.4810009,228.7389984,295.6589966,46.0049019,76.5326996,15.8697996,75.5353012,2.5520699,75.5353012,60,50,10,240.9889984,6.8348498,6.9675698,0,0
"508","EMMAOR_NDUGC1-05A_2017","2017-07-03",0,3,"N",2017,"EMMAOR","EMMAOR_DUGC1","EMMAOR_DUGC1","U",1,"NAD83 11N",4895312.544,391552.765,2.4,"JUOC",238,-0.529919264233205,2017-05-27,147,3,NA,50,5,0,"success",1,"184","179",23.4810009,228.7389984,295.6589966,46.0049019,76.5326996,15.8697996,75.5353012,2.5520699,75.5353012,60,50,10,240.9889984,6.8348498,6.9675698,0,0
"509","EMMAOR_NDUGC1-05A_2017","2017-07-13",0,0,"F",2017,"EMMAOR","EMMAOR_DUGC1","EMMAOR_DUGC1","U",1,"NAD83 11N",4895312.544,391552.765,2.4,"JUOC",238,-0.529919264233205,2017-05-27,147,3,NA,50,5,0,"success",1,"194","184",23.4810009,228.7389984,295.6589966,46.0049019,76.5326996,15.8697996,75.5353012,2.5520699,75.5353012,60,50,10,240.9889984,6.8348498,6.9675698,0,0
"510","EMMAOR_NDUGC1-06A_2017","2017-05-24",4,0,"I",2017,"EMMAOR","Incidental","94","U",9,"NAD83 11N",4893620.775,390400.722,2.75,"JUOC",72,0.309016994374947,2017-05-19,139,0,0,83.3333333333333,30,0.826086956521739,"failure",1,"144",NA,1.48957,16.1734009,313.9710083,16.4123001,33.4995995,23.4965992,8.9175701,7.12819,8.9175701,145,76,69,43.1847,7.9202099,9.0810699,0,1.93208
"511","EMMAOR_NDUGC1-06A_2017","2017-05-25",999,999,"I",2017,"EMMAOR","Incidental","94","U",9,"NAD83 11N",4893620.775,390400.722,2.75,"JUOC",72,0.309016994374947,2017-05-19,139,0,0,83.3333333333333,30,0.826086956521739,"failure",0,"145","144",1.48957,16.1734009,313.9710083,16.4123001,33.4995995,23.4965992,8.9175701,7.12819,8.9175701,145,76,69,43.1847,7.9202099,9.0810699,0,1.93208
"512","EMMAOR_NDUGC1-06A_2017","2017-06-06",1,3,"N",2017,"EMMAOR","Incidental","94","U",9,"NAD83 11N",4893620.775,390400.722,2.75,"JUOC",72,0.309016994374947,2017-05-19,139,0,0,83.3333333333333,30,0.826086956521739,"failure",1,"157","145",1.48957,16.1734009,313.9710083,16.4123001,33.4995995,23.4965992,8.9175701,7.12819,8.9175701,145,76,69,43.1847,7.9202099,9.0810699,0,1.93208
"513","EMMAOR_NDUGC1-06A_2017","2017-06-13",0,2,"N",2017,"EMMAOR","Incidental","94","U",9,"NAD83 11N",4893620.775,390400.722,2.75,"JUOC",72,0.309016994374947,2017-05-19,139,0,0,83.3333333333333,30,0.826086956521739,"failure",1,"164","157",1.48957,16.1734009,313.9710083,16.4123001,33.4995995,23.4965992,8.9175701,7.12819,8.9175701,145,76,69,43.1847,7.9202099,9.0810699,0,1.93208
"514","EMMAOR_NDUGC1-06A_2017","2017-06-16",0,2,"N",2017,"EMMAOR","Incidental","94","U",9,"NAD83 11N",4893620.775,390400.722,2.75,"JUOC",72,0.309016994374947,2017-05-19,139,0,0,83.3333333333333,30,0.826086956521739,"failure",1,"167","164",1.48957,16.1734009,313.9710083,16.4123001,33.4995995,23.4965992,8.9175701,7.12819,8.9175701,145,76,69,43.1847,7.9202099,9.0810699,0,1.93208
"515","EMMAOR_NDUGC1-06A_2017","2017-06-20",0,0,"N",2017,"EMMAOR","Incidental","94","U",9,"NAD83 11N",4893620.775,390400.722,2.75,"JUOC",72,0.309016994374947,2017-05-19,139,0,0,83.3333333333333,30,0.826086956521739,"failure",1,"171","167",1.48957,16.1734009,313.9710083,16.4123001,33.4995995,23.4965992,8.9175701,7.12819,8.9175701,145,76,69,43.1847,7.9202099,9.0810699,0,1.93208
"516","EMMAOR_NDUGC1-06B_2017","2017-06-16",0,3,"N",2017,"EMMAOR","Incidental","95","HB",1,"NAD83 11N",4894027.772,391317.859,2.5,"PIPO",302,0.529919264233205,2017-05-19,139,3,1,0,7.5,1,"success",1,"167",NA,1.46893,33.5612984,467.4129944,19.9724007,26.8113995,52.4201012,45.4972,45.4972,16.8083992,105,49,56,29.2192993,51.7159996,51.5643997,0,1.76656
"517","EMMAOR_NDUGC1-06B_2017","2017-06-20",0,3,"N",2017,"EMMAOR","Incidental","95","HB",1,"NAD83 11N",4894027.772,391317.859,2.5,"PIPO",302,0.529919264233205,2017-05-19,139,3,1,0,7.5,1,"success",1,"171","167",1.46893,33.5612984,467.4129944,19.9724007,26.8113995,52.4201012,45.4972,45.4972,16.8083992,105,49,56,29.2192993,51.7159996,51.5643997,0,1.76656
"518","EMMAOR_NDUGC1-06B_2017","2017-06-28",0,2,"N",2017,"EMMAOR","Incidental","95","HB",1,"NAD83 11N",4894027.772,391317.859,2.5,"PIPO",302,0.529919264233205,2017-05-19,139,3,1,0,7.5,1,"success",1,"179","171",1.46893,33.5612984,467.4129944,19.9724007,26.8113995,52.4201012,45.4972,45.4972,16.8083992,105,49,56,29.2192993,51.7159996,51.5643997,0,1.76656
"519","EMMAOR_NDUGC1-06B_2017","2017-07-03",0,0,"F",2017,"EMMAOR","Incidental","95","HB",1,"NAD83 11N",4894027.772,391317.859,2.5,"PIPO",302,0.529919264233205,2017-05-19,139,3,1,0,7.5,1,"success",1,"184","179",1.46893,33.5612984,467.4129944,19.9724007,26.8113995,52.4201012,45.4972,45.4972,16.8083992,105,49,56,29.2192993,51.7159996,51.5643997,0,1.76656
"520","EMMAOR_NDUGC1-10A_2016","2016-06-28",0,3,"N",2016,"EMMAOR","EMMAOR_DUGC1","EMMAOR_DUGC1","U",1,"NAD83 11N",4895522.643,392209.915,1.3,"JUOC",58,0.529919264233205,2016-06-11,163,3,NA,8.33333333333333,7.5,0.2,"success",1,"180",NA,8.3618202,131.1869965,383.2600098,24.7199001,59.9589005,29.1874008,50.2492981,19.2724991,50.2492981,67,45,22,85.0100021,0.234673,0.296018,0,0
"521","EMMAOR_NDUGC1-10A_2016","2016-07-06",0,3,"N",2016,"EMMAOR","EMMAOR_DUGC1","EMMAOR_DUGC1","U",1,"NAD83 11N",4895522.643,392209.915,1.3,"JUOC",58,0.529919264233205,2016-06-11,163,3,NA,8.33333333333333,7.5,0.2,"success",1,"188","180",8.3618202,131.1869965,383.2600098,24.7199001,59.9589005,29.1874008,50.2492981,19.2724991,50.2492981,67,45,22,85.0100021,0.234673,0.296018,0,0
"522","EMMAOR_NDUGC1-10A_2016","2016-07-11",0,3,"N",2016,"EMMAOR","EMMAOR_DUGC1","EMMAOR_DUGC1","U",1,"NAD83 11N",4895522.643,392209.915,1.3,"JUOC",58,0.529919264233205,2016-06-11,163,3,NA,8.33333333333333,7.5,0.2,"success",1,"193","188",8.3618202,131.1869965,383.2600098,24.7199001,59.9589005,29.1874008,50.2492981,19.2724991,50.2492981,67,45,22,85.0100021,0.234673,0.296018,0,0
"523","EMMAOR_NDUGC1-10A_2016","2016-07-14",0,3,"N",2016,"EMMAOR","EMMAOR_DUGC1","EMMAOR_DUGC1","U",1,"NAD83 11N",4895522.643,392209.915,1.3,"JUOC",58,0.529919264233205,2016-06-11,163,3,NA,8.33333333333333,7.5,0.2,"success",1,"196","193",8.3618202,131.1869965,383.2600098,24.7199001,59.9589005,29.1874008,50.2492981,19.2724991,50.2492981,67,45,22,85.0100021,0.234673,0.296018,0,0
"524","EMMAOR_NDUGC1-10A_2016","2016-07-20",0,2,"N",2016,"EMMAOR","EMMAOR_DUGC1","EMMAOR_DUGC1","U",1,"NAD83 11N",4895522.643,392209.915,1.3,"JUOC",58,0.529919264233205,2016-06-11,163,3,NA,8.33333333333333,7.5,0.2,"success",1,"202","196",8.3618202,131.1869965,383.2600098,24.7199001,59.9589005,29.1874008,50.2492981,19.2724991,50.2492981,67,45,22,85.0100021,0.234673,0.296018,0,0
"525","EMMAOR_NDUGC1-10A_2016","2016-07-21",0,2,"N",2016,"EMMAOR","EMMAOR_DUGC1","EMMAOR_DUGC1","U",1,"NAD83 11N",4895522.643,392209.915,1.3,"JUOC",58,0.529919264233205,2016-06-11,163,3,NA,8.33333333333333,7.5,0.2,"success",1,"203","202",8.3618202,131.1869965,383.2600098,24.7199001,59.9589005,29.1874008,50.2492981,19.2724991,50.2492981,67,45,22,85.0100021,0.234673,0.296018,0,0
"526","EMMAOR_NDUGC1-10A_2016","2016-07-25",999,999,"F",2016,"EMMAOR","EMMAOR_DUGC1","EMMAOR_DUGC1","U",1,"NAD83 11N",4895522.643,392209.915,1.3,"JUOC",58,0.529919264233205,2016-06-11,163,3,NA,8.33333333333333,7.5,0.2,"success",0,"207","203",8.3618202,131.1869965,383.2600098,24.7199001,59.9589005,29.1874008,50.2492981,19.2724991,50.2492981,67,45,22,85.0100021,0.234673,0.296018,0,0
"527","EMMAOR_NELKT1-05A_2015","2015-06-18",1,3,"N",2015,"EMMAOR","EMMAOR_ELKT1","EMMAOR_ELKT1","U",1,"NAD83 11N",4886290.213,382947.617,1.4,"PIPO",152,-0.882947592858927,2015-05-28,148,4,NA,100,12.5,0.5,"success",1,"169",NA,9.4131804,196.4459991,445.7489929,28.7222004,67.4978027,25.843399,65.7378006,10.4722996,65.7378006,71,49,22,229.2100067,0,0,0,0
"528","EMMAOR_NELKT1-05A_2015","2015-06-23",999,999,"N",2015,"EMMAOR","EMMAOR_ELKT1","EMMAOR_ELKT1","U",1,"NAD83 11N",4886290.213,382947.617,1.4,"PIPO",152,-0.882947592858927,2015-05-28,148,4,NA,100,12.5,0.5,"success",0,"174","169",9.4131804,196.4459991,445.7489929,28.7222004,67.4978027,25.843399,65.7378006,10.4722996,65.7378006,71,49,22,229.2100067,0,0,0,0
"529","EMMAOR_NELKT1-05A_2015","2015-07-06",0,4,"N",2015,"EMMAOR","EMMAOR_ELKT1","EMMAOR_ELKT1","U",1,"NAD83 11N",4886290.213,382947.617,1.4,"PIPO",152,-0.882947592858927,2015-05-28,148,4,NA,100,12.5,0.5,"success",1,"187","174",9.4131804,196.4459991,445.7489929,28.7222004,67.4978027,25.843399,65.7378006,10.4722996,65.7378006,71,49,22,229.2100067,0,0,0,0
"530","EMMAOR_NELKT1-05A_2015","2015-07-08",999,999,"N",2015,"EMMAOR","EMMAOR_ELKT1","EMMAOR_ELKT1","U",1,"NAD83 11N",4886290.213,382947.617,1.4,"PIPO",152,-0.882947592858927,2015-05-28,148,4,NA,100,12.5,0.5,"success",0,"189","187",9.4131804,196.4459991,445.7489929,28.7222004,67.4978027,25.843399,65.7378006,10.4722996,65.7378006,71,49,22,229.2100067,0,0,0,0
"531","EMMAOR_NELKT1-05A_2015","2015-07-14",999,999,"F",2015,"EMMAOR","EMMAOR_ELKT1","EMMAOR_ELKT1","U",1,"NAD83 11N",4886290.213,382947.617,1.4,"PIPO",152,-0.882947592858927,2015-05-28,148,4,NA,100,12.5,0.5,"success",0,"195","189",9.4131804,196.4459991,445.7489929,28.7222004,67.4978027,25.843399,65.7378006,10.4722996,65.7378006,71,49,22,229.2100067,0,0,0,0
"532","EMMAOR_NELKT1-10A_2014","2014-06-30",0,0,"N",2014,"EMMAOR","EMMAOR_ELKT1","EMMAOR_ELKT1","U",9,"NAD83 11N",4885427.175,383705.438,3.9,"Abies",185,-0.996194698091746,NA,NA,0,0,125,22.5,0.333333333333333,"failure",1,"181",NA,2.6136701,89.4878998,576.5269775,17.5674992,41.7424011,39.2784004,34.8488998,29.6275005,34.8488998,88,39,49,76.8218994,2.02405,0,0,0
"533","EMMAOR_NELKT2-01A_2021","2021-07-01",4,0,"I",2021,"EMMAOR","EMMAOR_ELKT2","EMMAOR_ELKT2","H",NA,"NAD83 11N",4893917,387253,3,"POTR5",76,0.241921895599668,NA,NA,NA,NA,33.3333333333333,0,0,"failure",1,"182",NA,2.3949201,82.2334976,577.3800049,10.0077,46.0545998,33.9101982,34.9956017,14.2856998,34.9956017,129,70,59,102.8639984,68.0550995,0.257822,0,49.8965988
"534","EMMAOR_NELKT2-01A_2021","2021-07-07",4,0,"I",2021,"EMMAOR","EMMAOR_ELKT2","EMMAOR_ELKT2","H",NA,"NAD83 11N",4893917,387253,3,"POTR5",76,0.241921895599668,NA,NA,NA,NA,33.3333333333333,0,0,"failure",1,"188","182",2.3949201,82.2334976,577.3800049,10.0077,46.0545998,33.9101982,34.9956017,14.2856998,34.9956017,129,70,59,102.8639984,68.0550995,0.257822,0,49.8965988
"535","EMMAOR_NELKT2-01A_2021","2021-07-09",4,0,"I",2021,"EMMAOR","EMMAOR_ELKT2","EMMAOR_ELKT2","H",NA,"NAD83 11N",4893917,387253,3,"POTR5",76,0.241921895599668,NA,NA,NA,NA,33.3333333333333,0,0,"failure",1,"190","188",2.3949201,82.2334976,577.3800049,10.0077,46.0545998,33.9101982,34.9956017,14.2856998,34.9956017,129,70,59,102.8639984,68.0550995,0.257822,0,49.8965988
"536","EMMAOR_NELKT2-01A_2021","2021-07-12",4,0,"I",2021,"EMMAOR","EMMAOR_ELKT2","EMMAOR_ELKT2","H",NA,"NAD83 11N",4893917,387253,3,"POTR5",76,0.241921895599668,NA,NA,NA,NA,33.3333333333333,0,0,"failure",1,"193","190",2.3949201,82.2334976,577.3800049,10.0077,46.0545998,33.9101982,34.9956017,14.2856998,34.9956017,129,70,59,102.8639984,68.0550995,0.257822,0,49.8965988
"537","EMMAOR_NELKT2-01A_2021","2021-07-20",4,0,"I",2021,"EMMAOR","EMMAOR_ELKT2","EMMAOR_ELKT2","H",NA,"NAD83 11N",4893917,387253,3,"POTR5",76,0.241921895599668,NA,NA,NA,NA,33.3333333333333,0,0,"failure",1,"201","193",2.3949201,82.2334976,577.3800049,10.0077,46.0545998,33.9101982,34.9956017,14.2856998,34.9956017,129,70,59,102.8639984,68.0550995,0.257822,0,49.8965988
"538","EMMAOR_NELKT2-02A_2015","2015-07-01",0,2,"N",2015,"EMMAOR","EMMAOR_ELKT2","EMMAOR_ELKT2","U",1,"NAD83 11N",4892729.184,387014.282,5.6,"PIPO",100,-0.17364817766693,2015-05-31,151,2,NA,50,2.5,1,"success",1,"182",NA,2.391,79.5196991,567.9609985,10.6805,46.7585983,39.4543991,34.6142998,29.2460995,34.6142998,108,48,60,80.3022995,0,0,0,0
"539","EMMAOR_NELKT2-02A_2015","2015-07-07",999,999,"N",2015,"EMMAOR","EMMAOR_ELKT2","EMMAOR_ELKT2","U",1,"NAD83 11N",4892729.184,387014.282,5.6,"PIPO",100,-0.17364817766693,2015-05-31,151,2,NA,50,2.5,1,"success",0,"188","182",2.391,79.5196991,567.9609985,10.6805,46.7585983,39.4543991,34.6142998,29.2460995,34.6142998,108,48,60,80.3022995,0,0,0,0
"540","EMMAOR_NELKT2-02A_2015","2015-07-08",999,999,"N",2015,"EMMAOR","EMMAOR_ELKT2","EMMAOR_ELKT2","U",1,"NAD83 11N",4892729.184,387014.282,5.6,"PIPO",100,-0.17364817766693,2015-05-31,151,2,NA,50,2.5,1,"success",0,"189","188",2.391,79.5196991,567.9609985,10.6805,46.7585983,39.4543991,34.6142998,29.2460995,34.6142998,108,48,60,80.3022995,0,0,0,0
"541","EMMAOR_NELKT2-02A_2015","2015-07-14",999,999,"F",2015,"EMMAOR","EMMAOR_ELKT2","EMMAOR_ELKT2","U",1,"NAD83 11N",4892729.184,387014.282,5.6,"PIPO",100,-0.17364817766693,2015-05-31,151,2,NA,50,2.5,1,"success",0,"195","189",2.391,79.5196991,567.9609985,10.6805,46.7585983,39.4543991,34.6142998,29.2460995,34.6142998,108,48,60,80.3022995,0,0,0,0
"542","EMMAOR_NELKT2-02A_2021","2021-06-17",0,4,"N",2021,"EMMAOR","EMMAOR_ELKT2","EMMAOR_ELKT2","H",NA,"NAD83 11N",4892693,387138,1.6,"PIPO",224,-0.719339800338651,NA,NA,NA,NA,33.3333333333333,2.5,1,"failure",1,"168",NA,1.7945499,59.0850983,565.0209961,11.5177002,38.6036987,46.0839005,37.1957016,37.1957016,27.1341,111,45,66,41.4458008,49.4572983,0.623866,0,45.1665993
"543","EMMAOR_NELKT2-02A_2021","2021-06-21",0,3,"N",2021,"EMMAOR","EMMAOR_ELKT2","EMMAOR_ELKT2","H",NA,"NAD83 11N",4892693,387138,1.6,"PIPO",224,-0.719339800338651,NA,NA,NA,NA,33.3333333333333,2.5,1,"failure",1,"172","168",1.7945499,59.0850983,565.0209961,11.5177002,38.6036987,46.0839005,37.1957016,37.1957016,27.1341,111,45,66,41.4458008,49.4572983,0.623866,0,45.1665993
"544","EMMAOR_NELKT2-02A_2021","2021-07-01",0,3,"N",2021,"EMMAOR","EMMAOR_ELKT2","EMMAOR_ELKT2","H",NA,"NAD83 11N",4892693,387138,1.6,"PIPO",224,-0.719339800338651,NA,NA,NA,NA,33.3333333333333,2.5,1,"failure",1,"182","172",1.7945499,59.0850983,565.0209961,11.5177002,38.6036987,46.0839005,37.1957016,37.1957016,27.1341,111,45,66,41.4458008,49.4572983,0.623866,0,45.1665993
"545","EMMAOR_NELKT2-02A_2021","2021-07-07",0,3,"N",2021,"EMMAOR","EMMAOR_ELKT2","EMMAOR_ELKT2","H",NA,"NAD83 11N",4892693,387138,1.6,"PIPO",224,-0.719339800338651,NA,NA,NA,NA,33.3333333333333,2.5,1,"failure",1,"188","182",1.7945499,59.0850983,565.0209961,11.5177002,38.6036987,46.0839005,37.1957016,37.1957016,27.1341,111,45,66,41.4458008,49.4572983,0.623866,0,45.1665993
"546","EMMAOR_NELKT2-02A_2021","2021-07-08",0,3,"N",2021,"EMMAOR","EMMAOR_ELKT2","EMMAOR_ELKT2","H",NA,"NAD83 11N",4892693,387138,1.6,"PIPO",224,-0.719339800338651,NA,NA,NA,NA,33.3333333333333,2.5,1,"failure",1,"189","188",1.7945499,59.0850983,565.0209961,11.5177002,38.6036987,46.0839005,37.1957016,37.1957016,27.1341,111,45,66,41.4458008,49.4572983,0.623866,0,45.1665993
"547","EMMAOR_NELKT2-02A_2021","2021-07-09",0,2,"N",2021,"EMMAOR","EMMAOR_ELKT2","EMMAOR_ELKT2","H",NA,"NAD83 11N",4892693,387138,1.6,"PIPO",224,-0.719339800338651,NA,NA,NA,NA,33.3333333333333,2.5,1,"failure",1,"190","189",1.7945499,59.0850983,565.0209961,11.5177002,38.6036987,46.0839005,37.1957016,37.1957016,27.1341,111,45,66,41.4458008,49.4572983,0.623866,0,45.1665993
"548","EMMAOR_NELKT2-02A_2021","2021-07-12",0,0,"F",2021,"EMMAOR","EMMAOR_ELKT2","EMMAOR_ELKT2","H",NA,"NAD83 11N",4892693,387138,1.6,"PIPO",224,-0.719339800338651,NA,NA,NA,NA,33.3333333333333,2.5,1,"failure",1,"193","190",1.7945499,59.0850983,565.0209961,11.5177002,38.6036987,46.0839005,37.1957016,37.1957016,27.1341,111,45,66,41.4458008,49.4572983,0.623866,0,45.1665993
"549","EMMAOR_NELKT2-04A_2015","2015-07-14",999,999,"N",2015,"EMMAOR","Incidental","102","H",9,"NAD83 11N",4890782.743,384706.386,0.7,"PIPO",120,-0.5,NA,NA,0,NA,25,22.5,1,"failure",0,"195",NA,0.413814,3.01843,250.8820038,36.135601,13.0830002,59.4015999,51.2173996,51.2173996,2.5227301,124,27,97,4.8355999,72.9245987,2.5591199,0,66.5944977
"550","EMMAOR_NELKT2-04A_2016","2016-06-23",0,3,"N",2016,"EMMAOR","Incidental","103","H",1,"NAD83 11N",4890913.384,384832.738,0.7,"PIPO",207,-0.891006524188368,2016-05-27,148,3,NA,25,27.5,1,"success",1,"175",NA,0.411176,3.0306399,252.4019928,35.2736015,13.6696997,61.0443001,55.793499,55.793499,2.4054,124,22,102,5.3024402,72.2499008,5.5193,0,65.8115005
"551","EMMAOR_NELKT2-04A_2016","2016-06-28",0,3,"N",2016,"EMMAOR","Incidental","103","H",1,"NAD83 11N",4890913.384,384832.738,0.7,"PIPO",207,-0.891006524188368,2016-05-27,148,3,NA,25,27.5,1,"success",1,"180","175",0.411176,3.0306399,252.4019928,35.2736015,13.6696997,61.0443001,55.793499,55.793499,2.4054,124,22,102,5.3024402,72.2499008,5.5193,0,65.8115005
"552","EMMAOR_NELKT2-04A_2016","2016-07-06",999,999,"N",2016,"EMMAOR","Incidental","103","H",1,"NAD83 11N",4890913.384,384832.738,0.7,"PIPO",207,-0.891006524188368,2016-05-27,148,3,NA,25,27.5,1,"success",0,"188","180",0.411176,3.0306399,252.4019928,35.2736015,13.6696997,61.0443001,55.793499,55.793499,2.4054,124,22,102,5.3024402,72.2499008,5.5193,0,65.8115005
"553","EMMAOR_NELKT2-04A_2016","2016-07-11",0,0,"F",2016,"EMMAOR","Incidental","103","H",1,"NAD83 11N",4890913.384,384832.738,0.7,"PIPO",207,-0.891006524188368,2016-05-27,148,3,NA,25,27.5,1,"success",1,"193","188",0.411176,3.0306399,252.4019928,35.2736015,13.6696997,61.0443001,55.793499,55.793499,2.4054,124,22,102,5.3024402,72.2499008,5.5193,0,65.8115005
"554","EMMAOR_NELKT2-04A_2017","2017-06-08",2,3,"N",2017,"EMMAOR","Incidental","104","HB",1,"NAD83 11N",4890913.384,384832.738,0.7,"PIPO",207,-0.891006524188368,2017-05-21,141,3,NA,25,27.5,1,"success",1,"159",NA,0.411176,3.0306399,252.4019928,35.2736015,13.6696997,61.0443001,55.793499,55.793499,2.4054,124,22,102,5.3024402,72.2499008,84.848999,0,65.8115005
"555","EMMAOR_NELKT2-04A_2017","2017-06-13",1,4,"N",2017,"EMMAOR","Incidental","104","HB",1,"NAD83 11N",4890913.384,384832.738,0.7,"PIPO",207,-0.891006524188368,2017-05-21,141,3,NA,25,27.5,1,"success",1,"164","159",0.411176,3.0306399,252.4019928,35.2736015,13.6696997,61.0443001,55.793499,55.793499,2.4054,124,22,102,5.3024402,72.2499008,84.848999,0,65.8115005
"556","EMMAOR_NELKT2-04A_2017","2017-06-21",1,3,"N",2017,"EMMAOR","Incidental","104","HB",1,"NAD83 11N",4890913.384,384832.738,0.7,"PIPO",207,-0.891006524188368,2017-05-21,141,3,NA,25,27.5,1,"success",1,"172","164",0.411176,3.0306399,252.4019928,35.2736015,13.6696997,61.0443001,55.793499,55.793499,2.4054,124,22,102,5.3024402,72.2499008,84.848999,0,65.8115005
"557","EMMAOR_NELKT2-04A_2017","2017-06-26",999,999,"N",2017,"EMMAOR","Incidental","104","HB",1,"NAD83 11N",4890913.384,384832.738,0.7,"PIPO",207,-0.891006524188368,2017-05-21,141,3,NA,25,27.5,1,"success",0,"177","172",0.411176,3.0306399,252.4019928,35.2736015,13.6696997,61.0443001,55.793499,55.793499,2.4054,124,22,102,5.3024402,72.2499008,84.848999,0,65.8115005
"558","EMMAOR_NELKT2-04A_2017","2017-06-28",0,3,"N",2017,"EMMAOR","Incidental","104","HB",1,"NAD83 11N",4890913.384,384832.738,0.7,"PIPO",207,-0.891006524188368,2017-05-21,141,3,NA,25,27.5,1,"success",1,"179","177",0.411176,3.0306399,252.4019928,35.2736015,13.6696997,61.0443001,55.793499,55.793499,2.4054,124,22,102,5.3024402,72.2499008,84.848999,0,65.8115005
"559","EMMAOR_NELKT2-04A_2017","2017-07-03",0,2,"N",2017,"EMMAOR","Incidental","104","HB",1,"NAD83 11N",4890913.384,384832.738,0.7,"PIPO",207,-0.891006524188368,2017-05-21,141,3,NA,25,27.5,1,"success",1,"184","179",0.411176,3.0306399,252.4019928,35.2736015,13.6696997,61.0443001,55.793499,55.793499,2.4054,124,22,102,5.3024402,72.2499008,84.848999,0,65.8115005
"560","EMMAOR_NELKT2-04A_2017","2017-07-13",0,0,"F",2017,"EMMAOR","Incidental","104","HB",1,"NAD83 11N",4890913.384,384832.738,0.7,"PIPO",207,-0.891006524188368,2017-05-21,141,3,NA,25,27.5,1,"success",1,"194","184",0.411176,3.0306399,252.4019928,35.2736015,13.6696997,61.0443001,55.793499,55.793499,2.4054,124,22,102,5.3024402,72.2499008,84.848999,0,65.8115005
"561","EMMAOR_NELKT2-05A_2019","2019-06-21",0,3,"N",2019,"EMMAOR","EMMAOR_ELKT2","EMMAOR_ELKT2","H",1,"NAD83 11N",4892338.555,387659.259,1.1,"PIPO",49,0.656059028990507,2019-05-25,145,3,NA,25,10,1,"success",1,"172",NA,0.640263,4.1849399,235.2929993,18.6474991,23.7900009,57.5242004,56.0281982,56.0281982,4.0774398,134,20,114,10.1562004,55.4415016,0,0,0
"562","EMMAOR_NELKT2-05A_2019","2019-06-25",999,999,"N",2019,"EMMAOR","EMMAOR_ELKT2","EMMAOR_ELKT2","H",1,"NAD83 11N",4892338.555,387659.259,1.1,"PIPO",49,0.656059028990507,2019-05-25,145,3,NA,25,10,1,"success",0,"176","172",0.640263,4.1849399,235.2929993,18.6474991,23.7900009,57.5242004,56.0281982,56.0281982,4.0774398,134,20,114,10.1562004,55.4415016,0,0,0
"563","EMMAOR_NELKT2-05A_2019","2019-07-05",0,1,"N",2019,"EMMAOR","EMMAOR_ELKT2","EMMAOR_ELKT2","H",1,"NAD83 11N",4892338.555,387659.259,1.1,"PIPO",49,0.656059028990507,2019-05-25,145,3,NA,25,10,1,"success",1,"186","176",0.640263,4.1849399,235.2929993,18.6474991,23.7900009,57.5242004,56.0281982,56.0281982,4.0774398,134,20,114,10.1562004,55.4415016,0,0,0
"564","EMMAOR_NELKT2-05A_2019","2019-07-09",0,0,"F",2019,"EMMAOR","EMMAOR_ELKT2","EMMAOR_ELKT2","H",1,"NAD83 11N",4892338.555,387659.259,1.1,"PIPO",49,0.656059028990507,2019-05-25,145,3,NA,25,10,1,"success",1,"190","186",0.640263,4.1849399,235.2929993,18.6474991,23.7900009,57.5242004,56.0281982,56.0281982,4.0774398,134,20,114,10.1562004,55.4415016,0,0,0
"565","EMMAOR_NELKT2-06A_2015","2015-06-18",0,3,"N",2015,"EMMAOR","EMMAOR_ELKT2","EMMAOR_ELKT2","U",1,"NAD83 11N",4891880.336,387958.405,2.2,"JUOC",30,0.866025403784439,2015-05-23,143,3,NA,83.3333333333333,5,0.75,"success",1,"169",NA,0.653058,2.88923,185.0449982,15.9097996,25.7553997,57.4948997,56.3801994,56.3801994,2.2880599,134,13,121,10.1653996,0,0,0,0
"566","EMMAOR_NELKT2-06A_2015","2015-07-01",0,3,"N",2015,"EMMAOR","EMMAOR_ELKT2","EMMAOR_ELKT2","U",1,"NAD83 11N",4891880.336,387958.405,2.2,"JUOC",30,0.866025403784439,2015-05-23,143,3,NA,83.3333333333333,5,0.75,"success",1,"182","169",0.653058,2.88923,185.0449982,15.9097996,25.7553997,57.4948997,56.3801994,56.3801994,2.2880599,134,13,121,10.1653996,0,0,0,0
"567","EMMAOR_NELKT2-06A_2015","2015-07-07",999,999,"F",2015,"EMMAOR","EMMAOR_ELKT2","EMMAOR_ELKT2","U",1,"NAD83 11N",4891880.336,387958.405,2.2,"JUOC",30,0.866025403784439,2015-05-23,143,3,NA,83.3333333333333,5,0.75,"success",0,"188","182",0.653058,2.88923,185.0449982,15.9097996,25.7553997,57.4948997,56.3801994,56.3801994,2.2880599,134,13,121,10.1653996,0,0,0,0
"568","EMMAOR_NELKT2-06A_2017","2017-06-06",0,4,"N",2017,"EMMAOR","EMMAOR_ELKT2","EMMAOR_ELKT2","U",1,"NAD83 11N",4891950.203,387928.098,2,"PIPO",148,-0.848048096156426,2017-05-17,137,3,NA,83.3333333333333,0,1,"success",1,"157",NA,0.63675,2.87714,187.576004,16.7395,24.9046993,57.8762016,55.7641983,55.7641983,2.37606,133,13,120,9.9862003,0,0,0,0
"569","EMMAOR_NELKT2-06A_2017","2017-06-13",0,4,"N",2017,"EMMAOR","EMMAOR_ELKT2","EMMAOR_ELKT2","U",1,"NAD83 11N",4891950.203,387928.098,2,"PIPO",148,-0.848048096156426,2017-05-17,137,3,NA,83.3333333333333,0,1,"success",1,"164","157",0.63675,2.87714,187.576004,16.7395,24.9046993,57.8762016,55.7641983,55.7641983,2.37606,133,13,120,9.9862003,0,0,0,0
"570","EMMAOR_NELKT2-06A_2017","2017-06-20",0,4,"N",2017,"EMMAOR","EMMAOR_ELKT2","EMMAOR_ELKT2","U",1,"NAD83 11N",4891950.203,387928.098,2,"PIPO",148,-0.848048096156426,2017-05-17,137,3,NA,83.3333333333333,0,1,"success",1,"171","164",0.63675,2.87714,187.576004,16.7395,24.9046993,57.8762016,55.7641983,55.7641983,2.37606,133,13,120,9.9862003,0,0,0,0
"571","EMMAOR_NELKT2-06A_2017","2017-06-26",999,999,"N",2017,"EMMAOR","EMMAOR_ELKT2","EMMAOR_ELKT2","U",1,"NAD83 11N",4891950.203,387928.098,2,"PIPO",148,-0.848048096156426,2017-05-17,137,3,NA,83.3333333333333,0,1,"success",0,"177","171",0.63675,2.87714,187.576004,16.7395,24.9046993,57.8762016,55.7641983,55.7641983,2.37606,133,13,120,9.9862003,0,0,0,0
"572","EMMAOR_NELKT2-06A_2017","2017-06-28",0,3,"N",2017,"EMMAOR","EMMAOR_ELKT2","EMMAOR_ELKT2","U",1,"NAD83 11N",4891950.203,387928.098,2,"PIPO",148,-0.848048096156426,2017-05-17,137,3,NA,83.3333333333333,0,1,"success",1,"179","177",0.63675,2.87714,187.576004,16.7395,24.9046993,57.8762016,55.7641983,55.7641983,2.37606,133,13,120,9.9862003,0,0,0,0
"573","EMMAOR_NELKT2-06A_2017","2017-07-03",0,0,"F",2017,"EMMAOR","EMMAOR_ELKT2","EMMAOR_ELKT2","U",1,"NAD83 11N",4891950.203,387928.098,2,"PIPO",148,-0.848048096156426,2017-05-17,137,3,NA,83.3333333333333,0,1,"success",1,"184","179",0.63675,2.87714,187.576004,16.7395,24.9046993,57.8762016,55.7641983,55.7641983,2.37606,133,13,120,9.9862003,0,0,0,0
"574","EMMAOR_NELKT2-07A_2021","2021-07-01",0,2,"N",2021,"EMMAOR","EMMAOR_ELKT2","EMMAOR_ELKT2","H",NA,"NAD83 11N",4892715,388273,1.3,"POTR5",110,-0.342020143325669,NA,NA,NA,NA,8.33333333333333,2.5,0.5,"failure",1,"182",NA,0.517105,2.8685999,213.246994,26.3602009,19.2138004,62.3936996,61.7775993,61.7775993,3.1387501,129,15,114,7.0904002,50.3372993,0,0,47.967701
"575","EMMAOR_NELKT2-07A_2021","2021-07-07",0,2,"N",2021,"EMMAOR","EMMAOR_ELKT2","EMMAOR_ELKT2","H",NA,"NAD83 11N",4892715,388273,1.3,"POTR5",110,-0.342020143325669,NA,NA,NA,NA,8.33333333333333,2.5,0.5,"failure",1,"188","182",0.517105,2.8685999,213.246994,26.3602009,19.2138004,62.3936996,61.7775993,61.7775993,3.1387501,129,15,114,7.0904002,50.3372993,0,0,47.967701
"576","EMMAOR_NELKT2-07A_2021","2021-07-08",0,2,"N",2021,"EMMAOR","EMMAOR_ELKT2","EMMAOR_ELKT2","H",NA,"NAD83 11N",4892715,388273,1.3,"POTR5",110,-0.342020143325669,NA,NA,NA,NA,8.33333333333333,2.5,0.5,"failure",1,"189","188",0.517105,2.8685999,213.246994,26.3602009,19.2138004,62.3936996,61.7775993,61.7775993,3.1387501,129,15,114,7.0904002,50.3372993,0,0,47.967701
"577","EMMAOR_NELKT2-07A_2021","2021-07-09",0,0,"F",2021,"EMMAOR","EMMAOR_ELKT2","EMMAOR_ELKT2","H",NA,"NAD83 11N",4892715,388273,1.3,"POTR5",110,-0.342020143325669,NA,NA,NA,NA,8.33333333333333,2.5,0.5,"failure",1,"190","189",0.517105,2.8685999,213.246994,26.3602009,19.2138004,62.3936996,61.7775993,61.7775993,3.1387501,129,15,114,7.0904002,50.3372993,0,0,47.967701
"578","EMMAOR_NELKT2-10A_2019","2019-06-21",1,2,"N",2019,"EMMAOR","EMMAOR_ELKT2","EMMAOR_ELKT2","H",1,"NAD83 11N",4891555.433,388875.509,3,"POTR5",277,0.121869343405148,2019-05-29,149,2,2,25,0,0,"success",1,"172",NA,1.09719,17.4246006,385.7600098,11.7405996,31.8274994,45.9371986,35.6408997,35.6408997,9.5042496,128,39,89,35.8666992,21.3845997,0,0,0
"579","EMMAOR_NELKT2-10A_2019","2019-06-25",999,999,"N",2019,"EMMAOR","EMMAOR_ELKT2","EMMAOR_ELKT2","H",1,"NAD83 11N",4891555.433,388875.509,3,"POTR5",277,0.121869343405148,2019-05-29,149,2,2,25,0,0,"success",0,"176","172",1.09719,17.4246006,385.7600098,11.7405996,31.8274994,45.9371986,35.6408997,35.6408997,9.5042496,128,39,89,35.8666992,21.3845997,0,0,0
"580","EMMAOR_NELKT2-10A_2019","2019-07-09",0,2,"N",2019,"EMMAOR","EMMAOR_ELKT2","EMMAOR_ELKT2","H",1,"NAD83 11N",4891555.433,388875.509,3,"POTR5",277,0.121869343405148,2019-05-29,149,2,2,25,0,0,"success",1,"190","176",1.09719,17.4246006,385.7600098,11.7405996,31.8274994,45.9371986,35.6408997,35.6408997,9.5042496,128,39,89,35.8666992,21.3845997,0,0,0
"581","EMMAOR_NELKT2-10A_2019","2019-07-12",0,0,"F",2019,"EMMAOR","EMMAOR_ELKT2","EMMAOR_ELKT2","H",1,"NAD83 11N",4891555.433,388875.509,3,"POTR5",277,0.121869343405148,2019-05-29,149,2,2,25,0,0,"success",1,"193","190",1.09719,17.4246006,385.7600098,11.7405996,31.8274994,45.9371986,35.6408997,35.6408997,9.5042496,128,39,89,35.8666992,21.3845997,0,0,0
"582","EMMAOR_NELKT3-01A_2017","2017-06-15",0,3,"N",2017,"EMMAOR","EMMAOR_ELKT3","EMMAOR_ELKT3","HB",1,"NAD83 11N",4891838.568,381021.182,7.7,"PIPO",230,-0.64278760968654,2017-05-26,146,3,NA,58.3333333333333,35,0.714285714285714,"success",1,"166",NA,2.2437899,40.3983002,412.3649902,11.6908998,42.417099,39.6596985,27.0753994,27.0753994,17.4831009,107,49,58,68.6768036,22.1473007,20.0559998,0,21.8129997
"583","EMMAOR_NELKT3-01A_2017","2017-06-21",0,3,"N",2017,"EMMAOR","EMMAOR_ELKT3","EMMAOR_ELKT3","HB",1,"NAD83 11N",4891838.568,381021.182,7.7,"PIPO",230,-0.64278760968654,2017-05-26,146,3,NA,58.3333333333333,35,0.714285714285714,"success",1,"172","166",2.2437899,40.3983002,412.3649902,11.6908998,42.417099,39.6596985,27.0753994,27.0753994,17.4831009,107,49,58,68.6768036,22.1473007,20.0559998,0,21.8129997
"584","EMMAOR_NELKT3-01A_2017","2017-06-26",999,999,"N",2017,"EMMAOR","EMMAOR_ELKT3","EMMAOR_ELKT3","HB",1,"NAD83 11N",4891838.568,381021.182,7.7,"PIPO",230,-0.64278760968654,2017-05-26,146,3,NA,58.3333333333333,35,0.714285714285714,"success",0,"177","172",2.2437899,40.3983002,412.3649902,11.6908998,42.417099,39.6596985,27.0753994,27.0753994,17.4831009,107,49,58,68.6768036,22.1473007,20.0559998,0,21.8129997
"585","EMMAOR_NELKT3-01A_2017","2017-06-28",0,3,"N",2017,"EMMAOR","EMMAOR_ELKT3","EMMAOR_ELKT3","HB",1,"NAD83 11N",4891838.568,381021.182,7.7,"PIPO",230,-0.64278760968654,2017-05-26,146,3,NA,58.3333333333333,35,0.714285714285714,"success",1,"179","177",2.2437899,40.3983002,412.3649902,11.6908998,42.417099,39.6596985,27.0753994,27.0753994,17.4831009,107,49,58,68.6768036,22.1473007,20.0559998,0,21.8129997
"586","EMMAOR_NELKT3-01A_2017","2017-07-05",0,3,"N",2017,"EMMAOR","EMMAOR_ELKT3","EMMAOR_ELKT3","HB",1,"NAD83 11N",4891838.568,381021.182,7.7,"PIPO",230,-0.64278760968654,2017-05-26,146,3,NA,58.3333333333333,35,0.714285714285714,"success",1,"186","179",2.2437899,40.3983002,412.3649902,11.6908998,42.417099,39.6596985,27.0753994,27.0753994,17.4831009,107,49,58,68.6768036,22.1473007,20.0559998,0,21.8129997
"587","EMMAOR_NELKT3-01A_2017","2017-07-13",0,0,"F",2017,"EMMAOR","EMMAOR_ELKT3","EMMAOR_ELKT3","HB",1,"NAD83 11N",4891838.568,381021.182,7.7,"PIPO",230,-0.64278760968654,2017-05-26,146,3,NA,58.3333333333333,35,0.714285714285714,"success",1,"194","186",2.2437899,40.3983002,412.3649902,11.6908998,42.417099,39.6596985,27.0753994,27.0753994,17.4831009,107,49,58,68.6768036,22.1473007,20.0559998,0,21.8129997
"588","EMMAOR_NELKT3-03A_2019","2019-06-26",3,1,"N",2019,"EMMAOR","EMMAOR_ELKT3","EMMAOR_ELKT3","B",9,"NAD83 11N",4891495.527,381550.143,2.3,"PIPO",281,0.190808995376545,2019-06-08,159,0,0,116.666666666667,25,0.541666666666667,"failure",1,"177",NA,1.12846,24.1406994,451.5820007,9.0253401,33.4701996,32.8249016,19.4484997,19.4484997,15.1950998,157,66,91,41.3476982,15.0776997,54.6296997,0,15.0363998
"589","EMMAOR_NELKT3-03A_2019","2019-06-27",0,4,"N",2019,"EMMAOR","EMMAOR_ELKT3","EMMAOR_ELKT3","B",9,"NAD83 11N",4891495.527,381550.143,2.3,"PIPO",281,0.190808995376545,2019-06-08,159,0,0,116.666666666667,25,0.541666666666667,"failure",1,"178","177",1.12846,24.1406994,451.5820007,9.0253401,33.4701996,32.8249016,19.4484997,19.4484997,15.1950998,157,66,91,41.3476982,15.0776997,54.6296997,0,15.0363998
"590","EMMAOR_NELKT3-03A_2019","2019-06-30",999,999,"N",2019,"EMMAOR","EMMAOR_ELKT3","EMMAOR_ELKT3","B",9,"NAD83 11N",4891495.527,381550.143,2.3,"PIPO",281,0.190808995376545,2019-06-08,159,0,0,116.666666666667,25,0.541666666666667,"failure",0,"181","178",1.12846,24.1406994,451.5820007,9.0253401,33.4701996,32.8249016,19.4484997,19.4484997,15.1950998,157,66,91,41.3476982,15.0776997,54.6296997,0,15.0363998
"591","EMMAOR_NELKT3-03A_2019","2019-07-01",0,0,"N",2019,"EMMAOR","EMMAOR_ELKT3","EMMAOR_ELKT3","B",9,"NAD83 11N",4891495.527,381550.143,2.3,"PIPO",281,0.190808995376545,2019-06-08,159,0,0,116.666666666667,25,0.541666666666667,"failure",1,"182","181",1.12846,24.1406994,451.5820007,9.0253401,33.4701996,32.8249016,19.4484997,19.4484997,15.1950998,157,66,91,41.3476982,15.0776997,54.6296997,0,15.0363998
"592","EMMAOR_NELKT3-08A_2021","2021-06-07",0,0,"E",2021,"EMMAOR","EMMAOR_ELKT3","EMMAOR_ELKT3","H",NA,"NAD83 11N",4889752,381079,2.8,"PIPO",75,0.258819045102521,NA,NA,NA,NA,0,47.5,0.894736842105263,"failure",1,"158",NA,3.8225,84.2511978,458.7030029,27.5021,44.8518982,17.1310997,34.9369011,3.75477,34.9369011,98,62,36,111.9869995,68.2312012,0,0,9.2593203
"593","EMMAOR_NELKT3-08A_2021","2021-06-25",2,2,"N",2021,"EMMAOR","EMMAOR_ELKT3","EMMAOR_ELKT3","H",NA,"NAD83 11N",4889752,381079,2.8,"PIPO",75,0.258819045102521,NA,NA,NA,NA,0,47.5,0.894736842105263,"failure",1,"176","158",3.8225,84.2511978,458.7030029,27.5021,44.8518982,17.1310997,34.9369011,3.75477,34.9369011,98,62,36,111.9869995,68.2312012,0,0,9.2593203
"594","EMMAOR_NELKT3-08A_2021","2021-07-01",1,3,"N",2021,"EMMAOR","EMMAOR_ELKT3","EMMAOR_ELKT3","H",NA,"NAD83 11N",4889752,381079,2.8,"PIPO",75,0.258819045102521,NA,NA,NA,NA,0,47.5,0.894736842105263,"failure",1,"182","176",3.8225,84.2511978,458.7030029,27.5021,44.8518982,17.1310997,34.9369011,3.75477,34.9369011,98,62,36,111.9869995,68.2312012,0,0,9.2593203
"595","EMMAOR_NELKT3-08A_2021","2021-07-07",0,3,"N",2021,"EMMAOR","EMMAOR_ELKT3","EMMAOR_ELKT3","H",NA,"NAD83 11N",4889752,381079,2.8,"PIPO",75,0.258819045102521,NA,NA,NA,NA,0,47.5,0.894736842105263,"failure",1,"188","182",3.8225,84.2511978,458.7030029,27.5021,44.8518982,17.1310997,34.9369011,3.75477,34.9369011,98,62,36,111.9869995,68.2312012,0,0,9.2593203
"596","EMMAOR_NELKT3-08A_2021","2021-07-08",0,3,"N",2021,"EMMAOR","EMMAOR_ELKT3","EMMAOR_ELKT3","H",NA,"NAD83 11N",4889752,381079,2.8,"PIPO",75,0.258819045102521,NA,NA,NA,NA,0,47.5,0.894736842105263,"failure",1,"189","188",3.8225,84.2511978,458.7030029,27.5021,44.8518982,17.1310997,34.9369011,3.75477,34.9369011,98,62,36,111.9869995,68.2312012,0,0,9.2593203
"597","EMMAOR_NELKT3-08A_2021","2021-07-09",0,1,"N",2021,"EMMAOR","EMMAOR_ELKT3","EMMAOR_ELKT3","H",NA,"NAD83 11N",4889752,381079,2.8,"PIPO",75,0.258819045102521,NA,NA,NA,NA,0,47.5,0.894736842105263,"failure",1,"190","189",3.8225,84.2511978,458.7030029,27.5021,44.8518982,17.1310997,34.9369011,3.75477,34.9369011,98,62,36,111.9869995,68.2312012,0,0,9.2593203
"598","EMMAOR_NELKT3-08A_2021","2021-07-12",0,0,"N",2021,"EMMAOR","EMMAOR_ELKT3","EMMAOR_ELKT3","H",NA,"NAD83 11N",4889752,381079,2.8,"PIPO",75,0.258819045102521,NA,NA,NA,NA,0,47.5,0.894736842105263,"failure",1,"193","190",3.8225,84.2511978,458.7030029,27.5021,44.8518982,17.1310997,34.9369011,3.75477,34.9369011,98,62,36,111.9869995,68.2312012,0,0,9.2593203
"599","EMMAOR_NFLAGC1-02A_2015","2015-07-01",0,3,"N",2015,"EMMAOR","EMMAOR_FLAGC1","EMMAOR_FLAGC1","U",1,"NAD83 11N",4899518.43,390793.838,1.8,"PIPO",200,-0.939692620785908,2015-05-30,150,3,NA,66.6666666666667,20,0.4375,"success",1,"182",NA,7.98136,112.1019974,361.1860046,25.9759007,57.2308998,28.2488003,45.1451988,21.1205997,45.1451988,60,38,22,101.6669998,0,0,0,0
"600","EMMAOR_NFLAGC1-02A_2015","2015-07-06",0,3,"N",2015,"EMMAOR","EMMAOR_FLAGC1","EMMAOR_FLAGC1","U",1,"NAD83 11N",4899518.43,390793.838,1.8,"PIPO",200,-0.939692620785908,2015-05-30,150,3,NA,66.6666666666667,20,0.4375,"success",1,"187","182",7.98136,112.1019974,361.1860046,25.9759007,57.2308998,28.2488003,45.1451988,21.1205997,45.1451988,60,38,22,101.6669998,0,0,0,0
"601","EMMAOR_NFLAGC1-02A_2015","2015-07-08",999,999,"N",2015,"EMMAOR","EMMAOR_FLAGC1","EMMAOR_FLAGC1","U",1,"NAD83 11N",4899518.43,390793.838,1.8,"PIPO",200,-0.939692620785908,2015-05-30,150,3,NA,66.6666666666667,20,0.4375,"success",0,"189","187",7.98136,112.1019974,361.1860046,25.9759007,57.2308998,28.2488003,45.1451988,21.1205997,45.1451988,60,38,22,101.6669998,0,0,0,0
"602","EMMAOR_NFLAGC1-02A_2015","2015-07-14",999,999,"F",2015,"EMMAOR","EMMAOR_FLAGC1","EMMAOR_FLAGC1","U",1,"NAD83 11N",4899518.43,390793.838,1.8,"PIPO",200,-0.939692620785908,2015-05-30,150,3,NA,66.6666666666667,20,0.4375,"success",0,"195","189",7.98136,112.1019974,361.1860046,25.9759007,57.2308998,28.2488003,45.1451988,21.1205997,45.1451988,60,38,22,101.6669998,0,0,0,0
"603","EMMAOR_NFLAGC1-05A_2015","2015-06-15",3,0,"I",2015,"EMMAOR","EMMAOR_FLAGC1","EMMAOR_FLAGC1","U",9,"NAD83 11N",4898931.832,390818.894,4,"JUOC",145,-0.819152044288992,2015-06-07,158,0,0,41.6666666666667,7.5,0.3,"failure",1,"166",NA,9.3109102,179.1139984,427.0480042,33.6544991,66.7645035,25.3446999,62.3936996,17.8645,62.3936996,54,32,22,159.6390076,0,0,0,0
"604","EMMAOR_NFLAGC1-05A_2015","2015-07-01",0,0,"I",2015,"EMMAOR","EMMAOR_FLAGC1","EMMAOR_FLAGC1","U",9,"NAD83 11N",4898931.832,390818.894,4,"JUOC",145,-0.819152044288992,2015-06-07,158,0,0,41.6666666666667,7.5,0.3,"failure",1,"182","166",9.3109102,179.1139984,427.0480042,33.6544991,66.7645035,25.3446999,62.3936996,17.8645,62.3936996,54,32,22,159.6390076,0,0,0,0
"605","EMMAOR_NFLAGC1-05A_2019","2019-06-05",2,0,"I",2019,"EMMAOR","EMMAOR_FLAGC1","EMMAOR_FLAGC1","U",1,"NAD83 11N",4899177.662,390743.897,3.4,"JUOC",9,0.987688340595138,2019-05-30,150,3,NA,16.6666666666667,10,0.125,"success",1,"156",NA,9.6814299,176.2160034,414.7470093,35.1188011,66.2658005,23.6432991,61.6310005,18.4218006,61.6310005,54,33,21,158.0690002,0.205339,0,0,0
"606","EMMAOR_NFLAGC1-05A_2019","2019-06-17",2,2,"N",2019,"EMMAOR","EMMAOR_FLAGC1","EMMAOR_FLAGC1","U",1,"NAD83 11N",4899177.662,390743.897,3.4,"JUOC",9,0.987688340595138,2019-05-30,150,3,NA,16.6666666666667,10,0.125,"success",1,"168","156",9.6814299,176.2160034,414.7470093,35.1188011,66.2658005,23.6432991,61.6310005,18.4218006,61.6310005,54,33,21,158.0690002,0.205339,0,0,0
"607","EMMAOR_NFLAGC1-05A_2019","2019-06-21",0,4,"N",2019,"EMMAOR","EMMAOR_FLAGC1","EMMAOR_FLAGC1","U",1,"NAD83 11N",4899177.662,390743.897,3.4,"JUOC",9,0.987688340595138,2019-05-30,150,3,NA,16.6666666666667,10,0.125,"success",1,"172","168",9.6814299,176.2160034,414.7470093,35.1188011,66.2658005,23.6432991,61.6310005,18.4218006,61.6310005,54,33,21,158.0690002,0.205339,0,0,0
"608","EMMAOR_NFLAGC1-05A_2019","2019-07-09",0,3,"N",2019,"EMMAOR","EMMAOR_FLAGC1","EMMAOR_FLAGC1","U",1,"NAD83 11N",4899177.662,390743.897,3.4,"JUOC",9,0.987688340595138,2019-05-30,150,3,NA,16.6666666666667,10,0.125,"success",1,"190","172",9.6814299,176.2160034,414.7470093,35.1188011,66.2658005,23.6432991,61.6310005,18.4218006,61.6310005,54,33,21,158.0690002,0.205339,0,0,0
"609","EMMAOR_NFLAGC1-05A_2019","2019-07-12",999,999,"N",2019,"EMMAOR","EMMAOR_FLAGC1","EMMAOR_FLAGC1","U",1,"NAD83 11N",4899177.662,390743.897,3.4,"JUOC",9,0.987688340595138,2019-05-30,150,3,NA,16.6666666666667,10,0.125,"success",0,"193","190",9.6814299,176.2160034,414.7470093,35.1188011,66.2658005,23.6432991,61.6310005,18.4218006,61.6310005,54,33,21,158.0690002,0.205339,0,0,0
"610","EMMAOR_NFLAGC1-05A_2019","2019-07-19",0,0,"F",2019,"EMMAOR","EMMAOR_FLAGC1","EMMAOR_FLAGC1","U",1,"NAD83 11N",4899177.662,390743.897,3.4,"JUOC",9,0.987688340595138,2019-05-30,150,3,NA,16.6666666666667,10,0.125,"success",1,"200","193",9.6814299,176.2160034,414.7470093,35.1188011,66.2658005,23.6432991,61.6310005,18.4218006,61.6310005,54,33,21,158.0690002,0.205339,0,0,0
"611","EMMAOR_NFLAGC1-06A_2016","2016-07-06",0,4,"N",2016,"EMMAOR","EMMAOR_FLAGC1","EMMAOR_FLAGC1","U",1,"NAD83 11N",4898827.523,390620.178,1.7,"JUOC",104,-0.241921895599668,2016-06-04,156,4,NA,25,17.5,0.2,"success",1,"188",NA,14.1300001,213.5390015,375.6650085,44.4337997,73.6873016,18.6858006,71.604599,13.2883997,71.604599,46,30,16,281.6789856,0,0,0,0
"612","EMMAOR_NFLAGC1-06A_2016","2016-07-11",0,4,"N",2016,"EMMAOR","EMMAOR_FLAGC1","EMMAOR_FLAGC1","U",1,"NAD83 11N",4898827.523,390620.178,1.7,"JUOC",104,-0.241921895599668,2016-06-04,156,4,NA,25,17.5,0.2,"success",1,"193","188",14.1300001,213.5390015,375.6650085,44.4337997,73.6873016,18.6858006,71.604599,13.2883997,71.604599,46,30,16,281.6789856,0,0,0,0
"613","EMMAOR_NFLAGC1-06A_2016","2016-07-14",0,3,"N",2016,"EMMAOR","EMMAOR_FLAGC1","EMMAOR_FLAGC1","U",1,"NAD83 11N",4898827.523,390620.178,1.7,"JUOC",104,-0.241921895599668,2016-06-04,156,4,NA,25,17.5,0.2,"success",1,"196","193",14.1300001,213.5390015,375.6650085,44.4337997,73.6873016,18.6858006,71.604599,13.2883997,71.604599,46,30,16,281.6789856,0,0,0,0
"614","EMMAOR_NFLAGC1-06A_2016","2016-07-20",999,999,"F",2016,"EMMAOR","EMMAOR_FLAGC1","EMMAOR_FLAGC1","U",1,"NAD83 11N",4898827.523,390620.178,1.7,"JUOC",104,-0.241921895599668,2016-06-04,156,4,NA,25,17.5,0.2,"success",0,"202","196",14.1300001,213.5390015,375.6650085,44.4337997,73.6873016,18.6858006,71.604599,13.2883997,71.604599,46,30,16,281.6789856,0,0,0,0
"615","EMMAOR_NFLAGC1-06A_2016","2016-07-21",0,0,"F",2016,"EMMAOR","EMMAOR_FLAGC1","EMMAOR_FLAGC1","U",1,"NAD83 11N",4898827.523,390620.178,1.7,"JUOC",104,-0.241921895599668,2016-06-04,156,4,NA,25,17.5,0.2,"success",1,"203","202",14.1300001,213.5390015,375.6650085,44.4337997,73.6873016,18.6858006,71.604599,13.2883997,71.604599,46,30,16,281.6789856,0,0,0,0
"616","EMMAOR_NFLAGC1-06A_2017","2017-06-06",999,999,"I",2017,"EMMAOR","EMMAOR_FLAGC1","EMMAOR_FLAGC1","U",1,"NAD83 11N",4898879.623,390625.318,4.2,"JUOC",340,0.939692620785908,2017-05-25,145,3,NA,58.3333333333333,20,0.4,"success",1,"157",NA,14.0230999,210.9589996,374.7479858,43.5993004,73.1299973,19.0965004,70.9005966,14.1683998,70.9005966,46,30,16,271.4779968,0,0,0,0
"617","EMMAOR_NFLAGC1-06A_2017","2017-06-13",0,3,"N",2017,"EMMAOR","EMMAOR_FLAGC1","EMMAOR_FLAGC1","U",1,"NAD83 11N",4898879.623,390625.318,4.2,"JUOC",340,0.939692620785908,2017-05-25,145,3,NA,58.3333333333333,20,0.4,"success",1,"164","157",14.0230999,210.9589996,374.7479858,43.5993004,73.1299973,19.0965004,70.9005966,14.1683998,70.9005966,46,30,16,271.4779968,0,0,0,0
"618","EMMAOR_NFLAGC1-06A_2017","2017-06-20",0,3,"N",2017,"EMMAOR","EMMAOR_FLAGC1","EMMAOR_FLAGC1","U",1,"NAD83 11N",4898879.623,390625.318,4.2,"JUOC",340,0.939692620785908,2017-05-25,145,3,NA,58.3333333333333,20,0.4,"success",1,"171","164",14.0230999,210.9589996,374.7479858,43.5993004,73.1299973,19.0965004,70.9005966,14.1683998,70.9005966,46,30,16,271.4779968,0,0,0,0
"619","EMMAOR_NFLAGC1-06A_2017","2017-06-28",0,3,"N",2017,"EMMAOR","EMMAOR_FLAGC1","EMMAOR_FLAGC1","U",1,"NAD83 11N",4898879.623,390625.318,4.2,"JUOC",340,0.939692620785908,2017-05-25,145,3,NA,58.3333333333333,20,0.4,"success",1,"179","171",14.0230999,210.9589996,374.7479858,43.5993004,73.1299973,19.0965004,70.9005966,14.1683998,70.9005966,46,30,16,271.4779968,0,0,0,0
"620","EMMAOR_NFLAGC1-06A_2017","2017-07-03",0,3,"N",2017,"EMMAOR","EMMAOR_FLAGC1","EMMAOR_FLAGC1","U",1,"NAD83 11N",4898879.623,390625.318,4.2,"JUOC",340,0.939692620785908,2017-05-25,145,3,NA,58.3333333333333,20,0.4,"success",1,"184","179",14.0230999,210.9589996,374.7479858,43.5993004,73.1299973,19.0965004,70.9005966,14.1683998,70.9005966,46,30,16,271.4779968,0,0,0,0
"621","EMMAOR_NFLAGC1-06A_2017","2017-07-13",0,0,"F",2017,"EMMAOR","EMMAOR_FLAGC1","EMMAOR_FLAGC1","U",1,"NAD83 11N",4898879.623,390625.318,4.2,"JUOC",340,0.939692620785908,2017-05-25,145,3,NA,58.3333333333333,20,0.4,"success",1,"194","184",14.0230999,210.9589996,374.7479858,43.5993004,73.1299973,19.0965004,70.9005966,14.1683998,70.9005966,46,30,16,271.4779968,0,0,0,0
"622","EMMAOR_NFLAGC1-07A_2014","2014-06-10",4,0,"I",2014,"EMMAOR","EMMAOR_FLAGC1","EMMAOR_FLAGC1","U",9,"NAD83 11N",4899148.852,391229.25,2.1,"JUOC",197,-0.956304755963035,NA,NA,0,NA,25,5,0.2,"failure",1,"161",NA,4.9180598,109.572998,461.2990112,21.2907009,49.6920013,36.6969986,41.9771004,26.5473995,41.9771004,56,25,31,99.8349991,0,0,0,0
"623","EMMAOR_NFLAGC1-07A_2014","2014-06-19",3,1,"N",2014,"EMMAOR","EMMAOR_FLAGC1","EMMAOR_FLAGC1","U",9,"NAD83 11N",4899148.852,391229.25,2.1,"JUOC",197,-0.956304755963035,NA,NA,0,NA,25,5,0.2,"failure",1,"170","161",4.9180598,109.572998,461.2990112,21.2907009,49.6920013,36.6969986,41.9771004,26.5473995,41.9771004,56,25,31,99.8349991,0,0,0,0
"624","EMMAOR_NFLAGC1-07A_2014","2014-07-08",0,0,"N",2014,"EMMAOR","EMMAOR_FLAGC1","EMMAOR_FLAGC1","U",9,"NAD83 11N",4899148.852,391229.25,2.1,"JUOC",197,-0.956304755963035,NA,NA,0,NA,25,5,0.2,"failure",1,"189","170",4.9180598,109.572998,461.2990112,21.2907009,49.6920013,36.6969986,41.9771004,26.5473995,41.9771004,56,25,31,99.8349991,0,0,0,0
"625","EMMAOR_NFLAGC1-08A_2015","2015-06-10",5,0,"I",2015,"EMMAOR","EMMAOR_FLAGC1","EMMAOR_FLAGC1","U",1,"NAD83 11N",4898481.279,391266.276,9,"PIPO",224,-0.719339800338651,2015-05-24,144,3,1,33.3333333333333,22.5,0.846153846153846,"success",1,"161",NA,4.3460498,111.4540024,496.4349976,19.8724995,53.8280983,38.9556999,44.0891991,23.4085999,44.0891991,62,24,38,80.8339996,0,0,0,0
"626","EMMAOR_NFLAGC1-08A_2015","2015-07-01",0,3,"N",2015,"EMMAOR","EMMAOR_FLAGC1","EMMAOR_FLAGC1","U",1,"NAD83 11N",4898481.279,391266.276,9,"PIPO",224,-0.719339800338651,2015-05-24,144,3,1,33.3333333333333,22.5,0.846153846153846,"success",1,"182","161",4.3460498,111.4540024,496.4349976,19.8724995,53.8280983,38.9556999,44.0891991,23.4085999,44.0891991,62,24,38,80.8339996,0,0,0,0
"627","EMMAOR_NFLAGC1-08A_2015","2015-07-06",0,3,"N",2015,"EMMAOR","EMMAOR_FLAGC1","EMMAOR_FLAGC1","U",1,"NAD83 11N",4898481.279,391266.276,9,"PIPO",224,-0.719339800338651,2015-05-24,144,3,1,33.3333333333333,22.5,0.846153846153846,"success",1,"187","182",4.3460498,111.4540024,496.4349976,19.8724995,53.8280983,38.9556999,44.0891991,23.4085999,44.0891991,62,24,38,80.8339996,0,0,0,0
"628","EMMAOR_NFLAGC1-08A_2015","2015-07-08",999,999,"F",2015,"EMMAOR","EMMAOR_FLAGC1","EMMAOR_FLAGC1","U",1,"NAD83 11N",4898481.279,391266.276,9,"PIPO",224,-0.719339800338651,2015-05-24,144,3,1,33.3333333333333,22.5,0.846153846153846,"success",0,"189","187",4.3460498,111.4540024,496.4349976,19.8724995,53.8280983,38.9556999,44.0891991,23.4085999,44.0891991,62,24,38,80.8339996,0,0,0,0
"629","EMMAOR_NFLAGC2-03A_2019","2019-07-01",0,2,"N",2019,"EMMAOR","EMMAOR_FLAGC2","EMMAOR_FLAGC2","HB",1,"NAD83 11N",4892277.049,393393.585,6,"PIPO",262,-0.139173100960066,2019-06-05,156,2,NA,75,10,0.307692307692308,"success",1,"182",NA,0.876122,9.17377,307.7479858,43.3762016,13.9924002,72.9245987,72.0152969,72.0152969,4.6641202,66,17,49,8.0546703,82.0475006,77.3529968,0,1.34004
"630","EMMAOR_NFLAGC2-03A_2019","2019-07-10",0,2,"N",2019,"EMMAOR","EMMAOR_FLAGC2","EMMAOR_FLAGC2","HB",1,"NAD83 11N",4892277.049,393393.585,6,"PIPO",262,-0.139173100960066,2019-06-05,156,2,NA,75,10,0.307692307692308,"success",1,"191","182",0.876122,9.17377,307.7479858,43.3762016,13.9924002,72.9245987,72.0152969,72.0152969,4.6641202,66,17,49,8.0546703,82.0475006,77.3529968,0,1.34004
"631","EMMAOR_NFLAGC2-03A_2019","2019-07-19",0,0,"F",2019,"EMMAOR","EMMAOR_FLAGC2","EMMAOR_FLAGC2","HB",1,"NAD83 11N",4892277.049,393393.585,6,"PIPO",262,-0.139173100960066,2019-06-05,156,2,NA,75,10,0.307692307692308,"success",1,"200","191",0.876122,9.17377,307.7479858,43.3762016,13.9924002,72.9245987,72.0152969,72.0152969,4.6641202,66,17,49,8.0546703,82.0475006,77.3529968,0,1.34004
"632","EMMAOR_NFLAGC2-06A_2019","2019-07-09",999,999,"N",2019,"EMMAOR","EMMAOR_FLAGC2","EMMAOR_FLAGC2","HB",1,"NAD83 11N",4891467.987,393822.573,12.3,"PIPO",19,0.945518575599317,2019-06-12,163,1,NA,50,12.5,0.545454545454545,"success",0,"190",NA,0.588462,5.2718801,282.1130066,60.7094994,7.4801998,72.8072968,71.9859009,71.9859009,3.31475,47,8,39,3.9452,82.3702011,82.7386017,0,1.9352601
"633","EMMAOR_NFLAGC2-06A_2019","2019-07-10",999,999,"N",2019,"EMMAOR","EMMAOR_FLAGC2","EMMAOR_FLAGC2","HB",1,"NAD83 11N",4891467.987,393822.573,12.3,"PIPO",19,0.945518575599317,2019-06-12,163,1,NA,50,12.5,0.545454545454545,"success",0,"191","190",0.588462,5.2718801,282.1130066,60.7094994,7.4801998,72.8072968,71.9859009,71.9859009,3.31475,47,8,39,3.9452,82.3702011,82.7386017,0,1.9352601
"634","EMMAOR_NFLAGC2-06A_2019","2019-07-12",999,999,"N",2019,"EMMAOR","EMMAOR_FLAGC2","EMMAOR_FLAGC2","HB",1,"NAD83 11N",4891467.987,393822.573,12.3,"PIPO",19,0.945518575599317,2019-06-12,163,1,NA,50,12.5,0.545454545454545,"success",0,"193","191",0.588462,5.2718801,282.1130066,60.7094994,7.4801998,72.8072968,71.9859009,71.9859009,3.31475,47,8,39,3.9452,82.3702011,82.7386017,0,1.9352601
"635","EMMAOR_NFLAGC2-06A_2019","2019-07-19",999,999,"N",2019,"EMMAOR","EMMAOR_FLAGC2","EMMAOR_FLAGC2","HB",1,"NAD83 11N",4891467.987,393822.573,12.3,"PIPO",19,0.945518575599317,2019-06-12,163,1,NA,50,12.5,0.545454545454545,"success",0,"200","193",0.588462,5.2718801,282.1130066,60.7094994,7.4801998,72.8072968,71.9859009,71.9859009,3.31475,47,8,39,3.9452,82.3702011,82.7386017,0,1.9352601
"636","EMMAOR_NFLAGC2-06A_2019","2019-07-31",999,999,"F",2019,"EMMAOR","EMMAOR_FLAGC2","EMMAOR_FLAGC2","HB",1,"NAD83 11N",4891467.987,393822.573,12.3,"PIPO",19,0.945518575599317,2019-06-12,163,1,NA,50,12.5,0.545454545454545,"success",0,"212","200",0.588462,5.2718801,282.1130066,60.7094994,7.4801998,72.8072968,71.9859009,71.9859009,3.31475,47,8,39,3.9452,82.3702011,82.7386017,0,1.9352601
"637","EMMAOR_NFLAGC2-10A_2015","2015-06-08",4,0,"I",2015,"EMMAOR","EMMAOR_FLAGC2","EMMAOR_FLAGC2","HB",1,"NAD83 11N",4890222.922,393085.872,1.95,"JUOC",182,-0.999390827019096,2015-05-26,146,4,NA,133.333333333333,20,0.375,"success",1,"159",NA,0.232941,0.432273,92.5048981,70.7947006,3.8721001,68.6712036,66.2950974,66.2950974,0.322675,65,14,51,0.959792,88.1783981,87.885498,0,2.0148301
"638","EMMAOR_NFLAGC2-10A_2015","2015-07-06",0,1,"N",2015,"EMMAOR","EMMAOR_FLAGC2","EMMAOR_FLAGC2","HB",1,"NAD83 11N",4890222.922,393085.872,1.95,"JUOC",182,-0.999390827019096,2015-05-26,146,4,NA,133.333333333333,20,0.375,"success",1,"187","159",0.232941,0.432273,92.5048981,70.7947006,3.8721001,68.6712036,66.2950974,66.2950974,0.322675,65,14,51,0.959792,88.1783981,87.885498,0,2.0148301
"639","EMMAOR_NFLAGC2-10A_2015","2015-07-14",999,999,"F",2015,"EMMAOR","EMMAOR_FLAGC2","EMMAOR_FLAGC2","HB",1,"NAD83 11N",4890222.922,393085.872,1.95,"JUOC",182,-0.999390827019096,2015-05-26,146,4,NA,133.333333333333,20,0.375,"success",0,"195","187",0.232941,0.432273,92.5048981,70.7947006,3.8721001,68.6712036,66.2950974,66.2950974,0.322675,65,14,51,0.959792,88.1783981,87.885498,0,2.0148301
"640","EMMAOR_NFLAGC2-10A_2019","2019-06-21",0,3,"N",2019,"EMMAOR","EMMAOR_FLAGC2","EMMAOR_FLAGC2","HB",1,"NAD83 11N",4890340.661,392967.605,7.5,"PIPO",283,0.224951054343865,2019-05-27,147,3,NA,50,20,0.785714285714286,"success",1,"172",NA,0.293684,0.763548,126.4869995,64.5207977,5.4561501,67.2338028,63.7723999,63.7723999,0.616016,74,17,57,1.5731,85.4208984,85.4377975,0,5.7866802
"641","EMMAOR_NFLAGC2-10A_2019","2019-07-01",999,999,"N",2019,"EMMAOR","EMMAOR_FLAGC2","EMMAOR_FLAGC2","HB",1,"NAD83 11N",4890340.661,392967.605,7.5,"PIPO",283,0.224951054343865,2019-05-27,147,3,NA,50,20,0.785714285714286,"success",0,"182","172",0.293684,0.763548,126.4869995,64.5207977,5.4561501,67.2338028,63.7723999,63.7723999,0.616016,74,17,57,1.5731,85.4208984,85.4377975,0,5.7866802
"642","EMMAOR_NFLAGC2-10A_2019","2019-07-05",999,999,"N",2019,"EMMAOR","EMMAOR_FLAGC2","EMMAOR_FLAGC2","HB",1,"NAD83 11N",4890340.661,392967.605,7.5,"PIPO",283,0.224951054343865,2019-05-27,147,3,NA,50,20,0.785714285714286,"success",0,"186","182",0.293684,0.763548,126.4869995,64.5207977,5.4561501,67.2338028,63.7723999,63.7723999,0.616016,74,17,57,1.5731,85.4208984,85.4377975,0,5.7866802
"643","EMMAOR_NFLAGC2-10A_2019","2019-07-10",0,0,"F",2019,"EMMAOR","EMMAOR_FLAGC2","EMMAOR_FLAGC2","HB",1,"NAD83 11N",4890340.661,392967.605,7.5,"PIPO",283,0.224951054343865,2019-05-27,147,3,NA,50,20,0.785714285714286,"success",1,"191","186",0.293684,0.763548,126.4869995,64.5207977,5.4561501,67.2338028,63.7723999,63.7723999,0.616016,74,17,57,1.5731,85.4208984,85.4377975,0,5.7866802
"644","EMMAOR_NMDC1-07A_2017","2017-06-26",0,4,"N",2017,"EMMAOR","EMMAOR_MDC1","EMMAOR_MDC1","U",1,"NAD83 11N",4850942.079,347046.626,2.8,"PIPO",230,-0.64278760968654,2017-05-21,141,4,NA,83.3333333333333,7.5,1,"success",1,"177",NA,1.18603,23.1865005,430.6940002,9.1416502,28.2194004,39.6596985,28.4834003,28.4834003,12.467,156,83,73,39.5854988,0,0,0,0
"645","EMMAOR_NMDC1-07A_2017","2017-07-10",0,0,"F",2017,"EMMAOR","EMMAOR_MDC1","EMMAOR_MDC1","U",1,"NAD83 11N",4850942.079,347046.626,2.8,"PIPO",230,-0.64278760968654,2017-05-21,141,4,NA,83.3333333333333,7.5,1,"success",1,"191","177",1.18603,23.1865005,430.6940002,9.1416502,28.2194004,39.6596985,28.4834003,28.4834003,12.467,156,83,73,39.5854988,0,0,0,0
"646","EMMAOR_NMDC2-04A_2019","2019-06-20",0,4,"N",2019,"EMMAOR","EMMAOR_MDC2","EMMAOR_MDC2","U",1,"NAD83 11N",4852176.791,348663.132,2.2,"POTR5",182,-0.999390827019096,2019-06-01,152,4,NA,16.6666666666667,22.5,0.833333333333333,"success",1,"171",NA,3.11625,26.5653,274.3129883,17.9540005,32.5022011,49.5452995,45.1158981,45.1158981,13.7869997,64,32,32,56.0203018,0,0,0,0
"647","EMMAOR_NMDC2-04A_2019","2019-06-28",999,999,"N",2019,"EMMAOR","EMMAOR_MDC2","EMMAOR_MDC2","U",1,"NAD83 11N",4852176.791,348663.132,2.2,"POTR5",182,-0.999390827019096,2019-06-01,152,4,NA,16.6666666666667,22.5,0.833333333333333,"success",0,"179","171",3.11625,26.5653,274.3129883,17.9540005,32.5022011,49.5452995,45.1158981,45.1158981,13.7869997,64,32,32,56.0203018,0,0,0,0
"648","EMMAOR_NMDC2-04A_2019","2019-07-02",999,999,"N",2019,"EMMAOR","EMMAOR_MDC2","EMMAOR_MDC2","U",1,"NAD83 11N",4852176.791,348663.132,2.2,"POTR5",182,-0.999390827019096,2019-06-01,152,4,NA,16.6666666666667,22.5,0.833333333333333,"success",0,"183","179",3.11625,26.5653,274.3129883,17.9540005,32.5022011,49.5452995,45.1158981,45.1158981,13.7869997,64,32,32,56.0203018,0,0,0,0
"649","EMMAOR_NMDC2-04A_2019","2019-07-10",0,4,"N",2019,"EMMAOR","EMMAOR_MDC2","EMMAOR_MDC2","U",1,"NAD83 11N",4852176.791,348663.132,2.2,"POTR5",182,-0.999390827019096,2019-06-01,152,4,NA,16.6666666666667,22.5,0.833333333333333,"success",1,"191","183",3.11625,26.5653,274.3129883,17.9540005,32.5022011,49.5452995,45.1158981,45.1158981,13.7869997,64,32,32,56.0203018,0,0,0,0
"650","EMMAOR_NMDC2-04A_2019","2019-07-12",0,4,"N",2019,"EMMAOR","EMMAOR_MDC2","EMMAOR_MDC2","U",1,"NAD83 11N",4852176.791,348663.132,2.2,"POTR5",182,-0.999390827019096,2019-06-01,152,4,NA,16.6666666666667,22.5,0.833333333333333,"success",1,"193","191",3.11625,26.5653,274.3129883,17.9540005,32.5022011,49.5452995,45.1158981,45.1158981,13.7869997,64,32,32,56.0203018,0,0,0,0
"651","EMMAOR_NMDC2-04A_2019","2019-07-18",0,0,"F",2019,"EMMAOR","EMMAOR_MDC2","EMMAOR_MDC2","U",1,"NAD83 11N",4852176.791,348663.132,2.2,"POTR5",182,-0.999390827019096,2019-06-01,152,4,NA,16.6666666666667,22.5,0.833333333333333,"success",1,"199","193",3.11625,26.5653,274.3129883,17.9540005,32.5022011,49.5452995,45.1158981,45.1158981,13.7869997,64,32,32,56.0203018,0,0,0,0
"652","EMMAOR_NPAWT1-01A_2019","2019-06-17",1,2,"N",2019,"EMMAOR","Incidental","126","B",9,"NAD83 11N",4885871.669,348353.094,2,"PIPO",291,0.3583679495453,2019-05-30,150,0,0,58.3333333333333,30,1,"failure",1,"168",NA,0.252,0.398571,76.264801,81.1179962,1.23203,42.3291016,25.0806999,25.0806999,0.264007,38,23,15,0.962029,0,98.8604965,0,0.881688
"653","EMMAOR_NPAWT1-01A_2019","2019-06-25",999,999,"N",2019,"EMMAOR","Incidental","126","B",9,"NAD83 11N",4885871.669,348353.094,2,"PIPO",291,0.3583679495453,2019-05-30,150,0,0,58.3333333333333,30,1,"failure",0,"176","168",0.252,0.398571,76.264801,81.1179962,1.23203,42.3291016,25.0806999,25.0806999,0.264007,38,23,15,0.962029,0,98.8604965,0,0.881688
"654","EMMAOR_NPAWT1-01A_2019","2019-07-03",0,0,"N",2019,"EMMAOR","Incidental","126","B",9,"NAD83 11N",4885871.669,348353.094,2,"PIPO",291,0.3583679495453,2019-05-30,150,0,0,58.3333333333333,30,1,"failure",1,"184","176",0.252,0.398571,76.264801,81.1179962,1.23203,42.3291016,25.0806999,25.0806999,0.264007,38,23,15,0.962029,0,98.8604965,0,0.881688
"655","EMMAOR_NPAWT1-02A_2014","2014-06-16",4,0,"I",2014,"EMMAOR","EMMAOR_PAWT1","EMMAOR_PAWT1","U",9,"NAD83 11N",4883270.837,349189.458,3.4,"PIPO",91,-0.0174524064372835,NA,NA,0,0,175,27.5,1,"failure",1,"167",NA,2.2446301,126.447998,743.8660278,15.1306,49.0172997,39.3664017,44.9398994,33.6169014,44.9398994,115,48,67,130.8529968,7.7442098,3.3644199,0,0
"656","EMMAOR_NPAWT1-03A_2016","2016-06-03",1,0,"L",2016,"EMMAOR","EMMAOR_PAWT1","EMMAOR_PAWT1","H",1,"NAD83 11N",4883555.622,349106.633,1.2,"PIPO",58,0.529919264233205,2016-06-03,155,2,NA,33.3333333333333,10,1,"success",1,"155",NA,3.2850001,152.4629974,673.8839722,18.1711998,55.6762009,33.9688988,52.5960999,22.9979,52.5960999,103,51,52,217.8650055,23.2033005,8.7818699,0,0
"657","EMMAOR_NPAWT1-03A_2016","2016-06-07",4,0,"I",2016,"EMMAOR","EMMAOR_PAWT1","EMMAOR_PAWT1","H",1,"NAD83 11N",4883555.622,349106.633,1.2,"PIPO",58,0.529919264233205,2016-06-03,155,2,NA,33.3333333333333,10,1,"success",1,"159","155",3.2850001,152.4629974,673.8839722,18.1711998,55.6762009,33.9688988,52.5960999,22.9979,52.5960999,103,51,52,217.8650055,23.2033005,8.7818699,0,0
"658","EMMAOR_NPAWT1-03A_2016","2016-06-14",999,999,"I",2016,"EMMAOR","EMMAOR_PAWT1","EMMAOR_PAWT1","H",1,"NAD83 11N",4883555.622,349106.633,1.2,"PIPO",58,0.529919264233205,2016-06-03,155,2,NA,33.3333333333333,10,1,"success",0,"166","159",3.2850001,152.4629974,673.8839722,18.1711998,55.6762009,33.9688988,52.5960999,22.9979,52.5960999,103,51,52,217.8650055,23.2033005,8.7818699,0,0
"659","EMMAOR_NPAWT1-03A_2016","2016-06-15",4,0,"I",2016,"EMMAOR","EMMAOR_PAWT1","EMMAOR_PAWT1","H",1,"NAD83 11N",4883555.622,349106.633,1.2,"PIPO",58,0.529919264233205,2016-06-03,155,2,NA,33.3333333333333,10,1,"success",1,"167","166",3.2850001,152.4629974,673.8839722,18.1711998,55.6762009,33.9688988,52.5960999,22.9979,52.5960999,103,51,52,217.8650055,23.2033005,8.7818699,0,0
"660","EMMAOR_NPAWT1-03A_2016","2016-07-05",999,999,"N",2016,"EMMAOR","EMMAOR_PAWT1","EMMAOR_PAWT1","H",1,"NAD83 11N",4883555.622,349106.633,1.2,"PIPO",58,0.529919264233205,2016-06-03,155,2,NA,33.3333333333333,10,1,"success",0,"187","167",3.2850001,152.4629974,673.8839722,18.1711998,55.6762009,33.9688988,52.5960999,22.9979,52.5960999,103,51,52,217.8650055,23.2033005,8.7818699,0,0
"661","EMMAOR_NPAWT1-03A_2016","2016-07-08",0,2,"N",2016,"EMMAOR","EMMAOR_PAWT1","EMMAOR_PAWT1","H",1,"NAD83 11N",4883555.622,349106.633,1.2,"PIPO",58,0.529919264233205,2016-06-03,155,2,NA,33.3333333333333,10,1,"success",1,"190","187",3.2850001,152.4629974,673.8839722,18.1711998,55.6762009,33.9688988,52.5960999,22.9979,52.5960999,103,51,52,217.8650055,23.2033005,8.7818699,0,0
"662","EMMAOR_NPAWT1-03A_2016","2016-07-12",0,2,"N",2016,"EMMAOR","EMMAOR_PAWT1","EMMAOR_PAWT1","H",1,"NAD83 11N",4883555.622,349106.633,1.2,"PIPO",58,0.529919264233205,2016-06-03,155,2,NA,33.3333333333333,10,1,"success",1,"194","190",3.2850001,152.4629974,673.8839722,18.1711998,55.6762009,33.9688988,52.5960999,22.9979,52.5960999,103,51,52,217.8650055,23.2033005,8.7818699,0,0
"663","EMMAOR_NPAWT1-03A_2016","2016-07-14",0,0,"F",2016,"EMMAOR","EMMAOR_PAWT1","EMMAOR_PAWT1","H",1,"NAD83 11N",4883555.622,349106.633,1.2,"PIPO",58,0.529919264233205,2016-06-03,155,2,NA,33.3333333333333,10,1,"success",1,"196","194",3.2850001,152.4629974,673.8839722,18.1711998,55.6762009,33.9688988,52.5960999,22.9979,52.5960999,103,51,52,217.8650055,23.2033005,8.7818699,0,0
"664","EMMAOR_NPAWT1-03A_2017","2017-06-27",0,3,"N",2017,"EMMAOR","EMMAOR_PAWT1","EMMAOR_PAWT1","H",1,"NAD83 11N",4883389.977,349113.919,4.9,"PIPO",155,-0.90630778703665,2017-05-28,148,2,NA,8.33333333333333,10,1,"success",1,"178",NA,5.1300001,104.5749969,440.2839966,24.3237,36.7849998,52.0387001,43.1505013,43.1505013,35.4062996,56,34,22,125.836998,41.8011017,3.6763501,0,0
"665","EMMAOR_NPAWT1-03A_2017","2017-07-06",0,3,"N",2017,"EMMAOR","EMMAOR_PAWT1","EMMAOR_PAWT1","H",1,"NAD83 11N",4883389.977,349113.919,4.9,"PIPO",155,-0.90630778703665,2017-05-28,148,2,NA,8.33333333333333,10,1,"success",1,"187","178",5.1300001,104.5749969,440.2839966,24.3237,36.7849998,52.0387001,43.1505013,43.1505013,35.4062996,56,34,22,125.836998,41.8011017,3.6763501,0,0
"666","EMMAOR_NPAWT1-03A_2017","2017-07-12",0,0,"F",2017,"EMMAOR","EMMAOR_PAWT1","EMMAOR_PAWT1","H",1,"NAD83 11N",4883389.977,349113.919,4.9,"PIPO",155,-0.90630778703665,2017-05-28,148,2,NA,8.33333333333333,10,1,"success",1,"193","187",5.1300001,104.5749969,440.2839966,24.3237,36.7849998,52.0387001,43.1505013,43.1505013,35.4062996,56,34,22,125.836998,41.8011017,3.6763501,0,0
"667","EMMAOR_NPAWT1-03A_2019","2019-05-30",5,0,"I",2019,"EMMAOR","EMMAOR_PAWT1","EMMAOR_PAWT1","H",1,"NAD83 11N",4883410.961,349073.75,1,"PIPO",53,0.601815023152048,2019-05-17,137,3,NA,0,5,1,"success",1,"150",NA,4.9147801,105.1009979,451.4930115,24.1599007,36.8437004,52.7134018,43.3558006,43.3558006,35.5236015,54,31,23,134.7689972,40.2756996,3.29758,0,17.2040997
"668","EMMAOR_NPAWT1-03A_2019","2019-06-14",0,3,"N",2019,"EMMAOR","EMMAOR_PAWT1","EMMAOR_PAWT1","H",1,"NAD83 11N",4883410.961,349073.75,1,"PIPO",53,0.601815023152048,2019-05-17,137,3,NA,0,5,1,"success",1,"165","150",4.9147801,105.1009979,451.4930115,24.1599007,36.8437004,52.7134018,43.3558006,43.3558006,35.5236015,54,31,23,134.7689972,40.2756996,3.29758,0,17.2040997
"669","EMMAOR_NPAWT1-03A_2019","2019-06-25",999,999,"N",2019,"EMMAOR","EMMAOR_PAWT1","EMMAOR_PAWT1","H",1,"NAD83 11N",4883410.961,349073.75,1,"PIPO",53,0.601815023152048,2019-05-17,137,3,NA,0,5,1,"success",0,"176","165",4.9147801,105.1009979,451.4930115,24.1599007,36.8437004,52.7134018,43.3558006,43.3558006,35.5236015,54,31,23,134.7689972,40.2756996,3.29758,0,17.2040997
"670","EMMAOR_NPAWT1-03A_2019","2019-07-03",0,0,"F",2019,"EMMAOR","EMMAOR_PAWT1","EMMAOR_PAWT1","H",1,"NAD83 11N",4883410.961,349073.75,1,"PIPO",53,0.601815023152048,2019-05-17,137,3,NA,0,5,1,"success",1,"184","176",4.9147801,105.1009979,451.4930115,24.1599007,36.8437004,52.7134018,43.3558006,43.3558006,35.5236015,54,31,23,134.7689972,40.2756996,3.29758,0,17.2040997
"671","EMMAOR_NPAWT1-03A_2021","2021-05-25",0,0,"E",2021,"EMMAOR","EMMAOR_PAWT1","EMMAOR_PAWT1","H",NA,"NAD83 11N",4883312,349078,1.15,"PIPO",50,0.642787609686539,NA,NA,NA,NA,108.333333333333,2.5,1,"failure",1,"145",NA,4.82727,97.9263,439.1589966,26.0562992,34.6142998,54.7667999,47.1986008,47.1986008,33.2355995,52,30,22,115.0879974,46.0251999,1.3750499,0,20.5685005
"672","EMMAOR_NPAWT1-03A_2021","2021-06-01",4,0,"L",2021,"EMMAOR","EMMAOR_PAWT1","EMMAOR_PAWT1","H",NA,"NAD83 11N",4883312,349078,1.15,"PIPO",50,0.642787609686539,NA,NA,NA,NA,108.333333333333,2.5,1,"failure",1,"152","145",4.82727,97.9263,439.1589966,26.0562992,34.6142998,54.7667999,47.1986008,47.1986008,33.2355995,52,30,22,115.0879974,46.0251999,1.3750499,0,20.5685005
"673","EMMAOR_NPAWT1-03A_2021","2021-06-08",5,0,"I",2021,"EMMAOR","EMMAOR_PAWT1","EMMAOR_PAWT1","H",NA,"NAD83 11N",4883312,349078,1.15,"PIPO",50,0.642787609686539,NA,NA,NA,NA,108.333333333333,2.5,1,"failure",1,"159","152",4.82727,97.9263,439.1589966,26.0562992,34.6142998,54.7667999,47.1986008,47.1986008,33.2355995,52,30,22,115.0879974,46.0251999,1.3750499,0,20.5685005
"674","EMMAOR_NPAWT1-03A_2021","2021-06-18",0,3,"N",2021,"EMMAOR","EMMAOR_PAWT1","EMMAOR_PAWT1","H",NA,"NAD83 11N",4883312,349078,1.15,"PIPO",50,0.642787609686539,NA,NA,NA,NA,108.333333333333,2.5,1,"failure",1,"169","159",4.82727,97.9263,439.1589966,26.0562992,34.6142998,54.7667999,47.1986008,47.1986008,33.2355995,52,30,22,115.0879974,46.0251999,1.3750499,0,20.5685005
"675","EMMAOR_NPAWT1-03A_2021","2021-06-24",0,3,"N",2021,"EMMAOR","EMMAOR_PAWT1","EMMAOR_PAWT1","H",NA,"NAD83 11N",4883312,349078,1.15,"PIPO",50,0.642787609686539,NA,NA,NA,NA,108.333333333333,2.5,1,"failure",1,"175","169",4.82727,97.9263,439.1589966,26.0562992,34.6142998,54.7667999,47.1986008,47.1986008,33.2355995,52,30,22,115.0879974,46.0251999,1.3750499,0,20.5685005
"676","EMMAOR_NPAWT1-03A_2021","2021-06-28",0,3,"N",2021,"EMMAOR","EMMAOR_PAWT1","EMMAOR_PAWT1","H",NA,"NAD83 11N",4883312,349078,1.15,"PIPO",50,0.642787609686539,NA,NA,NA,NA,108.333333333333,2.5,1,"failure",1,"179","175",4.82727,97.9263,439.1589966,26.0562992,34.6142998,54.7667999,47.1986008,47.1986008,33.2355995,52,30,22,115.0879974,46.0251999,1.3750499,0,20.5685005
"677","EMMAOR_NPAWT1-03A_2021","2021-07-06",999,999,"N",2021,"EMMAOR","EMMAOR_PAWT1","EMMAOR_PAWT1","H",NA,"NAD83 11N",4883312,349078,1.15,"PIPO",50,0.642787609686539,NA,NA,NA,NA,108.333333333333,2.5,1,"failure",0,"187","179",4.82727,97.9263,439.1589966,26.0562992,34.6142998,54.7667999,47.1986008,47.1986008,33.2355995,52,30,22,115.0879974,46.0251999,1.3750499,0,20.5685005
"678","EMMAOR_NPAWT1-03A_2021","2021-07-07",0,3,"N",2021,"EMMAOR","EMMAOR_PAWT1","EMMAOR_PAWT1","H",NA,"NAD83 11N",4883312,349078,1.15,"PIPO",50,0.642787609686539,NA,NA,NA,NA,108.333333333333,2.5,1,"failure",1,"188","187",4.82727,97.9263,439.1589966,26.0562992,34.6142998,54.7667999,47.1986008,47.1986008,33.2355995,52,30,22,115.0879974,46.0251999,1.3750499,0,20.5685005
"679","EMMAOR_NPAWT1-03A_2021","2021-07-08",0,3,"N",2021,"EMMAOR","EMMAOR_PAWT1","EMMAOR_PAWT1","H",NA,"NAD83 11N",4883312,349078,1.15,"PIPO",50,0.642787609686539,NA,NA,NA,NA,108.333333333333,2.5,1,"failure",1,"189","188",4.82727,97.9263,439.1589966,26.0562992,34.6142998,54.7667999,47.1986008,47.1986008,33.2355995,52,30,22,115.0879974,46.0251999,1.3750499,0,20.5685005
"680","EMMAOR_NPAWT1-04A_2015","2015-06-09",0,0,"E",2015,"EMMAOR","EMMAOR_PAWT1","EMMAOR_PAWT1","U",9,"NAD83 11N",4883247.443,349153.776,3.2,"PIPO",259,-0.190808995376545,2015-06-10,161,0,0,25,37.5,1,"failure",1,"160",NA,2.03918,123.2870026,771.098999,14.6253996,48.5186005,40.0704002,44.1478004,34.7902985,44.1478004,120,47,73,124.6470032,7.6855402,1.73155,0,0
"681","EMMAOR_NPAWT1-04A_2015","2015-06-16",4,0,"I",2015,"EMMAOR","EMMAOR_PAWT1","EMMAOR_PAWT1","U",9,"NAD83 11N",4883247.443,349153.776,3.2,"PIPO",259,-0.190808995376545,2015-06-10,161,0,0,25,37.5,1,"failure",1,"167","160",2.03918,123.2870026,771.098999,14.6253996,48.5186005,40.0704002,44.1478004,34.7902985,44.1478004,120,47,73,124.6470032,7.6855402,1.73155,0,0
"682","EMMAOR_NPAWT1-04A_2015","2015-06-30",999,999,"N",2015,"EMMAOR","EMMAOR_PAWT1","EMMAOR_PAWT1","U",9,"NAD83 11N",4883247.443,349153.776,3.2,"PIPO",259,-0.190808995376545,2015-06-10,161,0,0,25,37.5,1,"failure",0,"181","167",2.03918,123.2870026,771.098999,14.6253996,48.5186005,40.0704002,44.1478004,34.7902985,44.1478004,120,47,73,124.6470032,7.6855402,1.73155,0,0
"683","EMMAOR_NPAWT1-04A_2015","2015-07-02",0,2,"N",2015,"EMMAOR","EMMAOR_PAWT1","EMMAOR_PAWT1","U",9,"NAD83 11N",4883247.443,349153.776,3.2,"PIPO",259,-0.190808995376545,2015-06-10,161,0,0,25,37.5,1,"failure",1,"183","181",2.03918,123.2870026,771.098999,14.6253996,48.5186005,40.0704002,44.1478004,34.7902985,44.1478004,120,47,73,124.6470032,7.6855402,1.73155,0,0
"684","EMMAOR_NPAWT1-04A_2015","2015-07-06",999,999,"N",2015,"EMMAOR","EMMAOR_PAWT1","EMMAOR_PAWT1","U",9,"NAD83 11N",4883247.443,349153.776,3.2,"PIPO",259,-0.190808995376545,2015-06-10,161,0,0,25,37.5,1,"failure",0,"187","183",2.03918,123.2870026,771.098999,14.6253996,48.5186005,40.0704002,44.1478004,34.7902985,44.1478004,120,47,73,124.6470032,7.6855402,1.73155,0,0
"685","EMMAOR_NPAWT1-04A_2015","2015-07-08",0,0,"N",2015,"EMMAOR","EMMAOR_PAWT1","EMMAOR_PAWT1","U",9,"NAD83 11N",4883247.443,349153.776,3.2,"PIPO",259,-0.190808995376545,2015-06-10,161,0,0,25,37.5,1,"failure",1,"189","187",2.03918,123.2870026,771.098999,14.6253996,48.5186005,40.0704002,44.1478004,34.7902985,44.1478004,120,47,73,124.6470032,7.6855402,1.73155,0,0
"686","EMMAOR_NPAWT1-05A_2015","2015-06-29",999,999,"N",2015,"EMMAOR","EMMAOR_PAWT1","EMMAOR_PAWT1","U",1,"NAD83 11N",4882608.059,348535.365,0.7,"PIPO",65,0.422618261740699,2015-06-01,152,4,1,83.3333333333333,0,0.833333333333333,"success",0,"180",NA,0.518067,18.2812996,585.5549927,22.1138992,20.0939007,53.1828003,46.1132011,46.1132011,10.8535995,146,27,119,14.5500002,5.72015,0,0,6.25458
"687","EMMAOR_NPAWT1-05A_2015","2015-07-02",0,4,"N",2015,"EMMAOR","EMMAOR_PAWT1","EMMAOR_PAWT1","U",1,"NAD83 11N",4882608.059,348535.365,0.7,"PIPO",65,0.422618261740699,2015-06-01,152,4,1,83.3333333333333,0,0.833333333333333,"success",1,"183","180",0.518067,18.2812996,585.5549927,22.1138992,20.0939007,53.1828003,46.1132011,46.1132011,10.8535995,146,27,119,14.5500002,5.72015,0,0,6.25458
"688","EMMAOR_NPAWT1-05A_2015","2015-07-06",999,999,"N",2015,"EMMAOR","EMMAOR_PAWT1","EMMAOR_PAWT1","U",1,"NAD83 11N",4882608.059,348535.365,0.7,"PIPO",65,0.422618261740699,2015-06-01,152,4,1,83.3333333333333,0,0.833333333333333,"success",0,"187","183",0.518067,18.2812996,585.5549927,22.1138992,20.0939007,53.1828003,46.1132011,46.1132011,10.8535995,146,27,119,14.5500002,5.72015,0,0,6.25458
"689","EMMAOR_NPAWT1-05A_2015","2015-07-07",999,999,"N",2015,"EMMAOR","EMMAOR_PAWT1","EMMAOR_PAWT1","U",1,"NAD83 11N",4882608.059,348535.365,0.7,"PIPO",65,0.422618261740699,2015-06-01,152,4,1,83.3333333333333,0,0.833333333333333,"success",0,"188","187",0.518067,18.2812996,585.5549927,22.1138992,20.0939007,53.1828003,46.1132011,46.1132011,10.8535995,146,27,119,14.5500002,5.72015,0,0,6.25458
"690","EMMAOR_NPAWT1-05A_2015","2015-07-13",999,999,"N",2015,"EMMAOR","EMMAOR_PAWT1","EMMAOR_PAWT1","U",1,"NAD83 11N",4882608.059,348535.365,0.7,"PIPO",65,0.422618261740699,2015-06-01,152,4,1,83.3333333333333,0,0.833333333333333,"success",0,"194","188",0.518067,18.2812996,585.5549927,22.1138992,20.0939007,53.1828003,46.1132011,46.1132011,10.8535995,146,27,119,14.5500002,5.72015,0,0,6.25458
"691","EMMAOR_NPAWT1-05A_2015","2015-07-14",999,999,"N",2015,"EMMAOR","EMMAOR_PAWT1","EMMAOR_PAWT1","U",1,"NAD83 11N",4882608.059,348535.365,0.7,"PIPO",65,0.422618261740699,2015-06-01,152,4,1,83.3333333333333,0,0.833333333333333,"success",0,"195","194",0.518067,18.2812996,585.5549927,22.1138992,20.0939007,53.1828003,46.1132011,46.1132011,10.8535995,146,27,119,14.5500002,5.72015,0,0,6.25458
"692","EMMAOR_NPAWT1-05A_2019","2019-07-03",0,2,"N",2019,"EMMAOR","EMMAOR_PAWT1","EMMAOR_PAWT1","H",1,"NAD83 11N",4882486.381,348526.588,1.8,"PIPO",188,-0.99026806874157,2019-05-25,145,2,NA,66.6666666666667,10,1,"success",1,"184",NA,0.958064,16.4955997,402.7120056,57.0071983,9.6802597,62.7457008,60.5456009,60.5456009,7.1575198,46,15,31,5.03441,63.1856995,0,0,31.7630997
"693","EMMAOR_NPAWT1-05A_2019","2019-07-09",0,0,"F",2019,"EMMAOR","EMMAOR_PAWT1","EMMAOR_PAWT1","H",1,"NAD83 11N",4882486.381,348526.588,1.8,"PIPO",188,-0.99026806874157,2019-05-25,145,2,NA,66.6666666666667,10,1,"success",1,"190","184",0.958064,16.4955997,402.7120056,57.0071983,9.6802597,62.7457008,60.5456009,60.5456009,7.1575198,46,15,31,5.03441,63.1856995,0,0,31.7630997
"694","EMMAOR_NPAWT1-05A_2021","2021-06-18",0,3,"N",2021,"EMMAOR","EMMAOR_PAWT1","EMMAOR_PAWT1","H",NA,"NAD83 11N",4882576,348809,2.9,"PIPO",235,-0.573576436351046,NA,NA,NA,NA,41.6666666666667,10,1,"failure",1,"169",NA,1.11724,21.2935009,424.9590149,58.6519012,10.5602999,68.524498,67.3510971,67.3510971,8.5362301,46,17,29,2.3403101,70.1965027,0,0,36.6903
"695","EMMAOR_NPAWT1-05A_2021","2021-06-24",0,3,"N",2021,"EMMAOR","EMMAOR_PAWT1","EMMAOR_PAWT1","H",NA,"NAD83 11N",4882576,348809,2.9,"PIPO",235,-0.573576436351046,NA,NA,NA,NA,41.6666666666667,10,1,"failure",1,"175","169",1.11724,21.2935009,424.9590149,58.6519012,10.5602999,68.524498,67.3510971,67.3510971,8.5362301,46,17,29,2.3403101,70.1965027,0,0,36.6903
"696","EMMAOR_NPAWT1-05A_2021","2021-06-28",0,3,"N",2021,"EMMAOR","EMMAOR_PAWT1","EMMAOR_PAWT1","H",NA,"NAD83 11N",4882576,348809,2.9,"PIPO",235,-0.573576436351046,NA,NA,NA,NA,41.6666666666667,10,1,"failure",1,"179","175",1.11724,21.2935009,424.9590149,58.6519012,10.5602999,68.524498,67.3510971,67.3510971,8.5362301,46,17,29,2.3403101,70.1965027,0,0,36.6903
"697","EMMAOR_NPAWT1-05A_2021","2021-07-06",999,999,"N",2021,"EMMAOR","EMMAOR_PAWT1","EMMAOR_PAWT1","H",NA,"NAD83 11N",4882576,348809,2.9,"PIPO",235,-0.573576436351046,NA,NA,NA,NA,41.6666666666667,10,1,"failure",0,"187","179",1.11724,21.2935009,424.9590149,58.6519012,10.5602999,68.524498,67.3510971,67.3510971,8.5362301,46,17,29,2.3403101,70.1965027,0,0,36.6903
"698","EMMAOR_NPAWT1-05A_2021","2021-07-07",0,0,"F",2021,"EMMAOR","EMMAOR_PAWT1","EMMAOR_PAWT1","H",NA,"NAD83 11N",4882576,348809,2.9,"PIPO",235,-0.573576436351046,NA,NA,NA,NA,41.6666666666667,10,1,"failure",1,"188","187",1.11724,21.2935009,424.9590149,58.6519012,10.5602999,68.524498,67.3510971,67.3510971,8.5362301,46,17,29,2.3403101,70.1965027,0,0,36.6903
"699","EMMAOR_NPAWT1-07A_2015","2015-07-02",0,3,"N",2015,"EMMAOR","EMMAOR_PAWT1","EMMAOR_PAWT1","U",7,"NAD83 11N",4882063.489,348896.982,2,"PIPO",12,0.978147600733806,NA,NA,0,0,50,7.5,1,"failure",1,"183",NA,0.284276,1.1252,171.9920044,31.4999008,13.4350004,59.4015999,57.1428986,57.1428986,1.4373699,162,17,145,4.0563598,22.2059002,0,0,0.378776
"700","EMMAOR_NPAWT1-07A_2015","2015-07-06",999,999,"N",2015,"EMMAOR","EMMAOR_PAWT1","EMMAOR_PAWT1","U",7,"NAD83 11N",4882063.489,348896.982,2,"PIPO",12,0.978147600733806,NA,NA,0,0,50,7.5,1,"failure",0,"187","183",0.284276,1.1252,171.9920044,31.4999008,13.4350004,59.4015999,57.1428986,57.1428986,1.4373699,162,17,145,4.0563598,22.2059002,0,0,0.378776
"701","EMMAOR_NPAWT1-07A_2015","2015-07-08",0,0,"N",2015,"EMMAOR","EMMAOR_PAWT1","EMMAOR_PAWT1","U",7,"NAD83 11N",4882063.489,348896.982,2,"PIPO",12,0.978147600733806,NA,NA,0,0,50,7.5,1,"failure",1,"189","187",0.284276,1.1252,171.9920044,31.4999008,13.4350004,59.4015999,57.1428986,57.1428986,1.4373699,162,17,145,4.0563598,22.2059002,0,0,0.378776
"702","EMMAOR_NPAWT1-08A_2015","2015-06-16",4,0,"I",2015,"EMMAOR","EMMAOR_PAWT1","EMMAOR_PAWT1","H",1,"NAD83 11N",4882589.179,349865.329,1.5,"PIPO",178,-0.999390827019096,2015-06-01,152,3,NA,16.6666666666667,65,0.928571428571429,"success",1,"167",NA,1.04128,40.7341995,617.4089966,13.6162004,29.1874008,54.4147987,52.2733994,52.2733994,19.5365009,113,27,86,34.9557991,27.9554005,1.53102,0,0
"703","EMMAOR_NPAWT1-08A_2015","2015-06-29",999,999,"N",2015,"EMMAOR","EMMAOR_PAWT1","EMMAOR_PAWT1","H",1,"NAD83 11N",4882589.179,349865.329,1.5,"PIPO",178,-0.999390827019096,2015-06-01,152,3,NA,16.6666666666667,65,0.928571428571429,"success",0,"180","167",1.04128,40.7341995,617.4089966,13.6162004,29.1874008,54.4147987,52.2733994,52.2733994,19.5365009,113,27,86,34.9557991,27.9554005,1.53102,0,0
"704","EMMAOR_NPAWT1-08A_2015","2015-07-02",0,3,"N",2015,"EMMAOR","EMMAOR_PAWT1","EMMAOR_PAWT1","H",1,"NAD83 11N",4882589.179,349865.329,1.5,"PIPO",178,-0.999390827019096,2015-06-01,152,3,NA,16.6666666666667,65,0.928571428571429,"success",1,"183","180",1.04128,40.7341995,617.4089966,13.6162004,29.1874008,54.4147987,52.2733994,52.2733994,19.5365009,113,27,86,34.9557991,27.9554005,1.53102,0,0
"705","EMMAOR_NPAWT1-08A_2015","2015-07-06",999,999,"N",2015,"EMMAOR","EMMAOR_PAWT1","EMMAOR_PAWT1","H",1,"NAD83 11N",4882589.179,349865.329,1.5,"PIPO",178,-0.999390827019096,2015-06-01,152,3,NA,16.6666666666667,65,0.928571428571429,"success",0,"187","183",1.04128,40.7341995,617.4089966,13.6162004,29.1874008,54.4147987,52.2733994,52.2733994,19.5365009,113,27,86,34.9557991,27.9554005,1.53102,0,0
"706","EMMAOR_NPAWT1-08A_2015","2015-07-07",999,999,"N",2015,"EMMAOR","EMMAOR_PAWT1","EMMAOR_PAWT1","H",1,"NAD83 11N",4882589.179,349865.329,1.5,"PIPO",178,-0.999390827019096,2015-06-01,152,3,NA,16.6666666666667,65,0.928571428571429,"success",0,"188","187",1.04128,40.7341995,617.4089966,13.6162004,29.1874008,54.4147987,52.2733994,52.2733994,19.5365009,113,27,86,34.9557991,27.9554005,1.53102,0,0
"707","EMMAOR_NPAWT1-08A_2015","2015-07-13",999,999,"N",2015,"EMMAOR","EMMAOR_PAWT1","EMMAOR_PAWT1","H",1,"NAD83 11N",4882589.179,349865.329,1.5,"PIPO",178,-0.999390827019096,2015-06-01,152,3,NA,16.6666666666667,65,0.928571428571429,"success",0,"194","188",1.04128,40.7341995,617.4089966,13.6162004,29.1874008,54.4147987,52.2733994,52.2733994,19.5365009,113,27,86,34.9557991,27.9554005,1.53102,0,0
"708","EMMAOR_NPAWT1-08A_2015","2015-07-14",0,0,"F",2015,"EMMAOR","EMMAOR_PAWT1","EMMAOR_PAWT1","H",1,"NAD83 11N",4882589.179,349865.329,1.5,"PIPO",178,-0.999390827019096,2015-06-01,152,3,NA,16.6666666666667,65,0.928571428571429,"success",1,"195","194",1.04128,40.7341995,617.4089966,13.6162004,29.1874008,54.4147987,52.2733994,52.2733994,19.5365009,113,27,86,34.9557991,27.9554005,1.53102,0,0
"709","EMMAOR_NPAWT1-08A_2021","2021-07-08",0,4,"N",2021,"EMMAOR","EMMAOR_PAWT1","EMMAOR_PAWT1","U",NA,"NAD83 11N",4882643,350163,5,"JUOC",51,0.629320391049837,NA,NA,NA,NA,158.333333333333,12.5,0.125,"failure",1,"189",NA,1.47706,47.2719002,556.8129883,11.1801004,32.7369003,51.3054008,43.8544998,43.8544998,22.2646008,89,21,68,67.3295975,35.9636002,3.7304599,0,30.6616993
"710","EMMAOR_NPAWT1-08A_2021","2021-07-13",0,4,"N",2021,"EMMAOR","EMMAOR_PAWT1","EMMAOR_PAWT1","U",NA,"NAD83 11N",4882643,350163,5,"JUOC",51,0.629320391049837,NA,NA,NA,NA,158.333333333333,12.5,0.125,"failure",1,"194","189",1.47706,47.2719002,556.8129883,11.1801004,32.7369003,51.3054008,43.8544998,43.8544998,22.2646008,89,21,68,67.3295975,35.9636002,3.7304599,0,30.6616993
"711","EMMAOR_NPAWT1-08A_2021","2021-07-15",0,4,"N",2021,"EMMAOR","EMMAOR_PAWT1","EMMAOR_PAWT1","U",NA,"NAD83 11N",4882643,350163,5,"JUOC",51,0.629320391049837,NA,NA,NA,NA,158.333333333333,12.5,0.125,"failure",1,"196","194",1.47706,47.2719002,556.8129883,11.1801004,32.7369003,51.3054008,43.8544998,43.8544998,22.2646008,89,21,68,67.3295975,35.9636002,3.7304599,0,30.6616993
"712","EMMAOR_NPAWT1-08A_2021","2021-07-16",0,3,"N",2021,"EMMAOR","EMMAOR_PAWT1","EMMAOR_PAWT1","U",NA,"NAD83 11N",4882643,350163,5,"JUOC",51,0.629320391049837,NA,NA,NA,NA,158.333333333333,12.5,0.125,"failure",1,"197","196",1.47706,47.2719002,556.8129883,11.1801004,32.7369003,51.3054008,43.8544998,43.8544998,22.2646008,89,21,68,67.3295975,35.9636002,3.7304599,0,30.6616993
"713","EMMAOR_NPAWT1-08A_2021","2021-07-18",0,0,"F",2021,"EMMAOR","EMMAOR_PAWT1","EMMAOR_PAWT1","U",NA,"NAD83 11N",4882643,350163,5,"JUOC",51,0.629320391049837,NA,NA,NA,NA,158.333333333333,12.5,0.125,"failure",1,"199","197",1.47706,47.2719002,556.8129883,11.1801004,32.7369003,51.3054008,43.8544998,43.8544998,22.2646008,89,21,68,67.3295975,35.9636002,3.7304599,0,30.6616993
"714","EMMAOR_NPAWT1-09A_2014","2014-05-30",0,0,"E",2014,"EMMAOR","EMMAOR_PAWT1","EMMAOR_PAWT1","H",9,"NAD83 11N",4882203.396,349308.401,1,"PIPO",232,-0.615661475325658,NA,NA,0,0,166.666666666667,0,1,"failure",1,"150",NA,0.364406,2.61062,248.2749939,26.0886002,16.9845009,61.4842987,60.5456009,60.5456009,2.64007,159,16,143,5.81428,32.7369003,0,0,0
"715","EMMAOR_NPAWT1-09A_2014","2014-06-16",5,0,"I",2014,"EMMAOR","EMMAOR_PAWT1","EMMAOR_PAWT1","H",9,"NAD83 11N",4882203.396,349308.401,1,"PIPO",232,-0.615661475325658,NA,NA,0,0,166.666666666667,0,1,"failure",1,"167","150",0.364406,2.61062,248.2749939,26.0886002,16.9845009,61.4842987,60.5456009,60.5456009,2.64007,159,16,143,5.81428,32.7369003,0,0,0
"716","EMMAOR_NPAWT1-09A_2019","2019-06-17",0,3,"N",2019,"EMMAOR","EMMAOR_PAWT1","EMMAOR_PAWT1","H",1,"NAD83 11N",4882294.659,349653.836,5.4,"PIPO",48,0.669130606358858,2019-05-17,137,2,NA,58.3333333333333,7.5,0.9,"success",1,"168",NA,0.562075,12.2479,455.9660034,54.8325996,9.70959,71.6339035,70.7246017,70.7246017,6.1894999,71,18,53,5.4827299,62.7750015,0,0,38.3390999
"717","EMMAOR_NPAWT1-09A_2019","2019-06-25",0,2,"N",2019,"EMMAOR","EMMAOR_PAWT1","EMMAOR_PAWT1","H",1,"NAD83 11N",4882294.659,349653.836,5.4,"PIPO",48,0.669130606358858,2019-05-17,137,2,NA,58.3333333333333,7.5,0.9,"success",1,"176","168",0.562075,12.2479,455.9660034,54.8325996,9.70959,71.6339035,70.7246017,70.7246017,6.1894999,71,18,53,5.4827299,62.7750015,0,0,38.3390999
"718","EMMAOR_NPAWT1-09A_2019","2019-07-03",0,0,"F",2019,"EMMAOR","EMMAOR_PAWT1","EMMAOR_PAWT1","H",1,"NAD83 11N",4882294.659,349653.836,5.4,"PIPO",48,0.669130606358858,2019-05-17,137,2,NA,58.3333333333333,7.5,0.9,"success",1,"184","176",0.562075,12.2479,455.9660034,54.8325996,9.70959,71.6339035,70.7246017,70.7246017,6.1894999,71,18,53,5.4827299,62.7750015,0,0,38.3390999
"719","EMMAOR_NPRONGC1-01A_2019","2019-06-06",0,3,"N",2019,"EMMAOR","Incidental","141","B",1,"NAD83 11N",4886769.837,349668.933,1.7,"PIPO",283,0.224951054343865,2019-05-20,140,3,NA,16.6666666666667,12.5,1,"success",1,"157",NA,0.514737,1.9236799,165.4450073,45.5554008,9.5629196,56.1748009,54.4147987,54.4147987,1.4373699,80,23,57,5.41575,0,95.5087967,0,0
"720","EMMAOR_NPRONGC1-01A_2019","2019-06-12",0,3,"N",2019,"EMMAOR","Incidental","141","B",1,"NAD83 11N",4886769.837,349668.933,1.7,"PIPO",283,0.224951054343865,2019-05-20,140,3,NA,16.6666666666667,12.5,1,"success",1,"163","157",0.514737,1.9236799,165.4450073,45.5554008,9.5629196,56.1748009,54.4147987,54.4147987,1.4373699,80,23,57,5.41575,0,95.5087967,0,0
"721","EMMAOR_NPRONGC1-01A_2019","2019-06-17",0,3,"N",2019,"EMMAOR","Incidental","141","B",1,"NAD83 11N",4886769.837,349668.933,1.7,"PIPO",283,0.224951054343865,2019-05-20,140,3,NA,16.6666666666667,12.5,1,"success",1,"168","163",0.514737,1.9236799,165.4450073,45.5554008,9.5629196,56.1748009,54.4147987,54.4147987,1.4373699,80,23,57,5.41575,0,95.5087967,0,0
"722","EMMAOR_NPRONGC1-01A_2019","2019-06-25",999,999,"N",2019,"EMMAOR","Incidental","141","B",1,"NAD83 11N",4886769.837,349668.933,1.7,"PIPO",283,0.224951054343865,2019-05-20,140,3,NA,16.6666666666667,12.5,1,"success",0,"176","168",0.514737,1.9236799,165.4450073,45.5554008,9.5629196,56.1748009,54.4147987,54.4147987,1.4373699,80,23,57,5.41575,0,95.5087967,0,0
"723","EMMAOR_NPRONGC1-01A_2019","2019-07-02",0,3,"N",2019,"EMMAOR","Incidental","141","B",1,"NAD83 11N",4886769.837,349668.933,1.7,"PIPO",283,0.224951054343865,2019-05-20,140,3,NA,16.6666666666667,12.5,1,"success",1,"183","176",0.514737,1.9236799,165.4450073,45.5554008,9.5629196,56.1748009,54.4147987,54.4147987,1.4373699,80,23,57,5.41575,0,95.5087967,0,0
"724","EMMAOR_NPRONGC1-01A_2019","2019-07-09",0,0,"F",2019,"EMMAOR","Incidental","141","B",1,"NAD83 11N",4886769.837,349668.933,1.7,"PIPO",283,0.224951054343865,2019-05-20,140,3,NA,16.6666666666667,12.5,1,"success",1,"190","183",0.514737,1.9236799,165.4450073,45.5554008,9.5629196,56.1748009,54.4147987,54.4147987,1.4373699,80,23,57,5.41575,0,95.5087967,0,0
"725","EMMAOR_NPRONGC2-01A_2015","2015-06-02",5,0,"I",2015,"EMMAOR","EMMAOR_PRONGC2","EMMAOR_PRONGC2","HB",1,"NAD83 11N",4887461.483,352339.482,1.65,"PIPO",244,-0.438371146789078,2015-05-27,147,2,1,91.6666666666667,2.5,1,"success",1,"153",NA,1.27653,9.7970505,258.355011,28.7031002,20.3871994,47.9319,42.2117996,42.2117996,5.7494898,101,52,49,16.0706005,19.6539001,77.4834976,0,32.6797981
"726","EMMAOR_NPRONGC2-01A_2015","2015-06-29",999,999,"N",2015,"EMMAOR","EMMAOR_PRONGC2","EMMAOR_PRONGC2","HB",1,"NAD83 11N",4887461.483,352339.482,1.65,"PIPO",244,-0.438371146789078,2015-05-27,147,2,1,91.6666666666667,2.5,1,"success",0,"180","153",1.27653,9.7970505,258.355011,28.7031002,20.3871994,47.9319,42.2117996,42.2117996,5.7494898,101,52,49,16.0706005,19.6539001,77.4834976,0,32.6797981
"727","EMMAOR_NPRONGC2-01A_2015","2015-07-06",999,999,"N",2015,"EMMAOR","EMMAOR_PRONGC2","EMMAOR_PRONGC2","HB",1,"NAD83 11N",4887461.483,352339.482,1.65,"PIPO",244,-0.438371146789078,2015-05-27,147,2,1,91.6666666666667,2.5,1,"success",0,"187","180",1.27653,9.7970505,258.355011,28.7031002,20.3871994,47.9319,42.2117996,42.2117996,5.7494898,101,52,49,16.0706005,19.6539001,77.4834976,0,32.6797981
"728","EMMAOR_NPRONGC2-01A_2015","2015-07-07",0,0,"F",2015,"EMMAOR","EMMAOR_PRONGC2","EMMAOR_PRONGC2","HB",1,"NAD83 11N",4887461.483,352339.482,1.65,"PIPO",244,-0.438371146789078,2015-05-27,147,2,1,91.6666666666667,2.5,1,"success",1,"188","187",1.27653,9.7970505,258.355011,28.7031002,20.3871994,47.9319,42.2117996,42.2117996,5.7494898,101,52,49,16.0706005,19.6539001,77.4834976,0,32.6797981
"729","EMMAOR_NPRONGC2-01A_2019","2019-06-13",2,0,"I",2019,"EMMAOR","EMMAOR_PRONGC2","EMMAOR_PRONGC2","HB",5,"NAD83 11N",4887585.366,352375.871,1.7,"PIPO",215,-0.819152044288992,NA,NA,0,0,41.6666666666667,0,0.8,"failure",1,"164",NA,1.3839999,12.2357998,280.0159912,28.6798992,20.2992001,47.4919014,40.3637009,40.3637009,6.42417,94,49,45,19.4848995,18.5685005,72.8172989,0,32.2627983
"730","EMMAOR_NPRONGC2-01A_2019","2019-06-25",0,0,"I",2019,"EMMAOR","EMMAOR_PRONGC2","EMMAOR_PRONGC2","HB",5,"NAD83 11N",4887585.366,352375.871,1.7,"PIPO",215,-0.819152044288992,NA,NA,0,0,41.6666666666667,0,0.8,"failure",1,"176","164",1.3839999,12.2357998,280.0159912,28.6798992,20.2992001,47.4919014,40.3637009,40.3637009,6.42417,94,49,45,19.4848995,18.5685005,72.8172989,0,32.2627983
"731","EMMAOR_NPRONGC2-01A_2019","2019-07-02",0,0,"I",2019,"EMMAOR","EMMAOR_PRONGC2","EMMAOR_PRONGC2","HB",5,"NAD83 11N",4887585.366,352375.871,1.7,"PIPO",215,-0.819152044288992,NA,NA,0,0,41.6666666666667,0,0.8,"failure",1,"183","176",1.3839999,12.2357998,280.0159912,28.6798992,20.2992001,47.4919014,40.3637009,40.3637009,6.42417,94,49,45,19.4848995,18.5685005,72.8172989,0,32.2627983
"732","EMMAOR_NPRONGC2-08A_2019","2019-06-13",3,0,"I",2019,"EMMAOR","EMMAOR_PRONGC2","EMMAOR_PRONGC2","HB",10,"NAD83 11N",4887485.011,353234.03,2.4,"PIPO",232,-0.615661475325658,2019-06-01,152,0,0,75,10,0.769230769230769,"failure",1,"164",NA,1.88308,36.634201,429.5859985,26.3316994,23.9365997,45.9958992,41.1557999,41.1557999,16.5151005,93,54,39,38.9754982,6.42417,65.7923965,0,42.8972015
"733","EMMAOR_NPRONGC2-08A_2019","2019-06-25",0,2,"N",2019,"EMMAOR","EMMAOR_PRONGC2","EMMAOR_PRONGC2","HB",10,"NAD83 11N",4887485.011,353234.03,2.4,"PIPO",232,-0.615661475325658,2019-06-01,152,0,0,75,10,0.769230769230769,"failure",1,"176","164",1.88308,36.634201,429.5859985,26.3316994,23.9365997,45.9958992,41.1557999,41.1557999,16.5151005,93,54,39,38.9754982,6.42417,65.7923965,0,42.8972015
"734","EMMAOR_NPRONGC2-08A_2019","2019-07-02",0,0,"N",2019,"EMMAOR","EMMAOR_PRONGC2","EMMAOR_PRONGC2","HB",10,"NAD83 11N",4887485.011,353234.03,2.4,"PIPO",232,-0.615661475325658,2019-06-01,152,0,0,75,10,0.769230769230769,"failure",1,"183","176",1.88308,36.634201,429.5859985,26.3316994,23.9365997,45.9958992,41.1557999,41.1557999,16.5151005,93,54,39,38.9754982,6.42417,65.7923965,0,42.8972015
"735","EMMAOR_NRATT1-01A_2014","2014-07-16",0,1,"N",2014,"EMMAOR","EMMAOR_RATT1","EMMAOR_RATT1","H",1,"NAD83 11N",4849213.193,352594.087,1.6,"PIPO",285,0.25881904510252,2014-06-06,157,2,1,91.6666666666667,25,0.761904761904762,"success",1,"197",NA,2.1129501,23.5692997,318.6640015,19.9400997,30.3020992,51.1879997,40.7158012,40.7158012,13.875,81,37,44,25.9573002,11.323,0,0,1.92889
"736","EMMAOR_NRATT1-03A_2017","2017-06-30",0,3,"N",2017,"EMMAOR","EMMAOR_RATT1","EMMAOR_RATT1","U",1,"NAD83 11N",4848063.592,352797.908,1.9,"JUOC",274,0.0697564737441252,2017-05-30,150,3,2,75,37.5,0.0833333333333333,"success",1,"181",NA,3.6900001,49.4729004,352.2399902,13.7931995,39.6890984,43.1212006,33.4408989,33.4408989,23.6140003,70,37,33,74.7591019,2.4640701,0,0,0
"737","EMMAOR_NRATT1-03A_2017","2017-07-10",0,1,"N",2017,"EMMAOR","EMMAOR_RATT1","EMMAOR_RATT1","U",1,"NAD83 11N",4848063.592,352797.908,1.9,"JUOC",274,0.0697564737441252,2017-05-30,150,3,2,75,37.5,0.0833333333333333,"success",1,"191","181",3.6900001,49.4729004,352.2399902,13.7931995,39.6890984,43.1212006,33.4408989,33.4408989,23.6140003,70,37,33,74.7591019,2.4640701,0,0,0
"738","EMMAOR_NRATT1-03A_2017","2017-07-18",0,0,"F",2017,"EMMAOR","EMMAOR_RATT1","EMMAOR_RATT1","U",1,"NAD83 11N",4848063.592,352797.908,1.9,"JUOC",274,0.0697564737441252,2017-05-30,150,3,2,75,37.5,0.0833333333333333,"success",1,"199","191",3.6900001,49.4729004,352.2399902,13.7931995,39.6890984,43.1212006,33.4408989,33.4408989,23.6140003,70,37,33,74.7591019,2.4640701,0,0,0
"739","EMMAOR_NRATT1-07A_2016","2016-07-05",0,3,"N",2016,"EMMAOR","EMMAOR_RATT1","EMMAOR_RATT1","U",1,"NAD83 11N",4847730.361,353534.287,1.8,"JUOC",356,0.997564050259824,2016-05-27,148,3,NA,108.333333333333,2.5,0.357142857142857,"success",1,"187",NA,3.2423699,30.0426006,287.5,13.2985001,40.1584015,46.0251999,40.9798012,40.9798012,16.7497997,79,41,38,49.5295982,5.33881,0,0,1.235
"740","EMMAOR_NRATT1-07A_2016","2016-07-11",999,999,"F",2016,"EMMAOR","EMMAOR_RATT1","EMMAOR_RATT1","U",1,"NAD83 11N",4847730.361,353534.287,1.8,"JUOC",356,0.997564050259824,2016-05-27,148,3,NA,108.333333333333,2.5,0.357142857142857,"success",0,"193","187",3.2423699,30.0426006,287.5,13.2985001,40.1584015,46.0251999,40.9798012,40.9798012,16.7497997,79,41,38,49.5295982,5.33881,0,0,1.235
"741","EMMAOR_NRATT1-07A_2016","2016-07-14",999,999,"F",2016,"EMMAOR","EMMAOR_RATT1","EMMAOR_RATT1","U",1,"NAD83 11N",4847730.361,353534.287,1.8,"JUOC",356,0.997564050259824,2016-05-27,148,3,NA,108.333333333333,2.5,0.357142857142857,"success",0,"196","193",3.2423699,30.0426006,287.5,13.2985001,40.1584015,46.0251999,40.9798012,40.9798012,16.7497997,79,41,38,49.5295982,5.33881,0,0,1.235
"742","EMMAOR_NRATT1-10A_2015","2015-06-25",1,3,"N",2015,"EMMAOR","EMMAOR_RATT1","EMMAOR_RATT1","U",9,"NAD83 11N",4846902.468,353460.279,2,"JUOC",232,-0.615661475325658,NA,NA,0,0,75,25,0.0526315789473684,"failure",1,"176",NA,4.2670598,108.8639984,495.1029968,13.9039001,47.2865982,41.4197998,40.8917999,28.9234009,40.8917999,79,45,34,136.7059937,0.146671,0,0,0.21326
"743","EMMAOR_NRATT1-10A_2015","2015-07-02",999,999,"N",2015,"EMMAOR","EMMAOR_RATT1","EMMAOR_RATT1","U",9,"NAD83 11N",4846902.468,353460.279,2,"JUOC",232,-0.615661475325658,NA,NA,0,0,75,25,0.0526315789473684,"failure",0,"183","176",4.2670598,108.8639984,495.1029968,13.9039001,47.2865982,41.4197998,40.8917999,28.9234009,40.8917999,79,45,34,136.7059937,0.146671,0,0,0.21326
"744","EMMAOR_NRATT1-10A_2015","2015-07-07",0,0,"N",2015,"EMMAOR","EMMAOR_RATT1","EMMAOR_RATT1","U",9,"NAD83 11N",4846902.468,353460.279,2,"JUOC",232,-0.615661475325658,NA,NA,0,0,75,25,0.0526315789473684,"failure",1,"188","183",4.2670598,108.8639984,495.1029968,13.9039001,47.2865982,41.4197998,40.8917999,28.9234009,40.8917999,79,45,34,136.7059937,0.146671,0,0,0.21326
"745","EMMAOR_NRATT1-10A_2016","2016-06-20",2,2,"N",2016,"EMMAOR","EMMAOR_RATT1","EMMAOR_RATT1","U",1,"NAD83 11N",4846748.238,353431.286,1.5,"JUOC",109,-0.325568154457157,2016-05-27,148,2,NA,108.333333333333,27.5,0.0416666666666667,"success",1,"172",NA,5.046,129.8370056,497.2980042,14.4579,49.3400002,39.8944016,45.6731987,23.7019997,45.6731987,77,47,30,182.6230011,0.616016,0,0,0.71299
"746","EMMAOR_NRATT1-10A_2016","2016-06-22",0,2,"N",2016,"EMMAOR","EMMAOR_RATT1","EMMAOR_RATT1","U",1,"NAD83 11N",4846748.238,353431.286,1.5,"JUOC",109,-0.325568154457157,2016-05-27,148,2,NA,108.333333333333,27.5,0.0416666666666667,"success",1,"174","172",5.046,129.8370056,497.2980042,14.4579,49.3400002,39.8944016,45.6731987,23.7019997,45.6731987,77,47,30,182.6230011,0.616016,0,0,0.71299
"747","EMMAOR_NRATT1-10A_2016","2016-06-24",0,2,"N",2016,"EMMAOR","EMMAOR_RATT1","EMMAOR_RATT1","U",1,"NAD83 11N",4846748.238,353431.286,1.5,"JUOC",109,-0.325568154457157,2016-05-27,148,2,NA,108.333333333333,27.5,0.0416666666666667,"success",1,"176","174",5.046,129.8370056,497.2980042,14.4579,49.3400002,39.8944016,45.6731987,23.7019997,45.6731987,77,47,30,182.6230011,0.616016,0,0,0.71299
"748","EMMAOR_NRATT1-10A_2016","2016-06-28",0,2,"N",2016,"EMMAOR","EMMAOR_RATT1","EMMAOR_RATT1","U",1,"NAD83 11N",4846748.238,353431.286,1.5,"JUOC",109,-0.325568154457157,2016-05-27,148,2,NA,108.333333333333,27.5,0.0416666666666667,"success",1,"180","176",5.046,129.8370056,497.2980042,14.4579,49.3400002,39.8944016,45.6731987,23.7019997,45.6731987,77,47,30,182.6230011,0.616016,0,0,0.71299
"749","EMMAOR_NRATT1-10A_2016","2016-06-30",0,2,"N",2016,"EMMAOR","EMMAOR_RATT1","EMMAOR_RATT1","U",1,"NAD83 11N",4846748.238,353431.286,1.5,"JUOC",109,-0.325568154457157,2016-05-27,148,2,NA,108.333333333333,27.5,0.0416666666666667,"success",1,"182","180",5.046,129.8370056,497.2980042,14.4579,49.3400002,39.8944016,45.6731987,23.7019997,45.6731987,77,47,30,182.6230011,0.616016,0,0,0.71299
"750","EMMAOR_NRATT1-10A_2016","2016-07-05",0,2,"N",2016,"EMMAOR","EMMAOR_RATT1","EMMAOR_RATT1","U",1,"NAD83 11N",4846748.238,353431.286,1.5,"JUOC",109,-0.325568154457157,2016-05-27,148,2,NA,108.333333333333,27.5,0.0416666666666667,"success",1,"187","182",5.046,129.8370056,497.2980042,14.4579,49.3400002,39.8944016,45.6731987,23.7019997,45.6731987,77,47,30,182.6230011,0.616016,0,0,0.71299
"751","EMMAOR_NRATT1-10A_2016","2016-07-14",999,999,"F",2016,"EMMAOR","EMMAOR_RATT1","EMMAOR_RATT1","U",1,"NAD83 11N",4846748.238,353431.286,1.5,"JUOC",109,-0.325568154457157,2016-05-27,148,2,NA,108.333333333333,27.5,0.0416666666666667,"success",0,"196","187",5.046,129.8370056,497.2980042,14.4579,49.3400002,39.8944016,45.6731987,23.7019997,45.6731987,77,47,30,182.6230011,0.616016,0,0,0.71299
"752","EMMAOR_NRATT1-10A_2017","2017-06-08",4,0,"I",2017,"EMMAOR","EMMAOR_RATT1","EMMAOR_RATT1","U",1,"NAD83 11N",4846902.468,353460.279,2,"JUOC",232,-0.615661475325658,2017-05-26,146,1,NA,75,25,0.0526315789473684,"success",1,"159",NA,4.2670598,108.8639984,495.1029968,13.9039001,47.2865982,41.4197998,40.8917999,28.9234009,40.8917999,79,45,34,136.7059937,0.146671,0,0,0.21326
"753","EMMAOR_NRATT1-10A_2017","2017-06-14",3,1,"N",2017,"EMMAOR","EMMAOR_RATT1","EMMAOR_RATT1","U",1,"NAD83 11N",4846902.468,353460.279,2,"JUOC",232,-0.615661475325658,2017-05-26,146,1,NA,75,25,0.0526315789473684,"success",1,"165","159",4.2670598,108.8639984,495.1029968,13.9039001,47.2865982,41.4197998,40.8917999,28.9234009,40.8917999,79,45,34,136.7059937,0.146671,0,0,0.21326
"754","EMMAOR_NRATT1-10A_2017","2017-06-20",1,1,"N",2017,"EMMAOR","EMMAOR_RATT1","EMMAOR_RATT1","U",1,"NAD83 11N",4846902.468,353460.279,2,"JUOC",232,-0.615661475325658,2017-05-26,146,1,NA,75,25,0.0526315789473684,"success",1,"171","165",4.2670598,108.8639984,495.1029968,13.9039001,47.2865982,41.4197998,40.8917999,28.9234009,40.8917999,79,45,34,136.7059937,0.146671,0,0,0.21326
"755","EMMAOR_NRATT1-10A_2017","2017-06-22",999,999,"N",2017,"EMMAOR","EMMAOR_RATT1","EMMAOR_RATT1","U",1,"NAD83 11N",4846902.468,353460.279,2,"JUOC",232,-0.615661475325658,2017-05-26,146,1,NA,75,25,0.0526315789473684,"success",0,"173","171",4.2670598,108.8639984,495.1029968,13.9039001,47.2865982,41.4197998,40.8917999,28.9234009,40.8917999,79,45,34,136.7059937,0.146671,0,0,0.21326
"756","EMMAOR_NRATT1-10A_2017","2017-06-30",0,1,"N",2017,"EMMAOR","EMMAOR_RATT1","EMMAOR_RATT1","U",1,"NAD83 11N",4846902.468,353460.279,2,"JUOC",232,-0.615661475325658,2017-05-26,146,1,NA,75,25,0.0526315789473684,"success",1,"181","173",4.2670598,108.8639984,495.1029968,13.9039001,47.2865982,41.4197998,40.8917999,28.9234009,40.8917999,79,45,34,136.7059937,0.146671,0,0,0.21326
"757","EMMAOR_NRATT1-10A_2017","2017-07-10",0,0,"F",2017,"EMMAOR","EMMAOR_RATT1","EMMAOR_RATT1","U",1,"NAD83 11N",4846902.468,353460.279,2,"JUOC",232,-0.615661475325658,2017-05-26,146,1,NA,75,25,0.0526315789473684,"success",1,"191","181",4.2670598,108.8639984,495.1029968,13.9039001,47.2865982,41.4197998,40.8917999,28.9234009,40.8917999,79,45,34,136.7059937,0.146671,0,0,0.21326
"758","EMMAOR_NRATT2-10A_2017","2017-06-20",0,3,"N",2017,"EMMAOR","EMMAOR_RATT2","EMMAOR_RATT2","U",1,"NAD83 11N",4844297.097,351756.632,3.7,"JUOC",350,0.984807753012208,2017-05-27,147,3,NA,41.6666666666667,27.5,0.6875,"success",1,"171",NA,9.3690004,162.7429962,404.6029968,19.7719994,61.0736008,28.2780991,56.8787994,5.72015,56.8787994,88,68,20,297.8819885,0,0,0,0
"759","EMMAOR_NRATT2-10A_2017","2017-06-30",0,3,"N",2017,"EMMAOR","EMMAOR_RATT2","EMMAOR_RATT2","U",1,"NAD83 11N",4844297.097,351756.632,3.7,"JUOC",350,0.984807753012208,2017-05-27,147,3,NA,41.6666666666667,27.5,0.6875,"success",1,"181","171",9.3690004,162.7429962,404.6029968,19.7719994,61.0736008,28.2780991,56.8787994,5.72015,56.8787994,88,68,20,297.8819885,0,0,0,0
"760","EMMAOR_NRATT2-10A_2017","2017-07-10",0,0,"F",2017,"EMMAOR","EMMAOR_RATT2","EMMAOR_RATT2","U",1,"NAD83 11N",4844297.097,351756.632,3.7,"JUOC",350,0.984807753012208,2017-05-27,147,3,NA,41.6666666666667,27.5,0.6875,"success",1,"191","181",9.3690004,162.7429962,404.6029968,19.7719994,61.0736008,28.2780991,56.8787994,5.72015,56.8787994,88,68,20,297.8819885,0,0,0,0
"761","EMMAOR_NRATT2-10A_2019","2019-06-06",4,0,"I",2019,"EMMAOR","EMMAOR_RATT2","EMMAOR_RATT2","U",2,"NAD83 11N",4844259.953,351709.674,1.9,"PIPO",135,-0.707106781186547,2019-05-30,150,0,0,75,5,0.545454545454545,"failure",1,"157",NA,10.6306,152.7389984,365.6199951,20.0345993,58.9029007,27.6620998,54.0920982,7.06952,54.0920982,79,62,17,289.6600037,0,0,0,0
"762","EMMAOR_NRATT2-10A_2019","2019-06-20",0,4,"N",2019,"EMMAOR","EMMAOR_RATT2","EMMAOR_RATT2","U",2,"NAD83 11N",4844259.953,351709.674,1.9,"PIPO",135,-0.707106781186547,2019-05-30,150,0,0,75,5,0.545454545454545,"failure",1,"171","157",10.6306,152.7389984,365.6199951,20.0345993,58.9029007,27.6620998,54.0920982,7.06952,54.0920982,79,62,17,289.6600037,0,0,0,0
"763","EMMAOR_NRATT2-10A_2019","2019-06-28",999,999,"N",2019,"EMMAOR","EMMAOR_RATT2","EMMAOR_RATT2","U",2,"NAD83 11N",4844259.953,351709.674,1.9,"PIPO",135,-0.707106781186547,2019-05-30,150,0,0,75,5,0.545454545454545,"failure",0,"179","171",10.6306,152.7389984,365.6199951,20.0345993,58.9029007,27.6620998,54.0920982,7.06952,54.0920982,79,62,17,289.6600037,0,0,0,0
"764","EMMAOR_NRATT2-10A_2019","2019-07-02",999,999,"N",2019,"EMMAOR","EMMAOR_RATT2","EMMAOR_RATT2","U",2,"NAD83 11N",4844259.953,351709.674,1.9,"PIPO",135,-0.707106781186547,2019-05-30,150,0,0,75,5,0.545454545454545,"failure",0,"183","179",10.6306,152.7389984,365.6199951,20.0345993,58.9029007,27.6620998,54.0920982,7.06952,54.0920982,79,62,17,289.6600037,0,0,0,0
"765","EMMAOR_NSAGEC1-08A_2019","2019-06-25",0,3,"N",2019,"EMMAOR","EMMAOR_SAGEC1","EMMAOR_SAGEC1","H",1,"NAD83 11N",4856206.835,330529.985,1.5,"PIPO",92,-0.034899496702501,2019-06-06,157,3,NA,41.6666666666667,12.5,0.833333333333333,"success",1,"176",NA,1.038,38.1124001,597.6389771,17.2492008,25.3740005,42.4757996,24.3766003,24.3766003,17.6884995,117,42,75,19.4850006,41.7131004,0,0,41.1400986
"766","EMMAOR_NSAGEC1-08A_2019","2019-07-03",999,999,"N",2019,"EMMAOR","EMMAOR_SAGEC1","EMMAOR_SAGEC1","H",1,"NAD83 11N",4856206.835,330529.985,1.5,"PIPO",92,-0.034899496702501,2019-06-06,157,3,NA,41.6666666666667,12.5,0.833333333333333,"success",0,"184","176",1.038,38.1124001,597.6389771,17.2492008,25.3740005,42.4757996,24.3766003,24.3766003,17.6884995,117,42,75,19.4850006,41.7131004,0,0,41.1400986
"767","EMMAOR_NSAGEC1-08A_2019","2019-07-10",0,3,"N",2019,"EMMAOR","EMMAOR_SAGEC1","EMMAOR_SAGEC1","H",1,"NAD83 11N",4856206.835,330529.985,1.5,"PIPO",92,-0.034899496702501,2019-06-06,157,3,NA,41.6666666666667,12.5,0.833333333333333,"success",1,"191","184",1.038,38.1124001,597.6389771,17.2492008,25.3740005,42.4757996,24.3766003,24.3766003,17.6884995,117,42,75,19.4850006,41.7131004,0,0,41.1400986
"768","EMMAOR_NSAGEC1-08A_2019","2019-07-12",0,3,"N",2019,"EMMAOR","EMMAOR_SAGEC1","EMMAOR_SAGEC1","H",1,"NAD83 11N",4856206.835,330529.985,1.5,"PIPO",92,-0.034899496702501,2019-06-06,157,3,NA,41.6666666666667,12.5,0.833333333333333,"success",1,"193","191",1.038,38.1124001,597.6389771,17.2492008,25.3740005,42.4757996,24.3766003,24.3766003,17.6884995,117,42,75,19.4850006,41.7131004,0,0,41.1400986
"769","EMMAOR_NSAGEC1-08A_2019","2019-07-18",0,0,"F",2019,"EMMAOR","EMMAOR_SAGEC1","EMMAOR_SAGEC1","H",1,"NAD83 11N",4856206.835,330529.985,1.5,"PIPO",92,-0.034899496702501,2019-06-06,157,3,NA,41.6666666666667,12.5,0.833333333333333,"success",1,"199","193",1.038,38.1124001,597.6389771,17.2492008,25.3740005,42.4757996,24.3766003,24.3766003,17.6884995,117,42,75,19.4850006,41.7131004,0,0,41.1400986
"770","EMMAOR_NSAGEC1-09A_2015","2015-06-11",5,0,"I",2015,"EMMAOR","EMMAOR_SAGEC1","EMMAOR_SAGEC1","U",7,"NAD83 11N",4856921.342,329632.768,1.1,"JUOC",18,0.951056516295154,2015-05-29,149,0,0,50,17.5,0.769230769230769,"failure",1,"162",NA,3.3699999,100.7639999,537.5889893,15.4568996,39.5424004,48.0199013,43.2092018,43.2092018,36.0223007,81,45,36,57.6329994,21.7071991,0,0,21.4214993
"771","EMMAOR_NSAGEC1-09A_2015","2015-06-22",999,999,"N",2015,"EMMAOR","EMMAOR_SAGEC1","EMMAOR_SAGEC1","U",7,"NAD83 11N",4856921.342,329632.768,1.1,"JUOC",18,0.951056516295154,2015-05-29,149,0,0,50,17.5,0.769230769230769,"failure",0,"173","162",3.3699999,100.7639999,537.5889893,15.4568996,39.5424004,48.0199013,43.2092018,43.2092018,36.0223007,81,45,36,57.6329994,21.7071991,0,0,21.4214993
"772","EMMAOR_NSAGEC1-09A_2015","2015-06-23",0,2,"N",2015,"EMMAOR","EMMAOR_SAGEC1","EMMAOR_SAGEC1","U",7,"NAD83 11N",4856921.342,329632.768,1.1,"JUOC",18,0.951056516295154,2015-05-29,149,0,0,50,17.5,0.769230769230769,"failure",1,"174","173",3.3699999,100.7639999,537.5889893,15.4568996,39.5424004,48.0199013,43.2092018,43.2092018,36.0223007,81,45,36,57.6329994,21.7071991,0,0,21.4214993
"773","EMMAOR_NSAGEC1-09A_2015","2015-07-02",999,999,"N",2015,"EMMAOR","EMMAOR_SAGEC1","EMMAOR_SAGEC1","U",7,"NAD83 11N",4856921.342,329632.768,1.1,"JUOC",18,0.951056516295154,2015-05-29,149,0,0,50,17.5,0.769230769230769,"failure",0,"183","174",3.3699999,100.7639999,537.5889893,15.4568996,39.5424004,48.0199013,43.2092018,43.2092018,36.0223007,81,45,36,57.6329994,21.7071991,0,0,21.4214993
"774","EMMAOR_NSAGEC1-09A_2015","2015-07-07",0,0,"N",2015,"EMMAOR","EMMAOR_SAGEC1","EMMAOR_SAGEC1","U",7,"NAD83 11N",4856921.342,329632.768,1.1,"JUOC",18,0.951056516295154,2015-05-29,149,0,0,50,17.5,0.769230769230769,"failure",1,"188","183",3.3699999,100.7639999,537.5889893,15.4568996,39.5424004,48.0199013,43.2092018,43.2092018,36.0223007,81,45,36,57.6329994,21.7071991,0,0,21.4214993
"775","EMMAOR_NSAGEC1-09A_2019","2019-06-25",0,3,"N",2019,"EMMAOR","EMMAOR_SAGEC1","EMMAOR_SAGEC1","U",1,"NAD83 11N",4857106.555,329517.852,1.3,"JUOC",9,0.987688340595138,2019-05-18,138,3,NA,16.6666666666667,7.5,0,"success",1,"176",NA,4.6893101,108.064003,469.5180054,13.7470999,44.3237991,44.7639008,39.4543991,20.6219006,39.4543991,90,61,29,95.8572006,22.6753006,0,0,22.6979008
"776","EMMAOR_NSAGEC1-09A_2019","2019-07-03",0,0,"F",2019,"EMMAOR","EMMAOR_SAGEC1","EMMAOR_SAGEC1","U",1,"NAD83 11N",4857106.555,329517.852,1.3,"JUOC",9,0.987688340595138,2019-05-18,138,3,NA,16.6666666666667,7.5,0,"success",1,"184","176",4.6893101,108.064003,469.5180054,13.7470999,44.3237991,44.7639008,39.4543991,20.6219006,39.4543991,90,61,29,95.8572006,22.6753006,0,0,22.6979008
"777","EMMAOR_NSAGEC1-10A_2015","2015-05-27",0,0,"E",2015,"EMMAOR","EMMAOR_SAGEC1","EMMAOR_SAGEC1","H",9,"NAD83 11N",4856070.314,330814.221,0.8,"PIPO",101,-0.190808995376545,2015-05-28,148,0,0,0,35,1,"failure",1,"147",NA,2.4696,47.9818001,429.2900085,31.4356995,20.1231995,43.9718018,35.3182983,35.3182983,17.7178001,58,33,25,13.5450001,37.0489998,0,0,19.8682003
"778","EMMAOR_NSAGEC1-10A_2015","2015-06-09",5,0,"I",2015,"EMMAOR","EMMAOR_SAGEC1","EMMAOR_SAGEC1","H",9,"NAD83 11N",4856070.314,330814.221,0.8,"PIPO",101,-0.190808995376545,2015-05-28,148,0,0,0,35,1,"failure",1,"160","147",2.4696,47.9818001,429.2900085,31.4356995,20.1231995,43.9718018,35.3182983,35.3182983,17.7178001,58,33,25,13.5450001,37.0489998,0,0,19.8682003
"779","EMMAOR_NSAGEC1-10A_2015","2015-06-22",999,999,"N",2015,"EMMAOR","EMMAOR_SAGEC1","EMMAOR_SAGEC1","H",9,"NAD83 11N",4856070.314,330814.221,0.8,"PIPO",101,-0.190808995376545,2015-05-28,148,0,0,0,35,1,"failure",0,"173","160",2.4696,47.9818001,429.2900085,31.4356995,20.1231995,43.9718018,35.3182983,35.3182983,17.7178001,58,33,25,13.5450001,37.0489998,0,0,19.8682003
"780","EMMAOR_NSAGEC1-10A_2015","2015-06-23",0,4,"N",2015,"EMMAOR","EMMAOR_SAGEC1","EMMAOR_SAGEC1","H",9,"NAD83 11N",4856070.314,330814.221,0.8,"PIPO",101,-0.190808995376545,2015-05-28,148,0,0,0,35,1,"failure",1,"174","173",2.4696,47.9818001,429.2900085,31.4356995,20.1231995,43.9718018,35.3182983,35.3182983,17.7178001,58,33,25,13.5450001,37.0489998,0,0,19.8682003
"781","EMMAOR_NSAGEC1-10A_2015","2015-07-02",999,999,"N",2015,"EMMAOR","EMMAOR_SAGEC1","EMMAOR_SAGEC1","H",9,"NAD83 11N",4856070.314,330814.221,0.8,"PIPO",101,-0.190808995376545,2015-05-28,148,0,0,0,35,1,"failure",0,"183","174",2.4696,47.9818001,429.2900085,31.4356995,20.1231995,43.9718018,35.3182983,35.3182983,17.7178001,58,33,25,13.5450001,37.0489998,0,0,19.8682003
"782","EMMAOR_NSAGEC1-10A_2015","2015-07-07",0,0,"N",2015,"EMMAOR","EMMAOR_SAGEC1","EMMAOR_SAGEC1","H",9,"NAD83 11N",4856070.314,330814.221,0.8,"PIPO",101,-0.190808995376545,2015-05-28,148,0,0,0,35,1,"failure",1,"188","183",2.4696,47.9818001,429.2900085,31.4356995,20.1231995,43.9718018,35.3182983,35.3182983,17.7178001,58,33,25,13.5450001,37.0489998,0,0,19.8682003
"783","EMMAOR_NSAGEC1-10A_2019","2019-06-25",0,2,"N",2019,"EMMAOR","EMMAOR_SAGEC1","EMMAOR_SAGEC1","U",1,"NAD83 11N",4856957.158,329982.535,0.9,"JUOC",75,0.258819045102521,2019-05-20,140,2,NA,91.6666666666667,10,0.666666666666667,"success",1,"176",NA,3.9445701,117.0510025,535.4810181,15.6667004,44.9985008,40.6571007,41.4197998,26.7819996,41.4197998,89,54,35,72.7930984,28.8353996,0,0,28.6532993
"784","EMMAOR_NSAGEC1-10A_2019","2019-07-03",0,0,"F",2019,"EMMAOR","EMMAOR_SAGEC1","EMMAOR_SAGEC1","U",1,"NAD83 11N",4856957.158,329982.535,0.9,"JUOC",75,0.258819045102521,2019-05-20,140,2,NA,91.6666666666667,10,0.666666666666667,"success",1,"184","176",3.9445701,117.0510025,535.4810181,15.6667004,44.9985008,40.6571007,41.4197998,26.7819996,41.4197998,89,54,35,72.7930984,28.8353996,0,0,28.6532993
"785","EMMAOR_NSAGEC1-10B_2015","2015-06-23",0,1,"N",2015,"EMMAOR","EMMAOR_SAGEC1","EMMAOR_SAGEC1","H",1,"NAD83 11N",4857145.252,330264.429,3.35,"JUOC",0,1,2015-05-25,145,1,NA,75,15,0.0666666666666667,"success",1,"174",NA,4.4767699,116.9469986,501.230011,15.6639996,45.2332001,33.9981995,41.5078011,24.1420002,41.5078011,91,60,31,98.1119003,28.4540997,0,0,28.3349991
"786","EMMAOR_NSAGEC1-10B_2015","2015-07-02",999,999,"N",2015,"EMMAOR","EMMAOR_SAGEC1","EMMAOR_SAGEC1","H",1,"NAD83 11N",4857145.252,330264.429,3.35,"JUOC",0,1,2015-05-25,145,1,NA,75,15,0.0666666666666667,"success",0,"183","174",4.4767699,116.9469986,501.230011,15.6639996,45.2332001,33.9981995,41.5078011,24.1420002,41.5078011,91,60,31,98.1119003,28.4540997,0,0,28.3349991
"787","EMMAOR_NSAGEC1-10B_2015","2015-07-07",0,0,"F",2015,"EMMAOR","EMMAOR_SAGEC1","EMMAOR_SAGEC1","H",1,"NAD83 11N",4857145.252,330264.429,3.35,"JUOC",0,1,2015-05-25,145,1,NA,75,15,0.0666666666666667,"success",1,"188","183",4.4767699,116.9469986,501.230011,15.6639996,45.2332001,33.9981995,41.5078011,24.1420002,41.5078011,91,60,31,98.1119003,28.4540997,0,0,28.3349991
"788","EMMAOR_NUPCA1-04A_2016","2016-06-28",0,3,"N",2016,"EMMAOR","EMMAOR_UPCA1","EMMAOR_UPCA1","U",1,"NAD83 11N",4848506.178,363895.579,12.5,"PIPO",127,-0.601815023152048,2016-05-27,148,3,NA,58.3333333333333,12.5,0.846153846153846,"success",1,"180",NA,5.2827301,151.5279999,526.1530151,22.8894005,56.8202019,23.4085999,52.948101,9.82693,52.948101,123,90,33,187.227005,0,0,0,0
"789","EMMAOR_NUPCA1-04A_2016","2016-07-05",999,999,"N",2016,"EMMAOR","EMMAOR_UPCA1","EMMAOR_UPCA1","U",1,"NAD83 11N",4848506.178,363895.579,12.5,"PIPO",127,-0.601815023152048,2016-05-27,148,3,NA,58.3333333333333,12.5,0.846153846153846,"success",0,"187","180",5.2827301,151.5279999,526.1530151,22.8894005,56.8202019,23.4085999,52.948101,9.82693,52.948101,123,90,33,187.227005,0,0,0,0
"790","EMMAOR_NUPCA1-04A_2016","2016-07-11",999,999,"F",2016,"EMMAOR","EMMAOR_UPCA1","EMMAOR_UPCA1","U",1,"NAD83 11N",4848506.178,363895.579,12.5,"PIPO",127,-0.601815023152048,2016-05-27,148,3,NA,58.3333333333333,12.5,0.846153846153846,"success",0,"193","187",5.2827301,151.5279999,526.1530151,22.8894005,56.8202019,23.4085999,52.948101,9.82693,52.948101,123,90,33,187.227005,0,0,0,0
"791","EMMAOR_NUPCA1-04A_2017","2017-06-27",0,3,"N",2017,"EMMAOR","EMMAOR_UPCA1","EMMAOR_UPCA1","U",1,"NAD83 11N",4848613.578,363814.907,1.7,"JUOC",222,-0.743144825477394,2017-05-23,143,3,NA,33.3333333333333,22.5,0.230769230769231,"success",1,"178",NA,5.5574999,156.6490021,521.4110107,25.1679993,57.9641991,22.8806,54.3853989,9.5042496,54.3853989,110,78,32,186.4329987,0,0,0,0
"792","EMMAOR_NUPCA1-04A_2017","2017-07-10",0,0,"F",2017,"EMMAOR","EMMAOR_UPCA1","EMMAOR_UPCA1","U",1,"NAD83 11N",4848613.578,363814.907,1.7,"JUOC",222,-0.743144825477394,2017-05-23,143,3,NA,33.3333333333333,22.5,0.230769230769231,"success",1,"191","178",5.5574999,156.6490021,521.4110107,25.1679993,57.9641991,22.8806,54.3853989,9.5042496,54.3853989,110,78,32,186.4329987,0,0,0,0
"793","EMMAOR_NUPCA1-05A_2017","2017-06-07",4,0,"I",2017,"EMMAOR","EMMAOR_UPCA1","EMMAOR_UPCA1","U",1,"NAD83 11N",4848256.718,363865.878,8.6,"PIPO",324,0.809016994374947,2017-05-22,142,3,NA,0,10,0.666666666666667,"success",1,"158",NA,3.4102199,124,594.6530151,17.3805008,51.1293983,25.843399,45.4091988,12.1737003,45.4091988,140,94,46,124.6539993,0,0,0,0
"794","EMMAOR_NUPCA1-05A_2017","2017-06-14",0,3,"N",2017,"EMMAOR","EMMAOR_UPCA1","EMMAOR_UPCA1","U",1,"NAD83 11N",4848256.718,363865.878,8.6,"PIPO",324,0.809016994374947,2017-05-22,142,3,NA,0,10,0.666666666666667,"success",1,"165","158",3.4102199,124,594.6530151,17.3805008,51.1293983,25.843399,45.4091988,12.1737003,45.4091988,140,94,46,124.6539993,0,0,0,0
"795","EMMAOR_NUPCA1-05A_2017","2017-06-27",0,3,"N",2017,"EMMAOR","EMMAOR_UPCA1","EMMAOR_UPCA1","U",1,"NAD83 11N",4848256.718,363865.878,8.6,"PIPO",324,0.809016994374947,2017-05-22,142,3,NA,0,10,0.666666666666667,"success",1,"178","165",3.4102199,124,594.6530151,17.3805008,51.1293983,25.843399,45.4091988,12.1737003,45.4091988,140,94,46,124.6539993,0,0,0,0
"796","EMMAOR_NUPCA1-05A_2017","2017-07-10",0,0,"F",2017,"EMMAOR","EMMAOR_UPCA1","EMMAOR_UPCA1","U",1,"NAD83 11N",4848256.718,363865.878,8.6,"PIPO",324,0.809016994374947,2017-05-22,142,3,NA,0,10,0.666666666666667,"success",1,"191","178",3.4102199,124,594.6530151,17.3805008,51.1293983,25.843399,45.4091988,12.1737003,45.4091988,140,94,46,124.6539993,0,0,0,0
"797","EMMAOR_NUPCA1-08A_2017","2017-06-07",4,0,"I",2017,"EMMAOR","EMMAOR_UPCA1","EMMAOR_UPCA1","U",1,"NAD83 11N",4847678.418,364305.555,2.1,"PIPO",144,-0.809016994374947,2017-05-22,142,3,NA,41.6666666666667,20,1,"success",1,"158",NA,8.0955,140.6609955,404.6629944,15.5065002,52.7720985,27.9846992,49.1640015,11.5283003,49.1640015,113,93,20,200.4530029,0,0,0,0
"798","EMMAOR_NUPCA1-08A_2017","2017-06-14",0,3,"N",2017,"EMMAOR","EMMAOR_UPCA1","EMMAOR_UPCA1","U",1,"NAD83 11N",4847678.418,364305.555,2.1,"PIPO",144,-0.809016994374947,2017-05-22,142,3,NA,41.6666666666667,20,1,"success",1,"165","158",8.0955,140.6609955,404.6629944,15.5065002,52.7720985,27.9846992,49.1640015,11.5283003,49.1640015,113,93,20,200.4530029,0,0,0,0
"799","EMMAOR_NUPCA1-08A_2017","2017-06-27",0,3,"N",2017,"EMMAOR","EMMAOR_UPCA1","EMMAOR_UPCA1","U",1,"NAD83 11N",4847678.418,364305.555,2.1,"PIPO",144,-0.809016994374947,2017-05-22,142,3,NA,41.6666666666667,20,1,"success",1,"178","165",8.0955,140.6609955,404.6629944,15.5065002,52.7720985,27.9846992,49.1640015,11.5283003,49.1640015,113,93,20,200.4530029,0,0,0,0
"800","EMMAOR_NUPCA1-08A_2017","2017-07-10",0,0,"F",2017,"EMMAOR","EMMAOR_UPCA1","EMMAOR_UPCA1","U",1,"NAD83 11N",4847678.418,364305.555,2.1,"PIPO",144,-0.809016994374947,2017-05-22,142,3,NA,41.6666666666667,20,1,"success",1,"191","178",8.0955,140.6609955,404.6629944,15.5065002,52.7720985,27.9846992,49.1640015,11.5283003,49.1640015,113,93,20,200.4530029,0,0,0,0
"801","EMMAOR_NUPCB1-04A_2017","2017-06-08",4,0,"I",2017,"EMMAOR","EMMAOR_UPCB1","EMMAOR_UPCB1","U",1,"NAD83 11N",4853667.145,362519.688,2.2,"PIPO",352,0.99026806874157,2017-05-24,144,2,NA,25,25,1,"success",1,"159",NA,1.0701801,25.5223007,478.0020142,14.8276997,19.1844997,36.9609985,26.8994007,26.8994007,12.467,115,60,55,28.2154999,0,0,0,0
"802","EMMAOR_NUPCB1-04A_2017","2017-06-14",1,3,"N",2017,"EMMAOR","EMMAOR_UPCB1","EMMAOR_UPCB1","U",1,"NAD83 11N",4853667.145,362519.688,2.2,"PIPO",352,0.99026806874157,2017-05-24,144,2,NA,25,25,1,"success",1,"165","159",1.0701801,25.5223007,478.0020142,14.8276997,19.1844997,36.9609985,26.8994007,26.8994007,12.467,115,60,55,28.2154999,0,0,0,0
"803","EMMAOR_NUPCB1-04A_2017","2017-06-26",1,2,"N",2017,"EMMAOR","EMMAOR_UPCB1","EMMAOR_UPCB1","U",1,"NAD83 11N",4853667.145,362519.688,2.2,"PIPO",352,0.99026806874157,2017-05-24,144,2,NA,25,25,1,"success",1,"177","165",1.0701801,25.5223007,478.0020142,14.8276997,19.1844997,36.9609985,26.8994007,26.8994007,12.467,115,60,55,28.2154999,0,0,0,0
"804","EMMAOR_NUPCB1-04A_2017","2017-07-10",0,0,"F",2017,"EMMAOR","EMMAOR_UPCB1","EMMAOR_UPCB1","U",1,"NAD83 11N",4853667.145,362519.688,2.2,"PIPO",352,0.99026806874157,2017-05-24,144,2,NA,25,25,1,"success",1,"191","177",1.0701801,25.5223007,478.0020142,14.8276997,19.1844997,36.9609985,26.8994007,26.8994007,12.467,115,60,55,28.2154999,0,0,0,0
"805","EMMAOR_NUPCB1-07A_2017","2017-06-08",3,0,"I",2017,"EMMAOR","EMMAOR_UPCB1","EMMAOR_UPCB1","U",1,"NAD83 11N",4852252.149,362828.866,2.9,"JUOC",226,-0.694658370458997,2017-06-01,152,2,NA,58.3333333333333,12.5,0,"success",1,"159",NA,1.77545,43.2905998,483.5580139,15.7058001,25.4619999,40.0997009,29.8034992,29.8034992,18.8617992,73,29,44,43.4864998,0,0,0,0
"806","EMMAOR_NUPCB1-07A_2017","2017-06-14",3,0,"I",2017,"EMMAOR","EMMAOR_UPCB1","EMMAOR_UPCB1","U",1,"NAD83 11N",4852252.149,362828.866,2.9,"JUOC",226,-0.694658370458997,2017-06-01,152,2,NA,58.3333333333333,12.5,0,"success",1,"165","159",1.77545,43.2905998,483.5580139,15.7058001,25.4619999,40.0997009,29.8034992,29.8034992,18.8617992,73,29,44,43.4864998,0,0,0,0
"807","EMMAOR_NUPCB1-07A_2017","2017-06-26",0,2,"N",2017,"EMMAOR","EMMAOR_UPCB1","EMMAOR_UPCB1","U",1,"NAD83 11N",4852252.149,362828.866,2.9,"JUOC",226,-0.694658370458997,2017-06-01,152,2,NA,58.3333333333333,12.5,0,"success",1,"177","165",1.77545,43.2905998,483.5580139,15.7058001,25.4619999,40.0997009,29.8034992,29.8034992,18.8617992,73,29,44,43.4864998,0,0,0,0
"808","EMMAOR_NUPCB1-07A_2017","2017-07-10",0,2,"N",2017,"EMMAOR","EMMAOR_UPCB1","EMMAOR_UPCB1","U",1,"NAD83 11N",4852252.149,362828.866,2.9,"JUOC",226,-0.694658370458997,2017-06-01,152,2,NA,58.3333333333333,12.5,0,"success",1,"191","177",1.77545,43.2905998,483.5580139,15.7058001,25.4619999,40.0997009,29.8034992,29.8034992,18.8617992,73,29,44,43.4864998,0,0,0,0
"809","EMMAOR_NUPCB1-07A_2017","2017-07-18",0,0,"F",2017,"EMMAOR","EMMAOR_UPCB1","EMMAOR_UPCB1","U",1,"NAD83 11N",4852252.149,362828.866,2.9,"JUOC",226,-0.694658370458997,2017-06-01,152,2,NA,58.3333333333333,12.5,0,"success",1,"199","191",1.77545,43.2905998,483.5580139,15.7058001,25.4619999,40.0997009,29.8034992,29.8034992,18.8617992,73,29,44,43.4864998,0,0,0,0
"810","EMMAOR_NUPCB1-07A_2019","2019-06-28",0,3,"N",2019,"EMMAOR","EMMAOR_UPCB1","EMMAOR_UPCB1","U",1,"NAD83 11N",4852252.149,362828.866,2.9,"JUOC",226,-0.694658370458997,2019-05-30,150,3,NA,58.3333333333333,12.5,0,"success",1,"179",NA,1.77545,43.2905998,483.5580139,15.7058001,25.4619999,40.0997009,29.8034992,29.8034992,18.8617992,73,29,44,43.4864998,0,0,0,0
"811","EMMAOR_NUPCB1-07A_2019","2019-07-10",0,3,"N",2019,"EMMAOR","EMMAOR_UPCB1","EMMAOR_UPCB1","U",1,"NAD83 11N",4852252.149,362828.866,2.9,"JUOC",226,-0.694658370458997,2019-05-30,150,3,NA,58.3333333333333,12.5,0,"success",1,"191","179",1.77545,43.2905998,483.5580139,15.7058001,25.4619999,40.0997009,29.8034992,29.8034992,18.8617992,73,29,44,43.4864998,0,0,0,0
"812","EMMAOR_NUPCB1-07A_2019","2019-07-12",0,0,"F",2019,"EMMAOR","EMMAOR_UPCB1","EMMAOR_UPCB1","U",1,"NAD83 11N",4852252.149,362828.866,2.9,"JUOC",226,-0.694658370458997,2019-05-30,150,3,NA,58.3333333333333,12.5,0,"success",1,"193","191",1.77545,43.2905998,483.5580139,15.7058001,25.4619999,40.0997009,29.8034992,29.8034992,18.8617992,73,29,44,43.4864998,0,0,0,0
"813","EMMAOR_NWOLFC1-01A_2017","2017-06-27",0,3,"N",2017,"EMMAOR","EMMAOR_WOLFC1","EMMAOR_WOLFC1","U",1,"NAD83 11N",4879992.787,367088.285,1.75,"JUOC",160,-0.939692620785908,2017-05-25,145,3,NA,91.6666666666667,5,0.538461538461538,"success",1,"178",NA,0.973448,28.5303993,532.0579834,10.3900995,27.6033993,35.0542984,15.4590998,13.875,15.4590998,155,68,87,42.4832001,0,0,0,0
"814","EMMAOR_NWOLFC1-01A_2017","2017-07-05",0,3,"N",2017,"EMMAOR","EMMAOR_WOLFC1","EMMAOR_WOLFC1","U",1,"NAD83 11N",4879992.787,367088.285,1.75,"JUOC",160,-0.939692620785908,2017-05-25,145,3,NA,91.6666666666667,5,0.538461538461538,"success",1,"186","178",0.973448,28.5303993,532.0579834,10.3900995,27.6033993,35.0542984,15.4590998,13.875,15.4590998,155,68,87,42.4832001,0,0,0,0
"815","EMMAOR_NWOLFC1-01A_2017","2017-07-11",0,0,"F",2017,"EMMAOR","EMMAOR_WOLFC1","EMMAOR_WOLFC1","U",1,"NAD83 11N",4879992.787,367088.285,1.75,"JUOC",160,-0.939692620785908,2017-05-25,145,3,NA,91.6666666666667,5,0.538461538461538,"success",1,"192","186",0.973448,28.5303993,532.0579834,10.3900995,27.6033993,35.0542984,15.4590998,13.875,15.4590998,155,68,87,42.4832001,0,0,0,0
"816","EMMAOR_NWOLFC1-01A_2019","2019-06-06",7,0,"I",2019,"EMMAOR","EMMAOR_WOLFC1","EMMAOR_WOLFC1","U",1,"NAD83 11N",4880001.914,366985.59,3.2,"PIPO",154,-0.898794046299167,2019-05-22,142,3,NA,41.6666666666667,5,0.125,"success",1,"157",NA,0.998276,28.1140003,521.177002,10.6569996,28.3073997,34.8782997,25.5499992,25.5499992,15.4590998,153,66,87,43.0797997,0,0,0,0
"817","EMMAOR_NWOLFC1-01A_2019","2019-06-12",3,3,"N",2019,"EMMAOR","EMMAOR_WOLFC1","EMMAOR_WOLFC1","U",1,"NAD83 11N",4880001.914,366985.59,3.2,"PIPO",154,-0.898794046299167,2019-05-22,142,3,NA,41.6666666666667,5,0.125,"success",1,"163","157",0.998276,28.1140003,521.177002,10.6569996,28.3073997,34.8782997,25.5499992,25.5499992,15.4590998,153,66,87,43.0797997,0,0,0,0
"818","EMMAOR_NWOLFC1-01A_2019","2019-06-18",1,3,"N",2019,"EMMAOR","EMMAOR_WOLFC1","EMMAOR_WOLFC1","U",1,"NAD83 11N",4880001.914,366985.59,3.2,"PIPO",154,-0.898794046299167,2019-05-22,142,3,NA,41.6666666666667,5,0.125,"success",1,"169","163",0.998276,28.1140003,521.177002,10.6569996,28.3073997,34.8782997,25.5499992,25.5499992,15.4590998,153,66,87,43.0797997,0,0,0,0
"819","EMMAOR_NWOLFC1-01A_2019","2019-06-27",999,999,"N",2019,"EMMAOR","EMMAOR_WOLFC1","EMMAOR_WOLFC1","U",1,"NAD83 11N",4880001.914,366985.59,3.2,"PIPO",154,-0.898794046299167,2019-05-22,142,3,NA,41.6666666666667,5,0.125,"success",0,"178","169",0.998276,28.1140003,521.177002,10.6569996,28.3073997,34.8782997,25.5499992,25.5499992,15.4590998,153,66,87,43.0797997,0,0,0,0
"820","EMMAOR_NWOLFC1-01A_2019","2019-07-03",0,3,"N",2019,"EMMAOR","EMMAOR_WOLFC1","EMMAOR_WOLFC1","U",1,"NAD83 11N",4880001.914,366985.59,3.2,"PIPO",154,-0.898794046299167,2019-05-22,142,3,NA,41.6666666666667,5,0.125,"success",1,"184","178",0.998276,28.1140003,521.177002,10.6569996,28.3073997,34.8782997,25.5499992,25.5499992,15.4590998,153,66,87,43.0797997,0,0,0,0
"821","EMMAOR_NWOLFC1-01A_2019","2019-07-09",0,0,"F",2019,"EMMAOR","EMMAOR_WOLFC1","EMMAOR_WOLFC1","U",1,"NAD83 11N",4880001.914,366985.59,3.2,"PIPO",154,-0.898794046299167,2019-05-22,142,3,NA,41.6666666666667,5,0.125,"success",1,"190","184",0.998276,28.1140003,521.177002,10.6569996,28.3073997,34.8782997,25.5499992,25.5499992,15.4590998,153,66,87,43.0797997,0,0,0,0
"822","EMMAOR_NWOLFC1-03A_2015","2015-06-16",4,1,"N",2015,"EMMAOR","EMMAOR_WOLFC1","EMMAOR_WOLFC1","U",1,"NAD83 11N",4879188.367,367281.861,5.1,"JUOC",266,-0.0697564737441256,2015-05-28,148,3,NA,33.3333333333333,17.5,0.181818181818182,"success",1,"167",NA,0.481818,8.7551298,414.3789978,11.2033997,15.5471001,30.0088005,23.4673004,23.4673004,5.2801399,153,54,99,12.3739004,0,0,0,0
"823","EMMAOR_NWOLFC1-03A_2015","2015-06-22",1,3,"N",2015,"EMMAOR","EMMAOR_WOLFC1","EMMAOR_WOLFC1","U",1,"NAD83 11N",4879188.367,367281.861,5.1,"JUOC",266,-0.0697564737441256,2015-05-28,148,3,NA,33.3333333333333,17.5,0.181818181818182,"success",1,"173","167",0.481818,8.7551298,414.3789978,11.2033997,15.5471001,30.0088005,23.4673004,23.4673004,5.2801399,153,54,99,12.3739004,0,0,0,0
"824","EMMAOR_NWOLFC1-03A_2015","2015-06-30",0,3,"N",2015,"EMMAOR","EMMAOR_WOLFC1","EMMAOR_WOLFC1","U",1,"NAD83 11N",4879188.367,367281.861,5.1,"JUOC",266,-0.0697564737441256,2015-05-28,148,3,NA,33.3333333333333,17.5,0.181818181818182,"success",1,"181","173",0.481818,8.7551298,414.3789978,11.2033997,15.5471001,30.0088005,23.4673004,23.4673004,5.2801399,153,54,99,12.3739004,0,0,0,0
"825","EMMAOR_NWOLFC1-03A_2015","2015-07-07",999,999,"N",2015,"EMMAOR","EMMAOR_WOLFC1","EMMAOR_WOLFC1","U",1,"NAD83 11N",4879188.367,367281.861,5.1,"JUOC",266,-0.0697564737441256,2015-05-28,148,3,NA,33.3333333333333,17.5,0.181818181818182,"success",0,"188","181",0.481818,8.7551298,414.3789978,11.2033997,15.5471001,30.0088005,23.4673004,23.4673004,5.2801399,153,54,99,12.3739004,0,0,0,0
"826","EMMAOR_NWOLFC1-03A_2015","2015-07-10",999,999,"N",2015,"EMMAOR","EMMAOR_WOLFC1","EMMAOR_WOLFC1","U",1,"NAD83 11N",4879188.367,367281.861,5.1,"JUOC",266,-0.0697564737441256,2015-05-28,148,3,NA,33.3333333333333,17.5,0.181818181818182,"success",0,"191","188",0.481818,8.7551298,414.3789978,11.2033997,15.5471001,30.0088005,23.4673004,23.4673004,5.2801399,153,54,99,12.3739004,0,0,0,0
"827","EMMAOR_NWOLFC1-03A_2015","2015-07-13",999,999,"F",2015,"EMMAOR","EMMAOR_WOLFC1","EMMAOR_WOLFC1","U",1,"NAD83 11N",4879188.367,367281.861,5.1,"JUOC",266,-0.0697564737441256,2015-05-28,148,3,NA,33.3333333333333,17.5,0.181818181818182,"success",0,"194","191",0.481818,8.7551298,414.3789978,11.2033997,15.5471001,30.0088005,23.4673004,23.4673004,5.2801399,153,54,99,12.3739004,0,0,0,0
"828","EMMAOR_NWOLFC1-03A_2016","2016-06-29",0,2,"N",2016,"EMMAOR","EMMAOR_WOLFC1","EMMAOR_WOLFC1","U",1,"NAD83 11N",4879557.212,367317.396,5.1,"PIPO",162,-0.951056516295154,2016-05-28,149,3,NA,33.3333333333333,22.5,0.714285714285714,"success",1,"181",NA,0.879775,28.7978992,563.322998,8.8896399,25.5207005,30.5660992,22.9393005,22.9393005,14.8724003,157,68,89,36.493,0,0,0,0
"829","EMMAOR_NWOLFC1-03A_2016","2016-07-05",0,2,"N",2016,"EMMAOR","EMMAOR_WOLFC1","EMMAOR_WOLFC1","U",1,"NAD83 11N",4879557.212,367317.396,5.1,"PIPO",162,-0.951056516295154,2016-05-28,149,3,NA,33.3333333333333,22.5,0.714285714285714,"success",1,"187","181",0.879775,28.7978992,563.322998,8.8896399,25.5207005,30.5660992,22.9393005,22.9393005,14.8724003,157,68,89,36.493,0,0,0,0
"830","EMMAOR_NWOLFC1-03A_2016","2016-07-07",0,3,"N",2016,"EMMAOR","EMMAOR_WOLFC1","EMMAOR_WOLFC1","U",1,"NAD83 11N",4879557.212,367317.396,5.1,"PIPO",162,-0.951056516295154,2016-05-28,149,3,NA,33.3333333333333,22.5,0.714285714285714,"success",1,"189","187",0.879775,28.7978992,563.322998,8.8896399,25.5207005,30.5660992,22.9393005,22.9393005,14.8724003,157,68,89,36.493,0,0,0,0
"831","EMMAOR_NWOLFC1-03A_2016","2016-07-12",0,0,"F",2016,"EMMAOR","EMMAOR_WOLFC1","EMMAOR_WOLFC1","U",1,"NAD83 11N",4879557.212,367317.396,5.1,"PIPO",162,-0.951056516295154,2016-05-28,149,3,NA,33.3333333333333,22.5,0.714285714285714,"success",1,"194","189",0.879775,28.7978992,563.322998,8.8896399,25.5207005,30.5660992,22.9393005,22.9393005,14.8724003,157,68,89,36.493,0,0,0,0
"832","EMMAOR_NWOLFC1-03A_2019","2019-06-18",0,4,"N",2019,"EMMAOR","EMMAOR_WOLFC1","EMMAOR_WOLFC1","U",1,"NAD83 11N",4879574.644,367147.885,2.4,"PIPO",111,-0.3583679495453,2019-05-28,148,4,NA,50,0,0.571428571428571,"success",1,"169",NA,0.80234,30.4080009,607.4459839,9.2994604,24.5820007,31.3582001,25.2567005,25.2567005,15.1070995,158,64,94,39.1517982,0,0,0,0
"833","EMMAOR_NWOLFC1-03A_2019","2019-06-27",999,999,"N",2019,"EMMAOR","EMMAOR_WOLFC1","EMMAOR_WOLFC1","U",1,"NAD83 11N",4879574.644,367147.885,2.4,"PIPO",111,-0.3583679495453,2019-05-28,148,4,NA,50,0,0.571428571428571,"success",0,"178","169",0.80234,30.4080009,607.4459839,9.2994604,24.5820007,31.3582001,25.2567005,25.2567005,15.1070995,158,64,94,39.1517982,0,0,0,0
"834","EMMAOR_NWOLFC1-03A_2019","2019-07-09",0,1,"N",2019,"EMMAOR","EMMAOR_WOLFC1","EMMAOR_WOLFC1","U",1,"NAD83 11N",4879574.644,367147.885,2.4,"PIPO",111,-0.3583679495453,2019-05-28,148,4,NA,50,0,0.571428571428571,"success",1,"190","178",0.80234,30.4080009,607.4459839,9.2994604,24.5820007,31.3582001,25.2567005,25.2567005,15.1070995,158,64,94,39.1517982,0,0,0,0
"835","EMMAOR_NWOLFC1-03A_2019","2019-07-11",0,0,"F",2019,"EMMAOR","EMMAOR_WOLFC1","EMMAOR_WOLFC1","U",1,"NAD83 11N",4879574.644,367147.885,2.4,"PIPO",111,-0.3583679495453,2019-05-28,148,4,NA,50,0,0.571428571428571,"success",1,"192","190",0.80234,30.4080009,607.4459839,9.2994604,24.5820007,31.3582001,25.2567005,25.2567005,15.1070995,158,64,94,39.1517982,0,0,0,0
"836","EMMAOR_NWOLFC1-07A_2015","2015-06-04",4,0,"I",2015,"EMMAOR","EMMAOR_WOLFC1","EMMAOR_WOLFC1","U",1,"NAD83 11N",4879271.611,368392.155,3.1,"JUOC",295,0.4226182617407,2015-05-25,145,3,NA,0,5,0,"success",1,"155",NA,0.772597,11.7553997,377.0339966,16.7716999,19.3899002,41.9477997,26.6646996,26.6646996,7.4801998,138,61,77,10.4024,0,0,0,0
"837","EMMAOR_NWOLFC1-07A_2015","2015-06-22",0,3,"N",2015,"EMMAOR","EMMAOR_WOLFC1","EMMAOR_WOLFC1","U",1,"NAD83 11N",4879271.611,368392.155,3.1,"JUOC",295,0.4226182617407,2015-05-25,145,3,NA,0,5,0,"success",1,"173","155",0.772597,11.7553997,377.0339966,16.7716999,19.3899002,41.9477997,26.6646996,26.6646996,7.4801998,138,61,77,10.4024,0,0,0,0
"838","EMMAOR_NWOLFC1-07A_2015","2015-06-30",0,3,"N",2015,"EMMAOR","EMMAOR_WOLFC1","EMMAOR_WOLFC1","U",1,"NAD83 11N",4879271.611,368392.155,3.1,"JUOC",295,0.4226182617407,2015-05-25,145,3,NA,0,5,0,"success",1,"181","173",0.772597,11.7553997,377.0339966,16.7716999,19.3899002,41.9477997,26.6646996,26.6646996,7.4801998,138,61,77,10.4024,0,0,0,0
"839","EMMAOR_NWOLFC1-07A_2015","2015-07-07",999,999,"F",2015,"EMMAOR","EMMAOR_WOLFC1","EMMAOR_WOLFC1","U",1,"NAD83 11N",4879271.611,368392.155,3.1,"JUOC",295,0.4226182617407,2015-05-25,145,3,NA,0,5,0,"success",0,"188","181",0.772597,11.7553997,377.0339966,16.7716999,19.3899002,41.9477997,26.6646996,26.6646996,7.4801998,138,61,77,10.4024,0,0,0,0
"840","EMMAOR_NWOLFC1-07A_2017","2017-06-19",1,2,"N",2017,"EMMAOR","EMMAOR_WOLFC1","EMMAOR_WOLFC1","U",1,"NAD83 11N",4879271.611,368392.155,3.1,"JUOC",295,0.4226182617407,2017-05-18,138,1,NA,0,5,0,"success",1,"170",NA,0.772597,11.7553997,377.0339966,16.7716999,19.3899002,41.9477997,26.6646996,26.6646996,7.4801998,138,61,77,10.4024,0,0,0,0
"841","EMMAOR_NWOLFC1-07A_2017","2017-06-27",0,1,"N",2017,"EMMAOR","EMMAOR_WOLFC1","EMMAOR_WOLFC1","U",1,"NAD83 11N",4879271.611,368392.155,3.1,"JUOC",295,0.4226182617407,2017-05-18,138,1,NA,0,5,0,"success",1,"178","170",0.772597,11.7553997,377.0339966,16.7716999,19.3899002,41.9477997,26.6646996,26.6646996,7.4801998,138,61,77,10.4024,0,0,0,0
"842","EMMAOR_NWOLFC1-07A_2017","2017-07-05",0,0,"F",2017,"EMMAOR","EMMAOR_WOLFC1","EMMAOR_WOLFC1","U",1,"NAD83 11N",4879271.611,368392.155,3.1,"JUOC",295,0.4226182617407,2017-05-18,138,1,NA,0,5,0,"success",1,"186","178",0.772597,11.7553997,377.0339966,16.7716999,19.3899002,41.9477997,26.6646996,26.6646996,7.4801998,138,61,77,10.4024,0,0,0,0
"843","EMMAOR_NWOLFC1-08A_2019","2019-06-18",0,3,"N",2019,"EMMAOR","EMMAOR_WOLFC1","EMMAOR_WOLFC1","U",9,"NAD83 11N",4879054.458,368660.357,3.5,"JUOC",40,0.766044443118978,2019-05-17,137,0,0,75,25,0.263157894736842,"failure",1,"169",NA,0.567108,7.7663298,356.2950134,23.5477009,15.3416996,44.7345009,29.3048,29.3048,5.72015,131,48,83,6.8281598,0,0,0,0
"844","EMMAOR_NWOLFC1-08A_2019","2019-06-26",0,0,"N",2019,"EMMAOR","EMMAOR_WOLFC1","EMMAOR_WOLFC1","U",9,"NAD83 11N",4879054.458,368660.357,3.5,"JUOC",40,0.766044443118978,2019-05-17,137,0,0,75,25,0.263157894736842,"failure",1,"177","169",0.567108,7.7663298,356.2950134,23.5477009,15.3416996,44.7345009,29.3048,29.3048,5.72015,131,48,83,6.8281598,0,0,0,0
"845","EMMAOR_NWOLFC2-01A_2017","2017-06-29",0,3,"N",2017,"EMMAOR","EMMAOR_WOLFC2","EMMAOR_WOLFC2","U",1,"NAD83 11N",4878029.842,369744.386,3,"JUOC",106,-0.275637355816999,2017-05-23,143,3,NA,66.6666666666667,2.5,0.444444444444444,"success",1,"180",NA,1.5189199,69.3992004,668.5040283,15.8332996,32.1795006,33.2061996,26.9580994,9.6215897,26.9580994,128,63,65,43.8353004,0,0,0,0
"846","EMMAOR_NWOLFC2-01A_2017","2017-07-06",0,0,"F",2017,"EMMAOR","EMMAOR_WOLFC2","EMMAOR_WOLFC2","U",1,"NAD83 11N",4878029.842,369744.386,3,"JUOC",106,-0.275637355816999,2017-05-23,143,3,NA,66.6666666666667,2.5,0.444444444444444,"success",1,"187","180",1.5189199,69.3992004,668.5040283,15.8332996,32.1795006,33.2061996,26.9580994,9.6215897,26.9580994,128,63,65,43.8353004,0,0,0,0
"847","EMMAOR_NWOLFC2-02A_2015","2015-06-30",999,999,"N",2015,"EMMAOR","EMMAOR_WOLFC2","EMMAOR_WOLFC2","U",1,"NAD83 11N",4877733.656,369893.774,9,"JUOC",173,-0.992546151641322,2015-05-28,148,1,NA,8.33333333333333,27.5,0.5,"success",0,"181",NA,2.0536399,85.2910004,636.6450195,15.9289999,36.8143005,32.5315018,31.9741993,7.4215298,31.9741993,125,70,55,50.0219994,0,0,0,0
"848","EMMAOR_NWOLFC2-02A_2015","2015-07-07",999,999,"N",2015,"EMMAOR","EMMAOR_WOLFC2","EMMAOR_WOLFC2","U",1,"NAD83 11N",4877733.656,369893.774,9,"JUOC",173,-0.992546151641322,2015-05-28,148,1,NA,8.33333333333333,27.5,0.5,"success",0,"188","181",2.0536399,85.2910004,636.6450195,15.9289999,36.8143005,32.5315018,31.9741993,7.4215298,31.9741993,125,70,55,50.0219994,0,0,0,0
"849","EMMAOR_NWOLFC2-02A_2015","2015-07-13",999,999,"F",2015,"EMMAOR","EMMAOR_WOLFC2","EMMAOR_WOLFC2","U",1,"NAD83 11N",4877733.656,369893.774,9,"JUOC",173,-0.992546151641322,2015-05-28,148,1,NA,8.33333333333333,27.5,0.5,"success",0,"194","188",2.0536399,85.2910004,636.6450195,15.9289999,36.8143005,32.5315018,31.9741993,7.4215298,31.9741993,125,70,55,50.0219994,0,0,0,0
"850","EMMAOR_NWOLFC2-03A_2016","2016-07-07",0,1,"N",2016,"EMMAOR","EMMAOR_WOLFC2","EMMAOR_WOLFC2","U",1,"NAD83 11N",4877554.946,369554.94,1.5,"JUOC",99,-0.156434465040231,2016-05-30,151,1,NA,66.6666666666667,15,0.133333333333333,"success",1,"189",NA,1.0666699,22.0643997,443.6820068,14.2631998,28.1608009,37.283699,13.2589998,9.70959,13.2589998,147,66,81,16.0261993,0,0,0,0
"851","EMMAOR_NWOLFC2-03A_2016","2016-07-12",0,0,"F",2016,"EMMAOR","EMMAOR_WOLFC2","EMMAOR_WOLFC2","U",1,"NAD83 11N",4877554.946,369554.94,1.5,"JUOC",99,-0.156434465040231,2016-05-30,151,1,NA,66.6666666666667,15,0.133333333333333,"success",1,"194","189",1.0666699,22.0643997,443.6820068,14.2631998,28.1608009,37.283699,13.2589998,9.70959,13.2589998,147,66,81,16.0261993,0,0,0,0
"852","EMMAOR_NWOLFC2-08A_2017","2017-06-29",0,1,"N",2017,"EMMAOR","EMMAOR_WOLFC2","EMMAOR_WOLFC2","U",1,"NAD83 11N",4876099.555,370192.842,4.1,"JUOC",330,0.866025403784438,2017-05-21,141,1,NA,25,12.5,0,"success",1,"180",NA,0.738659,3.4549,191.7619934,17.6772003,19.7418995,45.9371986,41.6837997,41.6837997,2.4347301,122,40,82,10.5255003,3.75477,0,0,0
"853","EMMAOR_NWOLFC2-08A_2017","2017-07-06",0,0,"F",2017,"EMMAOR","EMMAOR_WOLFC2","EMMAOR_WOLFC2","U",1,"NAD83 11N",4876099.555,370192.842,4.1,"JUOC",330,0.866025403784438,2017-05-21,141,1,NA,25,12.5,0,"success",1,"187","180",0.738659,3.4549,191.7619934,17.6772003,19.7418995,45.9371986,41.6837997,41.6837997,2.4347301,122,40,82,10.5255003,3.75477,0,0,0
"854","EMMAOR_NWOLFC2-09A_2015","2015-06-22",0,3,"N",2015,"EMMAOR","EMMAOR_WOLFC2","EMMAOR_WOLFC2","U",1,"NAD83 11N",4875925.514,370090.691,1.8,"JUOC",251,-0.325568154457157,2015-06-01,152,3,NA,25,25,0.285714285714286,"success",1,"173",NA,0.816164,3.52931,182.3249969,17.8619995,19.4192009,45.6146011,38.1049995,38.1049995,2.4934001,111,38,73,10.8727999,0,0,0,0
"855","EMMAOR_NWOLFC2-09A_2015","2015-07-07",999,999,"N",2015,"EMMAOR","EMMAOR_WOLFC2","EMMAOR_WOLFC2","U",1,"NAD83 11N",4875925.514,370090.691,1.8,"JUOC",251,-0.325568154457157,2015-06-01,152,3,NA,25,25,0.285714285714286,"success",0,"188","173",0.816164,3.52931,182.3249969,17.8619995,19.4192009,45.6146011,38.1049995,38.1049995,2.4934001,111,38,73,10.8727999,0,0,0,0
"856","EMMAOR_NWOLFC2-09A_2015","2015-07-13",999,999,"N",2015,"EMMAOR","EMMAOR_WOLFC2","EMMAOR_WOLFC2","U",1,"NAD83 11N",4875925.514,370090.691,1.8,"JUOC",251,-0.325568154457157,2015-06-01,152,3,NA,25,25,0.285714285714286,"success",0,"194","188",0.816164,3.52931,182.3249969,17.8619995,19.4192009,45.6146011,38.1049995,38.1049995,2.4934001,111,38,73,10.8727999,0,0,0,0
"857","EMMAOR_NWOLFC2-09A_2016","2016-06-27",0,1,"N",2016,"EMMAOR","EMMAOR_WOLFC2","EMMAOR_WOLFC2","U",1,"NAD83 11N",4876044.094,370113.169,2,"JUOC",216,-0.809016994374947,2016-05-27,148,1,NA,75,22.5,0,"success",1,"179",NA,0.772405,3.57743,190.5659943,17.3519993,19.8885002,46.142601,37.4889984,37.4889984,2.6107399,117,38,79,11.3031998,0,0,0,0
"858","EMMAOR_NWOLFC2-09A_2016","2016-06-29",0,1,"N",2016,"EMMAOR","EMMAOR_WOLFC2","EMMAOR_WOLFC2","U",1,"NAD83 11N",4876044.094,370113.169,2,"JUOC",216,-0.809016994374947,2016-05-27,148,1,NA,75,22.5,0,"success",1,"181","179",0.772405,3.57743,190.5659943,17.3519993,19.8885002,46.142601,37.4889984,37.4889984,2.6107399,117,38,79,11.3031998,0,0,0,0
"859","EMMAOR_NWOLFC2-09A_2016","2016-07-05",0,1,"N",2016,"EMMAOR","EMMAOR_WOLFC2","EMMAOR_WOLFC2","U",1,"NAD83 11N",4876044.094,370113.169,2,"JUOC",216,-0.809016994374947,2016-05-27,148,1,NA,75,22.5,0,"success",1,"187","181",0.772405,3.57743,190.5659943,17.3519993,19.8885002,46.142601,37.4889984,37.4889984,2.6107399,117,38,79,11.3031998,0,0,0,0
"860","EMMAOR_NWOLFC2-09A_2016","2016-07-07",0,0,"F",2016,"EMMAOR","EMMAOR_WOLFC2","EMMAOR_WOLFC2","U",1,"NAD83 11N",4876044.094,370113.169,2,"JUOC",216,-0.809016994374947,2016-05-27,148,1,NA,75,22.5,0,"success",1,"189","187",0.772405,3.57743,190.5659943,17.3519993,19.8885002,46.142601,37.4889984,37.4889984,2.6107399,117,38,79,11.3031998,0,0,0,0
"861","EMMAOR_NWOLFTA3-09A_2017","2017-07-06",0,3,"N",2017,"EMMAOR","EMMAOR_WOLFTA3","EMMAOR_WOLFTA3","U",1,"NAD83 11N",4884300.744,359165.343,0.75,"PIPO",100,-0.17364817766693,2017-06-02,153,3,NA,108.333333333333,27.5,0.375,"success",1,"187",NA,5.7327299,108.3219986,423.0280151,57.8713989,61.6603012,6.8641801,45.7025986,0.909358,45.7025986,78,45,33,164.576004,0,0,0,0
"862","EMMAOR_NWOLFTA3-09A_2017","2017-07-12",0,3,"N",2017,"EMMAOR","EMMAOR_WOLFTA3","EMMAOR_WOLFTA3","U",1,"NAD83 11N",4884300.744,359165.343,0.75,"PIPO",100,-0.17364817766693,2017-06-02,153,3,NA,108.333333333333,27.5,0.375,"success",1,"193","187",5.7327299,108.3219986,423.0280151,57.8713989,61.6603012,6.8641801,45.7025986,0.909358,45.7025986,78,45,33,164.576004,0,0,0,0
"863","EMMAOR_NWOLFTA3-09A_2017","2017-07-18",0,0,"F",2017,"EMMAOR","EMMAOR_WOLFTA3","EMMAOR_WOLFTA3","U",1,"NAD83 11N",4884300.744,359165.343,0.75,"PIPO",100,-0.17364817766693,2017-06-02,153,3,NA,108.333333333333,27.5,0.375,"success",1,"199","193",5.7327299,108.3219986,423.0280151,57.8713989,61.6603012,6.8641801,45.7025986,0.909358,45.7025986,78,45,33,164.576004,0,0,0,0
"864","EMMAOR_NWOLFTB1-06A_2015","2015-06-01",999,999,"L",2015,"EMMAOR","EMMAOR_WOLFTB1","EMMAOR_WOLFTB1","H",9,"NAD83 11N",4884957.844,364828.718,1.75,"PSME",159,-0.933580426497202,2015-06-01,152,0,0,16.6666666666667,12.5,0.571428571428571,"failure",0,"152",NA,12.1499996,184.8150024,376.9769897,30.9796009,63.3616982,30.3607998,61.7775993,13.0537004,61.7775993,48,32,16,283.1839905,8.7415705,0,0,0
"865","EMMAOR_NWOLFTB1-06A_2015","2015-06-04",3,0,"L",2015,"EMMAOR","EMMAOR_WOLFTB1","EMMAOR_WOLFTB1","H",9,"NAD83 11N",4884957.844,364828.718,1.75,"PSME",159,-0.933580426497202,2015-06-01,152,0,0,16.6666666666667,12.5,0.571428571428571,"failure",1,"155","152",12.1499996,184.8150024,376.9769897,30.9796009,63.3616982,30.3607998,61.7775993,13.0537004,61.7775993,48,32,16,283.1839905,8.7415705,0,0,0
"866","EMMAOR_NWOLFTB1-06A_2015","2015-06-22",0,4,"N",2015,"EMMAOR","EMMAOR_WOLFTB1","EMMAOR_WOLFTB1","H",9,"NAD83 11N",4884957.844,364828.718,1.75,"PSME",159,-0.933580426497202,2015-06-01,152,0,0,16.6666666666667,12.5,0.571428571428571,"failure",1,"173","155",12.1499996,184.8150024,376.9769897,30.9796009,63.3616982,30.3607998,61.7775993,13.0537004,61.7775993,48,32,16,283.1839905,8.7415705,0,0,0
"867","EMMAOR_NWOLFTB1-06A_2015","2015-06-29",999,999,"N",2015,"EMMAOR","EMMAOR_WOLFTB1","EMMAOR_WOLFTB1","H",9,"NAD83 11N",4884957.844,364828.718,1.75,"PSME",159,-0.933580426497202,2015-06-01,152,0,0,16.6666666666667,12.5,0.571428571428571,"failure",0,"180","173",12.1499996,184.8150024,376.9769897,30.9796009,63.3616982,30.3607998,61.7775993,13.0537004,61.7775993,48,32,16,283.1839905,8.7415705,0,0,0
"868","EMMAOR_NWOLFTB1-06A_2015","2015-07-02",0,0,"N",2015,"EMMAOR","EMMAOR_WOLFTB1","EMMAOR_WOLFTB1","H",9,"NAD83 11N",4884957.844,364828.718,1.75,"PSME",159,-0.933580426497202,2015-06-01,152,0,0,16.6666666666667,12.5,0.571428571428571,"failure",1,"183","180",12.1499996,184.8150024,376.9769897,30.9796009,63.3616982,30.3607998,61.7775993,13.0537004,61.7775993,48,32,16,283.1839905,8.7415705,0,0,0
"869","EMMAOR_NWOLFTB1-06A_2016","2016-06-13",0,4,"N",2016,"EMMAOR","EMMAOR_WOLFTB1","EMMAOR_WOLFTB1","H",9,"NAD83 11N",4884821.049,365000.362,1.3,"Abies",20,0.939692620785908,2016-05-26,147,0,0,25,5,0.4,"failure",1,"165",NA,18.2208996,198.2769928,314.3540039,31.7625008,65.3271027,29.6567993,64.9750977,13.0537004,64.9750977,45,34,11,400.7680054,8.7415705,0,0,0
"870","EMMAOR_NWOLFTB1-06A_2016","2016-06-15",0,4,"N",2016,"EMMAOR","EMMAOR_WOLFTB1","EMMAOR_WOLFTB1","H",9,"NAD83 11N",4884821.049,365000.362,1.3,"Abies",20,0.939692620785908,2016-05-26,147,0,0,25,5,0.4,"failure",1,"167","165",18.2208996,198.2769928,314.3540039,31.7625008,65.3271027,29.6567993,64.9750977,13.0537004,64.9750977,45,34,11,400.7680054,8.7415705,0,0,0
"871","EMMAOR_NWOLFTB1-06A_2016","2016-06-20",0,2,"N",2016,"EMMAOR","EMMAOR_WOLFTB1","EMMAOR_WOLFTB1","H",9,"NAD83 11N",4884821.049,365000.362,1.3,"Abies",20,0.939692620785908,2016-05-26,147,0,0,25,5,0.4,"failure",1,"172","167",18.2208996,198.2769928,314.3540039,31.7625008,65.3271027,29.6567993,64.9750977,13.0537004,64.9750977,45,34,11,400.7680054,8.7415705,0,0,0
"872","EMMAOR_NWOLFTB1-06A_2016","2016-06-23",999,999,"N",2016,"EMMAOR","EMMAOR_WOLFTB1","EMMAOR_WOLFTB1","H",9,"NAD83 11N",4884821.049,365000.362,1.3,"Abies",20,0.939692620785908,2016-05-26,147,0,0,25,5,0.4,"failure",0,"175","172",18.2208996,198.2769928,314.3540039,31.7625008,65.3271027,29.6567993,64.9750977,13.0537004,64.9750977,45,34,11,400.7680054,8.7415705,0,0,0
"873","EMMAOR_NWOLFTB1-06A_2016","2016-06-27",999,999,"N",2016,"EMMAOR","EMMAOR_WOLFTB1","EMMAOR_WOLFTB1","H",9,"NAD83 11N",4884821.049,365000.362,1.3,"Abies",20,0.939692620785908,2016-05-26,147,0,0,25,5,0.4,"failure",0,"179","175",18.2208996,198.2769928,314.3540039,31.7625008,65.3271027,29.6567993,64.9750977,13.0537004,64.9750977,45,34,11,400.7680054,8.7415705,0,0,0
"874","EMMAOR_NWOLFTB1-06A_2016","2016-07-08",999,999,"N",2016,"EMMAOR","EMMAOR_WOLFTB1","EMMAOR_WOLFTB1","H",9,"NAD83 11N",4884821.049,365000.362,1.3,"Abies",20,0.939692620785908,2016-05-26,147,0,0,25,5,0.4,"failure",0,"190","179",18.2208996,198.2769928,314.3540039,31.7625008,65.3271027,29.6567993,64.9750977,13.0537004,64.9750977,45,34,11,400.7680054,8.7415705,0,0,0
"875","EMMAOR_NWOLFTB3-08A_2015","2015-07-02",0,1,"N",2015,"EMMAOR","EMMAOR_WOLFTB3","EMMAOR_WOLFTB3","H",9,"NAD83 11N",4883239.803,365017.59,2.7,"Abies",346,0.970295726275996,2015-06-13,164,0,0,41.6666666666667,10,0,"failure",1,"183",NA,7.5262499,156.3150024,444.6270142,22.5116997,58.8736,33.3529015,54.7374992,16.0457993,54.7374992,79,55,24,143.2180023,6.8348498,0,0,0
"876","EMMAOR_NWOLFTB3-08A_2015","2015-07-10",999,999,"N",2015,"EMMAOR","EMMAOR_WOLFTB3","EMMAOR_WOLFTB3","H",9,"NAD83 11N",4883239.803,365017.59,2.7,"Abies",346,0.970295726275996,2015-06-13,164,0,0,41.6666666666667,10,0,"failure",0,"191","183",7.5262499,156.3150024,444.6270142,22.5116997,58.8736,33.3529015,54.7374992,16.0457993,54.7374992,79,55,24,143.2180023,6.8348498,0,0,0
"877","EMMAOR_NWOLFTB4-10A_2015","2015-06-16",1,2,"N",2015,"EMMAOR","EMMAOR_WOLFTB4","EMMAOR_WOLFTB4","U",7,"NAD83 11N",4880841.728,364839.246,1.2,"PIPO",108,-0.309016994374947,2015-05-28,148,0,0,25,0,0.5,"failure",1,"167",NA,3.91364,64.3108978,392.8420105,17.4633007,42.0945015,31.8568001,27.7206993,16.7203999,27.7206993,99,66,33,115.5289993,0,0,0,0
"878","EMMAOR_NWOLFTB4-10A_2015","2015-06-24",999,999,"N",2015,"EMMAOR","EMMAOR_WOLFTB4","EMMAOR_WOLFTB4","U",7,"NAD83 11N",4880841.728,364839.246,1.2,"PIPO",108,-0.309016994374947,2015-05-28,148,0,0,25,0,0.5,"failure",0,"175","167",3.91364,64.3108978,392.8420105,17.4633007,42.0945015,31.8568001,27.7206993,16.7203999,27.7206993,99,66,33,115.5289993,0,0,0,0
"879","EMMAOR_NWOLFTB4-10A_2015","2015-07-07",999,999,"N",2015,"EMMAOR","EMMAOR_WOLFTB4","EMMAOR_WOLFTB4","U",7,"NAD83 11N",4880841.728,364839.246,1.2,"PIPO",108,-0.309016994374947,2015-05-28,148,0,0,25,0,0.5,"failure",0,"188","175",3.91364,64.3108978,392.8420105,17.4633007,42.0945015,31.8568001,27.7206993,16.7203999,27.7206993,99,66,33,115.5289993,0,0,0,0
"880","EMMAOR_NWOLFTB4-10A_2015","2015-07-08",0,0,"N",2015,"EMMAOR","EMMAOR_WOLFTB4","EMMAOR_WOLFTB4","U",7,"NAD83 11N",4880841.728,364839.246,1.2,"PIPO",108,-0.309016994374947,2015-05-28,148,0,0,25,0,0.5,"failure",1,"189","188",3.91364,64.3108978,392.8420105,17.4633007,42.0945015,31.8568001,27.7206993,16.7203999,27.7206993,99,66,33,115.5289993,0,0,0,0
"881","EMPAID_N1WS05A_2013","2013-06-25",999,999,"E",2013,"EMPAID","EMPAID_1WS","EMPAID_1WS","B",1,"NAD83 11N",4968534.83959,547572.501198,2.5,"PIPO",147,-0.838670567945424,2013-06-27,178,2,NA,116.666666666667,15,0.4,"success",0,"176",NA,1.1316,6.5967202,219.7619934,10.7425003,27.6620998,51.9506989,34.7608986,34.7608986,5.77882,103,28,75,19.5065994,15.4590998,39.803299,0,0
"882","EMPAID_N1WS05A_2013","2013-06-27",999,999,"L",2013,"EMPAID","EMPAID_1WS","EMPAID_1WS","B",1,"NAD83 11N",4968534.83959,547572.501198,2.5,"PIPO",147,-0.838670567945424,2013-06-27,178,2,NA,116.666666666667,15,0.4,"success",0,"178","176",1.1316,6.5967202,219.7619934,10.7425003,27.6620998,51.9506989,34.7608986,34.7608986,5.77882,103,28,75,19.5065994,15.4590998,39.803299,0,0
"883","EMPAID_N1WS05A_2013","2013-07-02",4,0,"I",2013,"EMPAID","EMPAID_1WS","EMPAID_1WS","B",1,"NAD83 11N",4968534.83959,547572.501198,2.5,"PIPO",147,-0.838670567945424,2013-06-27,178,2,NA,116.666666666667,15,0.4,"success",1,"183","178",1.1316,6.5967202,219.7619934,10.7425003,27.6620998,51.9506989,34.7608986,34.7608986,5.77882,103,28,75,19.5065994,15.4590998,39.803299,0,0
"884","EMPAID_N1WS05A_2013","2013-07-08",999,999,"I",2013,"EMPAID","EMPAID_1WS","EMPAID_1WS","B",1,"NAD83 11N",4968534.83959,547572.501198,2.5,"PIPO",147,-0.838670567945424,2013-06-27,178,2,NA,116.666666666667,15,0.4,"success",0,"189","183",1.1316,6.5967202,219.7619934,10.7425003,27.6620998,51.9506989,34.7608986,34.7608986,5.77882,103,28,75,19.5065994,15.4590998,39.803299,0,0
"885","EMPAID_N1WS05A_2013","2013-07-11",4,0,"I",2013,"EMPAID","EMPAID_1WS","EMPAID_1WS","B",1,"NAD83 11N",4968534.83959,547572.501198,2.5,"PIPO",147,-0.838670567945424,2013-06-27,178,2,NA,116.666666666667,15,0.4,"success",1,"192","189",1.1316,6.5967202,219.7619934,10.7425003,27.6620998,51.9506989,34.7608986,34.7608986,5.77882,103,28,75,19.5065994,15.4590998,39.803299,0,0
"886","EMPAID_N1WS05A_2013","2013-07-15",0,4,"N",2013,"EMPAID","EMPAID_1WS","EMPAID_1WS","B",1,"NAD83 11N",4968534.83959,547572.501198,2.5,"PIPO",147,-0.838670567945424,2013-06-27,178,2,NA,116.666666666667,15,0.4,"success",1,"196","192",1.1316,6.5967202,219.7619934,10.7425003,27.6620998,51.9506989,34.7608986,34.7608986,5.77882,103,28,75,19.5065994,15.4590998,39.803299,0,0
"887","EMPAID_N1WS05A_2013","2013-07-16",999,999,"N",2013,"EMPAID","EMPAID_1WS","EMPAID_1WS","B",1,"NAD83 11N",4968534.83959,547572.501198,2.5,"PIPO",147,-0.838670567945424,2013-06-27,178,2,NA,116.666666666667,15,0.4,"success",0,"197","196",1.1316,6.5967202,219.7619934,10.7425003,27.6620998,51.9506989,34.7608986,34.7608986,5.77882,103,28,75,19.5065994,15.4590998,39.803299,0,0
"888","EMPAID_N1WS05A_2013","2013-07-17",999,999,"N",2013,"EMPAID","EMPAID_1WS","EMPAID_1WS","B",1,"NAD83 11N",4968534.83959,547572.501198,2.5,"PIPO",147,-0.838670567945424,2013-06-27,178,2,NA,116.666666666667,15,0.4,"success",0,"198","197",1.1316,6.5967202,219.7619934,10.7425003,27.6620998,51.9506989,34.7608986,34.7608986,5.77882,103,28,75,19.5065994,15.4590998,39.803299,0,0
"889","EMPAID_N1WS05A_2013","2013-07-23",0,3,"N",2013,"EMPAID","EMPAID_1WS","EMPAID_1WS","B",1,"NAD83 11N",4968534.83959,547572.501198,2.5,"PIPO",147,-0.838670567945424,2013-06-27,178,2,NA,116.666666666667,15,0.4,"success",1,"204","198",1.1316,6.5967202,219.7619934,10.7425003,27.6620998,51.9506989,34.7608986,34.7608986,5.77882,103,28,75,19.5065994,15.4590998,39.803299,0,0
"890","EMPAID_N1WS05A_2013","2013-07-29",0,2,"N",2013,"EMPAID","EMPAID_1WS","EMPAID_1WS","B",1,"NAD83 11N",4968534.83959,547572.501198,2.5,"PIPO",147,-0.838670567945424,2013-06-27,178,2,NA,116.666666666667,15,0.4,"success",1,"210","204",1.1316,6.5967202,219.7619934,10.7425003,27.6620998,51.9506989,34.7608986,34.7608986,5.77882,103,28,75,19.5065994,15.4590998,39.803299,0,0
"891","EMPAID_N1WS05A_2013","2013-08-01",0,2,"N",2013,"EMPAID","EMPAID_1WS","EMPAID_1WS","B",1,"NAD83 11N",4968534.83959,547572.501198,2.5,"PIPO",147,-0.838670567945424,2013-06-27,178,2,NA,116.666666666667,15,0.4,"success",1,"213","210",1.1316,6.5967202,219.7619934,10.7425003,27.6620998,51.9506989,34.7608986,34.7608986,5.77882,103,28,75,19.5065994,15.4590998,39.803299,0,0
"892","EMPAID_N1WS05A_2013","2013-08-05",0,2,"N",2013,"EMPAID","EMPAID_1WS","EMPAID_1WS","B",1,"NAD83 11N",4968534.83959,547572.501198,2.5,"PIPO",147,-0.838670567945424,2013-06-27,178,2,NA,116.666666666667,15,0.4,"success",1,"217","213",1.1316,6.5967202,219.7619934,10.7425003,27.6620998,51.9506989,34.7608986,34.7608986,5.77882,103,28,75,19.5065994,15.4590998,39.803299,0,0
"893","EMPAID_N1WS05A_2013","2013-08-08",0,0,"F",2013,"EMPAID","EMPAID_1WS","EMPAID_1WS","B",1,"NAD83 11N",4968534.83959,547572.501198,2.5,"PIPO",147,-0.838670567945424,2013-06-27,178,2,NA,116.666666666667,15,0.4,"success",1,"220","217",1.1316,6.5967202,219.7619934,10.7425003,27.6620998,51.9506989,34.7608986,34.7608986,5.77882,103,28,75,19.5065994,15.4590998,39.803299,0,0
"894","EMPAID_N1WS06A_2019","2019-06-20",999,999,"N",2019,"EMPAID","EMPAID_1WS","EMPAID_1WS","HB",1,"NAD83 11N",4968416.937,546941.215,1.75,"PIPO",212,-0.848048096156426,2019-05-31,151,1,1,8.33333333333333,40,0.647058823529412,"success",0,"171",NA,4.2550001,118.8389969,518.9349976,11.4338999,49.9267006,29.1874008,43.9132004,9.7389297,43.9132004,119,83,36,171.654007,30.2434998,89.1809998,0,0
"895","EMPAID_N1WS06A_2019","2019-06-21",1,1,"N",2019,"EMPAID","EMPAID_1WS","EMPAID_1WS","HB",1,"NAD83 11N",4968416.937,546941.215,1.75,"PIPO",212,-0.848048096156426,2019-05-31,151,1,1,8.33333333333333,40,0.647058823529412,"success",1,"172","171",4.2550001,118.8389969,518.9349976,11.4338999,49.9267006,29.1874008,43.9132004,9.7389297,43.9132004,119,83,36,171.654007,30.2434998,89.1809998,0,0
"896","EMPAID_N1WS06A_2019","2019-06-26",1,1,"N",2019,"EMPAID","EMPAID_1WS","EMPAID_1WS","HB",1,"NAD83 11N",4968416.937,546941.215,1.75,"PIPO",212,-0.848048096156426,2019-05-31,151,1,1,8.33333333333333,40,0.647058823529412,"success",1,"177","172",4.2550001,118.8389969,518.9349976,11.4338999,49.9267006,29.1874008,43.9132004,9.7389297,43.9132004,119,83,36,171.654007,30.2434998,89.1809998,0,0
"897","EMPAID_N1WS06A_2019","2019-07-02",0,1,"N",2019,"EMPAID","EMPAID_1WS","EMPAID_1WS","HB",1,"NAD83 11N",4968416.937,546941.215,1.75,"PIPO",212,-0.848048096156426,2019-05-31,151,1,1,8.33333333333333,40,0.647058823529412,"success",1,"183","177",4.2550001,118.8389969,518.9349976,11.4338999,49.9267006,29.1874008,43.9132004,9.7389297,43.9132004,119,83,36,171.654007,30.2434998,89.1809998,0,0
"898","EMPAID_N1WS06A_2019","2019-07-05",0,1,"N",2019,"EMPAID","EMPAID_1WS","EMPAID_1WS","HB",1,"NAD83 11N",4968416.937,546941.215,1.75,"PIPO",212,-0.848048096156426,2019-05-31,151,1,1,8.33333333333333,40,0.647058823529412,"success",1,"186","183",4.2550001,118.8389969,518.9349976,11.4338999,49.9267006,29.1874008,43.9132004,9.7389297,43.9132004,119,83,36,171.654007,30.2434998,89.1809998,0,0
"899","EMPAID_N1WS06A_2019","2019-07-08",0,1,"N",2019,"EMPAID","EMPAID_1WS","EMPAID_1WS","HB",1,"NAD83 11N",4968416.937,546941.215,1.75,"PIPO",212,-0.848048096156426,2019-05-31,151,1,1,8.33333333333333,40,0.647058823529412,"success",1,"189","186",4.2550001,118.8389969,518.9349976,11.4338999,49.9267006,29.1874008,43.9132004,9.7389297,43.9132004,119,83,36,171.654007,30.2434998,89.1809998,0,0
"900","EMPAID_N1WS06A_2019","2019-07-09",999,999,"F",2019,"EMPAID","EMPAID_1WS","EMPAID_1WS","HB",1,"NAD83 11N",4968416.937,546941.215,1.75,"PIPO",212,-0.848048096156426,2019-05-31,151,1,1,8.33333333333333,40,0.647058823529412,"success",0,"190","189",4.2550001,118.8389969,518.9349976,11.4338999,49.9267006,29.1874008,43.9132004,9.7389297,43.9132004,119,83,36,171.654007,30.2434998,89.1809998,0,0
"901","EMPAID_N1WS07A_2013","2013-06-05",5,0,"I",2013,"EMPAID","EMPAID_1WS","EMPAID_1WS","U",9,"NAD83 11N",4967557.13888,547569.331225,4.6,"PIPO",62,0.469471562785891,2013-05-26,146,0,0,8.33333333333333,7.5,0.8,"failure",1,"156",NA,1.08885,4.3309798,172.5559998,13.3768997,21.6485996,41.1851006,11.9682999,11.9682999,2.75741,109,48,61,11.2777996,3.9307699,9.7590504,0,0
"902","EMPAID_N1WS07A_2013","2013-06-12",3,2,"N",2013,"EMPAID","EMPAID_1WS","EMPAID_1WS","U",9,"NAD83 11N",4967557.13888,547569.331225,4.6,"PIPO",62,0.469471562785891,2013-05-26,146,0,0,8.33333333333333,7.5,0.8,"failure",1,"163","156",1.08885,4.3309798,172.5559998,13.3768997,21.6485996,41.1851006,11.9682999,11.9682999,2.75741,109,48,61,11.2777996,3.9307699,9.7590504,0,0
"903","EMPAID_N1WS07A_2013","2013-06-14",0,0,"N",2013,"EMPAID","EMPAID_1WS","EMPAID_1WS","U",9,"NAD83 11N",4967557.13888,547569.331225,4.6,"PIPO",62,0.469471562785891,2013-05-26,146,0,0,8.33333333333333,7.5,0.8,"failure",1,"165","163",1.08885,4.3309798,172.5559998,13.3768997,21.6485996,41.1851006,11.9682999,11.9682999,2.75741,109,48,61,11.2777996,3.9307699,9.7590504,0,0
"904","EMPAID_N1WS07A_2014","2014-06-02",4,0,"I",2014,"EMPAID","EMPAID_1WS","EMPAID_1WS","U",1,"NAD83 11N",4967957.484,547599.55,3,"PSME",268,-0.0348994967025008,2014-05-25,145,2,2,0,10,0.666666666666667,"success",1,"153",NA,1.04914,4.4658098,180.4609985,11.0317001,23.9365997,43.7957993,17.2485008,17.2485008,2.75741,115,45,70,13.1865997,8.1255503,20.5876007,0,0
"905","EMPAID_N1WS07A_2014","2014-06-12",0,4,"N",2014,"EMPAID","EMPAID_1WS","EMPAID_1WS","U",1,"NAD83 11N",4967957.484,547599.55,3,"PSME",268,-0.0348994967025008,2014-05-25,145,2,2,0,10,0.666666666666667,"success",1,"163","153",1.04914,4.4658098,180.4609985,11.0317001,23.9365997,43.7957993,17.2485008,17.2485008,2.75741,115,45,70,13.1865997,8.1255503,20.5876007,0,0
"906","EMPAID_N1WS07A_2014","2014-06-17",999,999,"N",2014,"EMPAID","EMPAID_1WS","EMPAID_1WS","U",1,"NAD83 11N",4967957.484,547599.55,3,"PSME",268,-0.0348994967025008,2014-05-25,145,2,2,0,10,0.666666666666667,"success",0,"168","163",1.04914,4.4658098,180.4609985,11.0317001,23.9365997,43.7957993,17.2485008,17.2485008,2.75741,115,45,70,13.1865997,8.1255503,20.5876007,0,0
"907","EMPAID_N1WS07A_2014","2014-06-24",999,999,"N",2014,"EMPAID","EMPAID_1WS","EMPAID_1WS","U",1,"NAD83 11N",4967957.484,547599.55,3,"PSME",268,-0.0348994967025008,2014-05-25,145,2,2,0,10,0.666666666666667,"success",0,"175","168",1.04914,4.4658098,180.4609985,11.0317001,23.9365997,43.7957993,17.2485008,17.2485008,2.75741,115,45,70,13.1865997,8.1255503,20.5876007,0,0
"908","EMPAID_N1WS07A_2014","2014-07-02",0,2,"N",2014,"EMPAID","EMPAID_1WS","EMPAID_1WS","U",1,"NAD83 11N",4967957.484,547599.55,3,"PSME",268,-0.0348994967025008,2014-05-25,145,2,2,0,10,0.666666666666667,"success",1,"183","175",1.04914,4.4658098,180.4609985,11.0317001,23.9365997,43.7957993,17.2485008,17.2485008,2.75741,115,45,70,13.1865997,8.1255503,20.5876007,0,0
"909","EMPAID_N1WS07A_2014","2014-07-08",0,0,"F",2014,"EMPAID","EMPAID_1WS","EMPAID_1WS","U",1,"NAD83 11N",4967957.484,547599.55,3,"PSME",268,-0.0348994967025008,2014-05-25,145,2,2,0,10,0.666666666666667,"success",1,"189","183",1.04914,4.4658098,180.4609985,11.0317001,23.9365997,43.7957993,17.2485008,17.2485008,2.75741,115,45,70,13.1865997,8.1255503,20.5876007,0,0
"910","EMPAID_N1WS07A_2017","2017-06-20",999,999,"E",2017,"EMPAID","EMPAID_1WS","EMPAID_1WS","HB",9,"NAD83 11N",4968175.97,547380.732,3.7,"PIPO",182,-0.999390827019096,2017-06-22,173,0,0,16.6666666666667,27.5,0.923076923076923,"failure",0,"171",NA,3.37622,55.887001,394.375,7.0488901,40.7158012,34.4676018,25.9606991,9.8562603,25.9606991,98,61,37,103.5680008,20.7978992,73.6829987,0,0
"911","EMPAID_N1WS07A_2017","2017-06-23",1,0,"L",2017,"EMPAID","EMPAID_1WS","EMPAID_1WS","HB",9,"NAD83 11N",4968175.97,547380.732,3.7,"PIPO",182,-0.999390827019096,2017-06-22,173,0,0,16.6666666666667,27.5,0.923076923076923,"failure",1,"174","171",3.37622,55.887001,394.375,7.0488901,40.7158012,34.4676018,25.9606991,9.8562603,25.9606991,98,61,37,103.5680008,20.7978992,73.6829987,0,0
"912","EMPAID_N1WS07A_2017","2017-06-27",4,0,"I",2017,"EMPAID","EMPAID_1WS","EMPAID_1WS","HB",9,"NAD83 11N",4968175.97,547380.732,3.7,"PIPO",182,-0.999390827019096,2017-06-22,173,0,0,16.6666666666667,27.5,0.923076923076923,"failure",1,"178","174",3.37622,55.887001,394.375,7.0488901,40.7158012,34.4676018,25.9606991,9.8562603,25.9606991,98,61,37,103.5680008,20.7978992,73.6829987,0,0
"913","EMPAID_N1WS07A_2017","2017-06-30",999,999,"I",2017,"EMPAID","EMPAID_1WS","EMPAID_1WS","HB",9,"NAD83 11N",4968175.97,547380.732,3.7,"PIPO",182,-0.999390827019096,2017-06-22,173,0,0,16.6666666666667,27.5,0.923076923076923,"failure",0,"181","178",3.37622,55.887001,394.375,7.0488901,40.7158012,34.4676018,25.9606991,9.8562603,25.9606991,98,61,37,103.5680008,20.7978992,73.6829987,0,0
"914","EMPAID_N1WS07A_2017","2017-07-03",999,999,"I",2017,"EMPAID","EMPAID_1WS","EMPAID_1WS","HB",9,"NAD83 11N",4968175.97,547380.732,3.7,"PIPO",182,-0.999390827019096,2017-06-22,173,0,0,16.6666666666667,27.5,0.923076923076923,"failure",0,"184","181",3.37622,55.887001,394.375,7.0488901,40.7158012,34.4676018,25.9606991,9.8562603,25.9606991,98,61,37,103.5680008,20.7978992,73.6829987,0,0
"915","EMPAID_N1WS07A_2017","2017-07-06",0,3,"N",2017,"EMPAID","EMPAID_1WS","EMPAID_1WS","HB",9,"NAD83 11N",4968175.97,547380.732,3.7,"PIPO",182,-0.999390827019096,2017-06-22,173,0,0,16.6666666666667,27.5,0.923076923076923,"failure",1,"187","184",3.37622,55.887001,394.375,7.0488901,40.7158012,34.4676018,25.9606991,9.8562603,25.9606991,98,61,37,103.5680008,20.7978992,73.6829987,0,0
"916","EMPAID_N1WS07A_2017","2017-07-07",999,999,"N",2017,"EMPAID","EMPAID_1WS","EMPAID_1WS","HB",9,"NAD83 11N",4968175.97,547380.732,3.7,"PIPO",182,-0.999390827019096,2017-06-22,173,0,0,16.6666666666667,27.5,0.923076923076923,"failure",0,"188","187",3.37622,55.887001,394.375,7.0488901,40.7158012,34.4676018,25.9606991,9.8562603,25.9606991,98,61,37,103.5680008,20.7978992,73.6829987,0,0
"917","EMPAID_N1WS07A_2017","2017-07-10",999,999,"N",2017,"EMPAID","EMPAID_1WS","EMPAID_1WS","HB",9,"NAD83 11N",4968175.97,547380.732,3.7,"PIPO",182,-0.999390827019096,2017-06-22,173,0,0,16.6666666666667,27.5,0.923076923076923,"failure",0,"191","188",3.37622,55.887001,394.375,7.0488901,40.7158012,34.4676018,25.9606991,9.8562603,25.9606991,98,61,37,103.5680008,20.7978992,73.6829987,0,0
"918","EMPAID_N1WS07A_2017","2017-07-12",999,999,"N",2017,"EMPAID","EMPAID_1WS","EMPAID_1WS","HB",9,"NAD83 11N",4968175.97,547380.732,3.7,"PIPO",182,-0.999390827019096,2017-06-22,173,0,0,16.6666666666667,27.5,0.923076923076923,"failure",0,"193","191",3.37622,55.887001,394.375,7.0488901,40.7158012,34.4676018,25.9606991,9.8562603,25.9606991,98,61,37,103.5680008,20.7978992,73.6829987,0,0
"919","EMPAID_N1WS07A_2017","2017-07-17",999,999,"N",2017,"EMPAID","EMPAID_1WS","EMPAID_1WS","HB",9,"NAD83 11N",4968175.97,547380.732,3.7,"PIPO",182,-0.999390827019096,2017-06-22,173,0,0,16.6666666666667,27.5,0.923076923076923,"failure",0,"198","193",3.37622,55.887001,394.375,7.0488901,40.7158012,34.4676018,25.9606991,9.8562603,25.9606991,98,61,37,103.5680008,20.7978992,73.6829987,0,0
"920","EMPAID_N1WS07A_2017","2017-07-18",0,0,"N",2017,"EMPAID","EMPAID_1WS","EMPAID_1WS","HB",9,"NAD83 11N",4968175.97,547380.732,3.7,"PIPO",182,-0.999390827019096,2017-06-22,173,0,0,16.6666666666667,27.5,0.923076923076923,"failure",1,"199","198",3.37622,55.887001,394.375,7.0488901,40.7158012,34.4676018,25.9606991,9.8562603,25.9606991,98,61,37,103.5680008,20.7978992,73.6829987,0,0
"921","EMPAID_N1WS07A_2018","2018-07-02",0,3,"N",2018,"EMPAID","EMPAID_1WS","EMPAID_1WS","B",1,"NAD83 11N",4967828.486,547507.647,3.4,"PIPO",272,0.0348994967025013,2018-05-28,148,3,NA,0,5,0,"success",1,"183",NA,1.94438,29.2621002,374.82901,5.6606798,30.4195004,35.6702995,15.8697996,8.3308897,15.8697996,111,63,48,46.2621002,11.5869999,56.9245987,0,0
"922","EMPAID_N1WS07A_2018","2018-07-05",999,999,"N",2018,"EMPAID","EMPAID_1WS","EMPAID_1WS","B",1,"NAD83 11N",4967828.486,547507.647,3.4,"PIPO",272,0.0348994967025013,2018-05-28,148,3,NA,0,5,0,"success",0,"186","183",1.94438,29.2621002,374.82901,5.6606798,30.4195004,35.6702995,15.8697996,8.3308897,15.8697996,111,63,48,46.2621002,11.5869999,56.9245987,0,0
"923","EMPAID_N1WS07A_2018","2018-07-09",0,0,"F",2018,"EMPAID","EMPAID_1WS","EMPAID_1WS","B",1,"NAD83 11N",4967828.486,547507.647,3.4,"PIPO",272,0.0348994967025013,2018-05-28,148,3,NA,0,5,0,"success",1,"190","186",1.94438,29.2621002,374.82901,5.6606798,30.4195004,35.6702995,15.8697996,8.3308897,15.8697996,111,63,48,46.2621002,11.5869999,56.9245987,0,0
"924","EMPAID_N1WS07A_2019","2019-06-20",999,999,"N",2019,"EMPAID","EMPAID_1WS","EMPAID_1WS","HB",1,"NAD83 11N",4968170.555,547258.735,2.2,"PIPO",190,-0.984807753012208,2019-05-27,147,3,NA,33.3333333333333,30,0.875,"success",0,"171",NA,3.5174999,65.2848969,419.0469971,7.3331299,41.2731018,33.6169014,29.1874008,9.82693,29.1874008,102,66,36,110.6539993,23.5259991,74.660202,0,0
"925","EMPAID_N1WS07A_2019","2019-06-21",0,3,"N",2019,"EMPAID","EMPAID_1WS","EMPAID_1WS","HB",1,"NAD83 11N",4968170.555,547258.735,2.2,"PIPO",190,-0.984807753012208,2019-05-27,147,3,NA,33.3333333333333,30,0.875,"success",1,"172","171",3.5174999,65.2848969,419.0469971,7.3331299,41.2731018,33.6169014,29.1874008,9.82693,29.1874008,102,66,36,110.6539993,23.5259991,74.660202,0,0
"926","EMPAID_N1WS07A_2019","2019-06-26",0,3,"N",2019,"EMPAID","EMPAID_1WS","EMPAID_1WS","HB",1,"NAD83 11N",4968170.555,547258.735,2.2,"PIPO",190,-0.984807753012208,2019-05-27,147,3,NA,33.3333333333333,30,0.875,"success",1,"177","172",3.5174999,65.2848969,419.0469971,7.3331299,41.2731018,33.6169014,29.1874008,9.82693,29.1874008,102,66,36,110.6539993,23.5259991,74.660202,0,0
"927","EMPAID_N1WS07A_2019","2019-07-02",999,999,"N",2019,"EMPAID","EMPAID_1WS","EMPAID_1WS","HB",1,"NAD83 11N",4968170.555,547258.735,2.2,"PIPO",190,-0.984807753012208,2019-05-27,147,3,NA,33.3333333333333,30,0.875,"success",0,"183","177",3.5174999,65.2848969,419.0469971,7.3331299,41.2731018,33.6169014,29.1874008,9.82693,29.1874008,102,66,36,110.6539993,23.5259991,74.660202,0,0
"928","EMPAID_N1WS07A_2019","2019-07-05",0,3,"N",2019,"EMPAID","EMPAID_1WS","EMPAID_1WS","HB",1,"NAD83 11N",4968170.555,547258.735,2.2,"PIPO",190,-0.984807753012208,2019-05-27,147,3,NA,33.3333333333333,30,0.875,"success",1,"186","183",3.5174999,65.2848969,419.0469971,7.3331299,41.2731018,33.6169014,29.1874008,9.82693,29.1874008,102,66,36,110.6539993,23.5259991,74.660202,0,0
"929","EMPAID_N1WS07A_2019","2019-07-08",0,0,"F",2019,"EMPAID","EMPAID_1WS","EMPAID_1WS","HB",1,"NAD83 11N",4968170.555,547258.735,2.2,"PIPO",190,-0.984807753012208,2019-05-27,147,3,NA,33.3333333333333,30,0.875,"success",1,"189","186",3.5174999,65.2848969,419.0469971,7.3331299,41.2731018,33.6169014,29.1874008,9.82693,29.1874008,102,66,36,110.6539993,23.5259991,74.660202,0,0
"930","EMPAID_N1WS09A_2017","2017-06-27",0,2,"N",2017,"EMPAID","EMPAID_1WS","EMPAID_1WS","HB",1,"NAD83 11N",4968014.082,546363.336,2.6,"PIPO",248,-0.374606593415912,2017-05-26,146,2,2,25,2.5,1,"success",1,"178",NA,5.6195998,127.0029984,464.7579956,11.5446997,45.7905998,27.1341,43.5317993,6.42417,43.5317993,94,69,25,158.2920074,31.9741993,65.9546967,0,16.3223991
"931","EMPAID_N1WS09A_2017","2017-06-30",999,999,"N",2017,"EMPAID","EMPAID_1WS","EMPAID_1WS","HB",1,"NAD83 11N",4968014.082,546363.336,2.6,"PIPO",248,-0.374606593415912,2017-05-26,146,2,2,25,2.5,1,"success",0,"181","178",5.6195998,127.0029984,464.7579956,11.5446997,45.7905998,27.1341,43.5317993,6.42417,43.5317993,94,69,25,158.2920074,31.9741993,65.9546967,0,16.3223991
"932","EMPAID_N1WS09A_2017","2017-07-03",999,999,"N",2017,"EMPAID","EMPAID_1WS","EMPAID_1WS","HB",1,"NAD83 11N",4968014.082,546363.336,2.6,"PIPO",248,-0.374606593415912,2017-05-26,146,2,2,25,2.5,1,"success",0,"184","181",5.6195998,127.0029984,464.7579956,11.5446997,45.7905998,27.1341,43.5317993,6.42417,43.5317993,94,69,25,158.2920074,31.9741993,65.9546967,0,16.3223991
"933","EMPAID_N1WS09A_2017","2017-07-06",0,0,"F",2017,"EMPAID","EMPAID_1WS","EMPAID_1WS","HB",1,"NAD83 11N",4968014.082,546363.336,2.6,"PIPO",248,-0.374606593415912,2017-05-26,146,2,2,25,2.5,1,"success",1,"187","184",5.6195998,127.0029984,464.7579956,11.5446997,45.7905998,27.1341,43.5317993,6.42417,43.5317993,94,69,25,158.2920074,31.9741993,65.9546967,0,16.3223991
"934","EMPAID_N1WS09A_2018","2018-05-30",1,0,"L",2018,"EMPAID","EMPAID_1WS","EMPAID_1WS","HB",1,"NAD83 11N",4967880.704,546155.786,2.5,"PIPO",68,0.374606593415912,2018-05-29,149,2,NA,16.6666666666667,15,0.625,"success",1,"150",NA,4.7066698,107.3040009,466.8859863,10.3269997,41.4197998,27.0167007,38.046299,7.0401902,38.046299,87,60,27,119.0790024,27.8087006,54.6741982,0,28.3859005
"935","EMPAID_N1WS09A_2018","2018-06-05",4,0,"I",2018,"EMPAID","EMPAID_1WS","EMPAID_1WS","HB",1,"NAD83 11N",4967880.704,546155.786,2.5,"PIPO",68,0.374606593415912,2018-05-29,149,2,NA,16.6666666666667,15,0.625,"success",1,"156","150",4.7066698,107.3040009,466.8859863,10.3269997,41.4197998,27.0167007,38.046299,7.0401902,38.046299,87,60,27,119.0790024,27.8087006,54.6741982,0,28.3859005
"936","EMPAID_N1WS09A_2018","2018-06-08",999,999,"I",2018,"EMPAID","EMPAID_1WS","EMPAID_1WS","HB",1,"NAD83 11N",4967880.704,546155.786,2.5,"PIPO",68,0.374606593415912,2018-05-29,149,2,NA,16.6666666666667,15,0.625,"success",0,"159","156",4.7066698,107.3040009,466.8859863,10.3269997,41.4197998,27.0167007,38.046299,7.0401902,38.046299,87,60,27,119.0790024,27.8087006,54.6741982,0,28.3859005
"937","EMPAID_N1WS09A_2018","2018-06-15",0,3,"N",2018,"EMPAID","EMPAID_1WS","EMPAID_1WS","HB",1,"NAD83 11N",4967880.704,546155.786,2.5,"PIPO",68,0.374606593415912,2018-05-29,149,2,NA,16.6666666666667,15,0.625,"success",1,"166","159",4.7066698,107.3040009,466.8859863,10.3269997,41.4197998,27.0167007,38.046299,7.0401902,38.046299,87,60,27,119.0790024,27.8087006,54.6741982,0,28.3859005
"938","EMPAID_N1WS09A_2018","2018-06-19",999,999,"N",2018,"EMPAID","EMPAID_1WS","EMPAID_1WS","HB",1,"NAD83 11N",4967880.704,546155.786,2.5,"PIPO",68,0.374606593415912,2018-05-29,149,2,NA,16.6666666666667,15,0.625,"success",0,"170","166",4.7066698,107.3040009,466.8859863,10.3269997,41.4197998,27.0167007,38.046299,7.0401902,38.046299,87,60,27,119.0790024,27.8087006,54.6741982,0,28.3859005
"939","EMPAID_N1WS09A_2018","2018-06-25",0,2,"N",2018,"EMPAID","EMPAID_1WS","EMPAID_1WS","HB",1,"NAD83 11N",4967880.704,546155.786,2.5,"PIPO",68,0.374606593415912,2018-05-29,149,2,NA,16.6666666666667,15,0.625,"success",1,"176","170",4.7066698,107.3040009,466.8859863,10.3269997,41.4197998,27.0167007,38.046299,7.0401902,38.046299,87,60,27,119.0790024,27.8087006,54.6741982,0,28.3859005
"940","EMPAID_N1WS09A_2018","2018-06-29",999,999,"N",2018,"EMPAID","EMPAID_1WS","EMPAID_1WS","HB",1,"NAD83 11N",4967880.704,546155.786,2.5,"PIPO",68,0.374606593415912,2018-05-29,149,2,NA,16.6666666666667,15,0.625,"success",0,"180","176",4.7066698,107.3040009,466.8859863,10.3269997,41.4197998,27.0167007,38.046299,7.0401902,38.046299,87,60,27,119.0790024,27.8087006,54.6741982,0,28.3859005
"941","EMPAID_N1WS09A_2018","2018-07-02",0,2,"N",2018,"EMPAID","EMPAID_1WS","EMPAID_1WS","HB",1,"NAD83 11N",4967880.704,546155.786,2.5,"PIPO",68,0.374606593415912,2018-05-29,149,2,NA,16.6666666666667,15,0.625,"success",1,"183","180",4.7066698,107.3040009,466.8859863,10.3269997,41.4197998,27.0167007,38.046299,7.0401902,38.046299,87,60,27,119.0790024,27.8087006,54.6741982,0,28.3859005
"942","EMPAID_N1WS09A_2018","2018-07-05",999,999,"N",2018,"EMPAID","EMPAID_1WS","EMPAID_1WS","HB",1,"NAD83 11N",4967880.704,546155.786,2.5,"PIPO",68,0.374606593415912,2018-05-29,149,2,NA,16.6666666666667,15,0.625,"success",0,"186","183",4.7066698,107.3040009,466.8859863,10.3269997,41.4197998,27.0167007,38.046299,7.0401902,38.046299,87,60,27,119.0790024,27.8087006,54.6741982,0,28.3859005
"943","EMPAID_N1WS09A_2018","2018-07-09",0,2,"N",2018,"EMPAID","EMPAID_1WS","EMPAID_1WS","HB",1,"NAD83 11N",4967880.704,546155.786,2.5,"PIPO",68,0.374606593415912,2018-05-29,149,2,NA,16.6666666666667,15,0.625,"success",1,"190","186",4.7066698,107.3040009,466.8859863,10.3269997,41.4197998,27.0167007,38.046299,7.0401902,38.046299,87,60,27,119.0790024,27.8087006,54.6741982,0,28.3859005
"944","EMPAID_N1WS09A_2018","2018-07-12",0,0,"F",2018,"EMPAID","EMPAID_1WS","EMPAID_1WS","HB",1,"NAD83 11N",4967880.704,546155.786,2.5,"PIPO",68,0.374606593415912,2018-05-29,149,2,NA,16.6666666666667,15,0.625,"success",1,"193","190",4.7066698,107.3040009,466.8859863,10.3269997,41.4197998,27.0167007,38.046299,7.0401902,38.046299,87,60,27,119.0790024,27.8087006,54.6741982,0,28.3859005
"945","EMPAID_N2WS05A_2017","2017-05-25",4,0,"I",2017,"EMPAID","EMPAID_2WS","EMPAID_2WS","B",10,"NAD83 11N",4972115.161,547045.16,1.5,"PIPO",223,-0.731353701619171,2017-05-12,132,0,0,33.3333333333333,15,1,"failure",1,"145",NA,3.345,27.4235992,268.2980042,6.69523,39.2490005,43.9718018,23.7605991,23.7605991,13.3177004,81,45,36,64.427803,19.2432003,65.1016998,0,0
"946","EMPAID_N2WS05A_2017","2017-06-01",0,4,"N",2017,"EMPAID","EMPAID_2WS","EMPAID_2WS","B",10,"NAD83 11N",4972115.161,547045.16,1.5,"PIPO",223,-0.731353701619171,2017-05-12,132,0,0,33.3333333333333,15,1,"failure",1,"152","145",3.345,27.4235992,268.2980042,6.69523,39.2490005,43.9718018,23.7605991,23.7605991,13.3177004,81,45,36,64.427803,19.2432003,65.1016998,0,0
"947","EMPAID_N2WS05A_2017","2017-06-07",0,4,"N",2017,"EMPAID","EMPAID_2WS","EMPAID_2WS","B",10,"NAD83 11N",4972115.161,547045.16,1.5,"PIPO",223,-0.731353701619171,2017-05-12,132,0,0,33.3333333333333,15,1,"failure",1,"158","152",3.345,27.4235992,268.2980042,6.69523,39.2490005,43.9718018,23.7605991,23.7605991,13.3177004,81,45,36,64.427803,19.2432003,65.1016998,0,0
"948","EMPAID_N2WS05A_2017","2017-06-15",0,1,"N",2017,"EMPAID","EMPAID_2WS","EMPAID_2WS","B",10,"NAD83 11N",4972115.161,547045.16,1.5,"PIPO",223,-0.731353701619171,2017-05-12,132,0,0,33.3333333333333,15,1,"failure",1,"166","158",3.345,27.4235992,268.2980042,6.69523,39.2490005,43.9718018,23.7605991,23.7605991,13.3177004,81,45,36,64.427803,19.2432003,65.1016998,0,0
"949","EMPAID_N2WS05A_2017","2017-06-20",999,999,"N",2017,"EMPAID","EMPAID_2WS","EMPAID_2WS","B",10,"NAD83 11N",4972115.161,547045.16,1.5,"PIPO",223,-0.731353701619171,2017-05-12,132,0,0,33.3333333333333,15,1,"failure",0,"171","166",3.345,27.4235992,268.2980042,6.69523,39.2490005,43.9718018,23.7605991,23.7605991,13.3177004,81,45,36,64.427803,19.2432003,65.1016998,0,0
"950","EMPAID_NB-S01A_2014","2014-06-26",0,2,"N",2014,"EMPAID","EMPAID_B-S","EMPAID_B-S","U",1,"NAD83 11N",4992272.229,525879.374,3.6,"PIPO",154,-0.898794046299167,2014-06-06,157,2,1,0,15,0.5,"success",1,"177",NA,2.8452301,52.7472,418.7940063,10.4329004,40.8037987,41.3610992,19.5072002,11.059,19.5072002,84,40,44,84.3059998,2.5227301,0,0,0
"951","EMPAID_NB-S01A_2014","2014-06-28",0,2,"N",2014,"EMPAID","EMPAID_B-S","EMPAID_B-S","U",1,"NAD83 11N",4992272.229,525879.374,3.6,"PIPO",154,-0.898794046299167,2014-06-06,157,2,1,0,15,0.5,"success",1,"179","177",2.8452301,52.7472,418.7940063,10.4329004,40.8037987,41.3610992,19.5072002,11.059,19.5072002,84,40,44,84.3059998,2.5227301,0,0,0
"952","EMPAID_NB-S01A_2014","2014-06-30",999,999,"N",2014,"EMPAID","EMPAID_B-S","EMPAID_B-S","U",1,"NAD83 11N",4992272.229,525879.374,3.6,"PIPO",154,-0.898794046299167,2014-06-06,157,2,1,0,15,0.5,"success",0,"181","179",2.8452301,52.7472,418.7940063,10.4329004,40.8037987,41.3610992,19.5072002,11.059,19.5072002,84,40,44,84.3059998,2.5227301,0,0,0
"953","EMPAID_NB-S01A_2014","2014-07-09",0,2,"N",2014,"EMPAID","EMPAID_B-S","EMPAID_B-S","U",1,"NAD83 11N",4992272.229,525879.374,3.6,"PIPO",154,-0.898794046299167,2014-06-06,157,2,1,0,15,0.5,"success",1,"190","181",2.8452301,52.7472,418.7940063,10.4329004,40.8037987,41.3610992,19.5072002,11.059,19.5072002,84,40,44,84.3059998,2.5227301,0,0,0
"954","EMPAID_NB-S01A_2014","2014-07-16",0,0,"F",2014,"EMPAID","EMPAID_B-S","EMPAID_B-S","U",1,"NAD83 11N",4992272.229,525879.374,3.6,"PIPO",154,-0.898794046299167,2014-06-06,157,2,1,0,15,0.5,"success",1,"197","190",2.8452301,52.7472,418.7940063,10.4329004,40.8037987,41.3610992,19.5072002,11.059,19.5072002,84,40,44,84.3059998,2.5227301,0,0,0
"955","EMPAID_NB-T01A_2016","2016-06-23",0,3,"N",2016,"EMPAID","EMPAID_B-T","EMPAID_B-T","HB",1,"NAD83 11N",4985622.447,522468.361,1.4,"PIPO",28,0.882947592858927,2016-05-30,151,3,1,41.6666666666667,7.5,1,"success",1,"175",NA,0.580755,3.51263,224.6860046,27.1019993,10.0323,33.3821983,27.4566994,27.4566994,2.2880599,98,45,53,5.5283298,30.7714996,89.4802017,0,0
"956","EMPAID_NB-T01A_2016","2016-06-27",999,999,"N",2016,"EMPAID","EMPAID_B-T","EMPAID_B-T","HB",1,"NAD83 11N",4985622.447,522468.361,1.4,"PIPO",28,0.882947592858927,2016-05-30,151,3,1,41.6666666666667,7.5,1,"success",0,"179","175",0.580755,3.51263,224.6860046,27.1019993,10.0323,33.3821983,27.4566994,27.4566994,2.2880599,98,45,53,5.5283298,30.7714996,89.4802017,0,0
"957","EMPAID_NB-T01A_2016","2016-06-30",999,999,"N",2016,"EMPAID","EMPAID_B-T","EMPAID_B-T","HB",1,"NAD83 11N",4985622.447,522468.361,1.4,"PIPO",28,0.882947592858927,2016-05-30,151,3,1,41.6666666666667,7.5,1,"success",0,"182","179",0.580755,3.51263,224.6860046,27.1019993,10.0323,33.3821983,27.4566994,27.4566994,2.2880599,98,45,53,5.5283298,30.7714996,89.4802017,0,0
"958","EMPAID_NB-T01A_2016","2016-07-07",0,1,"N",2016,"EMPAID","EMPAID_B-T","EMPAID_B-T","HB",1,"NAD83 11N",4985622.447,522468.361,1.4,"PIPO",28,0.882947592858927,2016-05-30,151,3,1,41.6666666666667,7.5,1,"success",1,"189","182",0.580755,3.51263,224.6860046,27.1019993,10.0323,33.3821983,27.4566994,27.4566994,2.2880599,98,45,53,5.5283298,30.7714996,89.4802017,0,0
"959","EMPAID_NB-T01A_2016","2016-07-11",0,0,"F",2016,"EMPAID","EMPAID_B-T","EMPAID_B-T","HB",1,"NAD83 11N",4985622.447,522468.361,1.4,"PIPO",28,0.882947592858927,2016-05-30,151,3,1,41.6666666666667,7.5,1,"success",1,"193","189",0.580755,3.51263,224.6860046,27.1019993,10.0323,33.3821983,27.4566994,27.4566994,2.2880599,98,45,53,5.5283298,30.7714996,89.4802017,0,0
"960","EMPAID_NB-T01A_2018","2018-06-20",0,3,"N",2018,"EMPAID","EMPAID_B-T","EMPAID_B-T","HB",1,"NAD83 11N",4985720.725,522877.664,3.7,"PIPO",338,0.927183854566787,2018-05-25,145,3,3,0,2.5,1,"success",1,"171",NA,0.531,3.2616601,226.7709961,34.1456985,8.6535597,36.2863007,26.0193996,26.0193996,2.2000599,81,31,50,4.9295998,37.8409996,92.4213028,0,0
"961","EMPAID_NB-T01A_2018","2018-06-26",0,3,"N",2018,"EMPAID","EMPAID_B-T","EMPAID_B-T","HB",1,"NAD83 11N",4985720.725,522877.664,3.7,"PIPO",338,0.927183854566787,2018-05-25,145,3,3,0,2.5,1,"success",1,"177","171",0.531,3.2616601,226.7709961,34.1456985,8.6535597,36.2863007,26.0193996,26.0193996,2.2000599,81,31,50,4.9295998,37.8409996,92.4213028,0,0
"962","EMPAID_NB-T01A_2018","2018-06-28",999,999,"N",2018,"EMPAID","EMPAID_B-T","EMPAID_B-T","HB",1,"NAD83 11N",4985720.725,522877.664,3.7,"PIPO",338,0.927183854566787,2018-05-25,145,3,3,0,2.5,1,"success",0,"179","177",0.531,3.2616601,226.7709961,34.1456985,8.6535597,36.2863007,26.0193996,26.0193996,2.2000599,81,31,50,4.9295998,37.8409996,92.4213028,0,0
"963","EMPAID_NB-T01A_2018","2018-07-02",0,3,"N",2018,"EMPAID","EMPAID_B-T","EMPAID_B-T","HB",1,"NAD83 11N",4985720.725,522877.664,3.7,"PIPO",338,0.927183854566787,2018-05-25,145,3,3,0,2.5,1,"success",1,"183","179",0.531,3.2616601,226.7709961,34.1456985,8.6535597,36.2863007,26.0193996,26.0193996,2.2000599,81,31,50,4.9295998,37.8409996,92.4213028,0,0
"964","EMPAID_NB-T01A_2018","2018-07-05",0,0,"F",2018,"EMPAID","EMPAID_B-T","EMPAID_B-T","HB",1,"NAD83 11N",4985720.725,522877.664,3.7,"PIPO",338,0.927183854566787,2018-05-25,145,3,3,0,2.5,1,"success",1,"186","183",0.531,3.2616601,226.7709961,34.1456985,8.6535597,36.2863007,26.0193996,26.0193996,2.2000599,81,31,50,4.9295998,37.8409996,92.4213028,0,0
"965","EMPAID_NB-T01A_2019","2019-06-25",0,3,"N",2019,"EMPAID","EMPAID_B-T","EMPAID_B-T","HB",1,"NAD83 11N",4985345.247,522547.973,3.3,"PIPO",50,0.642787609686539,2019-05-23,143,3,2,75,2.5,1,"success",1,"176",NA,0.614423,4.3167,245.470993,29.2418003,10.4136,36.4035988,27.8087006,27.8087006,2.99208,84,32,52,5.5897498,33.9981995,92.8063965,0,0
"966","EMPAID_NB-T01A_2019","2019-07-01",0,3,"N",2019,"EMPAID","EMPAID_B-T","EMPAID_B-T","HB",1,"NAD83 11N",4985345.247,522547.973,3.3,"PIPO",50,0.642787609686539,2019-05-23,143,3,2,75,2.5,1,"success",1,"182","176",0.614423,4.3167,245.470993,29.2418003,10.4136,36.4035988,27.8087006,27.8087006,2.99208,84,32,52,5.5897498,33.9981995,92.8063965,0,0
"967","EMPAID_NB-T01A_2019","2019-07-03",999,999,"F",2019,"EMPAID","EMPAID_B-T","EMPAID_B-T","HB",1,"NAD83 11N",4985345.247,522547.973,3.3,"PIPO",50,0.642787609686539,2019-05-23,143,3,2,75,2.5,1,"success",0,"184","182",0.614423,4.3167,245.470993,29.2418003,10.4136,36.4035988,27.8087006,27.8087006,2.99208,84,32,52,5.5897498,33.9981995,92.8063965,0,0
"968","EMPAID_NB-T01A_2019","2019-07-05",0,0,"F",2019,"EMPAID","EMPAID_B-T","EMPAID_B-T","HB",1,"NAD83 11N",4985345.247,522547.973,3.3,"PIPO",50,0.642787609686539,2019-05-23,143,3,2,75,2.5,1,"success",1,"186","184",0.614423,4.3167,245.470993,29.2418003,10.4136,36.4035988,27.8087006,27.8087006,2.99208,84,32,52,5.5897498,33.9981995,92.8063965,0,0
"969","EMPAID_NB-T02A_2015","2015-06-11",0,0,"E",2015,"EMPAID","EMPAID_B-T","EMPAID_B-T","U",9,"NAD83 11N",4985307.952,522081.734,1.3,"PIPO",331,0.874619707139396,2015-06-14,165,0,0,50,0,1,"failure",1,"162",NA,0.268954,0.746965,133.3150024,41.4236984,7.5388699,42.6225014,40.2170982,40.2170982,0.792021,116,30,86,2.2294199,29.4221001,25.9032001,0,0
"970","EMPAID_NB-T02A_2015","2015-06-17",2,0,"I",2015,"EMPAID","EMPAID_B-T","EMPAID_B-T","U",9,"NAD83 11N",4985307.952,522081.734,1.3,"PIPO",331,0.874619707139396,2015-06-14,165,0,0,50,0,1,"failure",1,"168","162",0.268954,0.746965,133.3150024,41.4236984,7.5388699,42.6225014,40.2170982,40.2170982,0.792021,116,30,86,2.2294199,29.4221001,25.9032001,0,0
"971","EMPAID_NB-T02A_2015","2015-06-24",2,0,"I",2015,"EMPAID","EMPAID_B-T","EMPAID_B-T","U",9,"NAD83 11N",4985307.952,522081.734,1.3,"PIPO",331,0.874619707139396,2015-06-14,165,0,0,50,0,1,"failure",1,"175","168",0.268954,0.746965,133.3150024,41.4236984,7.5388699,42.6225014,40.2170982,40.2170982,0.792021,116,30,86,2.2294199,29.4221001,25.9032001,0,0
"972","EMPAID_NB-T02A_2015","2015-06-30",1,1,"N",2015,"EMPAID","EMPAID_B-T","EMPAID_B-T","U",9,"NAD83 11N",4985307.952,522081.734,1.3,"PIPO",331,0.874619707139396,2015-06-14,165,0,0,50,0,1,"failure",1,"181","175",0.268954,0.746965,133.3150024,41.4236984,7.5388699,42.6225014,40.2170982,40.2170982,0.792021,116,30,86,2.2294199,29.4221001,25.9032001,0,0
"973","EMPAID_NB-T02A_2015","2015-07-02",1,1,"N",2015,"EMPAID","EMPAID_B-T","EMPAID_B-T","U",9,"NAD83 11N",4985307.952,522081.734,1.3,"PIPO",331,0.874619707139396,2015-06-14,165,0,0,50,0,1,"failure",1,"183","181",0.268954,0.746965,133.3150024,41.4236984,7.5388699,42.6225014,40.2170982,40.2170982,0.792021,116,30,86,2.2294199,29.4221001,25.9032001,0,0
"974","EMPAID_NB-T02A_2015","2015-07-06",999,999,"N",2015,"EMPAID","EMPAID_B-T","EMPAID_B-T","U",9,"NAD83 11N",4985307.952,522081.734,1.3,"PIPO",331,0.874619707139396,2015-06-14,165,0,0,50,0,1,"failure",0,"187","183",0.268954,0.746965,133.3150024,41.4236984,7.5388699,42.6225014,40.2170982,40.2170982,0.792021,116,30,86,2.2294199,29.4221001,25.9032001,0,0
"975","EMPAID_NB-T02A_2015","2015-07-14",0,0,"N",2015,"EMPAID","EMPAID_B-T","EMPAID_B-T","U",9,"NAD83 11N",4985307.952,522081.734,1.3,"PIPO",331,0.874619707139396,2015-06-14,165,0,0,50,0,1,"failure",1,"195","187",0.268954,0.746965,133.3150024,41.4236984,7.5388699,42.6225014,40.2170982,40.2170982,0.792021,116,30,86,2.2294199,29.4221001,25.9032001,0,0
"976","EMPAID_NB-T06A_2016","2016-06-16",999,999,"N",2016,"EMPAID","EMPAID_B-T","EMPAID_B-T","HB",1,"NAD83 11N",4984310.136,521827.945,3,"PIPO",356,0.997564050259824,2016-05-27,148,1,NA,16.6666666666667,2.5,1,"success",0,"168",NA,0.74,7.4043198,300.0969849,27.2082996,10.8535995,34.7902985,27.9846992,27.9846992,4.8107901,88,43,45,8.0451498,34.0569,79.8899002,0,0
"977","EMPAID_NB-T06A_2016","2016-06-23",0,3,"N",2016,"EMPAID","EMPAID_B-T","EMPAID_B-T","HB",1,"NAD83 11N",4984310.136,521827.945,3,"PIPO",356,0.997564050259824,2016-05-27,148,1,NA,16.6666666666667,2.5,1,"success",1,"175","168",0.74,7.4043198,300.0969849,27.2082996,10.8535995,34.7902985,27.9846992,27.9846992,4.8107901,88,43,45,8.0451498,34.0569,79.8899002,0,0
"978","EMPAID_NB-T06A_2016","2016-06-27",999,999,"N",2016,"EMPAID","EMPAID_B-T","EMPAID_B-T","HB",1,"NAD83 11N",4984310.136,521827.945,3,"PIPO",356,0.997564050259824,2016-05-27,148,1,NA,16.6666666666667,2.5,1,"success",0,"179","175",0.74,7.4043198,300.0969849,27.2082996,10.8535995,34.7902985,27.9846992,27.9846992,4.8107901,88,43,45,8.0451498,34.0569,79.8899002,0,0
"979","EMPAID_NB-T06A_2016","2016-06-30",999,999,"N",2016,"EMPAID","EMPAID_B-T","EMPAID_B-T","HB",1,"NAD83 11N",4984310.136,521827.945,3,"PIPO",356,0.997564050259824,2016-05-27,148,1,NA,16.6666666666667,2.5,1,"success",0,"182","179",0.74,7.4043198,300.0969849,27.2082996,10.8535995,34.7902985,27.9846992,27.9846992,4.8107901,88,43,45,8.0451498,34.0569,79.8899002,0,0
"980","EMPAID_NB-T06A_2016","2016-07-11",999,999,"F",2016,"EMPAID","EMPAID_B-T","EMPAID_B-T","HB",1,"NAD83 11N",4984310.136,521827.945,3,"PIPO",356,0.997564050259824,2016-05-27,148,1,NA,16.6666666666667,2.5,1,"success",0,"193","182",0.74,7.4043198,300.0969849,27.2082996,10.8535995,34.7902985,27.9846992,27.9846992,4.8107901,88,43,45,8.0451498,34.0569,79.8899002,0,0
"981","EMPAID_NB-T06A_2019","2019-06-14",2,0,"I",2019,"EMPAID","EMPAID_B-T","EMPAID_B-T","HB",9,"NAD83 11N",4984278.545,521845.712,5,"PIPO",59,0.515038074910054,NA,NA,0,0,16.6666666666667,5,1,"failure",1,"165",NA,0.668298,7.4266801,318.0069885,27.9829998,10.2376003,34.4968987,28.0140991,28.0140991,4.75213,84,37,47,8.3700104,35.2596016,80.9403,0,0
"982","EMPAID_NB-T06A_2019","2019-06-25",0,0,"I",2019,"EMPAID","EMPAID_B-T","EMPAID_B-T","HB",9,"NAD83 11N",4984278.545,521845.712,5,"PIPO",59,0.515038074910054,NA,NA,0,0,16.6666666666667,5,1,"failure",1,"176","165",0.668298,7.4266801,318.0069885,27.9829998,10.2376003,34.4968987,28.0140991,28.0140991,4.75213,84,37,47,8.3700104,35.2596016,80.9403,0,0
"983","EMPAID_NB-T08A_2012","2012-07-03",2,1,"N",2012,"EMPAID","EMPAID_B-T","EMPAID_B-T","H",3,"NAD83 11N",4983628.91,522358.876,2.5,"PIPO",48,0.669130606358858,2012-06-18,170,0,0,50,2.5,0.777777777777778,"failure",1,"185",NA,0.405,1.39296,156.1860046,27.7455006,7.12819,26.0779991,13.3177004,13.3177004,1.2027,86,32,54,4.37637,36.7849998,10.3542995,0,0
"984","EMPAID_NB-T08A_2012","2012-07-05",999,999,"N",2012,"EMPAID","EMPAID_B-T","EMPAID_B-T","H",3,"NAD83 11N",4983628.91,522358.876,2.5,"PIPO",48,0.669130606358858,2012-06-18,170,0,0,50,2.5,0.777777777777778,"failure",0,"187","185",0.405,1.39296,156.1860046,27.7455006,7.12819,26.0779991,13.3177004,13.3177004,1.2027,86,32,54,4.37637,36.7849998,10.3542995,0,0
"985","EMPAID_NB-T08A_2012","2012-07-08",0,0,"N",2012,"EMPAID","EMPAID_B-T","EMPAID_B-T","H",3,"NAD83 11N",4983628.91,522358.876,2.5,"PIPO",48,0.669130606358858,2012-06-18,170,0,0,50,2.5,0.777777777777778,"failure",1,"190","187",0.405,1.39296,156.1860046,27.7455006,7.12819,26.0779991,13.3177004,13.3177004,1.2027,86,32,54,4.37637,36.7849998,10.3542995,0,0
"986","EMPAID_NB-T10A_2012","2012-06-15",0,2,"N",2012,"EMPAID","EMPAID_B-T","EMPAID_B-T","U",3,"NAD83 11N",4982739.367,521801.657,2.6,"PIPO",65,0.422618261740699,2012-05-28,149,0,0,25,15,0.9,"failure",1,"167",NA,0.335769,0.689381,102.6230011,23.6926003,5.6908202,18.4512005,7.71487,7.71487,0.704019,107,55,52,2.1336901,12.9949999,4.78722,0,0
"987","EMPAID_NB-T10A_2012","2012-06-18",999,999,"N",2012,"EMPAID","EMPAID_B-T","EMPAID_B-T","U",3,"NAD83 11N",4982739.367,521801.657,2.6,"PIPO",65,0.422618261740699,2012-05-28,149,0,0,25,15,0.9,"failure",0,"170","167",0.335769,0.689381,102.6230011,23.6926003,5.6908202,18.4512005,7.71487,7.71487,0.704019,107,55,52,2.1336901,12.9949999,4.78722,0,0
"988","EMPAID_NB-T10A_2012","2012-06-21",0,0,"N",2012,"EMPAID","EMPAID_B-T","EMPAID_B-T","U",3,"NAD83 11N",4982739.367,521801.657,2.6,"PIPO",65,0.422618261740699,2012-05-28,149,0,0,25,15,0.9,"failure",1,"173","170",0.335769,0.689381,102.6230011,23.6926003,5.6908202,18.4512005,7.71487,7.71487,0.704019,107,55,52,2.1336901,12.9949999,4.78722,0,0
"989","EMPAID_NB-T10A_2013","2013-07-03",1,1,"N",2013,"EMPAID","EMPAID_B-T","EMPAID_B-T","H",1,"NAD83 11N",4982616.53278,521970.083322,2,"PIPO",99,-0.156434465040231,2013-06-01,152,1,NA,50,5,0.875,"success",1,"184",NA,0.334,0.721617,107.7279968,29.2509995,4.8987999,18.8911991,7.71487,7.71487,0.704019,96,51,45,1.85514,10.5309,4.78722,0,0
"990","EMPAID_NB-T10A_2013","2013-07-08",999,999,"N",2013,"EMPAID","EMPAID_B-T","EMPAID_B-T","H",1,"NAD83 11N",4982616.53278,521970.083322,2,"PIPO",99,-0.156434465040231,2013-06-01,152,1,NA,50,5,0.875,"success",0,"189","184",0.334,0.721617,107.7279968,29.2509995,4.8987999,18.8911991,7.71487,7.71487,0.704019,96,51,45,1.85514,10.5309,4.78722,0,0
"991","EMPAID_NB-T10A_2013","2013-07-09",1,1,"N",2013,"EMPAID","EMPAID_B-T","EMPAID_B-T","H",1,"NAD83 11N",4982616.53278,521970.083322,2,"PIPO",99,-0.156434465040231,2013-06-01,152,1,NA,50,5,0.875,"success",1,"190","189",0.334,0.721617,107.7279968,29.2509995,4.8987999,18.8911991,7.71487,7.71487,0.704019,96,51,45,1.85514,10.5309,4.78722,0,0
"992","EMPAID_NB-T10A_2013","2013-07-11",0,0,"F",2013,"EMPAID","EMPAID_B-T","EMPAID_B-T","H",1,"NAD83 11N",4982616.53278,521970.083322,2,"PIPO",99,-0.156434465040231,2013-06-01,152,1,NA,50,5,0.875,"success",1,"192","190",0.334,0.721617,107.7279968,29.2509995,4.8987999,18.8911991,7.71487,7.71487,0.704019,96,51,45,1.85514,10.5309,4.78722,0,0
"993","EMPAID_NB-T10A_2014","2014-06-01",0,0,"L",2014,"EMPAID","EMPAID_B-T","EMPAID_B-T","H",1,"NAD83 11N",4982550.943,521934.332,3,"PIPO",248,-0.374606593415912,2014-06-01,152,2,NA,66.6666666666667,2.5,1,"success",1,"152",NA,0.738462,2.18362,139.8930054,6.7675099,9.38692,13.9043999,6.7761798,6.7761798,1.3787,100,61,39,4.94836,9.1815796,4.78722,0,0
"994","EMPAID_NB-T10A_2014","2014-06-02",999,999,"L",2014,"EMPAID","EMPAID_B-T","EMPAID_B-T","H",1,"NAD83 11N",4982550.943,521934.332,3,"PIPO",248,-0.374606593415912,2014-06-01,152,2,NA,66.6666666666667,2.5,1,"success",0,"153","152",0.738462,2.18362,139.8930054,6.7675099,9.38692,13.9043999,6.7761798,6.7761798,1.3787,100,61,39,4.94836,9.1815796,4.78722,0,0
"995","EMPAID_NB-T10A_2014","2014-06-05",4,0,"I",2014,"EMPAID","EMPAID_B-T","EMPAID_B-T","H",1,"NAD83 11N",4982550.943,521934.332,3,"PIPO",248,-0.374606593415912,2014-06-01,152,2,NA,66.6666666666667,2.5,1,"success",1,"156","153",0.738462,2.18362,139.8930054,6.7675099,9.38692,13.9043999,6.7761798,6.7761798,1.3787,100,61,39,4.94836,9.1815796,4.78722,0,0
"996","EMPAID_NB-T10A_2014","2014-06-16",999,999,"I",2014,"EMPAID","EMPAID_B-T","EMPAID_B-T","H",1,"NAD83 11N",4982550.943,521934.332,3,"PIPO",248,-0.374606593415912,2014-06-01,152,2,NA,66.6666666666667,2.5,1,"success",0,"167","156",0.738462,2.18362,139.8930054,6.7675099,9.38692,13.9043999,6.7761798,6.7761798,1.3787,100,61,39,4.94836,9.1815796,4.78722,0,0
"997","EMPAID_NB-T10A_2014","2014-06-18",2,2,"N",2014,"EMPAID","EMPAID_B-T","EMPAID_B-T","H",1,"NAD83 11N",4982550.943,521934.332,3,"PIPO",248,-0.374606593415912,2014-06-01,152,2,NA,66.6666666666667,2.5,1,"success",1,"169","167",0.738462,2.18362,139.8930054,6.7675099,9.38692,13.9043999,6.7761798,6.7761798,1.3787,100,61,39,4.94836,9.1815796,4.78722,0,0
"998","EMPAID_NB-T10A_2014","2014-06-29",0,2,"N",2014,"EMPAID","EMPAID_B-T","EMPAID_B-T","H",1,"NAD83 11N",4982550.943,521934.332,3,"PIPO",248,-0.374606593415912,2014-06-01,152,2,NA,66.6666666666667,2.5,1,"success",1,"180","169",0.738462,2.18362,139.8930054,6.7675099,9.38692,13.9043999,6.7761798,6.7761798,1.3787,100,61,39,4.94836,9.1815796,4.78722,0,0
"999","EMPAID_NB-T10A_2014","2014-07-08",0,2,"N",2014,"EMPAID","EMPAID_B-T","EMPAID_B-T","H",1,"NAD83 11N",4982550.943,521934.332,3,"PIPO",248,-0.374606593415912,2014-06-01,152,2,NA,66.6666666666667,2.5,1,"success",1,"189","180",0.738462,2.18362,139.8930054,6.7675099,9.38692,13.9043999,6.7761798,6.7761798,1.3787,100,61,39,4.94836,9.1815796,4.78722,0,0
"1000","EMPAID_NB-T10A_2014","2014-07-10",0,1,"N",2014,"EMPAID","EMPAID_B-T","EMPAID_B-T","H",1,"NAD83 11N",4982550.943,521934.332,3,"PIPO",248,-0.374606593415912,2014-06-01,152,2,NA,66.6666666666667,2.5,1,"success",1,"191","189",0.738462,2.18362,139.8930054,6.7675099,9.38692,13.9043999,6.7761798,6.7761798,1.3787,100,61,39,4.94836,9.1815796,4.78722,0,0
"1001","EMPAID_NB-T10A_2014","2014-07-15",999,999,"F",2014,"EMPAID","EMPAID_B-T","EMPAID_B-T","H",1,"NAD83 11N",4982550.943,521934.332,3,"PIPO",248,-0.374606593415912,2014-06-01,152,2,NA,66.6666666666667,2.5,1,"success",0,"196","191",0.738462,2.18362,139.8930054,6.7675099,9.38692,13.9043999,6.7761798,6.7761798,1.3787,100,61,39,4.94836,9.1815796,4.78722,0,0
"1002","EMPAID_NB-T10A_2014","2014-07-24",0,0,"F",2014,"EMPAID","EMPAID_B-T","EMPAID_B-T","H",1,"NAD83 11N",4982550.943,521934.332,3,"PIPO",248,-0.374606593415912,2014-06-01,152,2,NA,66.6666666666667,2.5,1,"success",1,"205","196",0.738462,2.18362,139.8930054,6.7675099,9.38692,13.9043999,6.7761798,6.7761798,1.3787,100,61,39,4.94836,9.1815796,4.78722,0,0
"1003","EMPAID_NB-T10A_2017","2017-06-26",999,999,"N",2017,"EMPAID","EMPAID_B-T","EMPAID_B-T","HB",1,"NAD83 11N",4983181.896,521729.21,4,"PIPO",204,-0.913545457642601,2017-05-28,148,2,2,16.6666666666667,7.5,1,"success",1,"177",NA,0.761351,2.5225899,152.0950012,15.8095999,9.1815796,20.7392006,12.3497,12.3497,1.46671,92,55,37,6.2848001,21.0618992,56.0811005,0,0
"1004","EMPAID_NB-T10A_2017","2017-06-30",0,2,"N",2017,"EMPAID","EMPAID_B-T","EMPAID_B-T","HB",1,"NAD83 11N",4983181.896,521729.21,4,"PIPO",204,-0.913545457642601,2017-05-28,148,2,2,16.6666666666667,7.5,1,"success",1,"181","177",0.761351,2.5225899,152.0950012,15.8095999,9.1815796,20.7392006,12.3497,12.3497,1.46671,92,55,37,6.2848001,21.0618992,56.0811005,0,0
"1005","EMPAID_NB-T10A_2017","2017-07-05",999,999,"N",2017,"EMPAID","EMPAID_B-T","EMPAID_B-T","HB",1,"NAD83 11N",4983181.896,521729.21,4,"PIPO",204,-0.913545457642601,2017-05-28,148,2,2,16.6666666666667,7.5,1,"success",0,"186","181",0.761351,2.5225899,152.0950012,15.8095999,9.1815796,20.7392006,12.3497,12.3497,1.46671,92,55,37,6.2848001,21.0618992,56.0811005,0,0
"1006","EMPAID_NB-T10A_2017","2017-07-07",999,999,"F",2017,"EMPAID","EMPAID_B-T","EMPAID_B-T","HB",1,"NAD83 11N",4983181.896,521729.21,4,"PIPO",204,-0.913545457642601,2017-05-28,148,2,2,16.6666666666667,7.5,1,"success",0,"188","186",0.761351,2.5225899,152.0950012,15.8095999,9.1815796,20.7392006,12.3497,12.3497,1.46671,92,55,37,6.2848001,21.0618992,56.0811005,0,0
"1007","EMPAID_NB-T10A_2018","2018-05-24",999,999,"E",2018,"EMPAID","EMPAID_B-T","EMPAID_B-T","H",1,"NAD83 11N",4982582.414,522031.606,2.5,"PIPO",124,-0.559192903470747,2018-05-29,149,3,2,83.3333333333333,10,1,"success",0,"144",NA,0.78975,2.2484601,135.9060059,5.73808,10.2962999,13.7284002,6.9815202,6.9815202,1.3787,101,61,40,5.7989898,9.76826,32.6766014,0,0
"1008","EMPAID_NB-T10A_2018","2018-05-29",999,999,"L",2018,"EMPAID","EMPAID_B-T","EMPAID_B-T","H",1,"NAD83 11N",4982582.414,522031.606,2.5,"PIPO",124,-0.559192903470747,2018-05-29,149,3,2,83.3333333333333,10,1,"success",1,"149","144",0.78975,2.2484601,135.9060059,5.73808,10.2962999,13.7284002,6.9815202,6.9815202,1.3787,101,61,40,5.7989898,9.76826,32.6766014,0,0
"1009","EMPAID_NB-T10A_2018","2018-06-04",4,0,"I",2018,"EMPAID","EMPAID_B-T","EMPAID_B-T","H",1,"NAD83 11N",4982582.414,522031.606,2.5,"PIPO",124,-0.559192903470747,2018-05-29,149,3,2,83.3333333333333,10,1,"success",1,"155","149",0.78975,2.2484601,135.9060059,5.73808,10.2962999,13.7284002,6.9815202,6.9815202,1.3787,101,61,40,5.7989898,9.76826,32.6766014,0,0
"1010","EMPAID_NB-T10A_2018","2018-06-07",999,999,"I",2018,"EMPAID","EMPAID_B-T","EMPAID_B-T","H",1,"NAD83 11N",4982582.414,522031.606,2.5,"PIPO",124,-0.559192903470747,2018-05-29,149,3,2,83.3333333333333,10,1,"success",0,"158","155",0.78975,2.2484601,135.9060059,5.73808,10.2962999,13.7284002,6.9815202,6.9815202,1.3787,101,61,40,5.7989898,9.76826,32.6766014,0,0
"1011","EMPAID_NB-T10A_2018","2018-06-11",4,0,"I",2018,"EMPAID","EMPAID_B-T","EMPAID_B-T","H",1,"NAD83 11N",4982582.414,522031.606,2.5,"PIPO",124,-0.559192903470747,2018-05-29,149,3,2,83.3333333333333,10,1,"success",1,"162","158",0.78975,2.2484601,135.9060059,5.73808,10.2962999,13.7284002,6.9815202,6.9815202,1.3787,101,61,40,5.7989898,9.76826,32.6766014,0,0
"1012","EMPAID_NB-T10A_2018","2018-06-13",999,999,"I",2018,"EMPAID","EMPAID_B-T","EMPAID_B-T","H",1,"NAD83 11N",4982582.414,522031.606,2.5,"PIPO",124,-0.559192903470747,2018-05-29,149,3,2,83.3333333333333,10,1,"success",0,"164","162",0.78975,2.2484601,135.9060059,5.73808,10.2962999,13.7284002,6.9815202,6.9815202,1.3787,101,61,40,5.7989898,9.76826,32.6766014,0,0
"1013","EMPAID_NB-T10A_2018","2018-06-14",1,3,"N",2018,"EMPAID","EMPAID_B-T","EMPAID_B-T","H",1,"NAD83 11N",4982582.414,522031.606,2.5,"PIPO",124,-0.559192903470747,2018-05-29,149,3,2,83.3333333333333,10,1,"success",1,"165","164",0.78975,2.2484601,135.9060059,5.73808,10.2962999,13.7284002,6.9815202,6.9815202,1.3787,101,61,40,5.7989898,9.76826,32.6766014,0,0
"1014","EMPAID_NB-T10A_2018","2018-06-18",1,3,"N",2018,"EMPAID","EMPAID_B-T","EMPAID_B-T","H",1,"NAD83 11N",4982582.414,522031.606,2.5,"PIPO",124,-0.559192903470747,2018-05-29,149,3,2,83.3333333333333,10,1,"success",1,"169","165",0.78975,2.2484601,135.9060059,5.73808,10.2962999,13.7284002,6.9815202,6.9815202,1.3787,101,61,40,5.7989898,9.76826,32.6766014,0,0
"1015","EMPAID_NB-T10A_2018","2018-06-26",0,3,"N",2018,"EMPAID","EMPAID_B-T","EMPAID_B-T","H",1,"NAD83 11N",4982582.414,522031.606,2.5,"PIPO",124,-0.559192903470747,2018-05-29,149,3,2,83.3333333333333,10,1,"success",1,"177","169",0.78975,2.2484601,135.9060059,5.73808,10.2962999,13.7284002,6.9815202,6.9815202,1.3787,101,61,40,5.7989898,9.76826,32.6766014,0,0
"1016","EMPAID_NB-T10A_2018","2018-06-28",999,999,"N",2018,"EMPAID","EMPAID_B-T","EMPAID_B-T","H",1,"NAD83 11N",4982582.414,522031.606,2.5,"PIPO",124,-0.559192903470747,2018-05-29,149,3,2,83.3333333333333,10,1,"success",0,"179","177",0.78975,2.2484601,135.9060059,5.73808,10.2962999,13.7284002,6.9815202,6.9815202,1.3787,101,61,40,5.7989898,9.76826,32.6766014,0,0
"1017","EMPAID_NB-T10A_2018","2018-07-03",0,3,"N",2018,"EMPAID","EMPAID_B-T","EMPAID_B-T","H",1,"NAD83 11N",4982582.414,522031.606,2.5,"PIPO",124,-0.559192903470747,2018-05-29,149,3,2,83.3333333333333,10,1,"success",1,"184","179",0.78975,2.2484601,135.9060059,5.73808,10.2962999,13.7284002,6.9815202,6.9815202,1.3787,101,61,40,5.7989898,9.76826,32.6766014,0,0
"1018","EMPAID_NB-T10A_2018","2018-07-05",999,999,"N",2018,"EMPAID","EMPAID_B-T","EMPAID_B-T","H",1,"NAD83 11N",4982582.414,522031.606,2.5,"PIPO",124,-0.559192903470747,2018-05-29,149,3,2,83.3333333333333,10,1,"success",0,"186","184",0.78975,2.2484601,135.9060059,5.73808,10.2962999,13.7284002,6.9815202,6.9815202,1.3787,101,61,40,5.7989898,9.76826,32.6766014,0,0
"1019","EMPAID_NB-T10A_2018","2018-07-09",0,3,"N",2018,"EMPAID","EMPAID_B-T","EMPAID_B-T","H",1,"NAD83 11N",4982582.414,522031.606,2.5,"PIPO",124,-0.559192903470747,2018-05-29,149,3,2,83.3333333333333,10,1,"success",1,"190","186",0.78975,2.2484601,135.9060059,5.73808,10.2962999,13.7284002,6.9815202,6.9815202,1.3787,101,61,40,5.7989898,9.76826,32.6766014,0,0
"1020","EMPAID_NB-T10A_2018","2018-07-11",0,1,"N",2018,"EMPAID","EMPAID_B-T","EMPAID_B-T","H",1,"NAD83 11N",4982582.414,522031.606,2.5,"PIPO",124,-0.559192903470747,2018-05-29,149,3,2,83.3333333333333,10,1,"success",1,"192","190",0.78975,2.2484601,135.9060059,5.73808,10.2962999,13.7284002,6.9815202,6.9815202,1.3787,101,61,40,5.7989898,9.76826,32.6766014,0,0
"1021","EMPAID_NB-T10A_2018","2018-07-12",0,0,"F",2018,"EMPAID","EMPAID_B-T","EMPAID_B-T","H",1,"NAD83 11N",4982582.414,522031.606,2.5,"PIPO",124,-0.559192903470747,2018-05-29,149,3,2,83.3333333333333,10,1,"success",1,"193","192",0.78975,2.2484601,135.9060059,5.73808,10.2962999,13.7284002,6.9815202,6.9815202,1.3787,101,61,40,5.7989898,9.76826,32.6766014,0,0
"1022","EMPAID_NB-T10A_2019","2019-06-13",5,0,"I",2019,"EMPAID","EMPAID_B-T","EMPAID_B-T","H",3,"NAD83 11N",4982850.961,521828.648,2.4,"PIPO",225,-0.707106781186548,NA,NA,0,0,33.3333333333333,7.5,0.777777777777778,"failure",1,"164",NA,0.756,2.01367,128.9799957,11.6533003,8.6242304,16.5443993,9.4749203,9.4749203,1.3787,88,53,35,5.6637502,15.3416996,46.2392998,0,0
"1023","EMPAID_NB-T10A_2019","2019-06-25",0,0,"I",2019,"EMPAID","EMPAID_B-T","EMPAID_B-T","H",3,"NAD83 11N",4982850.961,521828.648,2.4,"PIPO",225,-0.707106781186548,NA,NA,0,0,33.3333333333333,7.5,0.777777777777778,"failure",1,"176","164",0.756,2.01367,128.9799957,11.6533003,8.6242304,16.5443993,9.4749203,9.4749203,1.3787,88,53,35,5.6637502,15.3416996,46.2392998,0,0
"1024","EMPAID_NB-U01A_2013","2013-06-17",4,0,"I",2013,"EMPAID","EMPAID_B-U","EMPAID_B-U","U",1,"NAD83 11N",4981770.05185,529849.615186,1.8,"PIPO",139,-0.754709580222772,2013-06-05,156,4,NA,41.6666666666667,12.5,0.727272727272727,"success",1,"168",NA,0.8875,5.8368201,236.1499939,14.8092003,20.8271999,46.4945984,42.0651016,42.0651016,3.5787599,100,28,72,12.3596001,0,0,0,0
"1025","EMPAID_NB-U01A_2013","2013-06-21",999,999,"N",2013,"EMPAID","EMPAID_B-U","EMPAID_B-U","U",1,"NAD83 11N",4981770.05185,529849.615186,1.8,"PIPO",139,-0.754709580222772,2013-06-05,156,4,NA,41.6666666666667,12.5,0.727272727272727,"success",0,"172","168",0.8875,5.8368201,236.1499939,14.8092003,20.8271999,46.4945984,42.0651016,42.0651016,3.5787599,100,28,72,12.3596001,0,0,0,0
"1026","EMPAID_NB-U01A_2013","2013-06-25",0,4,"N",2013,"EMPAID","EMPAID_B-U","EMPAID_B-U","U",1,"NAD83 11N",4981770.05185,529849.615186,1.8,"PIPO",139,-0.754709580222772,2013-06-05,156,4,NA,41.6666666666667,12.5,0.727272727272727,"success",1,"176","172",0.8875,5.8368201,236.1499939,14.8092003,20.8271999,46.4945984,42.0651016,42.0651016,3.5787599,100,28,72,12.3596001,0,0,0,0
"1027","EMPAID_NB-U01A_2013","2013-06-27",0,4,"N",2013,"EMPAID","EMPAID_B-U","EMPAID_B-U","U",1,"NAD83 11N",4981770.05185,529849.615186,1.8,"PIPO",139,-0.754709580222772,2013-06-05,156,4,NA,41.6666666666667,12.5,0.727272727272727,"success",1,"178","176",0.8875,5.8368201,236.1499939,14.8092003,20.8271999,46.4945984,42.0651016,42.0651016,3.5787599,100,28,72,12.3596001,0,0,0,0
"1028","EMPAID_NB-U01A_2013","2013-07-03",0,4,"N",2013,"EMPAID","EMPAID_B-U","EMPAID_B-U","U",1,"NAD83 11N",4981770.05185,529849.615186,1.8,"PIPO",139,-0.754709580222772,2013-06-05,156,4,NA,41.6666666666667,12.5,0.727272727272727,"success",1,"184","178",0.8875,5.8368201,236.1499939,14.8092003,20.8271999,46.4945984,42.0651016,42.0651016,3.5787599,100,28,72,12.3596001,0,0,0,0
"1029","EMPAID_NB-U01A_2013","2013-07-04",999,999,"N",2013,"EMPAID","EMPAID_B-U","EMPAID_B-U","U",1,"NAD83 11N",4981770.05185,529849.615186,1.8,"PIPO",139,-0.754709580222772,2013-06-05,156,4,NA,41.6666666666667,12.5,0.727272727272727,"success",0,"185","184",0.8875,5.8368201,236.1499939,14.8092003,20.8271999,46.4945984,42.0651016,42.0651016,3.5787599,100,28,72,12.3596001,0,0,0,0
"1030","EMPAID_NB-U01A_2013","2013-07-08",999,999,"N",2013,"EMPAID","EMPAID_B-U","EMPAID_B-U","U",1,"NAD83 11N",4981770.05185,529849.615186,1.8,"PIPO",139,-0.754709580222772,2013-06-05,156,4,NA,41.6666666666667,12.5,0.727272727272727,"success",0,"189","185",0.8875,5.8368201,236.1499939,14.8092003,20.8271999,46.4945984,42.0651016,42.0651016,3.5787599,100,28,72,12.3596001,0,0,0,0
"1031","EMPAID_NB-U01A_2013","2013-07-10",0,4,"N",2013,"EMPAID","EMPAID_B-U","EMPAID_B-U","U",1,"NAD83 11N",4981770.05185,529849.615186,1.8,"PIPO",139,-0.754709580222772,2013-06-05,156,4,NA,41.6666666666667,12.5,0.727272727272727,"success",1,"191","189",0.8875,5.8368201,236.1499939,14.8092003,20.8271999,46.4945984,42.0651016,42.0651016,3.5787599,100,28,72,12.3596001,0,0,0,0
"1032","EMPAID_NB-U01A_2013","2013-07-11",999,999,"N",2013,"EMPAID","EMPAID_B-U","EMPAID_B-U","U",1,"NAD83 11N",4981770.05185,529849.615186,1.8,"PIPO",139,-0.754709580222772,2013-06-05,156,4,NA,41.6666666666667,12.5,0.727272727272727,"success",0,"192","191",0.8875,5.8368201,236.1499939,14.8092003,20.8271999,46.4945984,42.0651016,42.0651016,3.5787599,100,28,72,12.3596001,0,0,0,0
"1033","EMPAID_NB-U01A_2013","2013-07-15",999,999,"N",2013,"EMPAID","EMPAID_B-U","EMPAID_B-U","U",1,"NAD83 11N",4981770.05185,529849.615186,1.8,"PIPO",139,-0.754709580222772,2013-06-05,156,4,NA,41.6666666666667,12.5,0.727272727272727,"success",0,"196","192",0.8875,5.8368201,236.1499939,14.8092003,20.8271999,46.4945984,42.0651016,42.0651016,3.5787599,100,28,72,12.3596001,0,0,0,0
"1034","EMPAID_NB-U01A_2013","2013-07-17",0,1,"N",2013,"EMPAID","EMPAID_B-U","EMPAID_B-U","U",1,"NAD83 11N",4981770.05185,529849.615186,1.8,"PIPO",139,-0.754709580222772,2013-06-05,156,4,NA,41.6666666666667,12.5,0.727272727272727,"success",1,"198","196",0.8875,5.8368201,236.1499939,14.8092003,20.8271999,46.4945984,42.0651016,42.0651016,3.5787599,100,28,72,12.3596001,0,0,0,0
"1035","EMPAID_NB-U01A_2013","2013-07-20",0,0,"F",2013,"EMPAID","EMPAID_B-U","EMPAID_B-U","U",1,"NAD83 11N",4981770.05185,529849.615186,1.8,"PIPO",139,-0.754709580222772,2013-06-05,156,4,NA,41.6666666666667,12.5,0.727272727272727,"success",1,"201","198",0.8875,5.8368201,236.1499939,14.8092003,20.8271999,46.4945984,42.0651016,42.0651016,3.5787599,100,28,72,12.3596001,0,0,0,0
"1036","EMPAID_NB-U01A_2014","2014-05-30",1,0,"L",2014,"EMPAID","EMPAID_B-U","EMPAID_B-U","U",1,"NAD83 11N",4981977.634,529391.567,2,"PIPO",145,-0.819152044288992,2014-05-30,150,3,NA,100,17.5,0.947368421052632,"success",1,"150",NA,0.678462,3.08816,188.4600067,14.5770998,17.2485008,40.2463989,25.7847004,25.7847004,2.2293899,118,40,78,8.57232,0,0,0,0
"1037","EMPAID_NB-U01A_2014","2014-06-05",999,999,"I",2014,"EMPAID","EMPAID_B-U","EMPAID_B-U","U",1,"NAD83 11N",4981977.634,529391.567,2,"PIPO",145,-0.819152044288992,2014-05-30,150,3,NA,100,17.5,0.947368421052632,"success",0,"156","150",0.678462,3.08816,188.4600067,14.5770998,17.2485008,40.2463989,25.7847004,25.7847004,2.2293899,118,40,78,8.57232,0,0,0,0
"1038","EMPAID_NB-U01A_2014","2014-06-09",999,999,"I",2014,"EMPAID","EMPAID_B-U","EMPAID_B-U","U",1,"NAD83 11N",4981977.634,529391.567,2,"PIPO",145,-0.819152044288992,2014-05-30,150,3,NA,100,17.5,0.947368421052632,"success",0,"160","156",0.678462,3.08816,188.4600067,14.5770998,17.2485008,40.2463989,25.7847004,25.7847004,2.2293899,118,40,78,8.57232,0,0,0,0
"1039","EMPAID_NB-U01A_2014","2014-06-13",999,999,"I",2014,"EMPAID","EMPAID_B-U","EMPAID_B-U","U",1,"NAD83 11N",4981977.634,529391.567,2,"PIPO",145,-0.819152044288992,2014-05-30,150,3,NA,100,17.5,0.947368421052632,"success",0,"164","160",0.678462,3.08816,188.4600067,14.5770998,17.2485008,40.2463989,25.7847004,25.7847004,2.2293899,118,40,78,8.57232,0,0,0,0
"1040","EMPAID_NB-U01A_2014","2014-06-19",0,3,"N",2014,"EMPAID","EMPAID_B-U","EMPAID_B-U","U",1,"NAD83 11N",4981977.634,529391.567,2,"PIPO",145,-0.819152044288992,2014-05-30,150,3,NA,100,17.5,0.947368421052632,"success",1,"170","164",0.678462,3.08816,188.4600067,14.5770998,17.2485008,40.2463989,25.7847004,25.7847004,2.2293899,118,40,78,8.57232,0,0,0,0
"1041","EMPAID_NB-U01A_2014","2014-06-23",0,3,"N",2014,"EMPAID","EMPAID_B-U","EMPAID_B-U","U",1,"NAD83 11N",4981977.634,529391.567,2,"PIPO",145,-0.819152044288992,2014-05-30,150,3,NA,100,17.5,0.947368421052632,"success",1,"174","170",0.678462,3.08816,188.4600067,14.5770998,17.2485008,40.2463989,25.7847004,25.7847004,2.2293899,118,40,78,8.57232,0,0,0,0
"1042","EMPAID_NB-U01A_2014","2014-07-01",999,999,"N",2014,"EMPAID","EMPAID_B-U","EMPAID_B-U","U",1,"NAD83 11N",4981977.634,529391.567,2,"PIPO",145,-0.819152044288992,2014-05-30,150,3,NA,100,17.5,0.947368421052632,"success",0,"182","174",0.678462,3.08816,188.4600067,14.5770998,17.2485008,40.2463989,25.7847004,25.7847004,2.2293899,118,40,78,8.57232,0,0,0,0
"1043","EMPAID_NB-U01A_2014","2014-07-07",0,3,"N",2014,"EMPAID","EMPAID_B-U","EMPAID_B-U","U",1,"NAD83 11N",4981977.634,529391.567,2,"PIPO",145,-0.819152044288992,2014-05-30,150,3,NA,100,17.5,0.947368421052632,"success",1,"188","182",0.678462,3.08816,188.4600067,14.5770998,17.2485008,40.2463989,25.7847004,25.7847004,2.2293899,118,40,78,8.57232,0,0,0,0
"1044","EMPAID_NB-U01A_2014","2014-07-10",0,2,"N",2014,"EMPAID","EMPAID_B-U","EMPAID_B-U","U",1,"NAD83 11N",4981977.634,529391.567,2,"PIPO",145,-0.819152044288992,2014-05-30,150,3,NA,100,17.5,0.947368421052632,"success",1,"191","188",0.678462,3.08816,188.4600067,14.5770998,17.2485008,40.2463989,25.7847004,25.7847004,2.2293899,118,40,78,8.57232,0,0,0,0
"1045","EMPAID_NB-U01A_2014","2014-07-15",0,0,"F",2014,"EMPAID","EMPAID_B-U","EMPAID_B-U","U",1,"NAD83 11N",4981977.634,529391.567,2,"PIPO",145,-0.819152044288992,2014-05-30,150,3,NA,100,17.5,0.947368421052632,"success",1,"196","191",0.678462,3.08816,188.4600067,14.5770998,17.2485008,40.2463989,25.7847004,25.7847004,2.2293899,118,40,78,8.57232,0,0,0,0
"1046","EMPAID_NB-U01A_2015","2015-05-22",999,999,"I",2015,"EMPAID","EMPAID_B-U","EMPAID_B-U","U",1,"NAD83 11N",4981781.218,529841.622,1.4,"PIPO",16,0.961261695938319,2015-05-19,139,1,NA,83.3333333333333,12.5,0.8,"success",0,"142",NA,0.869595,5.6599302,234.7059937,14.5546999,20.9738998,46.1719017,41.3023987,41.3023987,3.5200901,101,27,74,12.1343002,0,0,0,0
"1047","EMPAID_NB-U01A_2015","2015-06-01",3,0,"I",2015,"EMPAID","EMPAID_B-U","EMPAID_B-U","U",1,"NAD83 11N",4981781.218,529841.622,1.4,"PIPO",16,0.961261695938319,2015-05-19,139,1,NA,83.3333333333333,12.5,0.8,"success",1,"152","142",0.869595,5.6599302,234.7059937,14.5546999,20.9738998,46.1719017,41.3023987,41.3023987,3.5200901,101,27,74,12.1343002,0,0,0,0
"1048","EMPAID_NB-U01A_2015","2015-06-04",0,3,"N",2015,"EMPAID","EMPAID_B-U","EMPAID_B-U","U",1,"NAD83 11N",4981781.218,529841.622,1.4,"PIPO",16,0.961261695938319,2015-05-19,139,1,NA,83.3333333333333,12.5,0.8,"success",1,"155","152",0.869595,5.6599302,234.7059937,14.5546999,20.9738998,46.1719017,41.3023987,41.3023987,3.5200901,101,27,74,12.1343002,0,0,0,0
"1049","EMPAID_NB-U01A_2015","2015-06-09",0,3,"N",2015,"EMPAID","EMPAID_B-U","EMPAID_B-U","U",1,"NAD83 11N",4981781.218,529841.622,1.4,"PIPO",16,0.961261695938319,2015-05-19,139,1,NA,83.3333333333333,12.5,0.8,"success",1,"160","155",0.869595,5.6599302,234.7059937,14.5546999,20.9738998,46.1719017,41.3023987,41.3023987,3.5200901,101,27,74,12.1343002,0,0,0,0
"1050","EMPAID_NB-U01A_2015","2015-06-11",0,3,"N",2015,"EMPAID","EMPAID_B-U","EMPAID_B-U","U",1,"NAD83 11N",4981781.218,529841.622,1.4,"PIPO",16,0.961261695938319,2015-05-19,139,1,NA,83.3333333333333,12.5,0.8,"success",1,"162","160",0.869595,5.6599302,234.7059937,14.5546999,20.9738998,46.1719017,41.3023987,41.3023987,3.5200901,101,27,74,12.1343002,0,0,0,0
"1051","EMPAID_NB-U01A_2015","2015-06-16",999,999,"N",2015,"EMPAID","EMPAID_B-U","EMPAID_B-U","U",1,"NAD83 11N",4981781.218,529841.622,1.4,"PIPO",16,0.961261695938319,2015-05-19,139,1,NA,83.3333333333333,12.5,0.8,"success",0,"167","162",0.869595,5.6599302,234.7059937,14.5546999,20.9738998,46.1719017,41.3023987,41.3023987,3.5200901,101,27,74,12.1343002,0,0,0,0
"1052","EMPAID_NB-U01A_2015","2015-06-23",0,1,"N",2015,"EMPAID","EMPAID_B-U","EMPAID_B-U","U",1,"NAD83 11N",4981781.218,529841.622,1.4,"PIPO",16,0.961261695938319,2015-05-19,139,1,NA,83.3333333333333,12.5,0.8,"success",1,"174","167",0.869595,5.6599302,234.7059937,14.5546999,20.9738998,46.1719017,41.3023987,41.3023987,3.5200901,101,27,74,12.1343002,0,0,0,0
"1053","EMPAID_NB-U01A_2015","2015-06-29",0,1,"N",2015,"EMPAID","EMPAID_B-U","EMPAID_B-U","U",1,"NAD83 11N",4981781.218,529841.622,1.4,"PIPO",16,0.961261695938319,2015-05-19,139,1,NA,83.3333333333333,12.5,0.8,"success",1,"180","174",0.869595,5.6599302,234.7059937,14.5546999,20.9738998,46.1719017,41.3023987,41.3023987,3.5200901,101,27,74,12.1343002,0,0,0,0
"1054","EMPAID_NB-U01A_2016","2016-05-29",999,999,"E",2016,"EMPAID","EMPAID_B-U","EMPAID_B-U","U",9,"NAD83 11N",4981856.285,529699.566,4.3,"PIPO",169,-0.981627183447664,2016-06-04,156,0,0,100,10,1,"failure",0,"150",NA,0.853784,4.6887202,211.9360046,14.4038,20.5925007,44.8518982,36.4916,36.4916,3.02141,103,29,74,11.1082001,0,0,0,0
"1055","EMPAID_NB-U01A_2016","2016-06-01",999,999,"E",2016,"EMPAID","EMPAID_B-U","EMPAID_B-U","U",9,"NAD83 11N",4981856.285,529699.566,4.3,"PIPO",169,-0.981627183447664,2016-06-04,156,0,0,100,10,1,"failure",0,"153","150",0.853784,4.6887202,211.9360046,14.4038,20.5925007,44.8518982,36.4916,36.4916,3.02141,103,29,74,11.1082001,0,0,0,0
"1056","EMPAID_NB-U01A_2016","2016-06-08",2,0,"I",2016,"EMPAID","EMPAID_B-U","EMPAID_B-U","U",9,"NAD83 11N",4981856.285,529699.566,4.3,"PIPO",169,-0.981627183447664,2016-06-04,156,0,0,100,10,1,"failure",1,"160","153",0.853784,4.6887202,211.9360046,14.4038,20.5925007,44.8518982,36.4916,36.4916,3.02141,103,29,74,11.1082001,0,0,0,0
"1057","EMPAID_NB-U01A_2016","2016-06-17",0,0,"I",2016,"EMPAID","EMPAID_B-U","EMPAID_B-U","U",9,"NAD83 11N",4981856.285,529699.566,4.3,"PIPO",169,-0.981627183447664,2016-06-04,156,0,0,100,10,1,"failure",1,"169","160",0.853784,4.6887202,211.9360046,14.4038,20.5925007,44.8518982,36.4916,36.4916,3.02141,103,29,74,11.1082001,0,0,0,0
"1058","EMPAID_NB-U02A_2012","2012-06-21",0,3,"N",2012,"EMPAID","EMPAID_B-U","EMPAID_B-U","U",1,"NAD83 11N",4981275.417,530819.66,3.5,"PIPO",107,-0.292371704722737,2012-05-27,148,3,NA,16.6666666666667,22.5,1,"success",1,"173",NA,2.5109999,36.907299,370.1109924,17.5608006,32.7369003,54.7667999,48.4012985,48.4012985,19.2432003,68,28,40,43.6338005,0,0,0,0
"1059","EMPAID_NB-U02A_2012","2012-06-26",999,999,"N",2012,"EMPAID","EMPAID_B-U","EMPAID_B-U","U",1,"NAD83 11N",4981275.417,530819.66,3.5,"PIPO",107,-0.292371704722737,2012-05-27,148,3,NA,16.6666666666667,22.5,1,"success",0,"178","173",2.5109999,36.907299,370.1109924,17.5608006,32.7369003,54.7667999,48.4012985,48.4012985,19.2432003,68,28,40,43.6338005,0,0,0,0
"1060","EMPAID_NB-U02A_2012","2012-06-29",999,999,"N",2012,"EMPAID","EMPAID_B-U","EMPAID_B-U","U",1,"NAD83 11N",4981275.417,530819.66,3.5,"PIPO",107,-0.292371704722737,2012-05-27,148,3,NA,16.6666666666667,22.5,1,"success",0,"181","178",2.5109999,36.907299,370.1109924,17.5608006,32.7369003,54.7667999,48.4012985,48.4012985,19.2432003,68,28,40,43.6338005,0,0,0,0
"1061","EMPAID_NB-U02A_2012","2012-07-02",999,999,"N",2012,"EMPAID","EMPAID_B-U","EMPAID_B-U","U",1,"NAD83 11N",4981275.417,530819.66,3.5,"PIPO",107,-0.292371704722737,2012-05-27,148,3,NA,16.6666666666667,22.5,1,"success",0,"184","181",2.5109999,36.907299,370.1109924,17.5608006,32.7369003,54.7667999,48.4012985,48.4012985,19.2432003,68,28,40,43.6338005,0,0,0,0
"1062","EMPAID_NB-U02A_2012","2012-07-04",999,999,"N",2012,"EMPAID","EMPAID_B-U","EMPAID_B-U","U",1,"NAD83 11N",4981275.417,530819.66,3.5,"PIPO",107,-0.292371704722737,2012-05-27,148,3,NA,16.6666666666667,22.5,1,"success",0,"186","184",2.5109999,36.907299,370.1109924,17.5608006,32.7369003,54.7667999,48.4012985,48.4012985,19.2432003,68,28,40,43.6338005,0,0,0,0
"1063","EMPAID_NB-U02A_2012","2012-07-05",0,2,"N",2012,"EMPAID","EMPAID_B-U","EMPAID_B-U","U",1,"NAD83 11N",4981275.417,530819.66,3.5,"PIPO",107,-0.292371704722737,2012-05-27,148,3,NA,16.6666666666667,22.5,1,"success",1,"187","186",2.5109999,36.907299,370.1109924,17.5608006,32.7369003,54.7667999,48.4012985,48.4012985,19.2432003,68,28,40,43.6338005,0,0,0,0
"1064","EMPAID_NB-U02A_2012","2012-07-08",0,0,"F",2012,"EMPAID","EMPAID_B-U","EMPAID_B-U","U",1,"NAD83 11N",4981275.417,530819.66,3.5,"PIPO",107,-0.292371704722737,2012-05-27,148,3,NA,16.6666666666667,22.5,1,"success",1,"190","187",2.5109999,36.907299,370.1109924,17.5608006,32.7369003,54.7667999,48.4012985,48.4012985,19.2432003,68,28,40,43.6338005,0,0,0,0
"1065","EMPAID_NB-U02A_2013","2013-06-04",999,999,"I",2013,"EMPAID","EMPAID_B-U","EMPAID_B-U","U",9,"NAD83 11N",4981188.31259,530872.198514,16.9,"PIPO",50,0.642787609686539,2013-05-27,147,0,0,33.3333333333333,12.5,0.9,"failure",0,"155",NA,2.9858799,37.6211014,340.5830078,18.2495995,33.0889015,55.5587997,47.0225983,47.0225983,19.5659008,64,30,34,38.8608017,0,0,0,0
"1066","EMPAID_NB-U02A_2013","2013-06-11",999,999,"I",2013,"EMPAID","EMPAID_B-U","EMPAID_B-U","U",9,"NAD83 11N",4981188.31259,530872.198514,16.9,"PIPO",50,0.642787609686539,2013-05-27,147,0,0,33.3333333333333,12.5,0.9,"failure",0,"162","155",2.9858799,37.6211014,340.5830078,18.2495995,33.0889015,55.5587997,47.0225983,47.0225983,19.5659008,64,30,34,38.8608017,0,0,0,0
"1067","EMPAID_NB-U02A_2013","2013-06-14",999,999,"I",2013,"EMPAID","EMPAID_B-U","EMPAID_B-U","U",9,"NAD83 11N",4981188.31259,530872.198514,16.9,"PIPO",50,0.642787609686539,2013-05-27,147,0,0,33.3333333333333,12.5,0.9,"failure",0,"165","162",2.9858799,37.6211014,340.5830078,18.2495995,33.0889015,55.5587997,47.0225983,47.0225983,19.5659008,64,30,34,38.8608017,0,0,0,0
"1068","EMPAID_NB-U02A_2013","2013-06-18",999,999,"I",2013,"EMPAID","EMPAID_B-U","EMPAID_B-U","U",9,"NAD83 11N",4981188.31259,530872.198514,16.9,"PIPO",50,0.642787609686539,2013-05-27,147,0,0,33.3333333333333,12.5,0.9,"failure",0,"169","165",2.9858799,37.6211014,340.5830078,18.2495995,33.0889015,55.5587997,47.0225983,47.0225983,19.5659008,64,30,34,38.8608017,0,0,0,0
"1069","EMPAID_NB-U05A_2015","2015-06-24",4,0,"I",2015,"EMPAID","EMPAID_B-U","EMPAID_B-U","U",9,"NAD83 11N",4980656.013,529553.243,3.8,"PIPO",52,0.615661475325658,2015-06-17,168,0,0,33.3333333333333,5,0.666666666666667,"failure",1,"175",NA,0.974032,11.5791998,329.9670105,19.7581005,19.6832008,47.1986008,45.2625008,45.2625008,8.03755,90,28,62,14.0839996,0,0,0,0
"1070","EMPAID_NB-U05A_2015","2015-06-30",4,0,"I",2015,"EMPAID","EMPAID_B-U","EMPAID_B-U","U",9,"NAD83 11N",4980656.013,529553.243,3.8,"PIPO",52,0.615661475325658,2015-06-17,168,0,0,33.3333333333333,5,0.666666666666667,"failure",1,"181","175",0.974032,11.5791998,329.9670105,19.7581005,19.6832008,47.1986008,45.2625008,45.2625008,8.03755,90,28,62,14.0839996,0,0,0,0
"1071","EMPAID_NB-U05A_2015","2015-07-06",1,3,"N",2015,"EMPAID","EMPAID_B-U","EMPAID_B-U","U",9,"NAD83 11N",4980656.013,529553.243,3.8,"PIPO",52,0.615661475325658,2015-06-17,168,0,0,33.3333333333333,5,0.666666666666667,"failure",1,"187","181",0.974032,11.5791998,329.9670105,19.7581005,19.6832008,47.1986008,45.2625008,45.2625008,8.03755,90,28,62,14.0839996,0,0,0,0
"1072","EMPAID_NB-U05A_2015","2015-07-13",999,999,"N",2015,"EMPAID","EMPAID_B-U","EMPAID_B-U","U",9,"NAD83 11N",4980656.013,529553.243,3.8,"PIPO",52,0.615661475325658,2015-06-17,168,0,0,33.3333333333333,5,0.666666666666667,"failure",0,"194","187",0.974032,11.5791998,329.9670105,19.7581005,19.6832008,47.1986008,45.2625008,45.2625008,8.03755,90,28,62,14.0839996,0,0,0,0
"1073","EMPAID_NB-U05A_2015","2015-07-20",0,0,"N",2015,"EMPAID","EMPAID_B-U","EMPAID_B-U","U",9,"NAD83 11N",4980656.013,529553.243,3.8,"PIPO",52,0.615661475325658,2015-06-17,168,0,0,33.3333333333333,5,0.666666666666667,"failure",1,"201","194",0.974032,11.5791998,329.9670105,19.7581005,19.6832008,47.1986008,45.2625008,45.2625008,8.03755,90,28,62,14.0839996,0,0,0,0
"1074","EMPAID_NBR01A_2018","2018-06-29",0,3,"N",2018,"EMPAID","EMPAID_BR","EMPAID_BR","U",1,"NAD83 11N",4987395.417,525437.512,3.7,"PIPO",161,-0.945518575599317,2018-05-26,146,3,2,8.33333333333333,0,0.25,"success",1,"180",NA,0.633673,2.17383,155.901001,21.2138996,10.1203003,27.0461006,4.8694601,4.8694601,1.3787,108,59,49,4.3071599,0,0,0,0
"1075","EMPAID_NBR01A_2018","2018-07-02",0,3,"N",2018,"EMPAID","EMPAID_BR","EMPAID_BR","U",1,"NAD83 11N",4987395.417,525437.512,3.7,"PIPO",161,-0.945518575599317,2018-05-26,146,3,2,8.33333333333333,0,0.25,"success",1,"183","180",0.633673,2.17383,155.901001,21.2138996,10.1203003,27.0461006,4.8694601,4.8694601,1.3787,108,59,49,4.3071599,0,0,0,0
"1076","EMPAID_NBR01A_2018","2018-07-09",0,0,"F",2018,"EMPAID","EMPAID_BR","EMPAID_BR","U",1,"NAD83 11N",4987395.417,525437.512,3.7,"PIPO",161,-0.945518575599317,2018-05-26,146,3,2,8.33333333333333,0,0.25,"success",1,"190","183",0.633673,2.17383,155.901001,21.2138996,10.1203003,27.0461006,4.8694601,4.8694601,1.3787,108,59,49,4.3071599,0,0,0,0
"1077","EMPAID_NBR04A_2013","2013-06-13",1,0,"L",2013,"EMPAID","EMPAID_BR","EMPAID_BR","U",1,"NAD83 11N",4988676.40622,525405.374599,1.2,"PIPO",108,-0.309016994374947,2013-06-12,163,4,1,33.3333333333333,12.5,0.777777777777778,"success",1,"164",NA,0.704211,2.94417,178.3480072,25.0660992,13.0830002,38.8969994,13.7284002,13.7284002,2.3174,102,45,57,5.1914701,0,0,0,0
"1078","EMPAID_NBR04A_2013","2013-06-17",4,0,"I",2013,"EMPAID","EMPAID_BR","EMPAID_BR","U",1,"NAD83 11N",4988676.40622,525405.374599,1.2,"PIPO",108,-0.309016994374947,2013-06-12,163,4,1,33.3333333333333,12.5,0.777777777777778,"success",1,"168","164",0.704211,2.94417,178.3480072,25.0660992,13.0830002,38.8969994,13.7284002,13.7284002,2.3174,102,45,57,5.1914701,0,0,0,0
"1079","EMPAID_NBR04A_2013","2013-06-24",4,0,"I",2013,"EMPAID","EMPAID_BR","EMPAID_BR","U",1,"NAD83 11N",4988676.40622,525405.374599,1.2,"PIPO",108,-0.309016994374947,2013-06-12,163,4,1,33.3333333333333,12.5,0.777777777777778,"success",1,"175","168",0.704211,2.94417,178.3480072,25.0660992,13.0830002,38.8969994,13.7284002,13.7284002,2.3174,102,45,57,5.1914701,0,0,0,0
"1080","EMPAID_NBR04A_2013","2013-06-27",1,3,"N",2013,"EMPAID","EMPAID_BR","EMPAID_BR","U",1,"NAD83 11N",4988676.40622,525405.374599,1.2,"PIPO",108,-0.309016994374947,2013-06-12,163,4,1,33.3333333333333,12.5,0.777777777777778,"success",1,"178","175",0.704211,2.94417,178.3480072,25.0660992,13.0830002,38.8969994,13.7284002,13.7284002,2.3174,102,45,57,5.1914701,0,0,0,0
"1081","EMPAID_NBR04A_2013","2013-07-02",0,4,"N",2013,"EMPAID","EMPAID_BR","EMPAID_BR","U",1,"NAD83 11N",4988676.40622,525405.374599,1.2,"PIPO",108,-0.309016994374947,2013-06-12,163,4,1,33.3333333333333,12.5,0.777777777777778,"success",1,"183","178",0.704211,2.94417,178.3480072,25.0660992,13.0830002,38.8969994,13.7284002,13.7284002,2.3174,102,45,57,5.1914701,0,0,0,0
"1082","EMPAID_NBR04A_2013","2013-07-04",999,999,"N",2013,"EMPAID","EMPAID_BR","EMPAID_BR","U",1,"NAD83 11N",4988676.40622,525405.374599,1.2,"PIPO",108,-0.309016994374947,2013-06-12,163,4,1,33.3333333333333,12.5,0.777777777777778,"success",0,"185","183",0.704211,2.94417,178.3480072,25.0660992,13.0830002,38.8969994,13.7284002,13.7284002,2.3174,102,45,57,5.1914701,0,0,0,0
"1083","EMPAID_NBR04A_2013","2013-07-08",999,999,"N",2013,"EMPAID","EMPAID_BR","EMPAID_BR","U",1,"NAD83 11N",4988676.40622,525405.374599,1.2,"PIPO",108,-0.309016994374947,2013-06-12,163,4,1,33.3333333333333,12.5,0.777777777777778,"success",0,"189","185",0.704211,2.94417,178.3480072,25.0660992,13.0830002,38.8969994,13.7284002,13.7284002,2.3174,102,45,57,5.1914701,0,0,0,0
"1084","EMPAID_NBR04A_2013","2013-07-11",999,999,"N",2013,"EMPAID","EMPAID_BR","EMPAID_BR","U",1,"NAD83 11N",4988676.40622,525405.374599,1.2,"PIPO",108,-0.309016994374947,2013-06-12,163,4,1,33.3333333333333,12.5,0.777777777777778,"success",0,"192","189",0.704211,2.94417,178.3480072,25.0660992,13.0830002,38.8969994,13.7284002,13.7284002,2.3174,102,45,57,5.1914701,0,0,0,0
"1085","EMPAID_NBR04A_2013","2013-07-15",0,4,"N",2013,"EMPAID","EMPAID_BR","EMPAID_BR","U",1,"NAD83 11N",4988676.40622,525405.374599,1.2,"PIPO",108,-0.309016994374947,2013-06-12,163,4,1,33.3333333333333,12.5,0.777777777777778,"success",1,"196","192",0.704211,2.94417,178.3480072,25.0660992,13.0830002,38.8969994,13.7284002,13.7284002,2.3174,102,45,57,5.1914701,0,0,0,0
"1086","EMPAID_NBR04A_2013","2013-07-18",0,4,"N",2013,"EMPAID","EMPAID_BR","EMPAID_BR","U",1,"NAD83 11N",4988676.40622,525405.374599,1.2,"PIPO",108,-0.309016994374947,2013-06-12,163,4,1,33.3333333333333,12.5,0.777777777777778,"success",1,"199","196",0.704211,2.94417,178.3480072,25.0660992,13.0830002,38.8969994,13.7284002,13.7284002,2.3174,102,45,57,5.1914701,0,0,0,0
"1087","EMPAID_NBR04A_2013","2013-07-22",0,2,"N",2013,"EMPAID","EMPAID_BR","EMPAID_BR","U",1,"NAD83 11N",4988676.40622,525405.374599,1.2,"PIPO",108,-0.309016994374947,2013-06-12,163,4,1,33.3333333333333,12.5,0.777777777777778,"success",1,"203","199",0.704211,2.94417,178.3480072,25.0660992,13.0830002,38.8969994,13.7284002,13.7284002,2.3174,102,45,57,5.1914701,0,0,0,0
"1088","EMPAID_NBR04A_2013","2013-07-24",0,0,"F",2013,"EMPAID","EMPAID_BR","EMPAID_BR","U",1,"NAD83 11N",4988676.40622,525405.374599,1.2,"PIPO",108,-0.309016994374947,2013-06-12,163,4,1,33.3333333333333,12.5,0.777777777777778,"success",1,"205","203",0.704211,2.94417,178.3480072,25.0660992,13.0830002,38.8969994,13.7284002,13.7284002,2.3174,102,45,57,5.1914701,0,0,0,0
"1089","EMPAID_NBWC01A_2012","2012-06-15",0,4,"N",2012,"EMPAID","Incidental","218","U",1,"NAD83 11N",4992622.232,529415.98,2.2,"PIPO",232,-0.615661475325658,2012-05-26,147,2,NA,0,2.5,0.25,"success",1,"167",NA,4.3909101,103.189003,474.3469849,9.1122398,47.2279015,31.3875008,39.7770996,9.7975998,39.7770996,107,74,33,221.2660065,0.440012,0,0,0
"1090","EMPAID_NBWC01A_2012","2012-06-18",999,999,"N",2012,"EMPAID","Incidental","218","U",1,"NAD83 11N",4992622.232,529415.98,2.2,"PIPO",232,-0.615661475325658,2012-05-26,147,2,NA,0,2.5,0.25,"success",0,"170","167",4.3909101,103.189003,474.3469849,9.1122398,47.2279015,31.3875008,39.7770996,9.7975998,39.7770996,107,74,33,221.2660065,0.440012,0,0,0
"1091","EMPAID_NBWC01A_2012","2012-06-20",0,4,"N",2012,"EMPAID","Incidental","218","U",1,"NAD83 11N",4992622.232,529415.98,2.2,"PIPO",232,-0.615661475325658,2012-05-26,147,2,NA,0,2.5,0.25,"success",1,"172","170",4.3909101,103.189003,474.3469849,9.1122398,47.2279015,31.3875008,39.7770996,9.7975998,39.7770996,107,74,33,221.2660065,0.440012,0,0,0
"1092","EMPAID_NBWC01A_2012","2012-06-22",999,999,"N",2012,"EMPAID","Incidental","218","U",1,"NAD83 11N",4992622.232,529415.98,2.2,"PIPO",232,-0.615661475325658,2012-05-26,147,2,NA,0,2.5,0.25,"success",0,"174","172",4.3909101,103.189003,474.3469849,9.1122398,47.2279015,31.3875008,39.7770996,9.7975998,39.7770996,107,74,33,221.2660065,0.440012,0,0,0
"1093","EMPAID_NBWC01A_2012","2012-07-02",999,999,"N",2012,"EMPAID","Incidental","218","U",1,"NAD83 11N",4992622.232,529415.98,2.2,"PIPO",232,-0.615661475325658,2012-05-26,147,2,NA,0,2.5,0.25,"success",0,"184","174",4.3909101,103.189003,474.3469849,9.1122398,47.2279015,31.3875008,39.7770996,9.7975998,39.7770996,107,74,33,221.2660065,0.440012,0,0,0
"1094","EMPAID_NBWC01A_2012","2012-07-05",0,2,"N",2012,"EMPAID","Incidental","218","U",1,"NAD83 11N",4992622.232,529415.98,2.2,"PIPO",232,-0.615661475325658,2012-05-26,147,2,NA,0,2.5,0.25,"success",1,"187","184",4.3909101,103.189003,474.3469849,9.1122398,47.2279015,31.3875008,39.7770996,9.7975998,39.7770996,107,74,33,221.2660065,0.440012,0,0,0
"1095","EMPAID_NBWC01A_2012","2012-07-08",0,0,"F",2012,"EMPAID","Incidental","218","U",1,"NAD83 11N",4992622.232,529415.98,2.2,"PIPO",232,-0.615661475325658,2012-05-26,147,2,NA,0,2.5,0.25,"success",1,"190","187",4.3909101,103.189003,474.3469849,9.1122398,47.2279015,31.3875008,39.7770996,9.7975998,39.7770996,107,74,33,221.2660065,0.440012,0,0,0
"1096","EMPAID_NBWC01A_2013","2013-05-23",0,0,"E",2013,"EMPAID","Incidental","219","U",10,"NAD83 11N",4992622.232,529415.98,1.8,"PIPO",20,0.939692620785908,2013-06-02,153,0,0,0,2.5,0.25,"failure",1,"143",NA,4.3909101,103.189003,474.3469849,9.1122398,47.2279015,31.3875008,39.7770996,9.7975998,39.7770996,107,74,33,221.2660065,0.440012,0,0,0
"1097","EMPAID_NBWC01A_2013","2013-05-24",0,0,"E",2013,"EMPAID","Incidental","219","U",10,"NAD83 11N",4992622.232,529415.98,1.8,"PIPO",20,0.939692620785908,2013-06-02,153,0,0,0,2.5,0.25,"failure",1,"144","143",4.3909101,103.189003,474.3469849,9.1122398,47.2279015,31.3875008,39.7770996,9.7975998,39.7770996,107,74,33,221.2660065,0.440012,0,0,0
"1098","EMPAID_NBWC01A_2013","2013-05-30",0,0,"E",2013,"EMPAID","Incidental","219","U",10,"NAD83 11N",4992622.232,529415.98,1.8,"PIPO",20,0.939692620785908,2013-06-02,153,0,0,0,2.5,0.25,"failure",1,"150","144",4.3909101,103.189003,474.3469849,9.1122398,47.2279015,31.3875008,39.7770996,9.7975998,39.7770996,107,74,33,221.2660065,0.440012,0,0,0
"1099","EMPAID_NBWC01A_2013","2013-06-04",2,0,"L",2013,"EMPAID","Incidental","219","U",10,"NAD83 11N",4992622.232,529415.98,1.8,"PIPO",20,0.939692620785908,2013-06-02,153,0,0,0,2.5,0.25,"failure",1,"155","150",4.3909101,103.189003,474.3469849,9.1122398,47.2279015,31.3875008,39.7770996,9.7975998,39.7770996,107,74,33,221.2660065,0.440012,0,0,0
"1100","EMPAID_NBWC01A_2013","2013-06-06",3,0,"I",2013,"EMPAID","Incidental","219","U",10,"NAD83 11N",4992622.232,529415.98,1.8,"PIPO",20,0.939692620785908,2013-06-02,153,0,0,0,2.5,0.25,"failure",1,"157","155",4.3909101,103.189003,474.3469849,9.1122398,47.2279015,31.3875008,39.7770996,9.7975998,39.7770996,107,74,33,221.2660065,0.440012,0,0,0
"1101","EMPAID_NBWC01A_2013","2013-06-12",3,0,"I",2013,"EMPAID","Incidental","219","U",10,"NAD83 11N",4992622.232,529415.98,1.8,"PIPO",20,0.939692620785908,2013-06-02,153,0,0,0,2.5,0.25,"failure",1,"163","157",4.3909101,103.189003,474.3469849,9.1122398,47.2279015,31.3875008,39.7770996,9.7975998,39.7770996,107,74,33,221.2660065,0.440012,0,0,0
"1102","EMPAID_NBWC01A_2013","2013-06-14",3,0,"I",2013,"EMPAID","Incidental","219","U",10,"NAD83 11N",4992622.232,529415.98,1.8,"PIPO",20,0.939692620785908,2013-06-02,153,0,0,0,2.5,0.25,"failure",1,"165","163",4.3909101,103.189003,474.3469849,9.1122398,47.2279015,31.3875008,39.7770996,9.7975998,39.7770996,107,74,33,221.2660065,0.440012,0,0,0
"1103","EMPAID_NBWC01A_2013","2013-06-17",1,2,"N",2013,"EMPAID","Incidental","219","U",10,"NAD83 11N",4992622.232,529415.98,1.8,"PIPO",20,0.939692620785908,2013-06-02,153,0,0,0,2.5,0.25,"failure",1,"168","165",4.3909101,103.189003,474.3469849,9.1122398,47.2279015,31.3875008,39.7770996,9.7975998,39.7770996,107,74,33,221.2660065,0.440012,0,0,0
"1104","EMPAID_NBWC01A_2013","2013-06-18",1,2,"N",2013,"EMPAID","Incidental","219","U",10,"NAD83 11N",4992622.232,529415.98,1.8,"PIPO",20,0.939692620785908,2013-06-02,153,0,0,0,2.5,0.25,"failure",1,"169","168",4.3909101,103.189003,474.3469849,9.1122398,47.2279015,31.3875008,39.7770996,9.7975998,39.7770996,107,74,33,221.2660065,0.440012,0,0,0
"1105","EMPAID_NBWC01A_2013","2013-06-23",999,999,"N",2013,"EMPAID","Incidental","219","U",10,"NAD83 11N",4992622.232,529415.98,1.8,"PIPO",20,0.939692620785908,2013-06-02,153,0,0,0,2.5,0.25,"failure",0,"174","169",4.3909101,103.189003,474.3469849,9.1122398,47.2279015,31.3875008,39.7770996,9.7975998,39.7770996,107,74,33,221.2660065,0.440012,0,0,0
"1106","EMPAID_NBWC01A_2013","2013-06-24",1,0,"N",2013,"EMPAID","Incidental","219","U",10,"NAD83 11N",4992622.232,529415.98,1.8,"PIPO",20,0.939692620785908,2013-06-02,153,0,0,0,2.5,0.25,"failure",1,"175","174",4.3909101,103.189003,474.3469849,9.1122398,47.2279015,31.3875008,39.7770996,9.7975998,39.7770996,107,74,33,221.2660065,0.440012,0,0,0
"1107","EMPAID_NBWC01A_2014","2014-05-24",999,999,"E",2014,"EMPAID","Incidental","220","U",1,"NAD83 11N",4992625.337,529323.933,2.3,"PIPO",212,-0.848048096156426,2014-05-29,149,3,2,0,5,0.25,"success",0,"144",NA,3.875,64.0157013,393.9559937,7.9387298,45.4678993,32.2382011,29.9500999,9.76826,29.9500999,113,77,36,183.4949951,0,0,0,0
"1108","EMPAID_NBWC01A_2014","2014-05-28",0,0,"E",2014,"EMPAID","Incidental","220","U",1,"NAD83 11N",4992625.337,529323.933,2.3,"PIPO",212,-0.848048096156426,2014-05-29,149,3,2,0,5,0.25,"success",1,"148","144",3.875,64.0157013,393.9559937,7.9387298,45.4678993,32.2382011,29.9500999,9.76826,29.9500999,113,77,36,183.4949951,0,0,0,0
"1109","EMPAID_NBWC01A_2014","2014-06-01",999,999,"L",2014,"EMPAID","Incidental","220","U",1,"NAD83 11N",4992625.337,529323.933,2.3,"PIPO",212,-0.848048096156426,2014-05-29,149,3,2,0,5,0.25,"success",0,"152","148",3.875,64.0157013,393.9559937,7.9387298,45.4678993,32.2382011,29.9500999,9.76826,29.9500999,113,77,36,183.4949951,0,0,0,0
"1110","EMPAID_NBWC01A_2014","2014-06-02",999,999,"I",2014,"EMPAID","Incidental","220","U",1,"NAD83 11N",4992625.337,529323.933,2.3,"PIPO",212,-0.848048096156426,2014-05-29,149,3,2,0,5,0.25,"success",0,"153","152",3.875,64.0157013,393.9559937,7.9387298,45.4678993,32.2382011,29.9500999,9.76826,29.9500999,113,77,36,183.4949951,0,0,0,0
"1111","EMPAID_NBWC01A_2014","2014-06-03",4,0,"I",2014,"EMPAID","Incidental","220","U",1,"NAD83 11N",4992625.337,529323.933,2.3,"PIPO",212,-0.848048096156426,2014-05-29,149,3,2,0,5,0.25,"success",1,"154","153",3.875,64.0157013,393.9559937,7.9387298,45.4678993,32.2382011,29.9500999,9.76826,29.9500999,113,77,36,183.4949951,0,0,0,0
"1112","EMPAID_NBWC01A_2014","2014-06-13",0,4,"N",2014,"EMPAID","Incidental","220","U",1,"NAD83 11N",4992625.337,529323.933,2.3,"PIPO",212,-0.848048096156426,2014-05-29,149,3,2,0,5,0.25,"success",1,"164","154",3.875,64.0157013,393.9559937,7.9387298,45.4678993,32.2382011,29.9500999,9.76826,29.9500999,113,77,36,183.4949951,0,0,0,0
"1113","EMPAID_NBWC01A_2014","2014-06-18",0,3,"N",2014,"EMPAID","Incidental","220","U",1,"NAD83 11N",4992625.337,529323.933,2.3,"PIPO",212,-0.848048096156426,2014-05-29,149,3,2,0,5,0.25,"success",1,"169","164",3.875,64.0157013,393.9559937,7.9387298,45.4678993,32.2382011,29.9500999,9.76826,29.9500999,113,77,36,183.4949951,0,0,0,0
"1114","EMPAID_NBWC01A_2014","2014-06-26",999,999,"N",2014,"EMPAID","Incidental","220","U",1,"NAD83 11N",4992625.337,529323.933,2.3,"PIPO",212,-0.848048096156426,2014-05-29,149,3,2,0,5,0.25,"success",0,"177","169",3.875,64.0157013,393.9559937,7.9387298,45.4678993,32.2382011,29.9500999,9.76826,29.9500999,113,77,36,183.4949951,0,0,0,0
"1115","EMPAID_NBWC01A_2014","2014-06-30",0,3,"N",2014,"EMPAID","Incidental","220","U",1,"NAD83 11N",4992625.337,529323.933,2.3,"PIPO",212,-0.848048096156426,2014-05-29,149,3,2,0,5,0.25,"success",1,"181","177",3.875,64.0157013,393.9559937,7.9387298,45.4678993,32.2382011,29.9500999,9.76826,29.9500999,113,77,36,183.4949951,0,0,0,0
"1116","EMPAID_NBWC01A_2014","2014-07-04",999,999,"N",2014,"EMPAID","Incidental","220","U",1,"NAD83 11N",4992625.337,529323.933,2.3,"PIPO",212,-0.848048096156426,2014-05-29,149,3,2,0,5,0.25,"success",0,"185","181",3.875,64.0157013,393.9559937,7.9387298,45.4678993,32.2382011,29.9500999,9.76826,29.9500999,113,77,36,183.4949951,0,0,0,0
"1117","EMPAID_NBWC01A_2014","2014-07-06",999,999,"N",2014,"EMPAID","Incidental","220","U",1,"NAD83 11N",4992625.337,529323.933,2.3,"PIPO",212,-0.848048096156426,2014-05-29,149,3,2,0,5,0.25,"success",0,"187","185",3.875,64.0157013,393.9559937,7.9387298,45.4678993,32.2382011,29.9500999,9.76826,29.9500999,113,77,36,183.4949951,0,0,0,0
"1118","EMPAID_NBWC01A_2014","2014-07-07",0,2,"N",2014,"EMPAID","Incidental","220","U",1,"NAD83 11N",4992625.337,529323.933,2.3,"PIPO",212,-0.848048096156426,2014-05-29,149,3,2,0,5,0.25,"success",1,"188","187",3.875,64.0157013,393.9559937,7.9387298,45.4678993,32.2382011,29.9500999,9.76826,29.9500999,113,77,36,183.4949951,0,0,0,0
"1119","EMPAID_NBWC01A_2014","2014-07-09",0,0,"F",2014,"EMPAID","Incidental","220","U",1,"NAD83 11N",4992625.337,529323.933,2.3,"PIPO",212,-0.848048096156426,2014-05-29,149,3,2,0,5,0.25,"success",1,"190","188",3.875,64.0157013,393.9559937,7.9387298,45.4678993,32.2382011,29.9500999,9.76826,29.9500999,113,77,36,183.4949951,0,0,0,0
"1120","EMPAID_NBWC01A_2015","2015-06-01",3,0,"L",2015,"EMPAID","Incidental","221","U",9,"NAD83 11N",4992309.81,529472.012,2.1,"PIPO",204,-0.913545457642601,2015-05-30,150,0,0,41.6666666666667,2.5,0.857142857142857,"failure",1,"152",NA,4.9282799,121.0599976,485.4320068,8.3555098,46.5825996,35.7290001,42.8571014,9.2402496,42.8571014,101,72,29,271.4590149,0,0,0,0
"1121","EMPAID_NBWC01A_2015","2015-06-04",4,0,"I",2015,"EMPAID","Incidental","221","U",9,"NAD83 11N",4992309.81,529472.012,2.1,"PIPO",204,-0.913545457642601,2015-05-30,150,0,0,41.6666666666667,2.5,0.857142857142857,"failure",1,"155","152",4.9282799,121.0599976,485.4320068,8.3555098,46.5825996,35.7290001,42.8571014,9.2402496,42.8571014,101,72,29,271.4590149,0,0,0,0
"1122","EMPAID_NBWC01A_2015","2015-06-08",999,999,"I",2015,"EMPAID","Incidental","221","U",9,"NAD83 11N",4992309.81,529472.012,2.1,"PIPO",204,-0.913545457642601,2015-05-30,150,0,0,41.6666666666667,2.5,0.857142857142857,"failure",0,"159","155",4.9282799,121.0599976,485.4320068,8.3555098,46.5825996,35.7290001,42.8571014,9.2402496,42.8571014,101,72,29,271.4590149,0,0,0,0
"1123","EMPAID_NBWC01A_2015","2015-06-10",4,0,"I",2015,"EMPAID","Incidental","221","U",9,"NAD83 11N",4992309.81,529472.012,2.1,"PIPO",204,-0.913545457642601,2015-05-30,150,0,0,41.6666666666667,2.5,0.857142857142857,"failure",1,"161","159",4.9282799,121.0599976,485.4320068,8.3555098,46.5825996,35.7290001,42.8571014,9.2402496,42.8571014,101,72,29,271.4590149,0,0,0,0
"1124","EMPAID_NBWC01A_2015","2015-06-14",999,999,"I",2015,"EMPAID","Incidental","221","U",9,"NAD83 11N",4992309.81,529472.012,2.1,"PIPO",204,-0.913545457642601,2015-05-30,150,0,0,41.6666666666667,2.5,0.857142857142857,"failure",0,"165","161",4.9282799,121.0599976,485.4320068,8.3555098,46.5825996,35.7290001,42.8571014,9.2402496,42.8571014,101,72,29,271.4590149,0,0,0,0
"1125","EMPAID_NBWC01A_2015","2015-06-18",4,0,"I",2015,"EMPAID","Incidental","221","U",9,"NAD83 11N",4992309.81,529472.012,2.1,"PIPO",204,-0.913545457642601,2015-05-30,150,0,0,41.6666666666667,2.5,0.857142857142857,"failure",1,"169","165",4.9282799,121.0599976,485.4320068,8.3555098,46.5825996,35.7290001,42.8571014,9.2402496,42.8571014,101,72,29,271.4590149,0,0,0,0
"1126","EMPAID_NBWC01A_2015","2015-06-29",0,0,"N",2015,"EMPAID","Incidental","221","U",9,"NAD83 11N",4992309.81,529472.012,2.1,"PIPO",204,-0.913545457642601,2015-05-30,150,0,0,41.6666666666667,2.5,0.857142857142857,"failure",1,"180","169",4.9282799,121.0599976,485.4320068,8.3555098,46.5825996,35.7290001,42.8571014,9.2402496,42.8571014,101,72,29,271.4590149,0,0,0,0
"1127","EMPAID_NBWC01A_2016","2016-06-08",4,0,"I",2016,"EMPAID","Incidental","222","U",1,"NAD83 11N",4992203.128,529427.917,1.7,"PIPO",146,-0.829037572555042,2016-05-24,145,2,NA,8.33333333333333,30,1,"success",1,"160",NA,3.7850001,109.098999,527.4840088,8.0085697,44.4118004,38.4864006,39.718399,13.0242996,39.718399,101,65,36,210.6670074,0,0,0,1.20635
"1128","EMPAID_NBWC01A_2016","2016-06-17",2,2,"N",2016,"EMPAID","Incidental","222","U",1,"NAD83 11N",4992203.128,529427.917,1.7,"PIPO",146,-0.829037572555042,2016-05-24,145,2,NA,8.33333333333333,30,1,"success",1,"169","160",3.7850001,109.098999,527.4840088,8.0085697,44.4118004,38.4864006,39.718399,13.0242996,39.718399,101,65,36,210.6670074,0,0,0,1.20635
"1129","EMPAID_NBWC01A_2016","2016-06-21",999,999,"N",2016,"EMPAID","Incidental","222","U",1,"NAD83 11N",4992203.128,529427.917,1.7,"PIPO",146,-0.829037572555042,2016-05-24,145,2,NA,8.33333333333333,30,1,"success",0,"173","169",3.7850001,109.098999,527.4840088,8.0085697,44.4118004,38.4864006,39.718399,13.0242996,39.718399,101,65,36,210.6670074,0,0,0,1.20635
"1130","EMPAID_NBWC01A_2016","2016-06-29",1,2,"N",2016,"EMPAID","Incidental","222","U",1,"NAD83 11N",4992203.128,529427.917,1.7,"PIPO",146,-0.829037572555042,2016-05-24,145,2,NA,8.33333333333333,30,1,"success",1,"181","173",3.7850001,109.098999,527.4840088,8.0085697,44.4118004,38.4864006,39.718399,13.0242996,39.718399,101,65,36,210.6670074,0,0,0,1.20635
"1131","EMPAID_NBWC01A_2016","2016-07-06",0,0,"F",2016,"EMPAID","Incidental","222","U",1,"NAD83 11N",4992203.128,529427.917,1.7,"PIPO",146,-0.829037572555042,2016-05-24,145,2,NA,8.33333333333333,30,1,"success",1,"188","181",3.7850001,109.098999,527.4840088,8.0085697,44.4118004,38.4864006,39.718399,13.0242996,39.718399,101,65,36,210.6670074,0,0,0,1.20635
"1132","EMPAID_NBWC01A_2017","2017-06-30",0,3,"N",2017,"EMPAID","Incidental","223","U",1,"NAD83 11N",4993041.462,529244.913,3.4,"PIPO",174,-0.994521895368273,2017-06-12,163,3,2,25,0,0.2,"success",1,"181",NA,3.45316,18.9904003,212.1179962,6.4151602,42.7691002,33.9981995,10.2669001,7.4215298,10.2669001,107,69,38,73.9190979,0.410678,0,0,1.20635
"1133","EMPAID_NBWC01A_2017","2017-07-05",999,999,"N",2017,"EMPAID","Incidental","223","U",1,"NAD83 11N",4993041.462,529244.913,3.4,"PIPO",174,-0.994521895368273,2017-06-12,163,3,2,25,0,0.2,"success",0,"186","181",3.45316,18.9904003,212.1179962,6.4151602,42.7691002,33.9981995,10.2669001,7.4215298,10.2669001,107,69,38,73.9190979,0.410678,0,0,1.20635
"1134","EMPAID_NBWC01A_2017","2017-07-10",0,3,"N",2017,"EMPAID","Incidental","223","U",1,"NAD83 11N",4993041.462,529244.913,3.4,"PIPO",174,-0.994521895368273,2017-06-12,163,3,2,25,0,0.2,"success",1,"191","186",3.45316,18.9904003,212.1179962,6.4151602,42.7691002,33.9981995,10.2669001,7.4215298,10.2669001,107,69,38,73.9190979,0.410678,0,0,1.20635
"1135","EMPAID_NBWC01A_2017","2017-07-12",999,999,"N",2017,"EMPAID","Incidental","223","U",1,"NAD83 11N",4993041.462,529244.913,3.4,"PIPO",174,-0.994521895368273,2017-06-12,163,3,2,25,0,0.2,"success",0,"193","191",3.45316,18.9904003,212.1179962,6.4151602,42.7691002,33.9981995,10.2669001,7.4215298,10.2669001,107,69,38,73.9190979,0.410678,0,0,1.20635
"1136","EMPAID_NBWC01A_2017","2017-07-17",0,3,"N",2017,"EMPAID","Incidental","223","U",1,"NAD83 11N",4993041.462,529244.913,3.4,"PIPO",174,-0.994521895368273,2017-06-12,163,3,2,25,0,0.2,"success",1,"198","193",3.45316,18.9904003,212.1179962,6.4151602,42.7691002,33.9981995,10.2669001,7.4215298,10.2669001,107,69,38,73.9190979,0.410678,0,0,1.20635
"1137","EMPAID_NBWC01A_2017","2017-07-20",999,999,"N",2017,"EMPAID","Incidental","223","U",1,"NAD83 11N",4993041.462,529244.913,3.4,"PIPO",174,-0.994521895368273,2017-06-12,163,3,2,25,0,0.2,"success",0,"201","198",3.45316,18.9904003,212.1179962,6.4151602,42.7691002,33.9981995,10.2669001,7.4215298,10.2669001,107,69,38,73.9190979,0.410678,0,0,1.20635
"1138","EMPAID_NBWC01A_2017","2017-07-21",0,2,"N",2017,"EMPAID","Incidental","223","U",1,"NAD83 11N",4993041.462,529244.913,3.4,"PIPO",174,-0.994521895368273,2017-06-12,163,3,2,25,0,0.2,"success",1,"202","201",3.45316,18.9904003,212.1179962,6.4151602,42.7691002,33.9981995,10.2669001,7.4215298,10.2669001,107,69,38,73.9190979,0.410678,0,0,1.20635
"1139","EMPAID_NBWC01A_2017","2017-07-24",999,999,"F",2017,"EMPAID","Incidental","223","U",1,"NAD83 11N",4993041.462,529244.913,3.4,"PIPO",174,-0.994521895368273,2017-06-12,163,3,2,25,0,0.2,"success",0,"205","202",3.45316,18.9904003,212.1179962,6.4151602,42.7691002,33.9981995,10.2669001,7.4215298,10.2669001,107,69,38,73.9190979,0.410678,0,0,1.20635
"1140","EMPAID_NBWC01A_2018","2018-05-29",999,999,"L",2018,"EMPAID","Incidental","224","H",3,"NAD83 11N",4992430.737,529447.259,4.4,"PIPO",79,0.190808995376545,2018-05-29,149,0,0,16.6666666666667,2.5,0.75,"failure",0,"149",NA,5.8104,119.7969971,442.9190063,8.4253597,47.3452988,33.2649002,42.9744987,9.7389297,42.9744987,97,72,25,292.9419861,1.2907,0,0,1.20635
"1141","EMPAID_NBWC01A_2018","2018-06-01",1,0,"I",2018,"EMPAID","Incidental","224","H",3,"NAD83 11N",4992430.737,529447.259,4.4,"PIPO",79,0.190808995376545,2018-05-29,149,0,0,16.6666666666667,2.5,0.75,"failure",1,"152","149",5.8104,119.7969971,442.9190063,8.4253597,47.3452988,33.2649002,42.9744987,9.7389297,42.9744987,97,72,25,292.9419861,1.2907,0,0,1.20635
"1142","EMPAID_NBWC01A_2018","2018-06-04",0,0,"I",2018,"EMPAID","Incidental","224","H",3,"NAD83 11N",4992430.737,529447.259,4.4,"PIPO",79,0.190808995376545,2018-05-29,149,0,0,16.6666666666667,2.5,0.75,"failure",1,"155","152",5.8104,119.7969971,442.9190063,8.4253597,47.3452988,33.2649002,42.9744987,9.7389297,42.9744987,97,72,25,292.9419861,1.2907,0,0,1.20635
"1143","EMPAID_NBWC01A_2018","2018-06-07",999,999,"I",2018,"EMPAID","Incidental","224","H",3,"NAD83 11N",4992430.737,529447.259,4.4,"PIPO",79,0.190808995376545,2018-05-29,149,0,0,16.6666666666667,2.5,0.75,"failure",0,"158","155",5.8104,119.7969971,442.9190063,8.4253597,47.3452988,33.2649002,42.9744987,9.7389297,42.9744987,97,72,25,292.9419861,1.2907,0,0,1.20635
"1144","EMPAID_NCC02A_2019","2019-07-11",0,1,"N",2019,"EMPAID","Incidental","225","U",1,"NAD83 11N",4970488.882,527103.888,1,"PSME",126,-0.587785252292473,2019-06-05,156,1,1,58.3333333333333,2.5,0.75,"success",1,"192",NA,1.7686,11.0235996,228.7559967,8.7241201,24.7873001,28.4248009,14.5204,14.5204,5.2508101,108,65,43,22.3560009,1.52537,33.7173996,0,0
"1145","EMPAID_NCC02A_2019","2019-07-12",0,1,"N",2019,"EMPAID","Incidental","225","U",1,"NAD83 11N",4970488.882,527103.888,1,"PSME",126,-0.587785252292473,2019-06-05,156,1,1,58.3333333333333,2.5,0.75,"success",1,"193","192",1.7686,11.0235996,228.7559967,8.7241201,24.7873001,28.4248009,14.5204,14.5204,5.2508101,108,65,43,22.3560009,1.52537,33.7173996,0,0
"1146","EMPAID_NCC02A_2019","2019-07-15",0,0,"F",2019,"EMPAID","Incidental","225","U",1,"NAD83 11N",4970488.882,527103.888,1,"PSME",126,-0.587785252292473,2019-06-05,156,1,1,58.3333333333333,2.5,0.75,"success",1,"196","193",1.7686,11.0235996,228.7559967,8.7241201,24.7873001,28.4248009,14.5204,14.5204,5.2508101,108,65,43,22.3560009,1.52537,33.7173996,0,0
"1147","EMPAID_NCC07A_2013","2013-06-21",4,1,"N",2013,"EMPAID","Incidental","226","B",9,"NAD83 11N",4970965.98741,528949.322401,3,"PIPO",28,0.882947592858927,2013-06-04,155,0,0,75,5,1,"failure",1,"172",NA,0.5184,1.84958,160.2460022,19.1215,12.6723003,33.7048988,23.9365997,23.9365997,1.2613699,119,44,75,4.5356398,0,72.2029037,0,0
"1148","EMPAID_NCC07A_2013","2013-06-25",999,999,"N",2013,"EMPAID","Incidental","226","B",9,"NAD83 11N",4970965.98741,528949.322401,3,"PIPO",28,0.882947592858927,2013-06-04,155,0,0,75,5,1,"failure",0,"176","172",0.5184,1.84958,160.2460022,19.1215,12.6723003,33.7048988,23.9365997,23.9365997,1.2613699,119,44,75,4.5356398,0,72.2029037,0,0
"1149","EMPAID_NCC07A_2013","2013-07-02",0,0,"N",2013,"EMPAID","Incidental","226","B",9,"NAD83 11N",4970965.98741,528949.322401,3,"PIPO",28,0.882947592858927,2013-06-04,155,0,0,75,5,1,"failure",1,"183","176",0.5184,1.84958,160.2460022,19.1215,12.6723003,33.7048988,23.9365997,23.9365997,1.2613699,119,44,75,4.5356398,0,72.2029037,0,0
"1150","EMPAID_NCC08A_2014","2014-06-02",0,0,"E",2014,"EMPAID","Incidental","227","B",9,"NAD83 11N",4971343.109,528736.004,1.7,"PIPO",26,0.898794046299167,2014-06-04,155,0,0,66.6666666666667,10,1,"failure",1,"153",NA,1.45653,16.3043003,319.2789917,7.3643098,23.2619991,25.5499992,12.5256996,12.5256996,10.3549004,115,66,49,17.8913994,0,61.8041,0,0
"1151","EMPAID_NCC08A_2014","2014-06-03",1,0,"L",2014,"EMPAID","Incidental","227","B",9,"NAD83 11N",4971343.109,528736.004,1.7,"PIPO",26,0.898794046299167,2014-06-04,155,0,0,66.6666666666667,10,1,"failure",1,"154","153",1.45653,16.3043003,319.2789917,7.3643098,23.2619991,25.5499992,12.5256996,12.5256996,10.3549004,115,66,49,17.8913994,0,61.8041,0,0
"1152","EMPAID_NCC08A_2014","2014-06-13",3,0,"I",2014,"EMPAID","Incidental","227","B",9,"NAD83 11N",4971343.109,528736.004,1.7,"PIPO",26,0.898794046299167,2014-06-04,155,0,0,66.6666666666667,10,1,"failure",1,"164","154",1.45653,16.3043003,319.2789917,7.3643098,23.2619991,25.5499992,12.5256996,12.5256996,10.3549004,115,66,49,17.8913994,0,61.8041,0,0
"1153","EMPAID_NCC08A_2014","2014-06-18",0,0,"N",2014,"EMPAID","Incidental","227","B",9,"NAD83 11N",4971343.109,528736.004,1.7,"PIPO",26,0.898794046299167,2014-06-04,155,0,0,66.6666666666667,10,1,"failure",1,"169","164",1.45653,16.3043003,319.2789917,7.3643098,23.2619991,25.5499992,12.5256996,12.5256996,10.3549004,115,66,49,17.8913994,0,61.8041,0,0
"1154","EMPAID_NCC10A_2019","2019-06-19",1,2,"N",2019,"EMPAID","Incidental","228","B",10,"NAD83 11N",4972455.402,529165.104,1.4,"PIPO",97,-0.121869343405147,2019-05-27,147,0,0,50,2.5,1,"failure",1,"170",NA,0.712286,4.51332,231.0059967,12.1143999,8.1255503,16.1630993,3.1974199,1.90672,3.1974199,83,48,35,5.24686,0,82.1371002,0,0
"1155","EMPAID_NCC10A_2019","2019-06-21",1,2,"N",2019,"EMPAID","Incidental","228","B",10,"NAD83 11N",4972455.402,529165.104,1.4,"PIPO",97,-0.121869343405147,2019-05-27,147,0,0,50,2.5,1,"failure",1,"172","170",0.712286,4.51332,231.0059967,12.1143999,8.1255503,16.1630993,3.1974199,1.90672,3.1974199,83,48,35,5.24686,0,82.1371002,0,0
"1156","EMPAID_NCC10A_2019","2019-06-25",1,0,"N",2019,"EMPAID","Incidental","228","B",10,"NAD83 11N",4972455.402,529165.104,1.4,"PIPO",97,-0.121869343405147,2019-05-27,147,0,0,50,2.5,1,"failure",1,"176","172",0.712286,4.51332,231.0059967,12.1143999,8.1255503,16.1630993,3.1974199,1.90672,3.1974199,83,48,35,5.24686,0,82.1371002,0,0
"1157","EMPAID_NCP09A_2012","2012-06-21",1,2,"N",2012,"EMPAID","Incidental","229","B",1,"NAD83 11N",4982363.481,522409.617,1.4,"PIPO",139,-0.754709580222772,2012-05-27,148,2,NA,8.33333333333333,0,0.25,"success",1,"173",NA,0.333409,0.728282,108.8280029,44.2860985,4.7814598,29.3633995,20.9445992,20.9445992,0.704019,79,35,44,2.0137801,4.5761199,4.78722,0,0
"1158","EMPAID_NCP09A_2012","2012-06-29",999,999,"N",2012,"EMPAID","Incidental","229","B",1,"NAD83 11N",4982363.481,522409.617,1.4,"PIPO",139,-0.754709580222772,2012-05-27,148,2,NA,8.33333333333333,0,0.25,"success",0,"181","173",0.333409,0.728282,108.8280029,44.2860985,4.7814598,29.3633995,20.9445992,20.9445992,0.704019,79,35,44,2.0137801,4.5761199,4.78722,0,0
"1159","EMPAID_NCP09A_2012","2012-07-03",0,2,"N",2012,"EMPAID","Incidental","229","B",1,"NAD83 11N",4982363.481,522409.617,1.4,"PIPO",139,-0.754709580222772,2012-05-27,148,2,NA,8.33333333333333,0,0.25,"success",1,"185","181",0.333409,0.728282,108.8280029,44.2860985,4.7814598,29.3633995,20.9445992,20.9445992,0.704019,79,35,44,2.0137801,4.5761199,4.78722,0,0
"1160","EMPAID_NCP09A_2012","2012-07-05",999,999,"N",2012,"EMPAID","Incidental","229","B",1,"NAD83 11N",4982363.481,522409.617,1.4,"PIPO",139,-0.754709580222772,2012-05-27,148,2,NA,8.33333333333333,0,0.25,"success",0,"187","185",0.333409,0.728282,108.8280029,44.2860985,4.7814598,29.3633995,20.9445992,20.9445992,0.704019,79,35,44,2.0137801,4.5761199,4.78722,0,0
"1161","EMPAID_NCP09A_2012","2012-07-08",0,0,"F",2012,"EMPAID","Incidental","229","B",1,"NAD83 11N",4982363.481,522409.617,1.4,"PIPO",139,-0.754709580222772,2012-05-27,148,2,NA,8.33333333333333,0,0.25,"success",1,"190","187",0.333409,0.728282,108.8280029,44.2860985,4.7814598,29.3633995,20.9445992,20.9445992,0.704019,79,35,44,2.0137801,4.5761199,4.78722,0,0
"1162","EMPAID_NCR01A_2012","2012-06-15",1,0,"L",2012,"EMPAID","Incidental","230","U",9,"NAD83 11N",4974096.62,525850.709,1.1,"PIPO",270,-1.83697019872103e-16,2012-06-14,166,0,0,33.3333333333333,10,0.8,"failure",1,"167",NA,0.334918,0.871057,126.5230026,40.4294014,6.6588402,35.9636002,17.6005001,17.6005001,0.850689,92,31,61,1.7004499,25.3446999,0,0,0
"1163","EMPAID_NCR01A_2012","2012-06-19",999,999,"I",2012,"EMPAID","Incidental","230","U",9,"NAD83 11N",4974096.62,525850.709,1.1,"PIPO",270,-1.83697019872103e-16,2012-06-14,166,0,0,33.3333333333333,10,0.8,"failure",0,"171","167",0.334918,0.871057,126.5230026,40.4294014,6.6588402,35.9636002,17.6005001,17.6005001,0.850689,92,31,61,1.7004499,25.3446999,0,0,0
"1164","EMPAID_NCR01A_2012","2012-06-22",3,0,"I",2012,"EMPAID","Incidental","230","U",9,"NAD83 11N",4974096.62,525850.709,1.1,"PIPO",270,-1.83697019872103e-16,2012-06-14,166,0,0,33.3333333333333,10,0.8,"failure",1,"174","171",0.334918,0.871057,126.5230026,40.4294014,6.6588402,35.9636002,17.6005001,17.6005001,0.850689,92,31,61,1.7004499,25.3446999,0,0,0
"1165","EMPAID_NCR01A_2012","2012-06-25",999,999,"I",2012,"EMPAID","Incidental","230","U",9,"NAD83 11N",4974096.62,525850.709,1.1,"PIPO",270,-1.83697019872103e-16,2012-06-14,166,0,0,33.3333333333333,10,0.8,"failure",0,"177","174",0.334918,0.871057,126.5230026,40.4294014,6.6588402,35.9636002,17.6005001,17.6005001,0.850689,92,31,61,1.7004499,25.3446999,0,0,0
"1166","EMPAID_NCR01A_2012","2012-07-02",2,0,"I",2012,"EMPAID","Incidental","230","U",9,"NAD83 11N",4974096.62,525850.709,1.1,"PIPO",270,-1.83697019872103e-16,2012-06-14,166,0,0,33.3333333333333,10,0.8,"failure",1,"184","177",0.334918,0.871057,126.5230026,40.4294014,6.6588402,35.9636002,17.6005001,17.6005001,0.850689,92,31,61,1.7004499,25.3446999,0,0,0
"1167","EMPAID_NCR01A_2012","2012-07-05",2,0,"I",2012,"EMPAID","Incidental","230","U",9,"NAD83 11N",4974096.62,525850.709,1.1,"PIPO",270,-1.83697019872103e-16,2012-06-14,166,0,0,33.3333333333333,10,0.8,"failure",1,"187","184",0.334918,0.871057,126.5230026,40.4294014,6.6588402,35.9636002,17.6005001,17.6005001,0.850689,92,31,61,1.7004499,25.3446999,0,0,0
"1168","EMPAID_NCR07A_2012","2012-06-15",1,3,"N",2012,"EMPAID","Incidental","231","H",1,"NAD83 11N",4974737.136,526823.504,1.1,"PIPO",NA,NA,2012-05-23,144,3,NA,8.33333333333333,27.5,0.857142857142857,"success",1,"167",NA,0.644754,3.6154499,214.6499939,21.3633003,12.8190002,37.4303017,22.7339001,22.7339001,3.05075,104,43,61,5.3401599,38.2224007,0,0,0
"1169","EMPAID_NCR07A_2012","2012-06-19",999,999,"N",2012,"EMPAID","Incidental","231","H",1,"NAD83 11N",4974737.136,526823.504,1.1,"PIPO",NA,NA,2012-05-23,144,3,NA,8.33333333333333,27.5,0.857142857142857,"success",0,"171","167",0.644754,3.6154499,214.6499939,21.3633003,12.8190002,37.4303017,22.7339001,22.7339001,3.05075,104,43,61,5.3401599,38.2224007,0,0,0
"1170","EMPAID_NCR07A_2012","2012-06-22",999,999,"N",2012,"EMPAID","Incidental","231","H",1,"NAD83 11N",4974737.136,526823.504,1.1,"PIPO",NA,NA,2012-05-23,144,3,NA,8.33333333333333,27.5,0.857142857142857,"success",0,"174","171",0.644754,3.6154499,214.6499939,21.3633003,12.8190002,37.4303017,22.7339001,22.7339001,3.05075,104,43,61,5.3401599,38.2224007,0,0,0
"1171","EMPAID_NCR07A_2012","2012-06-25",999,999,"N",2012,"EMPAID","Incidental","231","H",1,"NAD83 11N",4974737.136,526823.504,1.1,"PIPO",NA,NA,2012-05-23,144,3,NA,8.33333333333333,27.5,0.857142857142857,"success",0,"177","174",0.644754,3.6154499,214.6499939,21.3633003,12.8190002,37.4303017,22.7339001,22.7339001,3.05075,104,43,61,5.3401599,38.2224007,0,0,0
"1172","EMPAID_NCR07A_2012","2012-06-26",999,999,"N",2012,"EMPAID","Incidental","231","H",1,"NAD83 11N",4974737.136,526823.504,1.1,"PIPO",NA,NA,2012-05-23,144,3,NA,8.33333333333333,27.5,0.857142857142857,"success",0,"178","177",0.644754,3.6154499,214.6499939,21.3633003,12.8190002,37.4303017,22.7339001,22.7339001,3.05075,104,43,61,5.3401599,38.2224007,0,0,0
"1173","EMPAID_NCR07A_2012","2012-07-02",999,999,"N",2012,"EMPAID","Incidental","231","H",1,"NAD83 11N",4974737.136,526823.504,1.1,"PIPO",NA,NA,2012-05-23,144,3,NA,8.33333333333333,27.5,0.857142857142857,"success",0,"184","178",0.644754,3.6154499,214.6499939,21.3633003,12.8190002,37.4303017,22.7339001,22.7339001,3.05075,104,43,61,5.3401599,38.2224007,0,0,0
"1174","EMPAID_NCR07A_2012","2012-07-05",999,999,"F",2012,"EMPAID","Incidental","231","H",1,"NAD83 11N",4974737.136,526823.504,1.1,"PIPO",NA,NA,2012-05-23,144,3,NA,8.33333333333333,27.5,0.857142857142857,"success",0,"187","184",0.644754,3.6154499,214.6499939,21.3633003,12.8190002,37.4303017,22.7339001,22.7339001,3.05075,104,43,61,5.3401599,38.2224007,0,0,0
"1175","EMPAID_NCR07A_2013","2013-06-19",4,0,"I",2013,"EMPAID","Incidental","232","H",5,"NAD83 11N",4974737.136,526823.504,1.5,"PIPO",NA,NA,NA,NA,0,0,8.33333333333333,27.5,0.857142857142857,"failure",1,"170",NA,0.644754,3.6154499,214.6499939,21.3633003,12.8190002,37.4303017,22.7339001,22.7339001,3.05075,104,43,61,5.3401599,38.2224007,7.4036398,0,0
"1176","EMPAID_NCR07A_2013","2013-06-25",0,0,"I",2013,"EMPAID","Incidental","232","H",5,"NAD83 11N",4974737.136,526823.504,1.5,"PIPO",NA,NA,NA,NA,0,0,8.33333333333333,27.5,0.857142857142857,"failure",1,"176","170",0.644754,3.6154499,214.6499939,21.3633003,12.8190002,37.4303017,22.7339001,22.7339001,3.05075,104,43,61,5.3401599,38.2224007,7.4036398,0,0
"1177","EMPAID_NCU04A_2013","2013-06-04",0,0,"E",2013,"EMPAID","EMPAID_CU","EMPAID_CU","U",1,"NAD83 11N",4991215.27858,525672.487706,3.2,"PSME",178,-0.999390827019096,2013-06-07,158,3,NA,16.6666666666667,17.5,0.9,"success",1,"155",NA,1.35422,31.7318993,473.6229858,12.5155001,28.2488003,47.051899,40.6571007,40.6571007,16.6910992,98,34,64,27.9675999,0.352009,0,0,0
"1178","EMPAID_NCU04A_2013","2013-06-07",0,0,"L",2013,"EMPAID","EMPAID_CU","EMPAID_CU","U",1,"NAD83 11N",4991215.27858,525672.487706,3.2,"PSME",178,-0.999390827019096,2013-06-07,158,3,NA,16.6666666666667,17.5,0.9,"success",1,"158","155",1.35422,31.7318993,473.6229858,12.5155001,28.2488003,47.051899,40.6571007,40.6571007,16.6910992,98,34,64,27.9675999,0.352009,0,0,0
"1179","EMPAID_NCU04A_2013","2013-06-10",3,0,"L",2013,"EMPAID","EMPAID_CU","EMPAID_CU","U",1,"NAD83 11N",4991215.27858,525672.487706,3.2,"PSME",178,-0.999390827019096,2013-06-07,158,3,NA,16.6666666666667,17.5,0.9,"success",1,"161","158",1.35422,31.7318993,473.6229858,12.5155001,28.2488003,47.051899,40.6571007,40.6571007,16.6910992,98,34,64,27.9675999,0.352009,0,0,0
"1180","EMPAID_NCU04A_2013","2013-06-13",4,0,"I",2013,"EMPAID","EMPAID_CU","EMPAID_CU","U",1,"NAD83 11N",4991215.27858,525672.487706,3.2,"PSME",178,-0.999390827019096,2013-06-07,158,3,NA,16.6666666666667,17.5,0.9,"success",1,"164","161",1.35422,31.7318993,473.6229858,12.5155001,28.2488003,47.051899,40.6571007,40.6571007,16.6910992,98,34,64,27.9675999,0.352009,0,0,0
"1181","EMPAID_NCU04A_2013","2013-06-17",999,999,"I",2013,"EMPAID","EMPAID_CU","EMPAID_CU","U",1,"NAD83 11N",4991215.27858,525672.487706,3.2,"PSME",178,-0.999390827019096,2013-06-07,158,3,NA,16.6666666666667,17.5,0.9,"success",0,"168","164",1.35422,31.7318993,473.6229858,12.5155001,28.2488003,47.051899,40.6571007,40.6571007,16.6910992,98,34,64,27.9675999,0.352009,0,0,0
"1182","EMPAID_NCU04A_2013","2013-06-21",2,2,"N",2013,"EMPAID","EMPAID_CU","EMPAID_CU","U",1,"NAD83 11N",4991215.27858,525672.487706,3.2,"PSME",178,-0.999390827019096,2013-06-07,158,3,NA,16.6666666666667,17.5,0.9,"success",1,"172","168",1.35422,31.7318993,473.6229858,12.5155001,28.2488003,47.051899,40.6571007,40.6571007,16.6910992,98,34,64,27.9675999,0.352009,0,0,0
"1183","EMPAID_NCU04A_2013","2013-06-24",0,4,"N",2013,"EMPAID","EMPAID_CU","EMPAID_CU","U",1,"NAD83 11N",4991215.27858,525672.487706,3.2,"PSME",178,-0.999390827019096,2013-06-07,158,3,NA,16.6666666666667,17.5,0.9,"success",1,"175","172",1.35422,31.7318993,473.6229858,12.5155001,28.2488003,47.051899,40.6571007,40.6571007,16.6910992,98,34,64,27.9675999,0.352009,0,0,0
"1184","EMPAID_NCU04A_2013","2013-06-26",0,4,"N",2013,"EMPAID","EMPAID_CU","EMPAID_CU","U",1,"NAD83 11N",4991215.27858,525672.487706,3.2,"PSME",178,-0.999390827019096,2013-06-07,158,3,NA,16.6666666666667,17.5,0.9,"success",1,"177","175",1.35422,31.7318993,473.6229858,12.5155001,28.2488003,47.051899,40.6571007,40.6571007,16.6910992,98,34,64,27.9675999,0.352009,0,0,0
"1185","EMPAID_NCU04A_2013","2013-06-27",999,999,"N",2013,"EMPAID","EMPAID_CU","EMPAID_CU","U",1,"NAD83 11N",4991215.27858,525672.487706,3.2,"PSME",178,-0.999390827019096,2013-06-07,158,3,NA,16.6666666666667,17.5,0.9,"success",0,"178","177",1.35422,31.7318993,473.6229858,12.5155001,28.2488003,47.051899,40.6571007,40.6571007,16.6910992,98,34,64,27.9675999,0.352009,0,0,0
"1186","EMPAID_NCU04A_2013","2013-07-01",0,4,"N",2013,"EMPAID","EMPAID_CU","EMPAID_CU","U",1,"NAD83 11N",4991215.27858,525672.487706,3.2,"PSME",178,-0.999390827019096,2013-06-07,158,3,NA,16.6666666666667,17.5,0.9,"success",1,"182","178",1.35422,31.7318993,473.6229858,12.5155001,28.2488003,47.051899,40.6571007,40.6571007,16.6910992,98,34,64,27.9675999,0.352009,0,0,0
"1187","EMPAID_NCU04A_2013","2013-07-02",999,999,"N",2013,"EMPAID","EMPAID_CU","EMPAID_CU","U",1,"NAD83 11N",4991215.27858,525672.487706,3.2,"PSME",178,-0.999390827019096,2013-06-07,158,3,NA,16.6666666666667,17.5,0.9,"success",0,"183","182",1.35422,31.7318993,473.6229858,12.5155001,28.2488003,47.051899,40.6571007,40.6571007,16.6910992,98,34,64,27.9675999,0.352009,0,0,0
"1188","EMPAID_NCU04A_2013","2013-07-03",999,999,"N",2013,"EMPAID","EMPAID_CU","EMPAID_CU","U",1,"NAD83 11N",4991215.27858,525672.487706,3.2,"PSME",178,-0.999390827019096,2013-06-07,158,3,NA,16.6666666666667,17.5,0.9,"success",0,"184","183",1.35422,31.7318993,473.6229858,12.5155001,28.2488003,47.051899,40.6571007,40.6571007,16.6910992,98,34,64,27.9675999,0.352009,0,0,0
"1189","EMPAID_NCU04A_2013","2013-07-04",0,4,"N",2013,"EMPAID","EMPAID_CU","EMPAID_CU","U",1,"NAD83 11N",4991215.27858,525672.487706,3.2,"PSME",178,-0.999390827019096,2013-06-07,158,3,NA,16.6666666666667,17.5,0.9,"success",1,"185","184",1.35422,31.7318993,473.6229858,12.5155001,28.2488003,47.051899,40.6571007,40.6571007,16.6910992,98,34,64,27.9675999,0.352009,0,0,0
"1190","EMPAID_NCU04A_2013","2013-07-08",0,4,"N",2013,"EMPAID","EMPAID_CU","EMPAID_CU","U",1,"NAD83 11N",4991215.27858,525672.487706,3.2,"PSME",178,-0.999390827019096,2013-06-07,158,3,NA,16.6666666666667,17.5,0.9,"success",1,"189","185",1.35422,31.7318993,473.6229858,12.5155001,28.2488003,47.051899,40.6571007,40.6571007,16.6910992,98,34,64,27.9675999,0.352009,0,0,0
"1191","EMPAID_NCU04A_2013","2013-07-11",0,4,"N",2013,"EMPAID","EMPAID_CU","EMPAID_CU","U",1,"NAD83 11N",4991215.27858,525672.487706,3.2,"PSME",178,-0.999390827019096,2013-06-07,158,3,NA,16.6666666666667,17.5,0.9,"success",1,"192","189",1.35422,31.7318993,473.6229858,12.5155001,28.2488003,47.051899,40.6571007,40.6571007,16.6910992,98,34,64,27.9675999,0.352009,0,0,0
"1192","EMPAID_NCU04A_2013","2013-07-15",999,999,"N",2013,"EMPAID","EMPAID_CU","EMPAID_CU","U",1,"NAD83 11N",4991215.27858,525672.487706,3.2,"PSME",178,-0.999390827019096,2013-06-07,158,3,NA,16.6666666666667,17.5,0.9,"success",0,"196","192",1.35422,31.7318993,473.6229858,12.5155001,28.2488003,47.051899,40.6571007,40.6571007,16.6910992,98,34,64,27.9675999,0.352009,0,0,0
"1193","EMPAID_NCU04A_2013","2013-07-16",0,3,"N",2013,"EMPAID","EMPAID_CU","EMPAID_CU","U",1,"NAD83 11N",4991215.27858,525672.487706,3.2,"PSME",178,-0.999390827019096,2013-06-07,158,3,NA,16.6666666666667,17.5,0.9,"success",1,"197","196",1.35422,31.7318993,473.6229858,12.5155001,28.2488003,47.051899,40.6571007,40.6571007,16.6910992,98,34,64,27.9675999,0.352009,0,0,0
"1194","EMPAID_NCU04A_2013","2013-07-17",0,0,"F",2013,"EMPAID","EMPAID_CU","EMPAID_CU","U",1,"NAD83 11N",4991215.27858,525672.487706,3.2,"PSME",178,-0.999390827019096,2013-06-07,158,3,NA,16.6666666666667,17.5,0.9,"success",1,"198","197",1.35422,31.7318993,473.6229858,12.5155001,28.2488003,47.051899,40.6571007,40.6571007,16.6910992,98,34,64,27.9675999,0.352009,0,0,0
"1195","EMPAID_NCU05A_2015","2015-06-04",4,0,"I",2015,"EMPAID","EMPAID_CU","EMPAID_CU","U",1,"NAD83 11N",4991544.695,525250.883,2.1,"PIPO",192,-0.978147600733806,2015-05-29,149,3,NA,0,10,0.4,"success",1,"155",NA,2.3106101,28.3782005,335.8819885,10.0938997,36.9023018,41.5957985,19.5072002,19.5072002,16.6910992,89,40,49,41.7649002,7.4215298,0,0,3.1257
"1196","EMPAID_NCU05A_2015","2015-06-08",999,999,"I",2015,"EMPAID","EMPAID_CU","EMPAID_CU","U",1,"NAD83 11N",4991544.695,525250.883,2.1,"PIPO",192,-0.978147600733806,2015-05-29,149,3,NA,0,10,0.4,"success",0,"159","155",2.3106101,28.3782005,335.8819885,10.0938997,36.9023018,41.5957985,19.5072002,19.5072002,16.6910992,89,40,49,41.7649002,7.4215298,0,0,3.1257
"1197","EMPAID_NCU05A_2015","2015-06-10",4,0,"I",2015,"EMPAID","EMPAID_CU","EMPAID_CU","U",1,"NAD83 11N",4991544.695,525250.883,2.1,"PIPO",192,-0.978147600733806,2015-05-29,149,3,NA,0,10,0.4,"success",1,"161","159",2.3106101,28.3782005,335.8819885,10.0938997,36.9023018,41.5957985,19.5072002,19.5072002,16.6910992,89,40,49,41.7649002,7.4215298,0,0,3.1257
"1198","EMPAID_NCU05A_2015","2015-06-16",0,4,"N",2015,"EMPAID","EMPAID_CU","EMPAID_CU","U",1,"NAD83 11N",4991544.695,525250.883,2.1,"PIPO",192,-0.978147600733806,2015-05-29,149,3,NA,0,10,0.4,"success",1,"167","161",2.3106101,28.3782005,335.8819885,10.0938997,36.9023018,41.5957985,19.5072002,19.5072002,16.6910992,89,40,49,41.7649002,7.4215298,0,0,3.1257
"1199","EMPAID_NCU05A_2015","2015-06-24",0,3,"N",2015,"EMPAID","EMPAID_CU","EMPAID_CU","U",1,"NAD83 11N",4991544.695,525250.883,2.1,"PIPO",192,-0.978147600733806,2015-05-29,149,3,NA,0,10,0.4,"success",1,"175","167",2.3106101,28.3782005,335.8819885,10.0938997,36.9023018,41.5957985,19.5072002,19.5072002,16.6910992,89,40,49,41.7649002,7.4215298,0,0,3.1257
"1200","EMPAID_NCU05A_2015","2015-06-29",999,999,"N",2015,"EMPAID","EMPAID_CU","EMPAID_CU","U",1,"NAD83 11N",4991544.695,525250.883,2.1,"PIPO",192,-0.978147600733806,2015-05-29,149,3,NA,0,10,0.4,"success",0,"180","175",2.3106101,28.3782005,335.8819885,10.0938997,36.9023018,41.5957985,19.5072002,19.5072002,16.6910992,89,40,49,41.7649002,7.4215298,0,0,3.1257
"1201","EMPAID_NCU05A_2015","2015-07-06",0,3,"N",2015,"EMPAID","EMPAID_CU","EMPAID_CU","U",1,"NAD83 11N",4991544.695,525250.883,2.1,"PIPO",192,-0.978147600733806,2015-05-29,149,3,NA,0,10,0.4,"success",1,"187","180",2.3106101,28.3782005,335.8819885,10.0938997,36.9023018,41.5957985,19.5072002,19.5072002,16.6910992,89,40,49,41.7649002,7.4215298,0,0,3.1257
"1202","EMPAID_NCU05A_2015","2015-07-07",999,999,"N",2015,"EMPAID","EMPAID_CU","EMPAID_CU","U",1,"NAD83 11N",4991544.695,525250.883,2.1,"PIPO",192,-0.978147600733806,2015-05-29,149,3,NA,0,10,0.4,"success",0,"188","187",2.3106101,28.3782005,335.8819885,10.0938997,36.9023018,41.5957985,19.5072002,19.5072002,16.6910992,89,40,49,41.7649002,7.4215298,0,0,3.1257
"1203","EMPAID_NCU05A_2015","2015-07-10",0,0,"F",2015,"EMPAID","EMPAID_CU","EMPAID_CU","U",1,"NAD83 11N",4991544.695,525250.883,2.1,"PIPO",192,-0.978147600733806,2015-05-29,149,3,NA,0,10,0.4,"success",1,"191","188",2.3106101,28.3782005,335.8819885,10.0938997,36.9023018,41.5957985,19.5072002,19.5072002,16.6910992,89,40,49,41.7649002,7.4215298,0,0,3.1257
"1204","EMPAID_NCU05A_2016","2016-06-06",0,0,"E",2016,"EMPAID","EMPAID_CU","EMPAID_CU","U",1,"NAD83 11N",4991544.695,525250.883,2.1,"PIPO",192,-0.978147600733806,2016-06-07,159,1,NA,0,10,0.4,"success",1,"158",NA,2.3106101,28.3782005,335.8819885,10.0938997,36.9023018,41.5957985,19.5072002,19.5072002,16.6910992,89,40,49,41.7649002,7.4215298,0,0,3.1257
"1205","EMPAID_NCU05A_2016","2016-06-16",999,999,"I",2016,"EMPAID","EMPAID_CU","EMPAID_CU","U",1,"NAD83 11N",4991544.695,525250.883,2.1,"PIPO",192,-0.978147600733806,2016-06-07,159,1,NA,0,10,0.4,"success",0,"168","158",2.3106101,28.3782005,335.8819885,10.0938997,36.9023018,41.5957985,19.5072002,19.5072002,16.6910992,89,40,49,41.7649002,7.4215298,0,0,3.1257
"1206","EMPAID_NCU05A_2016","2016-06-23",999,999,"N",2016,"EMPAID","EMPAID_CU","EMPAID_CU","U",1,"NAD83 11N",4991544.695,525250.883,2.1,"PIPO",192,-0.978147600733806,2016-06-07,159,1,NA,0,10,0.4,"success",0,"175","168",2.3106101,28.3782005,335.8819885,10.0938997,36.9023018,41.5957985,19.5072002,19.5072002,16.6910992,89,40,49,41.7649002,7.4215298,0,0,3.1257
"1207","EMPAID_NCU05A_2016","2016-06-27",1,1,"N",2016,"EMPAID","EMPAID_CU","EMPAID_CU","U",1,"NAD83 11N",4991544.695,525250.883,2.1,"PIPO",192,-0.978147600733806,2016-06-07,159,1,NA,0,10,0.4,"success",1,"179","175",2.3106101,28.3782005,335.8819885,10.0938997,36.9023018,41.5957985,19.5072002,19.5072002,16.6910992,89,40,49,41.7649002,7.4215298,0,0,3.1257
"1208","EMPAID_NCU05A_2016","2016-07-11",0,1,"N",2016,"EMPAID","EMPAID_CU","EMPAID_CU","U",1,"NAD83 11N",4991544.695,525250.883,2.1,"PIPO",192,-0.978147600733806,2016-06-07,159,1,NA,0,10,0.4,"success",1,"193","179",2.3106101,28.3782005,335.8819885,10.0938997,36.9023018,41.5957985,19.5072002,19.5072002,16.6910992,89,40,49,41.7649002,7.4215298,0,0,3.1257
"1209","EMPAID_NCU05A_2016","2016-07-13",0,1,"N",2016,"EMPAID","EMPAID_CU","EMPAID_CU","U",1,"NAD83 11N",4991544.695,525250.883,2.1,"PIPO",192,-0.978147600733806,2016-06-07,159,1,NA,0,10,0.4,"success",1,"195","193",2.3106101,28.3782005,335.8819885,10.0938997,36.9023018,41.5957985,19.5072002,19.5072002,16.6910992,89,40,49,41.7649002,7.4215298,0,0,3.1257
"1210","EMPAID_NCU05A_2016","2016-07-14",999,999,"N",2016,"EMPAID","EMPAID_CU","EMPAID_CU","U",1,"NAD83 11N",4991544.695,525250.883,2.1,"PIPO",192,-0.978147600733806,2016-06-07,159,1,NA,0,10,0.4,"success",0,"196","195",2.3106101,28.3782005,335.8819885,10.0938997,36.9023018,41.5957985,19.5072002,19.5072002,16.6910992,89,40,49,41.7649002,7.4215298,0,0,3.1257
"1211","EMPAID_NCU05A_2016","2016-07-18",0,0,"F",2016,"EMPAID","EMPAID_CU","EMPAID_CU","U",1,"NAD83 11N",4991544.695,525250.883,2.1,"PIPO",192,-0.978147600733806,2016-06-07,159,1,NA,0,10,0.4,"success",1,"200","196",2.3106101,28.3782005,335.8819885,10.0938997,36.9023018,41.5957985,19.5072002,19.5072002,16.6910992,89,40,49,41.7649002,7.4215298,0,0,3.1257
"1212","EMPAID_NCU07A_2013","2013-05-22",0,0,"E",2013,"EMPAID","EMPAID_CU","EMPAID_CU","H",1,"NAD83 11N",4991607.84,524836.446292,2.8,"PSME",30,0.866025403784439,2013-05-28,148,4,1,8.33333333333333,30,0.692307692307692,"success",1,"142",NA,4.2496901,75.7517014,410.1860046,10.8526001,44.3237991,36.1395988,32.2969017,12.0857,32.2969017,88,56,32,76.0792999,18.7737999,0,0,0
"1213","EMPAID_NCU07A_2013","2013-05-28",0,0,"L",2013,"EMPAID","EMPAID_CU","EMPAID_CU","H",1,"NAD83 11N",4991607.84,524836.446292,2.8,"PSME",30,0.866025403784439,2013-05-28,148,4,1,8.33333333333333,30,0.692307692307692,"success",1,"148","142",4.2496901,75.7517014,410.1860046,10.8526001,44.3237991,36.1395988,32.2969017,12.0857,32.2969017,88,56,32,76.0792999,18.7737999,0,0,0
"1214","EMPAID_NCU07A_2013","2013-06-04",4,0,"I",2013,"EMPAID","EMPAID_CU","EMPAID_CU","H",1,"NAD83 11N",4991607.84,524836.446292,2.8,"PSME",30,0.866025403784439,2013-05-28,148,4,1,8.33333333333333,30,0.692307692307692,"success",1,"155","148",4.2496901,75.7517014,410.1860046,10.8526001,44.3237991,36.1395988,32.2969017,12.0857,32.2969017,88,56,32,76.0792999,18.7737999,0,0,0
"1215","EMPAID_NCU07A_2013","2013-06-07",4,0,"I",2013,"EMPAID","EMPAID_CU","EMPAID_CU","H",1,"NAD83 11N",4991607.84,524836.446292,2.8,"PSME",30,0.866025403784439,2013-05-28,148,4,1,8.33333333333333,30,0.692307692307692,"success",1,"158","155",4.2496901,75.7517014,410.1860046,10.8526001,44.3237991,36.1395988,32.2969017,12.0857,32.2969017,88,56,32,76.0792999,18.7737999,0,0,0
"1216","EMPAID_NCU07A_2013","2013-06-10",999,999,"I",2013,"EMPAID","EMPAID_CU","EMPAID_CU","H",1,"NAD83 11N",4991607.84,524836.446292,2.8,"PSME",30,0.866025403784439,2013-05-28,148,4,1,8.33333333333333,30,0.692307692307692,"success",0,"161","158",4.2496901,75.7517014,410.1860046,10.8526001,44.3237991,36.1395988,32.2969017,12.0857,32.2969017,88,56,32,76.0792999,18.7737999,0,0,0
"1217","EMPAID_NCU07A_2013","2013-06-13",0,4,"N",2013,"EMPAID","EMPAID_CU","EMPAID_CU","H",1,"NAD83 11N",4991607.84,524836.446292,2.8,"PSME",30,0.866025403784439,2013-05-28,148,4,1,8.33333333333333,30,0.692307692307692,"success",1,"164","161",4.2496901,75.7517014,410.1860046,10.8526001,44.3237991,36.1395988,32.2969017,12.0857,32.2969017,88,56,32,76.0792999,18.7737999,0,0,0
"1218","EMPAID_NCU07A_2013","2013-06-17",999,999,"N",2013,"EMPAID","EMPAID_CU","EMPAID_CU","H",1,"NAD83 11N",4991607.84,524836.446292,2.8,"PSME",30,0.866025403784439,2013-05-28,148,4,1,8.33333333333333,30,0.692307692307692,"success",0,"168","164",4.2496901,75.7517014,410.1860046,10.8526001,44.3237991,36.1395988,32.2969017,12.0857,32.2969017,88,56,32,76.0792999,18.7737999,0,0,0
"1219","EMPAID_NCU07A_2013","2013-06-21",999,999,"N",2013,"EMPAID","EMPAID_CU","EMPAID_CU","H",1,"NAD83 11N",4991607.84,524836.446292,2.8,"PSME",30,0.866025403784439,2013-05-28,148,4,1,8.33333333333333,30,0.692307692307692,"success",0,"172","168",4.2496901,75.7517014,410.1860046,10.8526001,44.3237991,36.1395988,32.2969017,12.0857,32.2969017,88,56,32,76.0792999,18.7737999,0,0,0
"1220","EMPAID_NCU07A_2013","2013-06-24",999,999,"N",2013,"EMPAID","EMPAID_CU","EMPAID_CU","H",1,"NAD83 11N",4991607.84,524836.446292,2.8,"PSME",30,0.866025403784439,2013-05-28,148,4,1,8.33333333333333,30,0.692307692307692,"success",0,"175","172",4.2496901,75.7517014,410.1860046,10.8526001,44.3237991,36.1395988,32.2969017,12.0857,32.2969017,88,56,32,76.0792999,18.7737999,0,0,0
"1221","EMPAID_NCU07A_2013","2013-06-26",0,3,"N",2013,"EMPAID","EMPAID_CU","EMPAID_CU","H",1,"NAD83 11N",4991607.84,524836.446292,2.8,"PSME",30,0.866025403784439,2013-05-28,148,4,1,8.33333333333333,30,0.692307692307692,"success",1,"177","175",4.2496901,75.7517014,410.1860046,10.8526001,44.3237991,36.1395988,32.2969017,12.0857,32.2969017,88,56,32,76.0792999,18.7737999,0,0,0
"1222","EMPAID_NCU07A_2013","2013-07-01",0,3,"N",2013,"EMPAID","EMPAID_CU","EMPAID_CU","H",1,"NAD83 11N",4991607.84,524836.446292,2.8,"PSME",30,0.866025403784439,2013-05-28,148,4,1,8.33333333333333,30,0.692307692307692,"success",1,"182","177",4.2496901,75.7517014,410.1860046,10.8526001,44.3237991,36.1395988,32.2969017,12.0857,32.2969017,88,56,32,76.0792999,18.7737999,0,0,0
"1223","EMPAID_NCU07A_2013","2013-07-03",0,2,"N",2013,"EMPAID","EMPAID_CU","EMPAID_CU","H",1,"NAD83 11N",4991607.84,524836.446292,2.8,"PSME",30,0.866025403784439,2013-05-28,148,4,1,8.33333333333333,30,0.692307692307692,"success",1,"184","182",4.2496901,75.7517014,410.1860046,10.8526001,44.3237991,36.1395988,32.2969017,12.0857,32.2969017,88,56,32,76.0792999,18.7737999,0,0,0
"1224","EMPAID_NCU07A_2013","2013-07-04",0,2,"N",2013,"EMPAID","EMPAID_CU","EMPAID_CU","H",1,"NAD83 11N",4991607.84,524836.446292,2.8,"PSME",30,0.866025403784439,2013-05-28,148,4,1,8.33333333333333,30,0.692307692307692,"success",1,"185","184",4.2496901,75.7517014,410.1860046,10.8526001,44.3237991,36.1395988,32.2969017,12.0857,32.2969017,88,56,32,76.0792999,18.7737999,0,0,0
"1225","EMPAID_NCU07A_2013","2013-07-08",0,0,"F",2013,"EMPAID","EMPAID_CU","EMPAID_CU","H",1,"NAD83 11N",4991607.84,524836.446292,2.8,"PSME",30,0.866025403784439,2013-05-28,148,4,1,8.33333333333333,30,0.692307692307692,"success",1,"189","185",4.2496901,75.7517014,410.1860046,10.8526001,44.3237991,36.1395988,32.2969017,12.0857,32.2969017,88,56,32,76.0792999,18.7737999,0,0,0
"1226","EMPAID_NCU09A_2014","2014-06-30",0,0,"E",2014,"EMPAID","EMPAID_CU","EMPAID_CU","H",10,"NAD83 11N",4991423.259,524266.215,2.4,"PIPO",342,0.951056516295154,2014-07-01,182,0,0,8.33333333333333,2.5,0.4,"failure",1,"181",NA,3.8863599,65.7173996,398.8699951,9.2735596,41.8011017,36.8437004,28.1900997,12.3497,28.1900997,92,59,33,82.3305969,33.4995995,0,0,0
"1227","EMPAID_NCU09A_2014","2014-07-07",4,0,"I",2014,"EMPAID","EMPAID_CU","EMPAID_CU","H",10,"NAD83 11N",4991423.259,524266.215,2.4,"PIPO",342,0.951056516295154,2014-07-01,182,0,0,8.33333333333333,2.5,0.4,"failure",1,"188","181",3.8863599,65.7173996,398.8699951,9.2735596,41.8011017,36.8437004,28.1900997,12.3497,28.1900997,92,59,33,82.3305969,33.4995995,0,0,0
"1228","EMPAID_NCU09A_2014","2014-07-09",999,999,"I",2014,"EMPAID","EMPAID_CU","EMPAID_CU","H",10,"NAD83 11N",4991423.259,524266.215,2.4,"PIPO",342,0.951056516295154,2014-07-01,182,0,0,8.33333333333333,2.5,0.4,"failure",0,"190","188",3.8863599,65.7173996,398.8699951,9.2735596,41.8011017,36.8437004,28.1900997,12.3497,28.1900997,92,59,33,82.3305969,33.4995995,0,0,0
"1229","EMPAID_NCU09A_2014","2014-07-17",1,3,"N",2014,"EMPAID","EMPAID_CU","EMPAID_CU","H",10,"NAD83 11N",4991423.259,524266.215,2.4,"PIPO",342,0.951056516295154,2014-07-01,182,0,0,8.33333333333333,2.5,0.4,"failure",1,"198","190",3.8863599,65.7173996,398.8699951,9.2735596,41.8011017,36.8437004,28.1900997,12.3497,28.1900997,92,59,33,82.3305969,33.4995995,0,0,0
"1230","EMPAID_NCU09A_2014","2014-07-18",1,2,"N",2014,"EMPAID","EMPAID_CU","EMPAID_CU","H",10,"NAD83 11N",4991423.259,524266.215,2.4,"PIPO",342,0.951056516295154,2014-07-01,182,0,0,8.33333333333333,2.5,0.4,"failure",1,"199","198",3.8863599,65.7173996,398.8699951,9.2735596,41.8011017,36.8437004,28.1900997,12.3497,28.1900997,92,59,33,82.3305969,33.4995995,0,0,0
"1231","EMPAID_NCU09A_2015","2015-06-04",1,0,"L",2015,"EMPAID","EMPAID_CU","EMPAID_CU","U",1,"NAD83 11N",4991349.43,524387.954,2.2,"PIPO",194,-0.970295726275996,2015-06-03,154,3,NA,8.33333333333333,7.5,0.5,"success",1,"155",NA,3.6518199,59.8278008,392.2120056,9.1995802,39.2784004,39.1024017,25.843399,16.2511005,25.843399,87,54,33,71.6850967,28.3367996,0,0,5.4365501
"1232","EMPAID_NCU09A_2015","2015-06-10",4,0,"I",2015,"EMPAID","EMPAID_CU","EMPAID_CU","U",1,"NAD83 11N",4991349.43,524387.954,2.2,"PIPO",194,-0.970295726275996,2015-06-03,154,3,NA,8.33333333333333,7.5,0.5,"success",1,"161","155",3.6518199,59.8278008,392.2120056,9.1995802,39.2784004,39.1024017,25.843399,16.2511005,25.843399,87,54,33,71.6850967,28.3367996,0,0,5.4365501
"1233","EMPAID_NCU09A_2015","2015-06-16",999,999,"I",2015,"EMPAID","EMPAID_CU","EMPAID_CU","U",1,"NAD83 11N",4991349.43,524387.954,2.2,"PIPO",194,-0.970295726275996,2015-06-03,154,3,NA,8.33333333333333,7.5,0.5,"success",0,"167","161",3.6518199,59.8278008,392.2120056,9.1995802,39.2784004,39.1024017,25.843399,16.2511005,25.843399,87,54,33,71.6850967,28.3367996,0,0,5.4365501
"1234","EMPAID_NCU09A_2015","2015-06-17",1,2,"N",2015,"EMPAID","EMPAID_CU","EMPAID_CU","U",1,"NAD83 11N",4991349.43,524387.954,2.2,"PIPO",194,-0.970295726275996,2015-06-03,154,3,NA,8.33333333333333,7.5,0.5,"success",1,"168","167",3.6518199,59.8278008,392.2120056,9.1995802,39.2784004,39.1024017,25.843399,16.2511005,25.843399,87,54,33,71.6850967,28.3367996,0,0,5.4365501
"1235","EMPAID_NCU09A_2015","2015-06-24",999,999,"N",2015,"EMPAID","EMPAID_CU","EMPAID_CU","U",1,"NAD83 11N",4991349.43,524387.954,2.2,"PIPO",194,-0.970295726275996,2015-06-03,154,3,NA,8.33333333333333,7.5,0.5,"success",0,"175","168",3.6518199,59.8278008,392.2120056,9.1995802,39.2784004,39.1024017,25.843399,16.2511005,25.843399,87,54,33,71.6850967,28.3367996,0,0,5.4365501
"1236","EMPAID_NCU09A_2015","2015-07-06",0,3,"N",2015,"EMPAID","EMPAID_CU","EMPAID_CU","U",1,"NAD83 11N",4991349.43,524387.954,2.2,"PIPO",194,-0.970295726275996,2015-06-03,154,3,NA,8.33333333333333,7.5,0.5,"success",1,"187","175",3.6518199,59.8278008,392.2120056,9.1995802,39.2784004,39.1024017,25.843399,16.2511005,25.843399,87,54,33,71.6850967,28.3367996,0,0,5.4365501
"1237","EMPAID_NCU09A_2015","2015-07-07",999,999,"N",2015,"EMPAID","EMPAID_CU","EMPAID_CU","U",1,"NAD83 11N",4991349.43,524387.954,2.2,"PIPO",194,-0.970295726275996,2015-06-03,154,3,NA,8.33333333333333,7.5,0.5,"success",0,"188","187",3.6518199,59.8278008,392.2120056,9.1995802,39.2784004,39.1024017,25.843399,16.2511005,25.843399,87,54,33,71.6850967,28.3367996,0,0,5.4365501
"1238","EMPAID_NCU09A_2015","2015-07-10",0,3,"N",2015,"EMPAID","EMPAID_CU","EMPAID_CU","U",1,"NAD83 11N",4991349.43,524387.954,2.2,"PIPO",194,-0.970295726275996,2015-06-03,154,3,NA,8.33333333333333,7.5,0.5,"success",1,"191","188",3.6518199,59.8278008,392.2120056,9.1995802,39.2784004,39.1024017,25.843399,16.2511005,25.843399,87,54,33,71.6850967,28.3367996,0,0,5.4365501
"1239","EMPAID_NCU09A_2015","2015-07-13",0,3,"N",2015,"EMPAID","EMPAID_CU","EMPAID_CU","U",1,"NAD83 11N",4991349.43,524387.954,2.2,"PIPO",194,-0.970295726275996,2015-06-03,154,3,NA,8.33333333333333,7.5,0.5,"success",1,"194","191",3.6518199,59.8278008,392.2120056,9.1995802,39.2784004,39.1024017,25.843399,16.2511005,25.843399,87,54,33,71.6850967,28.3367996,0,0,5.4365501
"1240","EMPAID_NCU09A_2015","2015-07-16",0,0,"F",2015,"EMPAID","EMPAID_CU","EMPAID_CU","U",1,"NAD83 11N",4991349.43,524387.954,2.2,"PIPO",194,-0.970295726275996,2015-06-03,154,3,NA,8.33333333333333,7.5,0.5,"success",1,"197","194",3.6518199,59.8278008,392.2120056,9.1995802,39.2784004,39.1024017,25.843399,16.2511005,25.843399,87,54,33,71.6850967,28.3367996,0,0,5.4365501
"1241","EMPAID_NCU10A_2012","2012-06-12",2,2,"N",2012,"EMPAID","Incidental","239","H",1,"NAD83 11N",4991313.052,523940.244,2,"PIPO",306,0.587785252292473,2012-05-23,144,2,NA,25,20,0.818181818181818,"success",1,"164",NA,5.0469198,69.1528015,356.3980103,8.2056103,42.7691002,35.4356003,28.6301003,8.9762402,28.6301003,90,64,26,113.9509964,35.347599,0,0,0
"1242","EMPAID_NCU10A_2012","2012-06-15",999,999,"N",2012,"EMPAID","Incidental","239","H",1,"NAD83 11N",4991313.052,523940.244,2,"PIPO",306,0.587785252292473,2012-05-23,144,2,NA,25,20,0.818181818181818,"success",0,"167","164",5.0469198,69.1528015,356.3980103,8.2056103,42.7691002,35.4356003,28.6301003,8.9762402,28.6301003,90,64,26,113.9509964,35.347599,0,0,0
"1243","EMPAID_NCU10A_2012","2012-06-18",999,999,"N",2012,"EMPAID","Incidental","239","H",1,"NAD83 11N",4991313.052,523940.244,2,"PIPO",306,0.587785252292473,2012-05-23,144,2,NA,25,20,0.818181818181818,"success",0,"170","167",5.0469198,69.1528015,356.3980103,8.2056103,42.7691002,35.4356003,28.6301003,8.9762402,28.6301003,90,64,26,113.9509964,35.347599,0,0,0
"1244","EMPAID_NCU10A_2012","2012-06-21",999,999,"N",2012,"EMPAID","Incidental","239","H",1,"NAD83 11N",4991313.052,523940.244,2,"PIPO",306,0.587785252292473,2012-05-23,144,2,NA,25,20,0.818181818181818,"success",0,"173","170",5.0469198,69.1528015,356.3980103,8.2056103,42.7691002,35.4356003,28.6301003,8.9762402,28.6301003,90,64,26,113.9509964,35.347599,0,0,0
"1245","EMPAID_NCU10A_2012","2012-06-28",0,2,"N",2012,"EMPAID","Incidental","239","H",1,"NAD83 11N",4991313.052,523940.244,2,"PIPO",306,0.587785252292473,2012-05-23,144,2,NA,25,20,0.818181818181818,"success",1,"180","173",5.0469198,69.1528015,356.3980103,8.2056103,42.7691002,35.4356003,28.6301003,8.9762402,28.6301003,90,64,26,113.9509964,35.347599,0,0,0
"1246","EMPAID_NCU10A_2012","2012-07-02",999,999,"N",2012,"EMPAID","Incidental","239","H",1,"NAD83 11N",4991313.052,523940.244,2,"PIPO",306,0.587785252292473,2012-05-23,144,2,NA,25,20,0.818181818181818,"success",0,"184","180",5.0469198,69.1528015,356.3980103,8.2056103,42.7691002,35.4356003,28.6301003,8.9762402,28.6301003,90,64,26,113.9509964,35.347599,0,0,0
"1247","EMPAID_NCU10A_2012","2012-07-04",999,999,"F",2012,"EMPAID","Incidental","239","H",1,"NAD83 11N",4991313.052,523940.244,2,"PIPO",306,0.587785252292473,2012-05-23,144,2,NA,25,20,0.818181818181818,"success",0,"186","184",5.0469198,69.1528015,356.3980103,8.2056103,42.7691002,35.4356003,28.6301003,8.9762402,28.6301003,90,64,26,113.9509964,35.347599,0,0,0
"1248","EMPAID_NCU10A_2013","2013-05-22",1,0,"L",2013,"EMPAID","EMPAID_CU","EMPAID_CU","H",1,"NAD83 11N",4991339.80794,523993.681907,1.8,"PIPO",240,-0.5,2013-05-22,142,2,NA,16.6666666666667,27.5,0.846153846153846,"success",1,"142",NA,4.8866701,70.8200989,367.321991,8.3812399,43.0037994,35.611599,29.2460995,8.8882399,29.2460995,91,64,27,108.3779984,35.2303009,0,0,0
"1249","EMPAID_NCU10A_2013","2013-05-28",4,0,"I",2013,"EMPAID","EMPAID_CU","EMPAID_CU","H",1,"NAD83 11N",4991339.80794,523993.681907,1.8,"PIPO",240,-0.5,2013-05-22,142,2,NA,16.6666666666667,27.5,0.846153846153846,"success",1,"148","142",4.8866701,70.8200989,367.321991,8.3812399,43.0037994,35.611599,29.2460995,8.8882399,29.2460995,91,64,27,108.3779984,35.2303009,0,0,0
"1250","EMPAID_NCU10A_2013","2013-06-04",4,0,"I",2013,"EMPAID","EMPAID_CU","EMPAID_CU","H",1,"NAD83 11N",4991339.80794,523993.681907,1.8,"PIPO",240,-0.5,2013-05-22,142,2,NA,16.6666666666667,27.5,0.846153846153846,"success",1,"155","148",4.8866701,70.8200989,367.321991,8.3812399,43.0037994,35.611599,29.2460995,8.8882399,29.2460995,91,64,27,108.3779984,35.2303009,0,0,0
"1251","EMPAID_NCU10A_2013","2013-06-07",0,4,"N",2013,"EMPAID","EMPAID_CU","EMPAID_CU","H",1,"NAD83 11N",4991339.80794,523993.681907,1.8,"PIPO",240,-0.5,2013-05-22,142,2,NA,16.6666666666667,27.5,0.846153846153846,"success",1,"158","155",4.8866701,70.8200989,367.321991,8.3812399,43.0037994,35.611599,29.2460995,8.8882399,29.2460995,91,64,27,108.3779984,35.2303009,0,0,0
"1252","EMPAID_NCU10A_2013","2013-06-10",999,999,"N",2013,"EMPAID","EMPAID_CU","EMPAID_CU","H",1,"NAD83 11N",4991339.80794,523993.681907,1.8,"PIPO",240,-0.5,2013-05-22,142,2,NA,16.6666666666667,27.5,0.846153846153846,"success",0,"161","158",4.8866701,70.8200989,367.321991,8.3812399,43.0037994,35.611599,29.2460995,8.8882399,29.2460995,91,64,27,108.3779984,35.2303009,0,0,0
"1253","EMPAID_NCU10A_2013","2013-06-13",0,4,"N",2013,"EMPAID","EMPAID_CU","EMPAID_CU","H",1,"NAD83 11N",4991339.80794,523993.681907,1.8,"PIPO",240,-0.5,2013-05-22,142,2,NA,16.6666666666667,27.5,0.846153846153846,"success",1,"164","161",4.8866701,70.8200989,367.321991,8.3812399,43.0037994,35.611599,29.2460995,8.8882399,29.2460995,91,64,27,108.3779984,35.2303009,0,0,0
"1254","EMPAID_NCU10A_2013","2013-06-17",999,999,"N",2013,"EMPAID","EMPAID_CU","EMPAID_CU","H",1,"NAD83 11N",4991339.80794,523993.681907,1.8,"PIPO",240,-0.5,2013-05-22,142,2,NA,16.6666666666667,27.5,0.846153846153846,"success",0,"168","164",4.8866701,70.8200989,367.321991,8.3812399,43.0037994,35.611599,29.2460995,8.8882399,29.2460995,91,64,27,108.3779984,35.2303009,0,0,0
"1255","EMPAID_NCU10A_2013","2013-06-21",0,2,"N",2013,"EMPAID","EMPAID_CU","EMPAID_CU","H",1,"NAD83 11N",4991339.80794,523993.681907,1.8,"PIPO",240,-0.5,2013-05-22,142,2,NA,16.6666666666667,27.5,0.846153846153846,"success",1,"172","168",4.8866701,70.8200989,367.321991,8.3812399,43.0037994,35.611599,29.2460995,8.8882399,29.2460995,91,64,27,108.3779984,35.2303009,0,0,0
"1256","EMPAID_NCU10A_2013","2013-06-24",0,2,"N",2013,"EMPAID","EMPAID_CU","EMPAID_CU","H",1,"NAD83 11N",4991339.80794,523993.681907,1.8,"PIPO",240,-0.5,2013-05-22,142,2,NA,16.6666666666667,27.5,0.846153846153846,"success",1,"175","172",4.8866701,70.8200989,367.321991,8.3812399,43.0037994,35.611599,29.2460995,8.8882399,29.2460995,91,64,27,108.3779984,35.2303009,0,0,0
"1257","EMPAID_NCU10A_2013","2013-06-26",999,999,"N",2013,"EMPAID","EMPAID_CU","EMPAID_CU","H",1,"NAD83 11N",4991339.80794,523993.681907,1.8,"PIPO",240,-0.5,2013-05-22,142,2,NA,16.6666666666667,27.5,0.846153846153846,"success",0,"177","175",4.8866701,70.8200989,367.321991,8.3812399,43.0037994,35.611599,29.2460995,8.8882399,29.2460995,91,64,27,108.3779984,35.2303009,0,0,0
"1258","EMPAID_NCU10A_2013","2013-06-27",0,2,"N",2013,"EMPAID","EMPAID_CU","EMPAID_CU","H",1,"NAD83 11N",4991339.80794,523993.681907,1.8,"PIPO",240,-0.5,2013-05-22,142,2,NA,16.6666666666667,27.5,0.846153846153846,"success",1,"178","177",4.8866701,70.8200989,367.321991,8.3812399,43.0037994,35.611599,29.2460995,8.8882399,29.2460995,91,64,27,108.3779984,35.2303009,0,0,0
"1259","EMPAID_NCU10A_2013","2013-07-01",0,2,"N",2013,"EMPAID","EMPAID_CU","EMPAID_CU","H",1,"NAD83 11N",4991339.80794,523993.681907,1.8,"PIPO",240,-0.5,2013-05-22,142,2,NA,16.6666666666667,27.5,0.846153846153846,"success",1,"182","178",4.8866701,70.8200989,367.321991,8.3812399,43.0037994,35.611599,29.2460995,8.8882399,29.2460995,91,64,27,108.3779984,35.2303009,0,0,0
"1260","EMPAID_NCU10A_2013","2013-07-02",0,2,"N",2013,"EMPAID","EMPAID_CU","EMPAID_CU","H",1,"NAD83 11N",4991339.80794,523993.681907,1.8,"PIPO",240,-0.5,2013-05-22,142,2,NA,16.6666666666667,27.5,0.846153846153846,"success",1,"183","182",4.8866701,70.8200989,367.321991,8.3812399,43.0037994,35.611599,29.2460995,8.8882399,29.2460995,91,64,27,108.3779984,35.2303009,0,0,0
"1261","EMPAID_NCU10A_2013","2013-07-03",0,0,"F",2013,"EMPAID","EMPAID_CU","EMPAID_CU","H",1,"NAD83 11N",4991339.80794,523993.681907,1.8,"PIPO",240,-0.5,2013-05-22,142,2,NA,16.6666666666667,27.5,0.846153846153846,"success",1,"184","183",4.8866701,70.8200989,367.321991,8.3812399,43.0037994,35.611599,29.2460995,8.8882399,29.2460995,91,64,27,108.3779984,35.2303009,0,0,0
"1262","EMPAID_NCU10A_2014","2014-05-31",4,0,"I",2014,"EMPAID","EMPAID_CU","EMPAID_CU","H",1,"NAD83 11N",4991608.64,523798.25,4.4,"PIPO",78,0.207911690817759,2014-05-26,146,3,1,8.33333333333333,15,0.571428571428571,"success",1,"151",NA,2.2607999,18.6243992,269.0350037,11.6083002,36.8437004,44.3237991,37.7529984,37.7529984,9.1229095,96,46,50,29.2049007,39.8944016,0,0,0
"1263","EMPAID_NCU10A_2014","2014-06-04",999,999,"I",2014,"EMPAID","EMPAID_CU","EMPAID_CU","H",1,"NAD83 11N",4991608.64,523798.25,4.4,"PIPO",78,0.207911690817759,2014-05-26,146,3,1,8.33333333333333,15,0.571428571428571,"success",0,"155","151",2.2607999,18.6243992,269.0350037,11.6083002,36.8437004,44.3237991,37.7529984,37.7529984,9.1229095,96,46,50,29.2049007,39.8944016,0,0,0
"1264","EMPAID_NCU10A_2014","2014-06-09",4,0,"I",2014,"EMPAID","EMPAID_CU","EMPAID_CU","H",1,"NAD83 11N",4991608.64,523798.25,4.4,"PIPO",78,0.207911690817759,2014-05-26,146,3,1,8.33333333333333,15,0.571428571428571,"success",1,"160","155",2.2607999,18.6243992,269.0350037,11.6083002,36.8437004,44.3237991,37.7529984,37.7529984,9.1229095,96,46,50,29.2049007,39.8944016,0,0,0
"1265","EMPAID_NCU10A_2014","2014-06-11",1,3,"N",2014,"EMPAID","EMPAID_CU","EMPAID_CU","H",1,"NAD83 11N",4991608.64,523798.25,4.4,"PIPO",78,0.207911690817759,2014-05-26,146,3,1,8.33333333333333,15,0.571428571428571,"success",1,"162","160",2.2607999,18.6243992,269.0350037,11.6083002,36.8437004,44.3237991,37.7529984,37.7529984,9.1229095,96,46,50,29.2049007,39.8944016,0,0,0
"1266","EMPAID_NCU10A_2014","2014-06-26",999,999,"N",2014,"EMPAID","EMPAID_CU","EMPAID_CU","H",1,"NAD83 11N",4991608.64,523798.25,4.4,"PIPO",78,0.207911690817759,2014-05-26,146,3,1,8.33333333333333,15,0.571428571428571,"success",0,"177","162",2.2607999,18.6243992,269.0350037,11.6083002,36.8437004,44.3237991,37.7529984,37.7529984,9.1229095,96,46,50,29.2049007,39.8944016,0,0,0
"1267","EMPAID_NCU10A_2014","2014-06-28",0,3,"N",2014,"EMPAID","EMPAID_CU","EMPAID_CU","H",1,"NAD83 11N",4991608.64,523798.25,4.4,"PIPO",78,0.207911690817759,2014-05-26,146,3,1,8.33333333333333,15,0.571428571428571,"success",1,"179","177",2.2607999,18.6243992,269.0350037,11.6083002,36.8437004,44.3237991,37.7529984,37.7529984,9.1229095,96,46,50,29.2049007,39.8944016,0,0,0
"1268","EMPAID_NCU10A_2014","2014-06-30",999,999,"N",2014,"EMPAID","EMPAID_CU","EMPAID_CU","H",1,"NAD83 11N",4991608.64,523798.25,4.4,"PIPO",78,0.207911690817759,2014-05-26,146,3,1,8.33333333333333,15,0.571428571428571,"success",0,"181","179",2.2607999,18.6243992,269.0350037,11.6083002,36.8437004,44.3237991,37.7529984,37.7529984,9.1229095,96,46,50,29.2049007,39.8944016,0,0,0
"1269","EMPAID_NCU10A_2014","2014-07-07",0,2,"N",2014,"EMPAID","EMPAID_CU","EMPAID_CU","H",1,"NAD83 11N",4991608.64,523798.25,4.4,"PIPO",78,0.207911690817759,2014-05-26,146,3,1,8.33333333333333,15,0.571428571428571,"success",1,"188","181",2.2607999,18.6243992,269.0350037,11.6083002,36.8437004,44.3237991,37.7529984,37.7529984,9.1229095,96,46,50,29.2049007,39.8944016,0,0,0
"1270","EMPAID_NCU10A_2014","2014-07-09",0,0,"F",2014,"EMPAID","EMPAID_CU","EMPAID_CU","H",1,"NAD83 11N",4991608.64,523798.25,4.4,"PIPO",78,0.207911690817759,2014-05-26,146,3,1,8.33333333333333,15,0.571428571428571,"success",1,"190","188",2.2607999,18.6243992,269.0350037,11.6083002,36.8437004,44.3237991,37.7529984,37.7529984,9.1229095,96,46,50,29.2049007,39.8944016,0,0,0
"1271","EMPAID_NCU10A_2015","2015-05-19",4,0,"L",2015,"EMPAID","EMPAID_CU","EMPAID_CU","H",1,"NAD83 11N",4991592.813,523648.562,4.5,"PIPO",152,-0.882947592858927,2015-05-16,136,2,2,25,15,0.444444444444444,"success",1,"139",NA,1.7715,15.6542997,279.9419861,11.2514,34.6436005,45.4091988,40.0410995,40.0410995,7.8908801,104,44,60,29.5984993,40.7743988,0.194162,0,3.3071301
"1272","EMPAID_NCU10A_2015","2015-05-29",4,0,"I",2015,"EMPAID","EMPAID_CU","EMPAID_CU","H",1,"NAD83 11N",4991592.813,523648.562,4.5,"PIPO",152,-0.882947592858927,2015-05-16,136,2,2,25,15,0.444444444444444,"success",1,"149","139",1.7715,15.6542997,279.9419861,11.2514,34.6436005,45.4091988,40.0410995,40.0410995,7.8908801,104,44,60,29.5984993,40.7743988,0.194162,0,3.3071301
"1273","EMPAID_NCU10A_2015","2015-06-03",0,4,"N",2015,"EMPAID","EMPAID_CU","EMPAID_CU","H",1,"NAD83 11N",4991592.813,523648.562,4.5,"PIPO",152,-0.882947592858927,2015-05-16,136,2,2,25,15,0.444444444444444,"success",1,"154","149",1.7715,15.6542997,279.9419861,11.2514,34.6436005,45.4091988,40.0410995,40.0410995,7.8908801,104,44,60,29.5984993,40.7743988,0.194162,0,3.3071301
"1274","EMPAID_NCU10A_2015","2015-06-08",999,999,"N",2015,"EMPAID","EMPAID_CU","EMPAID_CU","H",1,"NAD83 11N",4991592.813,523648.562,4.5,"PIPO",152,-0.882947592858927,2015-05-16,136,2,2,25,15,0.444444444444444,"success",0,"159","154",1.7715,15.6542997,279.9419861,11.2514,34.6436005,45.4091988,40.0410995,40.0410995,7.8908801,104,44,60,29.5984993,40.7743988,0.194162,0,3.3071301
"1275","EMPAID_NCU10A_2015","2015-06-10",0,3,"N",2015,"EMPAID","EMPAID_CU","EMPAID_CU","H",1,"NAD83 11N",4991592.813,523648.562,4.5,"PIPO",152,-0.882947592858927,2015-05-16,136,2,2,25,15,0.444444444444444,"success",1,"161","159",1.7715,15.6542997,279.9419861,11.2514,34.6436005,45.4091988,40.0410995,40.0410995,7.8908801,104,44,60,29.5984993,40.7743988,0.194162,0,3.3071301
"1276","EMPAID_NCU10A_2015","2015-06-16",999,999,"N",2015,"EMPAID","EMPAID_CU","EMPAID_CU","H",1,"NAD83 11N",4991592.813,523648.562,4.5,"PIPO",152,-0.882947592858927,2015-05-16,136,2,2,25,15,0.444444444444444,"success",0,"167","161",1.7715,15.6542997,279.9419861,11.2514,34.6436005,45.4091988,40.0410995,40.0410995,7.8908801,104,44,60,29.5984993,40.7743988,0.194162,0,3.3071301
"1277","EMPAID_NCU10A_2015","2015-06-23",0,2,"N",2015,"EMPAID","EMPAID_CU","EMPAID_CU","H",1,"NAD83 11N",4991592.813,523648.562,4.5,"PIPO",152,-0.882947592858927,2015-05-16,136,2,2,25,15,0.444444444444444,"success",1,"174","167",1.7715,15.6542997,279.9419861,11.2514,34.6436005,45.4091988,40.0410995,40.0410995,7.8908801,104,44,60,29.5984993,40.7743988,0.194162,0,3.3071301
"1278","EMPAID_NCU10A_2015","2015-06-29",0,0,"F",2015,"EMPAID","EMPAID_CU","EMPAID_CU","H",1,"NAD83 11N",4991592.813,523648.562,4.5,"PIPO",152,-0.882947592858927,2015-05-16,136,2,2,25,15,0.444444444444444,"success",1,"180","174",1.7715,15.6542997,279.9419861,11.2514,34.6436005,45.4091988,40.0410995,40.0410995,7.8908801,104,44,60,29.5984993,40.7743988,0.194162,0,3.3071301
"1279","EMPAID_NCU10A_2018","2018-06-26",4,0,"I",2018,"EMPAID","Incidental","243","U",1,"NAD83 11N",4989451.194,523591.748,2.5,"PIPO",248,-0.374606593415912,2018-06-20,171,1,1,50,2.5,0.875,"success",1,"177",NA,2.77615,36.2672005,347.3299866,11.1772003,35.2888985,38.7797012,19.9472008,19.9472008,16.5737991,82,43,39,55.2187004,0,0,0,0
"1280","EMPAID_NCU10A_2018","2018-07-03",4,0,"I",2018,"EMPAID","Incidental","243","U",1,"NAD83 11N",4989451.194,523591.748,2.5,"PIPO",248,-0.374606593415912,2018-06-20,171,1,1,50,2.5,0.875,"success",1,"184","177",2.77615,36.2672005,347.3299866,11.1772003,35.2888985,38.7797012,19.9472008,19.9472008,16.5737991,82,43,39,55.2187004,0,0,0,0
"1281","EMPAID_NCU10A_2018","2018-07-09",3,1,"N",2018,"EMPAID","Incidental","243","U",1,"NAD83 11N",4989451.194,523591.748,2.5,"PIPO",248,-0.374606593415912,2018-06-20,171,1,1,50,2.5,0.875,"success",1,"190","184",2.77615,36.2672005,347.3299866,11.1772003,35.2888985,38.7797012,19.9472008,19.9472008,16.5737991,82,43,39,55.2187004,0,0,0,0
"1282","EMPAID_NCU10A_2018","2018-07-12",999,999,"N",2018,"EMPAID","Incidental","243","U",1,"NAD83 11N",4989451.194,523591.748,2.5,"PIPO",248,-0.374606593415912,2018-06-20,171,1,1,50,2.5,0.875,"success",0,"193","190",2.77615,36.2672005,347.3299866,11.1772003,35.2888985,38.7797012,19.9472008,19.9472008,16.5737991,82,43,39,55.2187004,0,0,0,0
"1283","EMPAID_NCU10A_2018","2018-07-16",0,1,"N",2018,"EMPAID","Incidental","243","U",1,"NAD83 11N",4989451.194,523591.748,2.5,"PIPO",248,-0.374606593415912,2018-06-20,171,1,1,50,2.5,0.875,"success",1,"197","193",2.77615,36.2672005,347.3299866,11.1772003,35.2888985,38.7797012,19.9472008,19.9472008,16.5737991,82,43,39,55.2187004,0,0,0,0
"1284","EMPAID_NCU10A_2018","2018-07-19",999,999,"N",2018,"EMPAID","Incidental","243","U",1,"NAD83 11N",4989451.194,523591.748,2.5,"PIPO",248,-0.374606593415912,2018-06-20,171,1,1,50,2.5,0.875,"success",0,"200","197",2.77615,36.2672005,347.3299866,11.1772003,35.2888985,38.7797012,19.9472008,19.9472008,16.5737991,82,43,39,55.2187004,0,0,0,0
"1285","EMPAID_NCU10A_2018","2018-07-24",0,1,"N",2018,"EMPAID","Incidental","243","U",1,"NAD83 11N",4989451.194,523591.748,2.5,"PIPO",248,-0.374606593415912,2018-06-20,171,1,1,50,2.5,0.875,"success",1,"205","200",2.77615,36.2672005,347.3299866,11.1772003,35.2888985,38.7797012,19.9472008,19.9472008,16.5737991,82,43,39,55.2187004,0,0,0,0
"1286","EMPAID_NCU10A_2018","2018-07-26",0,1,"N",2018,"EMPAID","Incidental","243","U",1,"NAD83 11N",4989451.194,523591.748,2.5,"PIPO",248,-0.374606593415912,2018-06-20,171,1,1,50,2.5,0.875,"success",1,"207","205",2.77615,36.2672005,347.3299866,11.1772003,35.2888985,38.7797012,19.9472008,19.9472008,16.5737991,82,43,39,55.2187004,0,0,0,0
"1287","EMPAID_NCU10A_2018","2018-07-30",0,0,"F",2018,"EMPAID","Incidental","243","U",1,"NAD83 11N",4989451.194,523591.748,2.5,"PIPO",248,-0.374606593415912,2018-06-20,171,1,1,50,2.5,0.875,"success",1,"211","207",2.77615,36.2672005,347.3299866,11.1772003,35.2888985,38.7797012,19.9472008,19.9472008,16.5737991,82,43,39,55.2187004,0,0,0,0
"1288","EMPAID_NCU10A_2019","2019-06-26",0,5,"N",2019,"EMPAID","Incidental","244","U",1,"NAD83 11N",4989451.194,523591.748,2.8,"PIPO",228,-0.669130606358858,2019-06-02,153,4,2,50,2.5,0.875,"success",1,"177",NA,2.77615,36.2672005,347.3299866,11.1772003,35.2888985,38.7797012,19.9472008,19.9472008,16.5737991,82,43,39,55.2187004,0,0,0,0
"1289","EMPAID_NCU10A_2019","2019-06-27",999,999,"N",2019,"EMPAID","Incidental","244","U",1,"NAD83 11N",4989451.194,523591.748,2.8,"PIPO",228,-0.669130606358858,2019-06-02,153,4,2,50,2.5,0.875,"success",0,"178","177",2.77615,36.2672005,347.3299866,11.1772003,35.2888985,38.7797012,19.9472008,19.9472008,16.5737991,82,43,39,55.2187004,0,0,0,0
"1290","EMPAID_NCU10A_2019","2019-07-02",0,5,"N",2019,"EMPAID","Incidental","244","U",1,"NAD83 11N",4989451.194,523591.748,2.8,"PIPO",228,-0.669130606358858,2019-06-02,153,4,2,50,2.5,0.875,"success",1,"183","178",2.77615,36.2672005,347.3299866,11.1772003,35.2888985,38.7797012,19.9472008,19.9472008,16.5737991,82,43,39,55.2187004,0,0,0,0
"1291","EMPAID_NCU10A_2019","2019-07-09",999,999,"N",2019,"EMPAID","Incidental","244","U",1,"NAD83 11N",4989451.194,523591.748,2.8,"PIPO",228,-0.669130606358858,2019-06-02,153,4,2,50,2.5,0.875,"success",0,"190","183",2.77615,36.2672005,347.3299866,11.1772003,35.2888985,38.7797012,19.9472008,19.9472008,16.5737991,82,43,39,55.2187004,0,0,0,0
"1292","EMPAID_NCU10A_2019","2019-07-15",0,0,"F",2019,"EMPAID","Incidental","244","U",1,"NAD83 11N",4989451.194,523591.748,2.8,"PIPO",228,-0.669130606358858,2019-06-02,153,4,2,50,2.5,0.875,"success",1,"196","190",2.77615,36.2672005,347.3299866,11.1772003,35.2888985,38.7797012,19.9472008,19.9472008,16.5737991,82,43,39,55.2187004,0,0,0,0
"1293","EMPAID_NCW-A01A_2013","2013-06-10",3,0,"I",2013,"EMPAID","EMPAID_CW-A","EMPAID_CW-A","U",1,"NAD83 11N",4959633.27318,550114.299017,4.6,"PIPO",100,-0.17364817766693,2013-06-05,156,3,1,16.6666666666667,2.5,0.6,"success",1,"161",NA,1.03143,7.6485,253.2870026,19.1459999,21.1791992,48.4012985,38.3983994,38.3983994,6.1601601,108,45,63,10.9772997,0,0,0,0
"1294","EMPAID_NCW-A01A_2013","2013-06-13",999,999,"I",2013,"EMPAID","EMPAID_CW-A","EMPAID_CW-A","U",1,"NAD83 11N",4959633.27318,550114.299017,4.6,"PIPO",100,-0.17364817766693,2013-06-05,156,3,1,16.6666666666667,2.5,0.6,"success",0,"164","161",1.03143,7.6485,253.2870026,19.1459999,21.1791992,48.4012985,38.3983994,38.3983994,6.1601601,108,45,63,10.9772997,0,0,0,0
"1295","EMPAID_NCW-A01A_2013","2013-06-14",3,0,"I",2013,"EMPAID","EMPAID_CW-A","EMPAID_CW-A","U",1,"NAD83 11N",4959633.27318,550114.299017,4.6,"PIPO",100,-0.17364817766693,2013-06-05,156,3,1,16.6666666666667,2.5,0.6,"success",1,"165","164",1.03143,7.6485,253.2870026,19.1459999,21.1791992,48.4012985,38.3983994,38.3983994,6.1601601,108,45,63,10.9772997,0,0,0,0
"1296","EMPAID_NCW-A01A_2013","2013-06-18",3,0,"I",2013,"EMPAID","EMPAID_CW-A","EMPAID_CW-A","U",1,"NAD83 11N",4959633.27318,550114.299017,4.6,"PIPO",100,-0.17364817766693,2013-06-05,156,3,1,16.6666666666667,2.5,0.6,"success",1,"169","165",1.03143,7.6485,253.2870026,19.1459999,21.1791992,48.4012985,38.3983994,38.3983994,6.1601601,108,45,63,10.9772997,0,0,0,0
"1297","EMPAID_NCW-A01A_2013","2013-06-20",0,3,"N",2013,"EMPAID","EMPAID_CW-A","EMPAID_CW-A","U",1,"NAD83 11N",4959633.27318,550114.299017,4.6,"PIPO",100,-0.17364817766693,2013-06-05,156,3,1,16.6666666666667,2.5,0.6,"success",1,"171","169",1.03143,7.6485,253.2870026,19.1459999,21.1791992,48.4012985,38.3983994,38.3983994,6.1601601,108,45,63,10.9772997,0,0,0,0
"1298","EMPAID_NCW-A01A_2013","2013-06-23",999,999,"N",2013,"EMPAID","EMPAID_CW-A","EMPAID_CW-A","U",1,"NAD83 11N",4959633.27318,550114.299017,4.6,"PIPO",100,-0.17364817766693,2013-06-05,156,3,1,16.6666666666667,2.5,0.6,"success",0,"174","171",1.03143,7.6485,253.2870026,19.1459999,21.1791992,48.4012985,38.3983994,38.3983994,6.1601601,108,45,63,10.9772997,0,0,0,0
"1299","EMPAID_NCW-A01A_2013","2013-06-28",999,999,"N",2013,"EMPAID","EMPAID_CW-A","EMPAID_CW-A","U",1,"NAD83 11N",4959633.27318,550114.299017,4.6,"PIPO",100,-0.17364817766693,2013-06-05,156,3,1,16.6666666666667,2.5,0.6,"success",0,"179","174",1.03143,7.6485,253.2870026,19.1459999,21.1791992,48.4012985,38.3983994,38.3983994,6.1601601,108,45,63,10.9772997,0,0,0,0
"1300","EMPAID_NCW-A01A_2013","2013-07-02",0,3,"N",2013,"EMPAID","EMPAID_CW-A","EMPAID_CW-A","U",1,"NAD83 11N",4959633.27318,550114.299017,4.6,"PIPO",100,-0.17364817766693,2013-06-05,156,3,1,16.6666666666667,2.5,0.6,"success",1,"183","179",1.03143,7.6485,253.2870026,19.1459999,21.1791992,48.4012985,38.3983994,38.3983994,6.1601601,108,45,63,10.9772997,0,0,0,0
"1301","EMPAID_NCW-A01A_2013","2013-07-04",999,999,"N",2013,"EMPAID","EMPAID_CW-A","EMPAID_CW-A","U",1,"NAD83 11N",4959633.27318,550114.299017,4.6,"PIPO",100,-0.17364817766693,2013-06-05,156,3,1,16.6666666666667,2.5,0.6,"success",0,"185","183",1.03143,7.6485,253.2870026,19.1459999,21.1791992,48.4012985,38.3983994,38.3983994,6.1601601,108,45,63,10.9772997,0,0,0,0
"1302","EMPAID_NCW-A01A_2013","2013-07-08",0,3,"N",2013,"EMPAID","EMPAID_CW-A","EMPAID_CW-A","U",1,"NAD83 11N",4959633.27318,550114.299017,4.6,"PIPO",100,-0.17364817766693,2013-06-05,156,3,1,16.6666666666667,2.5,0.6,"success",1,"189","185",1.03143,7.6485,253.2870026,19.1459999,21.1791992,48.4012985,38.3983994,38.3983994,6.1601601,108,45,63,10.9772997,0,0,0,0
"1303","EMPAID_NCW-A01A_2013","2013-07-11",999,999,"N",2013,"EMPAID","EMPAID_CW-A","EMPAID_CW-A","U",1,"NAD83 11N",4959633.27318,550114.299017,4.6,"PIPO",100,-0.17364817766693,2013-06-05,156,3,1,16.6666666666667,2.5,0.6,"success",0,"192","189",1.03143,7.6485,253.2870026,19.1459999,21.1791992,48.4012985,38.3983994,38.3983994,6.1601601,108,45,63,10.9772997,0,0,0,0
"1304","EMPAID_NCW-A01A_2013","2013-07-15",0,1,"N",2013,"EMPAID","EMPAID_CW-A","EMPAID_CW-A","U",1,"NAD83 11N",4959633.27318,550114.299017,4.6,"PIPO",100,-0.17364817766693,2013-06-05,156,3,1,16.6666666666667,2.5,0.6,"success",1,"196","192",1.03143,7.6485,253.2870026,19.1459999,21.1791992,48.4012985,38.3983994,38.3983994,6.1601601,108,45,63,10.9772997,0,0,0,0
"1305","EMPAID_NCW-A01A_2013","2013-07-17",0,0,"F",2013,"EMPAID","EMPAID_CW-A","EMPAID_CW-A","U",1,"NAD83 11N",4959633.27318,550114.299017,4.6,"PIPO",100,-0.17364817766693,2013-06-05,156,3,1,16.6666666666667,2.5,0.6,"success",1,"198","196",1.03143,7.6485,253.2870026,19.1459999,21.1791992,48.4012985,38.3983994,38.3983994,6.1601601,108,45,63,10.9772997,0,0,0,0
"1306","EMPAID_NCW-A01A_2014","2014-05-30",0,0,"E",2014,"EMPAID","EMPAID_CW-A","EMPAID_CW-A","U",9,"NAD83 11N",4959449.845,551658.314,1.1,"PIPO",230,-0.64278760968654,2014-06-02,153,0,0,16.6666666666667,22.5,1,"failure",1,"150",NA,1.9857399,9.94209,200.1679993,18.3372002,30.4195004,61.9243011,61.1323013,61.1323013,6.3361702,59,12,47,25.0792999,12.8776999,0,0,0
"1307","EMPAID_NCW-A01A_2014","2014-06-03",1,0,"L",2014,"EMPAID","EMPAID_CW-A","EMPAID_CW-A","U",9,"NAD83 11N",4959449.845,551658.314,1.1,"PIPO",230,-0.64278760968654,2014-06-02,153,0,0,16.6666666666667,22.5,1,"failure",1,"154","150",1.9857399,9.94209,200.1679993,18.3372002,30.4195004,61.9243011,61.1323013,61.1323013,6.3361702,59,12,47,25.0792999,12.8776999,0,0,0
"1308","EMPAID_NCW-A01A_2014","2014-06-10",999,999,"I",2014,"EMPAID","EMPAID_CW-A","EMPAID_CW-A","U",9,"NAD83 11N",4959449.845,551658.314,1.1,"PIPO",230,-0.64278760968654,2014-06-02,153,0,0,16.6666666666667,22.5,1,"failure",0,"161","154",1.9857399,9.94209,200.1679993,18.3372002,30.4195004,61.9243011,61.1323013,61.1323013,6.3361702,59,12,47,25.0792999,12.8776999,0,0,0
"1309","EMPAID_NCW-A01A_2014","2014-06-16",3,1,"N",2014,"EMPAID","EMPAID_CW-A","EMPAID_CW-A","U",9,"NAD83 11N",4959449.845,551658.314,1.1,"PIPO",230,-0.64278760968654,2014-06-02,153,0,0,16.6666666666667,22.5,1,"failure",1,"167","161",1.9857399,9.94209,200.1679993,18.3372002,30.4195004,61.9243011,61.1323013,61.1323013,6.3361702,59,12,47,25.0792999,12.8776999,0,0,0
"1310","EMPAID_NCW-A01A_2014","2014-06-20",0,0,"N",2014,"EMPAID","EMPAID_CW-A","EMPAID_CW-A","U",9,"NAD83 11N",4959449.845,551658.314,1.1,"PIPO",230,-0.64278760968654,2014-06-02,153,0,0,16.6666666666667,22.5,1,"failure",1,"171","167",1.9857399,9.94209,200.1679993,18.3372002,30.4195004,61.9243011,61.1323013,61.1323013,6.3361702,59,12,47,25.0792999,12.8776999,0,0,0
"1311","EMPAID_NCW-A01A_2015","2015-05-28",4,0,"I",2015,"EMPAID","EMPAID_CW-A","EMPAID_CW-A","U",9,"NAD83 11N",4959454.632,551476.921,2.2,"PIPO",31,0.857167300702112,2015-05-23,143,0,0,108.333333333333,17.5,0.666666666666667,"failure",1,"148",NA,1.88471,11.5586004,226.5579987,16.8306999,31.3288002,61.0149994,60.1348991,60.1348991,6.6295099,69,18,51,24.1228008,10.9123001,0,0,0
"1312","EMPAID_NCW-A01A_2015","2015-05-31",4,0,"I",2015,"EMPAID","EMPAID_CW-A","EMPAID_CW-A","U",9,"NAD83 11N",4959454.632,551476.921,2.2,"PIPO",31,0.857167300702112,2015-05-23,143,0,0,108.333333333333,17.5,0.666666666666667,"failure",1,"151","148",1.88471,11.5586004,226.5579987,16.8306999,31.3288002,61.0149994,60.1348991,60.1348991,6.6295099,69,18,51,24.1228008,10.9123001,0,0,0
"1313","EMPAID_NCW-A01A_2015","2015-06-03",4,0,"I",2015,"EMPAID","EMPAID_CW-A","EMPAID_CW-A","U",9,"NAD83 11N",4959454.632,551476.921,2.2,"PIPO",31,0.857167300702112,2015-05-23,143,0,0,108.333333333333,17.5,0.666666666666667,"failure",1,"154","151",1.88471,11.5586004,226.5579987,16.8306999,31.3288002,61.0149994,60.1348991,60.1348991,6.6295099,69,18,51,24.1228008,10.9123001,0,0,0
"1314","EMPAID_NCW-A01A_2015","2015-06-12",0,0,"N",2015,"EMPAID","EMPAID_CW-A","EMPAID_CW-A","U",9,"NAD83 11N",4959454.632,551476.921,2.2,"PIPO",31,0.857167300702112,2015-05-23,143,0,0,108.333333333333,17.5,0.666666666666667,"failure",1,"163","154",1.88471,11.5586004,226.5579987,16.8306999,31.3288002,61.0149994,60.1348991,60.1348991,6.6295099,69,18,51,24.1228008,10.9123001,0,0,0
"1315","EMPAID_NCW-A01A_2017","2017-06-28",3,0,"I",2017,"EMPAID","EMPAID_CW-A","EMPAID_CW-A","H",9,"NAD83 11N",4960085.09,551765.057,3.5,"PIPO",267,-0.0523359562429443,NA,NA,0,0,8.33333333333333,27.5,0.333333333333333,"failure",1,"179",NA,27.8999996,216.4320068,259.9500122,29.9123001,72.7485962,21.9125996,71.6339035,4.5174499,71.6339035,72,64,8,333.4689941,62.2470016,0,0,0
"1316","EMPAID_NCW-A01A_2017","2017-06-30",999,999,"I",2017,"EMPAID","EMPAID_CW-A","EMPAID_CW-A","H",9,"NAD83 11N",4960085.09,551765.057,3.5,"PIPO",267,-0.0523359562429443,NA,NA,0,0,8.33333333333333,27.5,0.333333333333333,"failure",0,"181","179",27.8999996,216.4320068,259.9500122,29.9123001,72.7485962,21.9125996,71.6339035,4.5174499,71.6339035,72,64,8,333.4689941,62.2470016,0,0,0
"1317","EMPAID_NCW-A01A_2017","2017-07-03",3,0,"I",2017,"EMPAID","EMPAID_CW-A","EMPAID_CW-A","H",9,"NAD83 11N",4960085.09,551765.057,3.5,"PIPO",267,-0.0523359562429443,NA,NA,0,0,8.33333333333333,27.5,0.333333333333333,"failure",1,"184","181",27.8999996,216.4320068,259.9500122,29.9123001,72.7485962,21.9125996,71.6339035,4.5174499,71.6339035,72,64,8,333.4689941,62.2470016,0,0,0
"1318","EMPAID_NCW-A01A_2017","2017-07-06",999,999,"I",2017,"EMPAID","EMPAID_CW-A","EMPAID_CW-A","H",9,"NAD83 11N",4960085.09,551765.057,3.5,"PIPO",267,-0.0523359562429443,NA,NA,0,0,8.33333333333333,27.5,0.333333333333333,"failure",0,"187","184",27.8999996,216.4320068,259.9500122,29.9123001,72.7485962,21.9125996,71.6339035,4.5174499,71.6339035,72,64,8,333.4689941,62.2470016,0,0,0
"1319","EMPAID_NCW-A01A_2017","2017-07-07",2,0,"I",2017,"EMPAID","EMPAID_CW-A","EMPAID_CW-A","H",9,"NAD83 11N",4960085.09,551765.057,3.5,"PIPO",267,-0.0523359562429443,NA,NA,0,0,8.33333333333333,27.5,0.333333333333333,"failure",1,"188","187",27.8999996,216.4320068,259.9500122,29.9123001,72.7485962,21.9125996,71.6339035,4.5174499,71.6339035,72,64,8,333.4689941,62.2470016,0,0,0
"1320","EMPAID_NCW-A01A_2017","2017-07-10",2,0,"I",2017,"EMPAID","EMPAID_CW-A","EMPAID_CW-A","H",9,"NAD83 11N",4960085.09,551765.057,3.5,"PIPO",267,-0.0523359562429443,NA,NA,0,0,8.33333333333333,27.5,0.333333333333333,"failure",1,"191","188",27.8999996,216.4320068,259.9500122,29.9123001,72.7485962,21.9125996,71.6339035,4.5174499,71.6339035,72,64,8,333.4689941,62.2470016,0,0,0
"1321","EMPAID_NCW-A01A_2018","2018-06-05",4,0,"I",2018,"EMPAID","EMPAID_CW-A","EMPAID_CW-A","H",9,"NAD83 11N",4959539.434,550355.378,1.8,"PIPO",144,-0.809016994374947,2018-05-30,150,0,0,25,0,1,"failure",1,"156",NA,1.59667,29.8749008,420.8420105,14.3107996,28.1021004,42.8278008,27.7206993,27.7206993,15.7818003,114,60,54,23.0389004,49.8092995,45.0965996,0,0
"1322","EMPAID_NCW-A01A_2018","2018-06-08",4,0,"I",2018,"EMPAID","EMPAID_CW-A","EMPAID_CW-A","H",9,"NAD83 11N",4959539.434,550355.378,1.8,"PIPO",144,-0.809016994374947,2018-05-30,150,0,0,25,0,1,"failure",1,"159","156",1.59667,29.8749008,420.8420105,14.3107996,28.1021004,42.8278008,27.7206993,27.7206993,15.7818003,114,60,54,23.0389004,49.8092995,45.0965996,0,0
"1323","EMPAID_NCW-A01A_2018","2018-06-13",4,0,"I",2018,"EMPAID","EMPAID_CW-A","EMPAID_CW-A","H",9,"NAD83 11N",4959539.434,550355.378,1.8,"PIPO",144,-0.809016994374947,2018-05-30,150,0,0,25,0,1,"failure",1,"164","159",1.59667,29.8749008,420.8420105,14.3107996,28.1021004,42.8278008,27.7206993,27.7206993,15.7818003,114,60,54,23.0389004,49.8092995,45.0965996,0,0
"1324","EMPAID_NCW-A01A_2018","2018-06-19",999,999,"N",2018,"EMPAID","EMPAID_CW-A","EMPAID_CW-A","H",9,"NAD83 11N",4959539.434,550355.378,1.8,"PIPO",144,-0.809016994374947,2018-05-30,150,0,0,25,0,1,"failure",0,"170","164",1.59667,29.8749008,420.8420105,14.3107996,28.1021004,42.8278008,27.7206993,27.7206993,15.7818003,114,60,54,23.0389004,49.8092995,45.0965996,0,0
"1325","EMPAID_NCW-A01A_2018","2018-06-21",0,3,"N",2018,"EMPAID","EMPAID_CW-A","EMPAID_CW-A","H",9,"NAD83 11N",4959539.434,550355.378,1.8,"PIPO",144,-0.809016994374947,2018-05-30,150,0,0,25,0,1,"failure",1,"172","170",1.59667,29.8749008,420.8420105,14.3107996,28.1021004,42.8278008,27.7206993,27.7206993,15.7818003,114,60,54,23.0389004,49.8092995,45.0965996,0,0
"1326","EMPAID_NCW-A01A_2018","2018-06-25",0,0,"N",2018,"EMPAID","EMPAID_CW-A","EMPAID_CW-A","H",9,"NAD83 11N",4959539.434,550355.378,1.8,"PIPO",144,-0.809016994374947,2018-05-30,150,0,0,25,0,1,"failure",1,"176","172",1.59667,29.8749008,420.8420105,14.3107996,28.1021004,42.8278008,27.7206993,27.7206993,15.7818003,114,60,54,23.0389004,49.8092995,45.0965996,0,0
"1327","EMPAID_NCW-A01B_2013","2013-06-12",4,0,"I",2013,"EMPAID","EMPAID_CW-A","EMPAID_CW-A","U",1,"NAD83 11N",4959565.98498,551539.386512,4.1,"PIPO",273,0.0523359562429439,2013-06-03,154,3,1,8.33333333333333,45,0.894736842105263,"success",1,"163",NA,1.78941,9.82864,211.9589996,18.6592007,29.7448006,62.5110016,61.7190018,61.7190018,6.3361702,65,14,51,22.6215992,8.8589001,0,0,0
"1328","EMPAID_NCW-A01B_2013","2013-06-13",999,999,"I",2013,"EMPAID","EMPAID_CW-A","EMPAID_CW-A","U",1,"NAD83 11N",4959565.98498,551539.386512,4.1,"PIPO",273,0.0523359562429439,2013-06-03,154,3,1,8.33333333333333,45,0.894736842105263,"success",0,"164","163",1.78941,9.82864,211.9589996,18.6592007,29.7448006,62.5110016,61.7190018,61.7190018,6.3361702,65,14,51,22.6215992,8.8589001,0,0,0
"1329","EMPAID_NCW-A01B_2013","2013-06-14",4,0,"I",2013,"EMPAID","EMPAID_CW-A","EMPAID_CW-A","U",1,"NAD83 11N",4959565.98498,551539.386512,4.1,"PIPO",273,0.0523359562429439,2013-06-03,154,3,1,8.33333333333333,45,0.894736842105263,"success",1,"165","164",1.78941,9.82864,211.9589996,18.6592007,29.7448006,62.5110016,61.7190018,61.7190018,6.3361702,65,14,51,22.6215992,8.8589001,0,0,0
"1330","EMPAID_NCW-A01B_2013","2013-06-18",4,0,"I",2013,"EMPAID","EMPAID_CW-A","EMPAID_CW-A","U",1,"NAD83 11N",4959565.98498,551539.386512,4.1,"PIPO",273,0.0523359562429439,2013-06-03,154,3,1,8.33333333333333,45,0.894736842105263,"success",1,"169","165",1.78941,9.82864,211.9589996,18.6592007,29.7448006,62.5110016,61.7190018,61.7190018,6.3361702,65,14,51,22.6215992,8.8589001,0,0,0
"1331","EMPAID_NCW-A01B_2013","2013-06-20",2,2,"N",2013,"EMPAID","EMPAID_CW-A","EMPAID_CW-A","U",1,"NAD83 11N",4959565.98498,551539.386512,4.1,"PIPO",273,0.0523359562429439,2013-06-03,154,3,1,8.33333333333333,45,0.894736842105263,"success",1,"171","169",1.78941,9.82864,211.9589996,18.6592007,29.7448006,62.5110016,61.7190018,61.7190018,6.3361702,65,14,51,22.6215992,8.8589001,0,0,0
"1332","EMPAID_NCW-A01B_2013","2013-06-23",999,999,"N",2013,"EMPAID","EMPAID_CW-A","EMPAID_CW-A","U",1,"NAD83 11N",4959565.98498,551539.386512,4.1,"PIPO",273,0.0523359562429439,2013-06-03,154,3,1,8.33333333333333,45,0.894736842105263,"success",0,"174","171",1.78941,9.82864,211.9589996,18.6592007,29.7448006,62.5110016,61.7190018,61.7190018,6.3361702,65,14,51,22.6215992,8.8589001,0,0,0
"1333","EMPAID_NCW-A01B_2013","2013-06-28",999,999,"N",2013,"EMPAID","EMPAID_CW-A","EMPAID_CW-A","U",1,"NAD83 11N",4959565.98498,551539.386512,4.1,"PIPO",273,0.0523359562429439,2013-06-03,154,3,1,8.33333333333333,45,0.894736842105263,"success",0,"179","174",1.78941,9.82864,211.9589996,18.6592007,29.7448006,62.5110016,61.7190018,61.7190018,6.3361702,65,14,51,22.6215992,8.8589001,0,0,0
"1334","EMPAID_NCW-A01B_2013","2013-07-02",0,3,"N",2013,"EMPAID","EMPAID_CW-A","EMPAID_CW-A","U",1,"NAD83 11N",4959565.98498,551539.386512,4.1,"PIPO",273,0.0523359562429439,2013-06-03,154,3,1,8.33333333333333,45,0.894736842105263,"success",1,"183","179",1.78941,9.82864,211.9589996,18.6592007,29.7448006,62.5110016,61.7190018,61.7190018,6.3361702,65,14,51,22.6215992,8.8589001,0,0,0
"1335","EMPAID_NCW-A01B_2013","2013-07-04",0,3,"N",2013,"EMPAID","EMPAID_CW-A","EMPAID_CW-A","U",1,"NAD83 11N",4959565.98498,551539.386512,4.1,"PIPO",273,0.0523359562429439,2013-06-03,154,3,1,8.33333333333333,45,0.894736842105263,"success",1,"185","183",1.78941,9.82864,211.9589996,18.6592007,29.7448006,62.5110016,61.7190018,61.7190018,6.3361702,65,14,51,22.6215992,8.8589001,0,0,0
"1336","EMPAID_NCW-A01B_2013","2013-07-08",0,3,"N",2013,"EMPAID","EMPAID_CW-A","EMPAID_CW-A","U",1,"NAD83 11N",4959565.98498,551539.386512,4.1,"PIPO",273,0.0523359562429439,2013-06-03,154,3,1,8.33333333333333,45,0.894736842105263,"success",1,"189","185",1.78941,9.82864,211.9589996,18.6592007,29.7448006,62.5110016,61.7190018,61.7190018,6.3361702,65,14,51,22.6215992,8.8589001,0,0,0
"1337","EMPAID_NCW-A01B_2013","2013-07-11",999,999,"N",2013,"EMPAID","EMPAID_CW-A","EMPAID_CW-A","U",1,"NAD83 11N",4959565.98498,551539.386512,4.1,"PIPO",273,0.0523359562429439,2013-06-03,154,3,1,8.33333333333333,45,0.894736842105263,"success",0,"192","189",1.78941,9.82864,211.9589996,18.6592007,29.7448006,62.5110016,61.7190018,61.7190018,6.3361702,65,14,51,22.6215992,8.8589001,0,0,0
"1338","EMPAID_NCW-A01B_2013","2013-07-15",0,0,"F",2013,"EMPAID","EMPAID_CW-A","EMPAID_CW-A","U",1,"NAD83 11N",4959565.98498,551539.386512,4.1,"PIPO",273,0.0523359562429439,2013-06-03,154,3,1,8.33333333333333,45,0.894736842105263,"success",1,"196","192",1.78941,9.82864,211.9589996,18.6592007,29.7448006,62.5110016,61.7190018,61.7190018,6.3361702,65,14,51,22.6215992,8.8589001,0,0,0
"1339","EMPAID_NCW-A01B_2015","2015-07-08",2,2,"N",2015,"EMPAID","EMPAID_CW-A","EMPAID_CW-A","U",1,"NAD83 11N",4959628.404,551373.257,6.3,"PIPO",284,0.241921895599667,2015-06-15,166,2,NA,208.333333333333,20,0.636363636363636,"success",1,"189",NA,1.84059,10.1702003,212.7319946,17.5820007,30.5955009,61.4550018,59.5775986,59.5775986,6.3361702,69,18,51,21.0984993,5.1921401,0,0,0
"1340","EMPAID_NCW-A01B_2015","2015-07-14",999,999,"N",2015,"EMPAID","EMPAID_CW-A","EMPAID_CW-A","U",1,"NAD83 11N",4959628.404,551373.257,6.3,"PIPO",284,0.241921895599667,2015-06-15,166,2,NA,208.333333333333,20,0.636363636363636,"success",0,"195","189",1.84059,10.1702003,212.7319946,17.5820007,30.5955009,61.4550018,59.5775986,59.5775986,6.3361702,69,18,51,21.0984993,5.1921401,0,0,0
"1341","EMPAID_NCW-A01B_2015","2015-07-15",0,2,"N",2015,"EMPAID","EMPAID_CW-A","EMPAID_CW-A","U",1,"NAD83 11N",4959628.404,551373.257,6.3,"PIPO",284,0.241921895599667,2015-06-15,166,2,NA,208.333333333333,20,0.636363636363636,"success",1,"196","195",1.84059,10.1702003,212.7319946,17.5820007,30.5955009,61.4550018,59.5775986,59.5775986,6.3361702,69,18,51,21.0984993,5.1921401,0,0,0
"1342","EMPAID_NCW-A01B_2015","2015-07-16",999,999,"N",2015,"EMPAID","EMPAID_CW-A","EMPAID_CW-A","U",1,"NAD83 11N",4959628.404,551373.257,6.3,"PIPO",284,0.241921895599667,2015-06-15,166,2,NA,208.333333333333,20,0.636363636363636,"success",0,"197","196",1.84059,10.1702003,212.7319946,17.5820007,30.5955009,61.4550018,59.5775986,59.5775986,6.3361702,69,18,51,21.0984993,5.1921401,0,0,0
"1343","EMPAID_NCW-A01B_2015","2015-07-20",0,2,"N",2015,"EMPAID","EMPAID_CW-A","EMPAID_CW-A","U",1,"NAD83 11N",4959628.404,551373.257,6.3,"PIPO",284,0.241921895599667,2015-06-15,166,2,NA,208.333333333333,20,0.636363636363636,"success",1,"201","197",1.84059,10.1702003,212.7319946,17.5820007,30.5955009,61.4550018,59.5775986,59.5775986,6.3361702,69,18,51,21.0984993,5.1921401,0,0,0
"1344","EMPAID_NCW-A01B_2015","2015-07-21",999,999,"N",2015,"EMPAID","EMPAID_CW-A","EMPAID_CW-A","U",1,"NAD83 11N",4959628.404,551373.257,6.3,"PIPO",284,0.241921895599667,2015-06-15,166,2,NA,208.333333333333,20,0.636363636363636,"success",0,"202","201",1.84059,10.1702003,212.7319946,17.5820007,30.5955009,61.4550018,59.5775986,59.5775986,6.3361702,69,18,51,21.0984993,5.1921401,0,0,0
"1345","EMPAID_NCW-A01B_2015","2015-07-23",0,2,"N",2015,"EMPAID","EMPAID_CW-A","EMPAID_CW-A","U",1,"NAD83 11N",4959628.404,551373.257,6.3,"PIPO",284,0.241921895599667,2015-06-15,166,2,NA,208.333333333333,20,0.636363636363636,"success",1,"204","202",1.84059,10.1702003,212.7319946,17.5820007,30.5955009,61.4550018,59.5775986,59.5775986,6.3361702,69,18,51,21.0984993,5.1921401,0,0,0
"1346","EMPAID_NCW-A01B_2015","2015-07-24",0,2,"N",2015,"EMPAID","EMPAID_CW-A","EMPAID_CW-A","U",1,"NAD83 11N",4959628.404,551373.257,6.3,"PIPO",284,0.241921895599667,2015-06-15,166,2,NA,208.333333333333,20,0.636363636363636,"success",1,"205","204",1.84059,10.1702003,212.7319946,17.5820007,30.5955009,61.4550018,59.5775986,59.5775986,6.3361702,69,18,51,21.0984993,5.1921401,0,0,0
"1347","EMPAID_NCW-A01B_2015","2015-07-27",999,999,"F",2015,"EMPAID","EMPAID_CW-A","EMPAID_CW-A","U",1,"NAD83 11N",4959628.404,551373.257,6.3,"PIPO",284,0.241921895599667,2015-06-15,166,2,NA,208.333333333333,20,0.636363636363636,"success",0,"208","205",1.84059,10.1702003,212.7319946,17.5820007,30.5955009,61.4550018,59.5775986,59.5775986,6.3361702,69,18,51,21.0984993,5.1921401,0,0,0
"1348","EMPAID_NCW-A01B_2018","2018-07-03",999,999,"L",2018,"EMPAID","EMPAID_CW-A","EMPAID_CW-A","HB",7,"NAD83 11N",4959943.022,551961.396,4.6,"PSME",29,0.874619707139396,2018-06-30,181,0,0,8.33333333333333,25,0.636363636363636,"failure",0,"184",NA,14.1359997,195.173996,357.8670044,28.2931995,69.1111984,21.4726009,66.2950974,5.1334701,66.2950974,91,76,15,290.0409851,71.1059036,21.9148998,0,0
"1349","EMPAID_NCW-A01B_2018","2018-07-05",1,0,"I",2018,"EMPAID","EMPAID_CW-A","EMPAID_CW-A","HB",7,"NAD83 11N",4959943.022,551961.396,4.6,"PSME",29,0.874619707139396,2018-06-30,181,0,0,8.33333333333333,25,0.636363636363636,"failure",1,"186","184",14.1359997,195.173996,357.8670044,28.2931995,69.1111984,21.4726009,66.2950974,5.1334701,66.2950974,91,76,15,290.0409851,71.1059036,21.9148998,0,0
"1350","EMPAID_NCW-A01B_2018","2018-07-09",999,999,"I",2018,"EMPAID","EMPAID_CW-A","EMPAID_CW-A","HB",7,"NAD83 11N",4959943.022,551961.396,4.6,"PSME",29,0.874619707139396,2018-06-30,181,0,0,8.33333333333333,25,0.636363636363636,"failure",0,"190","186",14.1359997,195.173996,357.8670044,28.2931995,69.1111984,21.4726009,66.2950974,5.1334701,66.2950974,91,76,15,290.0409851,71.1059036,21.9148998,0,0
"1351","EMPAID_NCW-A01B_2018","2018-07-12",0,0,"I",2018,"EMPAID","EMPAID_CW-A","EMPAID_CW-A","HB",7,"NAD83 11N",4959943.022,551961.396,4.6,"PSME",29,0.874619707139396,2018-06-30,181,0,0,8.33333333333333,25,0.636363636363636,"failure",1,"193","190",14.1359997,195.173996,357.8670044,28.2931995,69.1111984,21.4726009,66.2950974,5.1334701,66.2950974,91,76,15,290.0409851,71.1059036,21.9148998,0,0
"1352","EMPAID_NCW-A02A_2019","2019-06-13",0,4,"N",2019,"EMPAID","EMPAID_CW-A","EMPAID_CW-A","HB",1,"NAD83 11N",4959169.85,550293.353,2.2,"PSME",293,0.390731128489273,2019-05-25,145,4,2,50,22.5,0.8,"success",1,"164",NA,1.08138,11.7321997,313.8340149,15.8607998,22.9099007,45.7612,37.3717003,37.3717003,7.0988598,113,48,65,12.6239004,52.6841011,51.8223,0,0
"1353","EMPAID_NCW-A02A_2019","2019-06-21",0,3,"N",2019,"EMPAID","EMPAID_CW-A","EMPAID_CW-A","HB",1,"NAD83 11N",4959169.85,550293.353,2.2,"PSME",293,0.390731128489273,2019-05-25,145,4,2,50,22.5,0.8,"success",1,"172","164",1.08138,11.7321997,313.8340149,15.8607998,22.9099007,45.7612,37.3717003,37.3717003,7.0988598,113,48,65,12.6239004,52.6841011,51.8223,0,0
"1354","EMPAID_NCW-A02A_2019","2019-06-27",999,999,"N",2019,"EMPAID","EMPAID_CW-A","EMPAID_CW-A","HB",1,"NAD83 11N",4959169.85,550293.353,2.2,"PSME",293,0.390731128489273,2019-05-25,145,4,2,50,22.5,0.8,"success",0,"178","172",1.08138,11.7321997,313.8340149,15.8607998,22.9099007,45.7612,37.3717003,37.3717003,7.0988598,113,48,65,12.6239004,52.6841011,51.8223,0,0
"1355","EMPAID_NCW-A02A_2019","2019-07-03",0,2,"N",2019,"EMPAID","EMPAID_CW-A","EMPAID_CW-A","HB",1,"NAD83 11N",4959169.85,550293.353,2.2,"PSME",293,0.390731128489273,2019-05-25,145,4,2,50,22.5,0.8,"success",1,"184","178",1.08138,11.7321997,313.8340149,15.8607998,22.9099007,45.7612,37.3717003,37.3717003,7.0988598,113,48,65,12.6239004,52.6841011,51.8223,0,0
"1356","EMPAID_NCW-A02A_2019","2019-07-05",999,999,"N",2019,"EMPAID","EMPAID_CW-A","EMPAID_CW-A","HB",1,"NAD83 11N",4959169.85,550293.353,2.2,"PSME",293,0.390731128489273,2019-05-25,145,4,2,50,22.5,0.8,"success",0,"186","184",1.08138,11.7321997,313.8340149,15.8607998,22.9099007,45.7612,37.3717003,37.3717003,7.0988598,113,48,65,12.6239004,52.6841011,51.8223,0,0
"1357","EMPAID_NCW-A02A_2019","2019-07-08",0,0,"F",2019,"EMPAID","EMPAID_CW-A","EMPAID_CW-A","HB",1,"NAD83 11N",4959169.85,550293.353,2.2,"PSME",293,0.390731128489273,2019-05-25,145,4,2,50,22.5,0.8,"success",1,"189","186",1.08138,11.7321997,313.8340149,15.8607998,22.9099007,45.7612,37.3717003,37.3717003,7.0988598,113,48,65,12.6239004,52.6841011,51.8223,0,0
"1358","EMPAID_NCW-A03A_2012","2012-05-30",3,0,"I",2012,"EMPAID","EMPAID_CW-A","EMPAID_CW-A","U",1,"NAD83 11N",4958785.505,550509.987,3,"PIPO",119,-0.484809620246337,2012-05-27,148,2,NA,16.6666666666667,10,0.857142857142857,"success",1,"151",NA,1.386,13.8898001,300.3580017,12.9594002,27.1047001,48.0199013,34.7608986,34.7608986,8.2722197,100,40,60,20.8395004,0.99736,0,0,0
"1359","EMPAID_NCW-A03A_2012","2012-06-06",999,999,"I",2012,"EMPAID","EMPAID_CW-A","EMPAID_CW-A","U",1,"NAD83 11N",4958785.505,550509.987,3,"PIPO",119,-0.484809620246337,2012-05-27,148,2,NA,16.6666666666667,10,0.857142857142857,"success",0,"158","151",1.386,13.8898001,300.3580017,12.9594002,27.1047001,48.0199013,34.7608986,34.7608986,8.2722197,100,40,60,20.8395004,0.99736,0,0,0
"1360","EMPAID_NCW-A03A_2012","2012-06-11",1,3,"N",2012,"EMPAID","EMPAID_CW-A","EMPAID_CW-A","U",1,"NAD83 11N",4958785.505,550509.987,3,"PIPO",119,-0.484809620246337,2012-05-27,148,2,NA,16.6666666666667,10,0.857142857142857,"success",1,"163","158",1.386,13.8898001,300.3580017,12.9594002,27.1047001,48.0199013,34.7608986,34.7608986,8.2722197,100,40,60,20.8395004,0.99736,0,0,0
"1361","EMPAID_NCW-A03A_2012","2012-06-14",999,999,"N",2012,"EMPAID","EMPAID_CW-A","EMPAID_CW-A","U",1,"NAD83 11N",4958785.505,550509.987,3,"PIPO",119,-0.484809620246337,2012-05-27,148,2,NA,16.6666666666667,10,0.857142857142857,"success",0,"166","163",1.386,13.8898001,300.3580017,12.9594002,27.1047001,48.0199013,34.7608986,34.7608986,8.2722197,100,40,60,20.8395004,0.99736,0,0,0
"1362","EMPAID_NCW-A03A_2012","2012-06-19",0,3,"N",2012,"EMPAID","EMPAID_CW-A","EMPAID_CW-A","U",1,"NAD83 11N",4958785.505,550509.987,3,"PIPO",119,-0.484809620246337,2012-05-27,148,2,NA,16.6666666666667,10,0.857142857142857,"success",1,"171","166",1.386,13.8898001,300.3580017,12.9594002,27.1047001,48.0199013,34.7608986,34.7608986,8.2722197,100,40,60,20.8395004,0.99736,0,0,0
"1363","EMPAID_NCW-A03A_2012","2012-06-22",999,999,"N",2012,"EMPAID","EMPAID_CW-A","EMPAID_CW-A","U",1,"NAD83 11N",4958785.505,550509.987,3,"PIPO",119,-0.484809620246337,2012-05-27,148,2,NA,16.6666666666667,10,0.857142857142857,"success",0,"174","171",1.386,13.8898001,300.3580017,12.9594002,27.1047001,48.0199013,34.7608986,34.7608986,8.2722197,100,40,60,20.8395004,0.99736,0,0,0
"1364","EMPAID_NCW-A03A_2012","2012-06-25",999,999,"N",2012,"EMPAID","EMPAID_CW-A","EMPAID_CW-A","U",1,"NAD83 11N",4958785.505,550509.987,3,"PIPO",119,-0.484809620246337,2012-05-27,148,2,NA,16.6666666666667,10,0.857142857142857,"success",0,"177","174",1.386,13.8898001,300.3580017,12.9594002,27.1047001,48.0199013,34.7608986,34.7608986,8.2722197,100,40,60,20.8395004,0.99736,0,0,0
"1365","EMPAID_NCW-A03A_2012","2012-07-02",0,2,"N",2012,"EMPAID","EMPAID_CW-A","EMPAID_CW-A","U",1,"NAD83 11N",4958785.505,550509.987,3,"PIPO",119,-0.484809620246337,2012-05-27,148,2,NA,16.6666666666667,10,0.857142857142857,"success",1,"184","177",1.386,13.8898001,300.3580017,12.9594002,27.1047001,48.0199013,34.7608986,34.7608986,8.2722197,100,40,60,20.8395004,0.99736,0,0,0
"1366","EMPAID_NCW-A03A_2012","2012-07-05",0,1,"N",2012,"EMPAID","EMPAID_CW-A","EMPAID_CW-A","U",1,"NAD83 11N",4958785.505,550509.987,3,"PIPO",119,-0.484809620246337,2012-05-27,148,2,NA,16.6666666666667,10,0.857142857142857,"success",1,"187","184",1.386,13.8898001,300.3580017,12.9594002,27.1047001,48.0199013,34.7608986,34.7608986,8.2722197,100,40,60,20.8395004,0.99736,0,0,0
"1367","EMPAID_NCW-A03A_2012","2012-07-09",0,0,"F",2012,"EMPAID","EMPAID_CW-A","EMPAID_CW-A","U",1,"NAD83 11N",4958785.505,550509.987,3,"PIPO",119,-0.484809620246337,2012-05-27,148,2,NA,16.6666666666667,10,0.857142857142857,"success",1,"191","187",1.386,13.8898001,300.3580017,12.9594002,27.1047001,48.0199013,34.7608986,34.7608986,8.2722197,100,40,60,20.8395004,0.99736,0,0,0
"1368","EMPAID_NCW-A03A_2016","2016-05-23",0,0,"L",2016,"EMPAID","EMPAID_CW-A","EMPAID_CW-A","H",1,"NAD83 11N",4958785.505,550509.987,1.2,"PIPO",22,0.927183854566787,2016-05-23,144,2,2,16.6666666666667,10,0.857142857142857,"success",1,"144",NA,1.386,13.8898001,300.3580017,12.9594002,27.1047001,48.0199013,34.7608986,34.7608986,8.2722197,100,40,60,20.8395004,43.6492004,4.2397399,0,0
"1369","EMPAID_NCW-A03A_2016","2016-05-26",999,999,"L",2016,"EMPAID","EMPAID_CW-A","EMPAID_CW-A","H",1,"NAD83 11N",4958785.505,550509.987,1.2,"PIPO",22,0.927183854566787,2016-05-23,144,2,2,16.6666666666667,10,0.857142857142857,"success",0,"147","144",1.386,13.8898001,300.3580017,12.9594002,27.1047001,48.0199013,34.7608986,34.7608986,8.2722197,100,40,60,20.8395004,43.6492004,4.2397399,0,0
"1370","EMPAID_NCW-A03A_2016","2016-05-30",999,999,"I",2016,"EMPAID","EMPAID_CW-A","EMPAID_CW-A","H",1,"NAD83 11N",4958785.505,550509.987,1.2,"PIPO",22,0.927183854566787,2016-05-23,144,2,2,16.6666666666667,10,0.857142857142857,"success",1,"151","147",1.386,13.8898001,300.3580017,12.9594002,27.1047001,48.0199013,34.7608986,34.7608986,8.2722197,100,40,60,20.8395004,43.6492004,4.2397399,0,0
"1371","EMPAID_NCW-A03A_2016","2016-06-07",3,2,"N",2016,"EMPAID","EMPAID_CW-A","EMPAID_CW-A","H",1,"NAD83 11N",4958785.505,550509.987,1.2,"PIPO",22,0.927183854566787,2016-05-23,144,2,2,16.6666666666667,10,0.857142857142857,"success",1,"159","151",1.386,13.8898001,300.3580017,12.9594002,27.1047001,48.0199013,34.7608986,34.7608986,8.2722197,100,40,60,20.8395004,43.6492004,4.2397399,0,0
"1372","EMPAID_NCW-A03A_2016","2016-06-10",0,4,"N",2016,"EMPAID","EMPAID_CW-A","EMPAID_CW-A","H",1,"NAD83 11N",4958785.505,550509.987,1.2,"PIPO",22,0.927183854566787,2016-05-23,144,2,2,16.6666666666667,10,0.857142857142857,"success",1,"162","159",1.386,13.8898001,300.3580017,12.9594002,27.1047001,48.0199013,34.7608986,34.7608986,8.2722197,100,40,60,20.8395004,43.6492004,4.2397399,0,0
"1373","EMPAID_NCW-A03A_2016","2016-06-15",999,999,"N",2016,"EMPAID","EMPAID_CW-A","EMPAID_CW-A","H",1,"NAD83 11N",4958785.505,550509.987,1.2,"PIPO",22,0.927183854566787,2016-05-23,144,2,2,16.6666666666667,10,0.857142857142857,"success",0,"167","162",1.386,13.8898001,300.3580017,12.9594002,27.1047001,48.0199013,34.7608986,34.7608986,8.2722197,100,40,60,20.8395004,43.6492004,4.2397399,0,0
"1374","EMPAID_NCW-A03A_2016","2016-06-21",999,999,"N",2016,"EMPAID","EMPAID_CW-A","EMPAID_CW-A","H",1,"NAD83 11N",4958785.505,550509.987,1.2,"PIPO",22,0.927183854566787,2016-05-23,144,2,2,16.6666666666667,10,0.857142857142857,"success",0,"173","167",1.386,13.8898001,300.3580017,12.9594002,27.1047001,48.0199013,34.7608986,34.7608986,8.2722197,100,40,60,20.8395004,43.6492004,4.2397399,0,0
"1375","EMPAID_NCW-A03A_2016","2016-06-24",999,999,"N",2016,"EMPAID","EMPAID_CW-A","EMPAID_CW-A","H",1,"NAD83 11N",4958785.505,550509.987,1.2,"PIPO",22,0.927183854566787,2016-05-23,144,2,2,16.6666666666667,10,0.857142857142857,"success",0,"176","173",1.386,13.8898001,300.3580017,12.9594002,27.1047001,48.0199013,34.7608986,34.7608986,8.2722197,100,40,60,20.8395004,43.6492004,4.2397399,0,0
"1376","EMPAID_NCW-A03A_2016","2016-06-28",0,3,"N",2016,"EMPAID","EMPAID_CW-A","EMPAID_CW-A","H",1,"NAD83 11N",4958785.505,550509.987,1.2,"PIPO",22,0.927183854566787,2016-05-23,144,2,2,16.6666666666667,10,0.857142857142857,"success",1,"180","176",1.386,13.8898001,300.3580017,12.9594002,27.1047001,48.0199013,34.7608986,34.7608986,8.2722197,100,40,60,20.8395004,43.6492004,4.2397399,0,0
"1377","EMPAID_NCW-A03A_2016","2016-06-30",0,2,"N",2016,"EMPAID","EMPAID_CW-A","EMPAID_CW-A","H",1,"NAD83 11N",4958785.505,550509.987,1.2,"PIPO",22,0.927183854566787,2016-05-23,144,2,2,16.6666666666667,10,0.857142857142857,"success",1,"182","180",1.386,13.8898001,300.3580017,12.9594002,27.1047001,48.0199013,34.7608986,34.7608986,8.2722197,100,40,60,20.8395004,43.6492004,4.2397399,0,0
"1378","EMPAID_NCW-A03A_2016","2016-07-05",0,0,"F",2016,"EMPAID","EMPAID_CW-A","EMPAID_CW-A","H",1,"NAD83 11N",4958785.505,550509.987,1.2,"PIPO",22,0.927183854566787,2016-05-23,144,2,2,16.6666666666667,10,0.857142857142857,"success",1,"187","182",1.386,13.8898001,300.3580017,12.9594002,27.1047001,48.0199013,34.7608986,34.7608986,8.2722197,100,40,60,20.8395004,43.6492004,4.2397399,0,0
"1379","EMPAID_NCW-A03A_2017","2017-06-16",999,999,"E",2017,"EMPAID","EMPAID_CW-A","EMPAID_CW-A","H",9,"NAD83 11N",4958841.687,550748.206,2,"PIPO",272,0.0348994967025013,2017-06-20,171,0,0,8.33333333333333,20,0.444444444444444,"failure",0,"167",NA,2.0150001,44.9790993,461.7590027,11.5770998,35.464901,45.3799019,22.3819008,21.1791992,22.3819008,102,48,54,37.1484985,63.743,1.48646,0,0
"1380","EMPAID_NCW-A03A_2017","2017-06-21",999,999,"L",2017,"EMPAID","EMPAID_CW-A","EMPAID_CW-A","H",9,"NAD83 11N",4958841.687,550748.206,2,"PIPO",272,0.0348994967025013,2017-06-20,171,0,0,8.33333333333333,20,0.444444444444444,"failure",0,"172","167",2.0150001,44.9790993,461.7590027,11.5770998,35.464901,45.3799019,22.3819008,21.1791992,22.3819008,102,48,54,37.1484985,63.743,1.48646,0,0
"1381","EMPAID_NCW-A03A_2017","2017-06-23",3,0,"I",2017,"EMPAID","EMPAID_CW-A","EMPAID_CW-A","H",9,"NAD83 11N",4958841.687,550748.206,2,"PIPO",272,0.0348994967025013,2017-06-20,171,0,0,8.33333333333333,20,0.444444444444444,"failure",1,"174","172",2.0150001,44.9790993,461.7590027,11.5770998,35.464901,45.3799019,22.3819008,21.1791992,22.3819008,102,48,54,37.1484985,63.743,1.48646,0,0
"1382","EMPAID_NCW-A03A_2017","2017-06-27",999,999,"I",2017,"EMPAID","EMPAID_CW-A","EMPAID_CW-A","H",9,"NAD83 11N",4958841.687,550748.206,2,"PIPO",272,0.0348994967025013,2017-06-20,171,0,0,8.33333333333333,20,0.444444444444444,"failure",0,"178","174",2.0150001,44.9790993,461.7590027,11.5770998,35.464901,45.3799019,22.3819008,21.1791992,22.3819008,102,48,54,37.1484985,63.743,1.48646,0,0
"1383","EMPAID_NCW-A03A_2017","2017-06-30",999,999,"I",2017,"EMPAID","EMPAID_CW-A","EMPAID_CW-A","H",9,"NAD83 11N",4958841.687,550748.206,2,"PIPO",272,0.0348994967025013,2017-06-20,171,0,0,8.33333333333333,20,0.444444444444444,"failure",0,"181","178",2.0150001,44.9790993,461.7590027,11.5770998,35.464901,45.3799019,22.3819008,21.1791992,22.3819008,102,48,54,37.1484985,63.743,1.48646,0,0
"1384","EMPAID_NCW-A03A_2017","2017-07-07",999,999,"I",2017,"EMPAID","EMPAID_CW-A","EMPAID_CW-A","H",9,"NAD83 11N",4958841.687,550748.206,2,"PIPO",272,0.0348994967025013,2017-06-20,171,0,0,8.33333333333333,20,0.444444444444444,"failure",0,"188","181",2.0150001,44.9790993,461.7590027,11.5770998,35.464901,45.3799019,22.3819008,21.1791992,22.3819008,102,48,54,37.1484985,63.743,1.48646,0,0
"1385","EMPAID_NCW-A04A_2018","2018-05-30",0,0,"E",2018,"EMPAID","EMPAID_CW-A","EMPAID_CW-A","HB",9,"NAD83 11N",4958475.82,550719.628,1.3,"PIPO",339,0.933580426497202,2018-06-02,153,0,0,16.6666666666667,12.5,1,"failure",1,"150",NA,2.3868001,44.1461983,418.2820129,9.3712997,38.8969994,43.9718018,27.1047001,27.1047001,22.2059002,102,52,50,51.3153992,62.5696983,51.2812004,0,0
"1386","EMPAID_NCW-A04A_2018","2018-06-05",2,0,"I",2018,"EMPAID","EMPAID_CW-A","EMPAID_CW-A","HB",9,"NAD83 11N",4958475.82,550719.628,1.3,"PIPO",339,0.933580426497202,2018-06-02,153,0,0,16.6666666666667,12.5,1,"failure",1,"156","150",2.3868001,44.1461983,418.2820129,9.3712997,38.8969994,43.9718018,27.1047001,27.1047001,22.2059002,102,52,50,51.3153992,62.5696983,51.2812004,0,0
"1387","EMPAID_NCW-A04A_2018","2018-06-08",999,999,"I",2018,"EMPAID","EMPAID_CW-A","EMPAID_CW-A","HB",9,"NAD83 11N",4958475.82,550719.628,1.3,"PIPO",339,0.933580426497202,2018-06-02,153,0,0,16.6666666666667,12.5,1,"failure",0,"159","156",2.3868001,44.1461983,418.2820129,9.3712997,38.8969994,43.9718018,27.1047001,27.1047001,22.2059002,102,52,50,51.3153992,62.5696983,51.2812004,0,0
"1388","EMPAID_NCW-A04A_2018","2018-06-13",0,0,"I",2018,"EMPAID","EMPAID_CW-A","EMPAID_CW-A","HB",9,"NAD83 11N",4958475.82,550719.628,1.3,"PIPO",339,0.933580426497202,2018-06-02,153,0,0,16.6666666666667,12.5,1,"failure",1,"164","159",2.3868001,44.1461983,418.2820129,9.3712997,38.8969994,43.9718018,27.1047001,27.1047001,22.2059002,102,52,50,51.3153992,62.5696983,51.2812004,0,0
"1389","EMPAID_NCW-A04A_2019","2019-05-24",999,999,"E",2019,"EMPAID","EMPAID_CW-A","EMPAID_CW-A","HB",1,"NAD83 11N",4958579.188,550785.284,2.5,"PIPO",258,-0.20791169081776,2019-06-05,156,3,NA,50,5,0.875,"success",0,"144",NA,2.5181999,53.2789001,448.9710083,9.8943596,41.0383987,43.0331001,26.1660004,24.4353008,26.1660004,103,53,50,49.1945992,64.0950012,49.5942001,0,0
"1390","EMPAID_NCW-A04A_2019","2019-06-06",1,0,"L",2019,"EMPAID","EMPAID_CW-A","EMPAID_CW-A","HB",1,"NAD83 11N",4958579.188,550785.284,2.5,"PIPO",258,-0.20791169081776,2019-06-05,156,3,NA,50,5,0.875,"success",1,"157","144",2.5181999,53.2789001,448.9710083,9.8943596,41.0383987,43.0331001,26.1660004,24.4353008,26.1660004,103,53,50,49.1945992,64.0950012,49.5942001,0,0
"1391","EMPAID_NCW-A04A_2019","2019-06-13",4,0,"I",2019,"EMPAID","EMPAID_CW-A","EMPAID_CW-A","HB",1,"NAD83 11N",4958579.188,550785.284,2.5,"PIPO",258,-0.20791169081776,2019-06-05,156,3,NA,50,5,0.875,"success",1,"164","157",2.5181999,53.2789001,448.9710083,9.8943596,41.0383987,43.0331001,26.1660004,24.4353008,26.1660004,103,53,50,49.1945992,64.0950012,49.5942001,0,0
"1392","EMPAID_NCW-A04A_2019","2019-06-21",0,3,"N",2019,"EMPAID","EMPAID_CW-A","EMPAID_CW-A","HB",1,"NAD83 11N",4958579.188,550785.284,2.5,"PIPO",258,-0.20791169081776,2019-06-05,156,3,NA,50,5,0.875,"success",1,"172","164",2.5181999,53.2789001,448.9710083,9.8943596,41.0383987,43.0331001,26.1660004,24.4353008,26.1660004,103,53,50,49.1945992,64.0950012,49.5942001,0,0
"1393","EMPAID_NCW-A04A_2019","2019-06-27",0,3,"N",2019,"EMPAID","EMPAID_CW-A","EMPAID_CW-A","HB",1,"NAD83 11N",4958579.188,550785.284,2.5,"PIPO",258,-0.20791169081776,2019-06-05,156,3,NA,50,5,0.875,"success",1,"178","172",2.5181999,53.2789001,448.9710083,9.8943596,41.0383987,43.0331001,26.1660004,24.4353008,26.1660004,103,53,50,49.1945992,64.0950012,49.5942001,0,0
"1394","EMPAID_NCW-A04A_2019","2019-07-03",999,999,"N",2019,"EMPAID","EMPAID_CW-A","EMPAID_CW-A","HB",1,"NAD83 11N",4958579.188,550785.284,2.5,"PIPO",258,-0.20791169081776,2019-06-05,156,3,NA,50,5,0.875,"success",0,"184","178",2.5181999,53.2789001,448.9710083,9.8943596,41.0383987,43.0331001,26.1660004,24.4353008,26.1660004,103,53,50,49.1945992,64.0950012,49.5942001,0,0
"1395","EMPAID_NCW-A04A_2019","2019-07-09",0,3,"N",2019,"EMPAID","EMPAID_CW-A","EMPAID_CW-A","HB",1,"NAD83 11N",4958579.188,550785.284,2.5,"PIPO",258,-0.20791169081776,2019-06-05,156,3,NA,50,5,0.875,"success",1,"190","184",2.5181999,53.2789001,448.9710083,9.8943596,41.0383987,43.0331001,26.1660004,24.4353008,26.1660004,103,53,50,49.1945992,64.0950012,49.5942001,0,0
"1396","EMPAID_NCW-A04A_2019","2019-07-11",999,999,"N",2019,"EMPAID","EMPAID_CW-A","EMPAID_CW-A","HB",1,"NAD83 11N",4958579.188,550785.284,2.5,"PIPO",258,-0.20791169081776,2019-06-05,156,3,NA,50,5,0.875,"success",0,"192","190",2.5181999,53.2789001,448.9710083,9.8943596,41.0383987,43.0331001,26.1660004,24.4353008,26.1660004,103,53,50,49.1945992,64.0950012,49.5942001,0,0
"1397","EMPAID_NCW-A04A_2019","2019-07-15",0,3,"N",2019,"EMPAID","EMPAID_CW-A","EMPAID_CW-A","HB",1,"NAD83 11N",4958579.188,550785.284,2.5,"PIPO",258,-0.20791169081776,2019-06-05,156,3,NA,50,5,0.875,"success",1,"196","192",2.5181999,53.2789001,448.9710083,9.8943596,41.0383987,43.0331001,26.1660004,24.4353008,26.1660004,103,53,50,49.1945992,64.0950012,49.5942001,0,0
"1398","EMPAID_NCW-A04A_2019","2019-07-16",0,3,"N",2019,"EMPAID","EMPAID_CW-A","EMPAID_CW-A","HB",1,"NAD83 11N",4958579.188,550785.284,2.5,"PIPO",258,-0.20791169081776,2019-06-05,156,3,NA,50,5,0.875,"success",1,"197","196",2.5181999,53.2789001,448.9710083,9.8943596,41.0383987,43.0331001,26.1660004,24.4353008,26.1660004,103,53,50,49.1945992,64.0950012,49.5942001,0,0
"1399","EMPAID_NCW-A04A_2019","2019-07-17",0,0,"F",2019,"EMPAID","EMPAID_CW-A","EMPAID_CW-A","HB",1,"NAD83 11N",4958579.188,550785.284,2.5,"PIPO",258,-0.20791169081776,2019-06-05,156,3,NA,50,5,0.875,"success",1,"198","197",2.5181999,53.2789001,448.9710083,9.8943596,41.0383987,43.0331001,26.1660004,24.4353008,26.1660004,103,53,50,49.1945992,64.0950012,49.5942001,0,0
"1400","EMPAID_NCW-A05A_2017","2017-06-14",2,0,"I",2017,"EMPAID","EMPAID_CW-A","EMPAID_CW-A","H",1,"NAD83 11N",4958130.095,550880.687,2.3,"PIPO",142,-0.788010753606722,2017-06-05,156,1,1,8.33333333333333,12.5,0.833333333333333,"success",1,"165",NA,4.3049998,108.0690002,490.9500122,12.5887003,50.5133018,37.0489998,42.0065002,25.198,42.0065002,92,56,36,140.8170013,62.7457008,6.3118701,0,0
"1401","EMPAID_NCW-A05A_2017","2017-06-16",2,0,"I",2017,"EMPAID","EMPAID_CW-A","EMPAID_CW-A","H",1,"NAD83 11N",4958130.095,550880.687,2.3,"PIPO",142,-0.788010753606722,2017-06-05,156,1,1,8.33333333333333,12.5,0.833333333333333,"success",1,"167","165",4.3049998,108.0690002,490.9500122,12.5887003,50.5133018,37.0489998,42.0065002,25.198,42.0065002,92,56,36,140.8170013,62.7457008,6.3118701,0,0
"1402","EMPAID_NCW-A05A_2017","2017-06-19",1,1,"N",2017,"EMPAID","EMPAID_CW-A","EMPAID_CW-A","H",1,"NAD83 11N",4958130.095,550880.687,2.3,"PIPO",142,-0.788010753606722,2017-06-05,156,1,1,8.33333333333333,12.5,0.833333333333333,"success",1,"170","167",4.3049998,108.0690002,490.9500122,12.5887003,50.5133018,37.0489998,42.0065002,25.198,42.0065002,92,56,36,140.8170013,62.7457008,6.3118701,0,0
"1403","EMPAID_NCW-A05A_2017","2017-06-26",999,999,"N",2017,"EMPAID","EMPAID_CW-A","EMPAID_CW-A","H",1,"NAD83 11N",4958130.095,550880.687,2.3,"PIPO",142,-0.788010753606722,2017-06-05,156,1,1,8.33333333333333,12.5,0.833333333333333,"success",0,"177","170",4.3049998,108.0690002,490.9500122,12.5887003,50.5133018,37.0489998,42.0065002,25.198,42.0065002,92,56,36,140.8170013,62.7457008,6.3118701,0,0
"1404","EMPAID_NCW-A05A_2017","2017-06-30",0,1,"N",2017,"EMPAID","EMPAID_CW-A","EMPAID_CW-A","H",1,"NAD83 11N",4958130.095,550880.687,2.3,"PIPO",142,-0.788010753606722,2017-06-05,156,1,1,8.33333333333333,12.5,0.833333333333333,"success",1,"181","177",4.3049998,108.0690002,490.9500122,12.5887003,50.5133018,37.0489998,42.0065002,25.198,42.0065002,92,56,36,140.8170013,62.7457008,6.3118701,0,0
"1405","EMPAID_NCW-A05A_2017","2017-07-06",999,999,"N",2017,"EMPAID","EMPAID_CW-A","EMPAID_CW-A","H",1,"NAD83 11N",4958130.095,550880.687,2.3,"PIPO",142,-0.788010753606722,2017-06-05,156,1,1,8.33333333333333,12.5,0.833333333333333,"success",0,"187","181",4.3049998,108.0690002,490.9500122,12.5887003,50.5133018,37.0489998,42.0065002,25.198,42.0065002,92,56,36,140.8170013,62.7457008,6.3118701,0,0
"1406","EMPAID_NCW-A05A_2017","2017-07-10",0,1,"N",2017,"EMPAID","EMPAID_CW-A","EMPAID_CW-A","H",1,"NAD83 11N",4958130.095,550880.687,2.3,"PIPO",142,-0.788010753606722,2017-06-05,156,1,1,8.33333333333333,12.5,0.833333333333333,"success",1,"191","187",4.3049998,108.0690002,490.9500122,12.5887003,50.5133018,37.0489998,42.0065002,25.198,42.0065002,92,56,36,140.8170013,62.7457008,6.3118701,0,0
"1407","EMPAID_NCW-A05A_2017","2017-07-18",0,0,"F",2017,"EMPAID","EMPAID_CW-A","EMPAID_CW-A","H",1,"NAD83 11N",4958130.095,550880.687,2.3,"PIPO",142,-0.788010753606722,2017-06-05,156,1,1,8.33333333333333,12.5,0.833333333333333,"success",1,"199","191",4.3049998,108.0690002,490.9500122,12.5887003,50.5133018,37.0489998,42.0065002,25.198,42.0065002,92,56,36,140.8170013,62.7457008,6.3118701,0,0
"1408","EMPAID_NCW-A07A_2018","2018-06-27",0,4,"N",2018,"EMPAID","EMPAID_CW-A","EMPAID_CW-A","H",1,"NAD83 11N",4959044.424,551757.102,1.9,"PIPO",106,-0.275637355816999,2018-05-29,149,4,2,41.6666666666667,7.5,0.625,"success",1,"178",NA,11.3549995,188.5599976,395.0429993,22.9218006,66.6177979,26.8113995,63.9776993,8.03755,63.9776993,96,78,18,338.9249878,73.0712967,45.2397995,0,0
"1409","EMPAID_NCW-A07A_2018","2018-07-05",999,999,"N",2018,"EMPAID","EMPAID_CW-A","EMPAID_CW-A","H",1,"NAD83 11N",4959044.424,551757.102,1.9,"PIPO",106,-0.275637355816999,2018-05-29,149,4,2,41.6666666666667,7.5,0.625,"success",0,"186","178",11.3549995,188.5599976,395.0429993,22.9218006,66.6177979,26.8113995,63.9776993,8.03755,63.9776993,96,78,18,338.9249878,73.0712967,45.2397995,0,0
"1410","EMPAID_NCW-A07A_2018","2018-07-12",0,0,"F",2018,"EMPAID","EMPAID_CW-A","EMPAID_CW-A","H",1,"NAD83 11N",4959044.424,551757.102,1.9,"PIPO",106,-0.275637355816999,2018-05-29,149,4,2,41.6666666666667,7.5,0.625,"success",1,"193","186",11.3549995,188.5599976,395.0429993,22.9218006,66.6177979,26.8113995,63.9776993,8.03755,63.9776993,96,78,18,338.9249878,73.0712967,45.2397995,0,0
"1411","EMPAID_NCW-A07A_2019","2019-06-13",999,999,"I",2019,"EMPAID","EMPAID_CW-A","EMPAID_CW-A","H",1,"NAD83 11N",4959088.629,551852.804,1.7,"PSME",134,-0.694658370458997,2019-06-03,154,3,NA,16.6666666666667,12.5,0.375,"success",0,"164",NA,2.1427701,34.3853989,387.9070129,16.1259995,32.8249016,60.6043015,57.9054985,57.9054985,18.3924999,64,17,47,51.2318001,73.892601,45.1442986,0,0
"1412","EMPAID_NCW-A07A_2019","2019-06-21",0,3,"N",2019,"EMPAID","EMPAID_CW-A","EMPAID_CW-A","H",1,"NAD83 11N",4959088.629,551852.804,1.7,"PSME",134,-0.694658370458997,2019-06-03,154,3,NA,16.6666666666667,12.5,0.375,"success",1,"172","164",2.1427701,34.3853989,387.9070129,16.1259995,32.8249016,60.6043015,57.9054985,57.9054985,18.3924999,64,17,47,51.2318001,73.892601,45.1442986,0,0
"1413","EMPAID_NCW-A07A_2019","2019-06-27",0,3,"N",2019,"EMPAID","EMPAID_CW-A","EMPAID_CW-A","H",1,"NAD83 11N",4959088.629,551852.804,1.7,"PSME",134,-0.694658370458997,2019-06-03,154,3,NA,16.6666666666667,12.5,0.375,"success",1,"178","172",2.1427701,34.3853989,387.9070129,16.1259995,32.8249016,60.6043015,57.9054985,57.9054985,18.3924999,64,17,47,51.2318001,73.892601,45.1442986,0,0
"1414","EMPAID_NCW-A07A_2019","2019-07-03",999,999,"N",2019,"EMPAID","EMPAID_CW-A","EMPAID_CW-A","H",1,"NAD83 11N",4959088.629,551852.804,1.7,"PSME",134,-0.694658370458997,2019-06-03,154,3,NA,16.6666666666667,12.5,0.375,"success",0,"184","178",2.1427701,34.3853989,387.9070129,16.1259995,32.8249016,60.6043015,57.9054985,57.9054985,18.3924999,64,17,47,51.2318001,73.892601,45.1442986,0,0
"1415","EMPAID_NCW-A07A_2019","2019-07-08",0,3,"N",2019,"EMPAID","EMPAID_CW-A","EMPAID_CW-A","H",1,"NAD83 11N",4959088.629,551852.804,1.7,"PSME",134,-0.694658370458997,2019-06-03,154,3,NA,16.6666666666667,12.5,0.375,"success",1,"189","184",2.1427701,34.3853989,387.9070129,16.1259995,32.8249016,60.6043015,57.9054985,57.9054985,18.3924999,64,17,47,51.2318001,73.892601,45.1442986,0,0
"1416","EMPAID_NCW-A07A_2019","2019-07-11",0,3,"N",2019,"EMPAID","EMPAID_CW-A","EMPAID_CW-A","H",1,"NAD83 11N",4959088.629,551852.804,1.7,"PSME",134,-0.694658370458997,2019-06-03,154,3,NA,16.6666666666667,12.5,0.375,"success",1,"192","189",2.1427701,34.3853989,387.9070129,16.1259995,32.8249016,60.6043015,57.9054985,57.9054985,18.3924999,64,17,47,51.2318001,73.892601,45.1442986,0,0
"1417","EMPAID_NCW-A07A_2019","2019-07-15",0,0,"F",2019,"EMPAID","EMPAID_CW-A","EMPAID_CW-A","H",1,"NAD83 11N",4959088.629,551852.804,1.7,"PSME",134,-0.694658370458997,2019-06-03,154,3,NA,16.6666666666667,12.5,0.375,"success",1,"196","192",2.1427701,34.3853989,387.9070129,16.1259995,32.8249016,60.6043015,57.9054985,57.9054985,18.3924999,64,17,47,51.2318001,73.892601,45.1442986,0,0
"1418","EMPAID_NCW-B02A_2019","2019-06-13",5,0,"I",2019,"EMPAID","EMPAID_CW-B","EMPAID_CW-B","HB",1,"NAD83 11N",4957611.463,551776.945,4.8,"PSME",167,-0.974370064785235,2019-06-01,152,3,1,25,17.5,0.3,"success",1,"164",NA,16.1292992,220.8029938,356.223999,29.0282001,73.5992966,24.4647007,72.7779007,10.6189003,72.7779007,79,65,14,497.7869873,61.6896019,66.5595016,0,0
"1419","EMPAID_NCW-B02A_2019","2019-06-24",0,3,"N",2019,"EMPAID","EMPAID_CW-B","EMPAID_CW-B","HB",1,"NAD83 11N",4957611.463,551776.945,4.8,"PSME",167,-0.974370064785235,2019-06-01,152,3,1,25,17.5,0.3,"success",1,"175","164",16.1292992,220.8029938,356.223999,29.0282001,73.5992966,24.4647007,72.7779007,10.6189003,72.7779007,79,65,14,497.7869873,61.6896019,66.5595016,0,0
"1420","EMPAID_NCW-B02A_2019","2019-06-28",0,3,"N",2019,"EMPAID","EMPAID_CW-B","EMPAID_CW-B","HB",1,"NAD83 11N",4957611.463,551776.945,4.8,"PSME",167,-0.974370064785235,2019-06-01,152,3,1,25,17.5,0.3,"success",1,"179","175",16.1292992,220.8029938,356.223999,29.0282001,73.5992966,24.4647007,72.7779007,10.6189003,72.7779007,79,65,14,497.7869873,61.6896019,66.5595016,0,0
"1421","EMPAID_NCW-B02A_2019","2019-07-03",0,3,"N",2019,"EMPAID","EMPAID_CW-B","EMPAID_CW-B","HB",1,"NAD83 11N",4957611.463,551776.945,4.8,"PSME",167,-0.974370064785235,2019-06-01,152,3,1,25,17.5,0.3,"success",1,"184","179",16.1292992,220.8029938,356.223999,29.0282001,73.5992966,24.4647007,72.7779007,10.6189003,72.7779007,79,65,14,497.7869873,61.6896019,66.5595016,0,0
"1422","EMPAID_NCW-B02A_2019","2019-07-09",0,3,"N",2019,"EMPAID","EMPAID_CW-B","EMPAID_CW-B","HB",1,"NAD83 11N",4957611.463,551776.945,4.8,"PSME",167,-0.974370064785235,2019-06-01,152,3,1,25,17.5,0.3,"success",1,"190","184",16.1292992,220.8029938,356.223999,29.0282001,73.5992966,24.4647007,72.7779007,10.6189003,72.7779007,79,65,14,497.7869873,61.6896019,66.5595016,0,0
"1423","EMPAID_NCW-B02A_2019","2019-07-11",999,999,"N",2019,"EMPAID","EMPAID_CW-B","EMPAID_CW-B","HB",1,"NAD83 11N",4957611.463,551776.945,4.8,"PSME",167,-0.974370064785235,2019-06-01,152,3,1,25,17.5,0.3,"success",0,"192","190",16.1292992,220.8029938,356.223999,29.0282001,73.5992966,24.4647007,72.7779007,10.6189003,72.7779007,79,65,14,497.7869873,61.6896019,66.5595016,0,0
"1424","EMPAID_NCW-B02A_2019","2019-07-15",0,0,"F",2019,"EMPAID","EMPAID_CW-B","EMPAID_CW-B","HB",1,"NAD83 11N",4957611.463,551776.945,4.8,"PSME",167,-0.974370064785235,2019-06-01,152,3,1,25,17.5,0.3,"success",1,"196","192",16.1292992,220.8029938,356.223999,29.0282001,73.5992966,24.4647007,72.7779007,10.6189003,72.7779007,79,65,14,497.7869873,61.6896019,66.5595016,0,0
"1425","EMPAID_NCW-B03A_2017","2017-06-21",999,999,"N",2017,"EMPAID","EMPAID_CW-B","EMPAID_CW-B","H",1,"NAD83 11N",4957548.659,551836.1,3,"PIPO",16,0.961261695938319,2017-05-26,146,2,NA,0,55,0.772727272727273,"success",0,"172",NA,17.6469002,226.7189941,344.2019958,29.6429996,74.7726974,23.9073009,74.3326035,10.6775999,74.3326035,78,65,13,447.7099915,62.1590004,0.235541,0,0
"1426","EMPAID_NCW-B03A_2017","2017-06-26",0,2,"N",2017,"EMPAID","EMPAID_CW-B","EMPAID_CW-B","H",1,"NAD83 11N",4957548.659,551836.1,3,"PIPO",16,0.961261695938319,2017-05-26,146,2,NA,0,55,0.772727272727273,"success",1,"177","172",17.6469002,226.7189941,344.2019958,29.6429996,74.7726974,23.9073009,74.3326035,10.6775999,74.3326035,78,65,13,447.7099915,62.1590004,0.235541,0,0
"1427","EMPAID_NCW-B03A_2017","2017-06-30",999,999,"N",2017,"EMPAID","EMPAID_CW-B","EMPAID_CW-B","H",1,"NAD83 11N",4957548.659,551836.1,3,"PIPO",16,0.961261695938319,2017-05-26,146,2,NA,0,55,0.772727272727273,"success",0,"181","177",17.6469002,226.7189941,344.2019958,29.6429996,74.7726974,23.9073009,74.3326035,10.6775999,74.3326035,78,65,13,447.7099915,62.1590004,0.235541,0,0
"1428","EMPAID_NCW-B03A_2017","2017-07-03",0,2,"N",2017,"EMPAID","EMPAID_CW-B","EMPAID_CW-B","H",1,"NAD83 11N",4957548.659,551836.1,3,"PIPO",16,0.961261695938319,2017-05-26,146,2,NA,0,55,0.772727272727273,"success",1,"184","181",17.6469002,226.7189941,344.2019958,29.6429996,74.7726974,23.9073009,74.3326035,10.6775999,74.3326035,78,65,13,447.7099915,62.1590004,0.235541,0,0
"1429","EMPAID_NCW-B03A_2017","2017-07-06",0,0,"F",2017,"EMPAID","EMPAID_CW-B","EMPAID_CW-B","H",1,"NAD83 11N",4957548.659,551836.1,3,"PIPO",16,0.961261695938319,2017-05-26,146,2,NA,0,55,0.772727272727273,"success",1,"187","184",17.6469002,226.7189941,344.2019958,29.6429996,74.7726974,23.9073009,74.3326035,10.6775999,74.3326035,78,65,13,447.7099915,62.1590004,0.235541,0,0
"1430","EMPAID_NCW-B04A_2016","2016-06-21",4,0,"I",2016,"EMPAID","EMPAID_CW-B","EMPAID_CW-B","H",1,"NAD83 11N",4957971.349,552127.301,3,"PSME",282,0.207911690817759,2016-06-13,165,4,4,8.33333333333333,50,0.857142857142857,"success",1,"173",NA,14.0063,218.9129944,382.4869995,27.2096996,73.0419006,25.6380005,72.1912994,12.7896996,72.1912994,75,59,16,503.177002,48.577301,0,0,0
"1431","EMPAID_NCW-B04A_2016","2016-06-27",4,0,"I",2016,"EMPAID","EMPAID_CW-B","EMPAID_CW-B","H",1,"NAD83 11N",4957971.349,552127.301,3,"PSME",282,0.207911690817759,2016-06-13,165,4,4,8.33333333333333,50,0.857142857142857,"success",1,"179","173",14.0063,218.9129944,382.4869995,27.2096996,73.0419006,25.6380005,72.1912994,12.7896996,72.1912994,75,59,16,503.177002,48.577301,0,0,0
"1432","EMPAID_NCW-B04A_2016","2016-07-05",0,4,"N",2016,"EMPAID","EMPAID_CW-B","EMPAID_CW-B","H",1,"NAD83 11N",4957971.349,552127.301,3,"PSME",282,0.207911690817759,2016-06-13,165,4,4,8.33333333333333,50,0.857142857142857,"success",1,"187","179",14.0063,218.9129944,382.4869995,27.2096996,73.0419006,25.6380005,72.1912994,12.7896996,72.1912994,75,59,16,503.177002,48.577301,0,0,0
"1433","EMPAID_NCW-B04A_2016","2016-07-13",0,4,"N",2016,"EMPAID","EMPAID_CW-B","EMPAID_CW-B","H",1,"NAD83 11N",4957971.349,552127.301,3,"PSME",282,0.207911690817759,2016-06-13,165,4,4,8.33333333333333,50,0.857142857142857,"success",1,"195","187",14.0063,218.9129944,382.4869995,27.2096996,73.0419006,25.6380005,72.1912994,12.7896996,72.1912994,75,59,16,503.177002,48.577301,0,0,0
"1434","EMPAID_NCW-B04A_2016","2016-07-18",0,4,"N",2016,"EMPAID","EMPAID_CW-B","EMPAID_CW-B","H",1,"NAD83 11N",4957971.349,552127.301,3,"PSME",282,0.207911690817759,2016-06-13,165,4,4,8.33333333333333,50,0.857142857142857,"success",1,"200","195",14.0063,218.9129944,382.4869995,27.2096996,73.0419006,25.6380005,72.1912994,12.7896996,72.1912994,75,59,16,503.177002,48.577301,0,0,0
"1435","EMPAID_NCW-B04A_2016","2016-07-20",999,999,"N",2016,"EMPAID","EMPAID_CW-B","EMPAID_CW-B","H",1,"NAD83 11N",4957971.349,552127.301,3,"PSME",282,0.207911690817759,2016-06-13,165,4,4,8.33333333333333,50,0.857142857142857,"success",0,"202","200",14.0063,218.9129944,382.4869995,27.2096996,73.0419006,25.6380005,72.1912994,12.7896996,72.1912994,75,59,16,503.177002,48.577301,0,0,0
"1436","EMPAID_NCW-B04A_2016","2016-07-25",0,1,"N",2016,"EMPAID","EMPAID_CW-B","EMPAID_CW-B","H",1,"NAD83 11N",4957971.349,552127.301,3,"PSME",282,0.207911690817759,2016-06-13,165,4,4,8.33333333333333,50,0.857142857142857,"success",1,"207","202",14.0063,218.9129944,382.4869995,27.2096996,73.0419006,25.6380005,72.1912994,12.7896996,72.1912994,75,59,16,503.177002,48.577301,0,0,0
"1437","EMPAID_NCW-B04A_2016","2016-07-27",0,0,"F",2016,"EMPAID","EMPAID_CW-B","EMPAID_CW-B","H",1,"NAD83 11N",4957971.349,552127.301,3,"PSME",282,0.207911690817759,2016-06-13,165,4,4,8.33333333333333,50,0.857142857142857,"success",1,"209","207",14.0063,218.9129944,382.4869995,27.2096996,73.0419006,25.6380005,72.1912994,12.7896996,72.1912994,75,59,16,503.177002,48.577301,0,0,0
"1438","EMPAID_NCW-B04A_2018","2018-06-18",3,0,"I",2018,"EMPAID","EMPAID_CW-B","EMPAID_CW-B","HB",1,"NAD83 11N",4957932.504,552209.808,3,"PIPO",238,-0.529919264233205,2018-06-07,158,2,1,16.6666666666667,37.5,0.647058823529412,"success",1,"169",NA,14.934,219.5350037,370.1400146,26.6138992,73.0126038,25.8726997,72.2792969,13.3470001,72.2792969,75,60,15,496.177002,59.2841988,46.3348007,0,0
"1439","EMPAID_NCW-B04A_2018","2018-06-25",1,2,"N",2018,"EMPAID","EMPAID_CW-B","EMPAID_CW-B","HB",1,"NAD83 11N",4957932.504,552209.808,3,"PIPO",238,-0.529919264233205,2018-06-07,158,2,1,16.6666666666667,37.5,0.647058823529412,"success",1,"176","169",14.934,219.5350037,370.1400146,26.6138992,73.0126038,25.8726997,72.2792969,13.3470001,72.2792969,75,60,15,496.177002,59.2841988,46.3348007,0,0
"1440","EMPAID_NCW-B04A_2018","2018-07-05",0,2,"N",2018,"EMPAID","EMPAID_CW-B","EMPAID_CW-B","HB",1,"NAD83 11N",4957932.504,552209.808,3,"PIPO",238,-0.529919264233205,2018-06-07,158,2,1,16.6666666666667,37.5,0.647058823529412,"success",1,"186","176",14.934,219.5350037,370.1400146,26.6138992,73.0126038,25.8726997,72.2792969,13.3470001,72.2792969,75,60,15,496.177002,59.2841988,46.3348007,0,0
"1441","EMPAID_NCW-B04A_2018","2018-07-09",999,999,"N",2018,"EMPAID","EMPAID_CW-B","EMPAID_CW-B","HB",1,"NAD83 11N",4957932.504,552209.808,3,"PIPO",238,-0.529919264233205,2018-06-07,158,2,1,16.6666666666667,37.5,0.647058823529412,"success",0,"190","186",14.934,219.5350037,370.1400146,26.6138992,73.0126038,25.8726997,72.2792969,13.3470001,72.2792969,75,60,15,496.177002,59.2841988,46.3348007,0,0
"1442","EMPAID_NCW-B04A_2018","2018-07-12",0,2,"N",2018,"EMPAID","EMPAID_CW-B","EMPAID_CW-B","HB",1,"NAD83 11N",4957932.504,552209.808,3,"PIPO",238,-0.529919264233205,2018-06-07,158,2,1,16.6666666666667,37.5,0.647058823529412,"success",1,"193","190",14.934,219.5350037,370.1400146,26.6138992,73.0126038,25.8726997,72.2792969,13.3470001,72.2792969,75,60,15,496.177002,59.2841988,46.3348007,0,0
"1443","EMPAID_NCW-B04A_2018","2018-07-16",0,1,"N",2018,"EMPAID","EMPAID_CW-B","EMPAID_CW-B","HB",1,"NAD83 11N",4957932.504,552209.808,3,"PIPO",238,-0.529919264233205,2018-06-07,158,2,1,16.6666666666667,37.5,0.647058823529412,"success",1,"197","193",14.934,219.5350037,370.1400146,26.6138992,73.0126038,25.8726997,72.2792969,13.3470001,72.2792969,75,60,15,496.177002,59.2841988,46.3348007,0,0
"1444","EMPAID_NCW-B04A_2018","2018-07-18",0,0,"F",2018,"EMPAID","EMPAID_CW-B","EMPAID_CW-B","HB",1,"NAD83 11N",4957932.504,552209.808,3,"PIPO",238,-0.529919264233205,2018-06-07,158,2,1,16.6666666666667,37.5,0.647058823529412,"success",1,"199","197",14.934,219.5350037,370.1400146,26.6138992,73.0126038,25.8726997,72.2792969,13.3470001,72.2792969,75,60,15,496.177002,59.2841988,46.3348007,0,0
"1445","EMPAID_NCW-D04A_2015","2015-05-22",4,0,"I",2015,"EMPAID","EMPAID_CW-D","EMPAID_CW-D","U",1,"NAD83 11N",4956021.103,548322.704,4,"PIPO",6,0.994521895368273,2015-05-13,133,3,NA,41.6666666666667,25,0.9375,"success",1,"142",NA,4.9949999,61.4370995,336.151001,12.2349005,45.5852013,34.2328987,25.9020004,23.6140003,25.9020004,82,54,28,83.6091003,24.4353008,0,0,0
"1446","EMPAID_NCW-D04A_2015","2015-05-31",1,3,"N",2015,"EMPAID","EMPAID_CW-D","EMPAID_CW-D","U",1,"NAD83 11N",4956021.103,548322.704,4,"PIPO",6,0.994521895368273,2015-05-13,133,3,NA,41.6666666666667,25,0.9375,"success",1,"151","142",4.9949999,61.4370995,336.151001,12.2349005,45.5852013,34.2328987,25.9020004,23.6140003,25.9020004,82,54,28,83.6091003,24.4353008,0,0,0
"1447","EMPAID_NCW-D04A_2015","2015-06-03",999,999,"N",2015,"EMPAID","EMPAID_CW-D","EMPAID_CW-D","U",1,"NAD83 11N",4956021.103,548322.704,4,"PIPO",6,0.994521895368273,2015-05-13,133,3,NA,41.6666666666667,25,0.9375,"success",0,"154","151",4.9949999,61.4370995,336.151001,12.2349005,45.5852013,34.2328987,25.9020004,23.6140003,25.9020004,82,54,28,83.6091003,24.4353008,0,0,0
"1448","EMPAID_NCW-D04A_2015","2015-06-09",1,3,"N",2015,"EMPAID","EMPAID_CW-D","EMPAID_CW-D","U",1,"NAD83 11N",4956021.103,548322.704,4,"PIPO",6,0.994521895368273,2015-05-13,133,3,NA,41.6666666666667,25,0.9375,"success",1,"160","154",4.9949999,61.4370995,336.151001,12.2349005,45.5852013,34.2328987,25.9020004,23.6140003,25.9020004,82,54,28,83.6091003,24.4353008,0,0,0
"1449","EMPAID_NCW-D04A_2015","2015-06-14",1,3,"N",2015,"EMPAID","EMPAID_CW-D","EMPAID_CW-D","U",1,"NAD83 11N",4956021.103,548322.704,4,"PIPO",6,0.994521895368273,2015-05-13,133,3,NA,41.6666666666667,25,0.9375,"success",1,"165","160",4.9949999,61.4370995,336.151001,12.2349005,45.5852013,34.2328987,25.9020004,23.6140003,25.9020004,82,54,28,83.6091003,24.4353008,0,0,0
"1450","EMPAID_NCW-D04A_2015","2015-06-24",1,0,"F",2015,"EMPAID","EMPAID_CW-D","EMPAID_CW-D","U",1,"NAD83 11N",4956021.103,548322.704,4,"PIPO",6,0.994521895368273,2015-05-13,133,3,NA,41.6666666666667,25,0.9375,"success",1,"175","165",4.9949999,61.4370995,336.151001,12.2349005,45.5852013,34.2328987,25.9020004,23.6140003,25.9020004,82,54,28,83.6091003,24.4353008,0,0,0
"1451","EMPAID_NCW-D04A_2016","2016-06-24",0,3,"N",2016,"EMPAID","EMPAID_CW-D","EMPAID_CW-D","HB",1,"NAD83 11N",4956222.51,548413.399,3.5,"PIPO",74,0.275637355816999,2016-05-29,150,2,NA,33.3333333333333,37.5,0.842105263157895,"success",1,"176",NA,5.4809999,93.4636993,400.6530151,14.1034002,53.593399,28.1608009,39.3956985,6.68818,39.3956985,105,75,30,183.8930054,24.1713009,24.2894001,0,4.35115
"1452","EMPAID_NCW-D04A_2016","2016-06-27",0,3,"N",2016,"EMPAID","EMPAID_CW-D","EMPAID_CW-D","HB",1,"NAD83 11N",4956222.51,548413.399,3.5,"PIPO",74,0.275637355816999,2016-05-29,150,2,NA,33.3333333333333,37.5,0.842105263157895,"success",1,"179","176",5.4809999,93.4636993,400.6530151,14.1034002,53.593399,28.1608009,39.3956985,6.68818,39.3956985,105,75,30,183.8930054,24.1713009,24.2894001,0,4.35115
"1453","EMPAID_NCW-D04A_2016","2016-07-05",0,2,"N",2016,"EMPAID","EMPAID_CW-D","EMPAID_CW-D","HB",1,"NAD83 11N",4956222.51,548413.399,3.5,"PIPO",74,0.275637355816999,2016-05-29,150,2,NA,33.3333333333333,37.5,0.842105263157895,"success",1,"187","179",5.4809999,93.4636993,400.6530151,14.1034002,53.593399,28.1608009,39.3956985,6.68818,39.3956985,105,75,30,183.8930054,24.1713009,24.2894001,0,4.35115
"1454","EMPAID_NCW-D04A_2016","2016-07-12",999,999,"F",2016,"EMPAID","EMPAID_CW-D","EMPAID_CW-D","HB",1,"NAD83 11N",4956222.51,548413.399,3.5,"PIPO",74,0.275637355816999,2016-05-29,150,2,NA,33.3333333333333,37.5,0.842105263157895,"success",0,"194","187",5.4809999,93.4636993,400.6530151,14.1034002,53.593399,28.1608009,39.3956985,6.68818,39.3956985,105,75,30,183.8930054,24.1713009,24.2894001,0,4.35115
"1455","EMPAID_NCW-D04A_2017","2017-05-30",2,2,"N",2017,"EMPAID","EMPAID_CW-D","EMPAID_CW-D","HB",1,"NAD83 11N",4956600.53,548147.376,2,"PIPO",250,-0.342020143325669,2017-05-14,134,2,2,25,2.5,0.75,"success",1,"150",NA,4.0021901,96.6109009,481.0350037,11.2765999,41.7424011,28.8061008,36.1689987,8.03755,36.1689987,98,66,32,142.3609924,17.219101,20.1387997,0,0
"1456","EMPAID_NCW-D04A_2017","2017-06-08",0,2,"N",2017,"EMPAID","EMPAID_CW-D","EMPAID_CW-D","HB",1,"NAD83 11N",4956600.53,548147.376,2,"PIPO",250,-0.342020143325669,2017-05-14,134,2,2,25,2.5,0.75,"success",1,"159","150",4.0021901,96.6109009,481.0350037,11.2765999,41.7424011,28.8061008,36.1689987,8.03755,36.1689987,98,66,32,142.3609924,17.219101,20.1387997,0,0
"1457","EMPAID_NCW-D04A_2017","2017-06-13",0,2,"N",2017,"EMPAID","EMPAID_CW-D","EMPAID_CW-D","HB",1,"NAD83 11N",4956600.53,548147.376,2,"PIPO",250,-0.342020143325669,2017-05-14,134,2,2,25,2.5,0.75,"success",1,"164","159",4.0021901,96.6109009,481.0350037,11.2765999,41.7424011,28.8061008,36.1689987,8.03755,36.1689987,98,66,32,142.3609924,17.219101,20.1387997,0,0
"1458","EMPAID_NCW-D04A_2017","2017-06-16",999,999,"N",2017,"EMPAID","EMPAID_CW-D","EMPAID_CW-D","HB",1,"NAD83 11N",4956600.53,548147.376,2,"PIPO",250,-0.342020143325669,2017-05-14,134,2,2,25,2.5,0.75,"success",0,"167","164",4.0021901,96.6109009,481.0350037,11.2765999,41.7424011,28.8061008,36.1689987,8.03755,36.1689987,98,66,32,142.3609924,17.219101,20.1387997,0,0
"1459","EMPAID_NCW-D04A_2017","2017-06-19",0,2,"N",2017,"EMPAID","EMPAID_CW-D","EMPAID_CW-D","HB",1,"NAD83 11N",4956600.53,548147.376,2,"PIPO",250,-0.342020143325669,2017-05-14,134,2,2,25,2.5,0.75,"success",1,"170","167",4.0021901,96.6109009,481.0350037,11.2765999,41.7424011,28.8061008,36.1689987,8.03755,36.1689987,98,66,32,142.3609924,17.219101,20.1387997,0,0
"1460","EMPAID_NCW-D04A_2017","2017-06-21",0,2,"N",2017,"EMPAID","EMPAID_CW-D","EMPAID_CW-D","HB",1,"NAD83 11N",4956600.53,548147.376,2,"PIPO",250,-0.342020143325669,2017-05-14,134,2,2,25,2.5,0.75,"success",1,"172","170",4.0021901,96.6109009,481.0350037,11.2765999,41.7424011,28.8061008,36.1689987,8.03755,36.1689987,98,66,32,142.3609924,17.219101,20.1387997,0,0
"1461","EMPAID_NCW-D04A_2017","2017-06-27",0,0,"F",2017,"EMPAID","EMPAID_CW-D","EMPAID_CW-D","HB",1,"NAD83 11N",4956600.53,548147.376,2,"PIPO",250,-0.342020143325669,2017-05-14,134,2,2,25,2.5,0.75,"success",1,"178","172",4.0021901,96.6109009,481.0350037,11.2765999,41.7424011,28.8061008,36.1689987,8.03755,36.1689987,98,66,32,142.3609924,17.219101,20.1387997,0,0
"1462","EMPAID_NCW-D06A_2014","2014-06-23",0,4,"N",2014,"EMPAID","EMPAID_CW-D","EMPAID_CW-D","H",1,"NAD83 11N",4956245.75,548769.269,3.3,"PIPO",76,0.241921895599668,2014-05-25,145,2,NA,33.3333333333333,17.5,0.727272727272727,"success",1,"174",NA,5.1206899,106.3300018,444.5750122,8.9568996,48.4012985,35.8462982,40.6571007,19.7712002,40.6571007,79,50,29,169.621994,20.4459,0,0,0
"1463","EMPAID_NCW-D06A_2014","2014-07-03",0,1,"N",2014,"EMPAID","EMPAID_CW-D","EMPAID_CW-D","H",1,"NAD83 11N",4956245.75,548769.269,3.3,"PIPO",76,0.241921895599668,2014-05-25,145,2,NA,33.3333333333333,17.5,0.727272727272727,"success",1,"184","174",5.1206899,106.3300018,444.5750122,8.9568996,48.4012985,35.8462982,40.6571007,19.7712002,40.6571007,79,50,29,169.621994,20.4459,0,0,0
"1464","EMPAID_NCW-D06A_2014","2014-07-07",0,0,"F",2014,"EMPAID","EMPAID_CW-D","EMPAID_CW-D","H",1,"NAD83 11N",4956245.75,548769.269,3.3,"PIPO",76,0.241921895599668,2014-05-25,145,2,NA,33.3333333333333,17.5,0.727272727272727,"success",1,"188","184",5.1206899,106.3300018,444.5750122,8.9568996,48.4012985,35.8462982,40.6571007,19.7712002,40.6571007,79,50,29,169.621994,20.4459,0,0,0
"1465","EMPAID_NCW-D09A_2012","2012-06-20",1,3,"N",2012,"EMPAID","EMPAID_CW-D","EMPAID_CW-D","U",1,"NAD83 11N",4955986.319,548817.118,6.6,"PIPO",170,-0.984807753012208,2012-05-27,148,3,NA,NA,NA,NA,"success",1,"172",NA,6.8791299,86.7874985,340.822998,12.3292999,51.5694008,31.0648003,35.8170013,7.6855402,35.8170013,81,58,23,151.4730072,0,0,0,0
"1466","EMPAID_NCW-D09A_2012","2012-07-05",1,3,"N",2012,"EMPAID","EMPAID_CW-D","EMPAID_CW-D","U",1,"NAD83 11N",4955986.319,548817.118,6.6,"PIPO",170,-0.984807753012208,2012-05-27,148,3,NA,NA,NA,NA,"success",1,"187","172",6.8791299,86.7874985,340.822998,12.3292999,51.5694008,31.0648003,35.8170013,7.6855402,35.8170013,81,58,23,151.4730072,0,0,0,0
"1467","EMPAID_NCW-D09A_2012","2012-07-10",1,0,"F",2012,"EMPAID","EMPAID_CW-D","EMPAID_CW-D","U",1,"NAD83 11N",4955986.319,548817.118,6.6,"PIPO",170,-0.984807753012208,2012-05-27,148,3,NA,NA,NA,NA,"success",1,"192","187",6.8791299,86.7874985,340.822998,12.3292999,51.5694008,31.0648003,35.8170013,7.6855402,35.8170013,81,58,23,151.4730072,0,0,0,0
"1468","EMPAID_NCW-D09A_2013","2013-07-25",0,2,"N",2013,"EMPAID","EMPAID_CW-D","EMPAID_CW-D","U",1,"NAD83 11N",4955975.57601,549114.210454,1.6,"PIPO",279,0.156434465040231,2013-06-28,179,2,NA,133.333333333333,2.5,1,"success",1,"206",NA,7.83429,85.2370987,314.3250122,11.8965998,53.6227989,30.1261005,35.8462982,5.4854798,35.8462982,83,62,21,158.3769989,0,0,0,0
"1469","EMPAID_NCW-D09A_2013","2013-07-30",0,2,"N",2013,"EMPAID","EMPAID_CW-D","EMPAID_CW-D","U",1,"NAD83 11N",4955975.57601,549114.210454,1.6,"PIPO",279,0.156434465040231,2013-06-28,179,2,NA,133.333333333333,2.5,1,"success",1,"211","206",7.83429,85.2370987,314.3250122,11.8965998,53.6227989,30.1261005,35.8462982,5.4854798,35.8462982,83,62,21,158.3769989,0,0,0,0
"1470","EMPAID_NCW-D09A_2013","2013-08-01",0,2,"N",2013,"EMPAID","EMPAID_CW-D","EMPAID_CW-D","U",1,"NAD83 11N",4955975.57601,549114.210454,1.6,"PIPO",279,0.156434465040231,2013-06-28,179,2,NA,133.333333333333,2.5,1,"success",1,"213","211",7.83429,85.2370987,314.3250122,11.8965998,53.6227989,30.1261005,35.8462982,5.4854798,35.8462982,83,62,21,158.3769989,0,0,0,0
"1471","EMPAID_NCW-D09A_2013","2013-08-05",0,2,"N",2013,"EMPAID","EMPAID_CW-D","EMPAID_CW-D","U",1,"NAD83 11N",4955975.57601,549114.210454,1.6,"PIPO",279,0.156434465040231,2013-06-28,179,2,NA,133.333333333333,2.5,1,"success",1,"217","213",7.83429,85.2370987,314.3250122,11.8965998,53.6227989,30.1261005,35.8462982,5.4854798,35.8462982,83,62,21,158.3769989,0,0,0,0
"1472","EMPAID_NCW-D09A_2013","2013-08-08",0,0,"F",2013,"EMPAID","EMPAID_CW-D","EMPAID_CW-D","U",1,"NAD83 11N",4955975.57601,549114.210454,1.6,"PIPO",279,0.156434465040231,2013-06-28,179,2,NA,133.333333333333,2.5,1,"success",1,"220","217",7.83429,85.2370987,314.3250122,11.8965998,53.6227989,30.1261005,35.8462982,5.4854798,35.8462982,83,62,21,158.3769989,0,0,0,0
"1473","EMPAID_NCW-D10A_2013","2013-05-30",999,999,"I",2013,"EMPAID","EMPAID_CW-D","EMPAID_CW-D","U",3,"NAD83 11N",4955879.37987,549355.028947,3.6,"PIPO",330,0.866025403784438,2013-05-26,146,0,0,25,10,0.714285714285714,"failure",0,"150",NA,10.5839996,83.8895035,263.1740112,11.6911001,51.7453995,30.2434998,33.6461983,8.8589001,33.6461983,78,63,15,169.8439941,0,0,0,0
"1474","EMPAID_NCW-D10A_2013","2013-06-06",999,999,"I",2013,"EMPAID","EMPAID_CW-D","EMPAID_CW-D","U",3,"NAD83 11N",4955879.37987,549355.028947,3.6,"PIPO",330,0.866025403784438,2013-05-26,146,0,0,25,10,0.714285714285714,"failure",0,"157","150",10.5839996,83.8895035,263.1740112,11.6911001,51.7453995,30.2434998,33.6461983,8.8589001,33.6461983,78,63,15,169.8439941,0,0,0,0
"1475","EMPAID_NCW-D10A_2013","2013-06-07",4,0,"I",2013,"EMPAID","EMPAID_CW-D","EMPAID_CW-D","U",3,"NAD83 11N",4955879.37987,549355.028947,3.6,"PIPO",330,0.866025403784438,2013-05-26,146,0,0,25,10,0.714285714285714,"failure",1,"158","157",10.5839996,83.8895035,263.1740112,11.6911001,51.7453995,30.2434998,33.6461983,8.8589001,33.6461983,78,63,15,169.8439941,0,0,0,0
"1476","EMPAID_NCW-D10A_2013","2013-06-10",999,999,"I",2013,"EMPAID","EMPAID_CW-D","EMPAID_CW-D","U",3,"NAD83 11N",4955879.37987,549355.028947,3.6,"PIPO",330,0.866025403784438,2013-05-26,146,0,0,25,10,0.714285714285714,"failure",0,"161","158",10.5839996,83.8895035,263.1740112,11.6911001,51.7453995,30.2434998,33.6461983,8.8589001,33.6461983,78,63,15,169.8439941,0,0,0,0
"1477","EMPAID_NCW-D10A_2013","2013-06-13",1,3,"N",2013,"EMPAID","EMPAID_CW-D","EMPAID_CW-D","U",3,"NAD83 11N",4955879.37987,549355.028947,3.6,"PIPO",330,0.866025403784438,2013-05-26,146,0,0,25,10,0.714285714285714,"failure",1,"164","161",10.5839996,83.8895035,263.1740112,11.6911001,51.7453995,30.2434998,33.6461983,8.8589001,33.6461983,78,63,15,169.8439941,0,0,0,0
"1478","EMPAID_NCW-D10A_2013","2013-06-14",1,3,"N",2013,"EMPAID","EMPAID_CW-D","EMPAID_CW-D","U",3,"NAD83 11N",4955879.37987,549355.028947,3.6,"PIPO",330,0.866025403784438,2013-05-26,146,0,0,25,10,0.714285714285714,"failure",1,"165","164",10.5839996,83.8895035,263.1740112,11.6911001,51.7453995,30.2434998,33.6461983,8.8589001,33.6461983,78,63,15,169.8439941,0,0,0,0
"1479","EMPAID_NCW-D10A_2013","2013-06-18",0,0,"N",2013,"EMPAID","EMPAID_CW-D","EMPAID_CW-D","U",3,"NAD83 11N",4955879.37987,549355.028947,3.6,"PIPO",330,0.866025403784438,2013-05-26,146,0,0,25,10,0.714285714285714,"failure",1,"169","165",10.5839996,83.8895035,263.1740112,11.6911001,51.7453995,30.2434998,33.6461983,8.8589001,33.6461983,78,63,15,169.8439941,0,0,0,0
"1480","EMPAID_NCW-D10A_2016","2016-06-30",999,999,"N",2016,"EMPAID","EMPAID_CW-D","EMPAID_CW-D","HB",1,"NAD83 11N",4955761.912,549349.456,9.8,"PIPO",180,-1,2016-06-08,160,2,NA,58.3333333333333,12.5,0.166666666666667,"success",0,"182",NA,11.6160002,78.3757019,239.7339935,21.2000008,56.7907982,22.6459007,29.9500999,7.9495502,29.9500999,103,88,15,181.6399994,24.5820007,13.8301001,0,5.80896
"1481","EMPAID_NCW-D10A_2016","2016-07-07",0,2,"N",2016,"EMPAID","EMPAID_CW-D","EMPAID_CW-D","HB",1,"NAD83 11N",4955761.912,549349.456,9.8,"PIPO",180,-1,2016-06-08,160,2,NA,58.3333333333333,12.5,0.166666666666667,"success",1,"189","182",11.6160002,78.3757019,239.7339935,21.2000008,56.7907982,22.6459007,29.9500999,7.9495502,29.9500999,103,88,15,181.6399994,24.5820007,13.8301001,0,5.80896
"1482","EMPAID_NCW-D10A_2016","2016-07-12",999,999,"N",2016,"EMPAID","EMPAID_CW-D","EMPAID_CW-D","HB",1,"NAD83 11N",4955761.912,549349.456,9.8,"PIPO",180,-1,2016-06-08,160,2,NA,58.3333333333333,12.5,0.166666666666667,"success",0,"194","189",11.6160002,78.3757019,239.7339935,21.2000008,56.7907982,22.6459007,29.9500999,7.9495502,29.9500999,103,88,15,181.6399994,24.5820007,13.8301001,0,5.80896
"1483","EMPAID_NCW-D10A_2016","2016-07-14",999,999,"N",2016,"EMPAID","EMPAID_CW-D","EMPAID_CW-D","HB",1,"NAD83 11N",4955761.912,549349.456,9.8,"PIPO",180,-1,2016-06-08,160,2,NA,58.3333333333333,12.5,0.166666666666667,"success",0,"196","194",11.6160002,78.3757019,239.7339935,21.2000008,56.7907982,22.6459007,29.9500999,7.9495502,29.9500999,103,88,15,181.6399994,24.5820007,13.8301001,0,5.80896
"1484","EMPAID_NCW-D10A_2016","2016-07-20",0,0,"F",2016,"EMPAID","EMPAID_CW-D","EMPAID_CW-D","HB",1,"NAD83 11N",4955761.912,549349.456,9.8,"PIPO",180,-1,2016-06-08,160,2,NA,58.3333333333333,12.5,0.166666666666667,"success",1,"202","196",11.6160002,78.3757019,239.7339935,21.2000008,56.7907982,22.6459007,29.9500999,7.9495502,29.9500999,103,88,15,181.6399994,24.5820007,13.8301001,0,5.80896
"1485","EMPAID_NCW-D10A_2017","2017-05-22",3,0,"I",2017,"EMPAID","EMPAID_CW-D","EMPAID_CW-D","HB",1,"NAD83 11N",4955938.501,549345.282,2.1,"PIPO",318,0.743144825477394,2017-05-11,131,3,1,50,2.5,0.285714285714286,"success",1,"142",NA,14.5038004,97.5866013,239.3390045,24.2194996,61.4550018,21.6779003,39.6596985,7.9495502,39.6596985,103,90,13,237.4320068,26.9286995,19.3017006,0,4.7776699
"1486","EMPAID_NCW-D10A_2017","2017-05-30",0,3,"N",2017,"EMPAID","EMPAID_CW-D","EMPAID_CW-D","HB",1,"NAD83 11N",4955938.501,549345.282,2.1,"PIPO",318,0.743144825477394,2017-05-11,131,3,1,50,2.5,0.285714285714286,"success",1,"150","142",14.5038004,97.5866013,239.3390045,24.2194996,61.4550018,21.6779003,39.6596985,7.9495502,39.6596985,103,90,13,237.4320068,26.9286995,19.3017006,0,4.7776699
"1487","EMPAID_NCW-D10A_2017","2017-06-07",0,3,"N",2017,"EMPAID","EMPAID_CW-D","EMPAID_CW-D","HB",1,"NAD83 11N",4955938.501,549345.282,2.1,"PIPO",318,0.743144825477394,2017-05-11,131,3,1,50,2.5,0.285714285714286,"success",1,"158","150",14.5038004,97.5866013,239.3390045,24.2194996,61.4550018,21.6779003,39.6596985,7.9495502,39.6596985,103,90,13,237.4320068,26.9286995,19.3017006,0,4.7776699
"1488","EMPAID_NCW-D10A_2017","2017-06-10",0,3,"N",2017,"EMPAID","EMPAID_CW-D","EMPAID_CW-D","HB",1,"NAD83 11N",4955938.501,549345.282,2.1,"PIPO",318,0.743144825477394,2017-05-11,131,3,1,50,2.5,0.285714285714286,"success",1,"161","158",14.5038004,97.5866013,239.3390045,24.2194996,61.4550018,21.6779003,39.6596985,7.9495502,39.6596985,103,90,13,237.4320068,26.9286995,19.3017006,0,4.7776699
"1489","EMPAID_NCW-D10A_2017","2017-06-16",0,3,"N",2017,"EMPAID","EMPAID_CW-D","EMPAID_CW-D","HB",1,"NAD83 11N",4955938.501,549345.282,2.1,"PIPO",318,0.743144825477394,2017-05-11,131,3,1,50,2.5,0.285714285714286,"success",1,"167","161",14.5038004,97.5866013,239.3390045,24.2194996,61.4550018,21.6779003,39.6596985,7.9495502,39.6596985,103,90,13,237.4320068,26.9286995,19.3017006,0,4.7776699
"1490","EMPAID_NCW-D10A_2017","2017-06-19",0,3,"N",2017,"EMPAID","EMPAID_CW-D","EMPAID_CW-D","HB",1,"NAD83 11N",4955938.501,549345.282,2.1,"PIPO",318,0.743144825477394,2017-05-11,131,3,1,50,2.5,0.285714285714286,"success",1,"170","167",14.5038004,97.5866013,239.3390045,24.2194996,61.4550018,21.6779003,39.6596985,7.9495502,39.6596985,103,90,13,237.4320068,26.9286995,19.3017006,0,4.7776699
"1491","EMPAID_NCW-D10A_2017","2017-06-22",999,999,"F",2017,"EMPAID","EMPAID_CW-D","EMPAID_CW-D","HB",1,"NAD83 11N",4955938.501,549345.282,2.1,"PIPO",318,0.743144825477394,2017-05-11,131,3,1,50,2.5,0.285714285714286,"success",0,"173","170",14.5038004,97.5866013,239.3390045,24.2194996,61.4550018,21.6779003,39.6596985,7.9495502,39.6596985,103,90,13,237.4320068,26.9286995,19.3017006,0,4.7776699
"1492","EMPAID_NCW-E03A_2017","2017-06-13",4,0,"I",2017,"EMPAID","EMPAID_CW-E","EMPAID_CW-E","H",1,"NAD83 11N",4956581.862,552340.599,2.5,"PIPO",130,-0.642787609686539,2017-06-03,154,3,3,33.3333333333333,12.5,0.666666666666667,"success",1,"164",NA,48.618,242.0119934,199.4450073,38.3394012,79.2313995,17.9524994,79.055397,2.99208,79.055397,80,75,5,539.3060303,24.5527,0,0,0
"1493","EMPAID_NCW-E03A_2017","2017-06-16",999,999,"I",2017,"EMPAID","EMPAID_CW-E","EMPAID_CW-E","H",1,"NAD83 11N",4956581.862,552340.599,2.5,"PIPO",130,-0.642787609686539,2017-06-03,154,3,3,33.3333333333333,12.5,0.666666666666667,"success",0,"167","164",48.618,242.0119934,199.4450073,38.3394012,79.2313995,17.9524994,79.055397,2.99208,79.055397,80,75,5,539.3060303,24.5527,0,0,0
"1494","EMPAID_NCW-E03A_2017","2017-06-21",999,999,"N",2017,"EMPAID","EMPAID_CW-E","EMPAID_CW-E","H",1,"NAD83 11N",4956581.862,552340.599,2.5,"PIPO",130,-0.642787609686539,2017-06-03,154,3,3,33.3333333333333,12.5,0.666666666666667,"success",0,"172","167",48.618,242.0119934,199.4450073,38.3394012,79.2313995,17.9524994,79.055397,2.99208,79.055397,80,75,5,539.3060303,24.5527,0,0,0
"1495","EMPAID_NCW-E03A_2017","2017-06-23",1,3,"N",2017,"EMPAID","EMPAID_CW-E","EMPAID_CW-E","H",1,"NAD83 11N",4956581.862,552340.599,2.5,"PIPO",130,-0.642787609686539,2017-06-03,154,3,3,33.3333333333333,12.5,0.666666666666667,"success",1,"174","172",48.618,242.0119934,199.4450073,38.3394012,79.2313995,17.9524994,79.055397,2.99208,79.055397,80,75,5,539.3060303,24.5527,0,0,0
"1496","EMPAID_NCW-E03A_2017","2017-06-26",999,999,"N",2017,"EMPAID","EMPAID_CW-E","EMPAID_CW-E","H",1,"NAD83 11N",4956581.862,552340.599,2.5,"PIPO",130,-0.642787609686539,2017-06-03,154,3,3,33.3333333333333,12.5,0.666666666666667,"success",0,"177","174",48.618,242.0119934,199.4450073,38.3394012,79.2313995,17.9524994,79.055397,2.99208,79.055397,80,75,5,539.3060303,24.5527,0,0,0
"1497","EMPAID_NCW-E03A_2017","2017-06-30",0,3,"N",2017,"EMPAID","EMPAID_CW-E","EMPAID_CW-E","H",1,"NAD83 11N",4956581.862,552340.599,2.5,"PIPO",130,-0.642787609686539,2017-06-03,154,3,3,33.3333333333333,12.5,0.666666666666667,"success",1,"181","177",48.618,242.0119934,199.4450073,38.3394012,79.2313995,17.9524994,79.055397,2.99208,79.055397,80,75,5,539.3060303,24.5527,0,0,0
"1498","EMPAID_NCW-E03A_2017","2017-07-06",999,999,"N",2017,"EMPAID","EMPAID_CW-E","EMPAID_CW-E","H",1,"NAD83 11N",4956581.862,552340.599,2.5,"PIPO",130,-0.642787609686539,2017-06-03,154,3,3,33.3333333333333,12.5,0.666666666666667,"success",0,"187","181",48.618,242.0119934,199.4450073,38.3394012,79.2313995,17.9524994,79.055397,2.99208,79.055397,80,75,5,539.3060303,24.5527,0,0,0
"1499","EMPAID_NCW-E03A_2017","2017-07-10",0,3,"N",2017,"EMPAID","EMPAID_CW-E","EMPAID_CW-E","H",1,"NAD83 11N",4956581.862,552340.599,2.5,"PIPO",130,-0.642787609686539,2017-06-03,154,3,3,33.3333333333333,12.5,0.666666666666667,"success",1,"191","187",48.618,242.0119934,199.4450073,38.3394012,79.2313995,17.9524994,79.055397,2.99208,79.055397,80,75,5,539.3060303,24.5527,0,0,0
"1500","EMPAID_NCW-E03A_2017","2017-07-12",0,3,"N",2017,"EMPAID","EMPAID_CW-E","EMPAID_CW-E","H",1,"NAD83 11N",4956581.862,552340.599,2.5,"PIPO",130,-0.642787609686539,2017-06-03,154,3,3,33.3333333333333,12.5,0.666666666666667,"success",1,"193","191",48.618,242.0119934,199.4450073,38.3394012,79.2313995,17.9524994,79.055397,2.99208,79.055397,80,75,5,539.3060303,24.5527,0,0,0
"1501","EMPAID_NCW-E03A_2017","2017-07-17",999,999,"F",2017,"EMPAID","EMPAID_CW-E","EMPAID_CW-E","H",1,"NAD83 11N",4956581.862,552340.599,2.5,"PIPO",130,-0.642787609686539,2017-06-03,154,3,3,33.3333333333333,12.5,0.666666666666667,"success",0,"198","193",48.618,242.0119934,199.4450073,38.3394012,79.2313995,17.9524994,79.055397,2.99208,79.055397,80,75,5,539.3060303,24.5527,0,0,0
"1502","EMPAID_NCW-E03A_2017","2017-07-18",0,0,"F",2017,"EMPAID","EMPAID_CW-E","EMPAID_CW-E","H",1,"NAD83 11N",4956581.862,552340.599,2.5,"PIPO",130,-0.642787609686539,2017-06-03,154,3,3,33.3333333333333,12.5,0.666666666666667,"success",1,"199","198",48.618,242.0119934,199.4450073,38.3394012,79.2313995,17.9524994,79.055397,2.99208,79.055397,80,75,5,539.3060303,24.5527,0,0,0
"1503","EMPAID_NCW-G02A_2019","2019-06-18",3,1,"N",2019,"EMPAID","EMPAID_CW-G","EMPAID_CW-G","HB",1,"NAD83 11N",4950535.674,551221.868,8.4,"PSME",178,-0.999390827019096,2019-05-22,142,1,1,0,0,0,"success",1,"169",NA,1.2539999,20.0226002,386.8720093,48.2584991,12.2616997,56.1748009,47.4626007,47.4626007,8.8589001,58,28,30,10.9052,30.3607998,53.3532982,100,0
"1504","EMPAID_NCW-G02A_2019","2019-07-03",1,0,"F",2019,"EMPAID","EMPAID_CW-G","EMPAID_CW-G","HB",1,"NAD83 11N",4950535.674,551221.868,8.4,"PSME",178,-0.999390827019096,2019-05-22,142,1,1,0,0,0,"success",1,"184","169",1.2539999,20.0226002,386.8720093,48.2584991,12.2616997,56.1748009,47.4626007,47.4626007,8.8589001,58,28,30,10.9052,30.3607998,53.3532982,100,0
"1505","EMPAID_NDL03A_2013","2013-05-31",999,999,"E",2013,"EMPAID","EMPAID_DL","EMPAID_DL","U",1,"NAD83 11N",4979791.125,529422.611,6.7,"PIPO",70,0.342020143325669,2013-06-03,154,4,NA,0,5,0.4,"success",0,"151",NA,0.479455,1.75915,163.3730011,49.6929016,8.5949001,58.1109009,29.9207993,29.9207993,1.3787,70,15,55,3.2156401,0,0,0,0
"1506","EMPAID_NDL03A_2013","2013-06-04",1,0,"L",2013,"EMPAID","EMPAID_DL","EMPAID_DL","U",1,"NAD83 11N",4979791.125,529422.611,6.7,"PIPO",70,0.342020143325669,2013-06-03,154,4,NA,0,5,0.4,"success",1,"155","151",0.479455,1.75915,163.3730011,49.6929016,8.5949001,58.1109009,29.9207993,29.9207993,1.3787,70,15,55,3.2156401,0,0,0,0
"1507","EMPAID_NDL03A_2013","2013-06-06",999,999,"L",2013,"EMPAID","EMPAID_DL","EMPAID_DL","U",1,"NAD83 11N",4979791.125,529422.611,6.7,"PIPO",70,0.342020143325669,2013-06-03,154,4,NA,0,5,0.4,"success",0,"157","155",0.479455,1.75915,163.3730011,49.6929016,8.5949001,58.1109009,29.9207993,29.9207993,1.3787,70,15,55,3.2156401,0,0,0,0
"1508","EMPAID_NDL03A_2013","2013-06-11",4,0,"I",2013,"EMPAID","EMPAID_DL","EMPAID_DL","U",1,"NAD83 11N",4979791.125,529422.611,6.7,"PIPO",70,0.342020143325669,2013-06-03,154,4,NA,0,5,0.4,"success",1,"162","157",0.479455,1.75915,163.3730011,49.6929016,8.5949001,58.1109009,29.9207993,29.9207993,1.3787,70,15,55,3.2156401,0,0,0,0
"1509","EMPAID_NDL03A_2013","2013-06-14",999,999,"I",2013,"EMPAID","EMPAID_DL","EMPAID_DL","U",1,"NAD83 11N",4979791.125,529422.611,6.7,"PIPO",70,0.342020143325669,2013-06-03,154,4,NA,0,5,0.4,"success",0,"165","162",0.479455,1.75915,163.3730011,49.6929016,8.5949001,58.1109009,29.9207993,29.9207993,1.3787,70,15,55,3.2156401,0,0,0,0
"1510","EMPAID_NDL03A_2013","2013-06-17",3,1,"N",2013,"EMPAID","EMPAID_DL","EMPAID_DL","U",1,"NAD83 11N",4979791.125,529422.611,6.7,"PIPO",70,0.342020143325669,2013-06-03,154,4,NA,0,5,0.4,"success",1,"168","165",0.479455,1.75915,163.3730011,49.6929016,8.5949001,58.1109009,29.9207993,29.9207993,1.3787,70,15,55,3.2156401,0,0,0,0
"1511","EMPAID_NDL03A_2013","2013-06-21",999,999,"N",2013,"EMPAID","EMPAID_DL","EMPAID_DL","U",1,"NAD83 11N",4979791.125,529422.611,6.7,"PIPO",70,0.342020143325669,2013-06-03,154,4,NA,0,5,0.4,"success",0,"172","168",0.479455,1.75915,163.3730011,49.6929016,8.5949001,58.1109009,29.9207993,29.9207993,1.3787,70,15,55,3.2156401,0,0,0,0
"1512","EMPAID_NDL03A_2013","2013-06-25",0,4,"N",2013,"EMPAID","EMPAID_DL","EMPAID_DL","U",1,"NAD83 11N",4979791.125,529422.611,6.7,"PIPO",70,0.342020143325669,2013-06-03,154,4,NA,0,5,0.4,"success",1,"176","172",0.479455,1.75915,163.3730011,49.6929016,8.5949001,58.1109009,29.9207993,29.9207993,1.3787,70,15,55,3.2156401,0,0,0,0
"1513","EMPAID_NDL03A_2013","2013-06-27",999,999,"N",2013,"EMPAID","EMPAID_DL","EMPAID_DL","U",1,"NAD83 11N",4979791.125,529422.611,6.7,"PIPO",70,0.342020143325669,2013-06-03,154,4,NA,0,5,0.4,"success",0,"178","176",0.479455,1.75915,163.3730011,49.6929016,8.5949001,58.1109009,29.9207993,29.9207993,1.3787,70,15,55,3.2156401,0,0,0,0
"1514","EMPAID_NDL03A_2013","2013-07-04",0,4,"N",2013,"EMPAID","EMPAID_DL","EMPAID_DL","U",1,"NAD83 11N",4979791.125,529422.611,6.7,"PIPO",70,0.342020143325669,2013-06-03,154,4,NA,0,5,0.4,"success",1,"185","178",0.479455,1.75915,163.3730011,49.6929016,8.5949001,58.1109009,29.9207993,29.9207993,1.3787,70,15,55,3.2156401,0,0,0,0
"1515","EMPAID_NDL03A_2013","2013-07-08",999,999,"N",2013,"EMPAID","EMPAID_DL","EMPAID_DL","U",1,"NAD83 11N",4979791.125,529422.611,6.7,"PIPO",70,0.342020143325669,2013-06-03,154,4,NA,0,5,0.4,"success",0,"189","185",0.479455,1.75915,163.3730011,49.6929016,8.5949001,58.1109009,29.9207993,29.9207993,1.3787,70,15,55,3.2156401,0,0,0,0
"1516","EMPAID_NDL03A_2013","2013-07-11",999,999,"N",2013,"EMPAID","EMPAID_DL","EMPAID_DL","U",1,"NAD83 11N",4979791.125,529422.611,6.7,"PIPO",70,0.342020143325669,2013-06-03,154,4,NA,0,5,0.4,"success",0,"192","189",0.479455,1.75915,163.3730011,49.6929016,8.5949001,58.1109009,29.9207993,29.9207993,1.3787,70,15,55,3.2156401,0,0,0,0
"1517","EMPAID_NDL03A_2013","2013-07-15",0,0,"F",2013,"EMPAID","EMPAID_DL","EMPAID_DL","U",1,"NAD83 11N",4979791.125,529422.611,6.7,"PIPO",70,0.342020143325669,2013-06-03,154,4,NA,0,5,0.4,"success",1,"196","192",0.479455,1.75915,163.3730011,49.6929016,8.5949001,58.1109009,29.9207993,29.9207993,1.3787,70,15,55,3.2156401,0,0,0,0
"1518","EMPAID_NDL03A_2014","2014-05-30",2,0,"L",2014,"EMPAID","EMPAID_DL","EMPAID_DL","U",9,"NAD83 11N",4979791.125,529422.611,3.2,"PIPO",42,0.743144825477394,2014-05-28,148,0,0,0,5,0.4,"failure",1,"150",NA,0.479455,1.75915,163.3730011,49.6929016,8.5949001,58.1109009,29.9207993,29.9207993,1.3787,70,15,55,3.2156401,0,0,0,0
"1519","EMPAID_NDL03A_2014","2014-06-05",999,999,"I",2014,"EMPAID","EMPAID_DL","EMPAID_DL","U",9,"NAD83 11N",4979791.125,529422.611,3.2,"PIPO",42,0.743144825477394,2014-05-28,148,0,0,0,5,0.4,"failure",0,"156","150",0.479455,1.75915,163.3730011,49.6929016,8.5949001,58.1109009,29.9207993,29.9207993,1.3787,70,15,55,3.2156401,0,0,0,0
"1520","EMPAID_NDL03A_2014","2014-06-11",3,1,"N",2014,"EMPAID","EMPAID_DL","EMPAID_DL","U",9,"NAD83 11N",4979791.125,529422.611,3.2,"PIPO",42,0.743144825477394,2014-05-28,148,0,0,0,5,0.4,"failure",1,"162","156",0.479455,1.75915,163.3730011,49.6929016,8.5949001,58.1109009,29.9207993,29.9207993,1.3787,70,15,55,3.2156401,0,0,0,0
"1521","EMPAID_NDL03A_2014","2014-06-13",1,3,"N",2014,"EMPAID","EMPAID_DL","EMPAID_DL","U",9,"NAD83 11N",4979791.125,529422.611,3.2,"PIPO",42,0.743144825477394,2014-05-28,148,0,0,0,5,0.4,"failure",1,"164","162",0.479455,1.75915,163.3730011,49.6929016,8.5949001,58.1109009,29.9207993,29.9207993,1.3787,70,15,55,3.2156401,0,0,0,0
"1522","EMPAID_NDL03A_2014","2014-06-23",999,999,"N",2014,"EMPAID","EMPAID_DL","EMPAID_DL","U",9,"NAD83 11N",4979791.125,529422.611,3.2,"PIPO",42,0.743144825477394,2014-05-28,148,0,0,0,5,0.4,"failure",0,"174","164",0.479455,1.75915,163.3730011,49.6929016,8.5949001,58.1109009,29.9207993,29.9207993,1.3787,70,15,55,3.2156401,0,0,0,0
"1523","EMPAID_NDL03A_2014","2014-06-25",0,0,"N",2014,"EMPAID","EMPAID_DL","EMPAID_DL","U",9,"NAD83 11N",4979791.125,529422.611,3.2,"PIPO",42,0.743144825477394,2014-05-28,148,0,0,0,5,0.4,"failure",1,"176","174",0.479455,1.75915,163.3730011,49.6929016,8.5949001,58.1109009,29.9207993,29.9207993,1.3787,70,15,55,3.2156401,0,0,0,0
"1524","EMPAID_NDL04A_2018","2018-06-22",0,2,"N",2018,"EMPAID","EMPAID_DL","EMPAID_DL","U",1,"NAD83 11N",4979806.666,529425.022,5.7,"PIPO",123,-0.544639035015027,2018-05-29,149,2,2,8.33333333333333,10,0.714285714285714,"success",1,"173",NA,0.491667,1.78139,161.9620056,49.5990982,8.6535597,58.5802002,29.1874008,29.1874008,1.3787,70,16,54,3.2307501,0,0,0,0
"1525","EMPAID_NDL04A_2018","2018-06-26",999,999,"N",2018,"EMPAID","EMPAID_DL","EMPAID_DL","U",1,"NAD83 11N",4979806.666,529425.022,5.7,"PIPO",123,-0.544639035015027,2018-05-29,149,2,2,8.33333333333333,10,0.714285714285714,"success",0,"177","173",0.491667,1.78139,161.9620056,49.5990982,8.6535597,58.5802002,29.1874008,29.1874008,1.3787,70,16,54,3.2307501,0,0,0,0
"1526","EMPAID_NDL04A_2018","2018-07-03",0,2,"N",2018,"EMPAID","EMPAID_DL","EMPAID_DL","U",1,"NAD83 11N",4979806.666,529425.022,5.7,"PIPO",123,-0.544639035015027,2018-05-29,149,2,2,8.33333333333333,10,0.714285714285714,"success",1,"184","177",0.491667,1.78139,161.9620056,49.5990982,8.6535597,58.5802002,29.1874008,29.1874008,1.3787,70,16,54,3.2307501,0,0,0,0
"1527","EMPAID_NDL04A_2018","2018-07-05",999,999,"N",2018,"EMPAID","EMPAID_DL","EMPAID_DL","U",1,"NAD83 11N",4979806.666,529425.022,5.7,"PIPO",123,-0.544639035015027,2018-05-29,149,2,2,8.33333333333333,10,0.714285714285714,"success",0,"186","184",0.491667,1.78139,161.9620056,49.5990982,8.6535597,58.5802002,29.1874008,29.1874008,1.3787,70,16,54,3.2307501,0,0,0,0
"1528","EMPAID_NDL04A_2018","2018-07-09",0,0,"F",2018,"EMPAID","EMPAID_DL","EMPAID_DL","U",1,"NAD83 11N",4979806.666,529425.022,5.7,"PIPO",123,-0.544639035015027,2018-05-29,149,2,2,8.33333333333333,10,0.714285714285714,"success",1,"190","186",0.491667,1.78139,161.9620056,49.5990982,8.6535597,58.5802002,29.1874008,29.1874008,1.3787,70,16,54,3.2307501,0,0,0,0
"1529","EMPAID_NDL08A_2014","2014-06-19",1,3,"N",2014,"EMPAID","EMPAID_DL","EMPAID_DL","U",1,"NAD83 11N",4981185.695,531159.947,2.9,"PIPO",307,0.601815023152048,2014-05-31,151,2,NA,16.6666666666667,15,0.625,"success",1,"170",NA,2.83636,25.7635002,284.3110046,20.8591995,30.5074997,56.7907982,48.8120003,48.8120003,14.9310999,61,28,33,22.8484993,0,0,0,0
"1530","EMPAID_NDL08A_2014","2014-06-25",999,999,"N",2014,"EMPAID","EMPAID_DL","EMPAID_DL","U",1,"NAD83 11N",4981185.695,531159.947,2.9,"PIPO",307,0.601815023152048,2014-05-31,151,2,NA,16.6666666666667,15,0.625,"success",0,"176","170",2.83636,25.7635002,284.3110046,20.8591995,30.5074997,56.7907982,48.8120003,48.8120003,14.9310999,61,28,33,22.8484993,0,0,0,0
"1531","EMPAID_NDL08A_2014","2014-07-01",0,2,"N",2014,"EMPAID","EMPAID_DL","EMPAID_DL","U",1,"NAD83 11N",4981185.695,531159.947,2.9,"PIPO",307,0.601815023152048,2014-05-31,151,2,NA,16.6666666666667,15,0.625,"success",1,"182","176",2.83636,25.7635002,284.3110046,20.8591995,30.5074997,56.7907982,48.8120003,48.8120003,14.9310999,61,28,33,22.8484993,0,0,0,0
"1532","EMPAID_NDL08A_2014","2014-07-08",999,999,"N",2014,"EMPAID","EMPAID_DL","EMPAID_DL","U",1,"NAD83 11N",4981185.695,531159.947,2.9,"PIPO",307,0.601815023152048,2014-05-31,151,2,NA,16.6666666666667,15,0.625,"success",0,"189","182",2.83636,25.7635002,284.3110046,20.8591995,30.5074997,56.7907982,48.8120003,48.8120003,14.9310999,61,28,33,22.8484993,0,0,0,0
"1533","EMPAID_NDL08A_2014","2014-07-15",0,0,"F",2014,"EMPAID","EMPAID_DL","EMPAID_DL","U",1,"NAD83 11N",4981185.695,531159.947,2.9,"PIPO",307,0.601815023152048,2014-05-31,151,2,NA,16.6666666666667,15,0.625,"success",1,"196","189",2.83636,25.7635002,284.3110046,20.8591995,30.5074997,56.7907982,48.8120003,48.8120003,14.9310999,61,28,33,22.8484993,0,0,0,0
"1534","EMPAID_NDL08A_2015","2015-06-04",4,0,"I",2015,"EMPAID","EMPAID_DL","EMPAID_DL","U",1,"NAD83 11N",4981068.656,530749.435,1.2,"PIPO",148,-0.848048096156426,2015-05-24,144,3,NA,8.33333333333333,0,0.25,"success",1,"155",NA,2.29829,42.4339981,417.8909912,19.6219997,30.7127991,55.6762009,53.0946999,53.0946999,20.2404995,71,30,41,42.8644981,0,0,0,0
"1535","EMPAID_NDL08A_2015","2015-06-09",1,3,"N",2015,"EMPAID","EMPAID_DL","EMPAID_DL","U",1,"NAD83 11N",4981068.656,530749.435,1.2,"PIPO",148,-0.848048096156426,2015-05-24,144,3,NA,8.33333333333333,0,0.25,"success",1,"160","155",2.29829,42.4339981,417.8909912,19.6219997,30.7127991,55.6762009,53.0946999,53.0946999,20.2404995,71,30,41,42.8644981,0,0,0,0
"1536","EMPAID_NDL08A_2015","2015-06-11",0,4,"N",2015,"EMPAID","EMPAID_DL","EMPAID_DL","U",1,"NAD83 11N",4981068.656,530749.435,1.2,"PIPO",148,-0.848048096156426,2015-05-24,144,3,NA,8.33333333333333,0,0.25,"success",1,"162","160",2.29829,42.4339981,417.8909912,19.6219997,30.7127991,55.6762009,53.0946999,53.0946999,20.2404995,71,30,41,42.8644981,0,0,0,0
"1537","EMPAID_NDL08A_2015","2015-06-16",999,999,"N",2015,"EMPAID","EMPAID_DL","EMPAID_DL","U",1,"NAD83 11N",4981068.656,530749.435,1.2,"PIPO",148,-0.848048096156426,2015-05-24,144,3,NA,8.33333333333333,0,0.25,"success",0,"167","162",2.29829,42.4339981,417.8909912,19.6219997,30.7127991,55.6762009,53.0946999,53.0946999,20.2404995,71,30,41,42.8644981,0,0,0,0
"1538","EMPAID_NDL08A_2015","2015-06-23",0,3,"N",2015,"EMPAID","EMPAID_DL","EMPAID_DL","U",1,"NAD83 11N",4981068.656,530749.435,1.2,"PIPO",148,-0.848048096156426,2015-05-24,144,3,NA,8.33333333333333,0,0.25,"success",1,"174","167",2.29829,42.4339981,417.8909912,19.6219997,30.7127991,55.6762009,53.0946999,53.0946999,20.2404995,71,30,41,42.8644981,0,0,0,0
"1539","EMPAID_NDL08A_2015","2015-06-29",0,3,"N",2015,"EMPAID","EMPAID_DL","EMPAID_DL","U",1,"NAD83 11N",4981068.656,530749.435,1.2,"PIPO",148,-0.848048096156426,2015-05-24,144,3,NA,8.33333333333333,0,0.25,"success",1,"180","174",2.29829,42.4339981,417.8909912,19.6219997,30.7127991,55.6762009,53.0946999,53.0946999,20.2404995,71,30,41,42.8644981,0,0,0,0
"1540","EMPAID_NDL08A_2015","2015-07-02",0,3,"N",2015,"EMPAID","EMPAID_DL","EMPAID_DL","U",1,"NAD83 11N",4981068.656,530749.435,1.2,"PIPO",148,-0.848048096156426,2015-05-24,144,3,NA,8.33333333333333,0,0.25,"success",1,"183","180",2.29829,42.4339981,417.8909912,19.6219997,30.7127991,55.6762009,53.0946999,53.0946999,20.2404995,71,30,41,42.8644981,0,0,0,0
"1541","EMPAID_NDL08A_2015","2015-07-06",999,999,"F",2015,"EMPAID","EMPAID_DL","EMPAID_DL","U",1,"NAD83 11N",4981068.656,530749.435,1.2,"PIPO",148,-0.848048096156426,2015-05-24,144,3,NA,8.33333333333333,0,0.25,"success",0,"187","183",2.29829,42.4339981,417.8909912,19.6219997,30.7127991,55.6762009,53.0946999,53.0946999,20.2404995,71,30,41,42.8644981,0,0,0,0
"1542","EMPAID_NDL08A_2017","2017-06-30",0,3,"N",2017,"EMPAID","EMPAID_DL","EMPAID_DL","U",1,"NAD83 11N",4981236.618,530723.544,2,"PIPO",167,-0.974370064785235,2017-05-29,149,3,1,16.6666666666667,5,0.666666666666667,"success",1,"181",NA,2.3148799,38.1940002,393.6919861,17.0144997,32.4435005,54.1213989,47.2279015,47.2279015,19.5659008,73,30,43,41.4474983,0,0,0,0
"1543","EMPAID_NDL08A_2017","2017-07-05",999,999,"N",2017,"EMPAID","EMPAID_DL","EMPAID_DL","U",1,"NAD83 11N",4981236.618,530723.544,2,"PIPO",167,-0.974370064785235,2017-05-29,149,3,1,16.6666666666667,5,0.666666666666667,"success",0,"186","181",2.3148799,38.1940002,393.6919861,17.0144997,32.4435005,54.1213989,47.2279015,47.2279015,19.5659008,73,30,43,41.4474983,0,0,0,0
"1544","EMPAID_NDL08A_2017","2017-07-07",999,999,"N",2017,"EMPAID","EMPAID_DL","EMPAID_DL","U",1,"NAD83 11N",4981236.618,530723.544,2,"PIPO",167,-0.974370064785235,2017-05-29,149,3,1,16.6666666666667,5,0.666666666666667,"success",0,"188","186",2.3148799,38.1940002,393.6919861,17.0144997,32.4435005,54.1213989,47.2279015,47.2279015,19.5659008,73,30,43,41.4474983,0,0,0,0
"1545","EMPAID_NDL08A_2017","2017-07-10",0,0,"F",2017,"EMPAID","EMPAID_DL","EMPAID_DL","U",1,"NAD83 11N",4981236.618,530723.544,2,"PIPO",167,-0.974370064785235,2017-05-29,149,3,1,16.6666666666667,5,0.666666666666667,"success",1,"191","188",2.3148799,38.1940002,393.6919861,17.0144997,32.4435005,54.1213989,47.2279015,47.2279015,19.5659008,73,30,43,41.4474983,0,0,0,0
"1546","EMPAID_NDL10A_2018","2018-05-29",999,999,"E",2018,"EMPAID","EMPAID_DL","EMPAID_DL","U",9,"NAD83 11N",4981502.412,530210.802,2.5,"PIPO",165,-0.965925826289068,2018-06-04,155,0,0,183.333333333333,12.5,1,"failure",0,"149",NA,1.17,14.8418999,341.8380127,14.2024002,25.9314003,49.4572983,46.0839005,46.0839005,10.1788998,104,36,68,20.6882992,0,0,0,0
"1547","EMPAID_NDL10A_2018","2018-06-04",999,999,"L",2018,"EMPAID","EMPAID_DL","EMPAID_DL","U",9,"NAD83 11N",4981502.412,530210.802,2.5,"PIPO",165,-0.965925826289068,2018-06-04,155,0,0,183.333333333333,12.5,1,"failure",0,"155","149",1.17,14.8418999,341.8380127,14.2024002,25.9314003,49.4572983,46.0839005,46.0839005,10.1788998,104,36,68,20.6882992,0,0,0,0
"1548","EMPAID_NDL10A_2018","2018-06-07",999,999,"L",2018,"EMPAID","EMPAID_DL","EMPAID_DL","U",9,"NAD83 11N",4981502.412,530210.802,2.5,"PIPO",165,-0.965925826289068,2018-06-04,155,0,0,183.333333333333,12.5,1,"failure",0,"158","155",1.17,14.8418999,341.8380127,14.2024002,25.9314003,49.4572983,46.0839005,46.0839005,10.1788998,104,36,68,20.6882992,0,0,0,0
"1549","EMPAID_NDL10A_2018","2018-06-11",999,999,"I",2018,"EMPAID","EMPAID_DL","EMPAID_DL","U",9,"NAD83 11N",4981502.412,530210.802,2.5,"PIPO",165,-0.965925826289068,2018-06-04,155,0,0,183.333333333333,12.5,1,"failure",1,"162","158",1.17,14.8418999,341.8380127,14.2024002,25.9314003,49.4572983,46.0839005,46.0839005,10.1788998,104,36,68,20.6882992,0,0,0,0
"1550","EMPAID_NDL10A_2018","2018-06-12",4,0,"I",2018,"EMPAID","EMPAID_DL","EMPAID_DL","U",9,"NAD83 11N",4981502.412,530210.802,2.5,"PIPO",165,-0.965925826289068,2018-06-04,155,0,0,183.333333333333,12.5,1,"failure",1,"163","162",1.17,14.8418999,341.8380127,14.2024002,25.9314003,49.4572983,46.0839005,46.0839005,10.1788998,104,36,68,20.6882992,0,0,0,0
"1551","EMPAID_NDL10A_2018","2018-06-20",0,4,"N",2018,"EMPAID","EMPAID_DL","EMPAID_DL","U",9,"NAD83 11N",4981502.412,530210.802,2.5,"PIPO",165,-0.965925826289068,2018-06-04,155,0,0,183.333333333333,12.5,1,"failure",1,"171","163",1.17,14.8418999,341.8380127,14.2024002,25.9314003,49.4572983,46.0839005,46.0839005,10.1788998,104,36,68,20.6882992,0,0,0,0
"1552","EMPAID_NDL10A_2018","2018-06-27",0,3,"N",2018,"EMPAID","EMPAID_DL","EMPAID_DL","U",9,"NAD83 11N",4981502.412,530210.802,2.5,"PIPO",165,-0.965925826289068,2018-06-04,155,0,0,183.333333333333,12.5,1,"failure",1,"178","171",1.17,14.8418999,341.8380127,14.2024002,25.9314003,49.4572983,46.0839005,46.0839005,10.1788998,104,36,68,20.6882992,0,0,0,0
"1553","EMPAID_NDL10A_2018","2018-07-03",0,0,"N",2018,"EMPAID","EMPAID_DL","EMPAID_DL","U",9,"NAD83 11N",4981502.412,530210.802,2.5,"PIPO",165,-0.965925826289068,2018-06-04,155,0,0,183.333333333333,12.5,1,"failure",1,"184","178",1.17,14.8418999,341.8380127,14.2024002,25.9314003,49.4572983,46.0839005,46.0839005,10.1788998,104,36,68,20.6882992,0,0,0,0
"1554","EMPAID_NEFW01A_2018","2018-05-23",0,0,"E",2018,"EMPAID","Incidental","284","H",1,"NAD83 11N",4966329.36,550248.096,3.2,"PIPO",61,0.484809620246337,2018-05-27,147,3,1,16.6666666666667,22.5,0.272727272727273,"success",1,"143",NA,2.76811,30.4382,316.1650085,7.70858,33.3821983,34.8488998,19.0084991,19.0084991,16.7497997,92,55,37,54.3647995,7.9202099,0,0.732088,0
"1555","EMPAID_NEFW01A_2018","2018-05-30",3,0,"L",2018,"EMPAID","Incidental","284","H",1,"NAD83 11N",4966329.36,550248.096,3.2,"PIPO",61,0.484809620246337,2018-05-27,147,3,1,16.6666666666667,22.5,0.272727272727273,"success",1,"150","143",2.76811,30.4382,316.1650085,7.70858,33.3821983,34.8488998,19.0084991,19.0084991,16.7497997,92,55,37,54.3647995,7.9202099,0,0.732088,0
"1556","EMPAID_NEFW01A_2018","2018-06-05",5,0,"I",2018,"EMPAID","Incidental","284","H",1,"NAD83 11N",4966329.36,550248.096,3.2,"PIPO",61,0.484809620246337,2018-05-27,147,3,1,16.6666666666667,22.5,0.272727272727273,"success",1,"156","150",2.76811,30.4382,316.1650085,7.70858,33.3821983,34.8488998,19.0084991,19.0084991,16.7497997,92,55,37,54.3647995,7.9202099,0,0.732088,0
"1557","EMPAID_NEFW01A_2018","2018-06-08",999,999,"I",2018,"EMPAID","Incidental","284","H",1,"NAD83 11N",4966329.36,550248.096,3.2,"PIPO",61,0.484809620246337,2018-05-27,147,3,1,16.6666666666667,22.5,0.272727272727273,"success",0,"159","156",2.76811,30.4382,316.1650085,7.70858,33.3821983,34.8488998,19.0084991,19.0084991,16.7497997,92,55,37,54.3647995,7.9202099,0,0.732088,0
"1558","EMPAID_NEFW01A_2018","2018-06-13",0,4,"N",2018,"EMPAID","Incidental","284","H",1,"NAD83 11N",4966329.36,550248.096,3.2,"PIPO",61,0.484809620246337,2018-05-27,147,3,1,16.6666666666667,22.5,0.272727272727273,"success",1,"164","159",2.76811,30.4382,316.1650085,7.70858,33.3821983,34.8488998,19.0084991,19.0084991,16.7497997,92,55,37,54.3647995,7.9202099,0,0.732088,0
"1559","EMPAID_NEFW01A_2018","2018-06-19",999,999,"N",2018,"EMPAID","Incidental","284","H",1,"NAD83 11N",4966329.36,550248.096,3.2,"PIPO",61,0.484809620246337,2018-05-27,147,3,1,16.6666666666667,22.5,0.272727272727273,"success",0,"170","164",2.76811,30.4382,316.1650085,7.70858,33.3821983,34.8488998,19.0084991,19.0084991,16.7497997,92,55,37,54.3647995,7.9202099,0,0.732088,0
"1560","EMPAID_NEFW01A_2018","2018-06-25",0,3,"N",2018,"EMPAID","Incidental","284","H",1,"NAD83 11N",4966329.36,550248.096,3.2,"PIPO",61,0.484809620246337,2018-05-27,147,3,1,16.6666666666667,22.5,0.272727272727273,"success",1,"176","170",2.76811,30.4382,316.1650085,7.70858,33.3821983,34.8488998,19.0084991,19.0084991,16.7497997,92,55,37,54.3647995,7.9202099,0,0.732088,0
"1561","EMPAID_NEFW01A_2018","2018-07-02",0,3,"N",2018,"EMPAID","Incidental","284","H",1,"NAD83 11N",4966329.36,550248.096,3.2,"PIPO",61,0.484809620246337,2018-05-27,147,3,1,16.6666666666667,22.5,0.272727272727273,"success",1,"183","176",2.76811,30.4382,316.1650085,7.70858,33.3821983,34.8488998,19.0084991,19.0084991,16.7497997,92,55,37,54.3647995,7.9202099,0,0.732088,0
"1562","EMPAID_NEFW01A_2018","2018-07-05",999,999,"N",2018,"EMPAID","Incidental","284","H",1,"NAD83 11N",4966329.36,550248.096,3.2,"PIPO",61,0.484809620246337,2018-05-27,147,3,1,16.6666666666667,22.5,0.272727272727273,"success",0,"186","183",2.76811,30.4382,316.1650085,7.70858,33.3821983,34.8488998,19.0084991,19.0084991,16.7497997,92,55,37,54.3647995,7.9202099,0,0.732088,0
"1563","EMPAID_NEFW01A_2018","2018-07-09",0,0,"F",2018,"EMPAID","Incidental","284","H",1,"NAD83 11N",4966329.36,550248.096,3.2,"PIPO",61,0.484809620246337,2018-05-27,147,3,1,16.6666666666667,22.5,0.272727272727273,"success",1,"190","186",2.76811,30.4382,316.1650085,7.70858,33.3821983,34.8488998,19.0084991,19.0084991,16.7497997,92,55,37,54.3647995,7.9202099,0,0.732088,0
"1564","EMPAID_NLC-R09A_2014","2014-05-30",0,0,"E",2014,"EMPAID","EMPAID_LC-R","EMPAID_LC-R","B",1,"NAD83 11N",4983362.481,530898.009,1.1,"PIPO",309,0.629320391049838,2014-06-06,157,2,NA,83.3333333333333,7.5,0.928571428571429,"success",1,"150",NA,0.704,1.9436899,132.6999969,31.5911999,10.3255997,40.5690994,39.9530983,39.9530983,1.67204,57,12,45,4.9291,0,3.1066,0,0
"1565","EMPAID_NLC-R09A_2014","2014-06-05",999,999,"E",2014,"EMPAID","EMPAID_LC-R","EMPAID_LC-R","B",1,"NAD83 11N",4983362.481,530898.009,1.1,"PIPO",309,0.629320391049838,2014-06-06,157,2,NA,83.3333333333333,7.5,0.928571428571429,"success",0,"156","150",0.704,1.9436899,132.6999969,31.5911999,10.3255997,40.5690994,39.9530983,39.9530983,1.67204,57,12,45,4.9291,0,3.1066,0,0
"1566","EMPAID_NLC-R09A_2014","2014-06-09",999,999,"L",2014,"EMPAID","EMPAID_LC-R","EMPAID_LC-R","B",1,"NAD83 11N",4983362.481,530898.009,1.1,"PIPO",309,0.629320391049838,2014-06-06,157,2,NA,83.3333333333333,7.5,0.928571428571429,"success",0,"160","156",0.704,1.9436899,132.6999969,31.5911999,10.3255997,40.5690994,39.9530983,39.9530983,1.67204,57,12,45,4.9291,0,3.1066,0,0
"1567","EMPAID_NLC-R09A_2014","2014-06-11",4,0,"I",2014,"EMPAID","EMPAID_LC-R","EMPAID_LC-R","B",1,"NAD83 11N",4983362.481,530898.009,1.1,"PIPO",309,0.629320391049838,2014-06-06,157,2,NA,83.3333333333333,7.5,0.928571428571429,"success",1,"162","160",0.704,1.9436899,132.6999969,31.5911999,10.3255997,40.5690994,39.9530983,39.9530983,1.67204,57,12,45,4.9291,0,3.1066,0,0
"1568","EMPAID_NLC-R09A_2014","2014-06-19",4,0,"I",2014,"EMPAID","EMPAID_LC-R","EMPAID_LC-R","B",1,"NAD83 11N",4983362.481,530898.009,1.1,"PIPO",309,0.629320391049838,2014-06-06,157,2,NA,83.3333333333333,7.5,0.928571428571429,"success",1,"170","162",0.704,1.9436899,132.6999969,31.5911999,10.3255997,40.5690994,39.9530983,39.9530983,1.67204,57,12,45,4.9291,0,3.1066,0,0
"1569","EMPAID_NLC-R09A_2014","2014-06-23",999,999,"N",2014,"EMPAID","EMPAID_LC-R","EMPAID_LC-R","B",1,"NAD83 11N",4983362.481,530898.009,1.1,"PIPO",309,0.629320391049838,2014-06-06,157,2,NA,83.3333333333333,7.5,0.928571428571429,"success",0,"174","170",0.704,1.9436899,132.6999969,31.5911999,10.3255997,40.5690994,39.9530983,39.9530983,1.67204,57,12,45,4.9291,0,3.1066,0,0
"1570","EMPAID_NLC-R09A_2014","2014-06-25",0,3,"N",2014,"EMPAID","EMPAID_LC-R","EMPAID_LC-R","B",1,"NAD83 11N",4983362.481,530898.009,1.1,"PIPO",309,0.629320391049838,2014-06-06,157,2,NA,83.3333333333333,7.5,0.928571428571429,"success",1,"176","174",0.704,1.9436899,132.6999969,31.5911999,10.3255997,40.5690994,39.9530983,39.9530983,1.67204,57,12,45,4.9291,0,3.1066,0,0
"1571","EMPAID_NLC-R09A_2014","2014-07-06",999,999,"N",2014,"EMPAID","EMPAID_LC-R","EMPAID_LC-R","B",1,"NAD83 11N",4983362.481,530898.009,1.1,"PIPO",309,0.629320391049838,2014-06-06,157,2,NA,83.3333333333333,7.5,0.928571428571429,"success",0,"187","176",0.704,1.9436899,132.6999969,31.5911999,10.3255997,40.5690994,39.9530983,39.9530983,1.67204,57,12,45,4.9291,0,3.1066,0,0
"1572","EMPAID_NLC-R09A_2014","2014-07-08",0,2,"N",2014,"EMPAID","EMPAID_LC-R","EMPAID_LC-R","B",1,"NAD83 11N",4983362.481,530898.009,1.1,"PIPO",309,0.629320391049838,2014-06-06,157,2,NA,83.3333333333333,7.5,0.928571428571429,"success",1,"189","187",0.704,1.9436899,132.6999969,31.5911999,10.3255997,40.5690994,39.9530983,39.9530983,1.67204,57,12,45,4.9291,0,3.1066,0,0
"1573","EMPAID_NLC-R09A_2014","2014-07-10",0,2,"N",2014,"EMPAID","EMPAID_LC-R","EMPAID_LC-R","B",1,"NAD83 11N",4983362.481,530898.009,1.1,"PIPO",309,0.629320391049838,2014-06-06,157,2,NA,83.3333333333333,7.5,0.928571428571429,"success",1,"191","189",0.704,1.9436899,132.6999969,31.5911999,10.3255997,40.5690994,39.9530983,39.9530983,1.67204,57,12,45,4.9291,0,3.1066,0,0
"1574","EMPAID_NLC-R09A_2014","2014-07-15",0,2,"N",2014,"EMPAID","EMPAID_LC-R","EMPAID_LC-R","B",1,"NAD83 11N",4983362.481,530898.009,1.1,"PIPO",309,0.629320391049838,2014-06-06,157,2,NA,83.3333333333333,7.5,0.928571428571429,"success",1,"196","191",0.704,1.9436899,132.6999969,31.5911999,10.3255997,40.5690994,39.9530983,39.9530983,1.67204,57,12,45,4.9291,0,3.1066,0,0
"1575","EMPAID_NLC-R09A_2014","2014-07-21",0,0,"F",2014,"EMPAID","EMPAID_LC-R","EMPAID_LC-R","B",1,"NAD83 11N",4983362.481,530898.009,1.1,"PIPO",309,0.629320391049838,2014-06-06,157,2,NA,83.3333333333333,7.5,0.928571428571429,"success",1,"202","196",0.704,1.9436899,132.6999969,31.5911999,10.3255997,40.5690994,39.9530983,39.9530983,1.67204,57,12,45,4.9291,0,3.1066,0,0
"1576","EMPAID_NLC-R10A_2012","2012-05-25",0,0,"E",2012,"EMPAID","EMPAID_LC-R","EMPAID_LC-R","B",1,"NAD83 11N",4983204.262,530751.989,1.6,"PIPO",310,0.642787609686539,2012-05-26,147,3,NA,0,7.5,1,"success",1,"146",NA,0.691364,1.98692,136.8910065,31.3173008,9.9149303,38.8969994,38.2809982,38.2809982,1.67204,55,11,44,5.0676398,0,3.1066,0,0
"1577","EMPAID_NLC-R10A_2012","2012-05-29",3,0,"L",2012,"EMPAID","EMPAID_LC-R","EMPAID_LC-R","B",1,"NAD83 11N",4983204.262,530751.989,1.6,"PIPO",310,0.642787609686539,2012-05-26,147,3,NA,0,7.5,1,"success",1,"150","146",0.691364,1.98692,136.8910065,31.3173008,9.9149303,38.8969994,38.2809982,38.2809982,1.67204,55,11,44,5.0676398,0,3.1066,0,0
"1578","EMPAID_NLC-R10A_2012","2012-06-02",4,0,"I",2012,"EMPAID","EMPAID_LC-R","EMPAID_LC-R","B",1,"NAD83 11N",4983204.262,530751.989,1.6,"PIPO",310,0.642787609686539,2012-05-26,147,3,NA,0,7.5,1,"success",1,"154","150",0.691364,1.98692,136.8910065,31.3173008,9.9149303,38.8969994,38.2809982,38.2809982,1.67204,55,11,44,5.0676398,0,3.1066,0,0
"1579","EMPAID_NLC-R10A_2012","2012-06-06",999,999,"I",2012,"EMPAID","EMPAID_LC-R","EMPAID_LC-R","B",1,"NAD83 11N",4983204.262,530751.989,1.6,"PIPO",310,0.642787609686539,2012-05-26,147,3,NA,0,7.5,1,"success",0,"158","154",0.691364,1.98692,136.8910065,31.3173008,9.9149303,38.8969994,38.2809982,38.2809982,1.67204,55,11,44,5.0676398,0,3.1066,0,0
"1580","EMPAID_NLC-R10A_2012","2012-06-12",0,4,"N",2012,"EMPAID","EMPAID_LC-R","EMPAID_LC-R","B",1,"NAD83 11N",4983204.262,530751.989,1.6,"PIPO",310,0.642787609686539,2012-05-26,147,3,NA,0,7.5,1,"success",1,"164","158",0.691364,1.98692,136.8910065,31.3173008,9.9149303,38.8969994,38.2809982,38.2809982,1.67204,55,11,44,5.0676398,0,3.1066,0,0
"1581","EMPAID_NLC-R10A_2012","2012-06-15",999,999,"N",2012,"EMPAID","EMPAID_LC-R","EMPAID_LC-R","B",1,"NAD83 11N",4983204.262,530751.989,1.6,"PIPO",310,0.642787609686539,2012-05-26,147,3,NA,0,7.5,1,"success",0,"167","164",0.691364,1.98692,136.8910065,31.3173008,9.9149303,38.8969994,38.2809982,38.2809982,1.67204,55,11,44,5.0676398,0,3.1066,0,0
"1582","EMPAID_NLC-R10A_2012","2012-06-18",999,999,"N",2012,"EMPAID","EMPAID_LC-R","EMPAID_LC-R","B",1,"NAD83 11N",4983204.262,530751.989,1.6,"PIPO",310,0.642787609686539,2012-05-26,147,3,NA,0,7.5,1,"success",0,"170","167",0.691364,1.98692,136.8910065,31.3173008,9.9149303,38.8969994,38.2809982,38.2809982,1.67204,55,11,44,5.0676398,0,3.1066,0,0
"1583","EMPAID_NLC-R10A_2012","2012-06-21",999,999,"N",2012,"EMPAID","EMPAID_LC-R","EMPAID_LC-R","B",1,"NAD83 11N",4983204.262,530751.989,1.6,"PIPO",310,0.642787609686539,2012-05-26,147,3,NA,0,7.5,1,"success",0,"173","170",0.691364,1.98692,136.8910065,31.3173008,9.9149303,38.8969994,38.2809982,38.2809982,1.67204,55,11,44,5.0676398,0,3.1066,0,0
"1584","EMPAID_NLC-R10A_2012","2012-06-26",999,999,"N",2012,"EMPAID","EMPAID_LC-R","EMPAID_LC-R","B",1,"NAD83 11N",4983204.262,530751.989,1.6,"PIPO",310,0.642787609686539,2012-05-26,147,3,NA,0,7.5,1,"success",0,"178","173",0.691364,1.98692,136.8910065,31.3173008,9.9149303,38.8969994,38.2809982,38.2809982,1.67204,55,11,44,5.0676398,0,3.1066,0,0
"1585","EMPAID_NLC-R10A_2012","2012-06-27",999,999,"N",2012,"EMPAID","EMPAID_LC-R","EMPAID_LC-R","B",1,"NAD83 11N",4983204.262,530751.989,1.6,"PIPO",310,0.642787609686539,2012-05-26,147,3,NA,0,7.5,1,"success",0,"179","178",0.691364,1.98692,136.8910065,31.3173008,9.9149303,38.8969994,38.2809982,38.2809982,1.67204,55,11,44,5.0676398,0,3.1066,0,0
"1586","EMPAID_NLC-R10A_2012","2012-06-28",0,3,"N",2012,"EMPAID","EMPAID_LC-R","EMPAID_LC-R","B",1,"NAD83 11N",4983204.262,530751.989,1.6,"PIPO",310,0.642787609686539,2012-05-26,147,3,NA,0,7.5,1,"success",1,"180","179",0.691364,1.98692,136.8910065,31.3173008,9.9149303,38.8969994,38.2809982,38.2809982,1.67204,55,11,44,5.0676398,0,3.1066,0,0
"1587","EMPAID_NLC-R10A_2012","2012-07-03",999,999,"N",2012,"EMPAID","EMPAID_LC-R","EMPAID_LC-R","B",1,"NAD83 11N",4983204.262,530751.989,1.6,"PIPO",310,0.642787609686539,2012-05-26,147,3,NA,0,7.5,1,"success",0,"185","180",0.691364,1.98692,136.8910065,31.3173008,9.9149303,38.8969994,38.2809982,38.2809982,1.67204,55,11,44,5.0676398,0,3.1066,0,0
"1588","EMPAID_NLC-R10A_2012","2012-07-05",0,2,"N",2012,"EMPAID","EMPAID_LC-R","EMPAID_LC-R","B",1,"NAD83 11N",4983204.262,530751.989,1.6,"PIPO",310,0.642787609686539,2012-05-26,147,3,NA,0,7.5,1,"success",1,"187","185",0.691364,1.98692,136.8910065,31.3173008,9.9149303,38.8969994,38.2809982,38.2809982,1.67204,55,11,44,5.0676398,0,3.1066,0,0
"1589","EMPAID_NLC-R10A_2012","2012-07-08",0,0,"F",2012,"EMPAID","EMPAID_LC-R","EMPAID_LC-R","B",1,"NAD83 11N",4983204.262,530751.989,1.6,"PIPO",310,0.642787609686539,2012-05-26,147,3,NA,0,7.5,1,"success",1,"190","187",0.691364,1.98692,136.8910065,31.3173008,9.9149303,38.8969994,38.2809982,38.2809982,1.67204,55,11,44,5.0676398,0,3.1066,0,0
"1590","EMPAID_NLC03A_2017","2017-05-31",0,0,"E",2017,"EMPAID","EMPAID_LC","EMPAID_LC","H",9,"NAD83 11N",4983103.215,531176.812,2.3,"PIPO",258,-0.20791169081776,2017-06-02,153,0,0,116.666666666667,10,0.9,"failure",1,"151",NA,0.661875,1.84462,133.677002,35.6916008,10.3549004,46.8171997,45.8492012,45.8492012,1.67204,64,16,48,4.7258301,0.205339,3.1066,0,1.27956
"1591","EMPAID_NLC03A_2017","2017-06-06",4,0,"I",2017,"EMPAID","EMPAID_LC","EMPAID_LC","H",9,"NAD83 11N",4983103.215,531176.812,2.3,"PIPO",258,-0.20791169081776,2017-06-02,153,0,0,116.666666666667,10,0.9,"failure",1,"157","151",0.661875,1.84462,133.677002,35.6916008,10.3549004,46.8171997,45.8492012,45.8492012,1.67204,64,16,48,4.7258301,0.205339,3.1066,0,1.27956
"1592","EMPAID_NLC03A_2017","2017-06-16",4,0,"I",2017,"EMPAID","EMPAID_LC","EMPAID_LC","H",9,"NAD83 11N",4983103.215,531176.812,2.3,"PIPO",258,-0.20791169081776,2017-06-02,153,0,0,116.666666666667,10,0.9,"failure",1,"167","157",0.661875,1.84462,133.677002,35.6916008,10.3549004,46.8171997,45.8492012,45.8492012,1.67204,64,16,48,4.7258301,0.205339,3.1066,0,1.27956
"1593","EMPAID_NLC03A_2017","2017-06-20",999,999,"I",2017,"EMPAID","EMPAID_LC","EMPAID_LC","H",9,"NAD83 11N",4983103.215,531176.812,2.3,"PIPO",258,-0.20791169081776,2017-06-02,153,0,0,116.666666666667,10,0.9,"failure",0,"171","167",0.661875,1.84462,133.677002,35.6916008,10.3549004,46.8171997,45.8492012,45.8492012,1.67204,64,16,48,4.7258301,0.205339,3.1066,0,1.27956
"1594","EMPAID_NLC03A_2017","2017-06-23",0,0,"I",2017,"EMPAID","EMPAID_LC","EMPAID_LC","H",9,"NAD83 11N",4983103.215,531176.812,2.3,"PIPO",258,-0.20791169081776,2017-06-02,153,0,0,116.666666666667,10,0.9,"failure",1,"174","171",0.661875,1.84462,133.677002,35.6916008,10.3549004,46.8171997,45.8492012,45.8492012,1.67204,64,16,48,4.7258301,0.205339,3.1066,0,1.27956
"1595","EMPAID_NLC04A_2013","2013-06-06",2,0,"L",2013,"EMPAID","EMPAID_LC","EMPAID_LC","B",1,"NAD83 11N",4983227.26952,530845.880796,2.3,"PIPO",69,0.3583679495453,2013-06-04,155,3,NA,0,15,1,"success",1,"157",NA,0.675957,1.9364001,136.5529938,31.1275997,10.3549004,40.3931007,39.8944016,39.8944016,1.67204,59,12,47,4.9008398,0,3.1066,0,0
"1596","EMPAID_NLC04A_2013","2013-06-11",4,0,"I",2013,"EMPAID","EMPAID_LC","EMPAID_LC","B",1,"NAD83 11N",4983227.26952,530845.880796,2.3,"PIPO",69,0.3583679495453,2013-06-04,155,3,NA,0,15,1,"success",1,"162","157",0.675957,1.9364001,136.5529938,31.1275997,10.3549004,40.3931007,39.8944016,39.8944016,1.67204,59,12,47,4.9008398,0,3.1066,0,0
"1597","EMPAID_NLC04A_2013","2013-06-14",999,999,"I",2013,"EMPAID","EMPAID_LC","EMPAID_LC","B",1,"NAD83 11N",4983227.26952,530845.880796,2.3,"PIPO",69,0.3583679495453,2013-06-04,155,3,NA,0,15,1,"success",0,"165","162",0.675957,1.9364001,136.5529938,31.1275997,10.3549004,40.3931007,39.8944016,39.8944016,1.67204,59,12,47,4.9008398,0,3.1066,0,0
"1598","EMPAID_NLC04A_2013","2013-06-18",1,3,"N",2013,"EMPAID","EMPAID_LC","EMPAID_LC","B",1,"NAD83 11N",4983227.26952,530845.880796,2.3,"PIPO",69,0.3583679495453,2013-06-04,155,3,NA,0,15,1,"success",1,"169","165",0.675957,1.9364001,136.5529938,31.1275997,10.3549004,40.3931007,39.8944016,39.8944016,1.67204,59,12,47,4.9008398,0,3.1066,0,0
"1599","EMPAID_NLC04A_2013","2013-06-21",999,999,"N",2013,"EMPAID","EMPAID_LC","EMPAID_LC","B",1,"NAD83 11N",4983227.26952,530845.880796,2.3,"PIPO",69,0.3583679495453,2013-06-04,155,3,NA,0,15,1,"success",0,"172","169",0.675957,1.9364001,136.5529938,31.1275997,10.3549004,40.3931007,39.8944016,39.8944016,1.67204,59,12,47,4.9008398,0,3.1066,0,0
"1600","EMPAID_NLC04A_2013","2013-06-25",1,3,"N",2013,"EMPAID","EMPAID_LC","EMPAID_LC","B",1,"NAD83 11N",4983227.26952,530845.880796,2.3,"PIPO",69,0.3583679495453,2013-06-04,155,3,NA,0,15,1,"success",1,"176","172",0.675957,1.9364001,136.5529938,31.1275997,10.3549004,40.3931007,39.8944016,39.8944016,1.67204,59,12,47,4.9008398,0,3.1066,0,0
"1601","EMPAID_NLC04A_2013","2013-06-27",1,3,"N",2013,"EMPAID","EMPAID_LC","EMPAID_LC","B",1,"NAD83 11N",4983227.26952,530845.880796,2.3,"PIPO",69,0.3583679495453,2013-06-04,155,3,NA,0,15,1,"success",1,"178","176",0.675957,1.9364001,136.5529938,31.1275997,10.3549004,40.3931007,39.8944016,39.8944016,1.67204,59,12,47,4.9008398,0,3.1066,0,0
"1602","EMPAID_NLC04A_2013","2013-07-02",999,999,"N",2013,"EMPAID","EMPAID_LC","EMPAID_LC","B",1,"NAD83 11N",4983227.26952,530845.880796,2.3,"PIPO",69,0.3583679495453,2013-06-04,155,3,NA,0,15,1,"success",0,"183","178",0.675957,1.9364001,136.5529938,31.1275997,10.3549004,40.3931007,39.8944016,39.8944016,1.67204,59,12,47,4.9008398,0,3.1066,0,0
"1603","EMPAID_NLC04A_2013","2013-07-04",999,999,"N",2013,"EMPAID","EMPAID_LC","EMPAID_LC","B",1,"NAD83 11N",4983227.26952,530845.880796,2.3,"PIPO",69,0.3583679495453,2013-06-04,155,3,NA,0,15,1,"success",0,"185","183",0.675957,1.9364001,136.5529938,31.1275997,10.3549004,40.3931007,39.8944016,39.8944016,1.67204,59,12,47,4.9008398,0,3.1066,0,0
"1604","EMPAID_NLC04A_2013","2013-07-08",0,3,"N",2013,"EMPAID","EMPAID_LC","EMPAID_LC","B",1,"NAD83 11N",4983227.26952,530845.880796,2.3,"PIPO",69,0.3583679495453,2013-06-04,155,3,NA,0,15,1,"success",1,"189","185",0.675957,1.9364001,136.5529938,31.1275997,10.3549004,40.3931007,39.8944016,39.8944016,1.67204,59,12,47,4.9008398,0,3.1066,0,0
"1605","EMPAID_NLC04A_2013","2013-07-10",0,3,"N",2013,"EMPAID","EMPAID_LC","EMPAID_LC","B",1,"NAD83 11N",4983227.26952,530845.880796,2.3,"PIPO",69,0.3583679495453,2013-06-04,155,3,NA,0,15,1,"success",1,"191","189",0.675957,1.9364001,136.5529938,31.1275997,10.3549004,40.3931007,39.8944016,39.8944016,1.67204,59,12,47,4.9008398,0,3.1066,0,0
"1606","EMPAID_NLC04A_2013","2013-07-11",999,999,"N",2013,"EMPAID","EMPAID_LC","EMPAID_LC","B",1,"NAD83 11N",4983227.26952,530845.880796,2.3,"PIPO",69,0.3583679495453,2013-06-04,155,3,NA,0,15,1,"success",0,"192","191",0.675957,1.9364001,136.5529938,31.1275997,10.3549004,40.3931007,39.8944016,39.8944016,1.67204,59,12,47,4.9008398,0,3.1066,0,0
"1607","EMPAID_NLC04A_2013","2013-07-15",0,0,"F",2013,"EMPAID","EMPAID_LC","EMPAID_LC","B",1,"NAD83 11N",4983227.26952,530845.880796,2.3,"PIPO",69,0.3583679495453,2013-06-04,155,3,NA,0,15,1,"success",1,"196","192",0.675957,1.9364001,136.5529938,31.1275997,10.3549004,40.3931007,39.8944016,39.8944016,1.67204,59,12,47,4.9008398,0,3.1066,0,0
"1608","EMPAID_NLC05A_2015","2015-06-30",0,3,"N",2015,"EMPAID","EMPAID_LC","EMPAID_LC","U",1,"NAD83 11N",4982794.511,530585.827,2,"PIPO",227,-0.681998360062499,2015-05-30,150,3,NA,8.33333333333333,5,0.6,"success",1,"181",NA,0.599492,2.0095401,153.3650055,30.0527,11.5283003,42.9450989,41.5663986,41.5663986,1.84805,72,13,59,4.3823299,0,3.1066,0,0
"1609","EMPAID_NLC05A_2015","2015-07-02",0,3,"N",2015,"EMPAID","EMPAID_LC","EMPAID_LC","U",1,"NAD83 11N",4982794.511,530585.827,2,"PIPO",227,-0.681998360062499,2015-05-30,150,3,NA,8.33333333333333,5,0.6,"success",1,"183","181",0.599492,2.0095401,153.3650055,30.0527,11.5283003,42.9450989,41.5663986,41.5663986,1.84805,72,13,59,4.3823299,0,3.1066,0,0
"1610","EMPAID_NLC05A_2015","2015-07-06",999,999,"N",2015,"EMPAID","EMPAID_LC","EMPAID_LC","U",1,"NAD83 11N",4982794.511,530585.827,2,"PIPO",227,-0.681998360062499,2015-05-30,150,3,NA,8.33333333333333,5,0.6,"success",0,"187","183",0.599492,2.0095401,153.3650055,30.0527,11.5283003,42.9450989,41.5663986,41.5663986,1.84805,72,13,59,4.3823299,0,3.1066,0,0
"1611","EMPAID_NLC05A_2015","2015-07-13",0,0,"F",2015,"EMPAID","EMPAID_LC","EMPAID_LC","U",1,"NAD83 11N",4982794.511,530585.827,2,"PIPO",227,-0.681998360062499,2015-05-30,150,3,NA,8.33333333333333,5,0.6,"success",1,"194","187",0.599492,2.0095401,153.3650055,30.0527,11.5283003,42.9450989,41.5663986,41.5663986,1.84805,72,13,59,4.3823299,0,3.1066,0,0
"1612","EMPAID_NLC05A_2016","2016-05-21",0,0,"E",2016,"EMPAID","EMPAID_LC","EMPAID_LC","B",10,"NAD83 11N",4982990.133,530800.825,1.6,"PIPO",230,-0.64278760968654,2016-06-13,165,0,0,25,2.5,1,"failure",1,"142",NA,5.1726298,29.9412994,218.8240051,11.1899996,32.0329018,19.7124996,15.0483999,6.3948398,15.0483999,90,71,19,59.1046982,0,3.1066,0,1.27956
"1613","EMPAID_NLC05A_2016","2016-05-29",0,0,"E",2016,"EMPAID","EMPAID_LC","EMPAID_LC","B",10,"NAD83 11N",4982990.133,530800.825,1.6,"PIPO",230,-0.64278760968654,2016-06-13,165,0,0,25,2.5,1,"failure",1,"150","142",5.1726298,29.9412994,218.8240051,11.1899996,32.0329018,19.7124996,15.0483999,6.3948398,15.0483999,90,71,19,59.1046982,0,3.1066,0,1.27956
"1614","EMPAID_NLC05A_2016","2016-06-01",0,0,"E",2016,"EMPAID","EMPAID_LC","EMPAID_LC","B",10,"NAD83 11N",4982990.133,530800.825,1.6,"PIPO",230,-0.64278760968654,2016-06-13,165,0,0,25,2.5,1,"failure",1,"153","150",5.1726298,29.9412994,218.8240051,11.1899996,32.0329018,19.7124996,15.0483999,6.3948398,15.0483999,90,71,19,59.1046982,0,3.1066,0,1.27956
"1615","EMPAID_NLC05A_2016","2016-06-07",999,999,"E",2016,"EMPAID","EMPAID_LC","EMPAID_LC","B",10,"NAD83 11N",4982990.133,530800.825,1.6,"PIPO",230,-0.64278760968654,2016-06-13,165,0,0,25,2.5,1,"failure",0,"159","153",5.1726298,29.9412994,218.8240051,11.1899996,32.0329018,19.7124996,15.0483999,6.3948398,15.0483999,90,71,19,59.1046982,0,3.1066,0,1.27956
"1616","EMPAID_NLC05A_2016","2016-06-08",0,0,"E",2016,"EMPAID","EMPAID_LC","EMPAID_LC","B",10,"NAD83 11N",4982990.133,530800.825,1.6,"PIPO",230,-0.64278760968654,2016-06-13,165,0,0,25,2.5,1,"failure",1,"160","159",5.1726298,29.9412994,218.8240051,11.1899996,32.0329018,19.7124996,15.0483999,6.3948398,15.0483999,90,71,19,59.1046982,0,3.1066,0,1.27956
"1617","EMPAID_NLC05A_2016","2016-06-17",3,0,"I",2016,"EMPAID","EMPAID_LC","EMPAID_LC","B",10,"NAD83 11N",4982990.133,530800.825,1.6,"PIPO",230,-0.64278760968654,2016-06-13,165,0,0,25,2.5,1,"failure",1,"169","160",5.1726298,29.9412994,218.8240051,11.1899996,32.0329018,19.7124996,15.0483999,6.3948398,15.0483999,90,71,19,59.1046982,0,3.1066,0,1.27956
"1618","EMPAID_NLC05A_2016","2016-06-21",999,999,"I",2016,"EMPAID","EMPAID_LC","EMPAID_LC","B",10,"NAD83 11N",4982990.133,530800.825,1.6,"PIPO",230,-0.64278760968654,2016-06-13,165,0,0,25,2.5,1,"failure",0,"173","169",5.1726298,29.9412994,218.8240051,11.1899996,32.0329018,19.7124996,15.0483999,6.3948398,15.0483999,90,71,19,59.1046982,0,3.1066,0,1.27956
"1619","EMPAID_NPM09A_2013","2013-06-11",3,0,"L",2013,"EMPAID","Incidental","291","B",1,"NAD83 11N",4968624.1517,527684.65982,2.6,"PIPO",234,-0.587785252292473,2013-06-08,159,2,NA,8.33333333333333,5,0.333333333333333,"success",1,"162",NA,0.780968,3.6424899,191.4179993,19.1755009,7.8908801,18.5391998,6.8348498,6.8348498,2.4054,78,47,31,4.69836,8.80023,49.1040001,0,5.7262001
"1620","EMPAID_NPM09A_2013","2013-06-14",4,0,"I",2013,"EMPAID","Incidental","291","B",1,"NAD83 11N",4968624.1517,527684.65982,2.6,"PIPO",234,-0.587785252292473,2013-06-08,159,2,NA,8.33333333333333,5,0.333333333333333,"success",1,"165","162",0.780968,3.6424899,191.4179993,19.1755009,7.8908801,18.5391998,6.8348498,6.8348498,2.4054,78,47,31,4.69836,8.80023,49.1040001,0,5.7262001
"1621","EMPAID_NPM09A_2013","2013-06-18",999,999,"I",2013,"EMPAID","Incidental","291","B",1,"NAD83 11N",4968624.1517,527684.65982,2.6,"PIPO",234,-0.587785252292473,2013-06-08,159,2,NA,8.33333333333333,5,0.333333333333333,"success",0,"169","165",0.780968,3.6424899,191.4179993,19.1755009,7.8908801,18.5391998,6.8348498,6.8348498,2.4054,78,47,31,4.69836,8.80023,49.1040001,0,5.7262001
"1622","EMPAID_NPM09A_2013","2013-06-25",1,3,"N",2013,"EMPAID","Incidental","291","B",1,"NAD83 11N",4968624.1517,527684.65982,2.6,"PIPO",234,-0.587785252292473,2013-06-08,159,2,NA,8.33333333333333,5,0.333333333333333,"success",1,"176","169",0.780968,3.6424899,191.4179993,19.1755009,7.8908801,18.5391998,6.8348498,6.8348498,2.4054,78,47,31,4.69836,8.80023,49.1040001,0,5.7262001
"1623","EMPAID_NPM09A_2013","2013-07-01",999,999,"N",2013,"EMPAID","Incidental","291","B",1,"NAD83 11N",4968624.1517,527684.65982,2.6,"PIPO",234,-0.587785252292473,2013-06-08,159,2,NA,8.33333333333333,5,0.333333333333333,"success",0,"182","176",0.780968,3.6424899,191.4179993,19.1755009,7.8908801,18.5391998,6.8348498,6.8348498,2.4054,78,47,31,4.69836,8.80023,49.1040001,0,5.7262001
"1624","EMPAID_NPM09A_2013","2013-07-04",0,2,"N",2013,"EMPAID","Incidental","291","B",1,"NAD83 11N",4968624.1517,527684.65982,2.6,"PIPO",234,-0.587785252292473,2013-06-08,159,2,NA,8.33333333333333,5,0.333333333333333,"success",1,"185","182",0.780968,3.6424899,191.4179993,19.1755009,7.8908801,18.5391998,6.8348498,6.8348498,2.4054,78,47,31,4.69836,8.80023,49.1040001,0,5.7262001
"1625","EMPAID_NPM09A_2013","2013-07-08",999,999,"N",2013,"EMPAID","Incidental","291","B",1,"NAD83 11N",4968624.1517,527684.65982,2.6,"PIPO",234,-0.587785252292473,2013-06-08,159,2,NA,8.33333333333333,5,0.333333333333333,"success",0,"189","185",0.780968,3.6424899,191.4179993,19.1755009,7.8908801,18.5391998,6.8348498,6.8348498,2.4054,78,47,31,4.69836,8.80023,49.1040001,0,5.7262001
"1626","EMPAID_NPM09A_2013","2013-07-11",0,2,"N",2013,"EMPAID","Incidental","291","B",1,"NAD83 11N",4968624.1517,527684.65982,2.6,"PIPO",234,-0.587785252292473,2013-06-08,159,2,NA,8.33333333333333,5,0.333333333333333,"success",1,"192","189",0.780968,3.6424899,191.4179993,19.1755009,7.8908801,18.5391998,6.8348498,6.8348498,2.4054,78,47,31,4.69836,8.80023,49.1040001,0,5.7262001
"1627","EMPAID_NPM09A_2013","2013-07-15",999,999,"N",2013,"EMPAID","Incidental","291","B",1,"NAD83 11N",4968624.1517,527684.65982,2.6,"PIPO",234,-0.587785252292473,2013-06-08,159,2,NA,8.33333333333333,5,0.333333333333333,"success",0,"196","192",0.780968,3.6424899,191.4179993,19.1755009,7.8908801,18.5391998,6.8348498,6.8348498,2.4054,78,47,31,4.69836,8.80023,49.1040001,0,5.7262001
"1628","EMPAID_NPM09A_2013","2013-07-16",0,2,"N",2013,"EMPAID","Incidental","291","B",1,"NAD83 11N",4968624.1517,527684.65982,2.6,"PIPO",234,-0.587785252292473,2013-06-08,159,2,NA,8.33333333333333,5,0.333333333333333,"success",1,"197","196",0.780968,3.6424899,191.4179993,19.1755009,7.8908801,18.5391998,6.8348498,6.8348498,2.4054,78,47,31,4.69836,8.80023,49.1040001,0,5.7262001
"1629","EMPAID_NPM09A_2013","2013-07-18",0,0,"F",2013,"EMPAID","Incidental","291","B",1,"NAD83 11N",4968624.1517,527684.65982,2.6,"PIPO",234,-0.587785252292473,2013-06-08,159,2,NA,8.33333333333333,5,0.333333333333333,"success",1,"199","197",0.780968,3.6424899,191.4179993,19.1755009,7.8908801,18.5391998,6.8348498,6.8348498,2.4054,78,47,31,4.69836,8.80023,49.1040001,0,5.7262001
"1630","EMPAID_NPM09A_2014","2014-06-02",4,0,"I",2014,"EMPAID","Incidental","292","B",7,"NAD83 11N",4968695.772,527425.092,1.7,"PIPO",222,-0.743144825477394,2014-05-29,149,0,0,8.33333333333333,15,0.625,"failure",1,"153",NA,1.01132,4.5845199,187.9689941,16.3868999,12.5256996,25.6380005,12.2616997,12.2616997,3.1680801,84,46,38,8.6240196,11.7923002,58.0036011,0,6.9039102
"1631","EMPAID_NPM09A_2014","2014-06-16",999,999,"N",2014,"EMPAID","Incidental","292","B",7,"NAD83 11N",4968695.772,527425.092,1.7,"PIPO",222,-0.743144825477394,2014-05-29,149,0,0,8.33333333333333,15,0.625,"failure",0,"167","153",1.01132,4.5845199,187.9689941,16.3868999,12.5256996,25.6380005,12.2616997,12.2616997,3.1680801,84,46,38,8.6240196,11.7923002,58.0036011,0,6.9039102
"1632","EMPAID_NSF02A_2015","2015-05-28",6,0,"I",2015,"EMPAID","EMPAID_SF","EMPAID_SF","H",1,"NAD83 11N",4957536.369,550466.694,1.3,"PIPO",32,0.848048096156426,2015-05-19,139,4,NA,25,17.5,1,"success",1,"148",NA,1.77882,56.6996002,555.651001,7.5188899,39.4250984,51.1879997,43.9132004,43.9132004,26.8701,92,24,68,74.4129028,29.3633995,0,0,0
"1633","EMPAID_NSF02A_2015","2015-05-31",6,0,"I",2015,"EMPAID","EMPAID_SF","EMPAID_SF","H",1,"NAD83 11N",4957536.369,550466.694,1.3,"PIPO",32,0.848048096156426,2015-05-19,139,4,NA,25,17.5,1,"success",1,"151","148",1.77882,56.6996002,555.651001,7.5188899,39.4250984,51.1879997,43.9132004,43.9132004,26.8701,92,24,68,74.4129028,29.3633995,0,0,0
"1634","EMPAID_NSF02A_2015","2015-06-03",6,0,"I",2015,"EMPAID","EMPAID_SF","EMPAID_SF","H",1,"NAD83 11N",4957536.369,550466.694,1.3,"PIPO",32,0.848048096156426,2015-05-19,139,4,NA,25,17.5,1,"success",1,"154","151",1.77882,56.6996002,555.651001,7.5188899,39.4250984,51.1879997,43.9132004,43.9132004,26.8701,92,24,68,74.4129028,29.3633995,0,0,0
"1635","EMPAID_NSF02A_2015","2015-06-12",1,4,"N",2015,"EMPAID","EMPAID_SF","EMPAID_SF","H",1,"NAD83 11N",4957536.369,550466.694,1.3,"PIPO",32,0.848048096156426,2015-05-19,139,4,NA,25,17.5,1,"success",1,"163","154",1.77882,56.6996002,555.651001,7.5188899,39.4250984,51.1879997,43.9132004,43.9132004,26.8701,92,24,68,74.4129028,29.3633995,0,0,0
"1636","EMPAID_NSF02A_2015","2015-06-15",999,999,"N",2015,"EMPAID","EMPAID_SF","EMPAID_SF","H",1,"NAD83 11N",4957536.369,550466.694,1.3,"PIPO",32,0.848048096156426,2015-05-19,139,4,NA,25,17.5,1,"success",0,"166","163",1.77882,56.6996002,555.651001,7.5188899,39.4250984,51.1879997,43.9132004,43.9132004,26.8701,92,24,68,74.4129028,29.3633995,0,0,0
"1637","EMPAID_NSF02A_2015","2015-06-24",0,4,"N",2015,"EMPAID","EMPAID_SF","EMPAID_SF","H",1,"NAD83 11N",4957536.369,550466.694,1.3,"PIPO",32,0.848048096156426,2015-05-19,139,4,NA,25,17.5,1,"success",1,"175","166",1.77882,56.6996002,555.651001,7.5188899,39.4250984,51.1879997,43.9132004,43.9132004,26.8701,92,24,68,74.4129028,29.3633995,0,0,0
"1638","EMPAID_NSF02A_2015","2015-06-29",0,2,"N",2015,"EMPAID","EMPAID_SF","EMPAID_SF","H",1,"NAD83 11N",4957536.369,550466.694,1.3,"PIPO",32,0.848048096156426,2015-05-19,139,4,NA,25,17.5,1,"success",1,"180","175",1.77882,56.6996002,555.651001,7.5188899,39.4250984,51.1879997,43.9132004,43.9132004,26.8701,92,24,68,74.4129028,29.3633995,0,0,0
"1639","EMPAID_NSF02A_2015","2015-06-30",0,1,"N",2015,"EMPAID","EMPAID_SF","EMPAID_SF","H",1,"NAD83 11N",4957536.369,550466.694,1.3,"PIPO",32,0.848048096156426,2015-05-19,139,4,NA,25,17.5,1,"success",1,"181","180",1.77882,56.6996002,555.651001,7.5188899,39.4250984,51.1879997,43.9132004,43.9132004,26.8701,92,24,68,74.4129028,29.3633995,0,0,0
"1640","EMPAID_NSF02A_2016","2016-05-25",4,0,"I",2016,"EMPAID","EMPAID_SF","EMPAID_SF","H",1,"NAD83 11N",4956764.463,550504.649,2.2,"PIPO",141,-0.777145961456971,2016-05-18,139,4,2,8.33333333333333,52.5,0.909090909090909,"success",1,"146",NA,77.5500031,232.1100006,141.1750031,32.2280006,75.8286972,19.2724991,75.7406998,1.78938,75.7406998,103,100,3,430.5840149,30.6541996,4.4561901,0,0
"1641","EMPAID_NSF02A_2016","2016-05-30",4,0,"I",2016,"EMPAID","EMPAID_SF","EMPAID_SF","H",1,"NAD83 11N",4956764.463,550504.649,2.2,"PIPO",141,-0.777145961456971,2016-05-18,139,4,2,8.33333333333333,52.5,0.909090909090909,"success",1,"151","146",77.5500031,232.1100006,141.1750031,32.2280006,75.8286972,19.2724991,75.7406998,1.78938,75.7406998,103,100,3,430.5840149,30.6541996,4.4561901,0,0
"1642","EMPAID_NSF02A_2016","2016-06-07",0,4,"N",2016,"EMPAID","EMPAID_SF","EMPAID_SF","H",1,"NAD83 11N",4956764.463,550504.649,2.2,"PIPO",141,-0.777145961456971,2016-05-18,139,4,2,8.33333333333333,52.5,0.909090909090909,"success",1,"159","151",77.5500031,232.1100006,141.1750031,32.2280006,75.8286972,19.2724991,75.7406998,1.78938,75.7406998,103,100,3,430.5840149,30.6541996,4.4561901,0,0
"1643","EMPAID_NSF02A_2016","2016-06-09",999,999,"N",2016,"EMPAID","EMPAID_SF","EMPAID_SF","H",1,"NAD83 11N",4956764.463,550504.649,2.2,"PIPO",141,-0.777145961456971,2016-05-18,139,4,2,8.33333333333333,52.5,0.909090909090909,"success",0,"161","159",77.5500031,232.1100006,141.1750031,32.2280006,75.8286972,19.2724991,75.7406998,1.78938,75.7406998,103,100,3,430.5840149,30.6541996,4.4561901,0,0
"1644","EMPAID_NSF02A_2016","2016-06-15",0,4,"N",2016,"EMPAID","EMPAID_SF","EMPAID_SF","H",1,"NAD83 11N",4956764.463,550504.649,2.2,"PIPO",141,-0.777145961456971,2016-05-18,139,4,2,8.33333333333333,52.5,0.909090909090909,"success",1,"167","161",77.5500031,232.1100006,141.1750031,32.2280006,75.8286972,19.2724991,75.7406998,1.78938,75.7406998,103,100,3,430.5840149,30.6541996,4.4561901,0,0
"1645","EMPAID_NSF02A_2016","2016-06-21",999,999,"N",2016,"EMPAID","EMPAID_SF","EMPAID_SF","H",1,"NAD83 11N",4956764.463,550504.649,2.2,"PIPO",141,-0.777145961456971,2016-05-18,139,4,2,8.33333333333333,52.5,0.909090909090909,"success",0,"173","167",77.5500031,232.1100006,141.1750031,32.2280006,75.8286972,19.2724991,75.7406998,1.78938,75.7406998,103,100,3,430.5840149,30.6541996,4.4561901,0,0
"1646","EMPAID_NSF02A_2016","2016-06-24",999,999,"N",2016,"EMPAID","EMPAID_SF","EMPAID_SF","H",1,"NAD83 11N",4956764.463,550504.649,2.2,"PIPO",141,-0.777145961456971,2016-05-18,139,4,2,8.33333333333333,52.5,0.909090909090909,"success",0,"176","173",77.5500031,232.1100006,141.1750031,32.2280006,75.8286972,19.2724991,75.7406998,1.78938,75.7406998,103,100,3,430.5840149,30.6541996,4.4561901,0,0
"1647","EMPAID_NSF02A_2016","2016-06-27",0,2,"N",2016,"EMPAID","EMPAID_SF","EMPAID_SF","H",1,"NAD83 11N",4956764.463,550504.649,2.2,"PIPO",141,-0.777145961456971,2016-05-18,139,4,2,8.33333333333333,52.5,0.909090909090909,"success",1,"179","176",77.5500031,232.1100006,141.1750031,32.2280006,75.8286972,19.2724991,75.7406998,1.78938,75.7406998,103,100,3,430.5840149,30.6541996,4.4561901,0,0
"1648","EMPAID_NSF02A_2016","2016-06-30",0,0,"F",2016,"EMPAID","EMPAID_SF","EMPAID_SF","H",1,"NAD83 11N",4956764.463,550504.649,2.2,"PIPO",141,-0.777145961456971,2016-05-18,139,4,2,8.33333333333333,52.5,0.909090909090909,"success",1,"182","179",77.5500031,232.1100006,141.1750031,32.2280006,75.8286972,19.2724991,75.7406998,1.78938,75.7406998,103,100,3,430.5840149,30.6541996,4.4561901,0,0
"1649","EMPAID_NSF04A_2012","2012-06-19",0,3,"N",2012,"EMPAID","Incidental","295","U",1,"NAD83 11N",4957885.985,550503.181,3.3,"PIPO",1,0.999847695156391,2012-05-30,151,3,1,25,15,0.888888888888889,"success",1,"171",NA,1.55314,33.9500999,456.7160034,7.9411802,35.4356003,46.0839005,36.8437004,36.8437004,19.1844997,103,33,70,43.8746986,15.6351004,0,0,0
"1650","EMPAID_NSF04A_2012","2012-06-22",999,999,"N",2012,"EMPAID","Incidental","295","U",1,"NAD83 11N",4957885.985,550503.181,3.3,"PIPO",1,0.999847695156391,2012-05-30,151,3,1,25,15,0.888888888888889,"success",0,"174","171",1.55314,33.9500999,456.7160034,7.9411802,35.4356003,46.0839005,36.8437004,36.8437004,19.1844997,103,33,70,43.8746986,15.6351004,0,0,0
"1651","EMPAID_NSF04A_2012","2012-06-25",999,999,"N",2012,"EMPAID","Incidental","295","U",1,"NAD83 11N",4957885.985,550503.181,3.3,"PIPO",1,0.999847695156391,2012-05-30,151,3,1,25,15,0.888888888888889,"success",0,"177","174",1.55314,33.9500999,456.7160034,7.9411802,35.4356003,46.0839005,36.8437004,36.8437004,19.1844997,103,33,70,43.8746986,15.6351004,0,0,0
"1652","EMPAID_NSF04A_2012","2012-07-02",0,3,"N",2012,"EMPAID","Incidental","295","U",1,"NAD83 11N",4957885.985,550503.181,3.3,"PIPO",1,0.999847695156391,2012-05-30,151,3,1,25,15,0.888888888888889,"success",1,"184","177",1.55314,33.9500999,456.7160034,7.9411802,35.4356003,46.0839005,36.8437004,36.8437004,19.1844997,103,33,70,43.8746986,15.6351004,0,0,0
"1653","EMPAID_NSF04A_2012","2012-07-05",0,3,"N",2012,"EMPAID","Incidental","295","U",1,"NAD83 11N",4957885.985,550503.181,3.3,"PIPO",1,0.999847695156391,2012-05-30,151,3,1,25,15,0.888888888888889,"success",1,"187","184",1.55314,33.9500999,456.7160034,7.9411802,35.4356003,46.0839005,36.8437004,36.8437004,19.1844997,103,33,70,43.8746986,15.6351004,0,0,0
"1654","EMPAID_NSF04A_2012","2012-07-09",0,1,"N",2012,"EMPAID","Incidental","295","U",1,"NAD83 11N",4957885.985,550503.181,3.3,"PIPO",1,0.999847695156391,2012-05-30,151,3,1,25,15,0.888888888888889,"success",1,"191","187",1.55314,33.9500999,456.7160034,7.9411802,35.4356003,46.0839005,36.8437004,36.8437004,19.1844997,103,33,70,43.8746986,15.6351004,0,0,0
"1655","EMPAID_NSF04A_2012","2012-07-10",999,999,"F",2012,"EMPAID","Incidental","295","U",1,"NAD83 11N",4957885.985,550503.181,3.3,"PIPO",1,0.999847695156391,2012-05-30,151,3,1,25,15,0.888888888888889,"success",0,"192","191",1.55314,33.9500999,456.7160034,7.9411802,35.4356003,46.0839005,36.8437004,36.8437004,19.1844997,103,33,70,43.8746986,15.6351004,0,0,0
"1656","EMPAID_NSF05A_2016","2016-05-25",0,0,"E",2016,"EMPAID","EMPAID_SF","EMPAID_SF","H",1,"NAD83 11N",4958267.065,550603.382,1.4,"PIPO",330,0.866025403784438,2016-06-06,158,1,NA,25,25,0.923076923076923,"success",1,"146",NA,2.3364699,57.8143005,487.2810059,9.1460505,38.8384018,42.1824989,36.1982994,36.1982994,26.7527008,97,46,51,60.6730003,48.9292984,6.3118701,0,0
"1657","EMPAID_NSF05A_2016","2016-05-30",0,0,"E",2016,"EMPAID","EMPAID_SF","EMPAID_SF","H",1,"NAD83 11N",4958267.065,550603.382,1.4,"PIPO",330,0.866025403784438,2016-06-06,158,1,NA,25,25,0.923076923076923,"success",1,"151","146",2.3364699,57.8143005,487.2810059,9.1460505,38.8384018,42.1824989,36.1982994,36.1982994,26.7527008,97,46,51,60.6730003,48.9292984,6.3118701,0,0
"1658","EMPAID_NSF05A_2016","2016-06-07",2,0,"L",2016,"EMPAID","EMPAID_SF","EMPAID_SF","H",1,"NAD83 11N",4958267.065,550603.382,1.4,"PIPO",330,0.866025403784438,2016-06-06,158,1,NA,25,25,0.923076923076923,"success",1,"159","151",2.3364699,57.8143005,487.2810059,9.1460505,38.8384018,42.1824989,36.1982994,36.1982994,26.7527008,97,46,51,60.6730003,48.9292984,6.3118701,0,0
"1659","EMPAID_NSF05A_2016","2016-06-10",4,0,"I",2016,"EMPAID","EMPAID_SF","EMPAID_SF","H",1,"NAD83 11N",4958267.065,550603.382,1.4,"PIPO",330,0.866025403784438,2016-06-06,158,1,NA,25,25,0.923076923076923,"success",1,"162","159",2.3364699,57.8143005,487.2810059,9.1460505,38.8384018,42.1824989,36.1982994,36.1982994,26.7527008,97,46,51,60.6730003,48.9292984,6.3118701,0,0
"1660","EMPAID_NSF05A_2016","2016-06-21",999,999,"I",2016,"EMPAID","EMPAID_SF","EMPAID_SF","H",1,"NAD83 11N",4958267.065,550603.382,1.4,"PIPO",330,0.866025403784438,2016-06-06,158,1,NA,25,25,0.923076923076923,"success",0,"173","162",2.3364699,57.8143005,487.2810059,9.1460505,38.8384018,42.1824989,36.1982994,36.1982994,26.7527008,97,46,51,60.6730003,48.9292984,6.3118701,0,0
"1661","EMPAID_NSF05A_2016","2016-06-24",0,3,"N",2016,"EMPAID","EMPAID_SF","EMPAID_SF","H",1,"NAD83 11N",4958267.065,550603.382,1.4,"PIPO",330,0.866025403784438,2016-06-06,158,1,NA,25,25,0.923076923076923,"success",1,"176","173",2.3364699,57.8143005,487.2810059,9.1460505,38.8384018,42.1824989,36.1982994,36.1982994,26.7527008,97,46,51,60.6730003,48.9292984,6.3118701,0,0
"1662","EMPAID_NSF05A_2016","2016-06-28",0,1,"N",2016,"EMPAID","EMPAID_SF","EMPAID_SF","H",1,"NAD83 11N",4958267.065,550603.382,1.4,"PIPO",330,0.866025403784438,2016-06-06,158,1,NA,25,25,0.923076923076923,"success",1,"180","176",2.3364699,57.8143005,487.2810059,9.1460505,38.8384018,42.1824989,36.1982994,36.1982994,26.7527008,97,46,51,60.6730003,48.9292984,6.3118701,0,0
"1663","EMPAID_NSF05A_2016","2016-06-30",0,1,"N",2016,"EMPAID","EMPAID_SF","EMPAID_SF","H",1,"NAD83 11N",4958267.065,550603.382,1.4,"PIPO",330,0.866025403784438,2016-06-06,158,1,NA,25,25,0.923076923076923,"success",1,"182","180",2.3364699,57.8143005,487.2810059,9.1460505,38.8384018,42.1824989,36.1982994,36.1982994,26.7527008,97,46,51,60.6730003,48.9292984,6.3118701,0,0
"1664","EMPAID_NSF05A_2016","2016-07-05",0,1,"N",2016,"EMPAID","EMPAID_SF","EMPAID_SF","H",1,"NAD83 11N",4958267.065,550603.382,1.4,"PIPO",330,0.866025403784438,2016-06-06,158,1,NA,25,25,0.923076923076923,"success",1,"187","182",2.3364699,57.8143005,487.2810059,9.1460505,38.8384018,42.1824989,36.1982994,36.1982994,26.7527008,97,46,51,60.6730003,48.9292984,6.3118701,0,0
"1665","EMPAID_NSF05A_2016","2016-07-11",0,1,"N",2016,"EMPAID","EMPAID_SF","EMPAID_SF","H",1,"NAD83 11N",4958267.065,550603.382,1.4,"PIPO",330,0.866025403784438,2016-06-06,158,1,NA,25,25,0.923076923076923,"success",1,"193","187",2.3364699,57.8143005,487.2810059,9.1460505,38.8384018,42.1824989,36.1982994,36.1982994,26.7527008,97,46,51,60.6730003,48.9292984,6.3118701,0,0
"1666","EMPAID_NSF05A_2016","2016-07-14",999,999,"N",2016,"EMPAID","EMPAID_SF","EMPAID_SF","H",1,"NAD83 11N",4958267.065,550603.382,1.4,"PIPO",330,0.866025403784438,2016-06-06,158,1,NA,25,25,0.923076923076923,"success",0,"196","193",2.3364699,57.8143005,487.2810059,9.1460505,38.8384018,42.1824989,36.1982994,36.1982994,26.7527008,97,46,51,60.6730003,48.9292984,6.3118701,0,0
"1667","EMPAID_NSF05A_2016","2016-07-18",0,0,"F",2016,"EMPAID","EMPAID_SF","EMPAID_SF","H",1,"NAD83 11N",4958267.065,550603.382,1.4,"PIPO",330,0.866025403784438,2016-06-06,158,1,NA,25,25,0.923076923076923,"success",1,"200","196",2.3364699,57.8143005,487.2810059,9.1460505,38.8384018,42.1824989,36.1982994,36.1982994,26.7527008,97,46,51,60.6730003,48.9292984,6.3118701,0,0
"1668","EMPAID_NSF07A_2014","2014-06-10",4,0,"I",2014,"EMPAID","EMPAID_SF","EMPAID_SF","H",1,"NAD83 11N",4957895.218,550948.811,2.3,"PIPO",284,0.241921895599667,2014-05-27,147,2,1,8.33333333333333,20,0.888888888888889,"success",1,"161",NA,6.8538499,149.3150024,455.9129944,16.0212994,58.0816002,32.5901985,53.1240997,22.9685993,53.1240997,91,65,26,221.095993,35.993,0,0,0
"1669","EMPAID_NSF07A_2014","2014-06-12",1,3,"N",2014,"EMPAID","EMPAID_SF","EMPAID_SF","H",1,"NAD83 11N",4957895.218,550948.811,2.3,"PIPO",284,0.241921895599667,2014-05-27,147,2,1,8.33333333333333,20,0.888888888888889,"success",1,"163","161",6.8538499,149.3150024,455.9129944,16.0212994,58.0816002,32.5901985,53.1240997,22.9685993,53.1240997,91,65,26,221.095993,35.993,0,0,0
"1670","EMPAID_NSF07A_2014","2014-06-16",999,999,"N",2014,"EMPAID","EMPAID_SF","EMPAID_SF","H",1,"NAD83 11N",4957895.218,550948.811,2.3,"PIPO",284,0.241921895599667,2014-05-27,147,2,1,8.33333333333333,20,0.888888888888889,"success",0,"167","163",6.8538499,149.3150024,455.9129944,16.0212994,58.0816002,32.5901985,53.1240997,22.9685993,53.1240997,91,65,26,221.095993,35.993,0,0,0
"1671","EMPAID_NSF07A_2014","2014-06-27",999,999,"N",2014,"EMPAID","EMPAID_SF","EMPAID_SF","H",1,"NAD83 11N",4957895.218,550948.811,2.3,"PIPO",284,0.241921895599667,2014-05-27,147,2,1,8.33333333333333,20,0.888888888888889,"success",0,"178","167",6.8538499,149.3150024,455.9129944,16.0212994,58.0816002,32.5901985,53.1240997,22.9685993,53.1240997,91,65,26,221.095993,35.993,0,0,0
"1672","EMPAID_NSF07A_2014","2014-07-03",0,2,"N",2014,"EMPAID","EMPAID_SF","EMPAID_SF","H",1,"NAD83 11N",4957895.218,550948.811,2.3,"PIPO",284,0.241921895599667,2014-05-27,147,2,1,8.33333333333333,20,0.888888888888889,"success",1,"184","178",6.8538499,149.3150024,455.9129944,16.0212994,58.0816002,32.5901985,53.1240997,22.9685993,53.1240997,91,65,26,221.095993,35.993,0,0,0
"1673","EMPAID_NSF07A_2014","2014-07-07",0,2,"N",2014,"EMPAID","EMPAID_SF","EMPAID_SF","H",1,"NAD83 11N",4957895.218,550948.811,2.3,"PIPO",284,0.241921895599667,2014-05-27,147,2,1,8.33333333333333,20,0.888888888888889,"success",1,"188","184",6.8538499,149.3150024,455.9129944,16.0212994,58.0816002,32.5901985,53.1240997,22.9685993,53.1240997,91,65,26,221.095993,35.993,0,0,0
"1674","EMPAID_NSF07A_2014","2014-07-09",0,0,"F",2014,"EMPAID","EMPAID_SF","EMPAID_SF","H",1,"NAD83 11N",4957895.218,550948.811,2.3,"PIPO",284,0.241921895599667,2014-05-27,147,2,1,8.33333333333333,20,0.888888888888889,"success",1,"190","188",6.8538499,149.3150024,455.9129944,16.0212994,58.0816002,32.5901985,53.1240997,22.9685993,53.1240997,91,65,26,221.095993,35.993,0,0,0
"1675","EMPAID_NSF07A_2015","2015-05-28",4,0,"I",2015,"EMPAID","EMPAID_SF","EMPAID_SF","H",1,"NAD83 11N",4957839.761,550897.52,3,"PIPO",82,0.139173100960065,2015-05-19,139,3,NA,8.33333333333333,10,1,"success",1,"148",NA,6.5766702,150.628006,468.0100098,15.7231998,57.8762016,32.8249016,53.2708015,23.1152992,53.2708015,94,67,27,211.0870056,41.2144012,0,0,0
"1676","EMPAID_NSF07A_2015","2015-05-31",4,0,"I",2015,"EMPAID","EMPAID_SF","EMPAID_SF","H",1,"NAD83 11N",4957839.761,550897.52,3,"PIPO",82,0.139173100960065,2015-05-19,139,3,NA,8.33333333333333,10,1,"success",1,"151","148",6.5766702,150.628006,468.0100098,15.7231998,57.8762016,32.8249016,53.2708015,23.1152992,53.2708015,94,67,27,211.0870056,41.2144012,0,0,0
"1677","EMPAID_NSF07A_2015","2015-06-03",4,0,"I",2015,"EMPAID","EMPAID_SF","EMPAID_SF","H",1,"NAD83 11N",4957839.761,550897.52,3,"PIPO",82,0.139173100960065,2015-05-19,139,3,NA,8.33333333333333,10,1,"success",1,"154","151",6.5766702,150.628006,468.0100098,15.7231998,57.8762016,32.8249016,53.2708015,23.1152992,53.2708015,94,67,27,211.0870056,41.2144012,0,0,0
"1678","EMPAID_NSF07A_2015","2015-06-12",0,4,"N",2015,"EMPAID","EMPAID_SF","EMPAID_SF","H",1,"NAD83 11N",4957839.761,550897.52,3,"PIPO",82,0.139173100960065,2015-05-19,139,3,NA,8.33333333333333,10,1,"success",1,"163","154",6.5766702,150.628006,468.0100098,15.7231998,57.8762016,32.8249016,53.2708015,23.1152992,53.2708015,94,67,27,211.0870056,41.2144012,0,0,0
"1679","EMPAID_NSF07A_2015","2015-06-24",0,3,"N",2015,"EMPAID","EMPAID_SF","EMPAID_SF","H",1,"NAD83 11N",4957839.761,550897.52,3,"PIPO",82,0.139173100960065,2015-05-19,139,3,NA,8.33333333333333,10,1,"success",1,"175","163",6.5766702,150.628006,468.0100098,15.7231998,57.8762016,32.8249016,53.2708015,23.1152992,53.2708015,94,67,27,211.0870056,41.2144012,0,0,0
"1680","EMPAID_NSF07A_2015","2015-06-29",0,0,"F",2015,"EMPAID","EMPAID_SF","EMPAID_SF","H",1,"NAD83 11N",4957839.761,550897.52,3,"PIPO",82,0.139173100960065,2015-05-19,139,3,NA,8.33333333333333,10,1,"success",1,"180","175",6.5766702,150.628006,468.0100098,15.7231998,57.8762016,32.8249016,53.2708015,23.1152992,53.2708015,94,67,27,211.0870056,41.2144012,0,0,0
"1681","EMPAID_NSF07A_2016","2016-05-25",4,0,"L",2016,"EMPAID","EMPAID_SF","EMPAID_SF","H",1,"NAD83 11N",4957895.218,550948.811,5.5,"PIPO",184,-0.997564050259824,2016-05-21,142,4,3,16.6666666666667,20,0.8,"success",1,"146",NA,6.8538499,149.3150024,455.9129944,16.0212994,58.0816002,32.5901985,53.1240997,22.9685993,53.1240997,91,65,26,221.095993,59.4309006,6.3118701,0,0
"1682","EMPAID_NSF07A_2016","2016-05-30",5,0,"I",2016,"EMPAID","EMPAID_SF","EMPAID_SF","H",1,"NAD83 11N",4957895.218,550948.811,5.5,"PIPO",184,-0.997564050259824,2016-05-21,142,4,3,16.6666666666667,20,0.8,"success",1,"151","146",6.8538499,149.3150024,455.9129944,16.0212994,58.0816002,32.5901985,53.1240997,22.9685993,53.1240997,91,65,26,221.095993,59.4309006,6.3118701,0,0
"1683","EMPAID_NSF07A_2016","2016-06-07",0,5,"N",2016,"EMPAID","EMPAID_SF","EMPAID_SF","H",1,"NAD83 11N",4957895.218,550948.811,5.5,"PIPO",184,-0.997564050259824,2016-05-21,142,4,3,16.6666666666667,20,0.8,"success",1,"159","151",6.8538499,149.3150024,455.9129944,16.0212994,58.0816002,32.5901985,53.1240997,22.9685993,53.1240997,91,65,26,221.095993,59.4309006,6.3118701,0,0
"1684","EMPAID_NSF07A_2016","2016-06-09",999,999,"N",2016,"EMPAID","EMPAID_SF","EMPAID_SF","H",1,"NAD83 11N",4957895.218,550948.811,5.5,"PIPO",184,-0.997564050259824,2016-05-21,142,4,3,16.6666666666667,20,0.8,"success",0,"161","159",6.8538499,149.3150024,455.9129944,16.0212994,58.0816002,32.5901985,53.1240997,22.9685993,53.1240997,91,65,26,221.095993,59.4309006,6.3118701,0,0
"1685","EMPAID_NSF07A_2016","2016-06-15",999,999,"N",2016,"EMPAID","EMPAID_SF","EMPAID_SF","H",1,"NAD83 11N",4957895.218,550948.811,5.5,"PIPO",184,-0.997564050259824,2016-05-21,142,4,3,16.6666666666667,20,0.8,"success",0,"167","161",6.8538499,149.3150024,455.9129944,16.0212994,58.0816002,32.5901985,53.1240997,22.9685993,53.1240997,91,65,26,221.095993,59.4309006,6.3118701,0,0
"1686","EMPAID_NSF07A_2016","2016-06-21",999,999,"N",2016,"EMPAID","EMPAID_SF","EMPAID_SF","H",1,"NAD83 11N",4957895.218,550948.811,5.5,"PIPO",184,-0.997564050259824,2016-05-21,142,4,3,16.6666666666667,20,0.8,"success",0,"173","167",6.8538499,149.3150024,455.9129944,16.0212994,58.0816002,32.5901985,53.1240997,22.9685993,53.1240997,91,65,26,221.095993,59.4309006,6.3118701,0,0
"1687","EMPAID_NSF07A_2016","2016-06-24",999,999,"N",2016,"EMPAID","EMPAID_SF","EMPAID_SF","H",1,"NAD83 11N",4957895.218,550948.811,5.5,"PIPO",184,-0.997564050259824,2016-05-21,142,4,3,16.6666666666667,20,0.8,"success",0,"176","173",6.8538499,149.3150024,455.9129944,16.0212994,58.0816002,32.5901985,53.1240997,22.9685993,53.1240997,91,65,26,221.095993,59.4309006,6.3118701,0,0
"1688","EMPAID_NSF07A_2016","2016-06-27",0,4,"N",2016,"EMPAID","EMPAID_SF","EMPAID_SF","H",1,"NAD83 11N",4957895.218,550948.811,5.5,"PIPO",184,-0.997564050259824,2016-05-21,142,4,3,16.6666666666667,20,0.8,"success",1,"179","176",6.8538499,149.3150024,455.9129944,16.0212994,58.0816002,32.5901985,53.1240997,22.9685993,53.1240997,91,65,26,221.095993,59.4309006,6.3118701,0,0
"1689","EMPAID_NSF07A_2016","2016-06-30",0,1,"N",2016,"EMPAID","EMPAID_SF","EMPAID_SF","H",1,"NAD83 11N",4957895.218,550948.811,5.5,"PIPO",184,-0.997564050259824,2016-05-21,142,4,3,16.6666666666667,20,0.8,"success",1,"182","179",6.8538499,149.3150024,455.9129944,16.0212994,58.0816002,32.5901985,53.1240997,22.9685993,53.1240997,91,65,26,221.095993,59.4309006,6.3118701,0,0
"1690","EMPAID_NSF07A_2016","2016-07-05",0,0,"F",2016,"EMPAID","EMPAID_SF","EMPAID_SF","H",1,"NAD83 11N",4957895.218,550948.811,5.5,"PIPO",184,-0.997564050259824,2016-05-21,142,4,3,16.6666666666667,20,0.8,"success",1,"187","182",6.8538499,149.3150024,455.9129944,16.0212994,58.0816002,32.5901985,53.1240997,22.9685993,53.1240997,91,65,26,221.095993,59.4309006,6.3118701,0,0
"1691","EMPAID_NSF08A_2013","2013-06-10",999,999,"E",2013,"EMPAID","EMPAID_SF","EMPAID_SF","U",1,"NAD83 11N",4958098.45638,551006.964782,1.8,"PIPO",261,-0.156434465040231,2013-06-12,163,2,NA,8.33333333333333,12.5,0.857142857142857,"success",0,"161",NA,2.4232099,25.3896999,307.8590088,7.9717202,41.8597984,47.5213013,43.6198006,43.6198006,13.6403999,81,28,53,57.4361992,23.3792992,0,0,0
"1692","EMPAID_NSF08A_2013","2013-06-13",1,0,"L",2013,"EMPAID","EMPAID_SF","EMPAID_SF","U",1,"NAD83 11N",4958098.45638,551006.964782,1.8,"PIPO",261,-0.156434465040231,2013-06-12,163,2,NA,8.33333333333333,12.5,0.857142857142857,"success",1,"164","161",2.4232099,25.3896999,307.8590088,7.9717202,41.8597984,47.5213013,43.6198006,43.6198006,13.6403999,81,28,53,57.4361992,23.3792992,0,0,0
"1693","EMPAID_NSF08A_2013","2013-06-20",4,0,"I",2013,"EMPAID","EMPAID_SF","EMPAID_SF","U",1,"NAD83 11N",4958098.45638,551006.964782,1.8,"PIPO",261,-0.156434465040231,2013-06-12,163,2,NA,8.33333333333333,12.5,0.857142857142857,"success",1,"171","164",2.4232099,25.3896999,307.8590088,7.9717202,41.8597984,47.5213013,43.6198006,43.6198006,13.6403999,81,28,53,57.4361992,23.3792992,0,0,0
"1694","EMPAID_NSF08A_2013","2013-06-23",999,999,"I",2013,"EMPAID","EMPAID_SF","EMPAID_SF","U",1,"NAD83 11N",4958098.45638,551006.964782,1.8,"PIPO",261,-0.156434465040231,2013-06-12,163,2,NA,8.33333333333333,12.5,0.857142857142857,"success",0,"174","171",2.4232099,25.3896999,307.8590088,7.9717202,41.8597984,47.5213013,43.6198006,43.6198006,13.6403999,81,28,53,57.4361992,23.3792992,0,0,0
"1695","EMPAID_NSF08A_2013","2013-06-27",999,999,"N",2013,"EMPAID","EMPAID_SF","EMPAID_SF","U",1,"NAD83 11N",4958098.45638,551006.964782,1.8,"PIPO",261,-0.156434465040231,2013-06-12,163,2,NA,8.33333333333333,12.5,0.857142857142857,"success",0,"178","174",2.4232099,25.3896999,307.8590088,7.9717202,41.8597984,47.5213013,43.6198006,43.6198006,13.6403999,81,28,53,57.4361992,23.3792992,0,0,0
"1696","EMPAID_NSF08A_2013","2013-07-02",1,2,"N",2013,"EMPAID","EMPAID_SF","EMPAID_SF","U",1,"NAD83 11N",4958098.45638,551006.964782,1.8,"PIPO",261,-0.156434465040231,2013-06-12,163,2,NA,8.33333333333333,12.5,0.857142857142857,"success",1,"183","178",2.4232099,25.3896999,307.8590088,7.9717202,41.8597984,47.5213013,43.6198006,43.6198006,13.6403999,81,28,53,57.4361992,23.3792992,0,0,0
"1697","EMPAID_NSF08A_2013","2013-07-04",999,999,"N",2013,"EMPAID","EMPAID_SF","EMPAID_SF","U",1,"NAD83 11N",4958098.45638,551006.964782,1.8,"PIPO",261,-0.156434465040231,2013-06-12,163,2,NA,8.33333333333333,12.5,0.857142857142857,"success",0,"185","183",2.4232099,25.3896999,307.8590088,7.9717202,41.8597984,47.5213013,43.6198006,43.6198006,13.6403999,81,28,53,57.4361992,23.3792992,0,0,0
"1698","EMPAID_NSF08A_2013","2013-07-08",999,999,"N",2013,"EMPAID","EMPAID_SF","EMPAID_SF","U",1,"NAD83 11N",4958098.45638,551006.964782,1.8,"PIPO",261,-0.156434465040231,2013-06-12,163,2,NA,8.33333333333333,12.5,0.857142857142857,"success",0,"189","185",2.4232099,25.3896999,307.8590088,7.9717202,41.8597984,47.5213013,43.6198006,43.6198006,13.6403999,81,28,53,57.4361992,23.3792992,0,0,0
"1699","EMPAID_NSF08A_2013","2013-07-11",0,2,"N",2013,"EMPAID","EMPAID_SF","EMPAID_SF","U",1,"NAD83 11N",4958098.45638,551006.964782,1.8,"PIPO",261,-0.156434465040231,2013-06-12,163,2,NA,8.33333333333333,12.5,0.857142857142857,"success",1,"192","189",2.4232099,25.3896999,307.8590088,7.9717202,41.8597984,47.5213013,43.6198006,43.6198006,13.6403999,81,28,53,57.4361992,23.3792992,0,0,0
"1700","EMPAID_NSF08A_2013","2013-07-15",999,999,"N",2013,"EMPAID","EMPAID_SF","EMPAID_SF","U",1,"NAD83 11N",4958098.45638,551006.964782,1.8,"PIPO",261,-0.156434465040231,2013-06-12,163,2,NA,8.33333333333333,12.5,0.857142857142857,"success",0,"196","192",2.4232099,25.3896999,307.8590088,7.9717202,41.8597984,47.5213013,43.6198006,43.6198006,13.6403999,81,28,53,57.4361992,23.3792992,0,0,0
"1701","EMPAID_NSF08A_2013","2013-07-17",0,2,"N",2013,"EMPAID","EMPAID_SF","EMPAID_SF","U",1,"NAD83 11N",4958098.45638,551006.964782,1.8,"PIPO",261,-0.156434465040231,2013-06-12,163,2,NA,8.33333333333333,12.5,0.857142857142857,"success",1,"198","196",2.4232099,25.3896999,307.8590088,7.9717202,41.8597984,47.5213013,43.6198006,43.6198006,13.6403999,81,28,53,57.4361992,23.3792992,0,0,0
"1702","EMPAID_NSF08A_2013","2013-07-22",0,2,"N",2013,"EMPAID","EMPAID_SF","EMPAID_SF","U",1,"NAD83 11N",4958098.45638,551006.964782,1.8,"PIPO",261,-0.156434465040231,2013-06-12,163,2,NA,8.33333333333333,12.5,0.857142857142857,"success",1,"203","198",2.4232099,25.3896999,307.8590088,7.9717202,41.8597984,47.5213013,43.6198006,43.6198006,13.6403999,81,28,53,57.4361992,23.3792992,0,0,0
"1703","EMPAID_NSF08A_2013","2013-07-25",999,999,"F",2013,"EMPAID","EMPAID_SF","EMPAID_SF","U",1,"NAD83 11N",4958098.45638,551006.964782,1.8,"PIPO",261,-0.156434465040231,2013-06-12,163,2,NA,8.33333333333333,12.5,0.857142857142857,"success",0,"206","203",2.4232099,25.3896999,307.8590088,7.9717202,41.8597984,47.5213013,43.6198006,43.6198006,13.6403999,81,28,53,57.4361992,23.3792992,0,0,0
"1704","EMPAID_NSF08A_2017","2017-05-22",0,0,"E",2017,"EMPAID","EMPAID_SF","EMPAID_SF","H",4,"NAD83 11N",4956740.645,550652.572,2.8,"PSME",340,0.939692620785908,2017-05-26,146,0,0,25,22.5,0.833333333333333,"failure",1,"142",NA,58.5675011,227.5220032,169.8470001,33.2288017,76.3566971,18.8617992,75.2419968,1.73071,75.2419968,100,96,4,483.8609924,33.176899,3.12251,0,0
"1705","EMPAID_NSF08A_2017","2017-05-30",4,0,"I",2017,"EMPAID","EMPAID_SF","EMPAID_SF","H",4,"NAD83 11N",4956740.645,550652.572,2.8,"PSME",340,0.939692620785908,2017-05-26,146,0,0,25,22.5,0.833333333333333,"failure",1,"150","142",58.5675011,227.5220032,169.8470001,33.2288017,76.3566971,18.8617992,75.2419968,1.73071,75.2419968,100,96,4,483.8609924,33.176899,3.12251,0,0
"1706","EMPAID_NSF08A_2017","2017-06-05",0,0,"I",2017,"EMPAID","EMPAID_SF","EMPAID_SF","H",4,"NAD83 11N",4956740.645,550652.572,2.8,"PSME",340,0.939692620785908,2017-05-26,146,0,0,25,22.5,0.833333333333333,"failure",1,"156","150",58.5675011,227.5220032,169.8470001,33.2288017,76.3566971,18.8617992,75.2419968,1.73071,75.2419968,100,96,4,483.8609924,33.176899,3.12251,0,0
"1707","EMPAID_NSF09A_2014","2014-05-29",0,0,"E",2014,"EMPAID","EMPAID_SF","EMPAID_SF","U",9,"NAD83 11N",4958510.784,550525.586,0.7,"PIPO",110,-0.342020143325669,2014-06-03,154,0,0,0,10,0.5,"failure",1,"149",NA,1.30114,13.0760002,300.8259888,11.4209995,29.6861,49.6627007,38.2809982,38.2809982,8.5655603,106,36,70,20.6625996,17.0431004,0,0,0
"1708","EMPAID_NSF09A_2014","2014-06-03",999,999,"L",2014,"EMPAID","EMPAID_SF","EMPAID_SF","U",9,"NAD83 11N",4958510.784,550525.586,0.7,"PIPO",110,-0.342020143325669,2014-06-03,154,0,0,0,10,0.5,"failure",0,"154","149",1.30114,13.0760002,300.8259888,11.4209995,29.6861,49.6627007,38.2809982,38.2809982,8.5655603,106,36,70,20.6625996,17.0431004,0,0,0
"1709","EMPAID_NSF09A_2014","2014-06-05",2,0,"I",2014,"EMPAID","EMPAID_SF","EMPAID_SF","U",9,"NAD83 11N",4958510.784,550525.586,0.7,"PIPO",110,-0.342020143325669,2014-06-03,154,0,0,0,10,0.5,"failure",1,"156","154",1.30114,13.0760002,300.8259888,11.4209995,29.6861,49.6627007,38.2809982,38.2809982,8.5655603,106,36,70,20.6625996,17.0431004,0,0,0
"1710","EMPAID_NSF09A_2014","2014-06-10",999,999,"I",2014,"EMPAID","EMPAID_SF","EMPAID_SF","U",9,"NAD83 11N",4958510.784,550525.586,0.7,"PIPO",110,-0.342020143325669,2014-06-03,154,0,0,0,10,0.5,"failure",0,"161","156",1.30114,13.0760002,300.8259888,11.4209995,29.6861,49.6627007,38.2809982,38.2809982,8.5655603,106,36,70,20.6625996,17.0431004,0,0,0
"1711","EMPAID_NSF09A_2014","2014-06-17",0,0,"N",2014,"EMPAID","EMPAID_SF","EMPAID_SF","U",9,"NAD83 11N",4958510.784,550525.586,0.7,"PIPO",110,-0.342020143325669,2014-06-03,154,0,0,0,10,0.5,"failure",1,"168","161",1.30114,13.0760002,300.8259888,11.4209995,29.6861,49.6627007,38.2809982,38.2809982,8.5655603,106,36,70,20.6625996,17.0431004,0,0,0
"1712","EMPAID_NSF09A_2015","2015-06-16",0,3,"N",2015,"EMPAID","EMPAID_SF","EMPAID_SF","H",1,"NAD83 11N",4958704.414,550159.138,2,"PIPO",136,-0.719339800338651,2015-05-17,137,3,2,108.333333333333,15,1,"success",1,"167",NA,1.07384,7.90026,252.1320038,13.1206999,25.5499992,47.1105995,29.8034992,29.8034992,6.6588402,109,36,73,13.9837999,16.9258003,0,0,0
"1713","EMPAID_NSF09A_2015","2015-06-24",0,3,"N",2015,"EMPAID","EMPAID_SF","EMPAID_SF","H",1,"NAD83 11N",4958704.414,550159.138,2,"PIPO",136,-0.719339800338651,2015-05-17,137,3,2,108.333333333333,15,1,"success",1,"175","167",1.07384,7.90026,252.1320038,13.1206999,25.5499992,47.1105995,29.8034992,29.8034992,6.6588402,109,36,73,13.9837999,16.9258003,0,0,0
"1714","EMPAID_NSF09A_2015","2015-06-29",0,0,"F",2015,"EMPAID","EMPAID_SF","EMPAID_SF","H",1,"NAD83 11N",4958704.414,550159.138,2,"PIPO",136,-0.719339800338651,2015-05-17,137,3,2,108.333333333333,15,1,"success",1,"180","175",1.07384,7.90026,252.1320038,13.1206999,25.5499992,47.1105995,29.8034992,29.8034992,6.6588402,109,36,73,13.9837999,16.9258003,0,0,0
"1715","EMPAID_NSF09A_2017","2017-05-22",0,0,"E",2017,"EMPAID","EMPAID_SF","EMPAID_SF","H",1,"NAD83 11N",4958520.83,550553.933,2.2,"PIPO",129,-0.629320391049837,2017-05-24,144,3,2,41.6666666666667,10,0.666666666666667,"success",1,"142",NA,1.50231,15.8879004,309.4450073,10.9294004,31.8274994,48.2546005,44.3824997,44.3824997,7.77354,110,45,65,26.0692005,59.4309006,5.8439698,0,0
"1716","EMPAID_NSF09A_2017","2017-05-30",4,0,"I",2017,"EMPAID","EMPAID_SF","EMPAID_SF","H",1,"NAD83 11N",4958520.83,550553.933,2.2,"PIPO",129,-0.629320391049837,2017-05-24,144,3,2,41.6666666666667,10,0.666666666666667,"success",1,"150","142",1.50231,15.8879004,309.4450073,10.9294004,31.8274994,48.2546005,44.3824997,44.3824997,7.77354,110,45,65,26.0692005,59.4309006,5.8439698,0,0
"1717","EMPAID_NSF09A_2017","2017-06-07",4,0,"I",2017,"EMPAID","EMPAID_SF","EMPAID_SF","H",1,"NAD83 11N",4958520.83,550553.933,2.2,"PIPO",129,-0.629320391049837,2017-05-24,144,3,2,41.6666666666667,10,0.666666666666667,"success",1,"158","150",1.50231,15.8879004,309.4450073,10.9294004,31.8274994,48.2546005,44.3824997,44.3824997,7.77354,110,45,65,26.0692005,59.4309006,5.8439698,0,0
"1718","EMPAID_NSF09A_2017","2017-06-10",1,3,"N",2017,"EMPAID","EMPAID_SF","EMPAID_SF","H",1,"NAD83 11N",4958520.83,550553.933,2.2,"PIPO",129,-0.629320391049837,2017-05-24,144,3,2,41.6666666666667,10,0.666666666666667,"success",1,"161","158",1.50231,15.8879004,309.4450073,10.9294004,31.8274994,48.2546005,44.3824997,44.3824997,7.77354,110,45,65,26.0692005,59.4309006,5.8439698,0,0
"1719","EMPAID_NSF09A_2017","2017-06-16",999,999,"N",2017,"EMPAID","EMPAID_SF","EMPAID_SF","H",1,"NAD83 11N",4958520.83,550553.933,2.2,"PIPO",129,-0.629320391049837,2017-05-24,144,3,2,41.6666666666667,10,0.666666666666667,"success",0,"167","161",1.50231,15.8879004,309.4450073,10.9294004,31.8274994,48.2546005,44.3824997,44.3824997,7.77354,110,45,65,26.0692005,59.4309006,5.8439698,0,0
"1720","EMPAID_NSF09A_2017","2017-06-21",999,999,"N",2017,"EMPAID","EMPAID_SF","EMPAID_SF","H",1,"NAD83 11N",4958520.83,550553.933,2.2,"PIPO",129,-0.629320391049837,2017-05-24,144,3,2,41.6666666666667,10,0.666666666666667,"success",0,"172","167",1.50231,15.8879004,309.4450073,10.9294004,31.8274994,48.2546005,44.3824997,44.3824997,7.77354,110,45,65,26.0692005,59.4309006,5.8439698,0,0
"1721","EMPAID_NSF09A_2017","2017-06-26",0,3,"N",2017,"EMPAID","EMPAID_SF","EMPAID_SF","H",1,"NAD83 11N",4958520.83,550553.933,2.2,"PIPO",129,-0.629320391049837,2017-05-24,144,3,2,41.6666666666667,10,0.666666666666667,"success",1,"177","172",1.50231,15.8879004,309.4450073,10.9294004,31.8274994,48.2546005,44.3824997,44.3824997,7.77354,110,45,65,26.0692005,59.4309006,5.8439698,0,0
"1722","EMPAID_NSF09A_2017","2017-06-30",999,999,"N",2017,"EMPAID","EMPAID_SF","EMPAID_SF","H",1,"NAD83 11N",4958520.83,550553.933,2.2,"PIPO",129,-0.629320391049837,2017-05-24,144,3,2,41.6666666666667,10,0.666666666666667,"success",0,"181","177",1.50231,15.8879004,309.4450073,10.9294004,31.8274994,48.2546005,44.3824997,44.3824997,7.77354,110,45,65,26.0692005,59.4309006,5.8439698,0,0
"1723","EMPAID_NSF09A_2017","2017-07-03",0,3,"N",2017,"EMPAID","EMPAID_SF","EMPAID_SF","H",1,"NAD83 11N",4958520.83,550553.933,2.2,"PIPO",129,-0.629320391049837,2017-05-24,144,3,2,41.6666666666667,10,0.666666666666667,"success",1,"184","181",1.50231,15.8879004,309.4450073,10.9294004,31.8274994,48.2546005,44.3824997,44.3824997,7.77354,110,45,65,26.0692005,59.4309006,5.8439698,0,0
"1724","EMPAID_NSF09A_2017","2017-07-06",999,999,"F",2017,"EMPAID","EMPAID_SF","EMPAID_SF","H",1,"NAD83 11N",4958520.83,550553.933,2.2,"PIPO",129,-0.629320391049837,2017-05-24,144,3,2,41.6666666666667,10,0.666666666666667,"success",0,"187","184",1.50231,15.8879004,309.4450073,10.9294004,31.8274994,48.2546005,44.3824997,44.3824997,7.77354,110,45,65,26.0692005,59.4309006,5.8439698,0,0
"1725","EMPAID_NSG08A_2014","2014-06-11",1,3,"N",2014,"EMPAID","Incidental","305","B",7,"NAD83 11N",4986648.726,523508.656,16,"PIPO",89,0.0174524064372836,2014-05-25,145,0,0,83.3333333333333,2.5,0.636363636363636,"failure",1,"162",NA,1.00731,11.9118996,329.019989,12.3838997,17.0725002,28.3073997,9.0642405,9.0642405,6.0721598,111,59,52,16.8297997,29.9794998,36.9735985,0,0
"1726","EMPAID_NSG08A_2014","2014-06-20",0,0,"N",2014,"EMPAID","Incidental","305","B",7,"NAD83 11N",4986648.726,523508.656,16,"PIPO",89,0.0174524064372836,2014-05-25,145,0,0,83.3333333333333,2.5,0.636363636363636,"failure",1,"171","162",1.00731,11.9118996,329.019989,12.3838997,17.0725002,28.3073997,9.0642405,9.0642405,6.0721598,111,59,52,16.8297997,29.9794998,36.9735985,0,0
"1727","EMPAID_NSG09A_2015","2015-06-19",4,0,"I",2015,"EMPAID","Incidental","306","HB",1,"NAD83 11N",4986202.024,523410.16,4,"PIPO",345,0.965925826289068,2015-06-12,163,2,NA,33.3333333333333,7.5,0.571428571428571,"success",1,"170",NA,0.578571,5.3562899,287.3630066,27.7528,9.2402496,30.9181995,9.2402496,9.2402496,3.5494299,89,40,49,7.6799998,37.3717003,66.4639969,0,0
"1728","EMPAID_NSG09A_2015","2015-06-25",4,0,"I",2015,"EMPAID","Incidental","306","HB",1,"NAD83 11N",4986202.024,523410.16,4,"PIPO",345,0.965925826289068,2015-06-12,163,2,NA,33.3333333333333,7.5,0.571428571428571,"success",1,"176","170",0.578571,5.3562899,287.3630066,27.7528,9.2402496,30.9181995,9.2402496,9.2402496,3.5494299,89,40,49,7.6799998,37.3717003,66.4639969,0,0
"1729","EMPAID_NSG09A_2015","2015-06-30",0,3,"N",2015,"EMPAID","Incidental","306","HB",1,"NAD83 11N",4986202.024,523410.16,4,"PIPO",345,0.965925826289068,2015-06-12,163,2,NA,33.3333333333333,7.5,0.571428571428571,"success",1,"181","176",0.578571,5.3562899,287.3630066,27.7528,9.2402496,30.9181995,9.2402496,9.2402496,3.5494299,89,40,49,7.6799998,37.3717003,66.4639969,0,0
"1730","EMPAID_NSG09A_2015","2015-07-01",999,999,"N",2015,"EMPAID","Incidental","306","HB",1,"NAD83 11N",4986202.024,523410.16,4,"PIPO",345,0.965925826289068,2015-06-12,163,2,NA,33.3333333333333,7.5,0.571428571428571,"success",0,"182","181",0.578571,5.3562899,287.3630066,27.7528,9.2402496,30.9181995,9.2402496,9.2402496,3.5494299,89,40,49,7.6799998,37.3717003,66.4639969,0,0
"1731","EMPAID_NSG09A_2015","2015-07-02",999,999,"N",2015,"EMPAID","Incidental","306","HB",1,"NAD83 11N",4986202.024,523410.16,4,"PIPO",345,0.965925826289068,2015-06-12,163,2,NA,33.3333333333333,7.5,0.571428571428571,"success",0,"183","182",0.578571,5.3562899,287.3630066,27.7528,9.2402496,30.9181995,9.2402496,9.2402496,3.5494299,89,40,49,7.6799998,37.3717003,66.4639969,0,0
"1732","EMPAID_NSG09A_2015","2015-07-06",999,999,"N",2015,"EMPAID","Incidental","306","HB",1,"NAD83 11N",4986202.024,523410.16,4,"PIPO",345,0.965925826289068,2015-06-12,163,2,NA,33.3333333333333,7.5,0.571428571428571,"success",0,"187","183",0.578571,5.3562899,287.3630066,27.7528,9.2402496,30.9181995,9.2402496,9.2402496,3.5494299,89,40,49,7.6799998,37.3717003,66.4639969,0,0
"1733","EMPAID_NSG09A_2015","2015-07-13",999,999,"N",2015,"EMPAID","Incidental","306","HB",1,"NAD83 11N",4986202.024,523410.16,4,"PIPO",345,0.965925826289068,2015-06-12,163,2,NA,33.3333333333333,7.5,0.571428571428571,"success",0,"194","187",0.578571,5.3562899,287.3630066,27.7528,9.2402496,30.9181995,9.2402496,9.2402496,3.5494299,89,40,49,7.6799998,37.3717003,66.4639969,0,0
"1734","EMPAID_NSG09A_2015","2015-07-16",0,2,"N",2015,"EMPAID","Incidental","306","HB",1,"NAD83 11N",4986202.024,523410.16,4,"PIPO",345,0.965925826289068,2015-06-12,163,2,NA,33.3333333333333,7.5,0.571428571428571,"success",1,"197","194",0.578571,5.3562899,287.3630066,27.7528,9.2402496,30.9181995,9.2402496,9.2402496,3.5494299,89,40,49,7.6799998,37.3717003,66.4639969,0,0
"1735","EMPAID_NSG09A_2015","2015-07-20",999,999,"N",2015,"EMPAID","Incidental","306","HB",1,"NAD83 11N",4986202.024,523410.16,4,"PIPO",345,0.965925826289068,2015-06-12,163,2,NA,33.3333333333333,7.5,0.571428571428571,"success",0,"201","197",0.578571,5.3562899,287.3630066,27.7528,9.2402496,30.9181995,9.2402496,9.2402496,3.5494299,89,40,49,7.6799998,37.3717003,66.4639969,0,0
"1736","EMPAID_NSG09A_2015","2015-07-21",999,999,"N",2015,"EMPAID","Incidental","306","HB",1,"NAD83 11N",4986202.024,523410.16,4,"PIPO",345,0.965925826289068,2015-06-12,163,2,NA,33.3333333333333,7.5,0.571428571428571,"success",0,"202","201",0.578571,5.3562899,287.3630066,27.7528,9.2402496,30.9181995,9.2402496,9.2402496,3.5494299,89,40,49,7.6799998,37.3717003,66.4639969,0,0
"1737","EMPAID_NSG09A_2015","2015-07-22",999,999,"N",2015,"EMPAID","Incidental","306","HB",1,"NAD83 11N",4986202.024,523410.16,4,"PIPO",345,0.965925826289068,2015-06-12,163,2,NA,33.3333333333333,7.5,0.571428571428571,"success",0,"203","202",0.578571,5.3562899,287.3630066,27.7528,9.2402496,30.9181995,9.2402496,9.2402496,3.5494299,89,40,49,7.6799998,37.3717003,66.4639969,0,0
"1738","EMPAID_NSG09A_2015","2015-07-24",0,0,"F",2015,"EMPAID","Incidental","306","HB",1,"NAD83 11N",4986202.024,523410.16,4,"PIPO",345,0.965925826289068,2015-06-12,163,2,NA,33.3333333333333,7.5,0.571428571428571,"success",1,"205","203",0.578571,5.3562899,287.3630066,27.7528,9.2402496,30.9181995,9.2402496,9.2402496,3.5494299,89,40,49,7.6799998,37.3717003,66.4639969,0,0
"1739","EMPAID_NSG10A_2012","2012-06-15",1,2,"N",2012,"EMPAID","Incidental","307","HB",1,"NAD83 11N",4985816.999,523512.26,5.4,"PIPO",262,-0.139173100960066,2012-05-22,143,2,NA,41.6666666666667,2.5,0.666666666666667,"success",1,"167",NA,0.197419,0.563824,136.2339935,68.9445038,1.99472,28.2488003,14.4031,14.4031,0.49868,63,32,31,0.370355,33.7635994,59.1240005,0,0
"1740","EMPAID_NSG10A_2012","2012-06-18",999,999,"N",2012,"EMPAID","Incidental","307","HB",1,"NAD83 11N",4985816.999,523512.26,5.4,"PIPO",262,-0.139173100960066,2012-05-22,143,2,NA,41.6666666666667,2.5,0.666666666666667,"success",0,"170","167",0.197419,0.563824,136.2339935,68.9445038,1.99472,28.2488003,14.4031,14.4031,0.49868,63,32,31,0.370355,33.7635994,59.1240005,0,0
"1741","EMPAID_NSG10A_2012","2012-06-21",999,999,"N",2012,"EMPAID","Incidental","307","HB",1,"NAD83 11N",4985816.999,523512.26,5.4,"PIPO",262,-0.139173100960066,2012-05-22,143,2,NA,41.6666666666667,2.5,0.666666666666667,"success",0,"173","170",0.197419,0.563824,136.2339935,68.9445038,1.99472,28.2488003,14.4031,14.4031,0.49868,63,32,31,0.370355,33.7635994,59.1240005,0,0
"1742","EMPAID_NSG10A_2012","2012-06-26",999,999,"N",2012,"EMPAID","Incidental","307","HB",1,"NAD83 11N",4985816.999,523512.26,5.4,"PIPO",262,-0.139173100960066,2012-05-22,143,2,NA,41.6666666666667,2.5,0.666666666666667,"success",0,"178","173",0.197419,0.563824,136.2339935,68.9445038,1.99472,28.2488003,14.4031,14.4031,0.49868,63,32,31,0.370355,33.7635994,59.1240005,0,0
"1743","EMPAID_NSG10A_2012","2012-06-29",0,2,"N",2012,"EMPAID","Incidental","307","HB",1,"NAD83 11N",4985816.999,523512.26,5.4,"PIPO",262,-0.139173100960066,2012-05-22,143,2,NA,41.6666666666667,2.5,0.666666666666667,"success",1,"181","178",0.197419,0.563824,136.2339935,68.9445038,1.99472,28.2488003,14.4031,14.4031,0.49868,63,32,31,0.370355,33.7635994,59.1240005,0,0
"1744","EMPAID_NSG10A_2012","2012-07-03",0,0,"F",2012,"EMPAID","Incidental","307","HB",1,"NAD83 11N",4985816.999,523512.26,5.4,"PIPO",262,-0.139173100960066,2012-05-22,143,2,NA,41.6666666666667,2.5,0.666666666666667,"success",1,"185","181",0.197419,0.563824,136.2339935,68.9445038,1.99472,28.2488003,14.4031,14.4031,0.49868,63,32,31,0.370355,33.7635994,59.1240005,0,0
"1745","EMPAID_NSG10A_2013","2013-06-05",0,0,"E",2013,"EMPAID","Incidental","308","HB",9,"NAD83 11N",4985907.25187,523399.151331,2.2,"PIPO",324,0.809016994374947,2013-06-09,160,0,0,0,0,0,"failure",1,"156",NA,0.175385,0.298421,83.7570038,67.5904007,2.2293899,33.3821983,20.4459,20.4459,0.234673,62,23,39,0.598113,36.1689987,55.9473991,0,0
"1746","EMPAID_NSG10A_2013","2013-06-13",3,0,"I",2013,"EMPAID","Incidental","308","HB",9,"NAD83 11N",4985907.25187,523399.151331,2.2,"PIPO",324,0.809016994374947,2013-06-09,160,0,0,0,0,0,"failure",1,"164","156",0.175385,0.298421,83.7570038,67.5904007,2.2293899,33.3821983,20.4459,20.4459,0.234673,62,23,39,0.598113,36.1689987,55.9473991,0,0
"1747","EMPAID_NSG10A_2013","2013-06-17",3,0,"I",2013,"EMPAID","Incidental","308","HB",9,"NAD83 11N",4985907.25187,523399.151331,2.2,"PIPO",324,0.809016994374947,2013-06-09,160,0,0,0,0,0,"failure",1,"168","164",0.175385,0.298421,83.7570038,67.5904007,2.2293899,33.3821983,20.4459,20.4459,0.234673,62,23,39,0.598113,36.1689987,55.9473991,0,0
"1748","EMPAID_NSG10A_2013","2013-06-21",3,0,"I",2013,"EMPAID","Incidental","308","HB",9,"NAD83 11N",4985907.25187,523399.151331,2.2,"PIPO",324,0.809016994374947,2013-06-09,160,0,0,0,0,0,"failure",1,"172","168",0.175385,0.298421,83.7570038,67.5904007,2.2293899,33.3821983,20.4459,20.4459,0.234673,62,23,39,0.598113,36.1689987,55.9473991,0,0
"1749","EMPAID_NSG10A_2013","2013-06-25",1,2,"N",2013,"EMPAID","Incidental","308","HB",9,"NAD83 11N",4985907.25187,523399.151331,2.2,"PIPO",324,0.809016994374947,2013-06-09,160,0,0,0,0,0,"failure",1,"176","172",0.175385,0.298421,83.7570038,67.5904007,2.2293899,33.3821983,20.4459,20.4459,0.234673,62,23,39,0.598113,36.1689987,55.9473991,0,0
"1750","EMPAID_NSG10A_2013","2013-06-27",999,999,"N",2013,"EMPAID","Incidental","308","HB",9,"NAD83 11N",4985907.25187,523399.151331,2.2,"PIPO",324,0.809016994374947,2013-06-09,160,0,0,0,0,0,"failure",0,"178","176",0.175385,0.298421,83.7570038,67.5904007,2.2293899,33.3821983,20.4459,20.4459,0.234673,62,23,39,0.598113,36.1689987,55.9473991,0,0
"1751","EMPAID_NSG10A_2013","2013-07-02",0,0,"N",2013,"EMPAID","Incidental","308","HB",9,"NAD83 11N",4985907.25187,523399.151331,2.2,"PIPO",324,0.809016994374947,2013-06-09,160,0,0,0,0,0,"failure",1,"183","178",0.175385,0.298421,83.7570038,67.5904007,2.2293899,33.3821983,20.4459,20.4459,0.234673,62,23,39,0.598113,36.1689987,55.9473991,0,0
"1752","EMPAID_NSG10A_2014","2014-06-11",4,0,"I",2014,"EMPAID","Incidental","309","HB",1,"NAD83 11N",4985968.842,523648.616,1.7,"PIPO",343,0.956304755963035,2014-06-01,152,1,NA,0,0,0,"success",1,"162",NA,0.357692,1.44987,174.7400055,39.235199,4.5467901,23.5552998,5.01613,5.01613,1.1147,85,46,39,1.94034,33.1475983,61.0751991,0,0
"1753","EMPAID_NSG10A_2014","2014-06-20",1,3,"N",2014,"EMPAID","Incidental","309","HB",1,"NAD83 11N",4985968.842,523648.616,1.7,"PIPO",343,0.956304755963035,2014-06-01,152,1,NA,0,0,0,"success",1,"171","162",0.357692,1.44987,174.7400055,39.235199,4.5467901,23.5552998,5.01613,5.01613,1.1147,85,46,39,1.94034,33.1475983,61.0751991,0,0
"1754","EMPAID_NSG10A_2014","2014-06-29",0,3,"N",2014,"EMPAID","Incidental","309","HB",1,"NAD83 11N",4985968.842,523648.616,1.7,"PIPO",343,0.956304755963035,2014-06-01,152,1,NA,0,0,0,"success",1,"180","171",0.357692,1.44987,174.7400055,39.235199,4.5467901,23.5552998,5.01613,5.01613,1.1147,85,46,39,1.94034,33.1475983,61.0751991,0,0
"1755","EMPAID_NSG10A_2014","2014-07-08",0,2,"N",2014,"EMPAID","Incidental","309","HB",1,"NAD83 11N",4985968.842,523648.616,1.7,"PIPO",343,0.956304755963035,2014-06-01,152,1,NA,0,0,0,"success",1,"189","180",0.357692,1.44987,174.7400055,39.235199,4.5467901,23.5552998,5.01613,5.01613,1.1147,85,46,39,1.94034,33.1475983,61.0751991,0,0
"1756","EMPAID_NSG10A_2014","2014-07-10",0,1,"N",2014,"EMPAID","Incidental","309","HB",1,"NAD83 11N",4985968.842,523648.616,1.7,"PIPO",343,0.956304755963035,2014-06-01,152,1,NA,0,0,0,"success",1,"191","189",0.357692,1.44987,174.7400055,39.235199,4.5467901,23.5552998,5.01613,5.01613,1.1147,85,46,39,1.94034,33.1475983,61.0751991,0,0
"1757","EMPAID_NSG10A_2014","2014-07-15",999,999,"F",2014,"EMPAID","Incidental","309","HB",1,"NAD83 11N",4985968.842,523648.616,1.7,"PIPO",343,0.956304755963035,2014-06-01,152,1,NA,0,0,0,"success",0,"196","191",0.357692,1.44987,174.7400055,39.235199,4.5467901,23.5552998,5.01613,5.01613,1.1147,85,46,39,1.94034,33.1475983,61.0751991,0,0
"1758","EMPAID_NSG10A_2014","2014-07-24",0,0,"F",2014,"EMPAID","Incidental","309","HB",1,"NAD83 11N",4985968.842,523648.616,1.7,"PIPO",343,0.956304755963035,2014-06-01,152,1,NA,0,0,0,"success",1,"205","196",0.357692,1.44987,174.7400055,39.235199,4.5467901,23.5552998,5.01613,5.01613,1.1147,85,46,39,1.94034,33.1475983,61.0751991,0,0
"1759","EMPAID_NSG10A_2015","2015-05-09",999,999,"E",2015,"EMPAID","Incidental","310","HB",2,"NAD83 11N",4986047.809,523299.254,1.9,"PIPO",76,0.241921895599668,2015-05-14,134,0,0,33.3333333333333,12.5,0.666666666666667,"failure",0,"129",NA,0.600698,4.6520901,259.7009888,31.5953007,8.41889,33.5289001,19.8591995,19.8591995,2.6694,74,31,43,6.3238802,39.2490005,75.9716034,0,0
"1760","EMPAID_NSG10A_2015","2015-05-15",1,0,"L",2015,"EMPAID","Incidental","310","HB",2,"NAD83 11N",4986047.809,523299.254,1.9,"PIPO",76,0.241921895599668,2015-05-14,134,0,0,33.3333333333333,12.5,0.666666666666667,"failure",1,"135","129",0.600698,4.6520901,259.7009888,31.5953007,8.41889,33.5289001,19.8591995,19.8591995,2.6694,74,31,43,6.3238802,39.2490005,75.9716034,0,0
"1761","EMPAID_NSG10A_2015","2015-05-19",4,0,"I",2015,"EMPAID","Incidental","310","HB",2,"NAD83 11N",4986047.809,523299.254,1.9,"PIPO",76,0.241921895599668,2015-05-14,134,0,0,33.3333333333333,12.5,0.666666666666667,"failure",1,"139","135",0.600698,4.6520901,259.7009888,31.5953007,8.41889,33.5289001,19.8591995,19.8591995,2.6694,74,31,43,6.3238802,39.2490005,75.9716034,0,0
"1762","EMPAID_NSG10A_2015","2015-05-29",2,2,"N",2015,"EMPAID","Incidental","310","HB",2,"NAD83 11N",4986047.809,523299.254,1.9,"PIPO",76,0.241921895599668,2015-05-14,134,0,0,33.3333333333333,12.5,0.666666666666667,"failure",1,"149","139",0.600698,4.6520901,259.7009888,31.5953007,8.41889,33.5289001,19.8591995,19.8591995,2.6694,74,31,43,6.3238802,39.2490005,75.9716034,0,0
"1763","EMPAID_NSG10A_2015","2015-06-03",0,0,"N",2015,"EMPAID","Incidental","310","HB",2,"NAD83 11N",4986047.809,523299.254,1.9,"PIPO",76,0.241921895599668,2015-05-14,134,0,0,33.3333333333333,12.5,0.666666666666667,"failure",1,"154","149",0.600698,4.6520901,259.7009888,31.5953007,8.41889,33.5289001,19.8591995,19.8591995,2.6694,74,31,43,6.3238802,39.2490005,75.9716034,0,0
"1764","EMPAID_NSG10A_2016","2016-05-22",2,0,"L",2016,"EMPAID","Incidental","311","HB",2,"NAD83 11N",4986126.398,523278.425,1.9,"PIPO",260,-0.17364817766693,2016-05-21,142,0,0,25,10,0.714285714285714,"failure",1,"143",NA,0.610851,5.1621599,272.9609985,29.1126003,9.3575802,33.8809013,20.2112007,20.2112007,3.1387501,81,34,47,7.1788402,40.2463989,79.3615036,0,0
"1765","EMPAID_NSG10A_2016","2016-05-29",4,0,"I",2016,"EMPAID","Incidental","311","HB",2,"NAD83 11N",4986126.398,523278.425,1.9,"PIPO",260,-0.17364817766693,2016-05-21,142,0,0,25,10,0.714285714285714,"failure",1,"150","143",0.610851,5.1621599,272.9609985,29.1126003,9.3575802,33.8809013,20.2112007,20.2112007,3.1387501,81,34,47,7.1788402,40.2463989,79.3615036,0,0
"1766","EMPAID_NSG10A_2016","2016-06-06",1,3,"N",2016,"EMPAID","Incidental","311","HB",2,"NAD83 11N",4986126.398,523278.425,1.9,"PIPO",260,-0.17364817766693,2016-05-21,142,0,0,25,10,0.714285714285714,"failure",1,"158","150",0.610851,5.1621599,272.9609985,29.1126003,9.3575802,33.8809013,20.2112007,20.2112007,3.1387501,81,34,47,7.1788402,40.2463989,79.3615036,0,0
"1767","EMPAID_NSG10A_2016","2016-06-08",1,3,"N",2016,"EMPAID","Incidental","311","HB",2,"NAD83 11N",4986126.398,523278.425,1.9,"PIPO",260,-0.17364817766693,2016-05-21,142,0,0,25,10,0.714285714285714,"failure",1,"160","158",0.610851,5.1621599,272.9609985,29.1126003,9.3575802,33.8809013,20.2112007,20.2112007,3.1387501,81,34,47,7.1788402,40.2463989,79.3615036,0,0
"1768","EMPAID_NSG10A_2016","2016-06-16",999,999,"N",2016,"EMPAID","Incidental","311","HB",2,"NAD83 11N",4986126.398,523278.425,1.9,"PIPO",260,-0.17364817766693,2016-05-21,142,0,0,25,10,0.714285714285714,"failure",0,"168","160",0.610851,5.1621599,272.9609985,29.1126003,9.3575802,33.8809013,20.2112007,20.2112007,3.1387501,81,34,47,7.1788402,40.2463989,79.3615036,0,0
"1769","EMPAID_NSG10A_2016","2016-06-21",0,0,"N",2016,"EMPAID","Incidental","311","HB",2,"NAD83 11N",4986126.398,523278.425,1.9,"PIPO",260,-0.17364817766693,2016-05-21,142,0,0,25,10,0.714285714285714,"failure",1,"173","168",0.610851,5.1621599,272.9609985,29.1126003,9.3575802,33.8809013,20.2112007,20.2112007,3.1387501,81,34,47,7.1788402,40.2463989,79.3615036,0,0
"1770","EMPAID_NSG10A_2017","2017-06-23",0,4,"N",2017,"EMPAID","Incidental","312","HB",2,"NAD83 11N",4986039.328,523467.229,2.5,"PIPO",145,-0.819152044288992,2017-05-23,143,0,0,16.6666666666667,7.5,0.4,"failure",1,"174",NA,0.484286,3.5378799,251.1049957,33.7626991,6.6295099,27.9260998,7.8615398,7.8615398,2.4640701,82,40,42,5.0366998,34.966301,75.2172012,0,0
"1771","EMPAID_NSG10A_2017","2017-06-28",999,999,"N",2017,"EMPAID","Incidental","312","HB",2,"NAD83 11N",4986039.328,523467.229,2.5,"PIPO",145,-0.819152044288992,2017-05-23,143,0,0,16.6666666666667,7.5,0.4,"failure",0,"179","174",0.484286,3.5378799,251.1049957,33.7626991,6.6295099,27.9260998,7.8615398,7.8615398,2.4640701,82,40,42,5.0366998,34.966301,75.2172012,0,0
"1772","EMPAID_NSG10A_2017","2017-06-30",0,0,"N",2017,"EMPAID","Incidental","312","HB",2,"NAD83 11N",4986039.328,523467.229,2.5,"PIPO",145,-0.819152044288992,2017-05-23,143,0,0,16.6666666666667,7.5,0.4,"failure",1,"181","179",0.484286,3.5378799,251.1049957,33.7626991,6.6295099,27.9260998,7.8615398,7.8615398,2.4640701,82,40,42,5.0366998,34.966301,75.2172012,0,0
"1773","EMPAID_NSG10A_2019","2019-06-12",4,0,"I",2019,"EMPAID","Incidental","313","HB",1,"NAD83 11N",4986190.011,524038.756,3.8,"PIPO",250,-0.342020143325669,2019-05-31,151,3,NA,0,0,0,"success",1,"163",NA,0.357692,1.5509,182.6430054,34.8348999,4.5467901,19.1844997,4.4587898,4.4587898,0.968026,104,65,39,1.91022,26.1366997,45.9337006,0,0
"1774","EMPAID_NSG10A_2019","2019-06-26",0,3,"N",2019,"EMPAID","Incidental","313","HB",1,"NAD83 11N",4986190.011,524038.756,3.8,"PIPO",250,-0.342020143325669,2019-05-31,151,3,NA,0,0,0,"success",1,"177","163",0.357692,1.5509,182.6430054,34.8348999,4.5467901,19.1844997,4.4587898,4.4587898,0.968026,104,65,39,1.91022,26.1366997,45.9337006,0,0
"1775","EMPAID_NSG10A_2019","2019-07-01",0,3,"N",2019,"EMPAID","Incidental","313","HB",1,"NAD83 11N",4986190.011,524038.756,3.8,"PIPO",250,-0.342020143325669,2019-05-31,151,3,NA,0,0,0,"success",1,"182","177",0.357692,1.5509,182.6430054,34.8348999,4.5467901,19.1844997,4.4587898,4.4587898,0.968026,104,65,39,1.91022,26.1366997,45.9337006,0,0
"1776","EMPAID_NSG10A_2019","2019-07-08",0,3,"N",2019,"EMPAID","Incidental","313","HB",1,"NAD83 11N",4986190.011,524038.756,3.8,"PIPO",250,-0.342020143325669,2019-05-31,151,3,NA,0,0,0,"success",1,"189","182",0.357692,1.5509,182.6430054,34.8348999,4.5467901,19.1844997,4.4587898,4.4587898,0.968026,104,65,39,1.91022,26.1366997,45.9337006,0,0
"1777","EMPAID_NSG10A_2019","2019-07-09",0,3,"N",2019,"EMPAID","Incidental","313","HB",1,"NAD83 11N",4986190.011,524038.756,3.8,"PIPO",250,-0.342020143325669,2019-05-31,151,3,NA,0,0,0,"success",1,"190","189",0.357692,1.5509,182.6430054,34.8348999,4.5467901,19.1844997,4.4587898,4.4587898,0.968026,104,65,39,1.91022,26.1366997,45.9337006,0,0
"1778","EMPAID_NSG10A_2019","2019-07-10",0,3,"N",2019,"EMPAID","Incidental","313","HB",1,"NAD83 11N",4986190.011,524038.756,3.8,"PIPO",250,-0.342020143325669,2019-05-31,151,3,NA,0,0,0,"success",1,"191","190",0.357692,1.5509,182.6430054,34.8348999,4.5467901,19.1844997,4.4587898,4.4587898,0.968026,104,65,39,1.91022,26.1366997,45.9337006,0,0
"1779","EMPAID_NSG10A_2019","2019-07-11",0,3,"N",2019,"EMPAID","Incidental","313","HB",1,"NAD83 11N",4986190.011,524038.756,3.8,"PIPO",250,-0.342020143325669,2019-05-31,151,3,NA,0,0,0,"success",1,"192","191",0.357692,1.5509,182.6430054,34.8348999,4.5467901,19.1844997,4.4587898,4.4587898,0.968026,104,65,39,1.91022,26.1366997,45.9337006,0,0
"1780","EMPAID_NSG10A_2019","2019-07-12",0,0,"F",2019,"EMPAID","Incidental","313","HB",1,"NAD83 11N",4986190.011,524038.756,3.8,"PIPO",250,-0.342020143325669,2019-05-31,151,3,NA,0,0,0,"success",1,"193","192",0.357692,1.5509,182.6430054,34.8348999,4.5467901,19.1844997,4.4587898,4.4587898,0.968026,104,65,39,1.91022,26.1366997,45.9337006,0,0
"1781","EMPAID_NWM03A_2013","2013-06-06",5,0,"I",2013,"EMPAID","Incidental","314","H",1,"NAD83 11N",4967347.8372,525885.408687,3.4,"PIPO",184,-0.997564050259824,2013-05-28,148,4,NA,0,0,0,"success",1,"157",NA,2.3706801,35.8833008,375.9819946,10.5274,33.9981995,43.0037994,22.6166,22.6166,17.2777996,92,48,44,60.4410019,39.4543991,0,0,18.6490993
"1782","EMPAID_NWM03A_2013","2013-06-11",999,999,"I",2013,"EMPAID","Incidental","314","H",1,"NAD83 11N",4967347.8372,525885.408687,3.4,"PIPO",184,-0.997564050259824,2013-05-28,148,4,NA,0,0,0,"success",0,"162","157",2.3706801,35.8833008,375.9819946,10.5274,33.9981995,43.0037994,22.6166,22.6166,17.2777996,92,48,44,60.4410019,39.4543991,0,0,18.6490993
"1783","EMPAID_NWM03A_2013","2013-06-14",1,4,"N",2013,"EMPAID","Incidental","314","H",1,"NAD83 11N",4967347.8372,525885.408687,3.4,"PIPO",184,-0.997564050259824,2013-05-28,148,4,NA,0,0,0,"success",1,"165","162",2.3706801,35.8833008,375.9819946,10.5274,33.9981995,43.0037994,22.6166,22.6166,17.2777996,92,48,44,60.4410019,39.4543991,0,0,18.6490993
"1784","EMPAID_NWM03A_2013","2013-06-18",0,4,"N",2013,"EMPAID","Incidental","314","H",1,"NAD83 11N",4967347.8372,525885.408687,3.4,"PIPO",184,-0.997564050259824,2013-05-28,148,4,NA,0,0,0,"success",1,"169","165",2.3706801,35.8833008,375.9819946,10.5274,33.9981995,43.0037994,22.6166,22.6166,17.2777996,92,48,44,60.4410019,39.4543991,0,0,18.6490993
"1785","EMPAID_NWM03A_2013","2013-06-21",0,4,"N",2013,"EMPAID","Incidental","314","H",1,"NAD83 11N",4967347.8372,525885.408687,3.4,"PIPO",184,-0.997564050259824,2013-05-28,148,4,NA,0,0,0,"success",1,"172","169",2.3706801,35.8833008,375.9819946,10.5274,33.9981995,43.0037994,22.6166,22.6166,17.2777996,92,48,44,60.4410019,39.4543991,0,0,18.6490993
"1786","EMPAID_NWM03A_2013","2013-06-25",0,4,"N",2013,"EMPAID","Incidental","314","H",1,"NAD83 11N",4967347.8372,525885.408687,3.4,"PIPO",184,-0.997564050259824,2013-05-28,148,4,NA,0,0,0,"success",1,"176","172",2.3706801,35.8833008,375.9819946,10.5274,33.9981995,43.0037994,22.6166,22.6166,17.2777996,92,48,44,60.4410019,39.4543991,0,0,18.6490993
"1787","EMPAID_NWM03A_2013","2013-07-04",0,4,"N",2013,"EMPAID","Incidental","314","H",1,"NAD83 11N",4967347.8372,525885.408687,3.4,"PIPO",184,-0.997564050259824,2013-05-28,148,4,NA,0,0,0,"success",1,"185","176",2.3706801,35.8833008,375.9819946,10.5274,33.9981995,43.0037994,22.6166,22.6166,17.2777996,92,48,44,60.4410019,39.4543991,0,0,18.6490993
"1788","EMPAID_NWM03A_2013","2013-07-08",999,999,"N",2013,"EMPAID","Incidental","314","H",1,"NAD83 11N",4967347.8372,525885.408687,3.4,"PIPO",184,-0.997564050259824,2013-05-28,148,4,NA,0,0,0,"success",0,"189","185",2.3706801,35.8833008,375.9819946,10.5274,33.9981995,43.0037994,22.6166,22.6166,17.2777996,92,48,44,60.4410019,39.4543991,0,0,18.6490993
"1789","EMPAID_NWM03A_2013","2013-07-09",0,2,"N",2013,"EMPAID","Incidental","314","H",1,"NAD83 11N",4967347.8372,525885.408687,3.4,"PIPO",184,-0.997564050259824,2013-05-28,148,4,NA,0,0,0,"success",1,"190","189",2.3706801,35.8833008,375.9819946,10.5274,33.9981995,43.0037994,22.6166,22.6166,17.2777996,92,48,44,60.4410019,39.4543991,0,0,18.6490993
"1790","EMPAID_NWM03A_2013","2013-07-11",0,0,"F",2013,"EMPAID","Incidental","314","H",1,"NAD83 11N",4967347.8372,525885.408687,3.4,"PIPO",184,-0.997564050259824,2013-05-28,148,4,NA,0,0,0,"success",1,"192","190",2.3706801,35.8833008,375.9819946,10.5274,33.9981995,43.0037994,22.6166,22.6166,17.2777996,92,48,44,60.4410019,39.4543991,0,0,18.6490993
"1791","EMPAID_NWM03A_2014","2014-06-13",0,4,"N",2014,"EMPAID","Incidental","315","H",1,"NAD83 11N",4967362.244,525949.399,2.9,"PIPO",134,-0.694658370458997,2014-05-28,148,2,1,16.6666666666667,5,0.5,"success",1,"164",NA,0.818873,6.04003,252.5079956,27.0023003,18.9498005,57.7294998,43.5611992,43.5611992,4.1947799,99,28,71,9.5949297,40.1876984,0.165515,0,47.5157013
"1792","EMPAID_NWM03A_2014","2014-06-22",999,999,"N",2014,"EMPAID","Incidental","315","H",1,"NAD83 11N",4967362.244,525949.399,2.9,"PIPO",134,-0.694658370458997,2014-05-28,148,2,1,16.6666666666667,5,0.5,"success",0,"173","164",0.818873,6.04003,252.5079956,27.0023003,18.9498005,57.7294998,43.5611992,43.5611992,4.1947799,99,28,71,9.5949297,40.1876984,0.165515,0,47.5157013
"1793","EMPAID_NWM03A_2014","2014-06-23",999,999,"N",2014,"EMPAID","Incidental","315","H",1,"NAD83 11N",4967362.244,525949.399,2.9,"PIPO",134,-0.694658370458997,2014-05-28,148,2,1,16.6666666666667,5,0.5,"success",0,"174","173",0.818873,6.04003,252.5079956,27.0023003,18.9498005,57.7294998,43.5611992,43.5611992,4.1947799,99,28,71,9.5949297,40.1876984,0.165515,0,47.5157013
"1794","EMPAID_NWM03A_2014","2014-07-01",0,3,"N",2014,"EMPAID","Incidental","315","H",1,"NAD83 11N",4967362.244,525949.399,2.9,"PIPO",134,-0.694658370458997,2014-05-28,148,2,1,16.6666666666667,5,0.5,"success",1,"182","174",0.818873,6.04003,252.5079956,27.0023003,18.9498005,57.7294998,43.5611992,43.5611992,4.1947799,99,28,71,9.5949297,40.1876984,0.165515,0,47.5157013
"1795","EMPAID_NWM03A_2014","2014-07-02",999,999,"N",2014,"EMPAID","Incidental","315","H",1,"NAD83 11N",4967362.244,525949.399,2.9,"PIPO",134,-0.694658370458997,2014-05-28,148,2,1,16.6666666666667,5,0.5,"success",0,"183","182",0.818873,6.04003,252.5079956,27.0023003,18.9498005,57.7294998,43.5611992,43.5611992,4.1947799,99,28,71,9.5949297,40.1876984,0.165515,0,47.5157013
"1796","EMPAID_NWM03A_2014","2014-07-07",0,2,"N",2014,"EMPAID","Incidental","315","H",1,"NAD83 11N",4967362.244,525949.399,2.9,"PIPO",134,-0.694658370458997,2014-05-28,148,2,1,16.6666666666667,5,0.5,"success",1,"188","183",0.818873,6.04003,252.5079956,27.0023003,18.9498005,57.7294998,43.5611992,43.5611992,4.1947799,99,28,71,9.5949297,40.1876984,0.165515,0,47.5157013
"1797","EMPAID_NWM03A_2014","2014-07-09",0,2,"N",2014,"EMPAID","Incidental","315","H",1,"NAD83 11N",4967362.244,525949.399,2.9,"PIPO",134,-0.694658370458997,2014-05-28,148,2,1,16.6666666666667,5,0.5,"success",1,"190","188",0.818873,6.04003,252.5079956,27.0023003,18.9498005,57.7294998,43.5611992,43.5611992,4.1947799,99,28,71,9.5949297,40.1876984,0.165515,0,47.5157013
"1798","EMPAID_NWM03A_2014","2014-07-11",0,0,"F",2014,"EMPAID","Incidental","315","H",1,"NAD83 11N",4967362.244,525949.399,2.9,"PIPO",134,-0.694658370458997,2014-05-28,148,2,1,16.6666666666667,5,0.5,"success",1,"192","190",0.818873,6.04003,252.5079956,27.0023003,18.9498005,57.7294998,43.5611992,43.5611992,4.1947799,99,28,71,9.5949297,40.1876984,0.165515,0,47.5157013
"1799","EMPAID_NWM03A_2015","2015-06-11",1,3,"N",2015,"EMPAID","Incidental","316","H",1,"NAD83 11N",4967210.543,525861.334,2.3,"PIPO",334,0.898794046299167,2015-05-26,146,3,NA,0,0,0,"success",1,"162",NA,1.03641,8.1560497,262.0979919,23.2483006,21.6191998,55.8521996,38.3396988,38.3396988,5.8374901,91,27,64,14.7459002,38.1049995,0,0,49.4191017
"1800","EMPAID_NWM03A_2015","2015-06-22",0,4,"N",2015,"EMPAID","Incidental","316","H",1,"NAD83 11N",4967210.543,525861.334,2.3,"PIPO",334,0.898794046299167,2015-05-26,146,3,NA,0,0,0,"success",1,"173","162",1.03641,8.1560497,262.0979919,23.2483006,21.6191998,55.8521996,38.3396988,38.3396988,5.8374901,91,27,64,14.7459002,38.1049995,0,0,49.4191017
"1801","EMPAID_NWM03A_2015","2015-06-29",0,3,"N",2015,"EMPAID","Incidental","316","H",1,"NAD83 11N",4967210.543,525861.334,2.3,"PIPO",334,0.898794046299167,2015-05-26,146,3,NA,0,0,0,"success",1,"180","173",1.03641,8.1560497,262.0979919,23.2483006,21.6191998,55.8521996,38.3396988,38.3396988,5.8374901,91,27,64,14.7459002,38.1049995,0,0,49.4191017
"1802","EMPAID_NWM03A_2015","2015-07-03",0,3,"N",2015,"EMPAID","Incidental","316","H",1,"NAD83 11N",4967210.543,525861.334,2.3,"PIPO",334,0.898794046299167,2015-05-26,146,3,NA,0,0,0,"success",1,"184","180",1.03641,8.1560497,262.0979919,23.2483006,21.6191998,55.8521996,38.3396988,38.3396988,5.8374901,91,27,64,14.7459002,38.1049995,0,0,49.4191017
"1803","EMPAID_NWM03A_2015","2015-07-06",0,3,"N",2015,"EMPAID","Incidental","316","H",1,"NAD83 11N",4967210.543,525861.334,2.3,"PIPO",334,0.898794046299167,2015-05-26,146,3,NA,0,0,0,"success",1,"187","184",1.03641,8.1560497,262.0979919,23.2483006,21.6191998,55.8521996,38.3396988,38.3396988,5.8374901,91,27,64,14.7459002,38.1049995,0,0,49.4191017
"1804","EMPAID_NWM03A_2015","2015-07-08",999,999,"N",2015,"EMPAID","Incidental","316","H",1,"NAD83 11N",4967210.543,525861.334,2.3,"PIPO",334,0.898794046299167,2015-05-26,146,3,NA,0,0,0,"success",0,"189","187",1.03641,8.1560497,262.0979919,23.2483006,21.6191998,55.8521996,38.3396988,38.3396988,5.8374901,91,27,64,14.7459002,38.1049995,0,0,49.4191017
"1805","EMPAID_NWM03A_2015","2015-07-13",0,0,"F",2015,"EMPAID","Incidental","316","H",1,"NAD83 11N",4967210.543,525861.334,2.3,"PIPO",334,0.898794046299167,2015-05-26,146,3,NA,0,0,0,"success",1,"194","189",1.03641,8.1560497,262.0979919,23.2483006,21.6191998,55.8521996,38.3396988,38.3396988,5.8374901,91,27,64,14.7459002,38.1049995,0,0,49.4191017
"1806","EMPAID_NWM03A_2016","2016-05-24",999,999,"E",2016,"EMPAID","Incidental","317","H",9,"NAD83 11N",4967389.38,525759.617,2.4,"PIPO",62,0.469471562785891,2016-06-11,163,0,0,41.6666666666667,7.5,0.875,"failure",0,"145",NA,0.93169,8.8367796,291.2850037,23.3983002,21.5606003,57.4361992,46.641201,46.641201,5.4561501,90,19,71,13.5549002,39.5130997,0,0,49.3809013
"1807","EMPAID_NWM03A_2016","2016-05-28",0,0,"E",2016,"EMPAID","Incidental","317","H",9,"NAD83 11N",4967389.38,525759.617,2.4,"PIPO",62,0.469471562785891,2016-06-11,163,0,0,41.6666666666667,7.5,0.875,"failure",1,"149","145",0.93169,8.8367796,291.2850037,23.3983002,21.5606003,57.4361992,46.641201,46.641201,5.4561501,90,19,71,13.5549002,39.5130997,0,0,49.3809013
"1808","EMPAID_NWM03A_2016","2016-06-08",0,0,"E",2016,"EMPAID","Incidental","317","H",9,"NAD83 11N",4967389.38,525759.617,2.4,"PIPO",62,0.469471562785891,2016-06-11,163,0,0,41.6666666666667,7.5,0.875,"failure",1,"160","149",0.93169,8.8367796,291.2850037,23.3983002,21.5606003,57.4361992,46.641201,46.641201,5.4561501,90,19,71,13.5549002,39.5130997,0,0,49.3809013
"1809","EMPAID_NWM03A_2016","2016-06-10",0,0,"E",2016,"EMPAID","Incidental","317","H",9,"NAD83 11N",4967389.38,525759.617,2.4,"PIPO",62,0.469471562785891,2016-06-11,163,0,0,41.6666666666667,7.5,0.875,"failure",1,"162","160",0.93169,8.8367796,291.2850037,23.3983002,21.5606003,57.4361992,46.641201,46.641201,5.4561501,90,19,71,13.5549002,39.5130997,0,0,49.3809013
"1810","EMPAID_NWM03A_2016","2016-06-17",4,0,"I",2016,"EMPAID","Incidental","317","H",9,"NAD83 11N",4967389.38,525759.617,2.4,"PIPO",62,0.469471562785891,2016-06-11,163,0,0,41.6666666666667,7.5,0.875,"failure",1,"169","162",0.93169,8.8367796,291.2850037,23.3983002,21.5606003,57.4361992,46.641201,46.641201,5.4561501,90,19,71,13.5549002,39.5130997,0,0,49.3809013
"1811","EMPAID_NWM03A_2016","2016-06-21",999,999,"I",2016,"EMPAID","Incidental","317","H",9,"NAD83 11N",4967389.38,525759.617,2.4,"PIPO",62,0.469471562785891,2016-06-11,163,0,0,41.6666666666667,7.5,0.875,"failure",0,"173","169",0.93169,8.8367796,291.2850037,23.3983002,21.5606003,57.4361992,46.641201,46.641201,5.4561501,90,19,71,13.5549002,39.5130997,0,0,49.3809013
"1812","EMPAID_NWM03A_2016","2016-06-29",0,3,"N",2016,"EMPAID","Incidental","317","H",9,"NAD83 11N",4967389.38,525759.617,2.4,"PIPO",62,0.469471562785891,2016-06-11,163,0,0,41.6666666666667,7.5,0.875,"failure",1,"181","173",0.93169,8.8367796,291.2850037,23.3983002,21.5606003,57.4361992,46.641201,46.641201,5.4561501,90,19,71,13.5549002,39.5130997,0,0,49.3809013
"1813","EMPAID_NWM03A_2016","2016-07-06",0,0,"N",2016,"EMPAID","Incidental","317","H",9,"NAD83 11N",4967389.38,525759.617,2.4,"PIPO",62,0.469471562785891,2016-06-11,163,0,0,41.6666666666667,7.5,0.875,"failure",1,"188","181",0.93169,8.8367796,291.2850037,23.3983002,21.5606003,57.4361992,46.641201,46.641201,5.4561501,90,19,71,13.5549002,39.5130997,0,0,49.3809013
"1814","EMPAID_NWM03A_2017","2017-06-16",999,999,"I",2017,"EMPAID","Incidental","318","H",1,"NAD83 11N",4967326.547,526013.009,10.5,"PIPO",72,0.309016994374947,2017-06-03,154,3,NA,50,12.5,0.818181818181818,"success",0,"167",NA,0.824348,5.3541498,234.4140015,27.8251991,18.5391998,58.3456001,42.2411003,42.2411003,4.0187702,94,25,69,9.2984695,39.7476997,0.0923067,0,46.5957985
"1815","EMPAID_NWM03A_2017","2017-06-19",2,2,"N",2017,"EMPAID","Incidental","318","H",1,"NAD83 11N",4967326.547,526013.009,10.5,"PIPO",72,0.309016994374947,2017-06-03,154,3,NA,50,12.5,0.818181818181818,"success",1,"170","167",0.824348,5.3541498,234.4140015,27.8251991,18.5391998,58.3456001,42.2411003,42.2411003,4.0187702,94,25,69,9.2984695,39.7476997,0.0923067,0,46.5957985
"1816","EMPAID_NWM03A_2017","2017-06-27",0,4,"N",2017,"EMPAID","Incidental","318","H",1,"NAD83 11N",4967326.547,526013.009,10.5,"PIPO",72,0.309016994374947,2017-06-03,154,3,NA,50,12.5,0.818181818181818,"success",1,"178","170",0.824348,5.3541498,234.4140015,27.8251991,18.5391998,58.3456001,42.2411003,42.2411003,4.0187702,94,25,69,9.2984695,39.7476997,0.0923067,0,46.5957985
"1817","EMPAID_NWM03A_2017","2017-06-30",999,999,"N",2017,"EMPAID","Incidental","318","H",1,"NAD83 11N",4967326.547,526013.009,10.5,"PIPO",72,0.309016994374947,2017-06-03,154,3,NA,50,12.5,0.818181818181818,"success",0,"181","178",0.824348,5.3541498,234.4140015,27.8251991,18.5391998,58.3456001,42.2411003,42.2411003,4.0187702,94,25,69,9.2984695,39.7476997,0.0923067,0,46.5957985
"1818","EMPAID_NWM03A_2017","2017-07-06",999,999,"N",2017,"EMPAID","Incidental","318","H",1,"NAD83 11N",4967326.547,526013.009,10.5,"PIPO",72,0.309016994374947,2017-06-03,154,3,NA,50,12.5,0.818181818181818,"success",0,"187","181",0.824348,5.3541498,234.4140015,27.8251991,18.5391998,58.3456001,42.2411003,42.2411003,4.0187702,94,25,69,9.2984695,39.7476997,0.0923067,0,46.5957985
"1819","EMPAID_NWM03A_2017","2017-07-10",0,3,"N",2017,"EMPAID","Incidental","318","H",1,"NAD83 11N",4967326.547,526013.009,10.5,"PIPO",72,0.309016994374947,2017-06-03,154,3,NA,50,12.5,0.818181818181818,"success",1,"191","187",0.824348,5.3541498,234.4140015,27.8251991,18.5391998,58.3456001,42.2411003,42.2411003,4.0187702,94,25,69,9.2984695,39.7476997,0.0923067,0,46.5957985
"1820","EMPAID_NWM03A_2017","2017-07-13",999,999,"N",2017,"EMPAID","Incidental","318","H",1,"NAD83 11N",4967326.547,526013.009,10.5,"PIPO",72,0.309016994374947,2017-06-03,154,3,NA,50,12.5,0.818181818181818,"success",0,"194","191",0.824348,5.3541498,234.4140015,27.8251991,18.5391998,58.3456001,42.2411003,42.2411003,4.0187702,94,25,69,9.2984695,39.7476997,0.0923067,0,46.5957985
"1821","EMPAID_NWM03A_2017","2017-07-18",0,0,"F",2017,"EMPAID","Incidental","318","H",1,"NAD83 11N",4967326.547,526013.009,10.5,"PIPO",72,0.309016994374947,2017-06-03,154,3,NA,50,12.5,0.818181818181818,"success",1,"199","194",0.824348,5.3541498,234.4140015,27.8251991,18.5391998,58.3456001,42.2411003,42.2411003,4.0187702,94,25,69,9.2984695,39.7476997,0.0923067,0,46.5957985
"1822","EMPAID_NWM03A_2018","2018-06-13",0,4,"N",2018,"EMPAID","Incidental","319","H",1,"NAD83 11N",4967334.289,525821.764,3.5,"PIPO",117,-0.453990499739547,2018-05-26,146,4,1,0,0,0,"success",1,"164",NA,0.954783,8.3468904,278.2479858,23.2059994,21.4726009,56.2627983,43.6198006,43.6198006,5.2801399,91,22,69,14.0934,38.9556999,0,0,48.9608002
"1823","EMPAID_NWM03A_2018","2018-06-18",999,999,"N",2018,"EMPAID","Incidental","319","H",1,"NAD83 11N",4967334.289,525821.764,3.5,"PIPO",117,-0.453990499739547,2018-05-26,146,4,1,0,0,0,"success",0,"169","164",0.954783,8.3468904,278.2479858,23.2059994,21.4726009,56.2627983,43.6198006,43.6198006,5.2801399,91,22,69,14.0934,38.9556999,0,0,48.9608002
"1824","EMPAID_NWM03A_2018","2018-06-26",0,4,"N",2018,"EMPAID","Incidental","319","H",1,"NAD83 11N",4967334.289,525821.764,3.5,"PIPO",117,-0.453990499739547,2018-05-26,146,4,1,0,0,0,"success",1,"177","169",0.954783,8.3468904,278.2479858,23.2059994,21.4726009,56.2627983,43.6198006,43.6198006,5.2801399,91,22,69,14.0934,38.9556999,0,0,48.9608002
"1825","EMPAID_NWM03A_2018","2018-07-03",0,4,"N",2018,"EMPAID","Incidental","319","H",1,"NAD83 11N",4967334.289,525821.764,3.5,"PIPO",117,-0.453990499739547,2018-05-26,146,4,1,0,0,0,"success",1,"184","177",0.954783,8.3468904,278.2479858,23.2059994,21.4726009,56.2627983,43.6198006,43.6198006,5.2801399,91,22,69,14.0934,38.9556999,0,0,48.9608002
"1826","EMPAID_NWM03A_2018","2018-07-05",0,4,"N",2018,"EMPAID","Incidental","319","H",1,"NAD83 11N",4967334.289,525821.764,3.5,"PIPO",117,-0.453990499739547,2018-05-26,146,4,1,0,0,0,"success",1,"186","184",0.954783,8.3468904,278.2479858,23.2059994,21.4726009,56.2627983,43.6198006,43.6198006,5.2801399,91,22,69,14.0934,38.9556999,0,0,48.9608002
"1827","EMPAID_NWM03A_2018","2018-07-09",0,0,"F",2018,"EMPAID","Incidental","319","H",1,"NAD83 11N",4967334.289,525821.764,3.5,"PIPO",117,-0.453990499739547,2018-05-26,146,4,1,0,0,0,"success",1,"190","186",0.954783,8.3468904,278.2479858,23.2059994,21.4726009,56.2627983,43.6198006,43.6198006,5.2801399,91,22,69,14.0934,38.9556999,0,0,48.9608002
"1828","EMPAID_NWM03A_2019","2019-06-19",3,0,"I",2019,"EMPAID","Incidental","320","H",1,"NAD83 11N",4967410.06,525828.888,2,"PIPO",166,-0.970295726275996,2019-06-08,159,1,NA,25,0,1,"success",1,"170",NA,0.835541,7.5601301,283.6929932,25.2553005,20.1525002,57.8175011,46.2305984,46.2305984,4.9281301,98,24,74,11.7763004,40.6864014,0.108222,0,48.8811989
"1829","EMPAID_NWM03A_2019","2019-06-25",2,1,"N",2019,"EMPAID","Incidental","320","H",1,"NAD83 11N",4967410.06,525828.888,2,"PIPO",166,-0.970295726275996,2019-06-08,159,1,NA,25,0,1,"success",1,"176","170",0.835541,7.5601301,283.6929932,25.2553005,20.1525002,57.8175011,46.2305984,46.2305984,4.9281301,98,24,74,11.7763004,40.6864014,0.108222,0,48.8811989
"1830","EMPAID_NWM03A_2019","2019-07-01",1,1,"N",2019,"EMPAID","Incidental","320","H",1,"NAD83 11N",4967410.06,525828.888,2,"PIPO",166,-0.970295726275996,2019-06-08,159,1,NA,25,0,1,"success",1,"182","176",0.835541,7.5601301,283.6929932,25.2553005,20.1525002,57.8175011,46.2305984,46.2305984,4.9281301,98,24,74,11.7763004,40.6864014,0.108222,0,48.8811989
"1831","EMPAID_NWM03A_2019","2019-07-09",999,999,"N",2019,"EMPAID","Incidental","320","H",1,"NAD83 11N",4967410.06,525828.888,2,"PIPO",166,-0.970295726275996,2019-06-08,159,1,NA,25,0,1,"success",0,"190","182",0.835541,7.5601301,283.6929932,25.2553005,20.1525002,57.8175011,46.2305984,46.2305984,4.9281301,98,24,74,11.7763004,40.6864014,0.108222,0,48.8811989
"1832","EMPAID_NWM03A_2019","2019-07-15",1,1,"N",2019,"EMPAID","Incidental","320","H",1,"NAD83 11N",4967410.06,525828.888,2,"PIPO",166,-0.970295726275996,2019-06-08,159,1,NA,25,0,1,"success",1,"196","190",0.835541,7.5601301,283.6929932,25.2553005,20.1525002,57.8175011,46.2305984,46.2305984,4.9281301,98,24,74,11.7763004,40.6864014,0.108222,0,48.8811989
"1833","EMPAID_NWM03A_2019","2019-07-16",999,999,"N",2019,"EMPAID","Incidental","320","H",1,"NAD83 11N",4967410.06,525828.888,2,"PIPO",166,-0.970295726275996,2019-06-08,159,1,NA,25,0,1,"success",0,"197","196",0.835541,7.5601301,283.6929932,25.2553005,20.1525002,57.8175011,46.2305984,46.2305984,4.9281301,98,24,74,11.7763004,40.6864014,0.108222,0,48.8811989
"1834","EMPAID_NWM03A_2019","2019-07-17",999,999,"N",2019,"EMPAID","Incidental","320","H",1,"NAD83 11N",4967410.06,525828.888,2,"PIPO",166,-0.970295726275996,2019-06-08,159,1,NA,25,0,1,"success",0,"198","197",0.835541,7.5601301,283.6929932,25.2553005,20.1525002,57.8175011,46.2305984,46.2305984,4.9281301,98,24,74,11.7763004,40.6864014,0.108222,0,48.8811989
"1835","EMPAID_NWM03A_2019","2019-07-18",1,0,"F",2019,"EMPAID","Incidental","320","H",1,"NAD83 11N",4967410.06,525828.888,2,"PIPO",166,-0.970295726275996,2019-06-08,159,1,NA,25,0,1,"success",1,"199","198",0.835541,7.5601301,283.6929932,25.2553005,20.1525002,57.8175011,46.2305984,46.2305984,4.9281301,98,24,74,11.7763004,40.6864014,0.108222,0,48.8811989
"1836","EMPAID_NWM06A_2015","2015-07-06",0,3,"N",2015,"EMPAID","Incidental","321","HB",1,"NAD83 11N",4968415.121,526272.606,0.8,"PIPO",353,0.992546151641322,2015-06-06,157,1,1,50,35,0.85,"success",1,"187",NA,1.49667,15.1724997,302.2839966,16.2989006,26.3419991,53.0653992,38.4277,38.4277,10.5895996,88,34,54,23.6194,34.2036018,17.7451992,0,25.0629005
"1837","EMPAID_NWM06A_2015","2015-07-08",0,2,"N",2015,"EMPAID","Incidental","321","HB",1,"NAD83 11N",4968415.121,526272.606,0.8,"PIPO",353,0.992546151641322,2015-06-06,157,1,1,50,35,0.85,"success",1,"189","187",1.49667,15.1724997,302.2839966,16.2989006,26.3419991,53.0653992,38.4277,38.4277,10.5895996,88,34,54,23.6194,34.2036018,17.7451992,0,25.0629005
"1838","EMPAID_NWM06A_2015","2015-07-13",999,999,"N",2015,"EMPAID","Incidental","321","HB",1,"NAD83 11N",4968415.121,526272.606,0.8,"PIPO",353,0.992546151641322,2015-06-06,157,1,1,50,35,0.85,"success",0,"194","189",1.49667,15.1724997,302.2839966,16.2989006,26.3419991,53.0653992,38.4277,38.4277,10.5895996,88,34,54,23.6194,34.2036018,17.7451992,0,25.0629005
"1839","EMPAID_NWM06A_2015","2015-07-15",0,1,"N",2015,"EMPAID","Incidental","321","HB",1,"NAD83 11N",4968415.121,526272.606,0.8,"PIPO",353,0.992546151641322,2015-06-06,157,1,1,50,35,0.85,"success",1,"196","194",1.49667,15.1724997,302.2839966,16.2989006,26.3419991,53.0653992,38.4277,38.4277,10.5895996,88,34,54,23.6194,34.2036018,17.7451992,0,25.0629005
"1840","EMPAID_NWM06A_2015","2015-07-16",0,0,"F",2015,"EMPAID","Incidental","321","HB",1,"NAD83 11N",4968415.121,526272.606,0.8,"PIPO",353,0.992546151641322,2015-06-06,157,1,1,50,35,0.85,"success",1,"197","196",1.49667,15.1724997,302.2839966,16.2989006,26.3419991,53.0653992,38.4277,38.4277,10.5895996,88,34,54,23.6194,34.2036018,17.7451992,0,25.0629005
"1841","EMPAID_NWM07A_2012","2012-06-28",0,3,"N",2012,"EMPAID","Incidental","322","H",1,"NAD83 11N",4967395.199,525786.933,3.3,"PIPO",158,-0.927183854566787,2012-05-26,147,3,1,8.33333333333333,2.5,0.5,"success",1,"180",NA,2.37255,39.337101,394.7160034,9.55126,36.3450012,42.3585014,23.5846004,23.5846004,18.8031998,97,50,47,69.9468002,37.8116989,0,0,18.7350998
"1842","EMPAID_NWM07A_2012","2012-07-03",999,999,"N",2012,"EMPAID","Incidental","322","H",1,"NAD83 11N",4967395.199,525786.933,3.3,"PIPO",158,-0.927183854566787,2012-05-26,147,3,1,8.33333333333333,2.5,0.5,"success",0,"185","180",2.37255,39.337101,394.7160034,9.55126,36.3450012,42.3585014,23.5846004,23.5846004,18.8031998,97,50,47,69.9468002,37.8116989,0,0,18.7350998
"1843","EMPAID_NWM07A_2012","2012-07-05",999,999,"F",2012,"EMPAID","Incidental","322","H",1,"NAD83 11N",4967395.199,525786.933,3.3,"PIPO",158,-0.927183854566787,2012-05-26,147,3,1,8.33333333333333,2.5,0.5,"success",0,"187","185",2.37255,39.337101,394.7160034,9.55126,36.3450012,42.3585014,23.5846004,23.5846004,18.8031998,97,50,47,69.9468002,37.8116989,0,0,18.7350998
"1844","EMPAID_NWRF-L08A_2015","2015-06-17",0,3,"N",2015,"EMPAID","EMPAID_WRF-L","EMPAID_WRF-L","H",1,"NAD83 11N",4971638.122,548317.937,2.5,"PIPO",263,-0.121869343405147,2015-05-17,137,3,NA,16.6666666666667,40,0.666666666666667,"success",1,"168",NA,7.95857,96.853302,334.2109985,11.8463001,54.4734993,35.6996002,40.7158012,22.1765995,40.7158012,86,65,21,161.7660065,23.9073009,0,0,0.378776
"1845","EMPAID_NWRF-L08A_2015","2015-06-25",999,999,"N",2015,"EMPAID","EMPAID_WRF-L","EMPAID_WRF-L","H",1,"NAD83 11N",4971638.122,548317.937,2.5,"PIPO",263,-0.121869343405147,2015-05-17,137,3,NA,16.6666666666667,40,0.666666666666667,"success",0,"176","168",7.95857,96.853302,334.2109985,11.8463001,54.4734993,35.6996002,40.7158012,22.1765995,40.7158012,86,65,21,161.7660065,23.9073009,0,0,0.378776
"1846","EMPAID_NWRF-L08A_2015","2015-06-26",0,3,"N",2015,"EMPAID","EMPAID_WRF-L","EMPAID_WRF-L","H",1,"NAD83 11N",4971638.122,548317.937,2.5,"PIPO",263,-0.121869343405147,2015-05-17,137,3,NA,16.6666666666667,40,0.666666666666667,"success",1,"177","176",7.95857,96.853302,334.2109985,11.8463001,54.4734993,35.6996002,40.7158012,22.1765995,40.7158012,86,65,21,161.7660065,23.9073009,0,0,0.378776
"1847","EMPAID_NWRF-L08A_2015","2015-06-29",1,0,"F",2015,"EMPAID","EMPAID_WRF-L","EMPAID_WRF-L","H",1,"NAD83 11N",4971638.122,548317.937,2.5,"PIPO",263,-0.121869343405147,2015-05-17,137,3,NA,16.6666666666667,40,0.666666666666667,"success",1,"180","177",7.95857,96.853302,334.2109985,11.8463001,54.4734993,35.6996002,40.7158012,22.1765995,40.7158012,86,65,21,161.7660065,23.9073009,0,0,0.378776
"1848","EMPAID_NWRF-M06A_2013","2013-06-28",0,3,"N",2013,"EMPAID","EMPAID_WRF-M","EMPAID_WRF-M","U",1,"NAD83 11N",4971410.2225,549879.555528,7.1,"PIPO",335,0.90630778703665,2013-06-06,157,3,NA,33.3333333333333,25,0.571428571428571,"success",1,"179",NA,3.1094999,49.1934013,384.9719849,10.4211998,40.5396996,51.7747002,28.7180996,28.7180996,24.8460007,69,29,40,90.2741013,4.31212,0,0,0
"1849","EMPAID_NWRF-M06A_2013","2013-07-02",0,3,"N",2013,"EMPAID","EMPAID_WRF-M","EMPAID_WRF-M","U",1,"NAD83 11N",4971410.2225,549879.555528,7.1,"PIPO",335,0.90630778703665,2013-06-06,157,3,NA,33.3333333333333,25,0.571428571428571,"success",1,"183","179",3.1094999,49.1934013,384.9719849,10.4211998,40.5396996,51.7747002,28.7180996,28.7180996,24.8460007,69,29,40,90.2741013,4.31212,0,0,0
"1850","EMPAID_NWRF-M06A_2013","2013-07-08",0,3,"N",2013,"EMPAID","EMPAID_WRF-M","EMPAID_WRF-M","U",1,"NAD83 11N",4971410.2225,549879.555528,7.1,"PIPO",335,0.90630778703665,2013-06-06,157,3,NA,33.3333333333333,25,0.571428571428571,"success",1,"189","183",3.1094999,49.1934013,384.9719849,10.4211998,40.5396996,51.7747002,28.7180996,28.7180996,24.8460007,69,29,40,90.2741013,4.31212,0,0,0
"1851","EMPAID_NWRF-M06A_2013","2013-07-11",0,3,"N",2013,"EMPAID","EMPAID_WRF-M","EMPAID_WRF-M","U",1,"NAD83 11N",4971410.2225,549879.555528,7.1,"PIPO",335,0.90630778703665,2013-06-06,157,3,NA,33.3333333333333,25,0.571428571428571,"success",1,"192","189",3.1094999,49.1934013,384.9719849,10.4211998,40.5396996,51.7747002,28.7180996,28.7180996,24.8460007,69,29,40,90.2741013,4.31212,0,0,0
"1852","EMPAID_NWRF-M06A_2013","2013-07-15",999,999,"N",2013,"EMPAID","EMPAID_WRF-M","EMPAID_WRF-M","U",1,"NAD83 11N",4971410.2225,549879.555528,7.1,"PIPO",335,0.90630778703665,2013-06-06,157,3,NA,33.3333333333333,25,0.571428571428571,"success",0,"196","192",3.1094999,49.1934013,384.9719849,10.4211998,40.5396996,51.7747002,28.7180996,28.7180996,24.8460007,69,29,40,90.2741013,4.31212,0,0,0
"1853","EMPAID_NWRF-M06A_2013","2013-07-18",0,0,"F",2013,"EMPAID","EMPAID_WRF-M","EMPAID_WRF-M","U",1,"NAD83 11N",4971410.2225,549879.555528,7.1,"PIPO",335,0.90630778703665,2013-06-06,157,3,NA,33.3333333333333,25,0.571428571428571,"success",1,"199","196",3.1094999,49.1934013,384.9719849,10.4211998,40.5396996,51.7747002,28.7180996,28.7180996,24.8460007,69,29,40,90.2741013,4.31212,0,0,0
"1854","EMPAID_NWRF-M06A_2015","2015-06-02",4,0,"I",2015,"EMPAID","EMPAID_WRF-M","EMPAID_WRF-M","H",1,"NAD83 11N",4971157.211,550057.014,3,"PIPO",200,-0.939692620785908,2015-05-28,148,3,1,8.33333333333333,42.5,0.5,"success",1,"153",NA,6.52846,110.6809998,399.4190063,11.8261995,55.3241005,37.0196991,44.3824997,12.8776999,44.3824997,86,60,26,227.4450073,20.6805992,0,0,4.0837798
"1855","EMPAID_NWRF-M06A_2015","2015-06-05",4,0,"I",2015,"EMPAID","EMPAID_WRF-M","EMPAID_WRF-M","H",1,"NAD83 11N",4971157.211,550057.014,3,"PIPO",200,-0.939692620785908,2015-05-28,148,3,1,8.33333333333333,42.5,0.5,"success",1,"156","153",6.52846,110.6809998,399.4190063,11.8261995,55.3241005,37.0196991,44.3824997,12.8776999,44.3824997,86,60,26,227.4450073,20.6805992,0,0,4.0837798
"1856","EMPAID_NWRF-M06A_2015","2015-06-09",4,0,"I",2015,"EMPAID","EMPAID_WRF-M","EMPAID_WRF-M","H",1,"NAD83 11N",4971157.211,550057.014,3,"PIPO",200,-0.939692620785908,2015-05-28,148,3,1,8.33333333333333,42.5,0.5,"success",1,"160","156",6.52846,110.6809998,399.4190063,11.8261995,55.3241005,37.0196991,44.3824997,12.8776999,44.3824997,86,60,26,227.4450073,20.6805992,0,0,4.0837798
"1857","EMPAID_NWRF-M06A_2015","2015-06-12",999,999,"I",2015,"EMPAID","EMPAID_WRF-M","EMPAID_WRF-M","H",1,"NAD83 11N",4971157.211,550057.014,3,"PIPO",200,-0.939692620785908,2015-05-28,148,3,1,8.33333333333333,42.5,0.5,"success",0,"163","160",6.52846,110.6809998,399.4190063,11.8261995,55.3241005,37.0196991,44.3824997,12.8776999,44.3824997,86,60,26,227.4450073,20.6805992,0,0,4.0837798
"1858","EMPAID_NWRF-M06A_2015","2015-06-14",0,4,"N",2015,"EMPAID","EMPAID_WRF-M","EMPAID_WRF-M","H",1,"NAD83 11N",4971157.211,550057.014,3,"PIPO",200,-0.939692620785908,2015-05-28,148,3,1,8.33333333333333,42.5,0.5,"success",1,"165","163",6.52846,110.6809998,399.4190063,11.8261995,55.3241005,37.0196991,44.3824997,12.8776999,44.3824997,86,60,26,227.4450073,20.6805992,0,0,4.0837798
"1859","EMPAID_NWRF-M06A_2015","2015-06-25",0,4,"N",2015,"EMPAID","EMPAID_WRF-M","EMPAID_WRF-M","H",1,"NAD83 11N",4971157.211,550057.014,3,"PIPO",200,-0.939692620785908,2015-05-28,148,3,1,8.33333333333333,42.5,0.5,"success",1,"176","165",6.52846,110.6809998,399.4190063,11.8261995,55.3241005,37.0196991,44.3824997,12.8776999,44.3824997,86,60,26,227.4450073,20.6805992,0,0,4.0837798
"1860","EMPAID_NWRF-M06A_2015","2015-06-26",999,999,"N",2015,"EMPAID","EMPAID_WRF-M","EMPAID_WRF-M","H",1,"NAD83 11N",4971157.211,550057.014,3,"PIPO",200,-0.939692620785908,2015-05-28,148,3,1,8.33333333333333,42.5,0.5,"success",0,"177","176",6.52846,110.6809998,399.4190063,11.8261995,55.3241005,37.0196991,44.3824997,12.8776999,44.3824997,86,60,26,227.4450073,20.6805992,0,0,4.0837798
"1861","EMPAID_NWRF-M06A_2015","2015-07-01",0,3,"N",2015,"EMPAID","EMPAID_WRF-M","EMPAID_WRF-M","H",1,"NAD83 11N",4971157.211,550057.014,3,"PIPO",200,-0.939692620785908,2015-05-28,148,3,1,8.33333333333333,42.5,0.5,"success",1,"182","177",6.52846,110.6809998,399.4190063,11.8261995,55.3241005,37.0196991,44.3824997,12.8776999,44.3824997,86,60,26,227.4450073,20.6805992,0,0,4.0837798
"1862","EMPAID_NWRF-M06A_2015","2015-07-06",0,1,"N",2015,"EMPAID","EMPAID_WRF-M","EMPAID_WRF-M","H",1,"NAD83 11N",4971157.211,550057.014,3,"PIPO",200,-0.939692620785908,2015-05-28,148,3,1,8.33333333333333,42.5,0.5,"success",1,"187","182",6.52846,110.6809998,399.4190063,11.8261995,55.3241005,37.0196991,44.3824997,12.8776999,44.3824997,86,60,26,227.4450073,20.6805992,0,0,4.0837798
"1863","EMPAID_NWRF-M06A_2015","2015-07-09",0,0,"F",2015,"EMPAID","EMPAID_WRF-M","EMPAID_WRF-M","H",1,"NAD83 11N",4971157.211,550057.014,3,"PIPO",200,-0.939692620785908,2015-05-28,148,3,1,8.33333333333333,42.5,0.5,"success",1,"190","187",6.52846,110.6809998,399.4190063,11.8261995,55.3241005,37.0196991,44.3824997,12.8776999,44.3824997,86,60,26,227.4450073,20.6805992,0,0,4.0837798
"1864","EMPAID_NWRF-M06A_2016","2016-05-26",0,0,"E",2016,"EMPAID","EMPAID_WRF-M","EMPAID_WRF-M","H",1,"NAD83 11N",4971209.707,550181.435,2.1,"PSME",270,-1.83697019872103e-16,2016-05-28,149,4,NA,16.6666666666667,20,0.6,"success",1,"147",NA,5.9657102,108.2320023,414.0329895,11.4113998,54.4440994,37.9583015,43.6198006,15.8697996,43.6198006,81,53,28,196.2720032,21.7658997,7.3590698,0,4.1156101
"1865","EMPAID_NWRF-M06A_2016","2016-06-03",4,0,"I",2016,"EMPAID","EMPAID_WRF-M","EMPAID_WRF-M","H",1,"NAD83 11N",4971209.707,550181.435,2.1,"PSME",270,-1.83697019872103e-16,2016-05-28,149,4,NA,16.6666666666667,20,0.6,"success",1,"155","147",5.9657102,108.2320023,414.0329895,11.4113998,54.4440994,37.9583015,43.6198006,15.8697996,43.6198006,81,53,28,196.2720032,21.7658997,7.3590698,0,4.1156101
"1866","EMPAID_NWRF-M06A_2016","2016-06-13",2,2,"N",2016,"EMPAID","EMPAID_WRF-M","EMPAID_WRF-M","H",1,"NAD83 11N",4971209.707,550181.435,2.1,"PSME",270,-1.83697019872103e-16,2016-05-28,149,4,NA,16.6666666666667,20,0.6,"success",1,"165","155",5.9657102,108.2320023,414.0329895,11.4113998,54.4440994,37.9583015,43.6198006,15.8697996,43.6198006,81,53,28,196.2720032,21.7658997,7.3590698,0,4.1156101
"1867","EMPAID_NWRF-M06A_2016","2016-06-20",0,4,"N",2016,"EMPAID","EMPAID_WRF-M","EMPAID_WRF-M","H",1,"NAD83 11N",4971209.707,550181.435,2.1,"PSME",270,-1.83697019872103e-16,2016-05-28,149,4,NA,16.6666666666667,20,0.6,"success",1,"172","165",5.9657102,108.2320023,414.0329895,11.4113998,54.4440994,37.9583015,43.6198006,15.8697996,43.6198006,81,53,28,196.2720032,21.7658997,7.3590698,0,4.1156101
"1868","EMPAID_NWRF-M06A_2016","2016-06-29",0,4,"N",2016,"EMPAID","EMPAID_WRF-M","EMPAID_WRF-M","H",1,"NAD83 11N",4971209.707,550181.435,2.1,"PSME",270,-1.83697019872103e-16,2016-05-28,149,4,NA,16.6666666666667,20,0.6,"success",1,"181","172",5.9657102,108.2320023,414.0329895,11.4113998,54.4440994,37.9583015,43.6198006,15.8697996,43.6198006,81,53,28,196.2720032,21.7658997,7.3590698,0,4.1156101
"1869","EMPAID_NWRF-M06A_2016","2016-07-06",0,3,"N",2016,"EMPAID","EMPAID_WRF-M","EMPAID_WRF-M","H",1,"NAD83 11N",4971209.707,550181.435,2.1,"PSME",270,-1.83697019872103e-16,2016-05-28,149,4,NA,16.6666666666667,20,0.6,"success",1,"188","181",5.9657102,108.2320023,414.0329895,11.4113998,54.4440994,37.9583015,43.6198006,15.8697996,43.6198006,81,53,28,196.2720032,21.7658997,7.3590698,0,4.1156101
"1870","EMPAID_NWRF-M06A_2016","2016-07-12",999,999,"F",2016,"EMPAID","EMPAID_WRF-M","EMPAID_WRF-M","H",1,"NAD83 11N",4971209.707,550181.435,2.1,"PSME",270,-1.83697019872103e-16,2016-05-28,149,4,NA,16.6666666666667,20,0.6,"success",0,"194","188",5.9657102,108.2320023,414.0329895,11.4113998,54.4440994,37.9583015,43.6198006,15.8697996,43.6198006,81,53,28,196.2720032,21.7658997,7.3590698,0,4.1156101
"1871","EMPAID_NWRF-M08A_2019","2019-06-26",0,4,"N",2019,"EMPAID","EMPAID_WRF-M","EMPAID_WRF-M","HB",1,"NAD83 11N",4970338.646,550530.356,7.4,"PIPO",15,0.965925826289068,2019-06-05,156,3,1,25,2.5,0.5,"success",1,"177",NA,6.2568002,103.2689972,393.7650146,10.8755999,50.9827003,34.6436005,41.1557999,14.7551003,41.1557999,86,61,25,225.5549927,22.8806,21.9881001,0,5.4970198
"1872","EMPAID_NWRF-M08A_2019","2019-07-03",999,999,"N",2019,"EMPAID","EMPAID_WRF-M","EMPAID_WRF-M","HB",1,"NAD83 11N",4970338.646,550530.356,7.4,"PIPO",15,0.965925826289068,2019-06-05,156,3,1,25,2.5,0.5,"success",0,"184","177",6.2568002,103.2689972,393.7650146,10.8755999,50.9827003,34.6436005,41.1557999,14.7551003,41.1557999,86,61,25,225.5549927,22.8806,21.9881001,0,5.4970198
"1873","EMPAID_NWRF-M08A_2019","2019-07-08",0,2,"N",2019,"EMPAID","EMPAID_WRF-M","EMPAID_WRF-M","HB",1,"NAD83 11N",4970338.646,550530.356,7.4,"PIPO",15,0.965925826289068,2019-06-05,156,3,1,25,2.5,0.5,"success",1,"189","184",6.2568002,103.2689972,393.7650146,10.8755999,50.9827003,34.6436005,41.1557999,14.7551003,41.1557999,86,61,25,225.5549927,22.8806,21.9881001,0,5.4970198
"1874","EMPAID_NWRF-M08A_2019","2019-07-15",0,1,"N",2019,"EMPAID","EMPAID_WRF-M","EMPAID_WRF-M","HB",1,"NAD83 11N",4970338.646,550530.356,7.4,"PIPO",15,0.965925826289068,2019-06-05,156,3,1,25,2.5,0.5,"success",1,"196","189",6.2568002,103.2689972,393.7650146,10.8755999,50.9827003,34.6436005,41.1557999,14.7551003,41.1557999,86,61,25,225.5549927,22.8806,21.9881001,0,5.4970198
"1875","EMPAID_NWRF-M08A_2019","2019-07-16",999,999,"N",2019,"EMPAID","EMPAID_WRF-M","EMPAID_WRF-M","HB",1,"NAD83 11N",4970338.646,550530.356,7.4,"PIPO",15,0.965925826289068,2019-06-05,156,3,1,25,2.5,0.5,"success",0,"197","196",6.2568002,103.2689972,393.7650146,10.8755999,50.9827003,34.6436005,41.1557999,14.7551003,41.1557999,86,61,25,225.5549927,22.8806,21.9881001,0,5.4970198
"1876","EMPAID_NWRF-M08A_2019","2019-07-17",999,999,"N",2019,"EMPAID","EMPAID_WRF-M","EMPAID_WRF-M","HB",1,"NAD83 11N",4970338.646,550530.356,7.4,"PIPO",15,0.965925826289068,2019-06-05,156,3,1,25,2.5,0.5,"success",0,"198","197",6.2568002,103.2689972,393.7650146,10.8755999,50.9827003,34.6436005,41.1557999,14.7551003,41.1557999,86,61,25,225.5549927,22.8806,21.9881001,0,5.4970198
"1877","EMPAID_NWRF-M08A_2019","2019-07-18",999,999,"N",2019,"EMPAID","EMPAID_WRF-M","EMPAID_WRF-M","HB",1,"NAD83 11N",4970338.646,550530.356,7.4,"PIPO",15,0.965925826289068,2019-06-05,156,3,1,25,2.5,0.5,"success",0,"199","198",6.2568002,103.2689972,393.7650146,10.8755999,50.9827003,34.6436005,41.1557999,14.7551003,41.1557999,86,61,25,225.5549927,22.8806,21.9881001,0,5.4970198
"1878","EMPAID_NWRF-M08A_2019","2019-07-22",0,0,"F",2019,"EMPAID","EMPAID_WRF-M","EMPAID_WRF-M","HB",1,"NAD83 11N",4970338.646,550530.356,7.4,"PIPO",15,0.965925826289068,2019-06-05,156,3,1,25,2.5,0.5,"success",1,"203","199",6.2568002,103.2689972,393.7650146,10.8755999,50.9827003,34.6436005,41.1557999,14.7551003,41.1557999,86,61,25,225.5549927,22.8806,21.9881001,0,5.4970198
"1879","EMPAID_NWRF-M09A_2018","2018-06-13",4,0,"L",2018,"EMPAID","EMPAID_WRF-M","EMPAID_WRF-M","HB",1,"NAD83 11N",4970091.851,550469.074,4.3,"PIPO",50,0.642787609686539,2018-06-10,161,3,NA,16.6666666666667,17.5,0.333333333333333,"success",1,"164",NA,7.3839102,147.0299988,434.8819885,14.8796997,55.3535004,30.6541996,51.4813995,10.8830004,51.4813995,92,69,23,241.8600006,25.3446999,21.4374008,0,5.8758001
"1880","EMPAID_NWRF-M09A_2018","2018-06-20",999,999,"I",2018,"EMPAID","EMPAID_WRF-M","EMPAID_WRF-M","HB",1,"NAD83 11N",4970091.851,550469.074,4.3,"PIPO",50,0.642787609686539,2018-06-10,161,3,NA,16.6666666666667,17.5,0.333333333333333,"success",0,"171","164",7.3839102,147.0299988,434.8819885,14.8796997,55.3535004,30.6541996,51.4813995,10.8830004,51.4813995,92,69,23,241.8600006,25.3446999,21.4374008,0,5.8758001
"1881","EMPAID_NWRF-M09A_2018","2018-06-22",4,0,"I",2018,"EMPAID","EMPAID_WRF-M","EMPAID_WRF-M","HB",1,"NAD83 11N",4970091.851,550469.074,4.3,"PIPO",50,0.642787609686539,2018-06-10,161,3,NA,16.6666666666667,17.5,0.333333333333333,"success",1,"173","171",7.3839102,147.0299988,434.8819885,14.8796997,55.3535004,30.6541996,51.4813995,10.8830004,51.4813995,92,69,23,241.8600006,25.3446999,21.4374008,0,5.8758001
"1882","EMPAID_NWRF-M09A_2018","2018-06-29",999,999,"N",2018,"EMPAID","EMPAID_WRF-M","EMPAID_WRF-M","HB",1,"NAD83 11N",4970091.851,550469.074,4.3,"PIPO",50,0.642787609686539,2018-06-10,161,3,NA,16.6666666666667,17.5,0.333333333333333,"success",0,"180","173",7.3839102,147.0299988,434.8819885,14.8796997,55.3535004,30.6541996,51.4813995,10.8830004,51.4813995,92,69,23,241.8600006,25.3446999,21.4374008,0,5.8758001
"1883","EMPAID_NWRF-M09A_2018","2018-07-05",0,3,"N",2018,"EMPAID","EMPAID_WRF-M","EMPAID_WRF-M","HB",1,"NAD83 11N",4970091.851,550469.074,4.3,"PIPO",50,0.642787609686539,2018-06-10,161,3,NA,16.6666666666667,17.5,0.333333333333333,"success",1,"186","180",7.3839102,147.0299988,434.8819885,14.8796997,55.3535004,30.6541996,51.4813995,10.8830004,51.4813995,92,69,23,241.8600006,25.3446999,21.4374008,0,5.8758001
"1884","EMPAID_NWRF-M09A_2018","2018-07-09",999,999,"N",2018,"EMPAID","EMPAID_WRF-M","EMPAID_WRF-M","HB",1,"NAD83 11N",4970091.851,550469.074,4.3,"PIPO",50,0.642787609686539,2018-06-10,161,3,NA,16.6666666666667,17.5,0.333333333333333,"success",0,"190","186",7.3839102,147.0299988,434.8819885,14.8796997,55.3535004,30.6541996,51.4813995,10.8830004,51.4813995,92,69,23,241.8600006,25.3446999,21.4374008,0,5.8758001
"1885","EMPAID_NWRF-M09A_2018","2018-07-12",0,3,"N",2018,"EMPAID","EMPAID_WRF-M","EMPAID_WRF-M","HB",1,"NAD83 11N",4970091.851,550469.074,4.3,"PIPO",50,0.642787609686539,2018-06-10,161,3,NA,16.6666666666667,17.5,0.333333333333333,"success",1,"193","190",7.3839102,147.0299988,434.8819885,14.8796997,55.3535004,30.6541996,51.4813995,10.8830004,51.4813995,92,69,23,241.8600006,25.3446999,21.4374008,0,5.8758001
"1886","EMPAID_NWRF-M09A_2018","2018-07-16",0,3,"N",2018,"EMPAID","EMPAID_WRF-M","EMPAID_WRF-M","HB",1,"NAD83 11N",4970091.851,550469.074,4.3,"PIPO",50,0.642787609686539,2018-06-10,161,3,NA,16.6666666666667,17.5,0.333333333333333,"success",1,"197","193",7.3839102,147.0299988,434.8819885,14.8796997,55.3535004,30.6541996,51.4813995,10.8830004,51.4813995,92,69,23,241.8600006,25.3446999,21.4374008,0,5.8758001
"1887","EMPAID_NWRF-M09A_2018","2018-07-19",0,3,"N",2018,"EMPAID","EMPAID_WRF-M","EMPAID_WRF-M","HB",1,"NAD83 11N",4970091.851,550469.074,4.3,"PIPO",50,0.642787609686539,2018-06-10,161,3,NA,16.6666666666667,17.5,0.333333333333333,"success",1,"200","197",7.3839102,147.0299988,434.8819885,14.8796997,55.3535004,30.6541996,51.4813995,10.8830004,51.4813995,92,69,23,241.8600006,25.3446999,21.4374008,0,5.8758001
"1888","EMPAID_NWRF-M09A_2018","2018-07-23",0,0,"F",2018,"EMPAID","EMPAID_WRF-M","EMPAID_WRF-M","HB",1,"NAD83 11N",4970091.851,550469.074,4.3,"PIPO",50,0.642787609686539,2018-06-10,161,3,NA,16.6666666666667,17.5,0.333333333333333,"success",1,"204","200",7.3839102,147.0299988,434.8819885,14.8796997,55.3535004,30.6541996,51.4813995,10.8830004,51.4813995,92,69,23,241.8600006,25.3446999,21.4374008,0,5.8758001
