"","parameter","2.5%","25%","50%","75%","97.5%","Model"
"1","Sea surface temp",-3.21545225372572,-2.88322262845366,-2.71718349383086,-2.55296432071377,-2.25271794365413,"Model1_TotalExposure"
"2","Wave power",-1.42434291599855,-1.14641982426201,-1.00316453175009,-0.863412447183308,-0.605525017537375,"Model1_TotalExposure"
"3","Stipe number",0.966951939196476,1.23123326822275,1.36982893797025,1.50923913022006,1.77824349178972,"Model1_TotalExposure"
"4","Holdfast diameter",-0.307741255801312,-0.127598320847754,-0.0358608708600069,0.054284050633979,0.221668485193585,"Model1_TotalExposure"
"5","Plant depth",-0.109638934561267,0.0575119578766477,0.145479127111818,0.234469757768201,0.40498310649933,"Model1_TotalExposure"
