"","parameter","2.5%","25%","50%","75%","97.5%","Model"
"1","Sea surface temp",-1.93565070766788,-1.80237024876376,-1.73481521726069,-1.66784661024129,-1.54315777444082,"Model3_CustomProb"
"2","Wave power",-3.07232977401801,-2.95125181012417,-2.88271323996972,-2.81058331840362,-2.66329935108599,"Model3_CustomProb"
"3","Stipe number",0.0481092425454196,0.121455246758706,0.162090042234369,0.204321908776485,0.289506444201434,"Model3_CustomProb"
"4","Holdfast diameter",0.00661503208080721,0.0832090279751825,0.126812625196885,0.171880807298179,0.259810499988208,"Model3_CustomProb"
"5","Plant depth",-0.22343310848744,-0.145798301295706,-0.107721590435685,-0.0714385781218426,0.000889986728500381,"Model3_CustomProb"
"6","Substrate = boulder",-0.407490700493293,-0.025540775947031,0.23692655667751,0.514815226521859,1.05062171441702,"Model3_CustomProb"
"7","Substrate = cobble",-0.650043732665142,-0.316948264122201,-0.104911794717759,0.146763925198186,0.663425951610639,"Model3_CustomProb"
"8","Substrate = sand",-0.39355838437357,-0.202071975394612,-0.110547456362247,-0.0268540485182708,0.141478811000463,"Model3_CustomProb"
"9","Substrate = shallow sand",-0.328245808192422,-0.135582061095604,-0.0311122066440111,0.0835356673314561,0.316725098364342,"Model3_CustomProb"
