"","parameter","2.5%","25%","50%","75%","97.5%","Model"
"1","Sea surface temp",-3.07902684906416,-2.74255663073957,-2.57527353330117,-2.41558033609076,-2.1231148155683,"Model1_TotalExposure"
"2","Wave power",-1.20699327082512,-0.937563095743682,-0.798212906128397,-0.661636922265421,-0.415987114016177,"Model1_TotalExposure"
"3","Stipe number",0.659221817725026,0.798729061370517,0.873478211437699,0.949874298011417,1.09895447297411,"Model1_TotalExposure"
"4","Holdfast diameter",-0.193602795645789,-0.0868320788139665,-0.0304323225122699,0.0259774604096685,0.134689814499784,"Model1_TotalExposure"
"5","Plant depth",-0.131770214748388,-0.0250871147650647,0.0299607392738509,0.0848756788174306,0.18965459708815,"Model1_TotalExposure"
"6","Substrate = boulder",-0.313846847253454,0.306227001663302,0.658323239878,1.02015677228249,1.71249838666035,"Model1_TotalExposure"
"7","Substrate = cobble",-0.933157003960711,-0.462980041602728,-0.213208804031551,0.0415136939470302,0.538418800778585,"Model1_TotalExposure"
"8","Substrate = sand",0.191630948365435,0.454240024859795,0.594183650204261,0.736501737038945,1.01309035320947,"Model1_TotalExposure"
"9","Substrate = shallow sand",-0.448479333862419,-0.130033549503541,0.0373494652486638,0.206184748366982,0.532158679100432,"Model1_TotalExposure"
