"","parameter","2.5%","25%","50%","75%","97.5%","Model"
"1","Sea surface temp",-1.94795284013727,-1.8115547801888,-1.74194038167186,-1.67435668195554,-1.54861870173051,"Model3_CustomProb"
"2","Wave power",-3.06845475700981,-2.94918054058002,-2.88023963299249,-2.80770350005293,-2.66641584657384,"Model3_CustomProb"
"3","Stipe number",0.0485153954461588,0.120613495078037,0.161328649344997,0.203661817230899,0.289061543034776,"Model3_CustomProb"
"4","Holdfast diameter",0.00793476070655987,0.0819326561174048,0.124799421776519,0.168179945100246,0.253898002182218,"Model3_CustomProb"
"5","Plant depth",-0.218847062773189,-0.145162279080028,-0.109546613608029,-0.0758161266322669,-0.0101259033479137,"Model3_CustomProb"
"6","Substrate = boulder",-0.415160502527989,-0.0336148048569518,0.228601908691567,0.50449897640128,1.03856636991676,"Model3_CustomProb"
"7","Substrate = cobble",-0.649129930813351,-0.317677212759004,-0.10774255691675,0.141954078895528,0.65566258846634,"Model3_CustomProb"
"8","Substrate = sand",-0.390817164865696,-0.210808169869889,-0.121118608827319,-0.0396169029469828,0.116736124718242,"Model3_CustomProb"
"9","Substrate = shallow sand",-0.335838571361767,-0.146534253555807,-0.0478962544519664,0.0606696680775433,0.280545358296833,"Model3_CustomProb"
