"","parameter","2.5%","25%","50%","75%","97.5%","Model"
"1","Sea surface temp",-3.06996523772411,-2.75367203858285,-2.58622630359745,-2.42462134990044,-2.13334276895909,"Model1_TotalExposure"
"2","Wave power",-1.22171876314488,-0.939546175819379,-0.803889909100287,-0.666415585634768,-0.421290141880618,"Model1_TotalExposure"
"3","Stipe number",0.660252524543655,0.801029759287896,0.876736071389508,0.953013686909967,1.1026280402378,"Model1_TotalExposure"
"4","Holdfast diameter",-0.196274626089904,-0.0889703292522096,-0.0319310657121031,0.0250123784067941,0.135833603670446,"Model1_TotalExposure"
"5","Plant depth",-0.134784202321092,-0.0266521987030932,0.0296510928467864,0.0856752900931128,0.188071049930751,"Model1_TotalExposure"
"6","Substrate = boulder",-0.310553742573489,0.306373976168855,0.655239619948216,1.01858960663747,1.71048222643306,"Model1_TotalExposure"
"7","Substrate = cobble",-0.939273962174574,-0.466986403153286,-0.215628751073023,0.0394948796354413,0.5381600051074,"Model1_TotalExposure"
"8","Substrate = sand",0.190913866201917,0.462767534054125,0.602773209556419,0.745659532544134,1.02828089190965,"Model1_TotalExposure"
"9","Substrate = shallow sand",-0.444846203044427,-0.123450176290791,0.044491243034687,0.214006223854374,0.533001057847481,"Model1_TotalExposure"
