"","parameter","2.5%","25%","50%","75%","97.5%","Model"
"1","Sea surface temp",-3.09955837917247,-2.75868481129455,-2.59550272755012,-2.43788843472622,-2.13013482181922,"Model1_TotalExposure"
"2","Wave power",-1.20390593696124,-0.942731766142349,-0.804861408740417,-0.667322517754779,-0.416583991015592,"Model1_TotalExposure"
"3","Stipe number",0.660673480863797,0.801708651445764,0.877834955112384,0.95487156028226,1.1054589304911,"Model1_TotalExposure"
"4","Holdfast diameter",-0.195436792488503,-0.0882890323383245,-0.0318295351012403,0.0254711197606027,0.134805941201652,"Model1_TotalExposure"
"5","Plant depth",-0.134577128215602,-0.0277702445670384,0.0281470235268399,0.0836115736985488,0.190453518042889,"Model1_TotalExposure"
"6","Substrate = boulder",-0.312671941178003,0.307267680064493,0.651155807786427,1.02154451027966,1.72619507390731,"Model1_TotalExposure"
"7","Substrate = cobble",-0.936021888791014,-0.459276488886173,-0.213068625892079,0.0395246973673173,0.530381527337636,"Model1_TotalExposure"
"8","Substrate = sand",0.205515089100454,0.467423522717955,0.606805913470977,0.748270299263216,1.02496348497483,"Model1_TotalExposure"
"9","Substrate = shallow sand",-0.433643784403096,-0.123433769317676,0.0447504390735398,0.211944230820527,0.537189960837471,"Model1_TotalExposure"
