"","parameter","2.5%","25%","50%","75%","97.5%","Model"
"1","Sea surface temp",-0.107330442331397,-0.0712672366813316,-0.0523750973540108,-0.0337135882347629,0.00177034526764734,"Model2_IntervalData"
"2","Wave power",-0.296927005133558,-0.262448477875149,-0.244715898349292,-0.22699466369682,-0.193001925621407,"Model2_IntervalData"
"3","Stipe number",0.254144164529547,0.311503338797053,0.341559226431882,0.372519974380532,0.431432858922093,"Model2_IntervalData"
"4","Holdfast diameter",-0.0352761558883612,0.00846490785881227,0.0317534253002809,0.0549585311199264,0.0993894850092876,"Model2_IntervalData"
"5","Plant depth",0.0336034351450134,0.0726883348975062,0.0939057696047536,0.114816060999538,0.153330886415913,"Model2_IntervalData"
"6","Substrate = boulder",-0.336563864656895,-0.131212168706476,-0.0185596351839231,0.0945048719820717,0.315147159448123,"Model2_IntervalData"
"7","Substrate = cobble",-0.583634734791346,-0.335223889811043,-0.197050584119902,-0.049058314024859,0.255776981936342,"Model2_IntervalData"
"8","Substrate = sand",-0.0964961113059903,0.000585170518117394,0.0543929924284805,0.10757622702078,0.205920084231019,"Model2_IntervalData"
"9","Substrate = shallow sand",-0.0058054085571007,0.0948564669348077,0.148699101603536,0.203685858528695,0.307270222730367,"Model2_IntervalData"
