"","parameter","2.5%","25%","50%","75%","97.5%","Model"
"1","Sea surface temp",-0.10723166786443,-0.0713984943420798,-0.0529379098349944,-0.0346414537463972,0.0018677941076627,"Model2_IntervalData"
"2","Wave power",-0.296521468039201,-0.262584116460088,-0.244607894178446,-0.227038651350185,-0.193566240003462,"Model2_IntervalData"
"3","Stipe number",0.255305855077484,0.31105984231633,0.341298017701503,0.372000254348359,0.431021537931783,"Model2_IntervalData"
"4","Holdfast diameter",-0.0339916054041921,0.00886639679335608,0.0324924376355476,0.0557479083586072,0.101917805225004,"Model2_IntervalData"
"5","Plant depth",0.0319164075010438,0.0726732789491212,0.0937965151061126,0.115383568634496,0.155505943889376,"Model2_IntervalData"
"6","Substrate = boulder",-0.337255551784117,-0.138755268110778,-0.0268962704016931,0.0900905924950276,0.321682676305892,"Model2_IntervalData"
"7","Substrate = cobble",-0.595786112285148,-0.336752843444705,-0.193867134670525,-0.0480308560759204,0.253660477756589,"Model2_IntervalData"
"8","Substrate = sand",-0.101258658051202,-0.0019772072203466,0.052267043603766,0.10525070705437,0.205223386296015,"Model2_IntervalData"
"9","Substrate = shallow sand",-0.0104212727682767,0.0921111587705932,0.147611065950415,0.202884129469294,0.31131929914867,"Model2_IntervalData"
