"","Dataset","ID","fate","t","x"
"1","1",1,0,1,-0.833872179072249
"2","1",2,0,1,-0.833872179072249
"3","1",3,0,1,-0.833872179072249
"4","1",4,0,3,-0.59912048940435
"5","1",5,0,3,-0.59912048940435
"6","1",6,0,3,-0.59912048940435
"7","1",7,0,1,-0.833872179072249
"8","1",8,0,1,-0.833872179072249
"9","1",9,0,3,-0.59912048940435
"10","1",10,0,1,-0.833872179072249
"11","1",11,0,1,-0.833872179072249
"12","1",12,0,1,-0.833872179072249
"13","1",13,0,1,-0.833872179072249
"14","1",14,0,3,-0.59912048940435
"15","1",15,0,1,-0.833872179072249
"16","1",16,0,1,-0.833872179072249
"17","1",17,0,1,-0.833872179072249
"18","1",18,0,1,-0.833872179072249
"19","1",19,0,2,-0.359172719531299
"20","1",20,0,1,-0.833872179072249
"21","1",21,0,3,-0.59912048940435
"22","1",22,0,3,-0.59912048940435
"23","1",23,0,1,-0.833872179072249
"24","1",24,0,1,-0.833872179072249
"25","1",25,0,1,-0.833872179072249
"26","1",26,0,1,-0.833872179072249
"27","1",27,0,3,-0.59912048940435
"28","1",28,0,1,-0.833872179072249
"29","1",29,0,1,-0.833872179072249
"30","1",30,0,1,-0.833872179072249
"31","2",1,0,2,-0.0707759793814464
"32","2",2,0,5,0.13410106769122
"33","2",3,0,5,0.13410106769122
"34","2",4,0,2,-0.0707759793814464
"35","2",5,0,2,-0.0707759793814464
"36","2",6,0,7,-0.0752545961878608
"37","2",7,0,5,0.13410106769122
"38","2",8,0,4,0.374610500772328
"39","2",9,0,5,0.13410106769122
"40","2",10,0,2,-0.0707759793814464
"41","2",11,0,2,-0.0707759793814464
"42","2",12,0,5,0.13410106769122
"43","2",13,0,7,-0.0752545961878608
"44","2",14,0,5,0.13410106769122
"45","2",15,0,2,-0.0707759793814464
"46","2",16,0,7,-0.0752545961878608
"47","2",17,0,5,0.13410106769122
"48","2",18,0,2,-0.0707759793814464
"49","2",19,0,2,-0.0707759793814464
"50","2",20,0,5,0.13410106769122
"51","2",21,0,2,-0.0707759793814464
"52","2",22,0,7,-0.0752545961878608
"53","2",23,0,7,-0.0752545961878608
"54","2",24,0,5,0.13410106769122
"55","2",25,0,5,0.13410106769122
"56","2",26,0,7,-0.0752545961878608
"57","2",27,0,5,0.13410106769122
"58","2",28,0,2,-0.0707759793814464
"59","2",29,0,2,-0.0707759793814464
"60","2",30,0,4,0.374610500772328
"61","3",1,0,2,-1.25801119835099
"62","3",2,0,2,-1.25801119835099
"63","3",3,0,2,-1.25801119835099
"64","3",4,0,2,-1.25801119835099
"65","3",5,0,2,-1.25801119835099
"66","3",6,0,2,-1.25801119835099
"67","3",7,0,2,-1.25801119835099
"68","3",8,0,2,-1.25801119835099
"69","3",9,0,2,-1.25801119835099
"70","3",10,0,2,-1.25801119835099
"71","3",11,0,2,-1.25801119835099
"72","3",12,0,2,-1.25801119835099
"73","3",13,0,2,-1.25801119835099
"74","3",14,0,2,-1.25801119835099
"75","3",15,0,2,-1.25801119835099
"76","3",16,0,2,-1.25801119835099
"77","3",17,0,2,-1.25801119835099
"78","3",18,0,2,-1.25801119835099
"79","3",19,0,2,-1.25801119835099
"80","3",20,0,2,-1.25801119835099
"81","3",21,0,2,-1.25801119835099
"82","3",22,0,2,-1.25801119835099
"83","3",23,0,2,-1.25801119835099
"84","3",24,0,2,-1.25801119835099
"85","3",25,0,2,-1.25801119835099
"86","3",26,0,2,-1.25801119835099
"87","3",27,0,2,-1.25801119835099
"88","3",28,0,2,-1.25801119835099
"89","3",29,0,2,-1.25801119835099
"90","3",30,0,2,-1.25801119835099
"91","4",1,0,1,-0.494106526451523
"92","4",2,0,1,-0.494106526451523
"93","4",3,0,3,-0.410122099085862
"94","4",4,0,1,-0.494106526451523
"95","4",5,0,6,-0.0666360913123596
"96","4",6,0,2,-0.465909691007737
"97","4",7,0,2,-0.465909691007737
"98","4",8,0,5,0.218577926909681
"99","4",9,0,6,-0.0666360913123596
"100","4",10,0,2,-0.465909691007737
"101","4",11,0,6,-0.0666360913123596
"102","4",12,0,2,-0.465909691007737
"103","4",13,0,3,-0.410122099085862
"104","4",14,0,6,-0.0666360913123596
"105","4",15,0,2,-0.465909691007737
"106","4",16,0,6,-0.0666360913123596
"107","4",17,0,10,0.122775739239415
"108","4",18,0,1,-0.494106526451523
"109","4",19,0,1,-0.494106526451523
"110","4",20,0,6,-0.0666360913123596
"111","4",21,0,2,-0.465909691007737
"112","4",22,0,1,-0.494106526451523
"113","4",23,0,3,-0.410122099085862
"114","4",24,0,1,-0.494106526451523
"115","4",25,0,6,-0.0666360913123596
"116","4",26,0,6,-0.0666360913123596
"117","4",27,0,6,-0.0666360913123596
"118","4",28,0,3,-0.410122099085862
"119","4",29,0,1,-0.494106526451523
"120","4",30,0,1,-0.494106526451523
"121","5",1,0,5,0.455701767371793
"122","5",2,0,4,0.799518418791145
"123","5",3,0,6,0.171515478247812
"124","5",4,0,4,0.799518418791145
"125","5",5,0,4,0.799518418791145
"126","5",6,0,4,0.799518418791145
"127","5",7,0,5,0.455701767371793
"128","5",8,0,5,0.455701767371793
"129","5",9,0,4,0.799518418791145
"130","5",10,0,5,0.455701767371793
"131","5",11,0,6,0.171515478247812
"132","5",12,0,4,0.799518418791145
"133","5",13,0,5,0.455701767371793
"134","5",14,0,4,0.799518418791145
"135","5",15,0,4,0.799518418791145
"136","5",16,0,4,0.799518418791145
"137","5",17,0,4,0.799518418791145
"138","5",18,0,5,0.455701767371793
"139","5",19,0,4,0.799518418791145
"140","5",20,0,4,0.799518418791145
"141","5",21,0,5,0.455701767371793
"142","5",22,0,4,0.799518418791145
"143","5",23,0,4,0.799518418791145
"144","5",24,0,4,0.799518418791145
"145","5",25,0,6,0.171515478247812
"146","5",26,0,4,0.799518418791145
"147","5",27,0,5,0.455701767371793
"148","5",28,0,5,0.455701767371793
"149","5",29,0,4,0.799518418791145
"150","5",30,0,5,0.455701767371793
"151","6",1,0,3,-0.0398981706768745
"152","6",2,0,6,0.300134857704281
"153","6",3,0,3,-0.0398981706768745
"154","6",4,0,2,0.687323530936408
"155","6",5,0,2,0.687323530936408
"156","6",6,0,2,0.687323530936408
"157","6",7,0,3,-0.0398981706768745
"158","6",8,0,2,0.687323530936408
"159","6",9,0,2,0.687323530936408
"160","6",10,0,2,0.687323530936408
"161","6",11,0,3,-0.0398981706768745
"162","6",12,0,2,0.687323530936408
"163","6",13,0,2,0.687323530936408
"164","6",14,0,3,-0.0398981706768745
"165","6",15,0,3,-0.0398981706768745
"166","6",16,0,3,-0.0398981706768745
"167","6",17,0,2,0.687323530936408
"168","6",18,0,3,-0.0398981706768745
"169","6",19,0,2,0.687323530936408
"170","6",20,0,3,-0.0398981706768745
"171","6",21,0,2,0.687323530936408
"172","6",22,0,2,0.687323530936408
"173","6",23,0,3,-0.0398981706768745
"174","6",24,0,3,-0.0398981706768745
"175","6",25,0,3,-0.0398981706768745
"176","6",26,0,2,0.687323530936408
"177","6",27,0,3,-0.0398981706768745
"178","6",28,0,2,0.687323530936408
"179","6",29,0,3,-0.0398981706768745
"180","6",30,0,6,0.300134857704281
"181","7",1,0,5,0.0867452647632294
"182","7",2,0,5,0.0867452647632294
"183","7",3,0,5,0.0867452647632294
"184","7",4,0,5,0.0867452647632294
"185","7",5,0,5,0.0867452647632294
"186","7",6,0,5,0.0867452647632294
"187","7",7,0,5,0.0867452647632294
"188","7",8,0,5,0.0867452647632294
"189","7",9,0,5,0.0867452647632294
"190","7",10,0,5,0.0867452647632294
"191","7",11,0,5,0.0867452647632294
"192","7",12,0,5,0.0867452647632294
"193","7",13,0,5,0.0867452647632294
"194","7",14,0,3,0.599863030758535
"195","7",15,0,5,0.0867452647632294
"196","7",16,0,5,0.0867452647632294
"197","7",17,0,5,0.0867452647632294
"198","7",18,0,5,0.0867452647632294
"199","7",19,0,5,0.0867452647632294
"200","7",20,0,5,0.0867452647632294
"201","7",21,0,5,0.0867452647632294
"202","7",22,0,5,0.0867452647632294
"203","7",23,0,5,0.0867452647632294
"204","7",24,0,3,0.599863030758535
"205","7",25,0,5,0.0867452647632294
"206","7",26,0,3,0.599863030758535
"207","7",27,0,5,0.0867452647632294
"208","7",28,0,3,0.599863030758535
"209","7",29,0,5,0.0867452647632294
"210","7",30,0,5,0.0867452647632294
"211","8",1,0,3,-0.111346338356402
"212","8",2,0,1,0.15928017647576
"213","8",3,0,3,-0.111346338356402
"214","8",4,0,3,-0.111346338356402
"215","8",5,0,3,-0.111346338356402
"216","8",6,0,3,-0.111346338356402
"217","8",7,0,3,-0.111346338356402
"218","8",8,0,3,-0.111346338356402
"219","8",9,0,3,-0.111346338356402
"220","8",10,0,3,-0.111346338356402
"221","8",11,0,3,-0.111346338356402
"222","8",12,0,3,-0.111346338356402
"223","8",13,0,3,-0.111346338356402
"224","8",14,0,3,-0.111346338356402
"225","8",15,0,3,-0.111346338356402
"226","8",16,0,3,-0.111346338356402
"227","8",17,0,3,-0.111346338356402
"228","8",18,0,3,-0.111346338356402
"229","8",19,0,3,-0.111346338356402
"230","8",20,0,3,-0.111346338356402
"231","8",21,0,3,-0.111346338356402
"232","8",22,0,3,-0.111346338356402
"233","8",23,0,3,-0.111346338356402
"234","8",24,0,3,-0.111346338356402
"235","8",25,0,3,-0.111346338356402
"236","8",26,0,3,-0.111346338356402
"237","8",27,0,3,-0.111346338356402
"238","8",28,0,3,-0.111346338356402
"239","8",29,0,1,0.15928017647576
"240","8",30,0,3,-0.111346338356402
"241","9",1,0,2,0.0866253068319068
"242","9",2,0,5,-0.0184940590284384
"243","9",3,0,1,-0.297546061247295
"244","9",4,0,5,-0.0184940590284384
"245","9",5,0,4,0.0992490567993354
"246","9",6,0,18,0.222312253451277
"247","9",7,0,12,0.279617407915293
"248","9",8,0,10,0.297076746299871
"249","9",9,0,13,0.20950682235892
"250","9",10,0,1,-0.297546061247295
"251","9",11,0,5,-0.0184940590284384
"252","9",12,0,13,0.20950682235892
"253","9",13,0,4,0.0992490567993354
"254","9",14,0,5,-0.0184940590284384
"255","9",15,0,8,0.124598610855928
"256","9",16,0,1,-0.297546061247295
"257","9",17,0,1,-0.297546061247295
"258","9",18,0,1,-0.297546061247295
"259","9",19,0,5,-0.0184940590284384
"260","9",20,0,5,-0.0184940590284384
"261","9",21,0,5,-0.0184940590284384
"262","9",22,0,5,-0.0184940590284384
"263","9",23,0,1,-0.297546061247295
"264","9",24,0,18,0.222312253451277
"265","9",25,0,4,0.0992490567993354
"266","9",26,0,1,-0.297546061247295
"267","9",27,0,13,0.20950682235892
"268","9",28,0,1,-0.297546061247295
"269","9",29,0,1,-0.297546061247295
"270","9",30,0,5,-0.0184940590284384
"271","10",1,0,2,-0.457132906176315
"272","10",2,0,2,-0.457132906176315
"273","10",3,0,2,-0.457132906176315
"274","10",4,0,6,0.07673136334173
"275","10",5,0,1,-0.148899811395758
"276","10",6,0,6,0.07673136334173
"277","10",7,0,2,-0.457132906176315
"278","10",8,0,1,-0.148899811395758
"279","10",9,0,2,-0.457132906176315
"280","10",10,0,1,-0.148899811395758
"281","10",11,0,2,-0.457132906176315
"282","10",12,0,1,-0.148899811395758
"283","10",13,0,2,-0.457132906176315
"284","10",14,0,2,-0.457132906176315
"285","10",15,0,2,-0.457132906176315
"286","10",16,0,1,-0.148899811395758
"287","10",17,0,2,-0.457132906176315
"288","10",18,0,2,-0.457132906176315
"289","10",19,0,2,-0.457132906176315
"290","10",20,0,2,-0.457132906176315
"291","10",21,0,6,0.07673136334173
"292","10",22,0,2,-0.457132906176315
"293","10",23,0,2,-0.457132906176315
"294","10",24,0,2,-0.457132906176315
"295","10",25,0,1,-0.148899811395758
"296","10",26,0,2,-0.457132906176315
"297","10",27,0,6,0.07673136334173
"298","10",28,0,2,-0.457132906176315
"299","10",29,0,1,-0.148899811395758
"300","10",30,0,2,-0.457132906176315
"301","11",1,0,13,0.41453070162183
"302","11",2,0,7,0.508856413473231
"303","11",3,0,13,0.41453070162183
"304","11",4,0,13,0.41453070162183
"305","11",5,0,3,0.403149576234139
"306","11",6,0,13,0.41453070162183
"307","11",7,0,3,0.403149576234139
"308","11",8,0,13,0.41453070162183
"309","11",9,0,13,0.41453070162183
"310","11",10,0,7,0.508856413473231
"311","11",11,0,13,0.41453070162183
"312","11",12,0,16,0.325190371909285
"313","11",13,0,13,0.41453070162183
"314","11",14,0,13,0.41453070162183
"315","11",15,0,13,0.41453070162183
"316","11",16,0,13,0.41453070162183
"317","11",17,0,7,0.508856413473231
"318","11",18,0,13,0.41453070162183
"319","11",19,0,14,0.382847008592551
"320","11",20,0,13,0.41453070162183
"321","11",21,0,16,0.325190371909285
"322","11",22,0,7,0.508856413473231
"323","11",23,0,13,0.41453070162183
"324","11",24,0,13,0.41453070162183
"325","11",25,0,13,0.41453070162183
"326","11",26,0,13,0.41453070162183
"327","11",27,0,13,0.41453070162183
"328","11",28,0,13,0.41453070162183
"329","11",29,0,5,0.546036065336799
"330","11",30,0,13,0.41453070162183
"331","12",1,0,3,0.160046049606871
"332","12",2,0,8,0.243112717628748
"333","12",3,0,1,0.120491267287445
"334","12",4,0,3,0.160046049606871
"335","12",5,0,3,0.160046049606871
"336","12",6,0,3,0.160046049606871
"337","12",7,0,3,0.160046049606871
"338","12",8,0,3,0.160046049606871
"339","12",9,0,1,0.120491267287445
"340","12",10,0,3,0.160046049606871
"341","12",11,0,3,0.160046049606871
"342","12",12,0,11,0.147842429822
"343","12",13,0,3,0.160046049606871
"344","12",14,0,3,0.160046049606871
"345","12",15,0,3,0.160046049606871
"346","12",16,0,3,0.160046049606871
"347","12",17,0,1,0.120491267287445
"348","12",18,0,3,0.160046049606871
"349","12",19,0,3,0.160046049606871
"350","12",20,0,8,0.243112717628748
"351","12",21,0,3,0.160046049606871
"352","12",22,0,3,0.160046049606871
"353","12",23,0,3,0.160046049606871
"354","12",24,0,3,0.160046049606871
"355","12",25,0,3,0.160046049606871
"356","12",26,0,3,0.160046049606871
"357","12",27,0,3,0.160046049606871
"358","12",28,0,3,0.160046049606871
"359","12",29,0,3,0.160046049606871
"360","12",30,0,3,0.160046049606871
"361","13",1,0,2,-0.952364418350913
"362","13",2,0,1,-0.541316394919007
"363","13",3,0,1,-0.541316394919007
"364","13",4,0,2,-0.952364418350913
"365","13",5,0,2,-0.952364418350913
"366","13",6,0,1,-0.541316394919007
"367","13",7,0,2,-0.952364418350913
"368","13",8,0,1,-0.541316394919007
"369","13",9,0,1,-0.541316394919007
"370","13",10,0,2,-0.952364418350913
"371","13",11,0,2,-0.952364418350913
"372","13",12,0,2,-0.952364418350913
"373","13",13,0,1,-0.541316394919007
"374","13",14,0,2,-0.952364418350913
"375","13",15,0,2,-0.952364418350913
"376","13",16,0,2,-0.952364418350913
"377","13",17,0,1,-0.541316394919007
"378","13",18,0,5,-0.0222252701547621
"379","13",19,0,2,-0.952364418350913
"380","13",20,0,1,-0.541316394919007
"381","13",21,0,2,-0.952364418350913
"382","13",22,0,1,-0.541316394919007
"383","13",23,0,2,-0.952364418350913
"384","13",24,0,1,-0.541316394919007
"385","13",25,0,1,-0.541316394919007
"386","13",26,0,1,-0.541316394919007
"387","13",27,0,2,-0.952364418350913
"388","13",28,0,2,-0.952364418350913
"389","13",29,0,1,-0.541316394919007
"390","13",30,0,1,-0.541316394919007
"391","14",1,0,3,0.0935543316562544
"392","14",2,0,8,0.417970539763359
"393","14",3,0,3,0.0935543316562544
"394","14",4,0,8,0.417970539763359
"395","14",5,0,9,0.33002209566386
"396","14",6,0,12,0.122033656165134
"397","14",7,0,8,0.417970539763359
"398","14",8,0,12,0.122033656165134
"399","14",9,0,9,0.33002209566386
"400","14",10,0,8,0.417970539763359
"401","14",11,0,6,0.515799049246818
"402","14",12,0,9,0.33002209566386
"403","14",13,0,9,0.33002209566386
"404","14",14,0,10,0.200965292775237
"405","14",15,0,8,0.417970539763359
"406","14",16,0,8,0.417970539763359
"407","14",17,0,6,0.515799049246818
"408","14",18,0,8,0.417970539763359
"409","14",19,0,1,0.358387209661364
"410","14",20,0,3,0.0935543316562544
"411","14",21,0,10,0.200965292775237
"412","14",22,0,9,0.33002209566386
"413","14",23,0,6,0.515799049246818
"414","14",24,0,3,0.0935543316562544
"415","14",25,0,2,0.350020876964875
"416","14",26,0,3,0.0935543316562544
"417","14",27,0,3,0.0935543316562544
"418","14",28,0,3,0.0935543316562544
"419","14",29,0,3,0.0935543316562544
"420","14",30,0,8,0.417970539763359
"421","15",1,0,4,-0.112907096888919
"422","15",2,0,4,-0.112907096888919
"423","15",3,0,4,-0.112907096888919
"424","15",4,0,4,-0.112907096888919
"425","15",5,0,2,0.351863939602816
"426","15",6,0,2,0.351863939602816
"427","15",7,0,4,-0.112907096888919
"428","15",8,0,4,-0.112907096888919
"429","15",9,0,4,-0.112907096888919
"430","15",10,0,4,-0.112907096888919
"431","15",11,0,5,-0.457643030121611
"432","15",12,0,4,-0.112907096888919
"433","15",13,0,4,-0.112907096888919
"434","15",14,0,4,-0.112907096888919
"435","15",15,0,4,-0.112907096888919
"436","15",16,0,4,-0.112907096888919
"437","15",17,0,4,-0.112907096888919
"438","15",18,0,4,-0.112907096888919
"439","15",19,0,4,-0.112907096888919
"440","15",20,0,4,-0.112907096888919
"441","15",21,0,3,0.237717649140015
"442","15",22,0,2,0.351863939602816
"443","15",23,0,4,-0.112907096888919
"444","15",24,0,5,-0.457643030121611
"445","15",25,0,4,-0.112907096888919
"446","15",26,0,5,-0.457643030121611
"447","15",27,0,4,-0.112907096888919
"448","15",28,0,2,0.351863939602816
"449","15",29,0,2,0.351863939602816
"450","15",30,0,3,0.237717649140015
"451","16",1,0,4,0.839934365438685
"452","16",2,0,4,0.839934365438685
"453","16",3,0,4,0.839934365438685
"454","16",4,0,4,0.839934365438685
"455","16",5,0,4,0.839934365438685
"456","16",6,0,4,0.839934365438685
"457","16",7,0,9,0.482210705655835
"458","16",8,0,5,0.73219793059144
"459","16",9,0,4,0.839934365438685
"460","16",10,0,4,0.839934365438685
"461","16",11,0,10,0.380548775752662
"462","16",12,0,4,0.839934365438685
"463","16",13,0,4,0.839934365438685
"464","16",14,0,15,0.131400873970904
"465","16",15,0,6,0.596713294803007
"466","16",16,0,10,0.380548775752662
"467","16",17,0,8,0.56978202450065
"468","16",18,0,11,0.234709155717562
"469","16",19,0,11,0.234709155717562
"470","16",20,0,4,0.839934365438685
"471","16",21,0,4,0.839934365438685
"472","16",22,0,4,0.839934365438685
"473","16",23,0,4,0.839934365438685
"474","16",24,0,11,0.234709155717562
"475","16",25,0,6,0.596713294803007
"476","16",26,0,4,0.839934365438685
"477","16",27,0,10,0.380548775752662
"478","16",28,0,4,0.839934365438685
"479","16",29,0,11,0.234709155717562
"480","16",30,0,11,0.234709155717562
"481","17",1,0,4,0.352331875425625
"482","17",2,0,4,0.352331875425625
"483","17",3,0,4,0.352331875425625
"484","17",4,0,4,0.352331875425625
"485","17",5,0,4,0.352331875425625
"486","17",6,0,4,0.352331875425625
"487","17",7,0,1,-0.0045529823865003
"488","17",8,0,4,0.352331875425625
"489","17",9,0,4,0.352331875425625
"490","17",10,0,7,-0.15079702245701
"491","17",11,0,4,0.352331875425625
"492","17",12,0,4,0.352331875425625
"493","17",13,0,4,0.352331875425625
"494","17",14,0,4,0.352331875425625
"495","17",15,0,4,0.352331875425625
"496","17",16,0,4,0.352331875425625
"497","17",17,0,4,0.352331875425625
"498","17",18,0,4,0.352331875425625
"499","17",19,0,4,0.352331875425625
"500","17",20,0,4,0.352331875425625
"501","17",21,0,5,0.146053784173985
"502","17",22,0,4,0.352331875425625
"503","17",23,0,1,-0.0045529823865003
"504","17",24,0,4,0.352331875425625
"505","17",25,0,4,0.352331875425625
"506","17",26,0,4,0.352331875425625
"507","17",27,0,4,0.352331875425625
"508","17",28,0,1,-0.0045529823865003
"509","17",29,0,1,-0.0045529823865003
"510","17",30,0,4,0.352331875425625
"511","18",1,0,1,-1.1450202450464
"512","18",2,0,1,-1.1450202450464
"513","18",3,0,1,-1.1450202450464
"514","18",4,0,1,-1.1450202450464
"515","18",5,0,1,-1.1450202450464
"516","18",6,0,1,-1.1450202450464
"517","18",7,0,1,-1.1450202450464
"518","18",8,0,1,-1.1450202450464
"519","18",9,0,1,-1.1450202450464
"520","18",10,0,1,-1.1450202450464
"521","18",11,0,1,-1.1450202450464
"522","18",12,0,1,-1.1450202450464
"523","18",13,0,1,-1.1450202450464
"524","18",14,0,1,-1.1450202450464
"525","18",15,0,1,-1.1450202450464
"526","18",16,0,1,-1.1450202450464
"527","18",17,0,1,-1.1450202450464
"528","18",18,0,1,-1.1450202450464
"529","18",19,0,1,-1.1450202450464
"530","18",20,0,1,-1.1450202450464
"531","18",21,0,1,-1.1450202450464
"532","18",22,0,1,-1.1450202450464
"533","18",23,0,1,-1.1450202450464
"534","18",24,0,1,-1.1450202450464
"535","18",25,0,1,-1.1450202450464
"536","18",26,0,1,-1.1450202450464
"537","18",27,0,2,-0.996894371129139
"538","18",28,0,1,-1.1450202450464
"539","18",29,0,1,-1.1450202450464
"540","18",30,0,1,-1.1450202450464
"541","19",1,0,3,0.67629973729013
"542","19",2,0,3,0.67629973729013
"543","19",3,0,5,-0.0892734052854057
"544","19",4,0,3,0.67629973729013
"545","19",5,0,3,0.67629973729013
"546","19",6,0,4,0.35144679789305
"547","19",7,0,3,0.67629973729013
"548","19",8,0,3,0.67629973729013
"549","19",9,0,5,-0.0892734052854057
"550","19",10,0,3,0.67629973729013
"551","19",11,0,3,0.67629973729013
"552","19",12,0,3,0.67629973729013
"553","19",13,0,3,0.67629973729013
"554","19",14,0,5,-0.0892734052854057
"555","19",15,0,3,0.67629973729013
"556","19",16,0,3,0.67629973729013
"557","19",17,0,3,0.67629973729013
"558","19",18,0,3,0.67629973729013
"559","19",19,0,3,0.67629973729013
"560","19",20,0,5,-0.0892734052854057
"561","19",21,0,3,0.67629973729013
"562","19",22,0,3,0.67629973729013
"563","19",23,0,3,0.67629973729013
"564","19",24,0,3,0.67629973729013
"565","19",25,0,4,0.35144679789305
"566","19",26,0,3,0.67629973729013
"567","19",27,0,3,0.67629973729013
"568","19",28,0,3,0.67629973729013
"569","19",29,0,4,0.35144679789305
"570","19",30,0,3,0.67629973729013
"571","20",1,0,1,-1.06108388007467
"572","20",2,0,2,-1.28476246417894
"573","20",3,0,1,-1.06108388007467
"574","20",4,0,1,-1.06108388007467
"575","20",5,0,1,-1.06108388007467
"576","20",6,0,1,-1.06108388007467
"577","20",7,0,1,-1.06108388007467
"578","20",8,0,1,-1.06108388007467
"579","20",9,0,1,-1.06108388007467
"580","20",10,0,1,-1.06108388007467
"581","20",11,0,1,-1.06108388007467
"582","20",12,0,1,-1.06108388007467
"583","20",13,0,1,-1.06108388007467
"584","20",14,0,1,-1.06108388007467
"585","20",15,0,1,-1.06108388007467
"586","20",16,0,1,-1.06108388007467
"587","20",17,0,1,-1.06108388007467
"588","20",18,0,1,-1.06108388007467
"589","20",19,0,1,-1.06108388007467
"590","20",20,0,1,-1.06108388007467
"591","20",21,0,1,-1.06108388007467
"592","20",22,0,1,-1.06108388007467
"593","20",23,0,1,-1.06108388007467
"594","20",24,0,2,-1.28476246417894
"595","20",25,0,1,-1.06108388007467
"596","20",26,0,1,-1.06108388007467
"597","20",27,0,2,-1.28476246417894
"598","20",28,0,1,-1.06108388007467
"599","20",29,0,1,-1.06108388007467
"600","20",30,0,2,-1.28476246417894
"601","21",1,0,5,0.0708342622244648
"602","21",2,0,1,-0.904744450814032
"603","21",3,0,1,-0.904744450814032
"604","21",4,0,1,-0.904744450814032
"605","21",5,0,1,-0.904744450814032
"606","21",6,0,1,-0.904744450814032
"607","21",7,0,1,-0.904744450814032
"608","21",8,0,1,-0.904744450814032
"609","21",9,0,1,-0.904744450814032
"610","21",10,0,1,-0.904744450814032
"611","21",11,0,1,-0.904744450814032
"612","21",12,0,1,-0.904744450814032
"613","21",13,0,1,-0.904744450814032
"614","21",14,0,1,-0.904744450814032
"615","21",15,0,1,-0.904744450814032
"616","21",16,0,5,0.0708342622244648
"617","21",17,0,1,-0.904744450814032
"618","21",18,0,1,-0.904744450814032
"619","21",19,0,1,-0.904744450814032
"620","21",20,0,1,-0.904744450814032
"621","21",21,0,1,-0.904744450814032
"622","21",22,0,1,-0.904744450814032
"623","21",23,0,1,-0.904744450814032
"624","21",24,0,1,-0.904744450814032
"625","21",25,0,1,-0.904744450814032
"626","21",26,0,5,0.0708342622244648
"627","21",27,0,1,-0.904744450814032
"628","21",28,0,5,0.0708342622244648
"629","21",29,0,1,-0.904744450814032
"630","21",30,0,1,-0.904744450814032
"631","22",1,0,1,-1.28904781804056
"632","22",2,0,1,-1.28904781804056
"633","22",3,0,1,-1.28904781804056
"634","22",4,0,13,0.0310146613273918
"635","22",5,0,1,-1.28904781804056
"636","22",6,0,10,-0.0587304130489065
"637","22",7,0,1,-1.28904781804056
"638","22",8,0,1,-1.28904781804056
"639","22",9,0,1,-1.28904781804056
"640","22",10,0,10,-0.0587304130489065
"641","22",11,0,1,-1.28904781804056
"642","22",12,0,1,-1.28904781804056
"643","22",13,0,1,-1.28904781804056
"644","22",14,0,1,-1.28904781804056
"645","22",15,0,1,-1.28904781804056
"646","22",16,0,1,-1.28904781804056
"647","22",17,0,1,-1.28904781804056
"648","22",18,0,1,-1.28904781804056
"649","22",19,0,1,-1.28904781804056
"650","22",20,0,1,-1.28904781804056
"651","22",21,0,1,-1.28904781804056
"652","22",22,0,1,-1.28904781804056
"653","22",23,0,1,-1.28904781804056
"654","22",24,0,1,-1.28904781804056
"655","22",25,0,1,-1.28904781804056
"656","22",26,0,1,-1.28904781804056
"657","22",27,0,1,-1.28904781804056
"658","22",28,0,1,-1.28904781804056
"659","22",29,0,4,-0.159344198641371
"660","22",30,0,1,-1.28904781804056
"661","23",1,0,4,0.299674457640363
"662","23",2,0,4,0.299674457640363
"663","23",3,0,4,0.299674457640363
"664","23",4,0,4,0.299674457640363
"665","23",5,0,4,0.299674457640363
"666","23",6,0,4,0.299674457640363
"667","23",7,0,4,0.299674457640363
"668","23",8,0,4,0.299674457640363
"669","23",9,0,4,0.299674457640363
"670","23",10,0,4,0.299674457640363
"671","23",11,0,4,0.299674457640363
"672","23",12,0,4,0.299674457640363
"673","23",13,0,3,0.805289585528726
"674","23",14,0,4,0.299674457640363
"675","23",15,0,4,0.299674457640363
"676","23",16,0,4,0.299674457640363
"677","23",17,0,4,0.299674457640363
"678","23",18,0,3,0.805289585528726
"679","23",19,0,4,0.299674457640363
"680","23",20,0,4,0.299674457640363
"681","23",21,0,4,0.299674457640363
"682","23",22,0,4,0.299674457640363
"683","23",23,0,4,0.299674457640363
"684","23",24,0,3,0.805289585528726
"685","23",25,0,4,0.299674457640363
"686","23",26,0,4,0.299674457640363
"687","23",27,0,5,0.185663994066789
"688","23",28,0,4,0.299674457640363
"689","23",29,0,4,0.299674457640363
"690","23",30,0,4,0.299674457640363
"691","24",1,0,3,0.0691213864250566
"692","24",2,0,3,0.0691213864250566
"693","24",3,0,3,0.0691213864250566
"694","24",4,0,3,0.0691213864250566
"695","24",5,0,3,0.0691213864250566
"696","24",6,0,3,0.0691213864250566
"697","24",7,0,3,0.0691213864250566
"698","24",8,0,6,-0.288172280668114
"699","24",9,0,3,0.0691213864250566
"700","24",10,0,3,0.0691213864250566
"701","24",11,0,3,0.0691213864250566
"702","24",12,0,3,0.0691213864250566
"703","24",13,0,3,0.0691213864250566
"704","24",14,0,3,0.0691213864250566
"705","24",15,0,3,0.0691213864250566
"706","24",16,0,3,0.0691213864250566
"707","24",17,0,3,0.0691213864250566
"708","24",18,0,3,0.0691213864250566
"709","24",19,0,3,0.0691213864250566
"710","24",20,0,5,-0.0827357626834373
"711","24",21,0,3,0.0691213864250566
"712","24",22,0,3,0.0691213864250566
"713","24",23,0,3,0.0691213864250566
"714","24",24,0,3,0.0691213864250566
"715","24",25,0,3,0.0691213864250566
"716","24",26,0,3,0.0691213864250566
"717","24",27,0,3,0.0691213864250566
"718","24",28,0,5,-0.0827357626834373
"719","24",29,0,3,0.0691213864250566
"720","24",30,0,5,-0.0827357626834373
"721","25",1,0,2,-0.489055949883192
"722","25",2,0,2,-0.489055949883192
"723","25",3,0,2,-0.489055949883192
"724","25",4,0,2,-0.489055949883192
"725","25",5,0,2,-0.489055949883192
"726","25",6,0,2,-0.489055949883192
"727","25",7,0,2,-0.489055949883192
"728","25",8,0,2,-0.489055949883192
"729","25",9,0,2,-0.489055949883192
"730","25",10,0,2,-0.489055949883192
"731","25",11,0,2,-0.489055949883192
"732","25",12,0,2,-0.489055949883192
"733","25",13,0,2,-0.489055949883192
"734","25",14,0,2,-0.489055949883192
"735","25",15,0,2,-0.489055949883192
"736","25",16,0,2,-0.489055949883192
"737","25",17,0,2,-0.489055949883192
"738","25",18,0,2,-0.489055949883192
"739","25",19,0,2,-0.489055949883192
"740","25",20,0,2,-0.489055949883192
"741","25",21,0,2,-0.489055949883192
"742","25",22,0,2,-0.489055949883192
"743","25",23,0,2,-0.489055949883192
"744","25",24,0,2,-0.489055949883192
"745","25",25,0,2,-0.489055949883192
"746","25",26,0,2,-0.489055949883192
"747","25",27,0,2,-0.489055949883192
"748","25",28,0,2,-0.489055949883192
"749","25",29,0,2,-0.489055949883192
"750","25",30,0,2,-0.489055949883192
"751","26",1,0,3,0.309003113636464
"752","26",2,0,4,-0.0553964902365762
"753","26",3,0,4,-0.0553964902365762
"754","26",4,0,3,0.309003113636464
"755","26",5,0,4,-0.0553964902365762
"756","26",6,0,4,-0.0553964902365762
"757","26",7,0,4,-0.0553964902365762
"758","26",8,0,3,0.309003113636464
"759","26",9,0,4,-0.0553964902365762
"760","26",10,0,4,-0.0553964902365762
"761","26",11,0,3,0.309003113636464
"762","26",12,0,4,-0.0553964902365762
"763","26",13,0,4,-0.0553964902365762
"764","26",14,0,4,-0.0553964902365762
"765","26",15,0,3,0.309003113636464
"766","26",16,0,4,-0.0553964902365762
"767","26",17,0,4,-0.0553964902365762
"768","26",18,0,3,0.309003113636464
"769","26",19,0,4,-0.0553964902365762
"770","26",20,0,3,0.309003113636464
"771","26",21,0,4,-0.0553964902365762
"772","26",22,0,4,-0.0553964902365762
"773","26",23,0,4,-0.0553964902365762
"774","26",24,0,3,0.309003113636464
"775","26",25,0,4,-0.0553964902365762
"776","26",26,0,4,-0.0553964902365762
"777","26",27,0,3,0.309003113636464
"778","26",28,0,3,0.309003113636464
"779","26",29,0,3,0.309003113636464
"780","26",30,0,4,-0.0553964902365762
"781","27",1,0,3,0.265906629794212
"782","27",2,0,3,0.265906629794212
"783","27",3,0,3,0.265906629794212
"784","27",4,0,3,0.265906629794212
"785","27",5,0,3,0.265906629794212
"786","27",6,0,3,0.265906629794212
"787","27",7,0,1,0.301400418102634
"788","27",8,0,8,0.65418845773038
"789","27",9,0,3,0.265906629794212
"790","27",10,0,3,0.265906629794212
"791","27",11,0,1,0.301400418102634
"792","27",12,0,3,0.265906629794212
"793","27",13,0,3,0.265906629794212
"794","27",14,0,3,0.265906629794212
"795","27",15,0,3,0.265906629794212
"796","27",16,0,3,0.265906629794212
"797","27",17,0,8,0.65418845773038
"798","27",18,0,3,0.265906629794212
"799","27",19,0,3,0.265906629794212
"800","27",20,0,3,0.265906629794212
"801","27",21,0,3,0.265906629794212
"802","27",22,0,8,0.65418845773038
"803","27",23,0,3,0.265906629794212
"804","27",24,0,3,0.265906629794212
"805","27",25,0,3,0.265906629794212
"806","27",26,0,3,0.265906629794212
"807","27",27,0,3,0.265906629794212
"808","27",28,0,8,0.65418845773038
"809","27",29,0,3,0.265906629794212
"810","27",30,0,8,0.65418845773038
"811","28",1,0,5,-0.00567431027471965
"812","28",2,0,1,-1.8808874444824
"813","28",3,0,1,-1.8808874444824
"814","28",4,0,1,-1.8808874444824
"815","28",5,0,1,-1.8808874444824
"816","28",6,0,1,-1.8808874444824
"817","28",7,0,1,-1.8808874444824
"818","28",8,0,1,-1.8808874444824
"819","28",9,0,1,-1.8808874444824
"820","28",10,0,1,-1.8808874444824
"821","28",11,0,1,-1.8808874444824
"822","28",12,0,1,-1.8808874444824
"823","28",13,0,1,-1.8808874444824
"824","28",14,0,1,-1.8808874444824
"825","28",15,0,1,-1.8808874444824
"826","28",16,0,1,-1.8808874444824
"827","28",17,0,1,-1.8808874444824
"828","28",18,0,1,-1.8808874444824
"829","28",19,0,1,-1.8808874444824
"830","28",20,0,1,-1.8808874444824
"831","28",21,0,1,-1.8808874444824
"832","28",22,0,1,-1.8808874444824
"833","28",23,0,1,-1.8808874444824
"834","28",24,0,1,-1.8808874444824
"835","28",25,0,1,-1.8808874444824
"836","28",26,0,1,-1.8808874444824
"837","28",27,0,1,-1.8808874444824
"838","28",28,0,1,-1.8808874444824
"839","28",29,0,1,-1.8808874444824
"840","28",30,0,1,-1.8808874444824
"841","29",1,0,9,0.390367624514263
"842","29",2,0,4,0.390182868890917
"843","29",3,0,10,0.246877385470727
"844","29",4,0,4,0.390182868890917
"845","29",5,0,10,0.246877385470727
"846","29",6,0,15,0.470400628771239
"847","29",7,0,10,0.246877385470727
"848","29",8,0,10,0.246877385470727
"849","29",9,0,2,0.514850230315612
"850","29",10,0,10,0.246877385470727
"851","29",11,0,19,0.465802756651653
"852","29",12,0,10,0.246877385470727
"853","29",13,0,10,0.246877385470727
"854","29",14,0,6,0.359807931695041
"855","29",15,0,15,0.470400628771239
"856","29",16,0,19,0.465802756651653
"857","29",17,0,10,0.246877385470727
"858","29",18,0,5,0.408567166265556
"859","29",19,0,4,0.390182868890917
"860","29",20,0,10,0.246877385470727
"861","29",21,0,6,0.359807931695041
"862","29",22,0,24,0.396316475753983
"863","29",23,0,9,0.390367624514263
"864","29",24,0,3,0.510298214076852
"865","29",25,0,15,0.470400628771239
"866","29",26,0,4,0.390182868890917
"867","29",27,0,4,0.390182868890917
"868","29",28,0,10,0.246877385470727
"869","29",29,0,10,0.246877385470727
"870","29",30,0,2,0.514850230315612
"871","30",1,0,4,0.410897851310003
"872","30",2,0,4,0.410897851310003
"873","30",3,0,4,0.410897851310003
"874","30",4,0,4,0.410897851310003
"875","30",5,0,4,0.410897851310003
"876","30",6,0,4,0.410897851310003
"877","30",7,0,4,0.410897851310003
"878","30",8,0,4,0.410897851310003
"879","30",9,0,4,0.410897851310003
"880","30",10,0,4,0.410897851310003
"881","30",11,0,4,0.410897851310003
"882","30",12,0,4,0.410897851310003
"883","30",13,0,4,0.410897851310003
"884","30",14,0,4,0.410897851310003
"885","30",15,0,4,0.410897851310003
"886","30",16,0,4,0.410897851310003
"887","30",17,0,4,0.410897851310003
"888","30",18,0,4,0.410897851310003
"889","30",19,0,4,0.410897851310003
"890","30",20,0,4,0.410897851310003
"891","30",21,0,4,0.410897851310003
"892","30",22,0,4,0.410897851310003
"893","30",23,0,4,0.410897851310003
"894","30",24,0,4,0.410897851310003
"895","30",25,0,4,0.410897851310003
"896","30",26,0,4,0.410897851310003
"897","30",27,0,4,0.410897851310003
"898","30",28,0,4,0.410897851310003
"899","30",29,0,4,0.410897851310003
"900","30",30,0,4,0.410897851310003
"901","31",1,0,5,-0.0356224695049264
"902","31",2,0,2,0.655182553248985
"903","31",3,0,5,-0.0356224695049264
"904","31",4,0,5,-0.0356224695049264
"905","31",5,0,5,-0.0356224695049264
"906","31",6,0,5,-0.0356224695049264
"907","31",7,0,5,-0.0356224695049264
"908","31",8,0,5,-0.0356224695049264
"909","31",9,0,5,-0.0356224695049264
"910","31",10,0,5,-0.0356224695049264
"911","31",11,0,5,-0.0356224695049264
"912","31",12,0,5,-0.0356224695049264
"913","31",13,0,2,0.655182553248985
"914","31",14,0,5,-0.0356224695049264
"915","31",15,0,5,-0.0356224695049264
"916","31",16,0,2,0.655182553248985
"917","31",17,0,5,-0.0356224695049264
"918","31",18,0,5,-0.0356224695049264
"919","31",19,0,5,-0.0356224695049264
"920","31",20,0,5,-0.0356224695049264
"921","31",21,0,5,-0.0356224695049264
"922","31",22,0,5,-0.0356224695049264
"923","31",23,0,5,-0.0356224695049264
"924","31",24,0,5,-0.0356224695049264
"925","31",25,0,5,-0.0356224695049264
"926","31",26,0,4,0.750756989381175
"927","31",27,0,5,-0.0356224695049264
"928","31",28,0,5,-0.0356224695049264
"929","31",29,0,5,-0.0356224695049264
"930","31",30,0,5,-0.0356224695049264
"931","32",1,0,10,0.500502202290101
"932","32",2,0,11,0.309051845877492
"933","32",3,0,7,0.244573979586767
"934","32",4,0,7,0.244573979586767
"935","32",5,0,7,0.244573979586767
"936","32",6,0,10,0.500502202290101
"937","32",7,0,7,0.244573979586767
"938","32",8,0,5,0.411932126403383
"939","32",9,0,2,0.311541006332075
"940","32",10,0,11,0.309051845877492
"941","32",11,0,10,0.500502202290101
"942","32",12,0,7,0.244573979586767
"943","32",13,0,2,0.311541006332075
"944","32",14,0,7,0.244573979586767
"945","32",15,0,5,0.411932126403383
"946","32",16,0,5,0.411932126403383
"947","32",17,0,11,0.309051845877492
"948","32",18,0,2,0.311541006332075
"949","32",19,0,2,0.311541006332075
"950","32",20,0,7,0.244573979586767
"951","32",21,0,1,0.810415082726462
"952","32",22,0,7,0.244573979586767
"953","32",23,0,7,0.244573979586767
"954","32",24,0,10,0.500502202290101
"955","32",25,0,5,0.411932126403383
"956","32",26,0,7,0.244573979586767
"957","32",27,0,7,0.244573979586767
"958","32",28,0,10,0.500502202290101
"959","32",29,0,2,0.311541006332075
"960","32",30,0,2,0.311541006332075
"961","33",1,0,1,-1.78314642620547
"962","33",2,0,1,-1.78314642620547
"963","33",3,0,1,-1.78314642620547
"964","33",4,0,1,-1.78314642620547
"965","33",5,0,1,-1.78314642620547
"966","33",6,0,1,-1.78314642620547
"967","33",7,0,1,-1.78314642620547
"968","33",8,0,1,-1.78314642620547
"969","33",9,0,1,-1.78314642620547
"970","33",10,0,1,-1.78314642620547
"971","33",11,0,1,-1.78314642620547
"972","33",12,0,1,-1.78314642620547
"973","33",13,0,1,-1.78314642620547
"974","33",14,0,1,-1.78314642620547
"975","33",15,0,1,-1.78314642620547
"976","33",16,0,1,-1.78314642620547
"977","33",17,0,1,-1.78314642620547
"978","33",18,0,1,-1.78314642620547
"979","33",19,0,1,-1.78314642620547
"980","33",20,0,1,-1.78314642620547
"981","33",21,0,1,-1.78314642620547
"982","33",22,0,1,-1.78314642620547
"983","33",23,0,1,-1.78314642620547
"984","33",24,0,2,-0.721610729001566
"985","33",25,0,1,-1.78314642620547
"986","33",26,0,1,-1.78314642620547
"987","33",27,0,1,-1.78314642620547
"988","33",28,0,1,-1.78314642620547
"989","33",29,0,1,-1.78314642620547
"990","33",30,0,1,-1.78314642620547
"991","34",1,0,1,-1.00261991571972
"992","34",2,0,1,-1.00261991571972
"993","34",3,0,1,-1.00261991571972
"994","34",4,0,9,0.222396246097371
"995","34",5,0,7,0.361354673975044
"996","34",6,0,1,-1.00261991571972
"997","34",7,0,1,-1.00261991571972
"998","34",8,0,1,-1.00261991571972
"999","34",9,0,1,-1.00261991571972
"1000","34",10,0,1,-1.00261991571972
"1001","34",11,0,1,-1.00261991571972
"1002","34",12,0,6,0.389376648597478
"1003","34",13,0,1,-1.00261991571972
"1004","34",14,0,6,0.389376648597478
"1005","34",15,0,1,-1.00261991571972
"1006","34",16,0,1,-1.00261991571972
"1007","34",17,0,1,-1.00261991571972
"1008","34",18,0,1,-1.00261991571972
"1009","34",19,0,4,0.305131900501851
"1010","34",20,0,9,0.222396246097371
"1011","34",21,0,1,-1.00261991571972
"1012","34",22,0,1,-1.00261991571972
"1013","34",23,0,1,-1.00261991571972
"1014","34",24,0,6,0.389376648597478
"1015","34",25,0,1,-1.00261991571972
"1016","34",26,0,1,-1.00261991571972
"1017","34",27,0,1,-1.00261991571972
"1018","34",28,0,6,0.389376648597478
"1019","34",29,0,1,-1.00261991571972
"1020","34",30,0,1,-1.00261991571972
"1021","35",1,0,11,0.226432872509404
"1022","35",2,0,1,-1.14210953736042
"1023","35",3,0,1,-1.14210953736042
"1024","35",4,0,11,0.226432872509404
"1025","35",5,0,1,-1.14210953736042
"1026","35",6,0,1,-1.14210953736042
"1027","35",7,0,1,-1.14210953736042
"1028","35",8,0,12,0.0734954287806043
"1029","35",9,0,1,-1.14210953736042
"1030","35",10,0,5,0.220071004678835
"1031","35",11,0,1,-1.14210953736042
"1032","35",12,0,1,-1.14210953736042
"1033","35",13,0,5,0.220071004678835
"1034","35",14,0,1,-1.14210953736042
"1035","35",15,0,2,-0.644053853155125
"1036","35",16,0,1,-1.14210953736042
"1037","35",17,0,1,-1.14210953736042
"1038","35",18,0,1,-1.14210953736042
"1039","35",19,0,1,-1.14210953736042
"1040","35",20,0,7,0.335299179440629
"1041","35",21,0,1,-1.14210953736042
"1042","35",22,0,1,-1.14210953736042
"1043","35",23,0,1,-1.14210953736042
"1044","35",24,0,1,-1.14210953736042
"1045","35",25,0,1,-1.14210953736042
"1046","35",26,0,1,-1.14210953736042
"1047","35",27,0,1,-1.14210953736042
"1048","35",28,0,1,-1.14210953736042
"1049","35",29,0,1,-1.14210953736042
"1050","35",30,0,1,-1.14210953736042
"1051","36",1,0,4,0.405523286175876
"1052","36",2,0,6,0.0897826247441371
"1053","36",3,0,6,0.0897826247441371
"1054","36",4,0,6,0.0897826247441371
"1055","36",5,0,6,0.0897826247441371
"1056","36",6,0,6,0.0897826247441371
"1057","36",7,0,6,0.0897826247441371
"1058","36",8,0,6,0.0897826247441371
"1059","36",9,0,4,0.405523286175876
"1060","36",10,0,6,0.0897826247441371
"1061","36",11,0,6,0.0897826247441371
"1062","36",12,0,6,0.0897826247441371
"1063","36",13,0,6,0.0897826247441371
"1064","36",14,0,6,0.0897826247441371
"1065","36",15,0,4,0.405523286175876
"1066","36",16,0,4,0.405523286175876
"1067","36",17,0,6,0.0897826247441371
"1068","36",18,0,6,0.0897826247441371
"1069","36",19,0,6,0.0897826247441371
"1070","36",20,0,3,0.618855618424279
"1071","36",21,0,6,0.0897826247441371
"1072","36",22,0,4,0.405523286175876
"1073","36",23,0,4,0.405523286175876
"1074","36",24,0,6,0.0897826247441371
"1075","36",25,0,2,0.901594599883068
"1076","36",26,0,3,0.618855618424279
"1077","36",27,0,6,0.0897826247441371
"1078","36",28,0,6,0.0897826247441371
"1079","36",29,0,6,0.0897826247441371
"1080","36",30,0,6,0.0897826247441371
"1081","37",1,0,1,-0.629179936413855
"1082","37",2,0,1,-0.629179936413855
"1083","37",3,0,5,0.145730241592406
"1084","37",4,0,5,0.145730241592406
"1085","37",5,0,5,0.145730241592406
"1086","37",6,0,1,-0.629179936413855
"1087","37",7,0,5,0.145730241592406
"1088","37",8,0,1,-0.629179936413855
"1089","37",9,0,5,0.145730241592406
"1090","37",10,0,1,-0.629179936413855
"1091","37",11,0,5,0.145730241592406
"1092","37",12,0,1,-0.629179936413855
"1093","37",13,0,1,-0.629179936413855
"1094","37",14,0,5,0.145730241592406
"1095","37",15,0,1,-0.629179936413855
"1096","37",16,0,1,-0.629179936413855
"1097","37",17,0,1,-0.629179936413855
"1098","37",18,0,5,0.145730241592406
"1099","37",19,0,1,-0.629179936413855
"1100","37",20,0,1,-0.629179936413855
"1101","37",21,0,5,0.145730241592406
"1102","37",22,0,1,-0.629179936413855
"1103","37",23,0,5,0.145730241592406
"1104","37",24,0,5,0.145730241592406
"1105","37",25,0,1,-0.629179936413855
"1106","37",26,0,1,-0.629179936413855
"1107","37",27,0,5,0.145730241592406
"1108","37",28,0,1,-0.629179936413855
"1109","37",29,0,1,-0.629179936413855
"1110","37",30,0,1,-0.629179936413855
"1111","38",1,0,1,-1.80149892931266
"1112","38",2,0,1,-1.80149892931266
"1113","38",3,0,1,-1.80149892931266
"1114","38",4,0,1,-1.80149892931266
"1115","38",5,0,1,-1.80149892931266
"1116","38",6,0,1,-1.80149892931266
"1117","38",7,0,1,-1.80149892931266
"1118","38",8,0,1,-1.80149892931266
"1119","38",9,0,1,-1.80149892931266
"1120","38",10,0,1,-1.80149892931266
"1121","38",11,0,1,-1.80149892931266
"1122","38",12,0,1,-1.80149892931266
"1123","38",13,0,1,-1.80149892931266
"1124","38",14,0,1,-1.80149892931266
"1125","38",15,0,1,-1.80149892931266
"1126","38",16,0,1,-1.80149892931266
"1127","38",17,0,1,-1.80149892931266
"1128","38",18,0,1,-1.80149892931266
"1129","38",19,0,1,-1.80149892931266
"1130","38",20,0,1,-1.80149892931266
"1131","38",21,0,1,-1.80149892931266
"1132","38",22,0,1,-1.80149892931266
"1133","38",23,0,1,-1.80149892931266
"1134","38",24,0,1,-1.80149892931266
"1135","38",25,0,1,-1.80149892931266
"1136","38",26,0,1,-1.80149892931266
"1137","38",27,0,1,-1.80149892931266
"1138","38",28,0,1,-1.80149892931266
"1139","38",29,0,1,-1.80149892931266
"1140","38",30,0,1,-1.80149892931266
"1141","39",1,0,2,-0.0390161204373669
"1142","39",2,0,3,-0.416218724567169
"1143","39",3,0,2,-0.0390161204373669
"1144","39",4,0,4,-0.333868976493144
"1145","39",5,0,3,-0.416218724567169
"1146","39",6,0,3,-0.416218724567169
"1147","39",7,0,3,-0.416218724567169
"1148","39",8,0,3,-0.416218724567169
"1149","39",9,0,2,-0.0390161204373669
"1150","39",10,0,2,-0.0390161204373669
"1151","39",11,0,3,-0.416218724567169
"1152","39",12,0,3,-0.416218724567169
"1153","39",13,0,1,0.0939217197085441
"1154","39",14,0,3,-0.416218724567169
"1155","39",15,0,3,-0.416218724567169
"1156","39",16,0,3,-0.416218724567169
"1157","39",17,0,3,-0.416218724567169
"1158","39",18,0,1,0.0939217197085441
"1159","39",19,0,1,0.0939217197085441
"1160","39",20,0,3,-0.416218724567169
"1161","39",21,0,3,-0.416218724567169
"1162","39",22,0,7,-0.148141082406729
"1163","39",23,0,7,-0.148141082406729
"1164","39",24,0,3,-0.416218724567169
"1165","39",25,0,2,-0.0390161204373669
"1166","39",26,0,1,0.0939217197085441
"1167","39",27,0,7,-0.148141082406729
"1168","39",28,0,3,-0.416218724567169
"1169","39",29,0,2,-0.0390161204373669
"1170","39",30,0,4,-0.333868976493144
"1171","40",1,0,1,-0.985791730832373
"1172","40",2,0,3,-0.224161472729328
"1173","40",3,0,3,-0.224161472729328
"1174","40",4,0,1,-0.985791730832373
"1175","40",5,0,1,-0.985791730832373
"1176","40",6,0,1,-0.985791730832373
"1177","40",7,0,1,-0.985791730832373
"1178","40",8,0,1,-0.985791730832373
"1179","40",9,0,1,-0.985791730832373
"1180","40",10,0,7,-0.390486844484464
"1181","40",11,0,1,-0.985791730832373
"1182","40",12,0,3,-0.224161472729328
"1183","40",13,0,1,-0.985791730832373
"1184","40",14,0,3,-0.224161472729328
"1185","40",15,0,1,-0.985791730832373
"1186","40",16,0,6,-0.293814527256581
"1187","40",17,0,5,-0.189349522703692
"1188","40",18,0,1,-0.985791730832373
"1189","40",19,0,6,-0.293814527256581
"1190","40",20,0,1,-0.985791730832373
"1191","40",21,0,3,-0.224161472729328
"1192","40",22,0,1,-0.985791730832373
"1193","40",23,0,1,-0.985791730832373
"1194","40",24,0,1,-0.985791730832373
"1195","40",25,0,1,-0.985791730832373
"1196","40",26,0,1,-0.985791730832373
"1197","40",27,0,1,-0.985791730832373
"1198","40",28,0,1,-0.985791730832373
"1199","40",29,0,3,-0.224161472729328
"1200","40",30,0,1,-0.985791730832373
"1201","41",1,0,1,-0.131259362009959
"1202","41",2,0,2,-1.45449118522588
"1203","41",3,0,2,-1.45449118522588
"1204","41",4,0,2,-1.45449118522588
"1205","41",5,0,2,-1.45449118522588
"1206","41",6,0,2,-1.45449118522588
"1207","41",7,0,2,-1.45449118522588
"1208","41",8,0,2,-1.45449118522588
"1209","41",9,0,2,-1.45449118522588
"1210","41",10,0,2,-1.45449118522588
"1211","41",11,0,2,-1.45449118522588
"1212","41",12,0,1,-0.131259362009959
"1213","41",13,0,2,-1.45449118522588
"1214","41",14,0,1,-0.131259362009959
"1215","41",15,0,2,-1.45449118522588
"1216","41",16,0,2,-1.45449118522588
"1217","41",17,0,2,-1.45449118522588
"1218","41",18,0,2,-1.45449118522588
"1219","41",19,0,2,-1.45449118522588
"1220","41",20,0,1,-0.131259362009959
"1221","41",21,0,2,-1.45449118522588
"1222","41",22,0,2,-1.45449118522588
"1223","41",23,0,2,-1.45449118522588
"1224","41",24,0,1,-0.131259362009959
"1225","41",25,0,2,-1.45449118522588
"1226","41",26,0,2,-1.45449118522588
"1227","41",27,0,2,-1.45449118522588
"1228","41",28,0,2,-1.45449118522588
"1229","41",29,0,2,-1.45449118522588
"1230","41",30,0,2,-1.45449118522588
"1231","42",1,0,1,-0.568556277772522
"1232","42",2,0,6,0.197747802059598
"1233","42",3,0,6,0.197747802059598
"1234","42",4,0,1,-0.568556277772522
"1235","42",5,0,6,0.197747802059598
"1236","42",6,0,14,0.244963782196892
"1237","42",7,0,6,0.197747802059598
"1238","42",8,0,6,0.197747802059598
"1239","42",9,0,9,0.131725000484448
"1240","42",10,0,6,0.197747802059598
"1241","42",11,0,6,0.197747802059598
"1242","42",12,0,6,0.197747802059598
"1243","42",13,0,1,-0.568556277772522
"1244","42",14,0,6,0.197747802059598
"1245","42",15,0,9,0.131725000484448
"1246","42",16,0,1,-0.568556277772522
"1247","42",17,0,1,-0.568556277772522
"1248","42",18,0,2,-0.254268126428034
"1249","42",19,0,3,-0.0744085147220505
"1250","42",20,0,6,0.197747802059598
"1251","42",21,0,6,0.197747802059598
"1252","42",22,0,6,0.197747802059598
"1253","42",23,0,2,-0.254268126428034
"1254","42",24,0,4,0.165518481732582
"1255","42",25,0,6,0.197747802059598
"1256","42",26,0,1,-0.568556277772522
"1257","42",27,0,6,0.197747802059598
"1258","42",28,0,6,0.197747802059598
"1259","42",29,0,1,-0.568556277772522
"1260","42",30,0,6,0.197747802059598
"1261","43",1,0,2,0.280664216325615
"1262","43",2,0,5,-0.248587600997441
"1263","43",3,0,2,0.280664216325615
"1264","43",4,0,5,-0.248587600997441
"1265","43",5,0,2,0.280664216325615
"1266","43",6,0,5,-0.248587600997441
"1267","43",7,0,5,-0.248587600997441
"1268","43",8,0,5,-0.248587600997441
"1269","43",9,0,4,0.0445460412299507
"1270","43",10,0,5,-0.248587600997441
"1271","43",11,0,4,0.0445460412299507
"1272","43",12,0,5,-0.248587600997441
"1273","43",13,0,5,-0.248587600997441
"1274","43",14,0,3,0.137865063487742
"1275","43",15,0,5,-0.248587600997441
"1276","43",16,0,3,0.137865063487742
"1277","43",17,0,3,0.137865063487742
"1278","43",18,0,3,0.137865063487742
"1279","43",19,0,11,0.016598936111972
"1280","43",20,0,5,-0.248587600997441
"1281","43",21,0,2,0.280664216325615
"1282","43",22,0,5,-0.248587600997441
"1283","43",23,0,4,0.0445460412299507
"1284","43",24,0,4,0.0445460412299507
"1285","43",25,0,4,0.0445460412299507
"1286","43",26,0,5,-0.248587600997441
"1287","43",27,0,5,-0.248587600997441
"1288","43",28,0,5,-0.248587600997441
"1289","43",29,0,3,0.137865063487742
"1290","43",30,0,3,0.137865063487742
"1291","44",1,0,5,-0.108562891674839
"1292","44",2,0,5,-0.108562891674839
"1293","44",3,0,3,-0.0562149333417653
"1294","44",4,0,2,0.07539109542853
"1295","44",5,0,5,-0.108562891674839
"1296","44",6,0,3,-0.0562149333417653
"1297","44",7,0,11,0.0972672226493949
"1298","44",8,0,3,-0.0562149333417653
"1299","44",9,0,2,0.07539109542853
"1300","44",10,0,2,0.07539109542853
"1301","44",11,0,1,0.505428624078377
"1302","44",12,0,2,0.07539109542853
"1303","44",13,0,3,-0.0562149333417653
"1304","44",14,0,1,0.505428624078377
"1305","44",15,0,2,0.07539109542853
"1306","44",16,0,5,-0.108562891674839
"1307","44",17,0,5,-0.108562891674839
"1308","44",18,0,2,0.07539109542853
"1309","44",19,0,5,-0.108562891674839
"1310","44",20,0,2,0.07539109542853
"1311","44",21,0,3,-0.0562149333417653
"1312","44",22,0,5,-0.108562891674839
"1313","44",23,0,3,-0.0562149333417653
"1314","44",24,0,5,-0.108562891674839
"1315","44",25,0,3,-0.0562149333417653
"1316","44",26,0,2,0.07539109542853
"1317","44",27,0,2,0.07539109542853
"1318","44",28,0,5,-0.108562891674839
"1319","44",29,0,5,-0.108562891674839
"1320","44",30,0,5,-0.108562891674839
"1321","45",1,0,3,-0.530534688503021
"1322","45",2,0,1,-0.533683407618633
"1323","45",3,0,1,-0.533683407618633
"1324","45",4,0,3,-0.530534688503021
"1325","45",5,0,3,-0.530534688503021
"1326","45",6,0,1,-0.533683407618633
"1327","45",7,0,1,-0.533683407618633
"1328","45",8,0,1,-0.533683407618633
"1329","45",9,0,3,-0.530534688503021
"1330","45",10,0,1,-0.533683407618633
"1331","45",11,0,3,-0.530534688503021
"1332","45",12,0,1,-0.533683407618633
"1333","45",13,0,1,-0.533683407618633
"1334","45",14,0,1,-0.533683407618633
"1335","45",15,0,1,-0.533683407618633
"1336","45",16,0,3,-0.530534688503021
"1337","45",17,0,3,-0.530534688503021
"1338","45",18,0,3,-0.530534688503021
"1339","45",19,0,3,-0.530534688503021
"1340","45",20,0,3,-0.530534688503021
"1341","45",21,0,1,-0.533683407618633
"1342","45",22,0,3,-0.530534688503021
"1343","45",23,0,1,-0.533683407618633
"1344","45",24,0,1,-0.533683407618633
"1345","45",25,0,1,-0.533683407618633
"1346","45",26,0,3,-0.530534688503021
"1347","45",27,0,1,-0.533683407618633
"1348","45",28,0,3,-0.530534688503021
"1349","45",29,0,3,-0.530534688503021
"1350","45",30,0,3,-0.530534688503021
"1351","46",1,0,2,0.397517532563
"1352","46",2,0,2,0.397517532563
"1353","46",3,0,2,0.397517532563
"1354","46",4,0,2,0.397517532563
"1355","46",5,0,5,0.23423426365475
"1356","46",6,0,2,0.397517532563
"1357","46",7,0,5,0.23423426365475
"1358","46",8,0,5,0.23423426365475
"1359","46",9,0,5,0.23423426365475
"1360","46",10,0,6,-0.00519967018038929
"1361","46",11,0,6,-0.00519967018038929
"1362","46",12,0,2,0.397517532563
"1363","46",13,0,2,0.397517532563
"1364","46",14,0,2,0.397517532563
"1365","46",15,0,2,0.397517532563
"1366","46",16,0,2,0.397517532563
"1367","46",17,0,6,-0.00519967018038929
"1368","46",18,0,2,0.397517532563
"1369","46",19,0,2,0.397517532563
"1370","46",20,0,9,-0.0443187705541829
"1371","46",21,0,5,0.23423426365475
"1372","46",22,0,2,0.397517532563
"1373","46",23,0,2,0.397517532563
"1374","46",24,0,2,0.397517532563
"1375","46",25,0,2,0.397517532563
"1376","46",26,0,2,0.397517532563
"1377","46",27,0,6,-0.00519967018038929
"1378","46",28,0,2,0.397517532563
"1379","46",29,0,2,0.397517532563
"1380","46",30,0,5,0.23423426365475
"1381","47",1,0,1,-0.755084581232878
"1382","47",2,0,1,-0.755084581232878
"1383","47",3,0,2,-0.853093016060857
"1384","47",4,0,1,-0.755084581232878
"1385","47",5,0,1,-0.755084581232878
"1386","47",6,0,2,-0.853093016060857
"1387","47",7,0,1,-0.755084581232878
"1388","47",8,0,1,-0.755084581232878
"1389","47",9,0,1,-0.755084581232878
"1390","47",10,0,2,-0.853093016060857
"1391","47",11,0,1,-0.755084581232878
"1392","47",12,0,3,-1.04712932875452
"1393","47",13,0,2,-0.853093016060857
"1394","47",14,0,3,-1.04712932875452
"1395","47",15,0,1,-0.755084581232878
"1396","47",16,0,1,-0.755084581232878
"1397","47",17,0,1,-0.755084581232878
"1398","47",18,0,1,-0.755084581232878
"1399","47",19,0,1,-0.755084581232878
"1400","47",20,0,2,-0.853093016060857
"1401","47",21,0,1,-0.755084581232878
"1402","47",22,0,1,-0.755084581232878
"1403","47",23,0,1,-0.755084581232878
"1404","47",24,0,1,-0.755084581232878
"1405","47",25,0,1,-0.755084581232878
"1406","47",26,0,2,-0.853093016060857
"1407","47",27,0,1,-0.755084581232878
"1408","47",28,0,1,-0.755084581232878
"1409","47",29,0,3,-1.04712932875452
"1410","47",30,0,2,-0.853093016060857
"1411","48",1,0,1,-0.940025895229656
"1412","48",2,0,4,0.268501644849818
"1413","48",3,0,1,-0.940025895229656
"1414","48",4,0,1,-0.940025895229656
"1415","48",5,0,1,-0.940025895229656
"1416","48",6,0,1,-0.940025895229656
"1417","48",7,0,1,-0.940025895229656
"1418","48",8,0,1,-0.940025895229656
"1419","48",9,0,1,-0.940025895229656
"1420","48",10,0,1,-0.940025895229656
"1421","48",11,0,1,-0.940025895229656
"1422","48",12,0,1,-0.940025895229656
"1423","48",13,0,1,-0.940025895229656
"1424","48",14,0,1,-0.940025895229656
"1425","48",15,0,1,-0.940025895229656
"1426","48",16,0,6,0.0795695025696542
"1427","48",17,0,1,-0.940025895229656
"1428","48",18,0,10,0.0395625278743015
"1429","48",19,0,1,-0.940025895229656
"1430","48",20,0,1,-0.940025895229656
"1431","48",21,0,1,-0.940025895229656
"1432","48",22,0,1,-0.940025895229656
"1433","48",23,0,1,-0.940025895229656
"1434","48",24,0,6,0.0795695025696542
"1435","48",25,0,1,-0.940025895229656
"1436","48",26,0,1,-0.940025895229656
"1437","48",27,0,4,0.268501644849818
"1438","48",28,0,2,-0.326796791530657
"1439","48",29,0,1,-0.940025895229656
"1440","48",30,0,1,-0.940025895229656
"1441","49",1,0,5,0.565219098955708
"1442","49",2,0,2,1.0970850648485
"1443","49",3,0,5,0.565219098955708
"1444","49",4,0,5,0.565219098955708
"1445","49",5,0,2,1.0970850648485
"1446","49",6,0,5,0.565219098955708
"1447","49",7,0,5,0.565219098955708
"1448","49",8,0,5,0.565219098955708
"1449","49",9,0,2,1.0970850648485
"1450","49",10,0,5,0.565219098955708
"1451","49",11,0,5,0.565219098955708
"1452","49",12,0,5,0.565219098955708
"1453","49",13,0,5,0.565219098955708
"1454","49",14,0,9,0.120823495256219
"1455","49",15,0,2,1.0970850648485
"1456","49",16,0,5,0.565219098955708
"1457","49",17,0,5,0.565219098955708
"1458","49",18,0,2,1.0970850648485
"1459","49",19,0,5,0.565219098955708
"1460","49",20,0,5,0.565219098955708
"1461","49",21,0,2,1.0970850648485
"1462","49",22,0,5,0.565219098955708
"1463","49",23,0,2,1.0970850648485
"1464","49",24,0,5,0.565219098955708
"1465","49",25,0,2,1.0970850648485
"1466","49",26,0,2,1.0970850648485
"1467","49",27,0,6,0.388542272655701
"1468","49",28,0,5,0.565219098955708
"1469","49",29,0,2,1.0970850648485
"1470","49",30,0,2,1.0970850648485
"1471","50",1,0,1,-1.60929150045542
"1472","50",2,0,1,-1.60929150045542
"1473","50",3,0,1,-1.60929150045542
"1474","50",4,0,1,-1.60929150045542
"1475","50",5,0,1,-1.60929150045542
"1476","50",6,0,1,-1.60929150045542
"1477","50",7,0,1,-1.60929150045542
"1478","50",8,0,1,-1.60929150045542
"1479","50",9,0,1,-1.60929150045542
"1480","50",10,0,1,-1.60929150045542
"1481","50",11,0,1,-1.60929150045542
"1482","50",12,0,1,-1.60929150045542
"1483","50",13,0,1,-1.60929150045542
"1484","50",14,0,1,-1.60929150045542
"1485","50",15,0,1,-1.60929150045542
"1486","50",16,0,1,-1.60929150045542
"1487","50",17,0,1,-1.60929150045542
"1488","50",18,0,1,-1.60929150045542
"1489","50",19,0,1,-1.60929150045542
"1490","50",20,0,1,-1.60929150045542
"1491","50",21,0,1,-1.60929150045542
"1492","50",22,0,1,-1.60929150045542
"1493","50",23,0,1,-1.60929150045542
"1494","50",24,0,1,-1.60929150045542
"1495","50",25,0,1,-1.60929150045542
"1496","50",26,0,1,-1.60929150045542
"1497","50",27,0,1,-1.60929150045542
"1498","50",28,0,1,-1.60929150045542
"1499","50",29,0,1,-1.60929150045542
"1500","50",30,0,1,-1.60929150045542
"1501","51",1,0,6,-0.0713963396664533
"1502","51",2,0,4,-0.0798098409061928
"1503","51",3,0,2,0.264145660332726
"1504","51",4,0,2,0.264145660332726
"1505","51",5,0,3,-0.069361263212229
"1506","51",6,0,2,0.264145660332726
"1507","51",7,0,2,0.264145660332726
"1508","51",8,0,6,-0.0713963396664533
"1509","51",9,0,3,-0.069361263212229
"1510","51",10,0,3,-0.069361263212229
"1511","51",11,0,2,0.264145660332726
"1512","51",12,0,6,-0.0713963396664533
"1513","51",13,0,1,1.28698656043107
"1514","51",14,0,3,-0.069361263212229
"1515","51",15,0,3,-0.069361263212229
"1516","51",16,0,3,-0.069361263212229
"1517","51",17,0,2,0.264145660332726
"1518","51",18,0,2,0.264145660332726
"1519","51",19,0,2,0.264145660332726
"1520","51",20,0,2,0.264145660332726
"1521","51",21,0,2,0.264145660332726
"1522","51",22,0,3,-0.069361263212229
"1523","51",23,0,3,-0.069361263212229
"1524","51",24,0,2,0.264145660332726
"1525","51",25,0,6,-0.0713963396664533
"1526","51",26,0,2,0.264145660332726
"1527","51",27,0,3,-0.069361263212229
"1528","51",28,0,3,-0.069361263212229
"1529","51",29,0,2,0.264145660332726
"1530","51",30,0,2,0.264145660332726
"1531","52",1,0,1,-2.42302563657759
"1532","52",2,0,1,-2.42302563657759
"1533","52",3,0,1,-2.42302563657759
"1534","52",4,0,1,-2.42302563657759
"1535","52",5,0,1,-2.42302563657759
"1536","52",6,0,1,-2.42302563657759
"1537","52",7,0,1,-2.42302563657759
"1538","52",8,0,1,-2.42302563657759
"1539","52",9,0,1,-2.42302563657759
"1540","52",10,0,1,-2.42302563657759
"1541","52",11,0,1,-2.42302563657759
"1542","52",12,0,1,-2.42302563657759
"1543","52",13,0,1,-2.42302563657759
"1544","52",14,0,1,-2.42302563657759
"1545","52",15,0,1,-2.42302563657759
"1546","52",16,0,1,-2.42302563657759
"1547","52",17,0,1,-2.42302563657759
"1548","52",18,0,1,-2.42302563657759
"1549","52",19,0,1,-2.42302563657759
"1550","52",20,0,1,-2.42302563657759
"1551","52",21,0,1,-2.42302563657759
"1552","52",22,0,1,-2.42302563657759
"1553","52",23,0,1,-2.42302563657759
"1554","52",24,0,1,-2.42302563657759
"1555","52",25,0,1,-2.42302563657759
"1556","52",26,0,1,-2.42302563657759
"1557","52",27,0,1,-2.42302563657759
"1558","52",28,0,1,-2.42302563657759
"1559","52",29,0,1,-2.42302563657759
"1560","52",30,0,1,-2.42302563657759
"1561","53",1,0,4,-0.156232895925182
"1562","53",2,0,4,-0.156232895925182
"1563","53",3,0,3,0.197781693193412
"1564","53",4,0,3,0.197781693193412
"1565","53",5,0,3,0.197781693193412
"1566","53",6,0,3,0.197781693193412
"1567","53",7,0,4,-0.156232895925182
"1568","53",8,0,4,-0.156232895925182
"1569","53",9,0,4,-0.156232895925182
"1570","53",10,0,4,-0.156232895925182
"1571","53",11,0,4,-0.156232895925182
"1572","53",12,0,3,0.197781693193412
"1573","53",13,0,4,-0.156232895925182
"1574","53",14,0,4,-0.156232895925182
"1575","53",15,0,6,-0.323969793936558
"1576","53",16,0,4,-0.156232895925182
"1577","53",17,0,5,-0.13040799863621
"1578","53",18,0,4,-0.156232895925182
"1579","53",19,0,4,-0.156232895925182
"1580","53",20,0,4,-0.156232895925182
"1581","53",21,0,4,-0.156232895925182
"1582","53",22,0,4,-0.156232895925182
"1583","53",23,0,4,-0.156232895925182
"1584","53",24,0,4,-0.156232895925182
"1585","53",25,0,3,0.197781693193412
"1586","53",26,0,4,-0.156232895925182
"1587","53",27,0,4,-0.156232895925182
"1588","53",28,0,3,0.197781693193412
"1589","53",29,0,4,-0.156232895925182
"1590","53",30,0,3,0.197781693193412
"1591","54",1,0,9,0.535268592235038
"1592","54",2,0,9,0.535268592235038
"1593","54",3,0,15,0.5212104964615
"1594","54",4,0,15,0.5212104964615
"1595","54",5,0,4,1.05105634831933
"1596","54",6,0,9,0.535268592235038
"1597","54",7,0,9,0.535268592235038
"1598","54",8,0,5,0.851432686604469
"1599","54",9,0,9,0.535268592235038
"1600","54",10,0,9,0.535268592235038
"1601","54",11,0,9,0.535268592235038
"1602","54",12,0,9,0.535268592235038
"1603","54",13,0,9,0.535268592235038
"1604","54",14,0,5,0.851432686604469
"1605","54",15,0,5,0.851432686604469
"1606","54",16,0,5,0.851432686604469
"1607","54",17,0,5,0.851432686604469
"1608","54",18,0,9,0.535268592235038
"1609","54",19,0,9,0.535268592235038
"1610","54",20,0,9,0.535268592235038
"1611","54",21,0,15,0.5212104964615
"1612","54",22,0,8,0.749978588452798
"1613","54",23,0,9,0.535268592235038
"1614","54",24,0,5,0.851432686604469
"1615","54",25,0,4,1.05105634831933
"1616","54",26,0,9,0.535268592235038
"1617","54",27,0,5,0.851432686604469
"1618","54",28,0,9,0.535268592235038
"1619","54",29,0,9,0.535268592235038
"1620","54",30,0,4,1.05105634831933
"1621","55",1,0,2,-0.225049225764497
"1622","55",2,0,2,-0.225049225764497
"1623","55",3,0,2,-0.225049225764497
"1624","55",4,0,4,-0.430339045273188
"1625","55",5,0,2,-0.225049225764497
"1626","55",6,0,4,-0.430339045273188
"1627","55",7,0,4,-0.430339045273188
"1628","55",8,0,2,-0.225049225764497
"1629","55",9,0,2,-0.225049225764497
"1630","55",10,0,2,-0.225049225764497
"1631","55",11,0,2,-0.225049225764497
"1632","55",12,0,2,-0.225049225764497
"1633","55",13,0,2,-0.225049225764497
"1634","55",14,0,4,-0.430339045273188
"1635","55",15,0,4,-0.430339045273188
"1636","55",16,0,2,-0.225049225764497
"1637","55",17,0,4,-0.430339045273188
"1638","55",18,0,1,0.0831485227844287
"1639","55",19,0,4,-0.430339045273188
"1640","55",20,0,4,-0.430339045273188
"1641","55",21,0,2,-0.225049225764497
"1642","55",22,0,4,-0.430339045273188
"1643","55",23,0,2,-0.225049225764497
"1644","55",24,0,4,-0.430339045273188
"1645","55",25,0,2,-0.225049225764497
"1646","55",26,0,4,-0.430339045273188
"1647","55",27,0,1,0.0831485227844287
"1648","55",28,0,4,-0.430339045273188
"1649","55",29,0,2,-0.225049225764497
"1650","55",30,0,1,0.0831485227844287
"1651","56",1,0,3,0.631193534950071
"1652","56",2,0,4,0.20626109655173
"1653","56",3,0,2,0.915082012413996
"1654","56",4,0,4,0.20626109655173
"1655","56",5,0,4,0.20626109655173
"1656","56",6,0,4,0.20626109655173
"1657","56",7,0,6,-0.138072226148259
"1658","56",8,0,4,0.20626109655173
"1659","56",9,0,2,0.915082012413996
"1660","56",10,0,4,0.20626109655173
"1661","56",11,0,2,0.915082012413996
"1662","56",12,0,4,0.20626109655173
"1663","56",13,0,4,0.20626109655173
"1664","56",14,0,4,0.20626109655173
"1665","56",15,0,4,0.20626109655173
"1666","56",16,0,2,0.915082012413996
"1667","56",17,0,6,-0.138072226148259
"1668","56",18,0,4,0.20626109655173
"1669","56",19,0,4,0.20626109655173
"1670","56",20,0,6,-0.138072226148259
"1671","56",21,0,4,0.20626109655173
"1672","56",22,0,4,0.20626109655173
"1673","56",23,0,4,0.20626109655173
"1674","56",24,0,4,0.20626109655173
"1675","56",25,0,4,0.20626109655173
"1676","56",26,0,4,0.20626109655173
"1677","56",27,0,4,0.20626109655173
"1678","56",28,0,4,0.20626109655173
"1679","56",29,0,2,0.915082012413996
"1680","56",30,0,4,0.20626109655173
"1681","57",1,0,4,-0.106021506069139
"1682","57",2,0,8,0.0574971881266887
"1683","57",3,0,4,-0.106021506069139
"1684","57",4,0,4,-0.106021506069139
"1685","57",5,0,4,-0.106021506069139
"1686","57",6,0,8,0.0574971881266887
"1687","57",7,0,8,0.0574971881266887
"1688","57",8,0,12,0.121398151951933
"1689","57",9,0,12,0.121398151951933
"1690","57",10,0,12,0.121398151951933
"1691","57",11,0,4,-0.106021506069139
"1692","57",12,0,4,-0.106021506069139
"1693","57",13,0,3,0.00487706912618097
"1694","57",14,0,12,0.121398151951933
"1695","57",15,0,3,0.00487706912618097
"1696","57",16,0,4,-0.106021506069139
"1697","57",17,0,8,0.0574971881266887
"1698","57",18,0,14,0.0951441436588604
"1699","57",19,0,1,-0.0979959185806945
"1700","57",20,0,12,0.121398151951933
"1701","57",21,0,1,-0.0979959185806945
"1702","57",22,0,8,0.0574971881266887
"1703","57",23,0,12,0.121398151951933
"1704","57",24,0,4,-0.106021506069139
"1705","57",25,0,1,-0.0979959185806945
"1706","57",26,0,4,-0.106021506069139
"1707","57",27,0,12,0.121398151951933
"1708","57",28,0,11,0.233102928201184
"1709","57",29,0,4,-0.106021506069139
"1710","57",30,0,4,-0.106021506069139
"1711","58",1,0,2,-0.530884759201401
"1712","58",2,0,2,-0.530884759201401
"1713","58",3,0,2,-0.530884759201401
"1714","58",4,0,2,-0.530884759201401
"1715","58",5,0,2,-0.530884759201401
"1716","58",6,0,2,-0.530884759201401
"1717","58",7,0,2,-0.530884759201401
"1718","58",8,0,2,-0.530884759201401
"1719","58",9,0,6,-0.608515376380024
"1720","58",10,0,2,-0.530884759201401
"1721","58",11,0,2,-0.530884759201401
"1722","58",12,0,2,-0.530884759201401
"1723","58",13,0,2,-0.530884759201401
"1724","58",14,0,2,-0.530884759201401
"1725","58",15,0,2,-0.530884759201401
"1726","58",16,0,5,-0.340083114684329
"1727","58",17,0,2,-0.530884759201401
"1728","58",18,0,2,-0.530884759201401
"1729","58",19,0,2,-0.530884759201401
"1730","58",20,0,6,-0.608515376380024
"1731","58",21,0,2,-0.530884759201401
"1732","58",22,0,2,-0.530884759201401
"1733","58",23,0,2,-0.530884759201401
"1734","58",24,0,2,-0.530884759201401
"1735","58",25,0,2,-0.530884759201401
"1736","58",26,0,2,-0.530884759201401
"1737","58",27,0,2,-0.530884759201401
"1738","58",28,0,2,-0.530884759201401
"1739","58",29,0,2,-0.530884759201401
"1740","58",30,0,2,-0.530884759201401
"1741","59",1,0,1,-0.54987223126547
"1742","59",2,0,1,-0.54987223126547
"1743","59",3,0,9,-0.0202010519086574
"1744","59",4,0,1,-0.54987223126547
"1745","59",5,0,1,-0.54987223126547
"1746","59",6,0,1,-0.54987223126547
"1747","59",7,0,1,-0.54987223126547
"1748","59",8,0,5,-0.0318751862990133
"1749","59",9,0,9,-0.0202010519086574
"1750","59",10,0,1,-0.54987223126547
"1751","59",11,0,1,-0.54987223126547
"1752","59",12,0,2,-0.127060822947958
"1753","59",13,0,9,-0.0202010519086574
"1754","59",14,0,1,-0.54987223126547
"1755","59",15,0,1,-0.54987223126547
"1756","59",16,0,1,-0.54987223126547
"1757","59",17,0,3,-0.117241134733243
"1758","59",18,0,1,-0.54987223126547
"1759","59",19,0,5,-0.0318751862990133
"1760","59",20,0,9,-0.0202010519086574
"1761","59",21,0,1,-0.54987223126547
"1762","59",22,0,9,-0.0202010519086574
"1763","59",23,0,5,-0.0318751862990133
"1764","59",24,0,1,-0.54987223126547
"1765","59",25,0,9,-0.0202010519086574
"1766","59",26,0,1,-0.54987223126547
"1767","59",27,0,1,-0.54987223126547
"1768","59",28,0,5,-0.0318751862990133
"1769","59",29,0,5,-0.0318751862990133
"1770","59",30,0,9,-0.0202010519086574
"1771","60",1,0,8,0.26034431953061
"1772","60",2,0,2,-0.372856753843674
"1773","60",3,0,3,-0.390558867009802
"1774","60",4,0,2,-0.372856753843674
"1775","60",5,0,2,-0.372856753843674
"1776","60",6,0,1,0.102962263081642
"1777","60",7,0,8,0.26034431953061
"1778","60",8,0,9,0.0937675461410206
"1779","60",9,0,2,-0.372856753843674
"1780","60",10,0,2,-0.372856753843674
"1781","60",11,0,3,-0.390558867009802
"1782","60",12,0,3,-0.390558867009802
"1783","60",13,0,3,-0.390558867009802
"1784","60",14,0,2,-0.372856753843674
"1785","60",15,0,2,-0.372856753843674
"1786","60",16,0,2,-0.372856753843674
"1787","60",17,0,2,-0.372856753843674
"1788","60",18,0,8,0.26034431953061
"1789","60",19,0,2,-0.372856753843674
"1790","60",20,0,2,-0.372856753843674
"1791","60",21,0,8,0.26034431953061
"1792","60",22,0,2,-0.372856753843674
"1793","60",23,0,2,-0.372856753843674
"1794","60",24,0,8,0.26034431953061
"1795","60",25,0,3,-0.390558867009802
"1796","60",26,0,2,-0.372856753843674
"1797","60",27,0,2,-0.372856753843674
"1798","60",28,0,2,-0.372856753843674
"1799","60",29,0,2,-0.372856753843674
"1800","60",30,0,2,-0.372856753843674
"1801","61",1,0,4,-0.189276508289745
"1802","61",2,0,4,-0.189276508289745
"1803","61",3,0,2,-0.247848928385259
"1804","61",4,0,9,-0.427876510917282
"1805","61",5,0,4,-0.189276508289745
"1806","61",6,0,4,-0.189276508289745
"1807","61",7,0,4,-0.189276508289745
"1808","61",8,0,1,-0.0992828525247122
"1809","61",9,0,4,-0.189276508289745
"1810","61",10,0,2,-0.247848928385259
"1811","61",11,0,1,-0.0992828525247122
"1812","61",12,0,4,-0.189276508289745
"1813","61",13,0,6,-0.333904349268602
"1814","61",14,0,6,-0.333904349268602
"1815","61",15,0,2,-0.247848928385259
"1816","61",16,0,2,-0.247848928385259
"1817","61",17,0,1,-0.0992828525247122
"1818","61",18,0,6,-0.333904349268602
"1819","61",19,0,2,-0.247848928385259
"1820","61",20,0,4,-0.189276508289745
"1821","61",21,0,1,-0.0992828525247122
"1822","61",22,0,2,-0.247848928385259
"1823","61",23,0,1,-0.0992828525247122
"1824","61",24,0,1,-0.0992828525247122
"1825","61",25,0,4,-0.189276508289745
"1826","61",26,0,4,-0.189276508289745
"1827","61",27,0,2,-0.247848928385259
"1828","61",28,0,2,-0.247848928385259
"1829","61",29,0,4,-0.189276508289745
"1830","61",30,0,4,-0.189276508289745
"1831","62",1,0,3,-0.678681485676933
"1832","62",2,0,2,0.0747299282957119
"1833","62",3,0,1,0.135175720011887
"1834","62",4,0,3,-0.678681485676933
"1835","62",5,0,3,-0.678681485676933
"1836","62",6,0,3,-0.678681485676933
"1837","62",7,0,3,-0.678681485676933
"1838","62",8,0,3,-0.678681485676933
"1839","62",9,0,3,-0.678681485676933
"1840","62",10,0,3,-0.678681485676933
"1841","62",11,0,2,0.0747299282957119
"1842","62",12,0,3,-0.678681485676933
"1843","62",13,0,3,-0.678681485676933
"1844","62",14,0,1,0.135175720011887
"1845","62",15,0,3,-0.678681485676933
"1846","62",16,0,3,-0.678681485676933
"1847","62",17,0,3,-0.678681485676933
"1848","62",18,0,3,-0.678681485676933
"1849","62",19,0,3,-0.678681485676933
"1850","62",20,0,3,-0.678681485676933
"1851","62",21,0,3,-0.678681485676933
"1852","62",22,0,1,0.135175720011887
"1853","62",23,0,3,-0.678681485676933
"1854","62",24,0,3,-0.678681485676933
"1855","62",25,0,3,-0.678681485676933
"1856","62",26,0,1,0.135175720011887
"1857","62",27,0,3,-0.678681485676933
"1858","62",28,0,3,-0.678681485676933
"1859","62",29,0,3,-0.678681485676933
"1860","62",30,0,3,-0.678681485676933
"1861","63",1,0,2,-0.909335291699325
"1862","63",2,0,2,-0.909335291699325
"1863","63",3,0,2,-0.909335291699325
"1864","63",4,0,2,-0.909335291699325
"1865","63",5,0,2,-0.909335291699325
"1866","63",6,0,2,-0.909335291699325
"1867","63",7,0,2,-0.909335291699325
"1868","63",8,0,2,-0.909335291699325
"1869","63",9,0,2,-0.909335291699325
"1870","63",10,0,2,-0.909335291699325
"1871","63",11,0,2,-0.909335291699325
"1872","63",12,0,2,-0.909335291699325
"1873","63",13,0,2,-0.909335291699325
"1874","63",14,0,2,-0.909335291699325
"1875","63",15,0,2,-0.909335291699325
"1876","63",16,0,2,-0.909335291699325
"1877","63",17,0,4,-1.08648091154068
"1878","63",18,0,2,-0.909335291699325
"1879","63",19,0,2,-0.909335291699325
"1880","63",20,0,2,-0.909335291699325
"1881","63",21,0,2,-0.909335291699325
"1882","63",22,0,2,-0.909335291699325
"1883","63",23,0,2,-0.909335291699325
"1884","63",24,0,2,-0.909335291699325
"1885","63",25,0,2,-0.909335291699325
"1886","63",26,0,2,-0.909335291699325
"1887","63",27,0,2,-0.909335291699325
"1888","63",28,0,2,-0.909335291699325
"1889","63",29,0,2,-0.909335291699325
"1890","63",30,0,2,-0.909335291699325
"1891","64",1,0,5,-0.411881660769192
"1892","64",2,0,2,-0.42817104125703
"1893","64",3,0,2,-0.42817104125703
"1894","64",4,0,4,-0.348269445284061
"1895","64",5,0,2,-0.42817104125703
"1896","64",6,0,2,-0.42817104125703
"1897","64",7,0,2,-0.42817104125703
"1898","64",8,0,2,-0.42817104125703
"1899","64",9,0,5,-0.411881660769192
"1900","64",10,0,2,-0.42817104125703
"1901","64",11,0,2,-0.42817104125703
"1902","64",12,0,2,-0.42817104125703
"1903","64",13,0,2,-0.42817104125703
"1904","64",14,0,2,-0.42817104125703
"1905","64",15,0,6,-0.599930418191056
"1906","64",16,0,1,0.0188691112423056
"1907","64",17,0,2,-0.42817104125703
"1908","64",18,0,4,-0.348269445284061
"1909","64",19,0,2,-0.42817104125703
"1910","64",20,0,2,-0.42817104125703
"1911","64",21,0,3,-0.198706705834824
"1912","64",22,0,4,-0.348269445284061
"1913","64",23,0,1,0.0188691112423056
"1914","64",24,0,2,-0.42817104125703
"1915","64",25,0,2,-0.42817104125703
"1916","64",26,0,2,-0.42817104125703
"1917","64",27,0,6,-0.599930418191056
"1918","64",28,0,1,0.0188691112423056
"1919","64",29,0,4,-0.348269445284061
"1920","64",30,0,4,-0.348269445284061
"1921","65",1,0,1,-2.80990995106543
"1922","65",2,0,1,-2.80990995106543
"1923","65",3,0,1,-2.80990995106543
"1924","65",4,0,1,-2.80990995106543
"1925","65",5,0,1,-2.80990995106543
"1926","65",6,0,1,-2.80990995106543
"1927","65",7,0,1,-2.80990995106543
"1928","65",8,0,1,-2.80990995106543
"1929","65",9,0,1,-2.80990995106543
"1930","65",10,0,1,-2.80990995106543
"1931","65",11,0,1,-2.80990995106543
"1932","65",12,0,1,-2.80990995106543
"1933","65",13,0,1,-2.80990995106543
"1934","65",14,0,1,-2.80990995106543
"1935","65",15,0,1,-2.80990995106543
"1936","65",16,0,1,-2.80990995106543
"1937","65",17,0,1,-2.80990995106543
"1938","65",18,0,1,-2.80990995106543
"1939","65",19,0,1,-2.80990995106543
"1940","65",20,0,1,-2.80990995106543
"1941","65",21,0,1,-2.80990995106543
"1942","65",22,0,1,-2.80990995106543
"1943","65",23,0,1,-2.80990995106543
"1944","65",24,0,1,-2.80990995106543
"1945","65",25,0,1,-2.80990995106543
"1946","65",26,0,1,-2.80990995106543
"1947","65",27,0,1,-2.80990995106543
"1948","65",28,0,1,-2.80990995106543
"1949","65",29,0,1,-2.80990995106543
"1950","65",30,0,1,-2.80990995106543
"1951","66",1,0,1,-0.609486437523297
"1952","66",2,0,1,-0.609486437523297
"1953","66",3,0,2,-0.521563257953545
"1954","66",4,0,1,-0.609486437523297
"1955","66",5,0,1,-0.609486437523297
"1956","66",6,0,2,-0.521563257953545
"1957","66",7,0,2,-0.521563257953545
"1958","66",8,0,3,-0.643341150271694
"1959","66",9,0,3,-0.643341150271694
"1960","66",10,0,3,-0.643341150271694
"1961","66",11,0,3,-0.643341150271694
"1962","66",12,0,1,-0.609486437523297
"1963","66",13,0,9,0.110355875853624
"1964","66",14,0,1,-0.609486437523297
"1965","66",15,0,3,-0.643341150271694
"1966","66",16,0,1,-0.609486437523297
"1967","66",17,0,1,-0.609486437523297
"1968","66",18,0,3,-0.643341150271694
"1969","66",19,0,1,-0.609486437523297
"1970","66",20,0,3,-0.643341150271694
"1971","66",21,0,1,-0.609486437523297
"1972","66",22,0,3,-0.643341150271694
"1973","66",23,0,2,-0.521563257953545
"1974","66",24,0,1,-0.609486437523297
"1975","66",25,0,1,-0.609486437523297
"1976","66",26,0,1,-0.609486437523297
"1977","66",27,0,3,-0.643341150271694
"1978","66",28,0,2,-0.521563257953545
"1979","66",29,0,3,-0.643341150271694
"1980","66",30,0,1,-0.609486437523297
"1981","67",1,0,3,1.30009236140008
"1982","67",2,0,5,0.964983432035809
"1983","67",3,0,11,0.487366294190902
"1984","67",4,0,9,0.757620143024336
"1985","67",5,0,4,0.987168849583517
"1986","67",6,0,11,0.487366294190902
"1987","67",7,0,11,0.487366294190902
"1988","67",8,0,6,0.890274527648434
"1989","67",9,0,11,0.487366294190902
"1990","67",10,0,3,1.30009236140008
"1991","67",11,0,3,1.30009236140008
"1992","67",12,0,11,0.487366294190902
"1993","67",13,0,3,1.30009236140008
"1994","67",14,0,11,0.487366294190902
"1995","67",15,0,3,1.30009236140008
"1996","67",16,0,3,1.30009236140008
"1997","67",17,0,11,0.487366294190902
"1998","67",18,0,4,0.987168849583517
"1999","67",19,0,3,1.30009236140008
"2000","67",20,0,3,1.30009236140008
"2001","67",21,0,3,1.30009236140008
"2002","67",22,0,11,0.487366294190902
"2003","67",23,0,11,0.487366294190902
"2004","67",24,0,11,0.487366294190902
"2005","67",25,0,10,0.714046298773303
"2006","67",26,0,3,1.30009236140008
"2007","67",27,0,11,0.487366294190902
"2008","67",28,0,3,1.30009236140008
"2009","67",29,0,3,1.30009236140008
"2010","67",30,0,9,0.757620143024336
"2011","68",1,0,1,-1.33490604667889
"2012","68",2,0,1,-1.33490604667889
"2013","68",3,0,1,-1.33490604667889
"2014","68",4,0,1,-1.33490604667889
"2015","68",5,0,1,-1.33490604667889
"2016","68",6,0,1,-1.33490604667889
"2017","68",7,0,1,-1.33490604667889
"2018","68",8,0,1,-1.33490604667889
"2019","68",9,0,1,-1.33490604667889
"2020","68",10,0,1,-1.33490604667889
"2021","68",11,0,1,-1.33490604667889
"2022","68",12,0,1,-1.33490604667889
"2023","68",13,0,1,-1.33490604667889
"2024","68",14,0,1,-1.33490604667889
"2025","68",15,0,1,-1.33490604667889
"2026","68",16,0,1,-1.33490604667889
"2027","68",17,0,1,-1.33490604667889
"2028","68",18,0,1,-1.33490604667889
"2029","68",19,0,1,-1.33490604667889
"2030","68",20,0,1,-1.33490604667889
"2031","68",21,0,11,0.133550157103781
"2032","68",22,0,1,-1.33490604667889
"2033","68",23,0,3,-0.0547554803718704
"2034","68",24,0,9,0.204442472329255
"2035","68",25,0,1,-1.33490604667889
"2036","68",26,0,1,-1.33490604667889
"2037","68",27,0,13,0.114258877706439
"2038","68",28,0,1,-1.33490604667889
"2039","68",29,0,1,-1.33490604667889
"2040","68",30,0,1,-1.33490604667889
"2041","69",1,0,14,0.222898552705281
"2042","69",2,0,1,-0.564790977114231
"2043","69",3,0,1,-0.564790977114231
"2044","69",4,0,1,-0.564790977114231
"2045","69",5,0,1,-0.564790977114231
"2046","69",6,0,14,0.222898552705281
"2047","69",7,0,2,-0.0771144883393947
"2048","69",8,0,7,0.147030525039806
"2049","69",9,0,11,0.227640543364715
"2050","69",10,0,1,-0.564790977114231
"2051","69",11,0,1,-0.564790977114231
"2052","69",12,0,1,-0.564790977114231
"2053","69",13,0,11,0.227640543364715
"2054","69",14,0,8,0.0782690317286985
"2055","69",15,0,6,0.297869686758564
"2056","69",16,0,6,0.297869686758564
"2057","69",17,0,7,0.147030525039806
"2058","69",18,0,1,-0.564790977114231
"2059","69",19,0,1,-0.564790977114231
"2060","69",20,0,1,-0.564790977114231
"2061","69",21,0,7,0.147030525039806
"2062","69",22,0,6,0.297869686758564
"2063","69",23,0,7,0.147030525039806
"2064","69",24,0,1,-0.564790977114231
"2065","69",25,0,1,-0.564790977114231
"2066","69",26,0,7,0.147030525039806
"2067","69",27,0,1,-0.564790977114231
"2068","69",28,0,7,0.147030525039806
"2069","69",29,0,6,0.297869686758564
"2070","69",30,0,1,-0.564790977114231
"2071","70",1,0,1,-0.820585002607472
"2072","70",2,0,5,-0.132087842308238
"2073","70",3,0,11,-0.215368648920966
"2074","70",4,0,1,-0.820585002607472
"2075","70",5,0,1,-0.820585002607472
"2076","70",6,0,1,-0.820585002607472
"2077","70",7,0,1,-0.820585002607472
"2078","70",8,0,1,-0.820585002607472
"2079","70",9,0,2,-0.451242941445735
"2080","70",10,0,1,-0.820585002607472
"2081","70",11,0,1,-0.820585002607472
"2082","70",12,0,5,-0.132087842308238
"2083","70",13,0,1,-0.820585002607472
"2084","70",14,0,1,-0.820585002607472
"2085","70",15,0,1,-0.820585002607472
"2086","70",16,0,7,-0.305034210207426
"2087","70",17,0,1,-0.820585002607472
"2088","70",18,0,1,-0.820585002607472
"2089","70",19,0,1,-0.820585002607472
"2090","70",20,0,5,-0.132087842308238
"2091","70",21,0,1,-0.820585002607472
"2092","70",22,0,5,-0.132087842308238
"2093","70",23,0,1,-0.820585002607472
"2094","70",24,0,2,-0.451242941445735
"2095","70",25,0,1,-0.820585002607472
"2096","70",26,0,5,-0.132087842308238
"2097","70",27,0,1,-0.820585002607472
"2098","70",28,0,4,-0.00606185372319003
"2099","70",29,0,1,-0.820585002607472
"2100","70",30,0,1,-0.820585002607472
"2101","71",1,0,5,-0.556441635520337
"2102","71",2,0,5,-0.556441635520337
"2103","71",3,0,3,-0.048263495970147
"2104","71",4,0,3,-0.048263495970147
"2105","71",5,0,5,-0.556441635520337
"2106","71",6,0,2,0.0278638707826035
"2107","71",7,0,3,-0.048263495970147
"2108","71",8,0,2,0.0278638707826035
"2109","71",9,0,1,0.438914398613115
"2110","71",10,0,1,0.438914398613115
"2111","71",11,0,3,-0.048263495970147
"2112","71",12,0,2,0.0278638707826035
"2113","71",13,0,2,0.0278638707826035
"2114","71",14,0,2,0.0278638707826035
"2115","71",15,0,2,0.0278638707826035
"2116","71",16,0,5,-0.556441635520337
"2117","71",17,0,5,-0.556441635520337
"2118","71",18,0,4,-0.0361328040821931
"2119","71",19,0,5,-0.556441635520337
"2120","71",20,0,5,-0.556441635520337
"2121","71",21,0,2,0.0278638707826035
"2122","71",22,0,5,-0.556441635520337
"2123","71",23,0,3,-0.048263495970147
"2124","71",24,0,5,-0.556441635520337
"2125","71",25,0,5,-0.556441635520337
"2126","71",26,0,5,-0.556441635520337
"2127","71",27,0,5,-0.556441635520337
"2128","71",28,0,3,-0.048263495970147
"2129","71",29,0,2,0.0278638707826035
"2130","71",30,0,5,-0.556441635520337
"2131","72",1,0,2,-0.784024728307301
"2132","72",2,0,1,-0.491259682452467
"2133","72",3,0,1,-0.491259682452467
"2134","72",4,0,2,-0.784024728307301
"2135","72",5,0,2,-0.784024728307301
"2136","72",6,0,1,-0.491259682452467
"2137","72",7,0,2,-0.784024728307301
"2138","72",8,0,1,-0.491259682452467
"2139","72",9,0,11,0.415530732194543
"2140","72",10,0,1,-0.491259682452467
"2141","72",11,0,1,-0.491259682452467
"2142","72",12,0,2,-0.784024728307301
"2143","72",13,0,2,-0.784024728307301
"2144","72",14,0,1,-0.491259682452467
"2145","72",15,0,3,-0.505214088309427
"2146","72",16,0,1,-0.491259682452467
"2147","72",17,0,6,0.0740505036223228
"2148","72",18,0,2,-0.784024728307301
"2149","72",19,0,1,-0.491259682452467
"2150","72",20,0,1,-0.491259682452467
"2151","72",21,0,1,-0.491259682452467
"2152","72",22,0,2,-0.784024728307301
"2153","72",23,0,1,-0.491259682452467
"2154","72",24,0,2,-0.784024728307301
"2155","72",25,0,13,0.258752629781497
"2156","72",26,0,2,-0.784024728307301
"2157","72",27,0,2,-0.784024728307301
"2158","72",28,0,1,-0.491259682452467
"2159","72",29,0,2,-0.784024728307301
"2160","72",30,0,2,-0.784024728307301
"2161","73",1,0,1,-0.213347572496687
"2162","73",2,0,5,0.413883073447593
"2163","73",3,0,12,-0.301410350282022
"2164","73",4,0,6,0.0911205087815923
"2165","73",5,0,6,0.0911205087815923
"2166","73",6,0,6,0.0911205087815923
"2167","73",7,0,6,0.0911205087815923
"2168","73",8,0,6,0.0911205087815923
"2169","73",9,0,6,0.0911205087815923
"2170","73",10,0,6,0.0911205087815923
"2171","73",11,0,1,-0.213347572496687
"2172","73",12,0,1,-0.213347572496687
"2173","73",13,0,8,-0.140781179645181
"2174","73",14,0,6,0.0911205087815923
"2175","73",15,0,1,-0.213347572496687
"2176","73",16,0,6,0.0911205087815923
"2177","73",17,0,6,0.0911205087815923
"2178","73",18,0,6,0.0911205087815923
"2179","73",19,0,6,0.0911205087815923
"2180","73",20,0,6,0.0911205087815923
"2181","73",21,0,8,-0.140781179645181
"2182","73",22,0,2,0.166605631397017
"2183","73",23,0,6,0.0911205087815923
"2184","73",24,0,4,0.456710234026574
"2185","73",25,0,1,-0.213347572496687
"2186","73",26,0,6,0.0911205087815923
"2187","73",27,0,6,0.0911205087815923
"2188","73",28,0,1,-0.213347572496687
"2189","73",29,0,6,0.0911205087815923
"2190","73",30,0,6,0.0911205087815923
"2191","74",1,0,2,0.148195869614327
"2192","74",2,0,7,0.330599498485091
"2193","74",3,0,2,0.148195869614327
"2194","74",4,0,4,-0.0984465462955388
"2195","74",5,0,9,0.319456987300764
"2196","74",6,0,2,0.148195869614327
"2197","74",7,0,2,0.148195869614327
"2198","74",8,0,2,0.148195869614327
"2199","74",9,0,2,0.148195869614327
"2200","74",10,0,2,0.148195869614327
"2201","74",11,0,2,0.148195869614327
"2202","74",12,0,2,0.148195869614327
"2203","74",13,0,2,0.148195869614327
"2204","74",14,0,2,0.148195869614327
"2205","74",15,0,2,0.148195869614327
"2206","74",16,0,2,0.148195869614327
"2207","74",17,0,2,0.148195869614327
"2208","74",18,0,2,0.148195869614327
"2209","74",19,0,2,0.148195869614327
"2210","74",20,0,2,0.148195869614327
"2211","74",21,0,2,0.148195869614327
"2212","74",22,0,7,0.330599498485091
"2213","74",23,0,4,-0.0984465462955388
"2214","74",24,0,2,0.148195869614327
"2215","74",25,0,2,0.148195869614327
"2216","74",26,0,2,0.148195869614327
"2217","74",27,0,2,0.148195869614327
"2218","74",28,0,2,0.148195869614327
"2219","74",29,0,2,0.148195869614327
"2220","74",30,0,2,0.148195869614327
"2221","75",1,0,5,-0.125501014270525
"2222","75",2,0,1,-0.0236371334891098
"2223","75",3,0,5,-0.125501014270525
"2224","75",4,0,5,-0.125501014270525
"2225","75",5,0,4,0.271286309214796
"2226","75",6,0,1,-0.0236371334891098
"2227","75",7,0,4,0.271286309214796
"2228","75",8,0,5,-0.125501014270525
"2229","75",9,0,4,0.271286309214796
"2230","75",10,0,5,-0.125501014270525
"2231","75",11,0,4,0.271286309214796
"2232","75",12,0,5,-0.125501014270525
"2233","75",13,0,4,0.271286309214796
"2234","75",14,0,5,-0.125501014270525
"2235","75",15,0,5,-0.125501014270525
"2236","75",16,0,1,-0.0236371334891098
"2237","75",17,0,5,-0.125501014270525
"2238","75",18,0,5,-0.125501014270525
"2239","75",19,0,5,-0.125501014270525
"2240","75",20,0,4,0.271286309214796
"2241","75",21,0,5,-0.125501014270525
"2242","75",22,0,4,0.271286309214796
"2243","75",23,0,5,-0.125501014270525
"2244","75",24,0,5,-0.125501014270525
"2245","75",25,0,4,0.271286309214796
"2246","75",26,0,5,-0.125501014270525
"2247","75",27,0,4,0.271286309214796
"2248","75",28,0,5,-0.125501014270525
"2249","75",29,0,4,0.271286309214796
"2250","75",30,0,5,-0.125501014270525
"2251","76",1,0,1,-1.18273766532649
"2252","76",2,0,1,-1.18273766532649
"2253","76",3,0,1,-1.18273766532649
"2254","76",4,0,1,-1.18273766532649
"2255","76",5,0,1,-1.18273766532649
"2256","76",6,0,1,-1.18273766532649
"2257","76",7,0,1,-1.18273766532649
"2258","76",8,0,1,-1.18273766532649
"2259","76",9,0,12,0.0896274550221671
"2260","76",10,0,15,-0.00178717198396291
"2261","76",11,0,1,-1.18273766532649
"2262","76",12,0,1,-1.18273766532649
"2263","76",13,0,1,-1.18273766532649
"2264","76",14,0,1,-1.18273766532649
"2265","76",15,0,1,-1.18273766532649
"2266","76",16,0,1,-1.18273766532649
"2267","76",17,0,1,-1.18273766532649
"2268","76",18,0,1,-1.18273766532649
"2269","76",19,0,9,0.113088520650307
"2270","76",20,0,1,-1.18273766532649
"2271","76",21,0,7,0.17250580453634
"2272","76",22,0,1,-1.18273766532649
"2273","76",23,0,1,-1.18273766532649
"2274","76",24,0,12,0.0896274550221671
"2275","76",25,0,1,-1.18273766532649
"2276","76",26,0,3,0.412036990673112
"2277","76",27,0,1,-1.18273766532649
"2278","76",28,0,1,-1.18273766532649
"2279","76",29,0,1,-1.18273766532649
"2280","76",30,0,1,-1.18273766532649
"2281","77",1,0,1,-1.53658022360677
"2282","77",2,0,1,-1.53658022360677
"2283","77",3,0,1,-1.53658022360677
"2284","77",4,0,1,-1.53658022360677
"2285","77",5,0,1,-1.53658022360677
"2286","77",6,0,1,-1.53658022360677
"2287","77",7,0,1,-1.53658022360677
"2288","77",8,0,1,-1.53658022360677
"2289","77",9,0,1,-1.53658022360677
"2290","77",10,0,1,-1.53658022360677
"2291","77",11,0,1,-1.53658022360677
"2292","77",12,0,1,-1.53658022360677
"2293","77",13,0,5,-0.225283064162193
"2294","77",14,0,2,-1.01480814838304
"2295","77",15,0,1,-1.53658022360677
"2296","77",16,0,1,-1.53658022360677
"2297","77",17,0,1,-1.53658022360677
"2298","77",18,0,1,-1.53658022360677
"2299","77",19,0,1,-1.53658022360677
"2300","77",20,0,1,-1.53658022360677
"2301","77",21,0,1,-1.53658022360677
"2302","77",22,0,1,-1.53658022360677
"2303","77",23,0,1,-1.53658022360677
"2304","77",24,0,5,-0.225283064162193
"2305","77",25,0,1,-1.53658022360677
"2306","77",26,0,1,-1.53658022360677
"2307","77",27,0,1,-1.53658022360677
"2308","77",28,0,1,-1.53658022360677
"2309","77",29,0,1,-1.53658022360677
"2310","77",30,0,1,-1.53658022360677
"2311","78",1,0,2,-0.464231640517178
"2312","78",2,0,2,-0.464231640517178
"2313","78",3,0,2,-0.464231640517178
"2314","78",4,0,2,-0.464231640517178
"2315","78",5,0,2,-0.464231640517178
"2316","78",6,0,2,-0.464231640517178
"2317","78",7,0,2,-0.464231640517178
"2318","78",8,0,2,-0.464231640517178
"2319","78",9,0,2,-0.464231640517178
"2320","78",10,0,2,-0.464231640517178
"2321","78",11,0,2,-0.464231640517178
"2322","78",12,0,2,-0.464231640517178
"2323","78",13,0,2,-0.464231640517178
"2324","78",14,0,2,-0.464231640517178
"2325","78",15,0,2,-0.464231640517178
"2326","78",16,0,2,-0.464231640517178
"2327","78",17,0,2,-0.464231640517178
"2328","78",18,0,2,-0.464231640517178
"2329","78",19,0,1,0.246556918686452
"2330","78",20,0,2,-0.464231640517178
"2331","78",21,0,2,-0.464231640517178
"2332","78",22,0,2,-0.464231640517178
"2333","78",23,0,2,-0.464231640517178
"2334","78",24,0,1,0.246556918686452
"2335","78",25,0,7,-0.0923202742633739
"2336","78",26,0,2,-0.464231640517178
"2337","78",27,0,2,-0.464231640517178
"2338","78",28,0,2,-0.464231640517178
"2339","78",29,0,2,-0.464231640517178
"2340","78",30,0,2,-0.464231640517178
"2341","79",1,0,1,-0.680730241282916
"2342","79",2,0,3,-0.29724553242217
"2343","79",3,0,1,-0.680730241282916
"2344","79",4,0,1,-0.680730241282916
"2345","79",5,0,3,-0.29724553242217
"2346","79",6,0,1,-0.680730241282916
"2347","79",7,0,1,-0.680730241282916
"2348","79",8,0,1,-0.680730241282916
"2349","79",9,0,1,-0.680730241282916
"2350","79",10,0,3,-0.29724553242217
"2351","79",11,0,3,-0.29724553242217
"2352","79",12,0,3,-0.29724553242217
"2353","79",13,0,1,-0.680730241282916
"2354","79",14,0,3,-0.29724553242217
"2355","79",15,0,3,-0.29724553242217
"2356","79",16,0,1,-0.680730241282916
"2357","79",17,0,3,-0.29724553242217
"2358","79",18,0,1,-0.680730241282916
"2359","79",19,0,1,-0.680730241282916
"2360","79",20,0,3,-0.29724553242217
"2361","79",21,0,1,-0.680730241282916
"2362","79",22,0,1,-0.680730241282916
"2363","79",23,0,3,-0.29724553242217
"2364","79",24,0,3,-0.29724553242217
"2365","79",25,0,3,-0.29724553242217
"2366","79",26,0,1,-0.680730241282916
"2367","79",27,0,3,-0.29724553242217
"2368","79",28,0,1,-0.680730241282916
"2369","79",29,0,3,-0.29724553242217
"2370","79",30,0,1,-0.680730241282916
"2371","80",1,0,2,0.185722833063016
"2372","80",2,0,5,0.109452232625079
"2373","80",3,0,8,0.09065314639366
"2374","80",4,0,5,0.109452232625079
"2375","80",5,0,2,0.185722833063016
"2376","80",6,0,5,0.109452232625079
"2377","80",7,0,8,0.09065314639366
"2378","80",8,0,5,0.109452232625079
"2379","80",9,0,8,0.09065314639366
"2380","80",10,0,2,0.185722833063016
"2381","80",11,0,3,0.0731962944710377
"2382","80",12,0,2,0.185722833063016
"2383","80",13,0,8,0.09065314639366
"2384","80",14,0,8,0.09065314639366
"2385","80",15,0,2,0.185722833063016
"2386","80",16,0,2,0.185722833063016
"2387","80",17,0,5,0.109452232625079
"2388","80",18,0,5,0.109452232625079
"2389","80",19,0,6,0.0545077349707657
"2390","80",20,0,8,0.09065314639366
"2391","80",21,0,8,0.09065314639366
"2392","80",22,0,5,0.109452232625079
"2393","80",23,0,2,0.185722833063016
"2394","80",24,0,2,0.185722833063016
"2395","80",25,0,8,0.09065314639366
"2396","80",26,0,2,0.185722833063016
"2397","80",27,0,2,0.185722833063016
"2398","80",28,0,5,0.109452232625079
"2399","80",29,0,2,0.185722833063016
"2400","80",30,0,2,0.185722833063016
"2401","81",1,0,1,-1.23140345296972
"2402","81",2,0,1,-1.23140345296972
"2403","81",3,0,1,-1.23140345296972
"2404","81",4,0,1,-1.23140345296972
"2405","81",5,0,1,-1.23140345296972
"2406","81",6,0,1,-1.23140345296972
"2407","81",7,0,1,-1.23140345296972
"2408","81",8,0,1,-1.23140345296972
"2409","81",9,0,1,-1.23140345296972
"2410","81",10,0,1,-1.23140345296972
"2411","81",11,0,1,-1.23140345296972
"2412","81",12,0,1,-1.23140345296972
"2413","81",13,0,1,-1.23140345296972
"2414","81",14,0,1,-1.23140345296972
"2415","81",15,0,1,-1.23140345296972
"2416","81",16,0,1,-1.23140345296972
"2417","81",17,0,1,-1.23140345296972
"2418","81",18,0,1,-1.23140345296972
"2419","81",19,0,1,-1.23140345296972
"2420","81",20,0,1,-1.23140345296972
"2421","81",21,0,1,-1.23140345296972
"2422","81",22,0,1,-1.23140345296972
"2423","81",23,0,1,-1.23140345296972
"2424","81",24,0,1,-1.23140345296972
"2425","81",25,0,1,-1.23140345296972
"2426","81",26,0,1,-1.23140345296972
"2427","81",27,0,1,-1.23140345296972
"2428","81",28,0,1,-1.23140345296972
"2429","81",29,0,1,-1.23140345296972
"2430","81",30,0,1,-1.23140345296972
"2431","82",1,0,4,0.0524058217585459
"2432","82",2,0,4,0.0524058217585459
"2433","82",3,0,4,0.0524058217585459
"2434","82",4,0,4,0.0524058217585459
"2435","82",5,0,4,0.0524058217585459
"2436","82",6,0,4,0.0524058217585459
"2437","82",7,0,4,0.0524058217585459
"2438","82",8,0,4,0.0524058217585459
"2439","82",9,0,4,0.0524058217585459
"2440","82",10,0,4,0.0524058217585459
"2441","82",11,0,4,0.0524058217585459
"2442","82",12,0,4,0.0524058217585459
"2443","82",13,0,4,0.0524058217585459
"2444","82",14,0,4,0.0524058217585459
"2445","82",15,0,4,0.0524058217585459
"2446","82",16,0,4,0.0524058217585459
"2447","82",17,0,4,0.0524058217585459
"2448","82",18,0,4,0.0524058217585459
"2449","82",19,0,4,0.0524058217585459
"2450","82",20,0,4,0.0524058217585459
"2451","82",21,0,4,0.0524058217585459
"2452","82",22,0,4,0.0524058217585459
"2453","82",23,0,4,0.0524058217585459
"2454","82",24,0,4,0.0524058217585459
"2455","82",25,0,4,0.0524058217585459
"2456","82",26,0,4,0.0524058217585459
"2457","82",27,0,4,0.0524058217585459
"2458","82",28,0,4,0.0524058217585459
"2459","82",29,0,1,0.892433544360547
"2460","82",30,0,1,0.892433544360547
"2461","83",1,0,3,-0.458799758960262
"2462","83",2,0,3,-0.458799758960262
"2463","83",3,0,1,-0.486178915244802
"2464","83",4,0,1,-0.486178915244802
"2465","83",5,0,3,-0.458799758960262
"2466","83",6,0,1,-0.486178915244802
"2467","83",7,0,2,0.201419853262406
"2468","83",8,0,3,-0.458799758960262
"2469","83",9,0,1,-0.486178915244802
"2470","83",10,0,3,-0.458799758960262
"2471","83",11,0,1,-0.486178915244802
"2472","83",12,0,3,-0.458799758960262
"2473","83",13,0,3,-0.458799758960262
"2474","83",14,0,3,-0.458799758960262
"2475","83",15,0,3,-0.458799758960262
"2476","83",16,0,3,-0.458799758960262
"2477","83",17,0,3,-0.458799758960262
"2478","83",18,0,3,-0.458799758960262
"2479","83",19,0,1,-0.486178915244802
"2480","83",20,0,1,-0.486178915244802
"2481","83",21,0,3,-0.458799758960262
"2482","83",22,0,1,-0.486178915244802
"2483","83",23,0,3,-0.458799758960262
"2484","83",24,0,1,-0.486178915244802
"2485","83",25,0,1,-0.486178915244802
"2486","83",26,0,1,-0.486178915244802
"2487","83",27,0,3,-0.458799758960262
"2488","83",28,0,3,-0.458799758960262
"2489","83",29,0,1,-0.486178915244802
"2490","83",30,0,3,-0.458799758960262
"2491","84",1,0,2,0.124686839431445
"2492","84",2,0,5,-0.346256587920677
"2493","84",3,0,2,0.124686839431445
"2494","84",4,0,5,-0.346256587920677
"2495","84",5,0,5,-0.346256587920677
"2496","84",6,0,2,0.124686839431445
"2497","84",7,0,2,0.124686839431445
"2498","84",8,0,5,-0.346256587920677
"2499","84",9,0,5,-0.346256587920677
"2500","84",10,0,5,-0.346256587920677
"2501","84",11,0,2,0.124686839431445
"2502","84",12,0,5,-0.346256587920677
"2503","84",13,0,2,0.124686839431445
"2504","84",14,0,5,-0.346256587920677
"2505","84",15,0,5,-0.346256587920677
"2506","84",16,0,5,-0.346256587920677
"2507","84",17,0,5,-0.346256587920677
"2508","84",18,0,5,-0.346256587920677
"2509","84",19,0,5,-0.346256587920677
"2510","84",20,0,5,-0.346256587920677
"2511","84",21,0,5,-0.346256587920677
"2512","84",22,0,2,0.124686839431445
"2513","84",23,0,2,0.124686839431445
"2514","84",24,0,4,0.182267183582701
"2515","84",25,0,5,-0.346256587920677
"2516","84",26,0,5,-0.346256587920677
"2517","84",27,0,2,0.124686839431445
"2518","84",28,0,5,-0.346256587920677
"2519","84",29,0,5,-0.346256587920677
"2520","84",30,0,5,-0.346256587920677
"2521","85",1,0,2,-0.481601530587985
"2522","85",2,0,2,-0.481601530587985
"2523","85",3,0,4,-0.179021367464623
"2524","85",4,0,2,-0.481601530587985
"2525","85",5,0,2,-0.481601530587985
"2526","85",6,0,2,-0.481601530587985
"2527","85",7,0,1,0.42496502568039
"2528","85",8,0,2,-0.481601530587985
"2529","85",9,0,6,-0.333611222595314
"2530","85",10,0,2,-0.481601530587985
"2531","85",11,0,2,-0.481601530587985
"2532","85",12,0,2,-0.481601530587985
"2533","85",13,0,2,-0.481601530587985
"2534","85",14,0,2,-0.481601530587985
"2535","85",15,0,2,-0.481601530587985
"2536","85",16,0,2,-0.481601530587985
"2537","85",17,0,2,-0.481601530587985
"2538","85",18,0,2,-0.481601530587985
"2539","85",19,0,6,-0.333611222595314
"2540","85",20,0,2,-0.481601530587985
"2541","85",21,0,2,-0.481601530587985
"2542","85",22,0,2,-0.481601530587985
"2543","85",23,0,2,-0.481601530587985
"2544","85",24,0,2,-0.481601530587985
"2545","85",25,0,2,-0.481601530587985
"2546","85",26,0,2,-0.481601530587985
"2547","85",27,0,6,-0.333611222595314
"2548","85",28,0,2,-0.481601530587985
"2549","85",29,0,2,-0.481601530587985
"2550","85",30,0,4,-0.179021367464623
"2551","86",1,0,1,-0.712199310333468
"2552","86",2,0,8,-0.0660638581816818
"2553","86",3,0,2,-0.224666227069529
"2554","86",4,0,3,-0.218772894243766
"2555","86",5,0,1,-0.712199310333468
"2556","86",6,0,4,-0.359063250294856
"2557","86",7,0,4,-0.359063250294856
"2558","86",8,0,1,-0.712199310333468
"2559","86",9,0,1,-0.712199310333468
"2560","86",10,0,1,-0.712199310333468
"2561","86",11,0,8,-0.0660638581816818
"2562","86",12,0,1,-0.712199310333468
"2563","86",13,0,1,-0.712199310333468
"2564","86",14,0,4,-0.359063250294856
"2565","86",15,0,1,-0.712199310333468
"2566","86",16,0,1,-0.712199310333468
"2567","86",17,0,1,-0.712199310333468
"2568","86",18,0,1,-0.712199310333468
"2569","86",19,0,1,-0.712199310333468
"2570","86",20,0,1,-0.712199310333468
"2571","86",21,0,3,-0.218772894243766
"2572","86",22,0,1,-0.712199310333468
"2573","86",23,0,1,-0.712199310333468
"2574","86",24,0,1,-0.712199310333468
"2575","86",25,0,1,-0.712199310333468
"2576","86",26,0,4,-0.359063250294856
"2577","86",27,0,1,-0.712199310333468
"2578","86",28,0,1,-0.712199310333468
"2579","86",29,0,1,-0.712199310333468
"2580","86",30,0,4,-0.359063250294856
"2581","87",1,0,3,-0.219369625262541
"2582","87",2,0,3,-0.219369625262541
"2583","87",3,0,6,-0.279620207059504
"2584","87",4,0,3,-0.219369625262541
"2585","87",5,0,3,-0.219369625262541
"2586","87",6,0,3,-0.219369625262541
"2587","87",7,0,3,-0.219369625262541
"2588","87",8,0,3,-0.219369625262541
"2589","87",9,0,3,-0.219369625262541
"2590","87",10,0,3,-0.219369625262541
"2591","87",11,0,3,-0.219369625262541
"2592","87",12,0,3,-0.219369625262541
"2593","87",13,0,3,-0.219369625262541
"2594","87",14,0,3,-0.219369625262541
"2595","87",15,0,2,0.296171062563108
"2596","87",16,0,3,-0.219369625262541
"2597","87",17,0,3,-0.219369625262541
"2598","87",18,0,2,0.296171062563108
"2599","87",19,0,3,-0.219369625262541
"2600","87",20,0,1,0.295631831274373
"2601","87",21,0,3,-0.219369625262541
"2602","87",22,0,3,-0.219369625262541
"2603","87",23,0,3,-0.219369625262541
"2604","87",24,0,3,-0.219369625262541
"2605","87",25,0,3,-0.219369625262541
"2606","87",26,0,1,0.295631831274373
"2607","87",27,0,3,-0.219369625262541
"2608","87",28,0,3,-0.219369625262541
"2609","87",29,0,3,-0.219369625262541
"2610","87",30,0,3,-0.219369625262541
"2611","88",1,0,6,0.081855972304607
"2612","88",2,0,5,0.198758886496085
"2613","88",3,0,2,-0.173328737112803
"2614","88",4,0,2,-0.173328737112803
"2615","88",5,0,7,-0.1342728562415
"2616","88",6,0,2,-0.173328737112803
"2617","88",7,0,4,0.0525473707975446
"2618","88",8,0,7,-0.1342728562415
"2619","88",9,0,4,0.0525473707975446
"2620","88",10,0,1,0.222491348429607
"2621","88",11,0,4,0.0525473707975446
"2622","88",12,0,1,0.222491348429607
"2623","88",13,0,2,-0.173328737112803
"2624","88",14,0,2,-0.173328737112803
"2625","88",15,0,7,-0.1342728562415
"2626","88",16,0,2,-0.173328737112803
"2627","88",17,0,7,-0.1342728562415
"2628","88",18,0,7,-0.1342728562415
"2629","88",19,0,7,-0.1342728562415
"2630","88",20,0,2,-0.173328737112803
"2631","88",21,0,4,0.0525473707975446
"2632","88",22,0,2,-0.173328737112803
"2633","88",23,0,4,0.0525473707975446
"2634","88",24,0,2,-0.173328737112803
"2635","88",25,0,8,-0.118006845255256
"2636","88",26,0,6,0.081855972304607
"2637","88",27,0,2,-0.173328737112803
"2638","88",28,0,6,0.081855972304607
"2639","88",29,0,2,-0.173328737112803
"2640","88",30,0,2,-0.173328737112803
"2641","89",1,0,5,0.632049953233565
"2642","89",2,0,6,0.441886414485737
"2643","89",3,0,10,0.153914782112519
"2644","89",4,0,5,0.632049953233565
"2645","89",5,0,5,0.632049953233565
"2646","89",6,0,4,1.01734200109042
"2647","89",7,0,5,0.632049953233565
"2648","89",8,0,5,0.632049953233565
"2649","89",9,0,6,0.441886414485737
"2650","89",10,0,5,0.632049953233565
"2651","89",11,0,5,0.632049953233565
"2652","89",12,0,7,0.24971761688433
"2653","89",13,0,5,0.632049953233565
"2654","89",14,0,5,0.632049953233565
"2655","89",15,0,5,0.632049953233565
"2656","89",16,0,5,0.632049953233565
"2657","89",17,0,4,1.01734200109042
"2658","89",18,0,5,0.632049953233565
"2659","89",19,0,5,0.632049953233565
"2660","89",20,0,6,0.441886414485737
"2661","89",21,0,7,0.24971761688433
"2662","89",22,0,5,0.632049953233565
"2663","89",23,0,6,0.441886414485737
"2664","89",24,0,5,0.632049953233565
"2665","89",25,0,5,0.632049953233565
"2666","89",26,0,5,0.632049953233565
"2667","89",27,0,7,0.24971761688433
"2668","89",28,0,5,0.632049953233565
"2669","89",29,0,5,0.632049953233565
"2670","89",30,0,5,0.632049953233565
"2671","90",1,0,3,-0.135528938405191
"2672","90",2,0,3,-0.135528938405191
"2673","90",3,0,2,0.491856829868197
"2674","90",4,0,3,-0.135528938405191
"2675","90",5,0,3,-0.135528938405191
"2676","90",6,0,3,-0.135528938405191
"2677","90",7,0,2,0.491856829868197
"2678","90",8,0,3,-0.135528938405191
"2679","90",9,0,3,-0.135528938405191
"2680","90",10,0,3,-0.135528938405191
"2681","90",11,0,3,-0.135528938405191
"2682","90",12,0,3,-0.135528938405191
"2683","90",13,0,2,0.491856829868197
"2684","90",14,0,3,-0.135528938405191
"2685","90",15,0,7,-0.339965368867594
"2686","90",16,0,2,0.491856829868197
"2687","90",17,0,3,-0.135528938405191
"2688","90",18,0,3,-0.135528938405191
"2689","90",19,0,3,-0.135528938405191
"2690","90",20,0,3,-0.135528938405191
"2691","90",21,0,3,-0.135528938405191
"2692","90",22,0,3,-0.135528938405191
"2693","90",23,0,3,-0.135528938405191
"2694","90",24,0,3,-0.135528938405191
"2695","90",25,0,2,0.491856829868197
"2696","90",26,0,3,-0.135528938405191
"2697","90",27,0,3,-0.135528938405191
"2698","90",28,0,3,-0.135528938405191
"2699","90",29,0,3,-0.135528938405191
"2700","90",30,0,2,0.491856829868197
"2701","91",1,0,3,0.00224472299674605
"2702","91",2,0,1,-0.0715367287248452
"2703","91",3,0,4,-0.155658407917017
"2704","91",4,0,3,0.00224472299674605
"2705","91",5,0,12,-0.00417639166274653
"2706","91",6,0,3,0.00224472299674605
"2707","91",7,0,4,-0.155658407917017
"2708","91",8,0,3,0.00224472299674605
"2709","91",9,0,3,0.00224472299674605
"2710","91",10,0,4,-0.155658407917017
"2711","91",11,0,1,-0.0715367287248452
"2712","91",12,0,3,0.00224472299674605
"2713","91",13,0,4,-0.155658407917017
"2714","91",14,0,3,0.00224472299674605
"2715","91",15,0,7,-0.245277571812878
"2716","91",16,0,3,0.00224472299674605
"2717","91",17,0,3,0.00224472299674605
"2718","91",18,0,3,0.00224472299674605
"2719","91",19,0,3,0.00224472299674605
"2720","91",20,0,3,0.00224472299674605
"2721","91",21,0,3,0.00224472299674605
"2722","91",22,0,4,-0.155658407917017
"2723","91",23,0,3,0.00224472299674605
"2724","91",24,0,1,-0.0715367287248452
"2725","91",25,0,4,-0.155658407917017
"2726","91",26,0,4,-0.155658407917017
"2727","91",27,0,3,0.00224472299674605
"2728","91",28,0,4,-0.155658407917017
"2729","91",29,0,3,0.00224472299674605
"2730","91",30,0,5,-0.22962879183629
"2731","92",1,0,2,0.180717863647789
"2732","92",2,0,6,0.206329570838347
"2733","92",3,0,6,0.206329570838347
"2734","92",4,0,8,0.214579831938196
"2735","92",5,0,2,0.180717863647789
"2736","92",6,0,6,0.206329570838347
"2737","92",7,0,2,0.180717863647789
"2738","92",8,0,2,0.180717863647789
"2739","92",9,0,4,0.191556797379714
"2740","92",10,0,2,0.180717863647789
"2741","92",11,0,3,0.207102026784366
"2742","92",12,0,6,0.206329570838347
"2743","92",13,0,2,0.180717863647789
"2744","92",14,0,2,0.180717863647789
"2745","92",15,0,2,0.180717863647789
"2746","92",16,0,6,0.206329570838347
"2747","92",17,0,6,0.206329570838347
"2748","92",18,0,3,0.207102026784366
"2749","92",19,0,8,0.214579831938196
"2750","92",20,0,8,0.214579831938196
"2751","92",21,0,6,0.206329570838347
"2752","92",22,0,2,0.180717863647789
"2753","92",23,0,2,0.180717863647789
"2754","92",24,0,2,0.180717863647789
"2755","92",25,0,2,0.180717863647789
"2756","92",26,0,4,0.191556797379714
"2757","92",27,0,8,0.214579831938196
"2758","92",28,0,2,0.180717863647789
"2759","92",29,0,8,0.214579831938196
"2760","92",30,0,6,0.206329570838347
"2761","93",1,0,4,0.154270416761164
"2762","93",2,0,6,0.00847705570219459
"2763","93",3,0,6,0.00847705570219459
"2764","93",4,0,6,0.00847705570219459
"2765","93",5,0,4,0.154270416761164
"2766","93",6,0,6,0.00847705570219459
"2767","93",7,0,6,0.00847705570219459
"2768","93",8,0,6,0.00847705570219459
"2769","93",9,0,6,0.00847705570219459
"2770","93",10,0,4,0.154270416761164
"2771","93",11,0,6,0.00847705570219459
"2772","93",12,0,1,0.0288330019668282
"2773","93",13,0,1,0.0288330019668282
"2774","93",14,0,4,0.154270416761164
"2775","93",15,0,6,0.00847705570219459
"2776","93",16,0,4,0.154270416761164
"2777","93",17,0,4,0.154270416761164
"2778","93",18,0,6,0.00847705570219459
"2779","93",19,0,6,0.00847705570219459
"2780","93",20,0,6,0.00847705570219459
"2781","93",21,0,6,0.00847705570219459
"2782","93",22,0,6,0.00847705570219459
"2783","93",23,0,6,0.00847705570219459
"2784","93",24,0,6,0.00847705570219459
"2785","93",25,0,4,0.154270416761164
"2786","93",26,0,4,0.154270416761164
"2787","93",27,0,4,0.154270416761164
"2788","93",28,0,6,0.00847705570219459
"2789","93",29,0,6,0.00847705570219459
"2790","93",30,0,6,0.00847705570219459
"2791","94",1,0,2,-0.566206365679161
"2792","94",2,0,2,-0.566206365679161
"2793","94",3,0,2,-0.566206365679161
"2794","94",4,0,2,-0.566206365679161
"2795","94",5,0,2,-0.566206365679161
"2796","94",6,0,2,-0.566206365679161
"2797","94",7,0,2,-0.566206365679161
"2798","94",8,0,7,0.3327826086707
"2799","94",9,0,4,-0.147741120964391
"2800","94",10,0,4,-0.147741120964391
"2801","94",11,0,4,-0.147741120964391
"2802","94",12,0,1,-0.198196982376612
"2803","94",13,0,2,-0.566206365679161
"2804","94",14,0,4,-0.147741120964391
"2805","94",15,0,2,-0.566206365679161
"2806","94",16,0,2,-0.566206365679161
"2807","94",17,0,1,-0.198196982376612
"2808","94",18,0,2,-0.566206365679161
"2809","94",19,0,2,-0.566206365679161
"2810","94",20,0,2,-0.566206365679161
"2811","94",21,0,1,-0.198196982376612
"2812","94",22,0,2,-0.566206365679161
"2813","94",23,0,2,-0.566206365679161
"2814","94",24,0,2,-0.566206365679161
"2815","94",25,0,2,-0.566206365679161
"2816","94",26,0,2,-0.566206365679161
"2817","94",27,0,1,-0.198196982376612
"2818","94",28,0,2,-0.566206365679161
"2819","94",29,0,2,-0.566206365679161
"2820","94",30,0,2,-0.566206365679161
"2821","95",1,0,1,-1.39466637673697
"2822","95",2,0,1,-1.39466637673697
"2823","95",3,0,1,-1.39466637673697
"2824","95",4,0,1,-1.39466637673697
"2825","95",5,0,1,-1.39466637673697
"2826","95",6,0,1,-1.39466637673697
"2827","95",7,0,1,-1.39466637673697
"2828","95",8,0,1,-1.39466637673697
"2829","95",9,0,1,-1.39466637673697
"2830","95",10,0,1,-1.39466637673697
"2831","95",11,0,1,-1.39466637673697
"2832","95",12,0,1,-1.39466637673697
"2833","95",13,0,1,-1.39466637673697
"2834","95",14,0,1,-1.39466637673697
"2835","95",15,0,1,-1.39466637673697
"2836","95",16,0,1,-1.39466637673697
"2837","95",17,0,1,-1.39466637673697
"2838","95",18,0,1,-1.39466637673697
"2839","95",19,0,1,-1.39466637673697
"2840","95",20,0,1,-1.39466637673697
"2841","95",21,0,1,-1.39466637673697
"2842","95",22,0,1,-1.39466637673697
"2843","95",23,0,1,-1.39466637673697
"2844","95",24,0,11,0.169013717117564
"2845","95",25,0,1,-1.39466637673697
"2846","95",26,0,12,0.0428904203600991
"2847","95",27,0,1,-1.39466637673697
"2848","95",28,0,1,-1.39466637673697
"2849","95",29,0,1,-1.39466637673697
"2850","95",30,0,1,-1.39466637673697
"2851","96",1,0,4,-0.186065963693867
"2852","96",2,0,3,-0.0255159427624929
"2853","96",3,0,3,-0.0255159427624929
"2854","96",4,0,4,-0.186065963693867
"2855","96",5,0,2,0.124290666661412
"2856","96",6,0,4,-0.186065963693867
"2857","96",7,0,4,-0.186065963693867
"2858","96",8,0,4,-0.186065963693867
"2859","96",9,0,4,-0.186065963693867
"2860","96",10,0,4,-0.186065963693867
"2861","96",11,0,4,-0.186065963693867
"2862","96",12,0,3,-0.0255159427624929
"2863","96",13,0,12,-0.182895134368809
"2864","96",14,0,2,0.124290666661412
"2865","96",15,0,3,-0.0255159427624929
"2866","96",16,0,7,-0.483775866768511
"2867","96",17,0,4,-0.186065963693867
"2868","96",18,0,4,-0.186065963693867
"2869","96",19,0,4,-0.186065963693867
"2870","96",20,0,5,-0.310956102582955
"2871","96",21,0,7,-0.483775866768511
"2872","96",22,0,3,-0.0255159427624929
"2873","96",23,0,6,-0.370347217205437
"2874","96",24,0,5,-0.310956102582955
"2875","96",25,0,4,-0.186065963693867
"2876","96",26,0,4,-0.186065963693867
"2877","96",27,0,5,-0.310956102582955
"2878","96",28,0,3,-0.0255159427624929
"2879","96",29,0,4,-0.186065963693867
"2880","96",30,0,4,-0.186065963693867
"2881","97",1,0,4,-0.163974322091299
"2882","97",2,0,4,-0.163974322091299
"2883","97",3,0,4,-0.163974322091299
"2884","97",4,0,4,-0.163974322091299
"2885","97",5,0,2,0.169050244485415
"2886","97",6,0,1,0.731304980099743
"2887","97",7,0,2,0.169050244485415
"2888","97",8,0,1,0.731304980099743
"2889","97",9,0,2,0.169050244485415
"2890","97",10,0,2,0.169050244485415
"2891","97",11,0,4,-0.163974322091299
"2892","97",12,0,2,0.169050244485415
"2893","97",13,0,4,-0.163974322091299
"2894","97",14,0,4,-0.163974322091299
"2895","97",15,0,4,-0.163974322091299
"2896","97",16,0,2,0.169050244485415
"2897","97",17,0,4,-0.163974322091299
"2898","97",18,0,4,-0.163974322091299
"2899","97",19,0,2,0.169050244485415
"2900","97",20,0,4,-0.163974322091299
"2901","97",21,0,2,0.169050244485415
"2902","97",22,0,2,0.169050244485415
"2903","97",23,0,4,-0.163974322091299
"2904","97",24,0,4,-0.163974322091299
"2905","97",25,0,4,-0.163974322091299
"2906","97",26,0,4,-0.163974322091299
"2907","97",27,0,4,-0.163974322091299
"2908","97",28,0,4,-0.163974322091299
"2909","97",29,0,2,0.169050244485415
"2910","97",30,0,2,0.169050244485415
"2911","98",1,0,1,-0.997308281706444
"2912","98",2,0,1,-0.997308281706444
"2913","98",3,0,1,-0.997308281706444
"2914","98",4,0,1,-0.997308281706444
"2915","98",5,0,5,0.065275259901652
"2916","98",6,0,3,-0.0750487171443445
"2917","98",7,0,1,-0.997308281706444
"2918","98",8,0,5,0.065275259901652
"2919","98",9,0,1,-0.997308281706444
"2920","98",10,0,1,-0.997308281706444
"2921","98",11,0,1,-0.997308281706444
"2922","98",12,0,1,-0.997308281706444
"2923","98",13,0,1,-0.997308281706444
"2924","98",14,0,1,-0.997308281706444
"2925","98",15,0,1,-0.997308281706444
"2926","98",16,0,1,-0.997308281706444
"2927","98",17,0,3,-0.0750487171443445
"2928","98",18,0,1,-0.997308281706444
"2929","98",19,0,3,-0.0750487171443445
"2930","98",20,0,1,-0.997308281706444
"2931","98",21,0,1,-0.997308281706444
"2932","98",22,0,1,-0.997308281706444
"2933","98",23,0,1,-0.997308281706444
"2934","98",24,0,1,-0.997308281706444
"2935","98",25,0,1,-0.997308281706444
"2936","98",26,0,1,-0.997308281706444
"2937","98",27,0,1,-0.997308281706444
"2938","98",28,0,6,-0.048147680187142
"2939","98",29,0,8,-0.154495836869389
"2940","98",30,0,1,-0.997308281706444
"2941","99",1,0,4,0.00762143248826147
"2942","99",2,0,4,0.00762143248826147
"2943","99",3,0,4,0.00762143248826147
"2944","99",4,0,4,0.00762143248826147
"2945","99",5,0,4,0.00762143248826147
"2946","99",6,0,4,0.00762143248826147
"2947","99",7,0,4,0.00762143248826147
"2948","99",8,0,4,0.00762143248826147
"2949","99",9,0,4,0.00762143248826147
"2950","99",10,0,4,0.00762143248826147
"2951","99",11,0,5,-0.107841891420983
"2952","99",12,0,4,0.00762143248826147
"2953","99",13,0,4,0.00762143248826147
"2954","99",14,0,3,0.558805724183096
"2955","99",15,0,4,0.00762143248826147
"2956","99",16,0,4,0.00762143248826147
"2957","99",17,0,4,0.00762143248826147
"2958","99",18,0,4,0.00762143248826147
"2959","99",19,0,7,0.0511006437472166
"2960","99",20,0,4,0.00762143248826147
"2961","99",21,0,2,0.770409928839266
"2962","99",22,0,4,0.00762143248826147
"2963","99",23,0,4,0.00762143248826147
"2964","99",24,0,4,0.00762143248826147
"2965","99",25,0,4,0.00762143248826147
"2966","99",26,0,4,0.00762143248826147
"2967","99",27,0,4,0.00762143248826147
"2968","99",28,0,4,0.00762143248826147
"2969","99",29,0,4,0.00762143248826147
"2970","99",30,0,4,0.00762143248826147
"2971","100",1,0,2,-0.0192972637848676
"2972","100",2,0,3,-0.263708166131654
"2973","100",3,0,2,-0.0192972637848676
"2974","100",4,0,2,-0.0192972637848676
"2975","100",5,0,2,-0.0192972637848676
"2976","100",6,0,2,-0.0192972637848676
"2977","100",7,0,2,-0.0192972637848676
"2978","100",8,0,2,-0.0192972637848676
"2979","100",9,0,3,-0.263708166131654
"2980","100",10,0,3,-0.263708166131654
"2981","100",11,0,2,-0.0192972637848676
"2982","100",12,0,3,-0.263708166131654
"2983","100",13,0,2,-0.0192972637848676
"2984","100",14,0,2,-0.0192972637848676
"2985","100",15,0,3,-0.263708166131654
"2986","100",16,0,13,-0.0103099744095781
"2987","100",17,0,2,-0.0192972637848676
"2988","100",18,0,3,-0.263708166131654
"2989","100",19,0,2,-0.0192972637848676
"2990","100",20,0,7,-0.135158998475531
"2991","100",21,0,2,-0.0192972637848676
"2992","100",22,0,3,-0.263708166131654
"2993","100",23,0,6,0.0664279306078237
"2994","100",24,0,3,-0.263708166131654
"2995","100",25,0,2,-0.0192972637848676
"2996","100",26,0,2,-0.0192972637848676
"2997","100",27,0,6,0.0664279306078237
"2998","100",28,0,2,-0.0192972637848676
"2999","100",29,0,3,-0.263708166131654
"3000","100",30,0,2,-0.0192972637848676
