"","ID","day","Dataset","x","ps","interval","fate"
"1",1,1,"1",-0.833872179072249,0.306070983404277,1,0
"2",2,1,"1",-0.833872179072249,0.306070983404277,1,0
"3",3,1,"1",-0.833872179072249,0.306070983404277,1,0
"4",4,1,"1",-0.833872179072249,0.306070983404277,1,0
"5",5,1,"1",-0.833872179072249,0.306070983404277,1,0
"6",6,1,"1",-0.833872179072249,0.306070983404277,1,0
"7",7,1,"1",-0.833872179072249,0.306070983404277,1,0
"8",8,1,"1",-0.833872179072249,0.306070983404277,1,0
"9",9,1,"1",-0.833872179072249,0.306070983404277,1,0
"10",10,1,"1",-0.833872179072249,0.306070983404277,1,0
"11",11,1,"1",-0.833872179072249,0.306070983404277,1,0
"12",12,1,"1",-0.833872179072249,0.306070983404277,1,0
"13",13,1,"1",-0.833872179072249,0.306070983404277,1,0
"14",14,1,"1",-0.833872179072249,0.306070983404277,1,0
"15",15,1,"1",-0.833872179072249,0.306070983404277,1,0
"16",16,1,"1",-0.833872179072249,0.306070983404277,1,0
"17",17,1,"1",-0.833872179072249,0.306070983404277,1,1
"18",18,1,"1",-0.833872179072249,0.306070983404277,1,0
"19",19,1,"1",-0.833872179072249,0.306070983404277,1,0
"20",20,1,"1",-0.833872179072249,0.306070983404277,1,1
"21",21,1,"1",-0.833872179072249,0.306070983404277,1,0
"22",22,1,"1",-0.833872179072249,0.306070983404277,1,0
"23",23,1,"1",-0.833872179072249,0.306070983404277,1,0
"24",24,1,"1",-0.833872179072249,0.306070983404277,1,0
"25",25,1,"1",-0.833872179072249,0.306070983404277,1,0
"26",26,1,"1",-0.833872179072249,0.306070983404277,1,0
"27",27,1,"1",-0.833872179072249,0.306070983404277,1,0
"28",28,1,"1",-0.833872179072249,0.306070983404277,1,0
"29",29,1,"1",-0.833872179072249,0.306070983404277,1,0
"30",30,1,"1",-0.833872179072249,0.306070983404277,1,0
"31",1,2,"1",0.115526740009652,0.924445761354762,1,0
"32",2,2,"1",0.115526740009652,0.924445761354762,1,0
"33",3,2,"1",0.115526740009652,0.924445761354762,1,0
"34",4,2,"1",0.115526740009652,0.924445761354762,1,0
"35",5,2,"1",0.115526740009652,0.924445761354762,1,0
"36",6,2,"1",0.115526740009652,0.924445761354762,1,0
"37",7,2,"1",0.115526740009652,0.924445761354762,1,0
"38",8,2,"1",0.115526740009652,0.924445761354762,1,0
"39",9,2,"1",0.115526740009652,0.924445761354762,1,0
"40",10,2,"1",0.115526740009652,0.924445761354762,1,0
"41",11,2,"1",0.115526740009652,0.924445761354762,1,0
"42",12,2,"1",0.115526740009652,0.924445761354762,1,0
"43",13,2,"1",0.115526740009652,0.924445761354762,1,0
"44",14,2,"1",0.115526740009652,0.924445761354762,1,0
"45",15,2,"1",0.115526740009652,0.924445761354762,1,0
"46",16,2,"1",0.115526740009652,0.924445761354762,1,0
"47",17,2,"1",0.115526740009652,0.924445761354762,1,1
"48",18,2,"1",0.115526740009652,0.924445761354762,1,0
"49",19,2,"1",0.115526740009652,0.924445761354762,1,0
"50",20,2,"1",0.115526740009652,0.924445761354762,1,1
"51",21,2,"1",0.115526740009652,0.924445761354762,1,0
"52",22,2,"1",0.115526740009652,0.924445761354762,1,0
"53",23,2,"1",0.115526740009652,0.924445761354762,1,0
"54",24,2,"1",0.115526740009652,0.924445761354762,1,0
"55",25,2,"1",0.115526740009652,0.924445761354762,1,0
"56",26,2,"1",0.115526740009652,0.924445761354762,1,0
"57",27,2,"1",0.115526740009652,0.924445761354762,1,0
"58",28,2,"1",0.115526740009652,0.924445761354762,1,0
"59",29,2,"1",0.115526740009652,0.924445761354762,1,0
"60",30,2,"1",0.115526740009652,0.924445761354762,1,0
"61",1,3,"1",-1.07901602915045,0.157552036463603,1,0
"62",2,3,"1",-1.07901602915045,0.157552036463603,1,0
"63",3,3,"1",-1.07901602915045,0.157552036463603,1,0
"64",4,3,"1",-1.07901602915045,0.157552036463603,1,0
"65",5,3,"1",-1.07901602915045,0.157552036463603,1,0
"66",6,3,"1",-1.07901602915045,0.157552036463603,1,0
"67",7,3,"1",-1.07901602915045,0.157552036463603,1,0
"68",8,3,"1",-1.07901602915045,0.157552036463603,1,0
"69",9,3,"1",-1.07901602915045,0.157552036463603,1,0
"70",10,3,"1",-1.07901602915045,0.157552036463603,1,0
"71",11,3,"1",-1.07901602915045,0.157552036463603,1,0
"72",12,3,"1",-1.07901602915045,0.157552036463603,1,0
"73",13,3,"1",-1.07901602915045,0.157552036463603,1,0
"74",14,3,"1",-1.07901602915045,0.157552036463603,1,0
"75",15,3,"1",-1.07901602915045,0.157552036463603,1,0
"76",16,3,"1",-1.07901602915045,0.157552036463603,1,0
"77",17,3,"1",-1.07901602915045,0.157552036463603,1,1
"78",18,3,"1",-1.07901602915045,0.157552036463603,1,0
"79",19,3,"1",-1.07901602915045,0.157552036463603,1,0
"80",20,3,"1",-1.07901602915045,0.157552036463603,1,1
"81",21,3,"1",-1.07901602915045,0.157552036463603,1,0
"82",22,3,"1",-1.07901602915045,0.157552036463603,1,0
"83",23,3,"1",-1.07901602915045,0.157552036463603,1,0
"84",24,3,"1",-1.07901602915045,0.157552036463603,1,0
"85",25,3,"1",-1.07901602915045,0.157552036463603,1,0
"86",26,3,"1",-1.07901602915045,0.157552036463603,1,0
"87",27,3,"1",-1.07901602915045,0.157552036463603,1,0
"88",28,3,"1",-1.07901602915045,0.157552036463603,1,0
"89",29,3,"1",-1.07901602915045,0.157552036463603,1,0
"90",30,3,"1",-1.07901602915045,0.157552036463603,1,0
"91",17,4,"1",1.76990500876818,0.999750216832152,2,0
"92",20,4,"1",1.76990500876818,0.999750216832152,2,0
"93",17,5,"1",0.286473584407046,0.957002233195609,2,0
"94",20,5,"1",0.286473584407046,0.957002233195609,2,0
"95",17,6,"1",-1.06124889514606,0.165982623374828,2,0
"96",20,6,"1",-1.06124889514606,0.165982623374828,2,0
"97",1,1,"2",-0.905561987550526,0.255504467536872,1,0
"98",2,1,"2",-0.905561987550526,0.255504467536872,1,0
"99",3,1,"2",-0.905561987550526,0.255504467536872,1,0
"100",4,1,"2",-0.905561987550526,0.255504467536872,1,0
"101",5,1,"2",-0.905561987550526,0.255504467536872,1,0
"102",6,1,"2",-0.905561987550526,0.255504467536872,1,0
"103",7,1,"2",-0.905561987550526,0.255504467536872,1,0
"104",8,1,"2",-0.905561987550526,0.255504467536872,1,0
"105",9,1,"2",-0.905561987550526,0.255504467536872,1,0
"106",10,1,"2",-0.905561987550526,0.255504467536872,1,1
"107",11,1,"2",-0.905561987550526,0.255504467536872,1,1
"108",12,1,"2",-0.905561987550526,0.255504467536872,1,1
"109",13,1,"2",-0.905561987550526,0.255504467536872,1,0
"110",14,1,"2",-0.905561987550526,0.255504467536872,1,0
"111",15,1,"2",-0.905561987550526,0.255504467536872,1,0
"112",16,1,"2",-0.905561987550526,0.255504467536872,1,0
"113",17,1,"2",-0.905561987550526,0.255504467536872,1,0
"114",18,1,"2",-0.905561987550526,0.255504467536872,1,0
"115",19,1,"2",-0.905561987550526,0.255504467536872,1,0
"116",20,1,"2",-0.905561987550526,0.255504467536872,1,0
"117",21,1,"2",-0.905561987550526,0.255504467536872,1,0
"118",22,1,"2",-0.905561987550526,0.255504467536872,1,0
"119",23,1,"2",-0.905561987550526,0.255504467536872,1,0
"120",24,1,"2",-0.905561987550526,0.255504467536872,1,0
"121",25,1,"2",-0.905561987550526,0.255504467536872,1,1
"122",26,1,"2",-0.905561987550526,0.255504467536872,1,1
"123",27,1,"2",-0.905561987550526,0.255504467536872,1,1
"124",28,1,"2",-0.905561987550526,0.255504467536872,1,1
"125",29,1,"2",-0.905561987550526,0.255504467536872,1,0
"126",30,1,"2",-0.905561987550526,0.255504467536872,1,0
"127",1,2,"2",0.2509687019612,0.951588276672971,1,0
"128",2,2,"2",0.2509687019612,0.951588276672971,1,0
"129",3,2,"2",0.2509687019612,0.951588276672971,1,0
"130",4,2,"2",0.2509687019612,0.951588276672971,1,0
"131",5,2,"2",0.2509687019612,0.951588276672971,1,0
"132",6,2,"2",0.2509687019612,0.951588276672971,1,0
"133",7,2,"2",0.2509687019612,0.951588276672971,1,0
"134",8,2,"2",0.2509687019612,0.951588276672971,1,0
"135",9,2,"2",0.2509687019612,0.951588276672971,1,0
"136",10,2,"2",0.2509687019612,0.951588276672971,1,1
"137",11,2,"2",0.2509687019612,0.951588276672971,1,1
"138",12,2,"2",0.2509687019612,0.951588276672971,1,1
"139",13,2,"2",0.2509687019612,0.951588276672971,1,0
"140",14,2,"2",0.2509687019612,0.951588276672971,1,0
"141",15,2,"2",0.2509687019612,0.951588276672971,1,0
"142",16,2,"2",0.2509687019612,0.951588276672971,1,0
"143",17,2,"2",0.2509687019612,0.951588276672971,1,0
"144",18,2,"2",0.2509687019612,0.951588276672971,1,0
"145",19,2,"2",0.2509687019612,0.951588276672971,1,0
"146",20,2,"2",0.2509687019612,0.951588276672971,1,0
"147",21,2,"2",0.2509687019612,0.951588276672971,1,0
"148",22,2,"2",0.2509687019612,0.951588276672971,1,0
"149",23,2,"2",0.2509687019612,0.951588276672971,1,0
"150",24,2,"2",0.2509687019612,0.951588276672971,1,0
"151",25,2,"2",0.2509687019612,0.951588276672971,1,1
"152",26,2,"2",0.2509687019612,0.951588276672971,1,1
"153",27,2,"2",0.2509687019612,0.951588276672971,1,1
"154",28,2,"2",0.2509687019612,0.951588276672971,1,1
"155",29,2,"2",0.2509687019612,0.951588276672971,1,0
"156",30,2,"2",0.2509687019612,0.951588276672971,1,0
"157",1,3,"2",0.686741163406216,0.989052042819777,1,0
"158",2,3,"2",0.686741163406216,0.989052042819777,1,0
"159",3,3,"2",0.686741163406216,0.989052042819777,1,0
"160",4,3,"2",0.686741163406216,0.989052042819777,1,0
"161",5,3,"2",0.686741163406216,0.989052042819777,1,0
"162",6,3,"2",0.686741163406216,0.989052042819777,1,0
"163",7,3,"2",0.686741163406216,0.989052042819777,1,0
"164",8,3,"2",0.686741163406216,0.989052042819777,1,0
"165",9,3,"2",0.686741163406216,0.989052042819777,1,0
"166",10,3,"2",0.686741163406216,0.989052042819777,1,1
"167",11,3,"2",0.686741163406216,0.989052042819777,1,1
"168",12,3,"2",0.686741163406216,0.989052042819777,1,1
"169",13,3,"2",0.686741163406216,0.989052042819777,1,0
"170",14,3,"2",0.686741163406216,0.989052042819777,1,0
"171",15,3,"2",0.686741163406216,0.989052042819777,1,0
"172",16,3,"2",0.686741163406216,0.989052042819777,1,0
"173",17,3,"2",0.686741163406216,0.989052042819777,1,0
"174",18,3,"2",0.686741163406216,0.989052042819777,1,0
"175",19,3,"2",0.686741163406216,0.989052042819777,1,0
"176",20,3,"2",0.686741163406216,0.989052042819777,1,0
"177",21,3,"2",0.686741163406216,0.989052042819777,1,0
"178",22,3,"2",0.686741163406216,0.989052042819777,1,0
"179",23,3,"2",0.686741163406216,0.989052042819777,1,0
"180",24,3,"2",0.686741163406216,0.989052042819777,1,0
"181",25,3,"2",0.686741163406216,0.989052042819777,1,1
"182",26,3,"2",0.686741163406216,0.989052042819777,1,1
"183",27,3,"2",0.686741163406216,0.989052042819777,1,1
"184",28,3,"2",0.686741163406216,0.989052042819777,1,1
"185",29,3,"2",0.686741163406216,0.989052042819777,1,0
"186",30,3,"2",0.686741163406216,0.989052042819777,1,0
"187",10,4,"2",-0.263529798593843,0.76452423122901,2,1
"188",11,4,"2",-0.263529798593843,0.76452423122901,2,1
"189",12,4,"2",-0.263529798593843,0.76452423122901,2,1
"190",25,4,"2",-0.263529798593843,0.76452423122901,2,1
"191",26,4,"2",-0.263529798593843,0.76452423122901,2,1
"192",27,4,"2",-0.263529798593843,0.76452423122901,2,1
"193",28,4,"2",-0.263529798593843,0.76452423122901,2,0
"194",10,5,"2",0.808184118384446,0.992815681856663,2,1
"195",11,5,"2",0.808184118384446,0.992815681856663,2,1
"196",12,5,"2",0.808184118384446,0.992815681856663,2,1
"197",25,5,"2",0.808184118384446,0.992815681856663,2,1
"198",26,5,"2",0.808184118384446,0.992815681856663,2,1
"199",27,5,"2",0.808184118384446,0.992815681856663,2,1
"200",28,5,"2",0.808184118384446,0.992815681856663,2,0
"201",10,6,"2",0.287133488593842,0.957097173237915,2,1
"202",11,6,"2",0.287133488593842,0.957097173237915,2,1
"203",12,6,"2",0.287133488593842,0.957097173237915,2,1
"204",25,6,"2",0.287133488593842,0.957097173237915,2,1
"205",26,6,"2",0.287133488593842,0.957097173237915,2,1
"206",27,6,"2",0.287133488593842,0.957097173237915,2,1
"207",28,6,"2",0.287133488593842,0.957097173237915,2,0
"208",10,7,"2",-0.802572610056194,0.329818927238381,3,0
"209",11,7,"2",-0.802572610056194,0.329818927238381,3,0
"210",12,7,"2",-0.802572610056194,0.329818927238381,3,0
"211",25,7,"2",-0.802572610056194,0.329818927238381,3,0
"212",26,7,"2",-0.802572610056194,0.329818927238381,3,0
"213",27,7,"2",-0.802572610056194,0.329818927238381,3,0
"214",10,8,"2",0.225658175655653,0.947340085386449,3,0
"215",11,8,"2",0.225658175655653,0.947340085386449,3,0
"216",12,8,"2",0.225658175655653,0.947340085386449,3,0
"217",25,8,"2",0.225658175655653,0.947340085386449,3,0
"218",26,8,"2",0.225658175655653,0.947340085386449,3,0
"219",27,8,"2",0.225658175655653,0.947340085386449,3,0
"220",10,9,"2",-1.36066284719939,0.0652337231570216,3,0
"221",11,9,"2",-1.36066284719939,0.0652337231570216,3,0
"222",12,9,"2",-1.36066284719939,0.0652337231570216,3,0
"223",25,9,"2",-1.36066284719939,0.0652337231570216,3,0
"224",26,9,"2",-1.36066284719939,0.0652337231570216,3,0
"225",27,9,"2",-1.36066284719939,0.0652337231570216,3,0
"226",1,1,"3",-0.724984993547543,0.392349352075737,1,0
"227",2,1,"3",-0.724984993547543,0.392349352075737,1,1
"228",3,1,"3",-0.724984993547543,0.392349352075737,1,1
"229",4,1,"3",-0.724984993547543,0.392349352075737,1,0
"230",5,1,"3",-0.724984993547543,0.392349352075737,1,0
"231",6,1,"3",-0.724984993547543,0.392349352075737,1,0
"232",7,1,"3",-0.724984993547543,0.392349352075737,1,1
"233",8,1,"3",-0.724984993547543,0.392349352075737,1,1
"234",9,1,"3",-0.724984993547543,0.392349352075737,1,0
"235",10,1,"3",-0.724984993547543,0.392349352075737,1,0
"236",11,1,"3",-0.724984993547543,0.392349352075737,1,0
"237",12,1,"3",-0.724984993547543,0.392349352075737,1,0
"238",13,1,"3",-0.724984993547543,0.392349352075737,1,0
"239",14,1,"3",-0.724984993547543,0.392349352075737,1,0
"240",15,1,"3",-0.724984993547543,0.392349352075737,1,0
"241",16,1,"3",-0.724984993547543,0.392349352075737,1,0
"242",17,1,"3",-0.724984993547543,0.392349352075737,1,0
"243",18,1,"3",-0.724984993547543,0.392349352075737,1,1
"244",19,1,"3",-0.724984993547543,0.392349352075737,1,0
"245",20,1,"3",-0.724984993547543,0.392349352075737,1,0
"246",21,1,"3",-0.724984993547543,0.392349352075737,1,0
"247",22,1,"3",-0.724984993547543,0.392349352075737,1,1
"248",23,1,"3",-0.724984993547543,0.392349352075737,1,0
"249",24,1,"3",-0.724984993547543,0.392349352075737,1,0
"250",25,1,"3",-0.724984993547543,0.392349352075737,1,0
"251",26,1,"3",-0.724984993547543,0.392349352075737,1,1
"252",27,1,"3",-0.724984993547543,0.392349352075737,1,0
"253",28,1,"3",-0.724984993547543,0.392349352075737,1,1
"254",29,1,"3",-0.724984993547543,0.392349352075737,1,1
"255",30,1,"3",-0.724984993547543,0.392349352075737,1,1
"256",1,2,"3",1.42647029851807,0.999169495237671,1,0
"257",2,2,"3",1.42647029851807,0.999169495237671,1,1
"258",3,2,"3",1.42647029851807,0.999169495237671,1,1
"259",4,2,"3",1.42647029851807,0.999169495237671,1,0
"260",5,2,"3",1.42647029851807,0.999169495237671,1,0
"261",6,2,"3",1.42647029851807,0.999169495237671,1,0
"262",7,2,"3",1.42647029851807,0.999169495237671,1,1
"263",8,2,"3",1.42647029851807,0.999169495237671,1,1
"264",9,2,"3",1.42647029851807,0.999169495237671,1,0
"265",10,2,"3",1.42647029851807,0.999169495237671,1,0
"266",11,2,"3",1.42647029851807,0.999169495237671,1,0
"267",12,2,"3",1.42647029851807,0.999169495237671,1,0
"268",13,2,"3",1.42647029851807,0.999169495237671,1,0
"269",14,2,"3",1.42647029851807,0.999169495237671,1,0
"270",15,2,"3",1.42647029851807,0.999169495237671,1,0
"271",16,2,"3",1.42647029851807,0.999169495237671,1,0
"272",17,2,"3",1.42647029851807,0.999169495237671,1,0
"273",18,2,"3",1.42647029851807,0.999169495237671,1,1
"274",19,2,"3",1.42647029851807,0.999169495237671,1,0
"275",20,2,"3",1.42647029851807,0.999169495237671,1,0
"276",21,2,"3",1.42647029851807,0.999169495237671,1,0
"277",22,2,"3",1.42647029851807,0.999169495237671,1,1
"278",23,2,"3",1.42647029851807,0.999169495237671,1,0
"279",24,2,"3",1.42647029851807,0.999169495237671,1,0
"280",25,2,"3",1.42647029851807,0.999169495237671,1,0
"281",26,2,"3",1.42647029851807,0.999169495237671,1,1
"282",27,2,"3",1.42647029851807,0.999169495237671,1,0
"283",28,2,"3",1.42647029851807,0.999169495237671,1,1
"284",29,2,"3",1.42647029851807,0.999169495237671,1,1
"285",30,2,"3",1.42647029851807,0.999169495237671,1,1
"286",1,3,"3",1.3681293796215,0.998981548354175,1,0
"287",2,3,"3",1.3681293796215,0.998981548354175,1,1
"288",3,3,"3",1.3681293796215,0.998981548354175,1,1
"289",4,3,"3",1.3681293796215,0.998981548354175,1,0
"290",5,3,"3",1.3681293796215,0.998981548354175,1,0
"291",6,3,"3",1.3681293796215,0.998981548354175,1,0
"292",7,3,"3",1.3681293796215,0.998981548354175,1,1
"293",8,3,"3",1.3681293796215,0.998981548354175,1,1
"294",9,3,"3",1.3681293796215,0.998981548354175,1,0
"295",10,3,"3",1.3681293796215,0.998981548354175,1,0
"296",11,3,"3",1.3681293796215,0.998981548354175,1,0
"297",12,3,"3",1.3681293796215,0.998981548354175,1,0
"298",13,3,"3",1.3681293796215,0.998981548354175,1,0
"299",14,3,"3",1.3681293796215,0.998981548354175,1,0
"300",15,3,"3",1.3681293796215,0.998981548354175,1,0
"301",16,3,"3",1.3681293796215,0.998981548354175,1,0
"302",17,3,"3",1.3681293796215,0.998981548354175,1,0
"303",18,3,"3",1.3681293796215,0.998981548354175,1,1
"304",19,3,"3",1.3681293796215,0.998981548354175,1,0
"305",20,3,"3",1.3681293796215,0.998981548354175,1,0
"306",21,3,"3",1.3681293796215,0.998981548354175,1,0
"307",22,3,"3",1.3681293796215,0.998981548354175,1,1
"308",23,3,"3",1.3681293796215,0.998981548354175,1,0
"309",24,3,"3",1.3681293796215,0.998981548354175,1,0
"310",25,3,"3",1.3681293796215,0.998981548354175,1,0
"311",26,3,"3",1.3681293796215,0.998981548354175,1,1
"312",27,3,"3",1.3681293796215,0.998981548354175,1,0
"313",28,3,"3",1.3681293796215,0.998981548354175,1,1
"314",29,3,"3",1.3681293796215,0.998981548354175,1,1
"315",30,3,"3",1.3681293796215,0.998981548354175,1,1
"316",2,4,"3",0.80249702905101,0.992672305017886,2,1
"317",3,4,"3",0.80249702905101,0.992672305017886,2,1
"318",7,4,"3",0.80249702905101,0.992672305017886,2,1
"319",8,4,"3",0.80249702905101,0.992672305017886,2,1
"320",18,4,"3",0.80249702905101,0.992672305017886,2,1
"321",22,4,"3",0.80249702905101,0.992672305017886,2,1
"322",26,4,"3",0.80249702905101,0.992672305017886,2,1
"323",28,4,"3",0.80249702905101,0.992672305017886,2,1
"324",29,4,"3",0.80249702905101,0.992672305017886,2,1
"325",30,4,"3",0.80249702905101,0.992672305017886,2,1
"326",2,5,"3",1.89226858211996,0.999837218676581,2,1
"327",3,5,"3",1.89226858211996,0.999837218676581,2,1
"328",7,5,"3",1.89226858211996,0.999837218676581,2,1
"329",8,5,"3",1.89226858211996,0.999837218676581,2,1
"330",18,5,"3",1.89226858211996,0.999837218676581,2,1
"331",22,5,"3",1.89226858211996,0.999837218676581,2,1
"332",26,5,"3",1.89226858211996,0.999837218676581,2,1
"333",28,5,"3",1.89226858211996,0.999837218676581,2,1
"334",29,5,"3",1.89226858211996,0.999837218676581,2,1
"335",30,5,"3",1.89226858211996,0.999837218676581,2,1
"336",2,6,"3",0.628295758021083,0.986600332770673,2,1
"337",3,6,"3",0.628295758021083,0.986600332770673,2,1
"338",7,6,"3",0.628295758021083,0.986600332770673,2,1
"339",8,6,"3",0.628295758021083,0.986600332770673,2,1
"340",18,6,"3",0.628295758021083,0.986600332770673,2,1
"341",22,6,"3",0.628295758021083,0.986600332770673,2,1
"342",26,6,"3",0.628295758021083,0.986600332770673,2,1
"343",28,6,"3",0.628295758021083,0.986600332770673,2,1
"344",29,6,"3",0.628295758021083,0.986600332770673,2,1
"345",30,6,"3",0.628295758021083,0.986600332770673,2,1
"346",2,7,"3",-1.62725558615959,0.0267164870774275,3,0
"347",3,7,"3",-1.62725558615959,0.0267164870774275,3,0
"348",7,7,"3",-1.62725558615959,0.0267164870774275,3,0
"349",8,7,"3",-1.62725558615959,0.0267164870774275,3,0
"350",18,7,"3",-1.62725558615959,0.0267164870774275,3,0
"351",22,7,"3",-1.62725558615959,0.0267164870774275,3,0
"352",26,7,"3",-1.62725558615959,0.0267164870774275,3,0
"353",28,7,"3",-1.62725558615959,0.0267164870774275,3,0
"354",29,7,"3",-1.62725558615959,0.0267164870774275,3,0
"355",30,7,"3",-1.62725558615959,0.0267164870774275,3,0
"356",2,8,"3",-0.762775085601582,0.361303097484042,3,0
"357",3,8,"3",-0.762775085601582,0.361303097484042,3,0
"358",7,8,"3",-0.762775085601582,0.361303097484042,3,0
"359",8,8,"3",-0.762775085601582,0.361303097484042,3,0
"360",18,8,"3",-0.762775085601582,0.361303097484042,3,0
"361",22,8,"3",-0.762775085601582,0.361303097484042,3,0
"362",26,8,"3",-0.762775085601582,0.361303097484042,3,0
"363",28,8,"3",-0.762775085601582,0.361303097484042,3,0
"364",29,8,"3",-0.762775085601582,0.361303097484042,3,0
"365",30,8,"3",-0.762775085601582,0.361303097484042,3,0
"366",2,9,"3",-1.56336587595875,0.0331891272248595,3,0
"367",3,9,"3",-1.56336587595875,0.0331891272248595,3,0
"368",7,9,"3",-1.56336587595875,0.0331891272248595,3,0
"369",8,9,"3",-1.56336587595875,0.0331891272248595,3,0
"370",18,9,"3",-1.56336587595875,0.0331891272248595,3,0
"371",22,9,"3",-1.56336587595875,0.0331891272248595,3,0
"372",26,9,"3",-1.56336587595875,0.0331891272248595,3,0
"373",28,9,"3",-1.56336587595875,0.0331891272248595,3,0
"374",29,9,"3",-1.56336587595875,0.0331891272248595,3,0
"375",30,9,"3",-1.56336587595875,0.0331891272248595,3,0
"376",1,1,"4",-1.33618178948476,0.0706572913864484,1,0
"377",2,1,"4",-1.33618178948476,0.0706572913864484,1,0
"378",3,1,"4",-1.33618178948476,0.0706572913864484,1,0
"379",4,1,"4",-1.33618178948476,0.0706572913864484,1,0
"380",5,1,"4",-1.33618178948476,0.0706572913864484,1,0
"381",6,1,"4",-1.33618178948476,0.0706572913864484,1,0
"382",7,1,"4",-1.33618178948476,0.0706572913864484,1,0
"383",8,1,"4",-1.33618178948476,0.0706572913864484,1,0
"384",9,1,"4",-1.33618178948476,0.0706572913864484,1,0
"385",10,1,"4",-1.33618178948476,0.0706572913864484,1,0
"386",11,1,"4",-1.33618178948476,0.0706572913864484,1,0
"387",12,1,"4",-1.33618178948476,0.0706572913864484,1,0
"388",13,1,"4",-1.33618178948476,0.0706572913864484,1,0
"389",14,1,"4",-1.33618178948476,0.0706572913864484,1,0
"390",15,1,"4",-1.33618178948476,0.0706572913864484,1,0
"391",16,1,"4",-1.33618178948476,0.0706572913864484,1,0
"392",17,1,"4",-1.33618178948476,0.0706572913864484,1,0
"393",18,1,"4",-1.33618178948476,0.0706572913864484,1,0
"394",19,1,"4",-1.33618178948476,0.0706572913864484,1,1
"395",20,1,"4",-1.33618178948476,0.0706572913864484,1,0
"396",21,1,"4",-1.33618178948476,0.0706572913864484,1,0
"397",22,1,"4",-1.33618178948476,0.0706572913864484,1,0
"398",23,1,"4",-1.33618178948476,0.0706572913864484,1,1
"399",24,1,"4",-1.33618178948476,0.0706572913864484,1,0
"400",25,1,"4",-1.33618178948476,0.0706572913864484,1,0
"401",26,1,"4",-1.33618178948476,0.0706572913864484,1,0
"402",27,1,"4",-1.33618178948476,0.0706572913864484,1,0
"403",28,1,"4",-1.33618178948476,0.0706572913864484,1,0
"404",29,1,"4",-1.33618178948476,0.0706572913864484,1,0
"405",30,1,"4",-1.33618178948476,0.0706572913864484,1,0
"406",1,2,"4",-0.237594313302026,0.780472141453246,1,0
"407",2,2,"4",-0.237594313302026,0.780472141453246,1,0
"408",3,2,"4",-0.237594313302026,0.780472141453246,1,0
"409",4,2,"4",-0.237594313302026,0.780472141453246,1,0
"410",5,2,"4",-0.237594313302026,0.780472141453246,1,0
"411",6,2,"4",-0.237594313302026,0.780472141453246,1,0
"412",7,2,"4",-0.237594313302026,0.780472141453246,1,0
"413",8,2,"4",-0.237594313302026,0.780472141453246,1,0
"414",9,2,"4",-0.237594313302026,0.780472141453246,1,0
"415",10,2,"4",-0.237594313302026,0.780472141453246,1,0
"416",11,2,"4",-0.237594313302026,0.780472141453246,1,0
"417",12,2,"4",-0.237594313302026,0.780472141453246,1,0
"418",13,2,"4",-0.237594313302026,0.780472141453246,1,0
"419",14,2,"4",-0.237594313302026,0.780472141453246,1,0
"420",15,2,"4",-0.237594313302026,0.780472141453246,1,0
"421",16,2,"4",-0.237594313302026,0.780472141453246,1,0
"422",17,2,"4",-0.237594313302026,0.780472141453246,1,0
"423",18,2,"4",-0.237594313302026,0.780472141453246,1,0
"424",19,2,"4",-0.237594313302026,0.780472141453246,1,1
"425",20,2,"4",-0.237594313302026,0.780472141453246,1,0
"426",21,2,"4",-0.237594313302026,0.780472141453246,1,0
"427",22,2,"4",-0.237594313302026,0.780472141453246,1,0
"428",23,2,"4",-0.237594313302026,0.780472141453246,1,1
"429",24,2,"4",-0.237594313302026,0.780472141453246,1,0
"430",25,2,"4",-0.237594313302026,0.780472141453246,1,0
"431",26,2,"4",-0.237594313302026,0.780472141453246,1,0
"432",27,2,"4",-0.237594313302026,0.780472141453246,1,0
"433",28,2,"4",-0.237594313302026,0.780472141453246,1,0
"434",29,2,"4",-0.237594313302026,0.780472141453246,1,0
"435",30,2,"4",-0.237594313302026,0.780472141453246,1,0
"436",1,3,"4",-0.439713617044716,0.63668443076063,1,0
"437",2,3,"4",-0.439713617044716,0.63668443076063,1,0
"438",3,3,"4",-0.439713617044716,0.63668443076063,1,0
"439",4,3,"4",-0.439713617044716,0.63668443076063,1,0
"440",5,3,"4",-0.439713617044716,0.63668443076063,1,0
"441",6,3,"4",-0.439713617044716,0.63668443076063,1,0
"442",7,3,"4",-0.439713617044716,0.63668443076063,1,0
"443",8,3,"4",-0.439713617044716,0.63668443076063,1,0
"444",9,3,"4",-0.439713617044716,0.63668443076063,1,0
"445",10,3,"4",-0.439713617044716,0.63668443076063,1,0
"446",11,3,"4",-0.439713617044716,0.63668443076063,1,0
"447",12,3,"4",-0.439713617044716,0.63668443076063,1,0
"448",13,3,"4",-0.439713617044716,0.63668443076063,1,0
"449",14,3,"4",-0.439713617044716,0.63668443076063,1,0
"450",15,3,"4",-0.439713617044716,0.63668443076063,1,0
"451",16,3,"4",-0.439713617044716,0.63668443076063,1,0
"452",17,3,"4",-0.439713617044716,0.63668443076063,1,0
"453",18,3,"4",-0.439713617044716,0.63668443076063,1,0
"454",19,3,"4",-0.439713617044716,0.63668443076063,1,1
"455",20,3,"4",-0.439713617044716,0.63668443076063,1,0
"456",21,3,"4",-0.439713617044716,0.63668443076063,1,0
"457",22,3,"4",-0.439713617044716,0.63668443076063,1,0
"458",23,3,"4",-0.439713617044716,0.63668443076063,1,1
"459",24,3,"4",-0.439713617044716,0.63668443076063,1,0
"460",25,3,"4",-0.439713617044716,0.63668443076063,1,0
"461",26,3,"4",-0.439713617044716,0.63668443076063,1,0
"462",27,3,"4",-0.439713617044716,0.63668443076063,1,0
"463",28,3,"4",-0.439713617044716,0.63668443076063,1,0
"464",29,3,"4",-0.439713617044716,0.63668443076063,1,0
"465",30,3,"4",-0.439713617044716,0.63668443076063,1,0
"466",19,4,"4",-0.549810232424865,0.543803464249691,2,0
"467",23,4,"4",-0.549810232424865,0.543803464249691,2,0
"468",19,5,"4",-0.0205581135752344,0.883710484983057,2,0
"469",23,5,"4",-0.0205581135752344,0.883710484983057,2,0
"470",19,6,"4",-1.67222031232136,0.0229152426674117,2,0
"471",23,6,"4",-1.67222031232136,0.0229152426674117,2,0
"472",1,1,"5",-1.15643958395882,0.124822003051513,1,0
"473",2,1,"5",-1.15643958395882,0.124822003051513,1,0
"474",3,1,"5",-1.15643958395882,0.124822003051513,1,1
"475",4,1,"5",-1.15643958395882,0.124822003051513,1,0
"476",5,1,"5",-1.15643958395882,0.124822003051513,1,0
"477",6,1,"5",-1.15643958395882,0.124822003051513,1,0
"478",7,1,"5",-1.15643958395882,0.124822003051513,1,0
"479",8,1,"5",-1.15643958395882,0.124822003051513,1,0
"480",9,1,"5",-1.15643958395882,0.124822003051513,1,0
"481",10,1,"5",-1.15643958395882,0.124822003051513,1,1
"482",11,1,"5",-1.15643958395882,0.124822003051513,1,0
"483",12,1,"5",-1.15643958395882,0.124822003051513,1,0
"484",13,1,"5",-1.15643958395882,0.124822003051513,1,0
"485",14,1,"5",-1.15643958395882,0.124822003051513,1,0
"486",15,1,"5",-1.15643958395882,0.124822003051513,1,0
"487",16,1,"5",-1.15643958395882,0.124822003051513,1,0
"488",17,1,"5",-1.15643958395882,0.124822003051513,1,0
"489",18,1,"5",-1.15643958395882,0.124822003051513,1,0
"490",19,1,"5",-1.15643958395882,0.124822003051513,1,0
"491",20,1,"5",-1.15643958395882,0.124822003051513,1,0
"492",21,1,"5",-1.15643958395882,0.124822003051513,1,0
"493",22,1,"5",-1.15643958395882,0.124822003051513,1,0
"494",23,1,"5",-1.15643958395882,0.124822003051513,1,0
"495",24,1,"5",-1.15643958395882,0.124822003051513,1,0
"496",25,1,"5",-1.15643958395882,0.124822003051513,1,1
"497",26,1,"5",-1.15643958395882,0.124822003051513,1,0
"498",27,1,"5",-1.15643958395882,0.124822003051513,1,1
"499",28,1,"5",-1.15643958395882,0.124822003051513,1,1
"500",29,1,"5",-1.15643958395882,0.124822003051513,1,0
"501",30,1,"5",-1.15643958395882,0.124822003051513,1,0
"502",1,2,"5",0.994922381589052,0.996249947492674,1,0
"503",2,2,"5",0.994922381589052,0.996249947492674,1,0
"504",3,2,"5",0.994922381589052,0.996249947492674,1,1
"505",4,2,"5",0.994922381589052,0.996249947492674,1,0
"506",5,2,"5",0.994922381589052,0.996249947492674,1,0
"507",6,2,"5",0.994922381589052,0.996249947492674,1,0
"508",7,2,"5",0.994922381589052,0.996249947492674,1,0
"509",8,2,"5",0.994922381589052,0.996249947492674,1,0
"510",9,2,"5",0.994922381589052,0.996249947492674,1,0
"511",10,2,"5",0.994922381589052,0.996249947492674,1,1
"512",11,2,"5",0.994922381589052,0.996249947492674,1,0
"513",12,2,"5",0.994922381589052,0.996249947492674,1,0
"514",13,2,"5",0.994922381589052,0.996249947492674,1,0
"515",14,2,"5",0.994922381589052,0.996249947492674,1,0
"516",15,2,"5",0.994922381589052,0.996249947492674,1,0
"517",16,2,"5",0.994922381589052,0.996249947492674,1,0
"518",17,2,"5",0.994922381589052,0.996249947492674,1,0
"519",18,2,"5",0.994922381589052,0.996249947492674,1,0
"520",19,2,"5",0.994922381589052,0.996249947492674,1,0
"521",20,2,"5",0.994922381589052,0.996249947492674,1,0
"522",21,2,"5",0.994922381589052,0.996249947492674,1,0
"523",22,2,"5",0.994922381589052,0.996249947492674,1,0
"524",23,2,"5",0.994922381589052,0.996249947492674,1,0
"525",24,2,"5",0.994922381589052,0.996249947492674,1,0
"526",25,2,"5",0.994922381589052,0.996249947492674,1,1
"527",26,2,"5",0.994922381589052,0.996249947492674,1,0
"528",27,2,"5",0.994922381589052,0.996249947492674,1,1
"529",28,2,"5",0.994922381589052,0.996249947492674,1,1
"530",29,2,"5",0.994922381589052,0.996249947492674,1,0
"531",30,2,"5",0.994922381589052,0.996249947492674,1,0
"532",1,3,"5",0.252974223943393,0.951910620122955,1,0
"533",2,3,"5",0.252974223943393,0.951910620122955,1,0
"534",3,3,"5",0.252974223943393,0.951910620122955,1,1
"535",4,3,"5",0.252974223943393,0.951910620122955,1,0
"536",5,3,"5",0.252974223943393,0.951910620122955,1,0
"537",6,3,"5",0.252974223943393,0.951910620122955,1,0
"538",7,3,"5",0.252974223943393,0.951910620122955,1,0
"539",8,3,"5",0.252974223943393,0.951910620122955,1,0
"540",9,3,"5",0.252974223943393,0.951910620122955,1,0
"541",10,3,"5",0.252974223943393,0.951910620122955,1,1
"542",11,3,"5",0.252974223943393,0.951910620122955,1,0
"543",12,3,"5",0.252974223943393,0.951910620122955,1,0
"544",13,3,"5",0.252974223943393,0.951910620122955,1,0
"545",14,3,"5",0.252974223943393,0.951910620122955,1,0
"546",15,3,"5",0.252974223943393,0.951910620122955,1,0
"547",16,3,"5",0.252974223943393,0.951910620122955,1,0
"548",17,3,"5",0.252974223943393,0.951910620122955,1,0
"549",18,3,"5",0.252974223943393,0.951910620122955,1,0
"550",19,3,"5",0.252974223943393,0.951910620122955,1,0
"551",20,3,"5",0.252974223943393,0.951910620122955,1,0
"552",21,3,"5",0.252974223943393,0.951910620122955,1,0
"553",22,3,"5",0.252974223943393,0.951910620122955,1,0
"554",23,3,"5",0.252974223943393,0.951910620122955,1,0
"555",24,3,"5",0.252974223943393,0.951910620122955,1,0
"556",25,3,"5",0.252974223943393,0.951910620122955,1,1
"557",26,3,"5",0.252974223943393,0.951910620122955,1,0
"558",27,3,"5",0.252974223943393,0.951910620122955,1,1
"559",28,3,"5",0.252974223943393,0.951910620122955,1,1
"560",29,3,"5",0.252974223943393,0.951910620122955,1,0
"561",30,3,"5",0.252974223943393,0.951910620122955,1,0
"562",3,4,"5",-1.38556525145799,0.0601161160677229,2,0
"563",10,4,"5",-1.38556525145799,0.0601161160677229,2,0
"564",25,4,"5",-1.38556525145799,0.0601161160677229,2,0
"565",27,4,"5",-1.38556525145799,0.0601161160677229,2,0
"566",28,4,"5",-1.38556525145799,0.0601161160677229,2,0
"567",3,5,"5",0.545392561044829,0.982169859658798,2,0
"568",10,5,"5",0.545392561044829,0.982169859658798,2,0
"569",25,5,"5",0.545392561044829,0.982169859658798,2,0
"570",27,5,"5",0.545392561044829,0.982169859658798,2,0
"571",28,5,"5",0.545392561044829,0.982169859658798,2,0
"572",3,6,"5",-0.114789179766462,0.845304450563097,2,0
"573",10,6,"5",-0.114789179766462,0.845304450563097,2,0
"574",25,6,"5",-0.114789179766462,0.845304450563097,2,0
"575",27,6,"5",-0.114789179766462,0.845304450563097,2,0
"576",28,6,"5",-0.114789179766462,0.845304450563097,2,0
"577",1,1,"6",1.8598700253088,0.999817676400198,1,0
"578",2,1,"6",1.8598700253088,0.999817676400198,1,0
"579",3,1,"6",1.8598700253088,0.999817676400198,1,0
"580",4,1,"6",1.8598700253088,0.999817676400198,1,0
"581",5,1,"6",1.8598700253088,0.999817676400198,1,0
"582",6,1,"6",1.8598700253088,0.999817676400198,1,0
"583",7,1,"6",1.8598700253088,0.999817676400198,1,0
"584",8,1,"6",1.8598700253088,0.999817676400198,1,0
"585",9,1,"6",1.8598700253088,0.999817676400198,1,0
"586",10,1,"6",1.8598700253088,0.999817676400198,1,0
"587",11,1,"6",1.8598700253088,0.999817676400198,1,0
"588",12,1,"6",1.8598700253088,0.999817676400198,1,0
"589",13,1,"6",1.8598700253088,0.999817676400198,1,0
"590",14,1,"6",1.8598700253088,0.999817676400198,1,0
"591",15,1,"6",1.8598700253088,0.999817676400198,1,0
"592",16,1,"6",1.8598700253088,0.999817676400198,1,0
"593",17,1,"6",1.8598700253088,0.999817676400198,1,0
"594",18,1,"6",1.8598700253088,0.999817676400198,1,0
"595",19,1,"6",1.8598700253088,0.999817676400198,1,0
"596",20,1,"6",1.8598700253088,0.999817676400198,1,0
"597",21,1,"6",1.8598700253088,0.999817676400198,1,1
"598",22,1,"6",1.8598700253088,0.999817676400198,1,0
"599",23,1,"6",1.8598700253088,0.999817676400198,1,0
"600",24,1,"6",1.8598700253088,0.999817676400198,1,0
"601",25,1,"6",1.8598700253088,0.999817676400198,1,0
"602",26,1,"6",1.8598700253088,0.999817676400198,1,0
"603",27,1,"6",1.8598700253088,0.999817676400198,1,0
"604",28,1,"6",1.8598700253088,0.999817676400198,1,0
"605",29,1,"6",1.8598700253088,0.999817676400198,1,0
"606",30,1,"6",1.8598700253088,0.999817676400198,1,0
"607",1,2,"6",-0.273766627707284,0.758013050046648,1,0
"608",2,2,"6",-0.273766627707284,0.758013050046648,1,0
"609",3,2,"6",-0.273766627707284,0.758013050046648,1,0
"610",4,2,"6",-0.273766627707284,0.758013050046648,1,0
"611",5,2,"6",-0.273766627707284,0.758013050046648,1,0
"612",6,2,"6",-0.273766627707284,0.758013050046648,1,0
"613",7,2,"6",-0.273766627707284,0.758013050046648,1,0
"614",8,2,"6",-0.273766627707284,0.758013050046648,1,0
"615",9,2,"6",-0.273766627707284,0.758013050046648,1,0
"616",10,2,"6",-0.273766627707284,0.758013050046648,1,0
"617",11,2,"6",-0.273766627707284,0.758013050046648,1,0
"618",12,2,"6",-0.273766627707284,0.758013050046648,1,0
"619",13,2,"6",-0.273766627707284,0.758013050046648,1,0
"620",14,2,"6",-0.273766627707284,0.758013050046648,1,0
"621",15,2,"6",-0.273766627707284,0.758013050046648,1,0
"622",16,2,"6",-0.273766627707284,0.758013050046648,1,0
"623",17,2,"6",-0.273766627707284,0.758013050046648,1,0
"624",18,2,"6",-0.273766627707284,0.758013050046648,1,0
"625",19,2,"6",-0.273766627707284,0.758013050046648,1,0
"626",20,2,"6",-0.273766627707284,0.758013050046648,1,0
"627",21,2,"6",-0.273766627707284,0.758013050046648,1,1
"628",22,2,"6",-0.273766627707284,0.758013050046648,1,0
"629",23,2,"6",-0.273766627707284,0.758013050046648,1,0
"630",24,2,"6",-0.273766627707284,0.758013050046648,1,0
"631",25,2,"6",-0.273766627707284,0.758013050046648,1,0
"632",26,2,"6",-0.273766627707284,0.758013050046648,1,0
"633",27,2,"6",-0.273766627707284,0.758013050046648,1,0
"634",28,2,"6",-0.273766627707284,0.758013050046648,1,0
"635",29,2,"6",-0.273766627707284,0.758013050046648,1,0
"636",30,2,"6",-0.273766627707284,0.758013050046648,1,0
"637",1,3,"6",-1.54776747502619,0.0349862857944623,1,0
"638",2,3,"6",-1.54776747502619,0.0349862857944623,1,0
"639",3,3,"6",-1.54776747502619,0.0349862857944623,1,0
"640",4,3,"6",-1.54776747502619,0.0349862857944623,1,0
"641",5,3,"6",-1.54776747502619,0.0349862857944623,1,0
"642",6,3,"6",-1.54776747502619,0.0349862857944623,1,0
"643",7,3,"6",-1.54776747502619,0.0349862857944623,1,0
"644",8,3,"6",-1.54776747502619,0.0349862857944623,1,0
"645",9,3,"6",-1.54776747502619,0.0349862857944623,1,0
"646",10,3,"6",-1.54776747502619,0.0349862857944623,1,0
"647",11,3,"6",-1.54776747502619,0.0349862857944623,1,0
"648",12,3,"6",-1.54776747502619,0.0349862857944623,1,0
"649",13,3,"6",-1.54776747502619,0.0349862857944623,1,0
"650",14,3,"6",-1.54776747502619,0.0349862857944623,1,0
"651",15,3,"6",-1.54776747502619,0.0349862857944623,1,0
"652",16,3,"6",-1.54776747502619,0.0349862857944623,1,0
"653",17,3,"6",-1.54776747502619,0.0349862857944623,1,0
"654",18,3,"6",-1.54776747502619,0.0349862857944623,1,0
"655",19,3,"6",-1.54776747502619,0.0349862857944623,1,0
"656",20,3,"6",-1.54776747502619,0.0349862857944623,1,0
"657",21,3,"6",-1.54776747502619,0.0349862857944623,1,1
"658",22,3,"6",-1.54776747502619,0.0349862857944623,1,0
"659",23,3,"6",-1.54776747502619,0.0349862857944623,1,0
"660",24,3,"6",-1.54776747502619,0.0349862857944623,1,0
"661",25,3,"6",-1.54776747502619,0.0349862857944623,1,0
"662",26,3,"6",-1.54776747502619,0.0349862857944623,1,0
"663",27,3,"6",-1.54776747502619,0.0349862857944623,1,0
"664",28,3,"6",-1.54776747502619,0.0349862857944623,1,0
"665",29,3,"6",-1.54776747502619,0.0349862857944623,1,0
"666",30,3,"6",-1.54776747502619,0.0349862857944623,1,0
"667",21,4,"6",0.254401090156194,0.952138715619731,2,1
"668",21,5,"6",0.320363595624854,0.961627001121134,2,1
"669",21,6,"6",-0.92826580079046,0.240684521854001,2,1
"670",21,7,"6",-2.83079151079316,0.000406398330914903,3,0
"671",21,8,"6",-0.583023922492234,0.514849699426793,3,0
"672",21,9,"6",0.627603816226423,0.98656827858406,3,0
"673",1,1,"7",-0.452407153683888,0.626346529757523,1,0
"674",2,1,"7",-0.452407153683888,0.626346529757523,1,1
"675",3,1,"7",-0.452407153683888,0.626346529757523,1,0
"676",4,1,"7",-0.452407153683888,0.626346529757523,1,0
"677",5,1,"7",-0.452407153683888,0.626346529757523,1,0
"678",6,1,"7",-0.452407153683888,0.626346529757523,1,1
"679",7,1,"7",-0.452407153683888,0.626346529757523,1,0
"680",8,1,"7",-0.452407153683888,0.626346529757523,1,0
"681",9,1,"7",-0.452407153683888,0.626346529757523,1,0
"682",10,1,"7",-0.452407153683888,0.626346529757523,1,0
"683",11,1,"7",-0.452407153683888,0.626346529757523,1,0
"684",12,1,"7",-0.452407153683888,0.626346529757523,1,0
"685",13,1,"7",-0.452407153683888,0.626346529757523,1,0
"686",14,1,"7",-0.452407153683888,0.626346529757523,1,1
"687",15,1,"7",-0.452407153683888,0.626346529757523,1,0
"688",16,1,"7",-0.452407153683888,0.626346529757523,1,0
"689",17,1,"7",-0.452407153683888,0.626346529757523,1,0
"690",18,1,"7",-0.452407153683888,0.626346529757523,1,0
"691",19,1,"7",-0.452407153683888,0.626346529757523,1,0
"692",20,1,"7",-0.452407153683888,0.626346529757523,1,0
"693",21,1,"7",-0.452407153683888,0.626346529757523,1,0
"694",22,1,"7",-0.452407153683888,0.626346529757523,1,1
"695",23,1,"7",-0.452407153683888,0.626346529757523,1,0
"696",24,1,"7",-0.452407153683888,0.626346529757523,1,0
"697",25,1,"7",-0.452407153683888,0.626346529757523,1,0
"698",26,1,"7",-0.452407153683888,0.626346529757523,1,1
"699",27,1,"7",-0.452407153683888,0.626346529757523,1,0
"700",28,1,"7",-0.452407153683888,0.626346529757523,1,0
"701",29,1,"7",-0.452407153683888,0.626346529757523,1,1
"702",30,1,"7",-0.452407153683888,0.626346529757523,1,0
"703",1,2,"7",0.202732798680424,0.9431905044777,1,0
"704",2,2,"7",0.202732798680424,0.9431905044777,1,1
"705",3,2,"7",0.202732798680424,0.9431905044777,1,0
"706",4,2,"7",0.202732798680424,0.9431905044777,1,0
"707",5,2,"7",0.202732798680424,0.9431905044777,1,0
"708",6,2,"7",0.202732798680424,0.9431905044777,1,1
"709",7,2,"7",0.202732798680424,0.9431905044777,1,0
"710",8,2,"7",0.202732798680424,0.9431905044777,1,0
"711",9,2,"7",0.202732798680424,0.9431905044777,1,0
"712",10,2,"7",0.202732798680424,0.9431905044777,1,0
"713",11,2,"7",0.202732798680424,0.9431905044777,1,0
"714",12,2,"7",0.202732798680424,0.9431905044777,1,0
"715",13,2,"7",0.202732798680424,0.9431905044777,1,0
"716",14,2,"7",0.202732798680424,0.9431905044777,1,1
"717",15,2,"7",0.202732798680424,0.9431905044777,1,0
"718",16,2,"7",0.202732798680424,0.9431905044777,1,0
"719",17,2,"7",0.202732798680424,0.9431905044777,1,0
"720",18,2,"7",0.202732798680424,0.9431905044777,1,0
"721",19,2,"7",0.202732798680424,0.9431905044777,1,0
"722",20,2,"7",0.202732798680424,0.9431905044777,1,0
"723",21,2,"7",0.202732798680424,0.9431905044777,1,0
"724",22,2,"7",0.202732798680424,0.9431905044777,1,1
"725",23,2,"7",0.202732798680424,0.9431905044777,1,0
"726",24,2,"7",0.202732798680424,0.9431905044777,1,0
"727",25,2,"7",0.202732798680424,0.9431905044777,1,0
"728",26,2,"7",0.202732798680424,0.9431905044777,1,1
"729",27,2,"7",0.202732798680424,0.9431905044777,1,0
"730",28,2,"7",0.202732798680424,0.9431905044777,1,0
"731",29,2,"7",0.202732798680424,0.9431905044777,1,1
"732",30,2,"7",0.202732798680424,0.9431905044777,1,0
"733",1,3,"7",-1.04699087841064,0.173006442022382,1,0
"734",2,3,"7",-1.04699087841064,0.173006442022382,1,1
"735",3,3,"7",-1.04699087841064,0.173006442022382,1,0
"736",4,3,"7",-1.04699087841064,0.173006442022382,1,0
"737",5,3,"7",-1.04699087841064,0.173006442022382,1,0
"738",6,3,"7",-1.04699087841064,0.173006442022382,1,1
"739",7,3,"7",-1.04699087841064,0.173006442022382,1,0
"740",8,3,"7",-1.04699087841064,0.173006442022382,1,0
"741",9,3,"7",-1.04699087841064,0.173006442022382,1,0
"742",10,3,"7",-1.04699087841064,0.173006442022382,1,0
"743",11,3,"7",-1.04699087841064,0.173006442022382,1,0
"744",12,3,"7",-1.04699087841064,0.173006442022382,1,0
"745",13,3,"7",-1.04699087841064,0.173006442022382,1,0
"746",14,3,"7",-1.04699087841064,0.173006442022382,1,1
"747",15,3,"7",-1.04699087841064,0.173006442022382,1,0
"748",16,3,"7",-1.04699087841064,0.173006442022382,1,0
"749",17,3,"7",-1.04699087841064,0.173006442022382,1,0
"750",18,3,"7",-1.04699087841064,0.173006442022382,1,0
"751",19,3,"7",-1.04699087841064,0.173006442022382,1,0
"752",20,3,"7",-1.04699087841064,0.173006442022382,1,0
"753",21,3,"7",-1.04699087841064,0.173006442022382,1,0
"754",22,3,"7",-1.04699087841064,0.173006442022382,1,1
"755",23,3,"7",-1.04699087841064,0.173006442022382,1,0
"756",24,3,"7",-1.04699087841064,0.173006442022382,1,0
"757",25,3,"7",-1.04699087841064,0.173006442022382,1,0
"758",26,3,"7",-1.04699087841064,0.173006442022382,1,1
"759",27,3,"7",-1.04699087841064,0.173006442022382,1,0
"760",28,3,"7",-1.04699087841064,0.173006442022382,1,0
"761",29,3,"7",-1.04699087841064,0.173006442022382,1,1
"762",30,3,"7",-1.04699087841064,0.173006442022382,1,0
"763",2,4,"7",2.46383021774992,0.999977977101066,2,1
"764",6,4,"7",2.46383021774992,0.999977977101066,2,0
"765",14,4,"7",2.46383021774992,0.999977977101066,2,1
"766",22,4,"7",2.46383021774992,0.999977977101066,2,1
"767",26,4,"7",2.46383021774992,0.999977977101066,2,1
"768",29,4,"7",2.46383021774992,0.999977977101066,2,1
"769",2,5,"7",-0.0363017317688902,0.877926969839989,2,1
"770",6,5,"7",-0.0363017317688902,0.877926969839989,2,0
"771",14,5,"7",-0.0363017317688902,0.877926969839989,2,1
"772",22,5,"7",-0.0363017317688902,0.877926969839989,2,1
"773",26,5,"7",-0.0363017317688902,0.877926969839989,2,1
"774",29,5,"7",-0.0363017317688902,0.877926969839989,2,1
"775",2,6,"7",0.940620009328388,0.995468543136125,2,1
"776",6,6,"7",0.940620009328388,0.995468543136125,2,0
"777",14,6,"7",0.940620009328388,0.995468543136125,2,1
"778",22,6,"7",0.940620009328388,0.995468543136125,2,1
"779",26,6,"7",0.940620009328388,0.995468543136125,2,1
"780",29,6,"7",0.940620009328388,0.995468543136125,2,1
"781",2,7,"7",-2.48827975540832,0.00134639255631539,3,0
"782",14,7,"7",-2.48827975540832,0.00134639255631539,3,0
"783",22,7,"7",-2.48827975540832,0.00134639255631539,3,0
"784",26,7,"7",-2.48827975540832,0.00134639255631539,3,0
"785",29,7,"7",-2.48827975540832,0.00134639255631539,3,0
"786",2,8,"7",0.550324760525384,0.982469665047151,3,0
"787",14,8,"7",0.550324760525384,0.982469665047151,3,0
"788",22,8,"7",0.550324760525384,0.982469665047151,3,0
"789",26,8,"7",0.550324760525384,0.982469665047151,3,0
"790",29,8,"7",0.550324760525384,0.982469665047151,3,0
"791",2,9,"7",-1.51267847151468,0.0393779643023291,3,0
"792",14,9,"7",-1.51267847151468,0.0393779643023291,3,0
"793",22,9,"7",-1.51267847151468,0.0393779643023291,3,0
"794",26,9,"7",-1.51267847151468,0.0393779643023291,3,0
"795",29,9,"7",-1.51267847151468,0.0393779643023291,3,0
"796",1,1,"8",1.01957435204684,0.996558876595559,1,0
"797",2,1,"8",1.01957435204684,0.996558876595559,1,0
"798",3,1,"8",1.01957435204684,0.996558876595559,1,0
"799",4,1,"8",1.01957435204684,0.996558876595559,1,0
"800",5,1,"8",1.01957435204684,0.996558876595559,1,0
"801",6,1,"8",1.01957435204684,0.996558876595559,1,1
"802",7,1,"8",1.01957435204684,0.996558876595559,1,0
"803",8,1,"8",1.01957435204684,0.996558876595559,1,1
"804",9,1,"8",1.01957435204684,0.996558876595559,1,0
"805",10,1,"8",1.01957435204684,0.996558876595559,1,1
"806",11,1,"8",1.01957435204684,0.996558876595559,1,0
"807",12,1,"8",1.01957435204684,0.996558876595559,1,1
"808",13,1,"8",1.01957435204684,0.996558876595559,1,0
"809",14,1,"8",1.01957435204684,0.996558876595559,1,1
"810",15,1,"8",1.01957435204684,0.996558876595559,1,0
"811",16,1,"8",1.01957435204684,0.996558876595559,1,0
"812",17,1,"8",1.01957435204684,0.996558876595559,1,1
"813",18,1,"8",1.01957435204684,0.996558876595559,1,0
"814",19,1,"8",1.01957435204684,0.996558876595559,1,1
"815",20,1,"8",1.01957435204684,0.996558876595559,1,0
"816",21,1,"8",1.01957435204684,0.996558876595559,1,0
"817",22,1,"8",1.01957435204684,0.996558876595559,1,0
"818",23,1,"8",1.01957435204684,0.996558876595559,1,1
"819",24,1,"8",1.01957435204684,0.996558876595559,1,1
"820",25,1,"8",1.01957435204684,0.996558876595559,1,1
"821",26,1,"8",1.01957435204684,0.996558876595559,1,1
"822",27,1,"8",1.01957435204684,0.996558876595559,1,0
"823",28,1,"8",1.01957435204684,0.996558876595559,1,0
"824",29,1,"8",1.01957435204684,0.996558876595559,1,1
"825",30,1,"8",1.01957435204684,0.996558876595559,1,1
"826",1,2,"8",-0.525651636540558,0.564690192979863,1,0
"827",2,2,"8",-0.525651636540558,0.564690192979863,1,0
"828",3,2,"8",-0.525651636540558,0.564690192979863,1,0
"829",4,2,"8",-0.525651636540558,0.564690192979863,1,0
"830",5,2,"8",-0.525651636540558,0.564690192979863,1,0
"831",6,2,"8",-0.525651636540558,0.564690192979863,1,1
"832",7,2,"8",-0.525651636540558,0.564690192979863,1,0
"833",8,2,"8",-0.525651636540558,0.564690192979863,1,1
"834",9,2,"8",-0.525651636540558,0.564690192979863,1,0
"835",10,2,"8",-0.525651636540558,0.564690192979863,1,1
"836",11,2,"8",-0.525651636540558,0.564690192979863,1,0
"837",12,2,"8",-0.525651636540558,0.564690192979863,1,1
"838",13,2,"8",-0.525651636540558,0.564690192979863,1,0
"839",14,2,"8",-0.525651636540558,0.564690192979863,1,1
"840",15,2,"8",-0.525651636540558,0.564690192979863,1,0
"841",16,2,"8",-0.525651636540558,0.564690192979863,1,0
"842",17,2,"8",-0.525651636540558,0.564690192979863,1,1
"843",18,2,"8",-0.525651636540558,0.564690192979863,1,0
"844",19,2,"8",-0.525651636540558,0.564690192979863,1,1
"845",20,2,"8",-0.525651636540558,0.564690192979863,1,0
"846",21,2,"8",-0.525651636540558,0.564690192979863,1,0
"847",22,2,"8",-0.525651636540558,0.564690192979863,1,0
"848",23,2,"8",-0.525651636540558,0.564690192979863,1,1
"849",24,2,"8",-0.525651636540558,0.564690192979863,1,1
"850",25,2,"8",-0.525651636540558,0.564690192979863,1,1
"851",26,2,"8",-0.525651636540558,0.564690192979863,1,1
"852",27,2,"8",-0.525651636540558,0.564690192979863,1,0
"853",28,2,"8",-0.525651636540558,0.564690192979863,1,0
"854",29,2,"8",-0.525651636540558,0.564690192979863,1,1
"855",30,2,"8",-0.525651636540558,0.564690192979863,1,1
"856",1,3,"8",-0.1645354625334,0.821145234264463,1,0
"857",2,3,"8",-0.1645354625334,0.821145234264463,1,0
"858",3,3,"8",-0.1645354625334,0.821145234264463,1,0
"859",4,3,"8",-0.1645354625334,0.821145234264463,1,0
"860",5,3,"8",-0.1645354625334,0.821145234264463,1,0
"861",6,3,"8",-0.1645354625334,0.821145234264463,1,1
"862",7,3,"8",-0.1645354625334,0.821145234264463,1,0
"863",8,3,"8",-0.1645354625334,0.821145234264463,1,1
"864",9,3,"8",-0.1645354625334,0.821145234264463,1,0
"865",10,3,"8",-0.1645354625334,0.821145234264463,1,1
"866",11,3,"8",-0.1645354625334,0.821145234264463,1,0
"867",12,3,"8",-0.1645354625334,0.821145234264463,1,1
"868",13,3,"8",-0.1645354625334,0.821145234264463,1,0
"869",14,3,"8",-0.1645354625334,0.821145234264463,1,1
"870",15,3,"8",-0.1645354625334,0.821145234264463,1,0
"871",16,3,"8",-0.1645354625334,0.821145234264463,1,0
"872",17,3,"8",-0.1645354625334,0.821145234264463,1,1
"873",18,3,"8",-0.1645354625334,0.821145234264463,1,0
"874",19,3,"8",-0.1645354625334,0.821145234264463,1,1
"875",20,3,"8",-0.1645354625334,0.821145234264463,1,0
"876",21,3,"8",-0.1645354625334,0.821145234264463,1,0
"877",22,3,"8",-0.1645354625334,0.821145234264463,1,0
"878",23,3,"8",-0.1645354625334,0.821145234264463,1,1
"879",24,3,"8",-0.1645354625334,0.821145234264463,1,1
"880",25,3,"8",-0.1645354625334,0.821145234264463,1,1
"881",26,3,"8",-0.1645354625334,0.821145234264463,1,1
"882",27,3,"8",-0.1645354625334,0.821145234264463,1,0
"883",28,3,"8",-0.1645354625334,0.821145234264463,1,0
"884",29,3,"8",-0.1645354625334,0.821145234264463,1,1
"885",30,3,"8",-0.1645354625334,0.821145234264463,1,1
"886",6,4,"8",-1.33169039393513,0.0716965276906405,2,0
"887",8,4,"8",-1.33169039393513,0.0716965276906405,2,0
"888",10,4,"8",-1.33169039393513,0.0716965276906405,2,0
"889",12,4,"8",-1.33169039393513,0.0716965276906405,2,0
"890",14,4,"8",-1.33169039393513,0.0716965276906405,2,0
"891",17,4,"8",-1.33169039393513,0.0716965276906405,2,0
"892",19,4,"8",-1.33169039393513,0.0716965276906405,2,0
"893",23,4,"8",-1.33169039393513,0.0716965276906405,2,0
"894",24,4,"8",-1.33169039393513,0.0716965276906405,2,0
"895",25,4,"8",-1.33169039393513,0.0716965276906405,2,0
"896",26,4,"8",-1.33169039393513,0.0716965276906405,2,0
"897",29,4,"8",-1.33169039393513,0.0716965276906405,2,0
"898",30,4,"8",-1.33169039393513,0.0716965276906405,2,0
"899",6,5,"8",0.447653534602101,0.975078506688789,2,0
"900",8,5,"8",0.447653534602101,0.975078506688789,2,0
"901",10,5,"8",0.447653534602101,0.975078506688789,2,0
"902",12,5,"8",0.447653534602101,0.975078506688789,2,0
"903",14,5,"8",0.447653534602101,0.975078506688789,2,0
"904",17,5,"8",0.447653534602101,0.975078506688789,2,0
"905",19,5,"8",0.447653534602101,0.975078506688789,2,0
"906",23,5,"8",0.447653534602101,0.975078506688789,2,0
"907",24,5,"8",0.447653534602101,0.975078506688789,2,0
"908",25,5,"8",0.447653534602101,0.975078506688789,2,0
"909",26,5,"8",0.447653534602101,0.975078506688789,2,0
"910",29,5,"8",0.447653534602101,0.975078506688789,2,0
"911",30,5,"8",0.447653534602101,0.975078506688789,2,0
"912",6,6,"8",1.25709846551325,0.998498584835616,2,0
"913",8,6,"8",1.25709846551325,0.998498584835616,2,0
"914",10,6,"8",1.25709846551325,0.998498584835616,2,0
"915",12,6,"8",1.25709846551325,0.998498584835616,2,0
"916",14,6,"8",1.25709846551325,0.998498584835616,2,0
"917",17,6,"8",1.25709846551325,0.998498584835616,2,0
"918",19,6,"8",1.25709846551325,0.998498584835616,2,0
"919",23,6,"8",1.25709846551325,0.998498584835616,2,0
"920",24,6,"8",1.25709846551325,0.998498584835616,2,0
"921",25,6,"8",1.25709846551325,0.998498584835616,2,0
"922",26,6,"8",1.25709846551325,0.998498584835616,2,0
"923",29,6,"8",1.25709846551325,0.998498584835616,2,0
"924",30,6,"8",1.25709846551325,0.998498584835616,2,0
"925",1,1,"9",-2.58599913345111,0.000956763628962699,1,0
"926",2,1,"9",-2.58599913345111,0.000956763628962699,1,0
"927",3,1,"9",-2.58599913345111,0.000956763628962699,1,0
"928",4,1,"9",-2.58599913345111,0.000956763628962699,1,0
"929",5,1,"9",-2.58599913345111,0.000956763628962699,1,0
"930",6,1,"9",-2.58599913345111,0.000956763628962699,1,0
"931",7,1,"9",-2.58599913345111,0.000956763628962699,1,0
"932",8,1,"9",-2.58599913345111,0.000956763628962699,1,0
"933",9,1,"9",-2.58599913345111,0.000956763628962699,1,0
"934",10,1,"9",-2.58599913345111,0.000956763628962699,1,0
"935",11,1,"9",-2.58599913345111,0.000956763628962699,1,0
"936",12,1,"9",-2.58599913345111,0.000956763628962699,1,0
"937",13,1,"9",-2.58599913345111,0.000956763628962699,1,0
"938",14,1,"9",-2.58599913345111,0.000956763628962699,1,0
"939",15,1,"9",-2.58599913345111,0.000956763628962699,1,0
"940",16,1,"9",-2.58599913345111,0.000956763628962699,1,0
"941",17,1,"9",-2.58599913345111,0.000956763628962699,1,0
"942",18,1,"9",-2.58599913345111,0.000956763628962699,1,0
"943",19,1,"9",-2.58599913345111,0.000956763628962699,1,0
"944",20,1,"9",-2.58599913345111,0.000956763628962699,1,0
"945",21,1,"9",-2.58599913345111,0.000956763628962699,1,0
"946",22,1,"9",-2.58599913345111,0.000956763628962699,1,0
"947",23,1,"9",-2.58599913345111,0.000956763628962699,1,0
"948",24,1,"9",-2.58599913345111,0.000956763628962699,1,0
"949",25,1,"9",-2.58599913345111,0.000956763628962699,1,0
"950",26,1,"9",-2.58599913345111,0.000956763628962699,1,0
"951",27,1,"9",-2.58599913345111,0.000956763628962699,1,0
"952",28,1,"9",-2.58599913345111,0.000956763628962699,1,0
"953",29,1,"9",-2.58599913345111,0.000956763628962699,1,0
"954",30,1,"9",-2.58599913345111,0.000956763628962699,1,0
"955",1,2,"9",1.30486683579164,0.998729449849898,1,0
"956",2,2,"9",1.30486683579164,0.998729449849898,1,0
"957",3,2,"9",1.30486683579164,0.998729449849898,1,0
"958",4,2,"9",1.30486683579164,0.998729449849898,1,0
"959",5,2,"9",1.30486683579164,0.998729449849898,1,0
"960",6,2,"9",1.30486683579164,0.998729449849898,1,0
"961",7,2,"9",1.30486683579164,0.998729449849898,1,0
"962",8,2,"9",1.30486683579164,0.998729449849898,1,0
"963",9,2,"9",1.30486683579164,0.998729449849898,1,0
"964",10,2,"9",1.30486683579164,0.998729449849898,1,0
"965",11,2,"9",1.30486683579164,0.998729449849898,1,0
"966",12,2,"9",1.30486683579164,0.998729449849898,1,0
"967",13,2,"9",1.30486683579164,0.998729449849898,1,0
"968",14,2,"9",1.30486683579164,0.998729449849898,1,0
"969",15,2,"9",1.30486683579164,0.998729449849898,1,0
"970",16,2,"9",1.30486683579164,0.998729449849898,1,0
"971",17,2,"9",1.30486683579164,0.998729449849898,1,0
"972",18,2,"9",1.30486683579164,0.998729449849898,1,0
"973",19,2,"9",1.30486683579164,0.998729449849898,1,0
"974",20,2,"9",1.30486683579164,0.998729449849898,1,0
"975",21,2,"9",1.30486683579164,0.998729449849898,1,0
"976",22,2,"9",1.30486683579164,0.998729449849898,1,0
"977",23,2,"9",1.30486683579164,0.998729449849898,1,0
"978",24,2,"9",1.30486683579164,0.998729449849898,1,0
"979",25,2,"9",1.30486683579164,0.998729449849898,1,0
"980",26,2,"9",1.30486683579164,0.998729449849898,1,0
"981",27,2,"9",1.30486683579164,0.998729449849898,1,0
"982",28,2,"9",1.30486683579164,0.998729449849898,1,0
"983",29,2,"9",1.30486683579164,0.998729449849898,1,0
"984",30,2,"9",1.30486683579164,0.998729449849898,1,0
"985",1,3,"9",-0.636960727882361,0.467704388576182,1,0
"986",2,3,"9",-0.636960727882361,0.467704388576182,1,0
"987",3,3,"9",-0.636960727882361,0.467704388576182,1,0
"988",4,3,"9",-0.636960727882361,0.467704388576182,1,0
"989",5,3,"9",-0.636960727882361,0.467704388576182,1,0
"990",6,3,"9",-0.636960727882361,0.467704388576182,1,0
"991",7,3,"9",-0.636960727882361,0.467704388576182,1,0
"992",8,3,"9",-0.636960727882361,0.467704388576182,1,0
"993",9,3,"9",-0.636960727882361,0.467704388576182,1,0
"994",10,3,"9",-0.636960727882361,0.467704388576182,1,0
"995",11,3,"9",-0.636960727882361,0.467704388576182,1,0
"996",12,3,"9",-0.636960727882361,0.467704388576182,1,0
"997",13,3,"9",-0.636960727882361,0.467704388576182,1,0
"998",14,3,"9",-0.636960727882361,0.467704388576182,1,0
"999",15,3,"9",-0.636960727882361,0.467704388576182,1,0
"1000",16,3,"9",-0.636960727882361,0.467704388576182,1,0
"1001",17,3,"9",-0.636960727882361,0.467704388576182,1,0
"1002",18,3,"9",-0.636960727882361,0.467704388576182,1,0
"1003",19,3,"9",-0.636960727882361,0.467704388576182,1,0
"1004",20,3,"9",-0.636960727882361,0.467704388576182,1,0
"1005",21,3,"9",-0.636960727882361,0.467704388576182,1,0
"1006",22,3,"9",-0.636960727882361,0.467704388576182,1,0
"1007",23,3,"9",-0.636960727882361,0.467704388576182,1,0
"1008",24,3,"9",-0.636960727882361,0.467704388576182,1,0
"1009",25,3,"9",-0.636960727882361,0.467704388576182,1,0
"1010",26,3,"9",-0.636960727882361,0.467704388576182,1,0
"1011",27,3,"9",-0.636960727882361,0.467704388576182,1,0
"1012",28,3,"9",-0.636960727882361,0.467704388576182,1,0
"1013",29,3,"9",-0.636960727882361,0.467704388576182,1,0
"1014",30,3,"9",-0.636960727882361,0.467704388576182,1,0
"1015",1,1,"10",-0.187988284872088,0.808770513473102,1,1
"1016",2,1,"10",-0.187988284872088,0.808770513473102,1,0
"1017",3,1,"10",-0.187988284872088,0.808770513473102,1,0
"1018",4,1,"10",-0.187988284872088,0.808770513473102,1,0
"1019",5,1,"10",-0.187988284872088,0.808770513473102,1,0
"1020",6,1,"10",-0.187988284872088,0.808770513473102,1,1
"1021",7,1,"10",-0.187988284872088,0.808770513473102,1,0
"1022",8,1,"10",-0.187988284872088,0.808770513473102,1,1
"1023",9,1,"10",-0.187988284872088,0.808770513473102,1,0
"1024",10,1,"10",-0.187988284872088,0.808770513473102,1,1
"1025",11,1,"10",-0.187988284872088,0.808770513473102,1,1
"1026",12,1,"10",-0.187988284872088,0.808770513473102,1,0
"1027",13,1,"10",-0.187988284872088,0.808770513473102,1,1
"1028",14,1,"10",-0.187988284872088,0.808770513473102,1,0
"1029",15,1,"10",-0.187988284872088,0.808770513473102,1,0
"1030",16,1,"10",-0.187988284872088,0.808770513473102,1,1
"1031",17,1,"10",-0.187988284872088,0.808770513473102,1,1
"1032",18,1,"10",-0.187988284872088,0.808770513473102,1,0
"1033",19,1,"10",-0.187988284872088,0.808770513473102,1,0
"1034",20,1,"10",-0.187988284872088,0.808770513473102,1,1
"1035",21,1,"10",-0.187988284872088,0.808770513473102,1,0
"1036",22,1,"10",-0.187988284872088,0.808770513473102,1,0
"1037",23,1,"10",-0.187988284872088,0.808770513473102,1,0
"1038",24,1,"10",-0.187988284872088,0.808770513473102,1,1
"1039",25,1,"10",-0.187988284872088,0.808770513473102,1,1
"1040",26,1,"10",-0.187988284872088,0.808770513473102,1,0
"1041",27,1,"10",-0.187988284872088,0.808770513473102,1,1
"1042",28,1,"10",-0.187988284872088,0.808770513473102,1,1
"1043",29,1,"10",-0.187988284872088,0.808770513473102,1,0
"1044",30,1,"10",-0.187988284872088,0.808770513473102,1,1
"1045",1,2,"10",-0.179757466389922,0.813186375444243,1,1
"1046",2,2,"10",-0.179757466389922,0.813186375444243,1,0
"1047",3,2,"10",-0.179757466389922,0.813186375444243,1,0
"1048",4,2,"10",-0.179757466389922,0.813186375444243,1,0
"1049",5,2,"10",-0.179757466389922,0.813186375444243,1,0
"1050",6,2,"10",-0.179757466389922,0.813186375444243,1,1
"1051",7,2,"10",-0.179757466389922,0.813186375444243,1,0
"1052",8,2,"10",-0.179757466389922,0.813186375444243,1,1
"1053",9,2,"10",-0.179757466389922,0.813186375444243,1,0
"1054",10,2,"10",-0.179757466389922,0.813186375444243,1,1
"1055",11,2,"10",-0.179757466389922,0.813186375444243,1,1
"1056",12,2,"10",-0.179757466389922,0.813186375444243,1,0
"1057",13,2,"10",-0.179757466389922,0.813186375444243,1,1
"1058",14,2,"10",-0.179757466389922,0.813186375444243,1,0
"1059",15,2,"10",-0.179757466389922,0.813186375444243,1,0
"1060",16,2,"10",-0.179757466389922,0.813186375444243,1,1
"1061",17,2,"10",-0.179757466389922,0.813186375444243,1,1
"1062",18,2,"10",-0.179757466389922,0.813186375444243,1,0
"1063",19,2,"10",-0.179757466389922,0.813186375444243,1,0
"1064",20,2,"10",-0.179757466389922,0.813186375444243,1,1
"1065",21,2,"10",-0.179757466389922,0.813186375444243,1,0
"1066",22,2,"10",-0.179757466389922,0.813186375444243,1,0
"1067",23,2,"10",-0.179757466389922,0.813186375444243,1,0
"1068",24,2,"10",-0.179757466389922,0.813186375444243,1,1
"1069",25,2,"10",-0.179757466389922,0.813186375444243,1,1
"1070",26,2,"10",-0.179757466389922,0.813186375444243,1,0
"1071",27,2,"10",-0.179757466389922,0.813186375444243,1,1
"1072",28,2,"10",-0.179757466389922,0.813186375444243,1,1
"1073",29,2,"10",-0.179757466389922,0.813186375444243,1,0
"1074",30,2,"10",-0.179757466389922,0.813186375444243,1,1
"1075",1,3,"10",-0.11505832474982,0.845181229041763,1,1
"1076",2,3,"10",-0.11505832474982,0.845181229041763,1,0
"1077",3,3,"10",-0.11505832474982,0.845181229041763,1,0
"1078",4,3,"10",-0.11505832474982,0.845181229041763,1,0
"1079",5,3,"10",-0.11505832474982,0.845181229041763,1,0
"1080",6,3,"10",-0.11505832474982,0.845181229041763,1,1
"1081",7,3,"10",-0.11505832474982,0.845181229041763,1,0
"1082",8,3,"10",-0.11505832474982,0.845181229041763,1,1
"1083",9,3,"10",-0.11505832474982,0.845181229041763,1,0
"1084",10,3,"10",-0.11505832474982,0.845181229041763,1,1
"1085",11,3,"10",-0.11505832474982,0.845181229041763,1,1
"1086",12,3,"10",-0.11505832474982,0.845181229041763,1,0
"1087",13,3,"10",-0.11505832474982,0.845181229041763,1,1
"1088",14,3,"10",-0.11505832474982,0.845181229041763,1,0
"1089",15,3,"10",-0.11505832474982,0.845181229041763,1,0
"1090",16,3,"10",-0.11505832474982,0.845181229041763,1,1
"1091",17,3,"10",-0.11505832474982,0.845181229041763,1,1
"1092",18,3,"10",-0.11505832474982,0.845181229041763,1,0
"1093",19,3,"10",-0.11505832474982,0.845181229041763,1,0
"1094",20,3,"10",-0.11505832474982,0.845181229041763,1,1
"1095",21,3,"10",-0.11505832474982,0.845181229041763,1,0
"1096",22,3,"10",-0.11505832474982,0.845181229041763,1,0
"1097",23,3,"10",-0.11505832474982,0.845181229041763,1,0
"1098",24,3,"10",-0.11505832474982,0.845181229041763,1,1
"1099",25,3,"10",-0.11505832474982,0.845181229041763,1,1
"1100",26,3,"10",-0.11505832474982,0.845181229041763,1,0
"1101",27,3,"10",-0.11505832474982,0.845181229041763,1,1
"1102",28,3,"10",-0.11505832474982,0.845181229041763,1,1
"1103",29,3,"10",-0.11505832474982,0.845181229041763,1,0
"1104",30,3,"10",-0.11505832474982,0.845181229041763,1,1
"1105",1,4,"10",1.46928397576045,0.99928498653578,2,0
"1106",6,4,"10",1.46928397576045,0.99928498653578,2,0
"1107",8,4,"10",1.46928397576045,0.99928498653578,2,1
"1108",10,4,"10",1.46928397576045,0.99928498653578,2,1
"1109",11,4,"10",1.46928397576045,0.99928498653578,2,1
"1110",13,4,"10",1.46928397576045,0.99928498653578,2,0
"1111",16,4,"10",1.46928397576045,0.99928498653578,2,1
"1112",17,4,"10",1.46928397576045,0.99928498653578,2,1
"1113",20,4,"10",1.46928397576045,0.99928498653578,2,0
"1114",24,4,"10",1.46928397576045,0.99928498653578,2,1
"1115",25,4,"10",1.46928397576045,0.99928498653578,2,0
"1116",27,4,"10",1.46928397576045,0.99928498653578,2,0
"1117",28,4,"10",1.46928397576045,0.99928498653578,2,1
"1118",30,4,"10",1.46928397576045,0.99928498653578,2,0
"1119",1,5,"10",-0.481496258330599,0.60222942807522,2,0
"1120",6,5,"10",-0.481496258330599,0.60222942807522,2,0
"1121",8,5,"10",-0.481496258330599,0.60222942807522,2,1
"1122",10,5,"10",-0.481496258330599,0.60222942807522,2,1
"1123",11,5,"10",-0.481496258330599,0.60222942807522,2,1
"1124",13,5,"10",-0.481496258330599,0.60222942807522,2,0
"1125",16,5,"10",-0.481496258330599,0.60222942807522,2,1
"1126",17,5,"10",-0.481496258330599,0.60222942807522,2,1
"1127",20,5,"10",-0.481496258330599,0.60222942807522,2,0
"1128",24,5,"10",-0.481496258330599,0.60222942807522,2,1
"1129",25,5,"10",-0.481496258330599,0.60222942807522,2,0
"1130",27,5,"10",-0.481496258330599,0.60222942807522,2,0
"1131",28,5,"10",-0.481496258330599,0.60222942807522,2,1
"1132",30,5,"10",-0.481496258330599,0.60222942807522,2,0
"1133",1,6,"10",-0.199395639242398,0.802519334254238,2,0
"1134",6,6,"10",-0.199395639242398,0.802519334254238,2,0
"1135",8,6,"10",-0.199395639242398,0.802519334254238,2,1
"1136",10,6,"10",-0.199395639242398,0.802519334254238,2,1
"1137",11,6,"10",-0.199395639242398,0.802519334254238,2,1
"1138",13,6,"10",-0.199395639242398,0.802519334254238,2,0
"1139",16,6,"10",-0.199395639242398,0.802519334254238,2,1
"1140",17,6,"10",-0.199395639242398,0.802519334254238,2,1
"1141",20,6,"10",-0.199395639242398,0.802519334254238,2,0
"1142",24,6,"10",-0.199395639242398,0.802519334254238,2,1
"1143",25,6,"10",-0.199395639242398,0.802519334254238,2,0
"1144",27,6,"10",-0.199395639242398,0.802519334254238,2,0
"1145",28,6,"10",-0.199395639242398,0.802519334254238,2,1
"1146",30,6,"10",-0.199395639242398,0.802519334254238,2,0
"1147",8,7,"10",0.749573184444262,0.991194254656519,3,1
"1148",10,7,"10",0.749573184444262,0.991194254656519,3,1
"1149",11,7,"10",0.749573184444262,0.991194254656519,3,1
"1150",16,7,"10",0.749573184444262,0.991194254656519,3,1
"1151",17,7,"10",0.749573184444262,0.991194254656519,3,0
"1152",24,7,"10",0.749573184444262,0.991194254656519,3,0
"1153",28,7,"10",0.749573184444262,0.991194254656519,3,1
"1154",8,8,"10",1.18018290067419,0.99803567461781,3,1
"1155",10,8,"10",1.18018290067419,0.99803567461781,3,1
"1156",11,8,"10",1.18018290067419,0.99803567461781,3,1
"1157",16,8,"10",1.18018290067419,0.99803567461781,3,1
"1158",17,8,"10",1.18018290067419,0.99803567461781,3,0
"1159",24,8,"10",1.18018290067419,0.99803567461781,3,0
"1160",28,8,"10",1.18018290067419,0.99803567461781,3,1
"1161",8,9,"10",-0.549495411786248,0.544076804877648,3,1
"1162",10,9,"10",-0.549495411786248,0.544076804877648,3,1
"1163",11,9,"10",-0.549495411786248,0.544076804877648,3,1
"1164",16,9,"10",-0.549495411786248,0.544076804877648,3,1
"1165",17,9,"10",-0.549495411786248,0.544076804877648,3,0
"1166",24,9,"10",-0.549495411786248,0.544076804877648,3,0
"1167",28,9,"10",-0.549495411786248,0.544076804877648,3,1
"1168",8,10,"10",-0.308743851563141,0.734855032118818,4,1
"1169",10,10,"10",-0.308743851563141,0.734855032118818,4,1
"1170",11,10,"10",-0.308743851563141,0.734855032118818,4,1
"1171",16,10,"10",-0.308743851563141,0.734855032118818,4,0
"1172",28,10,"10",-0.308743851563141,0.734855032118818,4,0
"1173",8,11,"10",0.632020894328022,0.986771607301438,4,1
"1174",10,11,"10",0.632020894328022,0.986771607301438,4,1
"1175",11,11,"10",0.632020894328022,0.986771607301438,4,1
"1176",16,11,"10",0.632020894328022,0.986771607301438,4,0
"1177",28,11,"10",0.632020894328022,0.986771607301438,4,0
"1178",8,12,"10",1.08259803655025,0.997238161746536,4,1
"1179",10,12,"10",1.08259803655025,0.997238161746536,4,1
"1180",11,12,"10",1.08259803655025,0.997238161746536,4,1
"1181",16,12,"10",1.08259803655025,0.997238161746536,4,0
"1182",28,12,"10",1.08259803655025,0.997238161746536,4,0
"1183",8,13,"10",-0.0744691442800504,0.86287276093412,5,0
"1184",10,13,"10",-0.0744691442800504,0.86287276093412,5,0
"1185",11,13,"10",-0.0744691442800504,0.86287276093412,5,0
"1186",8,14,"10",-1.14938754661649,0.127543377603048,5,0
"1187",10,14,"10",-1.14938754661649,0.127543377603048,5,0
"1188",11,14,"10",-1.14938754661649,0.127543377603048,5,0
"1189",8,15,"10",1.71302279770263,0.999695209111907,5,0
"1190",10,15,"10",1.71302279770263,0.999695209111907,5,0
"1191",11,15,"10",1.71302279770263,0.999695209111907,5,0
"1192",1,1,"11",0.671929333200848,0.988476229192288,1,1
"1193",2,1,"11",0.671929333200848,0.988476229192288,1,0
"1194",3,1,"11",0.671929333200848,0.988476229192288,1,0
"1195",4,1,"11",0.671929333200848,0.988476229192288,1,0
"1196",5,1,"11",0.671929333200848,0.988476229192288,1,0
"1197",6,1,"11",0.671929333200848,0.988476229192288,1,1
"1198",7,1,"11",0.671929333200848,0.988476229192288,1,0
"1199",8,1,"11",0.671929333200848,0.988476229192288,1,0
"1200",9,1,"11",0.671929333200848,0.988476229192288,1,0
"1201",10,1,"11",0.671929333200848,0.988476229192288,1,1
"1202",11,1,"11",0.671929333200848,0.988476229192288,1,0
"1203",12,1,"11",0.671929333200848,0.988476229192288,1,0
"1204",13,1,"11",0.671929333200848,0.988476229192288,1,0
"1205",14,1,"11",0.671929333200848,0.988476229192288,1,0
"1206",15,1,"11",0.671929333200848,0.988476229192288,1,0
"1207",16,1,"11",0.671929333200848,0.988476229192288,1,0
"1208",17,1,"11",0.671929333200848,0.988476229192288,1,0
"1209",18,1,"11",0.671929333200848,0.988476229192288,1,0
"1210",19,1,"11",0.671929333200848,0.988476229192288,1,0
"1211",20,1,"11",0.671929333200848,0.988476229192288,1,0
"1212",21,1,"11",0.671929333200848,0.988476229192288,1,0
"1213",22,1,"11",0.671929333200848,0.988476229192288,1,0
"1214",23,1,"11",0.671929333200848,0.988476229192288,1,0
"1215",24,1,"11",0.671929333200848,0.988476229192288,1,0
"1216",25,1,"11",0.671929333200848,0.988476229192288,1,1
"1217",26,1,"11",0.671929333200848,0.988476229192288,1,0
"1218",27,1,"11",0.671929333200848,0.988476229192288,1,0
"1219",28,1,"11",0.671929333200848,0.988476229192288,1,0
"1220",29,1,"11",0.671929333200848,0.988476229192288,1,1
"1221",30,1,"11",0.671929333200848,0.988476229192288,1,1
"1222",1,2,"11",-0.552063790751858,0.541846068586632,1,1
"1223",2,2,"11",-0.552063790751858,0.541846068586632,1,0
"1224",3,2,"11",-0.552063790751858,0.541846068586632,1,0
"1225",4,2,"11",-0.552063790751858,0.541846068586632,1,0
"1226",5,2,"11",-0.552063790751858,0.541846068586632,1,0
"1227",6,2,"11",-0.552063790751858,0.541846068586632,1,1
"1228",7,2,"11",-0.552063790751858,0.541846068586632,1,0
"1229",8,2,"11",-0.552063790751858,0.541846068586632,1,0
"1230",9,2,"11",-0.552063790751858,0.541846068586632,1,0
"1231",10,2,"11",-0.552063790751858,0.541846068586632,1,1
"1232",11,2,"11",-0.552063790751858,0.541846068586632,1,0
"1233",12,2,"11",-0.552063790751858,0.541846068586632,1,0
"1234",13,2,"11",-0.552063790751858,0.541846068586632,1,0
"1235",14,2,"11",-0.552063790751858,0.541846068586632,1,0
"1236",15,2,"11",-0.552063790751858,0.541846068586632,1,0
"1237",16,2,"11",-0.552063790751858,0.541846068586632,1,0
"1238",17,2,"11",-0.552063790751858,0.541846068586632,1,0
"1239",18,2,"11",-0.552063790751858,0.541846068586632,1,0
"1240",19,2,"11",-0.552063790751858,0.541846068586632,1,0
"1241",20,2,"11",-0.552063790751858,0.541846068586632,1,0
"1242",21,2,"11",-0.552063790751858,0.541846068586632,1,0
"1243",22,2,"11",-0.552063790751858,0.541846068586632,1,0
"1244",23,2,"11",-0.552063790751858,0.541846068586632,1,0
"1245",24,2,"11",-0.552063790751858,0.541846068586632,1,0
"1246",25,2,"11",-0.552063790751858,0.541846068586632,1,1
"1247",26,2,"11",-0.552063790751858,0.541846068586632,1,0
"1248",27,2,"11",-0.552063790751858,0.541846068586632,1,0
"1249",28,2,"11",-0.552063790751858,0.541846068586632,1,0
"1250",29,2,"11",-0.552063790751858,0.541846068586632,1,1
"1251",30,2,"11",-0.552063790751858,0.541846068586632,1,1
"1252",1,3,"11",-0.668085166056844,0.440705804394216,1,1
"1253",2,3,"11",-0.668085166056844,0.440705804394216,1,0
"1254",3,3,"11",-0.668085166056844,0.440705804394216,1,0
"1255",4,3,"11",-0.668085166056844,0.440705804394216,1,0
"1256",5,3,"11",-0.668085166056844,0.440705804394216,1,0
"1257",6,3,"11",-0.668085166056844,0.440705804394216,1,1
"1258",7,3,"11",-0.668085166056844,0.440705804394216,1,0
"1259",8,3,"11",-0.668085166056844,0.440705804394216,1,0
"1260",9,3,"11",-0.668085166056844,0.440705804394216,1,0
"1261",10,3,"11",-0.668085166056844,0.440705804394216,1,1
"1262",11,3,"11",-0.668085166056844,0.440705804394216,1,0
"1263",12,3,"11",-0.668085166056844,0.440705804394216,1,0
"1264",13,3,"11",-0.668085166056844,0.440705804394216,1,0
"1265",14,3,"11",-0.668085166056844,0.440705804394216,1,0
"1266",15,3,"11",-0.668085166056844,0.440705804394216,1,0
"1267",16,3,"11",-0.668085166056844,0.440705804394216,1,0
"1268",17,3,"11",-0.668085166056844,0.440705804394216,1,0
"1269",18,3,"11",-0.668085166056844,0.440705804394216,1,0
"1270",19,3,"11",-0.668085166056844,0.440705804394216,1,0
"1271",20,3,"11",-0.668085166056844,0.440705804394216,1,0
"1272",21,3,"11",-0.668085166056844,0.440705804394216,1,0
"1273",22,3,"11",-0.668085166056844,0.440705804394216,1,0
"1274",23,3,"11",-0.668085166056844,0.440705804394216,1,0
"1275",24,3,"11",-0.668085166056844,0.440705804394216,1,0
"1276",25,3,"11",-0.668085166056844,0.440705804394216,1,1
"1277",26,3,"11",-0.668085166056844,0.440705804394216,1,0
"1278",27,3,"11",-0.668085166056844,0.440705804394216,1,0
"1279",28,3,"11",-0.668085166056844,0.440705804394216,1,0
"1280",29,3,"11",-0.668085166056844,0.440705804394216,1,1
"1281",30,3,"11",-0.668085166056844,0.440705804394216,1,1
"1282",1,4,"11",-1.29545713918653,0.080609089034911,2,0
"1283",6,4,"11",-1.29545713918653,0.080609089034911,2,0
"1284",10,4,"11",-1.29545713918653,0.080609089034911,2,0
"1285",25,4,"11",-1.29545713918653,0.080609089034911,2,0
"1286",29,4,"11",-1.29545713918653,0.080609089034911,2,0
"1287",30,4,"11",-1.29545713918653,0.080609089034911,2,0
"1288",1,5,"11",-1.21596018725685,0.103784835601193,2,0
"1289",6,5,"11",-1.21596018725685,0.103784835601193,2,0
"1290",10,5,"11",-1.21596018725685,0.103784835601193,2,0
"1291",25,5,"11",-1.21596018725685,0.103784835601193,2,0
"1292",29,5,"11",-1.21596018725685,0.103784835601193,2,0
"1293",30,5,"11",-1.21596018725685,0.103784835601193,2,0
"1294",1,6,"11",-0.0356528518059243,0.878170155376172,2,0
"1295",6,6,"11",-0.0356528518059243,0.878170155376172,2,0
"1296",10,6,"11",-0.0356528518059243,0.878170155376172,2,0
"1297",25,6,"11",-0.0356528518059243,0.878170155376172,2,0
"1298",29,6,"11",-0.0356528518059243,0.878170155376172,2,0
"1299",30,6,"11",-0.0356528518059243,0.878170155376172,2,0
"1300",1,1,"12",-1.07746675795989,0.158273092012246,1,0
"1301",2,1,"12",-1.07746675795989,0.158273092012246,1,0
"1302",3,1,"12",-1.07746675795989,0.158273092012246,1,1
"1303",4,1,"12",-1.07746675795989,0.158273092012246,1,0
"1304",5,1,"12",-1.07746675795989,0.158273092012246,1,0
"1305",6,1,"12",-1.07746675795989,0.158273092012246,1,0
"1306",7,1,"12",-1.07746675795989,0.158273092012246,1,0
"1307",8,1,"12",-1.07746675795989,0.158273092012246,1,0
"1308",9,1,"12",-1.07746675795989,0.158273092012246,1,0
"1309",10,1,"12",-1.07746675795989,0.158273092012246,1,0
"1310",11,1,"12",-1.07746675795989,0.158273092012246,1,0
"1311",12,1,"12",-1.07746675795989,0.158273092012246,1,1
"1312",13,1,"12",-1.07746675795989,0.158273092012246,1,0
"1313",14,1,"12",-1.07746675795989,0.158273092012246,1,0
"1314",15,1,"12",-1.07746675795989,0.158273092012246,1,0
"1315",16,1,"12",-1.07746675795989,0.158273092012246,1,0
"1316",17,1,"12",-1.07746675795989,0.158273092012246,1,0
"1317",18,1,"12",-1.07746675795989,0.158273092012246,1,0
"1318",19,1,"12",-1.07746675795989,0.158273092012246,1,1
"1319",20,1,"12",-1.07746675795989,0.158273092012246,1,0
"1320",21,1,"12",-1.07746675795989,0.158273092012246,1,0
"1321",22,1,"12",-1.07746675795989,0.158273092012246,1,0
"1322",23,1,"12",-1.07746675795989,0.158273092012246,1,0
"1323",24,1,"12",-1.07746675795989,0.158273092012246,1,0
"1324",25,1,"12",-1.07746675795989,0.158273092012246,1,0
"1325",26,1,"12",-1.07746675795989,0.158273092012246,1,0
"1326",27,1,"12",-1.07746675795989,0.158273092012246,1,0
"1327",28,1,"12",-1.07746675795989,0.158273092012246,1,0
"1328",29,1,"12",-1.07746675795989,0.158273092012246,1,0
"1329",30,1,"12",-1.07746675795989,0.158273092012246,1,0
"1330",1,2,"12",0.460171671903863,0.97612131954109,1,0
"1331",2,2,"12",0.460171671903863,0.97612131954109,1,0
"1332",3,2,"12",0.460171671903863,0.97612131954109,1,1
"1333",4,2,"12",0.460171671903863,0.97612131954109,1,0
"1334",5,2,"12",0.460171671903863,0.97612131954109,1,0
"1335",6,2,"12",0.460171671903863,0.97612131954109,1,0
"1336",7,2,"12",0.460171671903863,0.97612131954109,1,0
"1337",8,2,"12",0.460171671903863,0.97612131954109,1,0
"1338",9,2,"12",0.460171671903863,0.97612131954109,1,0
"1339",10,2,"12",0.460171671903863,0.97612131954109,1,0
"1340",11,2,"12",0.460171671903863,0.97612131954109,1,0
"1341",12,2,"12",0.460171671903863,0.97612131954109,1,1
"1342",13,2,"12",0.460171671903863,0.97612131954109,1,0
"1343",14,2,"12",0.460171671903863,0.97612131954109,1,0
"1344",15,2,"12",0.460171671903863,0.97612131954109,1,0
"1345",16,2,"12",0.460171671903863,0.97612131954109,1,0
"1346",17,2,"12",0.460171671903863,0.97612131954109,1,0
"1347",18,2,"12",0.460171671903863,0.97612131954109,1,0
"1348",19,2,"12",0.460171671903863,0.97612131954109,1,1
"1349",20,2,"12",0.460171671903863,0.97612131954109,1,0
"1350",21,2,"12",0.460171671903863,0.97612131954109,1,0
"1351",22,2,"12",0.460171671903863,0.97612131954109,1,0
"1352",23,2,"12",0.460171671903863,0.97612131954109,1,0
"1353",24,2,"12",0.460171671903863,0.97612131954109,1,0
"1354",25,2,"12",0.460171671903863,0.97612131954109,1,0
"1355",26,2,"12",0.460171671903863,0.97612131954109,1,0
"1356",27,2,"12",0.460171671903863,0.97612131954109,1,0
"1357",28,2,"12",0.460171671903863,0.97612131954109,1,0
"1358",29,2,"12",0.460171671903863,0.97612131954109,1,0
"1359",30,2,"12",0.460171671903863,0.97612131954109,1,0
"1360",1,3,"12",-1.07527882929832,0.159295950018156,1,0
"1361",2,3,"12",-1.07527882929832,0.159295950018156,1,0
"1362",3,3,"12",-1.07527882929832,0.159295950018156,1,1
"1363",4,3,"12",-1.07527882929832,0.159295950018156,1,0
"1364",5,3,"12",-1.07527882929832,0.159295950018156,1,0
"1365",6,3,"12",-1.07527882929832,0.159295950018156,1,0
"1366",7,3,"12",-1.07527882929832,0.159295950018156,1,0
"1367",8,3,"12",-1.07527882929832,0.159295950018156,1,0
"1368",9,3,"12",-1.07527882929832,0.159295950018156,1,0
"1369",10,3,"12",-1.07527882929832,0.159295950018156,1,0
"1370",11,3,"12",-1.07527882929832,0.159295950018156,1,0
"1371",12,3,"12",-1.07527882929832,0.159295950018156,1,1
"1372",13,3,"12",-1.07527882929832,0.159295950018156,1,0
"1373",14,3,"12",-1.07527882929832,0.159295950018156,1,0
"1374",15,3,"12",-1.07527882929832,0.159295950018156,1,0
"1375",16,3,"12",-1.07527882929832,0.159295950018156,1,0
"1376",17,3,"12",-1.07527882929832,0.159295950018156,1,0
"1377",18,3,"12",-1.07527882929832,0.159295950018156,1,0
"1378",19,3,"12",-1.07527882929832,0.159295950018156,1,1
"1379",20,3,"12",-1.07527882929832,0.159295950018156,1,0
"1380",21,3,"12",-1.07527882929832,0.159295950018156,1,0
"1381",22,3,"12",-1.07527882929832,0.159295950018156,1,0
"1382",23,3,"12",-1.07527882929832,0.159295950018156,1,0
"1383",24,3,"12",-1.07527882929832,0.159295950018156,1,0
"1384",25,3,"12",-1.07527882929832,0.159295950018156,1,0
"1385",26,3,"12",-1.07527882929832,0.159295950018156,1,0
"1386",27,3,"12",-1.07527882929832,0.159295950018156,1,0
"1387",28,3,"12",-1.07527882929832,0.159295950018156,1,0
"1388",29,3,"12",-1.07527882929832,0.159295950018156,1,0
"1389",30,3,"12",-1.07527882929832,0.159295950018156,1,0
"1390",3,4,"12",0.503687638411098,0.979425359023657,2,1
"1391",12,4,"12",0.503687638411098,0.979425359023657,2,0
"1392",19,4,"12",0.503687638411098,0.979425359023657,2,0
"1393",3,5,"12",-0.821664781543025,0.315220016328579,2,1
"1394",12,5,"12",-0.821664781543025,0.315220016328579,2,0
"1395",19,5,"12",-0.821664781543025,0.315220016328579,2,0
"1396",3,6,"12",0.210212015955535,0.944576974748956,2,1
"1397",12,6,"12",0.210212015955535,0.944576974748956,2,0
"1398",19,6,"12",0.210212015955535,0.944576974748956,2,0
"1399",3,7,"12",-0.195965450009113,0.804415108141463,3,0
"1400",3,8,"12",-1.15815719140938,0.124166763997181,3,0
"1401",3,9,"12",0.138555216987505,0.929886244509241,3,0
"1402",1,1,"13",-0.410850037636414,0.659715100229786,1,1
"1403",2,1,"13",-0.410850037636414,0.659715100229786,1,1
"1404",3,1,"13",-0.410850037636414,0.659715100229786,1,1
"1405",4,1,"13",-0.410850037636414,0.659715100229786,1,0
"1406",5,1,"13",-0.410850037636414,0.659715100229786,1,0
"1407",6,1,"13",-0.410850037636414,0.659715100229786,1,0
"1408",7,1,"13",-0.410850037636414,0.659715100229786,1,0
"1409",8,1,"13",-0.410850037636414,0.659715100229786,1,1
"1410",9,1,"13",-0.410850037636414,0.659715100229786,1,1
"1411",10,1,"13",-0.410850037636414,0.659715100229786,1,0
"1412",11,1,"13",-0.410850037636414,0.659715100229786,1,1
"1413",12,1,"13",-0.410850037636414,0.659715100229786,1,1
"1414",13,1,"13",-0.410850037636414,0.659715100229786,1,1
"1415",14,1,"13",-0.410850037636414,0.659715100229786,1,1
"1416",15,1,"13",-0.410850037636414,0.659715100229786,1,0
"1417",16,1,"13",-0.410850037636414,0.659715100229786,1,1
"1418",17,1,"13",-0.410850037636414,0.659715100229786,1,1
"1419",18,1,"13",-0.410850037636414,0.659715100229786,1,0
"1420",19,1,"13",-0.410850037636414,0.659715100229786,1,1
"1421",20,1,"13",-0.410850037636414,0.659715100229786,1,0
"1422",21,1,"13",-0.410850037636414,0.659715100229786,1,1
"1423",22,1,"13",-0.410850037636414,0.659715100229786,1,1
"1424",23,1,"13",-0.410850037636414,0.659715100229786,1,0
"1425",24,1,"13",-0.410850037636414,0.659715100229786,1,1
"1426",25,1,"13",-0.410850037636414,0.659715100229786,1,0
"1427",26,1,"13",-0.410850037636414,0.659715100229786,1,0
"1428",27,1,"13",-0.410850037636414,0.659715100229786,1,1
"1429",28,1,"13",-0.410850037636414,0.659715100229786,1,1
"1430",29,1,"13",-0.410850037636414,0.659715100229786,1,1
"1431",30,1,"13",-0.410850037636414,0.659715100229786,1,1
"1432",1,2,"13",0.346309416376435,0.964841009070807,1,1
"1433",2,2,"13",0.346309416376435,0.964841009070807,1,1
"1434",3,2,"13",0.346309416376435,0.964841009070807,1,1
"1435",4,2,"13",0.346309416376435,0.964841009070807,1,0
"1436",5,2,"13",0.346309416376435,0.964841009070807,1,0
"1437",6,2,"13",0.346309416376435,0.964841009070807,1,0
"1438",7,2,"13",0.346309416376435,0.964841009070807,1,0
"1439",8,2,"13",0.346309416376435,0.964841009070807,1,1
"1440",9,2,"13",0.346309416376435,0.964841009070807,1,1
"1441",10,2,"13",0.346309416376435,0.964841009070807,1,0
"1442",11,2,"13",0.346309416376435,0.964841009070807,1,1
"1443",12,2,"13",0.346309416376435,0.964841009070807,1,1
"1444",13,2,"13",0.346309416376435,0.964841009070807,1,1
"1445",14,2,"13",0.346309416376435,0.964841009070807,1,1
"1446",15,2,"13",0.346309416376435,0.964841009070807,1,0
"1447",16,2,"13",0.346309416376435,0.964841009070807,1,1
"1448",17,2,"13",0.346309416376435,0.964841009070807,1,1
"1449",18,2,"13",0.346309416376435,0.964841009070807,1,0
"1450",19,2,"13",0.346309416376435,0.964841009070807,1,1
"1451",20,2,"13",0.346309416376435,0.964841009070807,1,0
"1452",21,2,"13",0.346309416376435,0.964841009070807,1,1
"1453",22,2,"13",0.346309416376435,0.964841009070807,1,1
"1454",23,2,"13",0.346309416376435,0.964841009070807,1,0
"1455",24,2,"13",0.346309416376435,0.964841009070807,1,1
"1456",25,2,"13",0.346309416376435,0.964841009070807,1,0
"1457",26,2,"13",0.346309416376435,0.964841009070807,1,0
"1458",27,2,"13",0.346309416376435,0.964841009070807,1,1
"1459",28,2,"13",0.346309416376435,0.964841009070807,1,1
"1460",29,2,"13",0.346309416376435,0.964841009070807,1,1
"1461",30,2,"13",0.346309416376435,0.964841009070807,1,1
"1462",1,3,"13",0.501299130287074,0.979256221510977,1,1
"1463",2,3,"13",0.501299130287074,0.979256221510977,1,1
"1464",3,3,"13",0.501299130287074,0.979256221510977,1,1
"1465",4,3,"13",0.501299130287074,0.979256221510977,1,0
"1466",5,3,"13",0.501299130287074,0.979256221510977,1,0
"1467",6,3,"13",0.501299130287074,0.979256221510977,1,0
"1468",7,3,"13",0.501299130287074,0.979256221510977,1,0
"1469",8,3,"13",0.501299130287074,0.979256221510977,1,1
"1470",9,3,"13",0.501299130287074,0.979256221510977,1,1
"1471",10,3,"13",0.501299130287074,0.979256221510977,1,0
"1472",11,3,"13",0.501299130287074,0.979256221510977,1,1
"1473",12,3,"13",0.501299130287074,0.979256221510977,1,1
"1474",13,3,"13",0.501299130287074,0.979256221510977,1,1
"1475",14,3,"13",0.501299130287074,0.979256221510977,1,1
"1476",15,3,"13",0.501299130287074,0.979256221510977,1,0
"1477",16,3,"13",0.501299130287074,0.979256221510977,1,1
"1478",17,3,"13",0.501299130287074,0.979256221510977,1,1
"1479",18,3,"13",0.501299130287074,0.979256221510977,1,0
"1480",19,3,"13",0.501299130287074,0.979256221510977,1,1
"1481",20,3,"13",0.501299130287074,0.979256221510977,1,0
"1482",21,3,"13",0.501299130287074,0.979256221510977,1,1
"1483",22,3,"13",0.501299130287074,0.979256221510977,1,1
"1484",23,3,"13",0.501299130287074,0.979256221510977,1,0
"1485",24,3,"13",0.501299130287074,0.979256221510977,1,1
"1486",25,3,"13",0.501299130287074,0.979256221510977,1,0
"1487",26,3,"13",0.501299130287074,0.979256221510977,1,0
"1488",27,3,"13",0.501299130287074,0.979256221510977,1,1
"1489",28,3,"13",0.501299130287074,0.979256221510977,1,1
"1490",29,3,"13",0.501299130287074,0.979256221510977,1,1
"1491",30,3,"13",0.501299130287074,0.979256221510977,1,1
"1492",1,4,"13",0.0169134392492051,0.89652508313176,2,1
"1493",2,4,"13",0.0169134392492051,0.89652508313176,2,1
"1494",3,4,"13",0.0169134392492051,0.89652508313176,2,1
"1495",8,4,"13",0.0169134392492051,0.89652508313176,2,1
"1496",9,4,"13",0.0169134392492051,0.89652508313176,2,1
"1497",11,4,"13",0.0169134392492051,0.89652508313176,2,1
"1498",12,4,"13",0.0169134392492051,0.89652508313176,2,1
"1499",13,4,"13",0.0169134392492051,0.89652508313176,2,1
"1500",14,4,"13",0.0169134392492051,0.89652508313176,2,1
"1501",16,4,"13",0.0169134392492051,0.89652508313176,2,1
"1502",17,4,"13",0.0169134392492051,0.89652508313176,2,1
"1503",19,4,"13",0.0169134392492051,0.89652508313176,2,0
"1504",21,4,"13",0.0169134392492051,0.89652508313176,2,0
"1505",22,4,"13",0.0169134392492051,0.89652508313176,2,1
"1506",24,4,"13",0.0169134392492051,0.89652508313176,2,1
"1507",27,4,"13",0.0169134392492051,0.89652508313176,2,1
"1508",28,4,"13",0.0169134392492051,0.89652508313176,2,1
"1509",29,4,"13",0.0169134392492051,0.89652508313176,2,0
"1510",30,4,"13",0.0169134392492051,0.89652508313176,2,1
"1511",1,5,"13",1.289207036386,0.998657964200404,2,1
"1512",2,5,"13",1.289207036386,0.998657964200404,2,1
"1513",3,5,"13",1.289207036386,0.998657964200404,2,1
"1514",8,5,"13",1.289207036386,0.998657964200404,2,1
"1515",9,5,"13",1.289207036386,0.998657964200404,2,1
"1516",11,5,"13",1.289207036386,0.998657964200404,2,1
"1517",12,5,"13",1.289207036386,0.998657964200404,2,1
"1518",13,5,"13",1.289207036386,0.998657964200404,2,1
"1519",14,5,"13",1.289207036386,0.998657964200404,2,1
"1520",16,5,"13",1.289207036386,0.998657964200404,2,1
"1521",17,5,"13",1.289207036386,0.998657964200404,2,1
"1522",19,5,"13",1.289207036386,0.998657964200404,2,0
"1523",21,5,"13",1.289207036386,0.998657964200404,2,0
"1524",22,5,"13",1.289207036386,0.998657964200404,2,1
"1525",24,5,"13",1.289207036386,0.998657964200404,2,1
"1526",27,5,"13",1.289207036386,0.998657964200404,2,1
"1527",28,5,"13",1.289207036386,0.998657964200404,2,1
"1528",29,5,"13",1.289207036386,0.998657964200404,2,0
"1529",30,5,"13",1.289207036386,0.998657964200404,2,1
"1530",1,6,"13",-0.0657364086234596,0.866449317895434,2,1
"1531",2,6,"13",-0.0657364086234596,0.866449317895434,2,1
"1532",3,6,"13",-0.0657364086234596,0.866449317895434,2,1
"1533",8,6,"13",-0.0657364086234596,0.866449317895434,2,1
"1534",9,6,"13",-0.0657364086234596,0.866449317895434,2,1
"1535",11,6,"13",-0.0657364086234596,0.866449317895434,2,1
"1536",12,6,"13",-0.0657364086234596,0.866449317895434,2,1
"1537",13,6,"13",-0.0657364086234596,0.866449317895434,2,1
"1538",14,6,"13",-0.0657364086234596,0.866449317895434,2,1
"1539",16,6,"13",-0.0657364086234596,0.866449317895434,2,1
"1540",17,6,"13",-0.0657364086234596,0.866449317895434,2,1
"1541",19,6,"13",-0.0657364086234596,0.866449317895434,2,0
"1542",21,6,"13",-0.0657364086234596,0.866449317895434,2,0
"1543",22,6,"13",-0.0657364086234596,0.866449317895434,2,1
"1544",24,6,"13",-0.0657364086234596,0.866449317895434,2,1
"1545",27,6,"13",-0.0657364086234596,0.866449317895434,2,1
"1546",28,6,"13",-0.0657364086234596,0.866449317895434,2,1
"1547",29,6,"13",-0.0657364086234596,0.866449317895434,2,0
"1548",30,6,"13",-0.0657364086234596,0.866449317895434,2,1
"1549",1,7,"13",-0.686754078850412,0.424668073864983,3,0
"1550",2,7,"13",-0.686754078850412,0.424668073864983,3,0
"1551",3,7,"13",-0.686754078850412,0.424668073864983,3,0
"1552",8,7,"13",-0.686754078850412,0.424668073864983,3,0
"1553",9,7,"13",-0.686754078850412,0.424668073864983,3,0
"1554",11,7,"13",-0.686754078850412,0.424668073864983,3,0
"1555",12,7,"13",-0.686754078850412,0.424668073864983,3,0
"1556",13,7,"13",-0.686754078850412,0.424668073864983,3,0
"1557",14,7,"13",-0.686754078850412,0.424668073864983,3,0
"1558",16,7,"13",-0.686754078850412,0.424668073864983,3,0
"1559",17,7,"13",-0.686754078850412,0.424668073864983,3,0
"1560",22,7,"13",-0.686754078850412,0.424668073864983,3,0
"1561",24,7,"13",-0.686754078850412,0.424668073864983,3,0
"1562",27,7,"13",-0.686754078850412,0.424668073864983,3,0
"1563",28,7,"13",-0.686754078850412,0.424668073864983,3,0
"1564",30,7,"13",-0.686754078850412,0.424668073864983,3,0
"1565",1,8,"13",0.524638791833831,0.980852234037326,3,0
"1566",2,8,"13",0.524638791833831,0.980852234037326,3,0
"1567",3,8,"13",0.524638791833831,0.980852234037326,3,0
"1568",8,8,"13",0.524638791833831,0.980852234037326,3,0
"1569",9,8,"13",0.524638791833831,0.980852234037326,3,0
"1570",11,8,"13",0.524638791833831,0.980852234037326,3,0
"1571",12,8,"13",0.524638791833831,0.980852234037326,3,0
"1572",13,8,"13",0.524638791833831,0.980852234037326,3,0
"1573",14,8,"13",0.524638791833831,0.980852234037326,3,0
"1574",16,8,"13",0.524638791833831,0.980852234037326,3,0
"1575",17,8,"13",0.524638791833831,0.980852234037326,3,0
"1576",22,8,"13",0.524638791833831,0.980852234037326,3,0
"1577",24,8,"13",0.524638791833831,0.980852234037326,3,0
"1578",27,8,"13",0.524638791833831,0.980852234037326,3,0
"1579",28,8,"13",0.524638791833831,0.980852234037326,3,0
"1580",30,8,"13",0.524638791833831,0.980852234037326,3,0
"1581",1,9,"13",-2.15641882548782,0.00428873335211612,3,0
"1582",2,9,"13",-2.15641882548782,0.00428873335211612,3,0
"1583",3,9,"13",-2.15641882548782,0.00428873335211612,3,0
"1584",8,9,"13",-2.15641882548782,0.00428873335211612,3,0
"1585",9,9,"13",-2.15641882548782,0.00428873335211612,3,0
"1586",11,9,"13",-2.15641882548782,0.00428873335211612,3,0
"1587",12,9,"13",-2.15641882548782,0.00428873335211612,3,0
"1588",13,9,"13",-2.15641882548782,0.00428873335211612,3,0
"1589",14,9,"13",-2.15641882548782,0.00428873335211612,3,0
"1590",16,9,"13",-2.15641882548782,0.00428873335211612,3,0
"1591",17,9,"13",-2.15641882548782,0.00428873335211612,3,0
"1592",22,9,"13",-2.15641882548782,0.00428873335211612,3,0
"1593",24,9,"13",-2.15641882548782,0.00428873335211612,3,0
"1594",27,9,"13",-2.15641882548782,0.00428873335211612,3,0
"1595",28,9,"13",-2.15641882548782,0.00428873335211612,3,0
"1596",30,9,"13",-2.15641882548782,0.00428873335211612,3,0
"1597",1,1,"14",0.812648663704256,0.992926282878213,1,1
"1598",2,1,"14",0.812648663704256,0.992926282878213,1,0
"1599",3,1,"14",0.812648663704256,0.992926282878213,1,1
"1600",4,1,"14",0.812648663704256,0.992926282878213,1,1
"1601",5,1,"14",0.812648663704256,0.992926282878213,1,1
"1602",6,1,"14",0.812648663704256,0.992926282878213,1,1
"1603",7,1,"14",0.812648663704256,0.992926282878213,1,1
"1604",8,1,"14",0.812648663704256,0.992926282878213,1,0
"1605",9,1,"14",0.812648663704256,0.992926282878213,1,1
"1606",10,1,"14",0.812648663704256,0.992926282878213,1,1
"1607",11,1,"14",0.812648663704256,0.992926282878213,1,1
"1608",12,1,"14",0.812648663704256,0.992926282878213,1,0
"1609",13,1,"14",0.812648663704256,0.992926282878213,1,1
"1610",14,1,"14",0.812648663704256,0.992926282878213,1,1
"1611",15,1,"14",0.812648663704256,0.992926282878213,1,1
"1612",16,1,"14",0.812648663704256,0.992926282878213,1,0
"1613",17,1,"14",0.812648663704256,0.992926282878213,1,1
"1614",18,1,"14",0.812648663704256,0.992926282878213,1,1
"1615",19,1,"14",0.812648663704256,0.992926282878213,1,1
"1616",20,1,"14",0.812648663704256,0.992926282878213,1,1
"1617",21,1,"14",0.812648663704256,0.992926282878213,1,0
"1618",22,1,"14",0.812648663704256,0.992926282878213,1,1
"1619",23,1,"14",0.812648663704256,0.992926282878213,1,1
"1620",24,1,"14",0.812648663704256,0.992926282878213,1,1
"1621",25,1,"14",0.812648663704256,0.992926282878213,1,0
"1622",26,1,"14",0.812648663704256,0.992926282878213,1,1
"1623",27,1,"14",0.812648663704256,0.992926282878213,1,1
"1624",28,1,"14",0.812648663704256,0.992926282878213,1,0
"1625",29,1,"14",0.812648663704256,0.992926282878213,1,1
"1626",30,1,"14",0.812648663704256,0.992926282878213,1,1
"1627",1,2,"14",-0.151949396319924,0.827523586000626,1,1
"1628",2,2,"14",-0.151949396319924,0.827523586000626,1,0
"1629",3,2,"14",-0.151949396319924,0.827523586000626,1,1
"1630",4,2,"14",-0.151949396319924,0.827523586000626,1,1
"1631",5,2,"14",-0.151949396319924,0.827523586000626,1,1
"1632",6,2,"14",-0.151949396319924,0.827523586000626,1,1
"1633",7,2,"14",-0.151949396319924,0.827523586000626,1,1
"1634",8,2,"14",-0.151949396319924,0.827523586000626,1,0
"1635",9,2,"14",-0.151949396319924,0.827523586000626,1,1
"1636",10,2,"14",-0.151949396319924,0.827523586000626,1,1
"1637",11,2,"14",-0.151949396319924,0.827523586000626,1,1
"1638",12,2,"14",-0.151949396319924,0.827523586000626,1,0
"1639",13,2,"14",-0.151949396319924,0.827523586000626,1,1
"1640",14,2,"14",-0.151949396319924,0.827523586000626,1,1
"1641",15,2,"14",-0.151949396319924,0.827523586000626,1,1
"1642",16,2,"14",-0.151949396319924,0.827523586000626,1,0
"1643",17,2,"14",-0.151949396319924,0.827523586000626,1,1
"1644",18,2,"14",-0.151949396319924,0.827523586000626,1,1
"1645",19,2,"14",-0.151949396319924,0.827523586000626,1,1
"1646",20,2,"14",-0.151949396319924,0.827523586000626,1,1
"1647",21,2,"14",-0.151949396319924,0.827523586000626,1,0
"1648",22,2,"14",-0.151949396319924,0.827523586000626,1,1
"1649",23,2,"14",-0.151949396319924,0.827523586000626,1,1
"1650",24,2,"14",-0.151949396319924,0.827523586000626,1,1
"1651",25,2,"14",-0.151949396319924,0.827523586000626,1,0
"1652",26,2,"14",-0.151949396319924,0.827523586000626,1,1
"1653",27,2,"14",-0.151949396319924,0.827523586000626,1,1
"1654",28,2,"14",-0.151949396319924,0.827523586000626,1,0
"1655",29,2,"14",-0.151949396319924,0.827523586000626,1,1
"1656",30,2,"14",-0.151949396319924,0.827523586000626,1,1
"1657",1,3,"14",0.426543447584535,0.973218625030124,1,1
"1658",2,3,"14",0.426543447584535,0.973218625030124,1,0
"1659",3,3,"14",0.426543447584535,0.973218625030124,1,1
"1660",4,3,"14",0.426543447584535,0.973218625030124,1,1
"1661",5,3,"14",0.426543447584535,0.973218625030124,1,1
"1662",6,3,"14",0.426543447584535,0.973218625030124,1,1
"1663",7,3,"14",0.426543447584535,0.973218625030124,1,1
"1664",8,3,"14",0.426543447584535,0.973218625030124,1,0
"1665",9,3,"14",0.426543447584535,0.973218625030124,1,1
"1666",10,3,"14",0.426543447584535,0.973218625030124,1,1
"1667",11,3,"14",0.426543447584535,0.973218625030124,1,1
"1668",12,3,"14",0.426543447584535,0.973218625030124,1,0
"1669",13,3,"14",0.426543447584535,0.973218625030124,1,1
"1670",14,3,"14",0.426543447584535,0.973218625030124,1,1
"1671",15,3,"14",0.426543447584535,0.973218625030124,1,1
"1672",16,3,"14",0.426543447584535,0.973218625030124,1,0
"1673",17,3,"14",0.426543447584535,0.973218625030124,1,1
"1674",18,3,"14",0.426543447584535,0.973218625030124,1,1
"1675",19,3,"14",0.426543447584535,0.973218625030124,1,1
"1676",20,3,"14",0.426543447584535,0.973218625030124,1,1
"1677",21,3,"14",0.426543447584535,0.973218625030124,1,0
"1678",22,3,"14",0.426543447584535,0.973218625030124,1,1
"1679",23,3,"14",0.426543447584535,0.973218625030124,1,1
"1680",24,3,"14",0.426543447584535,0.973218625030124,1,1
"1681",25,3,"14",0.426543447584535,0.973218625030124,1,0
"1682",26,3,"14",0.426543447584535,0.973218625030124,1,1
"1683",27,3,"14",0.426543447584535,0.973218625030124,1,1
"1684",28,3,"14",0.426543447584535,0.973218625030124,1,0
"1685",29,3,"14",0.426543447584535,0.973218625030124,1,1
"1686",30,3,"14",0.426543447584535,0.973218625030124,1,1
"1687",1,4,"14",0.339148204093267,0.963980781477449,2,1
"1688",3,4,"14",0.339148204093267,0.963980781477449,2,0
"1689",4,4,"14",0.339148204093267,0.963980781477449,2,0
"1690",5,4,"14",0.339148204093267,0.963980781477449,2,1
"1691",6,4,"14",0.339148204093267,0.963980781477449,2,0
"1692",7,4,"14",0.339148204093267,0.963980781477449,2,0
"1693",9,4,"14",0.339148204093267,0.963980781477449,2,0
"1694",10,4,"14",0.339148204093267,0.963980781477449,2,0
"1695",11,4,"14",0.339148204093267,0.963980781477449,2,0
"1696",13,4,"14",0.339148204093267,0.963980781477449,2,0
"1697",14,4,"14",0.339148204093267,0.963980781477449,2,1
"1698",15,4,"14",0.339148204093267,0.963980781477449,2,0
"1699",17,4,"14",0.339148204093267,0.963980781477449,2,0
"1700",18,4,"14",0.339148204093267,0.963980781477449,2,1
"1701",19,4,"14",0.339148204093267,0.963980781477449,2,0
"1702",20,4,"14",0.339148204093267,0.963980781477449,2,1
"1703",22,4,"14",0.339148204093267,0.963980781477449,2,0
"1704",23,4,"14",0.339148204093267,0.963980781477449,2,0
"1705",24,4,"14",0.339148204093267,0.963980781477449,2,1
"1706",26,4,"14",0.339148204093267,0.963980781477449,2,1
"1707",27,4,"14",0.339148204093267,0.963980781477449,2,0
"1708",29,4,"14",0.339148204093267,0.963980781477449,2,0
"1709",30,4,"14",0.339148204093267,0.963980781477449,2,0
"1710",1,5,"14",-0.732627460435473,0.385990862862431,2,1
"1711",3,5,"14",-0.732627460435473,0.385990862862431,2,0
"1712",4,5,"14",-0.732627460435473,0.385990862862431,2,0
"1713",5,5,"14",-0.732627460435473,0.385990862862431,2,1
"1714",6,5,"14",-0.732627460435473,0.385990862862431,2,0
"1715",7,5,"14",-0.732627460435473,0.385990862862431,2,0
"1716",9,5,"14",-0.732627460435473,0.385990862862431,2,0
"1717",10,5,"14",-0.732627460435473,0.385990862862431,2,0
"1718",11,5,"14",-0.732627460435473,0.385990862862431,2,0
"1719",13,5,"14",-0.732627460435473,0.385990862862431,2,0
"1720",14,5,"14",-0.732627460435473,0.385990862862431,2,1
"1721",15,5,"14",-0.732627460435473,0.385990862862431,2,0
"1722",17,5,"14",-0.732627460435473,0.385990862862431,2,0
"1723",18,5,"14",-0.732627460435473,0.385990862862431,2,1
"1724",19,5,"14",-0.732627460435473,0.385990862862431,2,0
"1725",20,5,"14",-0.732627460435473,0.385990862862431,2,1
"1726",22,5,"14",-0.732627460435473,0.385990862862431,2,0
"1727",23,5,"14",-0.732627460435473,0.385990862862431,2,0
"1728",24,5,"14",-0.732627460435473,0.385990862862431,2,1
"1729",26,5,"14",-0.732627460435473,0.385990862862431,2,1
"1730",27,5,"14",-0.732627460435473,0.385990862862431,2,0
"1731",29,5,"14",-0.732627460435473,0.385990862862431,2,0
"1732",30,5,"14",-0.732627460435473,0.385990862862431,2,0
"1733",1,6,"14",-0.291821373570029,0.746233725627079,2,1
"1734",3,6,"14",-0.291821373570029,0.746233725627079,2,0
"1735",4,6,"14",-0.291821373570029,0.746233725627079,2,0
"1736",5,6,"14",-0.291821373570029,0.746233725627079,2,1
"1737",6,6,"14",-0.291821373570029,0.746233725627079,2,0
"1738",7,6,"14",-0.291821373570029,0.746233725627079,2,0
"1739",9,6,"14",-0.291821373570029,0.746233725627079,2,0
"1740",10,6,"14",-0.291821373570029,0.746233725627079,2,0
"1741",11,6,"14",-0.291821373570029,0.746233725627079,2,0
"1742",13,6,"14",-0.291821373570029,0.746233725627079,2,0
"1743",14,6,"14",-0.291821373570029,0.746233725627079,2,1
"1744",15,6,"14",-0.291821373570029,0.746233725627079,2,0
"1745",17,6,"14",-0.291821373570029,0.746233725627079,2,0
"1746",18,6,"14",-0.291821373570029,0.746233725627079,2,1
"1747",19,6,"14",-0.291821373570029,0.746233725627079,2,0
"1748",20,6,"14",-0.291821373570029,0.746233725627079,2,1
"1749",22,6,"14",-0.291821373570029,0.746233725627079,2,0
"1750",23,6,"14",-0.291821373570029,0.746233725627079,2,0
"1751",24,6,"14",-0.291821373570029,0.746233725627079,2,1
"1752",26,6,"14",-0.291821373570029,0.746233725627079,2,1
"1753",27,6,"14",-0.291821373570029,0.746233725627079,2,0
"1754",29,6,"14",-0.291821373570029,0.746233725627079,2,0
"1755",30,6,"14",-0.291821373570029,0.746233725627079,2,0
"1756",1,7,"14",-0.142493660892556,0.832196115700285,3,0
"1757",5,7,"14",-0.142493660892556,0.832196115700285,3,0
"1758",14,7,"14",-0.142493660892556,0.832196115700285,3,0
"1759",18,7,"14",-0.142493660892556,0.832196115700285,3,0
"1760",20,7,"14",-0.142493660892556,0.832196115700285,3,0
"1761",24,7,"14",-0.142493660892556,0.832196115700285,3,0
"1762",26,7,"14",-0.142493660892556,0.832196115700285,3,0
"1763",1,8,"14",1.29815044718458,0.998699268062058,3,0
"1764",5,8,"14",1.29815044718458,0.998699268062058,3,0
"1765",14,8,"14",1.29815044718458,0.998699268062058,3,0
"1766",18,8,"14",1.29815044718458,0.998699268062058,3,0
"1767",20,8,"14",1.29815044718458,0.998699268062058,3,0
"1768",24,8,"14",1.29815044718458,0.998699268062058,3,0
"1769",26,8,"14",1.29815044718458,0.998699268062058,3,0
"1770",1,9,"14",-0.992682943821897,0.201911452880489,3,0
"1771",5,9,"14",-0.992682943821897,0.201911452880489,3,0
"1772",14,9,"14",-0.992682943821897,0.201911452880489,3,0
"1773",18,9,"14",-0.992682943821897,0.201911452880489,3,0
"1774",20,9,"14",-0.992682943821897,0.201911452880489,3,0
"1775",24,9,"14",-0.992682943821897,0.201911452880489,3,0
"1776",26,9,"14",-0.992682943821897,0.201911452880489,3,0
"1777",1,1,"15",-0.825703771818202,0.312176570852557,1,0
"1778",2,1,"15",-0.825703771818202,0.312176570852557,1,1
"1779",3,1,"15",-0.825703771818202,0.312176570852557,1,0
"1780",4,1,"15",-0.825703771818202,0.312176570852557,1,0
"1781",5,1,"15",-0.825703771818202,0.312176570852557,1,0
"1782",6,1,"15",-0.825703771818202,0.312176570852557,1,1
"1783",7,1,"15",-0.825703771818202,0.312176570852557,1,0
"1784",8,1,"15",-0.825703771818202,0.312176570852557,1,1
"1785",9,1,"15",-0.825703771818202,0.312176570852557,1,0
"1786",10,1,"15",-0.825703771818202,0.312176570852557,1,0
"1787",11,1,"15",-0.825703771818202,0.312176570852557,1,0
"1788",12,1,"15",-0.825703771818202,0.312176570852557,1,0
"1789",13,1,"15",-0.825703771818202,0.312176570852557,1,0
"1790",14,1,"15",-0.825703771818202,0.312176570852557,1,0
"1791",15,1,"15",-0.825703771818202,0.312176570852557,1,0
"1792",16,1,"15",-0.825703771818202,0.312176570852557,1,0
"1793",17,1,"15",-0.825703771818202,0.312176570852557,1,0
"1794",18,1,"15",-0.825703771818202,0.312176570852557,1,0
"1795",19,1,"15",-0.825703771818202,0.312176570852557,1,0
"1796",20,1,"15",-0.825703771818202,0.312176570852557,1,0
"1797",21,1,"15",-0.825703771818202,0.312176570852557,1,0
"1798",22,1,"15",-0.825703771818202,0.312176570852557,1,0
"1799",23,1,"15",-0.825703771818202,0.312176570852557,1,0
"1800",24,1,"15",-0.825703771818202,0.312176570852557,1,0
"1801",25,1,"15",-0.825703771818202,0.312176570852557,1,0
"1802",26,1,"15",-0.825703771818202,0.312176570852557,1,0
"1803",27,1,"15",-0.825703771818202,0.312176570852557,1,0
"1804",28,1,"15",-0.825703771818202,0.312176570852557,1,1
"1805",29,1,"15",-0.825703771818202,0.312176570852557,1,0
"1806",30,1,"15",-0.825703771818202,0.312176570852557,1,0
"1807",1,2,"15",-0.161156905375619,0.82287532406536,1,0
"1808",2,2,"15",-0.161156905375619,0.82287532406536,1,1
"1809",3,2,"15",-0.161156905375619,0.82287532406536,1,0
"1810",4,2,"15",-0.161156905375619,0.82287532406536,1,0
"1811",5,2,"15",-0.161156905375619,0.82287532406536,1,0
"1812",6,2,"15",-0.161156905375619,0.82287532406536,1,1
"1813",7,2,"15",-0.161156905375619,0.82287532406536,1,0
"1814",8,2,"15",-0.161156905375619,0.82287532406536,1,1
"1815",9,2,"15",-0.161156905375619,0.82287532406536,1,0
"1816",10,2,"15",-0.161156905375619,0.82287532406536,1,0
"1817",11,2,"15",-0.161156905375619,0.82287532406536,1,0
"1818",12,2,"15",-0.161156905375619,0.82287532406536,1,0
"1819",13,2,"15",-0.161156905375619,0.82287532406536,1,0
"1820",14,2,"15",-0.161156905375619,0.82287532406536,1,0
"1821",15,2,"15",-0.161156905375619,0.82287532406536,1,0
"1822",16,2,"15",-0.161156905375619,0.82287532406536,1,0
"1823",17,2,"15",-0.161156905375619,0.82287532406536,1,0
"1824",18,2,"15",-0.161156905375619,0.82287532406536,1,0
"1825",19,2,"15",-0.161156905375619,0.82287532406536,1,0
"1826",20,2,"15",-0.161156905375619,0.82287532406536,1,0
"1827",21,2,"15",-0.161156905375619,0.82287532406536,1,0
"1828",22,2,"15",-0.161156905375619,0.82287532406536,1,0
"1829",23,2,"15",-0.161156905375619,0.82287532406536,1,0
"1830",24,2,"15",-0.161156905375619,0.82287532406536,1,0
"1831",25,2,"15",-0.161156905375619,0.82287532406536,1,0
"1832",26,2,"15",-0.161156905375619,0.82287532406536,1,0
"1833",27,2,"15",-0.161156905375619,0.82287532406536,1,0
"1834",28,2,"15",-0.161156905375619,0.82287532406536,1,1
"1835",29,2,"15",-0.161156905375619,0.82287532406536,1,0
"1836",30,2,"15",-0.161156905375619,0.82287532406536,1,0
"1837",1,3,"15",-0.365135809448755,0.694665951603397,1,0
"1838",2,3,"15",-0.365135809448755,0.694665951603397,1,1
"1839",3,3,"15",-0.365135809448755,0.694665951603397,1,0
"1840",4,3,"15",-0.365135809448755,0.694665951603397,1,0
"1841",5,3,"15",-0.365135809448755,0.694665951603397,1,0
"1842",6,3,"15",-0.365135809448755,0.694665951603397,1,1
"1843",7,3,"15",-0.365135809448755,0.694665951603397,1,0
"1844",8,3,"15",-0.365135809448755,0.694665951603397,1,1
"1845",9,3,"15",-0.365135809448755,0.694665951603397,1,0
"1846",10,3,"15",-0.365135809448755,0.694665951603397,1,0
"1847",11,3,"15",-0.365135809448755,0.694665951603397,1,0
"1848",12,3,"15",-0.365135809448755,0.694665951603397,1,0
"1849",13,3,"15",-0.365135809448755,0.694665951603397,1,0
"1850",14,3,"15",-0.365135809448755,0.694665951603397,1,0
"1851",15,3,"15",-0.365135809448755,0.694665951603397,1,0
"1852",16,3,"15",-0.365135809448755,0.694665951603397,1,0
"1853",17,3,"15",-0.365135809448755,0.694665951603397,1,0
"1854",18,3,"15",-0.365135809448755,0.694665951603397,1,0
"1855",19,3,"15",-0.365135809448755,0.694665951603397,1,0
"1856",20,3,"15",-0.365135809448755,0.694665951603397,1,0
"1857",21,3,"15",-0.365135809448755,0.694665951603397,1,0
"1858",22,3,"15",-0.365135809448755,0.694665951603397,1,0
"1859",23,3,"15",-0.365135809448755,0.694665951603397,1,0
"1860",24,3,"15",-0.365135809448755,0.694665951603397,1,0
"1861",25,3,"15",-0.365135809448755,0.694665951603397,1,0
"1862",26,3,"15",-0.365135809448755,0.694665951603397,1,0
"1863",27,3,"15",-0.365135809448755,0.694665951603397,1,0
"1864",28,3,"15",-0.365135809448755,0.694665951603397,1,1
"1865",29,3,"15",-0.365135809448755,0.694665951603397,1,0
"1866",30,3,"15",-0.365135809448755,0.694665951603397,1,0
"1867",2,4,"15",0.331201563778125,0.963002493165297,2,0
"1868",6,4,"15",0.331201563778125,0.963002493165297,2,0
"1869",8,4,"15",0.331201563778125,0.963002493165297,2,0
"1870",28,4,"15",0.331201563778125,0.963002493165297,2,0
"1871",2,5,"15",-1.14559770251133,0.12902670039149,2,0
"1872",6,5,"15",-1.14559770251133,0.12902670039149,2,0
"1873",8,5,"15",-1.14559770251133,0.12902670039149,2,0
"1874",28,5,"15",-1.14559770251133,0.12902670039149,2,0
"1875",2,6,"15",-0.339300213598827,0.713501093969368,2,0
"1876",6,6,"15",-0.339300213598827,0.713501093969368,2,0
"1877",8,6,"15",-0.339300213598827,0.713501093969368,2,0
"1878",28,6,"15",-0.339300213598827,0.713501093969368,2,0
"1879",1,1,"16",-1.15291740169789,0.126174932590759,1,0
"1880",2,1,"16",-1.15291740169789,0.126174932590759,1,0
"1881",3,1,"16",-1.15291740169789,0.126174932590759,1,0
"1882",4,1,"16",-1.15291740169789,0.126174932590759,1,0
"1883",5,1,"16",-1.15291740169789,0.126174932590759,1,0
"1884",6,1,"16",-1.15291740169789,0.126174932590759,1,0
"1885",7,1,"16",-1.15291740169789,0.126174932590759,1,0
"1886",8,1,"16",-1.15291740169789,0.126174932590759,1,0
"1887",9,1,"16",-1.15291740169789,0.126174932590759,1,0
"1888",10,1,"16",-1.15291740169789,0.126174932590759,1,0
"1889",11,1,"16",-1.15291740169789,0.126174932590759,1,0
"1890",12,1,"16",-1.15291740169789,0.126174932590759,1,0
"1891",13,1,"16",-1.15291740169789,0.126174932590759,1,0
"1892",14,1,"16",-1.15291740169789,0.126174932590759,1,0
"1893",15,1,"16",-1.15291740169789,0.126174932590759,1,0
"1894",16,1,"16",-1.15291740169789,0.126174932590759,1,0
"1895",17,1,"16",-1.15291740169789,0.126174932590759,1,0
"1896",18,1,"16",-1.15291740169789,0.126174932590759,1,0
"1897",19,1,"16",-1.15291740169789,0.126174932590759,1,0
"1898",20,1,"16",-1.15291740169789,0.126174932590759,1,0
"1899",21,1,"16",-1.15291740169789,0.126174932590759,1,0
"1900",22,1,"16",-1.15291740169789,0.126174932590759,1,0
"1901",23,1,"16",-1.15291740169789,0.126174932590759,1,0
"1902",24,1,"16",-1.15291740169789,0.126174932590759,1,0
"1903",25,1,"16",-1.15291740169789,0.126174932590759,1,0
"1904",26,1,"16",-1.15291740169789,0.126174932590759,1,0
"1905",27,1,"16",-1.15291740169789,0.126174932590759,1,0
"1906",28,1,"16",-1.15291740169789,0.126174932590759,1,0
"1907",29,1,"16",-1.15291740169789,0.126174932590759,1,0
"1908",30,1,"16",-1.15291740169789,0.126174932590759,1,0
"1909",1,2,"16",-0.816823466779367,0.318889016264859,1,0
"1910",2,2,"16",-0.816823466779367,0.318889016264859,1,0
"1911",3,2,"16",-0.816823466779367,0.318889016264859,1,0
"1912",4,2,"16",-0.816823466779367,0.318889016264859,1,0
"1913",5,2,"16",-0.816823466779367,0.318889016264859,1,0
"1914",6,2,"16",-0.816823466779367,0.318889016264859,1,0
"1915",7,2,"16",-0.816823466779367,0.318889016264859,1,0
"1916",8,2,"16",-0.816823466779367,0.318889016264859,1,0
"1917",9,2,"16",-0.816823466779367,0.318889016264859,1,0
"1918",10,2,"16",-0.816823466779367,0.318889016264859,1,0
"1919",11,2,"16",-0.816823466779367,0.318889016264859,1,0
"1920",12,2,"16",-0.816823466779367,0.318889016264859,1,0
"1921",13,2,"16",-0.816823466779367,0.318889016264859,1,0
"1922",14,2,"16",-0.816823466779367,0.318889016264859,1,0
"1923",15,2,"16",-0.816823466779367,0.318889016264859,1,0
"1924",16,2,"16",-0.816823466779367,0.318889016264859,1,0
"1925",17,2,"16",-0.816823466779367,0.318889016264859,1,0
"1926",18,2,"16",-0.816823466779367,0.318889016264859,1,0
"1927",19,2,"16",-0.816823466779367,0.318889016264859,1,0
"1928",20,2,"16",-0.816823466779367,0.318889016264859,1,0
"1929",21,2,"16",-0.816823466779367,0.318889016264859,1,0
"1930",22,2,"16",-0.816823466779367,0.318889016264859,1,0
"1931",23,2,"16",-0.816823466779367,0.318889016264859,1,0
"1932",24,2,"16",-0.816823466779367,0.318889016264859,1,0
"1933",25,2,"16",-0.816823466779367,0.318889016264859,1,0
"1934",26,2,"16",-0.816823466779367,0.318889016264859,1,0
"1935",27,2,"16",-0.816823466779367,0.318889016264859,1,0
"1936",28,2,"16",-0.816823466779367,0.318889016264859,1,0
"1937",29,2,"16",-0.816823466779367,0.318889016264859,1,0
"1938",30,2,"16",-0.816823466779367,0.318889016264859,1,0
"1939",1,3,"16",-0.530602095264816,0.560426377863903,1,0
"1940",2,3,"16",-0.530602095264816,0.560426377863903,1,0
"1941",3,3,"16",-0.530602095264816,0.560426377863903,1,0
"1942",4,3,"16",-0.530602095264816,0.560426377863903,1,0
"1943",5,3,"16",-0.530602095264816,0.560426377863903,1,0
"1944",6,3,"16",-0.530602095264816,0.560426377863903,1,0
"1945",7,3,"16",-0.530602095264816,0.560426377863903,1,0
"1946",8,3,"16",-0.530602095264816,0.560426377863903,1,0
"1947",9,3,"16",-0.530602095264816,0.560426377863903,1,0
"1948",10,3,"16",-0.530602095264816,0.560426377863903,1,0
"1949",11,3,"16",-0.530602095264816,0.560426377863903,1,0
"1950",12,3,"16",-0.530602095264816,0.560426377863903,1,0
"1951",13,3,"16",-0.530602095264816,0.560426377863903,1,0
"1952",14,3,"16",-0.530602095264816,0.560426377863903,1,0
"1953",15,3,"16",-0.530602095264816,0.560426377863903,1,0
"1954",16,3,"16",-0.530602095264816,0.560426377863903,1,0
"1955",17,3,"16",-0.530602095264816,0.560426377863903,1,0
"1956",18,3,"16",-0.530602095264816,0.560426377863903,1,0
"1957",19,3,"16",-0.530602095264816,0.560426377863903,1,0
"1958",20,3,"16",-0.530602095264816,0.560426377863903,1,0
"1959",21,3,"16",-0.530602095264816,0.560426377863903,1,0
"1960",22,3,"16",-0.530602095264816,0.560426377863903,1,0
"1961",23,3,"16",-0.530602095264816,0.560426377863903,1,0
"1962",24,3,"16",-0.530602095264816,0.560426377863903,1,0
"1963",25,3,"16",-0.530602095264816,0.560426377863903,1,0
"1964",26,3,"16",-0.530602095264816,0.560426377863903,1,0
"1965",27,3,"16",-0.530602095264816,0.560426377863903,1,0
"1966",28,3,"16",-0.530602095264816,0.560426377863903,1,0
"1967",29,3,"16",-0.530602095264816,0.560426377863903,1,0
"1968",30,3,"16",-0.530602095264816,0.560426377863903,1,0
"1969",1,1,"17",0.507164365556405,0.979669146090652,1,1
"1970",2,1,"17",0.507164365556405,0.979669146090652,1,1
"1971",3,1,"17",0.507164365556405,0.979669146090652,1,0
"1972",4,1,"17",0.507164365556405,0.979669146090652,1,0
"1973",5,1,"17",0.507164365556405,0.979669146090652,1,0
"1974",6,1,"17",0.507164365556405,0.979669146090652,1,1
"1975",7,1,"17",0.507164365556405,0.979669146090652,1,0
"1976",8,1,"17",0.507164365556405,0.979669146090652,1,0
"1977",9,1,"17",0.507164365556405,0.979669146090652,1,1
"1978",10,1,"17",0.507164365556405,0.979669146090652,1,0
"1979",11,1,"17",0.507164365556405,0.979669146090652,1,0
"1980",12,1,"17",0.507164365556405,0.979669146090652,1,1
"1981",13,1,"17",0.507164365556405,0.979669146090652,1,1
"1982",14,1,"17",0.507164365556405,0.979669146090652,1,1
"1983",15,1,"17",0.507164365556405,0.979669146090652,1,1
"1984",16,1,"17",0.507164365556405,0.979669146090652,1,1
"1985",17,1,"17",0.507164365556405,0.979669146090652,1,0
"1986",18,1,"17",0.507164365556405,0.979669146090652,1,0
"1987",19,1,"17",0.507164365556405,0.979669146090652,1,0
"1988",20,1,"17",0.507164365556405,0.979669146090652,1,1
"1989",21,1,"17",0.507164365556405,0.979669146090652,1,1
"1990",22,1,"17",0.507164365556405,0.979669146090652,1,0
"1991",23,1,"17",0.507164365556405,0.979669146090652,1,0
"1992",24,1,"17",0.507164365556405,0.979669146090652,1,1
"1993",25,1,"17",0.507164365556405,0.979669146090652,1,0
"1994",26,1,"17",0.507164365556405,0.979669146090652,1,1
"1995",27,1,"17",0.507164365556405,0.979669146090652,1,1
"1996",28,1,"17",0.507164365556405,0.979669146090652,1,0
"1997",29,1,"17",0.507164365556405,0.979669146090652,1,1
"1998",30,1,"17",0.507164365556405,0.979669146090652,1,1
"1999",1,2,"17",-0.648716324319298,0.457476189774015,1,1
"2000",2,2,"17",-0.648716324319298,0.457476189774015,1,1
"2001",3,2,"17",-0.648716324319298,0.457476189774015,1,0
"2002",4,2,"17",-0.648716324319298,0.457476189774015,1,0
"2003",5,2,"17",-0.648716324319298,0.457476189774015,1,0
"2004",6,2,"17",-0.648716324319298,0.457476189774015,1,1
"2005",7,2,"17",-0.648716324319298,0.457476189774015,1,0
"2006",8,2,"17",-0.648716324319298,0.457476189774015,1,0
"2007",9,2,"17",-0.648716324319298,0.457476189774015,1,1
"2008",10,2,"17",-0.648716324319298,0.457476189774015,1,0
"2009",11,2,"17",-0.648716324319298,0.457476189774015,1,0
"2010",12,2,"17",-0.648716324319298,0.457476189774015,1,1
"2011",13,2,"17",-0.648716324319298,0.457476189774015,1,1
"2012",14,2,"17",-0.648716324319298,0.457476189774015,1,1
"2013",15,2,"17",-0.648716324319298,0.457476189774015,1,1
"2014",16,2,"17",-0.648716324319298,0.457476189774015,1,1
"2015",17,2,"17",-0.648716324319298,0.457476189774015,1,0
"2016",18,2,"17",-0.648716324319298,0.457476189774015,1,0
"2017",19,2,"17",-0.648716324319298,0.457476189774015,1,0
"2018",20,2,"17",-0.648716324319298,0.457476189774015,1,1
"2019",21,2,"17",-0.648716324319298,0.457476189774015,1,1
"2020",22,2,"17",-0.648716324319298,0.457476189774015,1,0
"2021",23,2,"17",-0.648716324319298,0.457476189774015,1,0
"2022",24,2,"17",-0.648716324319298,0.457476189774015,1,1
"2023",25,2,"17",-0.648716324319298,0.457476189774015,1,0
"2024",26,2,"17",-0.648716324319298,0.457476189774015,1,1
"2025",27,2,"17",-0.648716324319298,0.457476189774015,1,1
"2026",28,2,"17",-0.648716324319298,0.457476189774015,1,0
"2027",29,2,"17",-0.648716324319298,0.457476189774015,1,1
"2028",30,2,"17",-0.648716324319298,0.457476189774015,1,1
"2029",1,3,"17",1.65025554884641,0.999620355070446,1,1
"2030",2,3,"17",1.65025554884641,0.999620355070446,1,1
"2031",3,3,"17",1.65025554884641,0.999620355070446,1,0
"2032",4,3,"17",1.65025554884641,0.999620355070446,1,0
"2033",5,3,"17",1.65025554884641,0.999620355070446,1,0
"2034",6,3,"17",1.65025554884641,0.999620355070446,1,1
"2035",7,3,"17",1.65025554884641,0.999620355070446,1,0
"2036",8,3,"17",1.65025554884641,0.999620355070446,1,0
"2037",9,3,"17",1.65025554884641,0.999620355070446,1,1
"2038",10,3,"17",1.65025554884641,0.999620355070446,1,0
"2039",11,3,"17",1.65025554884641,0.999620355070446,1,0
"2040",12,3,"17",1.65025554884641,0.999620355070446,1,1
"2041",13,3,"17",1.65025554884641,0.999620355070446,1,1
"2042",14,3,"17",1.65025554884641,0.999620355070446,1,1
"2043",15,3,"17",1.65025554884641,0.999620355070446,1,1
"2044",16,3,"17",1.65025554884641,0.999620355070446,1,1
"2045",17,3,"17",1.65025554884641,0.999620355070446,1,0
"2046",18,3,"17",1.65025554884641,0.999620355070446,1,0
"2047",19,3,"17",1.65025554884641,0.999620355070446,1,0
"2048",20,3,"17",1.65025554884641,0.999620355070446,1,1
"2049",21,3,"17",1.65025554884641,0.999620355070446,1,1
"2050",22,3,"17",1.65025554884641,0.999620355070446,1,0
"2051",23,3,"17",1.65025554884641,0.999620355070446,1,0
"2052",24,3,"17",1.65025554884641,0.999620355070446,1,1
"2053",25,3,"17",1.65025554884641,0.999620355070446,1,0
"2054",26,3,"17",1.65025554884641,0.999620355070446,1,1
"2055",27,3,"17",1.65025554884641,0.999620355070446,1,1
"2056",28,3,"17",1.65025554884641,0.999620355070446,1,0
"2057",29,3,"17",1.65025554884641,0.999620355070446,1,1
"2058",30,3,"17",1.65025554884641,0.999620355070446,1,1
"2059",1,4,"17",-0.0102615869942018,0.887363056053486,2,0
"2060",2,4,"17",-0.0102615869942018,0.887363056053486,2,0
"2061",6,4,"17",-0.0102615869942018,0.887363056053486,2,0
"2062",9,4,"17",-0.0102615869942018,0.887363056053486,2,1
"2063",12,4,"17",-0.0102615869942018,0.887363056053486,2,0
"2064",13,4,"17",-0.0102615869942018,0.887363056053486,2,0
"2065",14,4,"17",-0.0102615869942018,0.887363056053486,2,0
"2066",15,4,"17",-0.0102615869942018,0.887363056053486,2,0
"2067",16,4,"17",-0.0102615869942018,0.887363056053486,2,0
"2068",20,4,"17",-0.0102615869942018,0.887363056053486,2,0
"2069",21,4,"17",-0.0102615869942018,0.887363056053486,2,0
"2070",24,4,"17",-0.0102615869942018,0.887363056053486,2,0
"2071",26,4,"17",-0.0102615869942018,0.887363056053486,2,0
"2072",27,4,"17",-0.0102615869942018,0.887363056053486,2,0
"2073",29,4,"17",-0.0102615869942018,0.887363056053486,2,0
"2074",30,4,"17",-0.0102615869942018,0.887363056053486,2,0
"2075",1,5,"17",-0.827936664633213,0.310500956905687,2,0
"2076",2,5,"17",-0.827936664633213,0.310500956905687,2,0
"2077",6,5,"17",-0.827936664633213,0.310500956905687,2,0
"2078",9,5,"17",-0.827936664633213,0.310500956905687,2,1
"2079",12,5,"17",-0.827936664633213,0.310500956905687,2,0
"2080",13,5,"17",-0.827936664633213,0.310500956905687,2,0
"2081",14,5,"17",-0.827936664633213,0.310500956905687,2,0
"2082",15,5,"17",-0.827936664633213,0.310500956905687,2,0
"2083",16,5,"17",-0.827936664633213,0.310500956905687,2,0
"2084",20,5,"17",-0.827936664633213,0.310500956905687,2,0
"2085",21,5,"17",-0.827936664633213,0.310500956905687,2,0
"2086",24,5,"17",-0.827936664633213,0.310500956905687,2,0
"2087",26,5,"17",-0.827936664633213,0.310500956905687,2,0
"2088",27,5,"17",-0.827936664633213,0.310500956905687,2,0
"2089",29,5,"17",-0.827936664633213,0.310500956905687,2,0
"2090",30,5,"17",-0.827936664633213,0.310500956905687,2,0
"2091",1,6,"17",0.125579537614397,0.92686686451386,2,0
"2092",2,6,"17",0.125579537614397,0.92686686451386,2,0
"2093",6,6,"17",0.125579537614397,0.92686686451386,2,0
"2094",9,6,"17",0.125579537614397,0.92686686451386,2,1
"2095",12,6,"17",0.125579537614397,0.92686686451386,2,0
"2096",13,6,"17",0.125579537614397,0.92686686451386,2,0
"2097",14,6,"17",0.125579537614397,0.92686686451386,2,0
"2098",15,6,"17",0.125579537614397,0.92686686451386,2,0
"2099",16,6,"17",0.125579537614397,0.92686686451386,2,0
"2100",20,6,"17",0.125579537614397,0.92686686451386,2,0
"2101",21,6,"17",0.125579537614397,0.92686686451386,2,0
"2102",24,6,"17",0.125579537614397,0.92686686451386,2,0
"2103",26,6,"17",0.125579537614397,0.92686686451386,2,0
"2104",27,6,"17",0.125579537614397,0.92686686451386,2,0
"2105",29,6,"17",0.125579537614397,0.92686686451386,2,0
"2106",30,6,"17",0.125579537614397,0.92686686451386,2,0
"2107",9,7,"17",-1.32286704938552,0.0737792771672434,3,0
"2108",9,8,"17",0.848426194085837,0.993753647725239,3,0
"2109",9,9,"17",0.518308410059714,0.980431649356603,3,0
"2110",1,1,"18",1.68145933924136,0.999659620070737,1,1
"2111",2,1,"18",1.68145933924136,0.999659620070737,1,1
"2112",3,1,"18",1.68145933924136,0.999659620070737,1,1
"2113",4,1,"18",1.68145933924136,0.999659620070737,1,1
"2114",5,1,"18",1.68145933924136,0.999659620070737,1,1
"2115",6,1,"18",1.68145933924136,0.999659620070737,1,1
"2116",7,1,"18",1.68145933924136,0.999659620070737,1,1
"2117",8,1,"18",1.68145933924136,0.999659620070737,1,1
"2118",9,1,"18",1.68145933924136,0.999659620070737,1,1
"2119",10,1,"18",1.68145933924136,0.999659620070737,1,1
"2120",11,1,"18",1.68145933924136,0.999659620070737,1,1
"2121",12,1,"18",1.68145933924136,0.999659620070737,1,1
"2122",13,1,"18",1.68145933924136,0.999659620070737,1,1
"2123",14,1,"18",1.68145933924136,0.999659620070737,1,1
"2124",15,1,"18",1.68145933924136,0.999659620070737,1,1
"2125",16,1,"18",1.68145933924136,0.999659620070737,1,1
"2126",17,1,"18",1.68145933924136,0.999659620070737,1,1
"2127",18,1,"18",1.68145933924136,0.999659620070737,1,1
"2128",19,1,"18",1.68145933924136,0.999659620070737,1,1
"2129",20,1,"18",1.68145933924136,0.999659620070737,1,1
"2130",21,1,"18",1.68145933924136,0.999659620070737,1,1
"2131",22,1,"18",1.68145933924136,0.999659620070737,1,1
"2132",23,1,"18",1.68145933924136,0.999659620070737,1,1
"2133",24,1,"18",1.68145933924136,0.999659620070737,1,1
"2134",25,1,"18",1.68145933924136,0.999659620070737,1,1
"2135",26,1,"18",1.68145933924136,0.999659620070737,1,1
"2136",27,1,"18",1.68145933924136,0.999659620070737,1,1
"2137",28,1,"18",1.68145933924136,0.999659620070737,1,1
"2138",29,1,"18",1.68145933924136,0.999659620070737,1,1
"2139",30,1,"18",1.68145933924136,0.999659620070737,1,1
"2140",1,2,"18",0.6538563055484,0.987732968268722,1,1
"2141",2,2,"18",0.6538563055484,0.987732968268722,1,1
"2142",3,2,"18",0.6538563055484,0.987732968268722,1,1
"2143",4,2,"18",0.6538563055484,0.987732968268722,1,1
"2144",5,2,"18",0.6538563055484,0.987732968268722,1,1
"2145",6,2,"18",0.6538563055484,0.987732968268722,1,1
"2146",7,2,"18",0.6538563055484,0.987732968268722,1,1
"2147",8,2,"18",0.6538563055484,0.987732968268722,1,1
"2148",9,2,"18",0.6538563055484,0.987732968268722,1,1
"2149",10,2,"18",0.6538563055484,0.987732968268722,1,1
"2150",11,2,"18",0.6538563055484,0.987732968268722,1,1
"2151",12,2,"18",0.6538563055484,0.987732968268722,1,1
"2152",13,2,"18",0.6538563055484,0.987732968268722,1,1
"2153",14,2,"18",0.6538563055484,0.987732968268722,1,1
"2154",15,2,"18",0.6538563055484,0.987732968268722,1,1
"2155",16,2,"18",0.6538563055484,0.987732968268722,1,1
"2156",17,2,"18",0.6538563055484,0.987732968268722,1,1
"2157",18,2,"18",0.6538563055484,0.987732968268722,1,1
"2158",19,2,"18",0.6538563055484,0.987732968268722,1,1
"2159",20,2,"18",0.6538563055484,0.987732968268722,1,1
"2160",21,2,"18",0.6538563055484,0.987732968268722,1,1
"2161",22,2,"18",0.6538563055484,0.987732968268722,1,1
"2162",23,2,"18",0.6538563055484,0.987732968268722,1,1
"2163",24,2,"18",0.6538563055484,0.987732968268722,1,1
"2164",25,2,"18",0.6538563055484,0.987732968268722,1,1
"2165",26,2,"18",0.6538563055484,0.987732968268722,1,1
"2166",27,2,"18",0.6538563055484,0.987732968268722,1,1
"2167",28,2,"18",0.6538563055484,0.987732968268722,1,1
"2168",29,2,"18",0.6538563055484,0.987732968268722,1,1
"2169",30,2,"18",0.6538563055484,0.987732968268722,1,1
"2170",1,3,"18",1.27992075319004,0.998613690235321,1,1
"2171",2,3,"18",1.27992075319004,0.998613690235321,1,1
"2172",3,3,"18",1.27992075319004,0.998613690235321,1,1
"2173",4,3,"18",1.27992075319004,0.998613690235321,1,1
"2174",5,3,"18",1.27992075319004,0.998613690235321,1,1
"2175",6,3,"18",1.27992075319004,0.998613690235321,1,1
"2176",7,3,"18",1.27992075319004,0.998613690235321,1,1
"2177",8,3,"18",1.27992075319004,0.998613690235321,1,1
"2178",9,3,"18",1.27992075319004,0.998613690235321,1,1
"2179",10,3,"18",1.27992075319004,0.998613690235321,1,1
"2180",11,3,"18",1.27992075319004,0.998613690235321,1,1
"2181",12,3,"18",1.27992075319004,0.998613690235321,1,1
"2182",13,3,"18",1.27992075319004,0.998613690235321,1,1
"2183",14,3,"18",1.27992075319004,0.998613690235321,1,1
"2184",15,3,"18",1.27992075319004,0.998613690235321,1,1
"2185",16,3,"18",1.27992075319004,0.998613690235321,1,1
"2186",17,3,"18",1.27992075319004,0.998613690235321,1,1
"2187",18,3,"18",1.27992075319004,0.998613690235321,1,1
"2188",19,3,"18",1.27992075319004,0.998613690235321,1,1
"2189",20,3,"18",1.27992075319004,0.998613690235321,1,1
"2190",21,3,"18",1.27992075319004,0.998613690235321,1,1
"2191",22,3,"18",1.27992075319004,0.998613690235321,1,1
"2192",23,3,"18",1.27992075319004,0.998613690235321,1,1
"2193",24,3,"18",1.27992075319004,0.998613690235321,1,1
"2194",25,3,"18",1.27992075319004,0.998613690235321,1,1
"2195",26,3,"18",1.27992075319004,0.998613690235321,1,1
"2196",27,3,"18",1.27992075319004,0.998613690235321,1,1
"2197",28,3,"18",1.27992075319004,0.998613690235321,1,1
"2198",29,3,"18",1.27992075319004,0.998613690235321,1,1
"2199",30,3,"18",1.27992075319004,0.998613690235321,1,1
"2200",1,4,"18",0.163269136442977,0.93532032036053,2,0
"2201",2,4,"18",0.163269136442977,0.93532032036053,2,0
"2202",3,4,"18",0.163269136442977,0.93532032036053,2,0
"2203",4,4,"18",0.163269136442977,0.93532032036053,2,0
"2204",5,4,"18",0.163269136442977,0.93532032036053,2,0
"2205",6,4,"18",0.163269136442977,0.93532032036053,2,1
"2206",7,4,"18",0.163269136442977,0.93532032036053,2,0
"2207",8,4,"18",0.163269136442977,0.93532032036053,2,0
"2208",9,4,"18",0.163269136442977,0.93532032036053,2,0
"2209",10,4,"18",0.163269136442977,0.93532032036053,2,0
"2210",11,4,"18",0.163269136442977,0.93532032036053,2,0
"2211",12,4,"18",0.163269136442977,0.93532032036053,2,0
"2212",13,4,"18",0.163269136442977,0.93532032036053,2,0
"2213",14,4,"18",0.163269136442977,0.93532032036053,2,0
"2214",15,4,"18",0.163269136442977,0.93532032036053,2,0
"2215",16,4,"18",0.163269136442977,0.93532032036053,2,0
"2216",17,4,"18",0.163269136442977,0.93532032036053,2,0
"2217",18,4,"18",0.163269136442977,0.93532032036053,2,0
"2218",19,4,"18",0.163269136442977,0.93532032036053,2,0
"2219",20,4,"18",0.163269136442977,0.93532032036053,2,0
"2220",21,4,"18",0.163269136442977,0.93532032036053,2,0
"2221",22,4,"18",0.163269136442977,0.93532032036053,2,0
"2222",23,4,"18",0.163269136442977,0.93532032036053,2,1
"2223",24,4,"18",0.163269136442977,0.93532032036053,2,0
"2224",25,4,"18",0.163269136442977,0.93532032036053,2,0
"2225",26,4,"18",0.163269136442977,0.93532032036053,2,0
"2226",27,4,"18",0.163269136442977,0.93532032036053,2,0
"2227",28,4,"18",0.163269136442977,0.93532032036053,2,0
"2228",29,4,"18",0.163269136442977,0.93532032036053,2,0
"2229",30,4,"18",0.163269136442977,0.93532032036053,2,0
"2230",1,5,"18",-1.06230414113394,0.165471973125028,2,0
"2231",2,5,"18",-1.06230414113394,0.165471973125028,2,0
"2232",3,5,"18",-1.06230414113394,0.165471973125028,2,0
"2233",4,5,"18",-1.06230414113394,0.165471973125028,2,0
"2234",5,5,"18",-1.06230414113394,0.165471973125028,2,0
"2235",6,5,"18",-1.06230414113394,0.165471973125028,2,1
"2236",7,5,"18",-1.06230414113394,0.165471973125028,2,0
"2237",8,5,"18",-1.06230414113394,0.165471973125028,2,0
"2238",9,5,"18",-1.06230414113394,0.165471973125028,2,0
"2239",10,5,"18",-1.06230414113394,0.165471973125028,2,0
"2240",11,5,"18",-1.06230414113394,0.165471973125028,2,0
"2241",12,5,"18",-1.06230414113394,0.165471973125028,2,0
"2242",13,5,"18",-1.06230414113394,0.165471973125028,2,0
"2243",14,5,"18",-1.06230414113394,0.165471973125028,2,0
"2244",15,5,"18",-1.06230414113394,0.165471973125028,2,0
"2245",16,5,"18",-1.06230414113394,0.165471973125028,2,0
"2246",17,5,"18",-1.06230414113394,0.165471973125028,2,0
"2247",18,5,"18",-1.06230414113394,0.165471973125028,2,0
"2248",19,5,"18",-1.06230414113394,0.165471973125028,2,0
"2249",20,5,"18",-1.06230414113394,0.165471973125028,2,0
"2250",21,5,"18",-1.06230414113394,0.165471973125028,2,0
"2251",22,5,"18",-1.06230414113394,0.165471973125028,2,0
"2252",23,5,"18",-1.06230414113394,0.165471973125028,2,1
"2253",24,5,"18",-1.06230414113394,0.165471973125028,2,0
"2254",25,5,"18",-1.06230414113394,0.165471973125028,2,0
"2255",26,5,"18",-1.06230414113394,0.165471973125028,2,0
"2256",27,5,"18",-1.06230414113394,0.165471973125028,2,0
"2257",28,5,"18",-1.06230414113394,0.165471973125028,2,0
"2258",29,5,"18",-1.06230414113394,0.165471973125028,2,0
"2259",30,5,"18",-1.06230414113394,0.165471973125028,2,0
"2260",1,6,"18",-0.306424647605125,0.736433597347468,2,0
"2261",2,6,"18",-0.306424647605125,0.736433597347468,2,0
"2262",3,6,"18",-0.306424647605125,0.736433597347468,2,0
"2263",4,6,"18",-0.306424647605125,0.736433597347468,2,0
"2264",5,6,"18",-0.306424647605125,0.736433597347468,2,0
"2265",6,6,"18",-0.306424647605125,0.736433597347468,2,1
"2266",7,6,"18",-0.306424647605125,0.736433597347468,2,0
"2267",8,6,"18",-0.306424647605125,0.736433597347468,2,0
"2268",9,6,"18",-0.306424647605125,0.736433597347468,2,0
"2269",10,6,"18",-0.306424647605125,0.736433597347468,2,0
"2270",11,6,"18",-0.306424647605125,0.736433597347468,2,0
"2271",12,6,"18",-0.306424647605125,0.736433597347468,2,0
"2272",13,6,"18",-0.306424647605125,0.736433597347468,2,0
"2273",14,6,"18",-0.306424647605125,0.736433597347468,2,0
"2274",15,6,"18",-0.306424647605125,0.736433597347468,2,0
"2275",16,6,"18",-0.306424647605125,0.736433597347468,2,0
"2276",17,6,"18",-0.306424647605125,0.736433597347468,2,0
"2277",18,6,"18",-0.306424647605125,0.736433597347468,2,0
"2278",19,6,"18",-0.306424647605125,0.736433597347468,2,0
"2279",20,6,"18",-0.306424647605125,0.736433597347468,2,0
"2280",21,6,"18",-0.306424647605125,0.736433597347468,2,0
"2281",22,6,"18",-0.306424647605125,0.736433597347468,2,0
"2282",23,6,"18",-0.306424647605125,0.736433597347468,2,1
"2283",24,6,"18",-0.306424647605125,0.736433597347468,2,0
"2284",25,6,"18",-0.306424647605125,0.736433597347468,2,0
"2285",26,6,"18",-0.306424647605125,0.736433597347468,2,0
"2286",27,6,"18",-0.306424647605125,0.736433597347468,2,0
"2287",28,6,"18",-0.306424647605125,0.736433597347468,2,0
"2288",29,6,"18",-0.306424647605125,0.736433597347468,2,0
"2289",30,6,"18",-0.306424647605125,0.736433597347468,2,0
"2290",6,7,"18",-1.60245631464296,0.0290686045703414,3,0
"2291",23,7,"18",-1.60245631464296,0.0290686045703414,3,0
"2292",6,8,"18",0.934288287825558,0.99536747081602,3,0
"2293",23,8,"18",0.934288287825558,0.99536747081602,3,0
"2294",6,9,"18",1.41156323569044,0.999125052484265,3,0
"2295",23,9,"18",1.41156323569044,0.999125052484265,3,0
"2296",1,1,"19",0.222151115224261,0.946724365550362,1,1
"2297",2,1,"19",0.222151115224261,0.946724365550362,1,0
"2298",3,1,"19",0.222151115224261,0.946724365550362,1,1
"2299",4,1,"19",0.222151115224261,0.946724365550362,1,1
"2300",5,1,"19",0.222151115224261,0.946724365550362,1,1
"2301",6,1,"19",0.222151115224261,0.946724365550362,1,1
"2302",7,1,"19",0.222151115224261,0.946724365550362,1,1
"2303",8,1,"19",0.222151115224261,0.946724365550362,1,1
"2304",9,1,"19",0.222151115224261,0.946724365550362,1,1
"2305",10,1,"19",0.222151115224261,0.946724365550362,1,1
"2306",11,1,"19",0.222151115224261,0.946724365550362,1,1
"2307",12,1,"19",0.222151115224261,0.946724365550362,1,1
"2308",13,1,"19",0.222151115224261,0.946724365550362,1,1
"2309",14,1,"19",0.222151115224261,0.946724365550362,1,1
"2310",15,1,"19",0.222151115224261,0.946724365550362,1,1
"2311",16,1,"19",0.222151115224261,0.946724365550362,1,1
"2312",17,1,"19",0.222151115224261,0.946724365550362,1,1
"2313",18,1,"19",0.222151115224261,0.946724365550362,1,1
"2314",19,1,"19",0.222151115224261,0.946724365550362,1,1
"2315",20,1,"19",0.222151115224261,0.946724365550362,1,1
"2316",21,1,"19",0.222151115224261,0.946724365550362,1,1
"2317",22,1,"19",0.222151115224261,0.946724365550362,1,1
"2318",23,1,"19",0.222151115224261,0.946724365550362,1,1
"2319",24,1,"19",0.222151115224261,0.946724365550362,1,1
"2320",25,1,"19",0.222151115224261,0.946724365550362,1,1
"2321",26,1,"19",0.222151115224261,0.946724365550362,1,1
"2322",27,1,"19",0.222151115224261,0.946724365550362,1,1
"2323",28,1,"19",0.222151115224261,0.946724365550362,1,1
"2324",29,1,"19",0.222151115224261,0.946724365550362,1,1
"2325",30,1,"19",0.222151115224261,0.946724365550362,1,1
"2326",1,2,"19",0.515612585321671,0.980249804440461,1,1
"2327",2,2,"19",0.515612585321671,0.980249804440461,1,0
"2328",3,2,"19",0.515612585321671,0.980249804440461,1,1
"2329",4,2,"19",0.515612585321671,0.980249804440461,1,1
"2330",5,2,"19",0.515612585321671,0.980249804440461,1,1
"2331",6,2,"19",0.515612585321671,0.980249804440461,1,1
"2332",7,2,"19",0.515612585321671,0.980249804440461,1,1
"2333",8,2,"19",0.515612585321671,0.980249804440461,1,1
"2334",9,2,"19",0.515612585321671,0.980249804440461,1,1
"2335",10,2,"19",0.515612585321671,0.980249804440461,1,1
"2336",11,2,"19",0.515612585321671,0.980249804440461,1,1
"2337",12,2,"19",0.515612585321671,0.980249804440461,1,1
"2338",13,2,"19",0.515612585321671,0.980249804440461,1,1
"2339",14,2,"19",0.515612585321671,0.980249804440461,1,1
"2340",15,2,"19",0.515612585321671,0.980249804440461,1,1
"2341",16,2,"19",0.515612585321671,0.980249804440461,1,1
"2342",17,2,"19",0.515612585321671,0.980249804440461,1,1
"2343",18,2,"19",0.515612585321671,0.980249804440461,1,1
"2344",19,2,"19",0.515612585321671,0.980249804440461,1,1
"2345",20,2,"19",0.515612585321671,0.980249804440461,1,1
"2346",21,2,"19",0.515612585321671,0.980249804440461,1,1
"2347",22,2,"19",0.515612585321671,0.980249804440461,1,1
"2348",23,2,"19",0.515612585321671,0.980249804440461,1,1
"2349",24,2,"19",0.515612585321671,0.980249804440461,1,1
"2350",25,2,"19",0.515612585321671,0.980249804440461,1,1
"2351",26,2,"19",0.515612585321671,0.980249804440461,1,1
"2352",27,2,"19",0.515612585321671,0.980249804440461,1,1
"2353",28,2,"19",0.515612585321671,0.980249804440461,1,1
"2354",29,2,"19",0.515612585321671,0.980249804440461,1,1
"2355",30,2,"19",0.515612585321671,0.980249804440461,1,1
"2356",1,3,"19",0.469596890643131,0.976878268569476,1,1
"2357",2,3,"19",0.469596890643131,0.976878268569476,1,0
"2358",3,3,"19",0.469596890643131,0.976878268569476,1,1
"2359",4,3,"19",0.469596890643131,0.976878268569476,1,1
"2360",5,3,"19",0.469596890643131,0.976878268569476,1,1
"2361",6,3,"19",0.469596890643131,0.976878268569476,1,1
"2362",7,3,"19",0.469596890643131,0.976878268569476,1,1
"2363",8,3,"19",0.469596890643131,0.976878268569476,1,1
"2364",9,3,"19",0.469596890643131,0.976878268569476,1,1
"2365",10,3,"19",0.469596890643131,0.976878268569476,1,1
"2366",11,3,"19",0.469596890643131,0.976878268569476,1,1
"2367",12,3,"19",0.469596890643131,0.976878268569476,1,1
"2368",13,3,"19",0.469596890643131,0.976878268569476,1,1
"2369",14,3,"19",0.469596890643131,0.976878268569476,1,1
"2370",15,3,"19",0.469596890643131,0.976878268569476,1,1
"2371",16,3,"19",0.469596890643131,0.976878268569476,1,1
"2372",17,3,"19",0.469596890643131,0.976878268569476,1,1
"2373",18,3,"19",0.469596890643131,0.976878268569476,1,1
"2374",19,3,"19",0.469596890643131,0.976878268569476,1,1
"2375",20,3,"19",0.469596890643131,0.976878268569476,1,1
"2376",21,3,"19",0.469596890643131,0.976878268569476,1,1
"2377",22,3,"19",0.469596890643131,0.976878268569476,1,1
"2378",23,3,"19",0.469596890643131,0.976878268569476,1,1
"2379",24,3,"19",0.469596890643131,0.976878268569476,1,1
"2380",25,3,"19",0.469596890643131,0.976878268569476,1,1
"2381",26,3,"19",0.469596890643131,0.976878268569476,1,1
"2382",27,3,"19",0.469596890643131,0.976878268569476,1,1
"2383",28,3,"19",0.469596890643131,0.976878268569476,1,1
"2384",29,3,"19",0.469596890643131,0.976878268569476,1,1
"2385",30,3,"19",0.469596890643131,0.976878268569476,1,1
"2386",1,4,"19",-1.96081473231642,0.00846888422068018,2,0
"2387",3,4,"19",-1.96081473231642,0.00846888422068018,2,0
"2388",4,4,"19",-1.96081473231642,0.00846888422068018,2,0
"2389",5,4,"19",-1.96081473231642,0.00846888422068018,2,0
"2390",6,4,"19",-1.96081473231642,0.00846888422068018,2,0
"2391",7,4,"19",-1.96081473231642,0.00846888422068018,2,0
"2392",8,4,"19",-1.96081473231642,0.00846888422068018,2,0
"2393",9,4,"19",-1.96081473231642,0.00846888422068018,2,0
"2394",10,4,"19",-1.96081473231642,0.00846888422068018,2,0
"2395",11,4,"19",-1.96081473231642,0.00846888422068018,2,0
"2396",12,4,"19",-1.96081473231642,0.00846888422068018,2,0
"2397",13,4,"19",-1.96081473231642,0.00846888422068018,2,0
"2398",14,4,"19",-1.96081473231642,0.00846888422068018,2,0
"2399",15,4,"19",-1.96081473231642,0.00846888422068018,2,0
"2400",16,4,"19",-1.96081473231642,0.00846888422068018,2,0
"2401",17,4,"19",-1.96081473231642,0.00846888422068018,2,0
"2402",18,4,"19",-1.96081473231642,0.00846888422068018,2,0
"2403",19,4,"19",-1.96081473231642,0.00846888422068018,2,0
"2404",20,4,"19",-1.96081473231642,0.00846888422068018,2,0
"2405",21,4,"19",-1.96081473231642,0.00846888422068018,2,0
"2406",22,4,"19",-1.96081473231642,0.00846888422068018,2,0
"2407",23,4,"19",-1.96081473231642,0.00846888422068018,2,0
"2408",24,4,"19",-1.96081473231642,0.00846888422068018,2,0
"2409",25,4,"19",-1.96081473231642,0.00846888422068018,2,0
"2410",26,4,"19",-1.96081473231642,0.00846888422068018,2,0
"2411",27,4,"19",-1.96081473231642,0.00846888422068018,2,0
"2412",28,4,"19",-1.96081473231642,0.00846888422068018,2,0
"2413",29,4,"19",-1.96081473231642,0.00846888422068018,2,0
"2414",30,4,"19",-1.96081473231642,0.00846888422068018,2,0
"2415",1,5,"19",-0.240543471836245,0.778698489219684,2,0
"2416",3,5,"19",-0.240543471836245,0.778698489219684,2,0
"2417",4,5,"19",-0.240543471836245,0.778698489219684,2,0
"2418",5,5,"19",-0.240543471836245,0.778698489219684,2,0
"2419",6,5,"19",-0.240543471836245,0.778698489219684,2,0
"2420",7,5,"19",-0.240543471836245,0.778698489219684,2,0
"2421",8,5,"19",-0.240543471836245,0.778698489219684,2,0
"2422",9,5,"19",-0.240543471836245,0.778698489219684,2,0
"2423",10,5,"19",-0.240543471836245,0.778698489219684,2,0
"2424",11,5,"19",-0.240543471836245,0.778698489219684,2,0
"2425",12,5,"19",-0.240543471836245,0.778698489219684,2,0
"2426",13,5,"19",-0.240543471836245,0.778698489219684,2,0
"2427",14,5,"19",-0.240543471836245,0.778698489219684,2,0
"2428",15,5,"19",-0.240543471836245,0.778698489219684,2,0
"2429",16,5,"19",-0.240543471836245,0.778698489219684,2,0
"2430",17,5,"19",-0.240543471836245,0.778698489219684,2,0
"2431",18,5,"19",-0.240543471836245,0.778698489219684,2,0
"2432",19,5,"19",-0.240543471836245,0.778698489219684,2,0
"2433",20,5,"19",-0.240543471836245,0.778698489219684,2,0
"2434",21,5,"19",-0.240543471836245,0.778698489219684,2,0
"2435",22,5,"19",-0.240543471836245,0.778698489219684,2,0
"2436",23,5,"19",-0.240543471836245,0.778698489219684,2,0
"2437",24,5,"19",-0.240543471836245,0.778698489219684,2,0
"2438",25,5,"19",-0.240543471836245,0.778698489219684,2,0
"2439",26,5,"19",-0.240543471836245,0.778698489219684,2,0
"2440",27,5,"19",-0.240543471836245,0.778698489219684,2,0
"2441",28,5,"19",-0.240543471836245,0.778698489219684,2,0
"2442",29,5,"19",-0.240543471836245,0.778698489219684,2,0
"2443",30,5,"19",-0.240543471836245,0.778698489219684,2,0
"2444",1,6,"19",1.50018505856854,0.999358235840885,2,0
"2445",3,6,"19",1.50018505856854,0.999358235840885,2,0
"2446",4,6,"19",1.50018505856854,0.999358235840885,2,0
"2447",5,6,"19",1.50018505856854,0.999358235840885,2,0
"2448",6,6,"19",1.50018505856854,0.999358235840885,2,0
"2449",7,6,"19",1.50018505856854,0.999358235840885,2,0
"2450",8,6,"19",1.50018505856854,0.999358235840885,2,0
"2451",9,6,"19",1.50018505856854,0.999358235840885,2,0
"2452",10,6,"19",1.50018505856854,0.999358235840885,2,0
"2453",11,6,"19",1.50018505856854,0.999358235840885,2,0
"2454",12,6,"19",1.50018505856854,0.999358235840885,2,0
"2455",13,6,"19",1.50018505856854,0.999358235840885,2,0
"2456",14,6,"19",1.50018505856854,0.999358235840885,2,0
"2457",15,6,"19",1.50018505856854,0.999358235840885,2,0
"2458",16,6,"19",1.50018505856854,0.999358235840885,2,0
"2459",17,6,"19",1.50018505856854,0.999358235840885,2,0
"2460",18,6,"19",1.50018505856854,0.999358235840885,2,0
"2461",19,6,"19",1.50018505856854,0.999358235840885,2,0
"2462",20,6,"19",1.50018505856854,0.999358235840885,2,0
"2463",21,6,"19",1.50018505856854,0.999358235840885,2,0
"2464",22,6,"19",1.50018505856854,0.999358235840885,2,0
"2465",23,6,"19",1.50018505856854,0.999358235840885,2,0
"2466",24,6,"19",1.50018505856854,0.999358235840885,2,0
"2467",25,6,"19",1.50018505856854,0.999358235840885,2,0
"2468",26,6,"19",1.50018505856854,0.999358235840885,2,0
"2469",27,6,"19",1.50018505856854,0.999358235840885,2,0
"2470",28,6,"19",1.50018505856854,0.999358235840885,2,0
"2471",29,6,"19",1.50018505856854,0.999358235840885,2,0
"2472",30,6,"19",1.50018505856854,0.999358235840885,2,0
"2473",1,1,"20",-1.07950477600984,0.157325120687684,1,0
"2474",2,1,"20",-1.07950477600984,0.157325120687684,1,0
"2475",3,1,"20",-1.07950477600984,0.157325120687684,1,0
"2476",4,1,"20",-1.07950477600984,0.157325120687684,1,0
"2477",5,1,"20",-1.07950477600984,0.157325120687684,1,0
"2478",6,1,"20",-1.07950477600984,0.157325120687684,1,0
"2479",7,1,"20",-1.07950477600984,0.157325120687684,1,0
"2480",8,1,"20",-1.07950477600984,0.157325120687684,1,0
"2481",9,1,"20",-1.07950477600984,0.157325120687684,1,0
"2482",10,1,"20",-1.07950477600984,0.157325120687684,1,0
"2483",11,1,"20",-1.07950477600984,0.157325120687684,1,0
"2484",12,1,"20",-1.07950477600984,0.157325120687684,1,0
"2485",13,1,"20",-1.07950477600984,0.157325120687684,1,0
"2486",14,1,"20",-1.07950477600984,0.157325120687684,1,0
"2487",15,1,"20",-1.07950477600984,0.157325120687684,1,0
"2488",16,1,"20",-1.07950477600984,0.157325120687684,1,0
"2489",17,1,"20",-1.07950477600984,0.157325120687684,1,0
"2490",18,1,"20",-1.07950477600984,0.157325120687684,1,0
"2491",19,1,"20",-1.07950477600984,0.157325120687684,1,0
"2492",20,1,"20",-1.07950477600984,0.157325120687684,1,0
"2493",21,1,"20",-1.07950477600984,0.157325120687684,1,0
"2494",22,1,"20",-1.07950477600984,0.157325120687684,1,0
"2495",23,1,"20",-1.07950477600984,0.157325120687684,1,0
"2496",24,1,"20",-1.07950477600984,0.157325120687684,1,0
"2497",25,1,"20",-1.07950477600984,0.157325120687684,1,0
"2498",26,1,"20",-1.07950477600984,0.157325120687684,1,0
"2499",27,1,"20",-1.07950477600984,0.157325120687684,1,0
"2500",28,1,"20",-1.07950477600984,0.157325120687684,1,0
"2501",29,1,"20",-1.07950477600984,0.157325120687684,1,0
"2502",30,1,"20",-1.07950477600984,0.157325120687684,1,0
"2503",1,2,"20",-0.880060137014655,0.272850021911651,1,0
"2504",2,2,"20",-0.880060137014655,0.272850021911651,1,0
"2505",3,2,"20",-0.880060137014655,0.272850021911651,1,0
"2506",4,2,"20",-0.880060137014655,0.272850021911651,1,0
"2507",5,2,"20",-0.880060137014655,0.272850021911651,1,0
"2508",6,2,"20",-0.880060137014655,0.272850021911651,1,0
"2509",7,2,"20",-0.880060137014655,0.272850021911651,1,0
"2510",8,2,"20",-0.880060137014655,0.272850021911651,1,0
"2511",9,2,"20",-0.880060137014655,0.272850021911651,1,0
"2512",10,2,"20",-0.880060137014655,0.272850021911651,1,0
"2513",11,2,"20",-0.880060137014655,0.272850021911651,1,0
"2514",12,2,"20",-0.880060137014655,0.272850021911651,1,0
"2515",13,2,"20",-0.880060137014655,0.272850021911651,1,0
"2516",14,2,"20",-0.880060137014655,0.272850021911651,1,0
"2517",15,2,"20",-0.880060137014655,0.272850021911651,1,0
"2518",16,2,"20",-0.880060137014655,0.272850021911651,1,0
"2519",17,2,"20",-0.880060137014655,0.272850021911651,1,0
"2520",18,2,"20",-0.880060137014655,0.272850021911651,1,0
"2521",19,2,"20",-0.880060137014655,0.272850021911651,1,0
"2522",20,2,"20",-0.880060137014655,0.272850021911651,1,0
"2523",21,2,"20",-0.880060137014655,0.272850021911651,1,0
"2524",22,2,"20",-0.880060137014655,0.272850021911651,1,0
"2525",23,2,"20",-0.880060137014655,0.272850021911651,1,0
"2526",24,2,"20",-0.880060137014655,0.272850021911651,1,0
"2527",25,2,"20",-0.880060137014655,0.272850021911651,1,0
"2528",26,2,"20",-0.880060137014655,0.272850021911651,1,0
"2529",27,2,"20",-0.880060137014655,0.272850021911651,1,0
"2530",28,2,"20",-0.880060137014655,0.272850021911651,1,0
"2531",29,2,"20",-0.880060137014655,0.272850021911651,1,0
"2532",30,2,"20",-0.880060137014655,0.272850021911651,1,0
"2533",1,3,"20",-1.09010312405671,0.152469670129883,1,0
"2534",2,3,"20",-1.09010312405671,0.152469670129883,1,0
"2535",3,3,"20",-1.09010312405671,0.152469670129883,1,0
"2536",4,3,"20",-1.09010312405671,0.152469670129883,1,0
"2537",5,3,"20",-1.09010312405671,0.152469670129883,1,0
"2538",6,3,"20",-1.09010312405671,0.152469670129883,1,0
"2539",7,3,"20",-1.09010312405671,0.152469670129883,1,0
"2540",8,3,"20",-1.09010312405671,0.152469670129883,1,0
"2541",9,3,"20",-1.09010312405671,0.152469670129883,1,0
"2542",10,3,"20",-1.09010312405671,0.152469670129883,1,0
"2543",11,3,"20",-1.09010312405671,0.152469670129883,1,0
"2544",12,3,"20",-1.09010312405671,0.152469670129883,1,0
"2545",13,3,"20",-1.09010312405671,0.152469670129883,1,0
"2546",14,3,"20",-1.09010312405671,0.152469670129883,1,0
"2547",15,3,"20",-1.09010312405671,0.152469670129883,1,0
"2548",16,3,"20",-1.09010312405671,0.152469670129883,1,0
"2549",17,3,"20",-1.09010312405671,0.152469670129883,1,0
"2550",18,3,"20",-1.09010312405671,0.152469670129883,1,0
"2551",19,3,"20",-1.09010312405671,0.152469670129883,1,0
"2552",20,3,"20",-1.09010312405671,0.152469670129883,1,0
"2553",21,3,"20",-1.09010312405671,0.152469670129883,1,0
"2554",22,3,"20",-1.09010312405671,0.152469670129883,1,0
"2555",23,3,"20",-1.09010312405671,0.152469670129883,1,0
"2556",24,3,"20",-1.09010312405671,0.152469670129883,1,0
"2557",25,3,"20",-1.09010312405671,0.152469670129883,1,0
"2558",26,3,"20",-1.09010312405671,0.152469670129883,1,0
"2559",27,3,"20",-1.09010312405671,0.152469670129883,1,0
"2560",28,3,"20",-1.09010312405671,0.152469670129883,1,0
"2561",29,3,"20",-1.09010312405671,0.152469670129883,1,0
"2562",30,3,"20",-1.09010312405671,0.152469670129883,1,0
"2563",1,1,"21",-1.56672539864219,0.0328138944923368,1,0
"2564",2,1,"21",-1.56672539864219,0.0328138944923368,1,0
"2565",3,1,"21",-1.56672539864219,0.0328138944923368,1,0
"2566",4,1,"21",-1.56672539864219,0.0328138944923368,1,0
"2567",5,1,"21",-1.56672539864219,0.0328138944923368,1,0
"2568",6,1,"21",-1.56672539864219,0.0328138944923368,1,0
"2569",7,1,"21",-1.56672539864219,0.0328138944923368,1,0
"2570",8,1,"21",-1.56672539864219,0.0328138944923368,1,0
"2571",9,1,"21",-1.56672539864219,0.0328138944923368,1,0
"2572",10,1,"21",-1.56672539864219,0.0328138944923368,1,0
"2573",11,1,"21",-1.56672539864219,0.0328138944923368,1,0
"2574",12,1,"21",-1.56672539864219,0.0328138944923368,1,0
"2575",13,1,"21",-1.56672539864219,0.0328138944923368,1,0
"2576",14,1,"21",-1.56672539864219,0.0328138944923368,1,0
"2577",15,1,"21",-1.56672539864219,0.0328138944923368,1,0
"2578",16,1,"21",-1.56672539864219,0.0328138944923368,1,0
"2579",17,1,"21",-1.56672539864219,0.0328138944923368,1,0
"2580",18,1,"21",-1.56672539864219,0.0328138944923368,1,0
"2581",19,1,"21",-1.56672539864219,0.0328138944923368,1,0
"2582",20,1,"21",-1.56672539864219,0.0328138944923368,1,0
"2583",21,1,"21",-1.56672539864219,0.0328138944923368,1,0
"2584",22,1,"21",-1.56672539864219,0.0328138944923368,1,0
"2585",23,1,"21",-1.56672539864219,0.0328138944923368,1,0
"2586",24,1,"21",-1.56672539864219,0.0328138944923368,1,1
"2587",25,1,"21",-1.56672539864219,0.0328138944923368,1,0
"2588",26,1,"21",-1.56672539864219,0.0328138944923368,1,0
"2589",27,1,"21",-1.56672539864219,0.0328138944923368,1,0
"2590",28,1,"21",-1.56672539864219,0.0328138944923368,1,0
"2591",29,1,"21",-1.56672539864219,0.0328138944923368,1,0
"2592",30,1,"21",-1.56672539864219,0.0328138944923368,1,0
"2593",1,2,"21",0.143825732914011,0.931079440060763,1,0
"2594",2,2,"21",0.143825732914011,0.931079440060763,1,0
"2595",3,2,"21",0.143825732914011,0.931079440060763,1,0
"2596",4,2,"21",0.143825732914011,0.931079440060763,1,0
"2597",5,2,"21",0.143825732914011,0.931079440060763,1,0
"2598",6,2,"21",0.143825732914011,0.931079440060763,1,0
"2599",7,2,"21",0.143825732914011,0.931079440060763,1,0
"2600",8,2,"21",0.143825732914011,0.931079440060763,1,0
"2601",9,2,"21",0.143825732914011,0.931079440060763,1,0
"2602",10,2,"21",0.143825732914011,0.931079440060763,1,0
"2603",11,2,"21",0.143825732914011,0.931079440060763,1,0
"2604",12,2,"21",0.143825732914011,0.931079440060763,1,0
"2605",13,2,"21",0.143825732914011,0.931079440060763,1,0
"2606",14,2,"21",0.143825732914011,0.931079440060763,1,0
"2607",15,2,"21",0.143825732914011,0.931079440060763,1,0
"2608",16,2,"21",0.143825732914011,0.931079440060763,1,0
"2609",17,2,"21",0.143825732914011,0.931079440060763,1,0
"2610",18,2,"21",0.143825732914011,0.931079440060763,1,0
"2611",19,2,"21",0.143825732914011,0.931079440060763,1,0
"2612",20,2,"21",0.143825732914011,0.931079440060763,1,0
"2613",21,2,"21",0.143825732914011,0.931079440060763,1,0
"2614",22,2,"21",0.143825732914011,0.931079440060763,1,0
"2615",23,2,"21",0.143825732914011,0.931079440060763,1,0
"2616",24,2,"21",0.143825732914011,0.931079440060763,1,1
"2617",25,2,"21",0.143825732914011,0.931079440060763,1,0
"2618",26,2,"21",0.143825732914011,0.931079440060763,1,0
"2619",27,2,"21",0.143825732914011,0.931079440060763,1,0
"2620",28,2,"21",0.143825732914011,0.931079440060763,1,0
"2621",29,2,"21",0.143825732914011,0.931079440060763,1,0
"2622",30,2,"21",0.143825732914011,0.931079440060763,1,0
"2623",1,3,"21",0.212910558751208,0.94506935649495,1,0
"2624",2,3,"21",0.212910558751208,0.94506935649495,1,0
"2625",3,3,"21",0.212910558751208,0.94506935649495,1,0
"2626",4,3,"21",0.212910558751208,0.94506935649495,1,0
"2627",5,3,"21",0.212910558751208,0.94506935649495,1,0
"2628",6,3,"21",0.212910558751208,0.94506935649495,1,0
"2629",7,3,"21",0.212910558751208,0.94506935649495,1,0
"2630",8,3,"21",0.212910558751208,0.94506935649495,1,0
"2631",9,3,"21",0.212910558751208,0.94506935649495,1,0
"2632",10,3,"21",0.212910558751208,0.94506935649495,1,0
"2633",11,3,"21",0.212910558751208,0.94506935649495,1,0
"2634",12,3,"21",0.212910558751208,0.94506935649495,1,0
"2635",13,3,"21",0.212910558751208,0.94506935649495,1,0
"2636",14,3,"21",0.212910558751208,0.94506935649495,1,0
"2637",15,3,"21",0.212910558751208,0.94506935649495,1,0
"2638",16,3,"21",0.212910558751208,0.94506935649495,1,0
"2639",17,3,"21",0.212910558751208,0.94506935649495,1,0
"2640",18,3,"21",0.212910558751208,0.94506935649495,1,0
"2641",19,3,"21",0.212910558751208,0.94506935649495,1,0
"2642",20,3,"21",0.212910558751208,0.94506935649495,1,0
"2643",21,3,"21",0.212910558751208,0.94506935649495,1,0
"2644",22,3,"21",0.212910558751208,0.94506935649495,1,0
"2645",23,3,"21",0.212910558751208,0.94506935649495,1,0
"2646",24,3,"21",0.212910558751208,0.94506935649495,1,1
"2647",25,3,"21",0.212910558751208,0.94506935649495,1,0
"2648",26,3,"21",0.212910558751208,0.94506935649495,1,0
"2649",27,3,"21",0.212910558751208,0.94506935649495,1,0
"2650",28,3,"21",0.212910558751208,0.94506935649495,1,0
"2651",29,3,"21",0.212910558751208,0.94506935649495,1,0
"2652",30,3,"21",0.212910558751208,0.94506935649495,1,0
"2653",24,4,"21",-1.15018777656542,0.127232040049402,2,0
"2654",24,5,"21",0.593835269661806,0.984908594708204,2,0
"2655",24,6,"21",-1.0655976760774,0.163886279123563,2,0
"2656",1,1,"22",0.674253524656732,0.988568523753922,1,1
"2657",2,1,"22",0.674253524656732,0.988568523753922,1,1
"2658",3,1,"22",0.674253524656732,0.988568523753922,1,1
"2659",4,1,"22",0.674253524656732,0.988568523753922,1,1
"2660",5,1,"22",0.674253524656732,0.988568523753922,1,1
"2661",6,1,"22",0.674253524656732,0.988568523753922,1,1
"2662",7,1,"22",0.674253524656732,0.988568523753922,1,1
"2663",8,1,"22",0.674253524656732,0.988568523753922,1,1
"2664",9,1,"22",0.674253524656732,0.988568523753922,1,1
"2665",10,1,"22",0.674253524656732,0.988568523753922,1,1
"2666",11,1,"22",0.674253524656732,0.988568523753922,1,1
"2667",12,1,"22",0.674253524656732,0.988568523753922,1,1
"2668",13,1,"22",0.674253524656732,0.988568523753922,1,1
"2669",14,1,"22",0.674253524656732,0.988568523753922,1,1
"2670",15,1,"22",0.674253524656732,0.988568523753922,1,1
"2671",16,1,"22",0.674253524656732,0.988568523753922,1,1
"2672",17,1,"22",0.674253524656732,0.988568523753922,1,1
"2673",18,1,"22",0.674253524656732,0.988568523753922,1,1
"2674",19,1,"22",0.674253524656732,0.988568523753922,1,1
"2675",20,1,"22",0.674253524656732,0.988568523753922,1,1
"2676",21,1,"22",0.674253524656732,0.988568523753922,1,1
"2677",22,1,"22",0.674253524656732,0.988568523753922,1,1
"2678",23,1,"22",0.674253524656732,0.988568523753922,1,1
"2679",24,1,"22",0.674253524656732,0.988568523753922,1,1
"2680",25,1,"22",0.674253524656732,0.988568523753922,1,1
"2681",26,1,"22",0.674253524656732,0.988568523753922,1,1
"2682",27,1,"22",0.674253524656732,0.988568523753922,1,1
"2683",28,1,"22",0.674253524656732,0.988568523753922,1,1
"2684",29,1,"22",0.674253524656732,0.988568523753922,1,1
"2685",30,1,"22",0.674253524656732,0.988568523753922,1,1
"2686",1,2,"22",1.13671938176411,0.997713668669535,1,1
"2687",2,2,"22",1.13671938176411,0.997713668669535,1,1
"2688",3,2,"22",1.13671938176411,0.997713668669535,1,1
"2689",4,2,"22",1.13671938176411,0.997713668669535,1,1
"2690",5,2,"22",1.13671938176411,0.997713668669535,1,1
"2691",6,2,"22",1.13671938176411,0.997713668669535,1,1
"2692",7,2,"22",1.13671938176411,0.997713668669535,1,1
"2693",8,2,"22",1.13671938176411,0.997713668669535,1,1
"2694",9,2,"22",1.13671938176411,0.997713668669535,1,1
"2695",10,2,"22",1.13671938176411,0.997713668669535,1,1
"2696",11,2,"22",1.13671938176411,0.997713668669535,1,1
"2697",12,2,"22",1.13671938176411,0.997713668669535,1,1
"2698",13,2,"22",1.13671938176411,0.997713668669535,1,1
"2699",14,2,"22",1.13671938176411,0.997713668669535,1,1
"2700",15,2,"22",1.13671938176411,0.997713668669535,1,1
"2701",16,2,"22",1.13671938176411,0.997713668669535,1,1
"2702",17,2,"22",1.13671938176411,0.997713668669535,1,1
"2703",18,2,"22",1.13671938176411,0.997713668669535,1,1
"2704",19,2,"22",1.13671938176411,0.997713668669535,1,1
"2705",20,2,"22",1.13671938176411,0.997713668669535,1,1
"2706",21,2,"22",1.13671938176411,0.997713668669535,1,1
"2707",22,2,"22",1.13671938176411,0.997713668669535,1,1
"2708",23,2,"22",1.13671938176411,0.997713668669535,1,1
"2709",24,2,"22",1.13671938176411,0.997713668669535,1,1
"2710",25,2,"22",1.13671938176411,0.997713668669535,1,1
"2711",26,2,"22",1.13671938176411,0.997713668669535,1,1
"2712",27,2,"22",1.13671938176411,0.997713668669535,1,1
"2713",28,2,"22",1.13671938176411,0.997713668669535,1,1
"2714",29,2,"22",1.13671938176411,0.997713668669535,1,1
"2715",30,2,"22",1.13671938176411,0.997713668669535,1,1
"2716",1,3,"22",1.91768341036734,0.999851071000108,1,1
"2717",2,3,"22",1.91768341036734,0.999851071000108,1,1
"2718",3,3,"22",1.91768341036734,0.999851071000108,1,1
"2719",4,3,"22",1.91768341036734,0.999851071000108,1,1
"2720",5,3,"22",1.91768341036734,0.999851071000108,1,1
"2721",6,3,"22",1.91768341036734,0.999851071000108,1,1
"2722",7,3,"22",1.91768341036734,0.999851071000108,1,1
"2723",8,3,"22",1.91768341036734,0.999851071000108,1,1
"2724",9,3,"22",1.91768341036734,0.999851071000108,1,1
"2725",10,3,"22",1.91768341036734,0.999851071000108,1,1
"2726",11,3,"22",1.91768341036734,0.999851071000108,1,1
"2727",12,3,"22",1.91768341036734,0.999851071000108,1,1
"2728",13,3,"22",1.91768341036734,0.999851071000108,1,1
"2729",14,3,"22",1.91768341036734,0.999851071000108,1,1
"2730",15,3,"22",1.91768341036734,0.999851071000108,1,1
"2731",16,3,"22",1.91768341036734,0.999851071000108,1,1
"2732",17,3,"22",1.91768341036734,0.999851071000108,1,1
"2733",18,3,"22",1.91768341036734,0.999851071000108,1,1
"2734",19,3,"22",1.91768341036734,0.999851071000108,1,1
"2735",20,3,"22",1.91768341036734,0.999851071000108,1,1
"2736",21,3,"22",1.91768341036734,0.999851071000108,1,1
"2737",22,3,"22",1.91768341036734,0.999851071000108,1,1
"2738",23,3,"22",1.91768341036734,0.999851071000108,1,1
"2739",24,3,"22",1.91768341036734,0.999851071000108,1,1
"2740",25,3,"22",1.91768341036734,0.999851071000108,1,1
"2741",26,3,"22",1.91768341036734,0.999851071000108,1,1
"2742",27,3,"22",1.91768341036734,0.999851071000108,1,1
"2743",28,3,"22",1.91768341036734,0.999851071000108,1,1
"2744",29,3,"22",1.91768341036734,0.999851071000108,1,1
"2745",30,3,"22",1.91768341036734,0.999851071000108,1,1
"2746",1,4,"22",-0.45532360919219,0.623954515366293,2,0
"2747",2,4,"22",-0.45532360919219,0.623954515366293,2,1
"2748",3,4,"22",-0.45532360919219,0.623954515366293,2,1
"2749",4,4,"22",-0.45532360919219,0.623954515366293,2,1
"2750",5,4,"22",-0.45532360919219,0.623954515366293,2,1
"2751",6,4,"22",-0.45532360919219,0.623954515366293,2,1
"2752",7,4,"22",-0.45532360919219,0.623954515366293,2,1
"2753",8,4,"22",-0.45532360919219,0.623954515366293,2,0
"2754",9,4,"22",-0.45532360919219,0.623954515366293,2,1
"2755",10,4,"22",-0.45532360919219,0.623954515366293,2,1
"2756",11,4,"22",-0.45532360919219,0.623954515366293,2,1
"2757",12,4,"22",-0.45532360919219,0.623954515366293,2,1
"2758",13,4,"22",-0.45532360919219,0.623954515366293,2,0
"2759",14,4,"22",-0.45532360919219,0.623954515366293,2,0
"2760",15,4,"22",-0.45532360919219,0.623954515366293,2,1
"2761",16,4,"22",-0.45532360919219,0.623954515366293,2,0
"2762",17,4,"22",-0.45532360919219,0.623954515366293,2,0
"2763",18,4,"22",-0.45532360919219,0.623954515366293,2,1
"2764",19,4,"22",-0.45532360919219,0.623954515366293,2,0
"2765",20,4,"22",-0.45532360919219,0.623954515366293,2,0
"2766",21,4,"22",-0.45532360919219,0.623954515366293,2,0
"2767",22,4,"22",-0.45532360919219,0.623954515366293,2,1
"2768",23,4,"22",-0.45532360919219,0.623954515366293,2,0
"2769",24,4,"22",-0.45532360919219,0.623954515366293,2,1
"2770",25,4,"22",-0.45532360919219,0.623954515366293,2,1
"2771",26,4,"22",-0.45532360919219,0.623954515366293,2,1
"2772",27,4,"22",-0.45532360919219,0.623954515366293,2,0
"2773",28,4,"22",-0.45532360919219,0.623954515366293,2,1
"2774",29,4,"22",-0.45532360919219,0.623954515366293,2,0
"2775",30,4,"22",-0.45532360919219,0.623954515366293,2,1
"2776",1,5,"22",0.381112852895042,0.968747208082509,2,0
"2777",2,5,"22",0.381112852895042,0.968747208082509,2,1
"2778",3,5,"22",0.381112852895042,0.968747208082509,2,1
"2779",4,5,"22",0.381112852895042,0.968747208082509,2,1
"2780",5,5,"22",0.381112852895042,0.968747208082509,2,1
"2781",6,5,"22",0.381112852895042,0.968747208082509,2,1
"2782",7,5,"22",0.381112852895042,0.968747208082509,2,1
"2783",8,5,"22",0.381112852895042,0.968747208082509,2,0
"2784",9,5,"22",0.381112852895042,0.968747208082509,2,1
"2785",10,5,"22",0.381112852895042,0.968747208082509,2,1
"2786",11,5,"22",0.381112852895042,0.968747208082509,2,1
"2787",12,5,"22",0.381112852895042,0.968747208082509,2,1
"2788",13,5,"22",0.381112852895042,0.968747208082509,2,0
"2789",14,5,"22",0.381112852895042,0.968747208082509,2,0
"2790",15,5,"22",0.381112852895042,0.968747208082509,2,1
"2791",16,5,"22",0.381112852895042,0.968747208082509,2,0
"2792",17,5,"22",0.381112852895042,0.968747208082509,2,0
"2793",18,5,"22",0.381112852895042,0.968747208082509,2,1
"2794",19,5,"22",0.381112852895042,0.968747208082509,2,0
"2795",20,5,"22",0.381112852895042,0.968747208082509,2,0
"2796",21,5,"22",0.381112852895042,0.968747208082509,2,0
"2797",22,5,"22",0.381112852895042,0.968747208082509,2,1
"2798",23,5,"22",0.381112852895042,0.968747208082509,2,0
"2799",24,5,"22",0.381112852895042,0.968747208082509,2,1
"2800",25,5,"22",0.381112852895042,0.968747208082509,2,1
"2801",26,5,"22",0.381112852895042,0.968747208082509,2,1
"2802",27,5,"22",0.381112852895042,0.968747208082509,2,0
"2803",28,5,"22",0.381112852895042,0.968747208082509,2,1
"2804",29,5,"22",0.381112852895042,0.968747208082509,2,0
"2805",30,5,"22",0.381112852895042,0.968747208082509,2,1
"2806",1,6,"22",1.00307305602842,0.996355030657992,2,0
"2807",2,6,"22",1.00307305602842,0.996355030657992,2,1
"2808",3,6,"22",1.00307305602842,0.996355030657992,2,1
"2809",4,6,"22",1.00307305602842,0.996355030657992,2,1
"2810",5,6,"22",1.00307305602842,0.996355030657992,2,1
"2811",6,6,"22",1.00307305602842,0.996355030657992,2,1
"2812",7,6,"22",1.00307305602842,0.996355030657992,2,1
"2813",8,6,"22",1.00307305602842,0.996355030657992,2,0
"2814",9,6,"22",1.00307305602842,0.996355030657992,2,1
"2815",10,6,"22",1.00307305602842,0.996355030657992,2,1
"2816",11,6,"22",1.00307305602842,0.996355030657992,2,1
"2817",12,6,"22",1.00307305602842,0.996355030657992,2,1
"2818",13,6,"22",1.00307305602842,0.996355030657992,2,0
"2819",14,6,"22",1.00307305602842,0.996355030657992,2,0
"2820",15,6,"22",1.00307305602842,0.996355030657992,2,1
"2821",16,6,"22",1.00307305602842,0.996355030657992,2,0
"2822",17,6,"22",1.00307305602842,0.996355030657992,2,0
"2823",18,6,"22",1.00307305602842,0.996355030657992,2,1
"2824",19,6,"22",1.00307305602842,0.996355030657992,2,0
"2825",20,6,"22",1.00307305602842,0.996355030657992,2,0
"2826",21,6,"22",1.00307305602842,0.996355030657992,2,0
"2827",22,6,"22",1.00307305602842,0.996355030657992,2,1
"2828",23,6,"22",1.00307305602842,0.996355030657992,2,0
"2829",24,6,"22",1.00307305602842,0.996355030657992,2,1
"2830",25,6,"22",1.00307305602842,0.996355030657992,2,1
"2831",26,6,"22",1.00307305602842,0.996355030657992,2,1
"2832",27,6,"22",1.00307305602842,0.996355030657992,2,0
"2833",28,6,"22",1.00307305602842,0.996355030657992,2,1
"2834",29,6,"22",1.00307305602842,0.996355030657992,2,0
"2835",30,6,"22",1.00307305602842,0.996355030657992,2,1
"2836",2,7,"22",-0.129254791042188,0.838567533988234,3,1
"2837",3,7,"22",-0.129254791042188,0.838567533988234,3,0
"2838",4,7,"22",-0.129254791042188,0.838567533988234,3,1
"2839",5,7,"22",-0.129254791042188,0.838567533988234,3,1
"2840",6,7,"22",-0.129254791042188,0.838567533988234,3,1
"2841",7,7,"22",-0.129254791042188,0.838567533988234,3,1
"2842",9,7,"22",-0.129254791042188,0.838567533988234,3,0
"2843",10,7,"22",-0.129254791042188,0.838567533988234,3,1
"2844",11,7,"22",-0.129254791042188,0.838567533988234,3,1
"2845",12,7,"22",-0.129254791042188,0.838567533988234,3,1
"2846",15,7,"22",-0.129254791042188,0.838567533988234,3,1
"2847",18,7,"22",-0.129254791042188,0.838567533988234,3,0
"2848",22,7,"22",-0.129254791042188,0.838567533988234,3,0
"2849",24,7,"22",-0.129254791042188,0.838567533988234,3,1
"2850",25,7,"22",-0.129254791042188,0.838567533988234,3,1
"2851",26,7,"22",-0.129254791042188,0.838567533988234,3,0
"2852",28,7,"22",-0.129254791042188,0.838567533988234,3,1
"2853",30,7,"22",-0.129254791042188,0.838567533988234,3,1
"2854",2,8,"22",0.42499062614238,0.973076604814503,3,1
"2855",3,8,"22",0.42499062614238,0.973076604814503,3,0
"2856",4,8,"22",0.42499062614238,0.973076604814503,3,1
"2857",5,8,"22",0.42499062614238,0.973076604814503,3,1
"2858",6,8,"22",0.42499062614238,0.973076604814503,3,1
"2859",7,8,"22",0.42499062614238,0.973076604814503,3,1
"2860",9,8,"22",0.42499062614238,0.973076604814503,3,0
"2861",10,8,"22",0.42499062614238,0.973076604814503,3,1
"2862",11,8,"22",0.42499062614238,0.973076604814503,3,1
"2863",12,8,"22",0.42499062614238,0.973076604814503,3,1
"2864",15,8,"22",0.42499062614238,0.973076604814503,3,1
"2865",18,8,"22",0.42499062614238,0.973076604814503,3,0
"2866",22,8,"22",0.42499062614238,0.973076604814503,3,0
"2867",24,8,"22",0.42499062614238,0.973076604814503,3,1
"2868",25,8,"22",0.42499062614238,0.973076604814503,3,1
"2869",26,8,"22",0.42499062614238,0.973076604814503,3,0
"2870",28,8,"22",0.42499062614238,0.973076604814503,3,1
"2871",30,8,"22",0.42499062614238,0.973076604814503,3,1
"2872",2,9,"22",0.156675233898727,0.933910042852724,3,1
"2873",3,9,"22",0.156675233898727,0.933910042852724,3,0
"2874",4,9,"22",0.156675233898727,0.933910042852724,3,1
"2875",5,9,"22",0.156675233898727,0.933910042852724,3,1
"2876",6,9,"22",0.156675233898727,0.933910042852724,3,1
"2877",7,9,"22",0.156675233898727,0.933910042852724,3,1
"2878",9,9,"22",0.156675233898727,0.933910042852724,3,0
"2879",10,9,"22",0.156675233898727,0.933910042852724,3,1
"2880",11,9,"22",0.156675233898727,0.933910042852724,3,1
"2881",12,9,"22",0.156675233898727,0.933910042852724,3,1
"2882",15,9,"22",0.156675233898727,0.933910042852724,3,1
"2883",18,9,"22",0.156675233898727,0.933910042852724,3,0
"2884",22,9,"22",0.156675233898727,0.933910042852724,3,0
"2885",24,9,"22",0.156675233898727,0.933910042852724,3,1
"2886",25,9,"22",0.156675233898727,0.933910042852724,3,1
"2887",26,9,"22",0.156675233898727,0.933910042852724,3,0
"2888",28,9,"22",0.156675233898727,0.933910042852724,3,1
"2889",30,9,"22",0.156675233898727,0.933910042852724,3,1
"2890",2,10,"22",-0.144859186900351,0.831036758958361,4,1
"2891",4,10,"22",-0.144859186900351,0.831036758958361,4,0
"2892",5,10,"22",-0.144859186900351,0.831036758958361,4,1
"2893",6,10,"22",-0.144859186900351,0.831036758958361,4,0
"2894",7,10,"22",-0.144859186900351,0.831036758958361,4,1
"2895",10,10,"22",-0.144859186900351,0.831036758958361,4,1
"2896",11,10,"22",-0.144859186900351,0.831036758958361,4,1
"2897",12,10,"22",-0.144859186900351,0.831036758958361,4,1
"2898",15,10,"22",-0.144859186900351,0.831036758958361,4,1
"2899",24,10,"22",-0.144859186900351,0.831036758958361,4,1
"2900",25,10,"22",-0.144859186900351,0.831036758958361,4,0
"2901",28,10,"22",-0.144859186900351,0.831036758958361,4,1
"2902",30,10,"22",-0.144859186900351,0.831036758958361,4,1
"2903",2,11,"22",0.116992480669654,0.92480329743439,4,1
"2904",4,11,"22",0.116992480669654,0.92480329743439,4,0
"2905",5,11,"22",0.116992480669654,0.92480329743439,4,1
"2906",6,11,"22",0.116992480669654,0.92480329743439,4,0
"2907",7,11,"22",0.116992480669654,0.92480329743439,4,1
"2908",10,11,"22",0.116992480669654,0.92480329743439,4,1
"2909",11,11,"22",0.116992480669654,0.92480329743439,4,1
"2910",12,11,"22",0.116992480669654,0.92480329743439,4,1
"2911",15,11,"22",0.116992480669654,0.92480329743439,4,1
"2912",24,11,"22",0.116992480669654,0.92480329743439,4,1
"2913",25,11,"22",0.116992480669654,0.92480329743439,4,0
"2914",28,11,"22",0.116992480669654,0.92480329743439,4,1
"2915",30,11,"22",0.116992480669654,0.92480329743439,4,1
"2916",2,12,"22",0.805180467826612,0.992740307523646,4,1
"2917",4,12,"22",0.805180467826612,0.992740307523646,4,0
"2918",5,12,"22",0.805180467826612,0.992740307523646,4,1
"2919",6,12,"22",0.805180467826612,0.992740307523646,4,0
"2920",7,12,"22",0.805180467826612,0.992740307523646,4,1
"2921",10,12,"22",0.805180467826612,0.992740307523646,4,1
"2922",11,12,"22",0.805180467826612,0.992740307523646,4,1
"2923",12,12,"22",0.805180467826612,0.992740307523646,4,1
"2924",15,12,"22",0.805180467826612,0.992740307523646,4,1
"2925",24,12,"22",0.805180467826612,0.992740307523646,4,1
"2926",25,12,"22",0.805180467826612,0.992740307523646,4,0
"2927",28,12,"22",0.805180467826612,0.992740307523646,4,1
"2928",30,12,"22",0.805180467826612,0.992740307523646,4,1
"2929",2,13,"22",0.324661260963962,0.962178214437923,5,0
"2930",5,13,"22",0.324661260963962,0.962178214437923,5,0
"2931",7,13,"22",0.324661260963962,0.962178214437923,5,0
"2932",10,13,"22",0.324661260963962,0.962178214437923,5,0
"2933",11,13,"22",0.324661260963962,0.962178214437923,5,0
"2934",12,13,"22",0.324661260963962,0.962178214437923,5,0
"2935",15,13,"22",0.324661260963962,0.962178214437923,5,0
"2936",24,13,"22",0.324661260963962,0.962178214437923,5,0
"2937",28,13,"22",0.324661260963962,0.962178214437923,5,0
"2938",30,13,"22",0.324661260963962,0.962178214437923,5,0
"2939",2,14,"22",-0.431801953681888,0.643065240254094,5,0
"2940",5,14,"22",-0.431801953681888,0.643065240254094,5,0
"2941",7,14,"22",-0.431801953681888,0.643065240254094,5,0
"2942",10,14,"22",-0.431801953681888,0.643065240254094,5,0
"2943",11,14,"22",-0.431801953681888,0.643065240254094,5,0
"2944",12,14,"22",-0.431801953681888,0.643065240254094,5,0
"2945",15,14,"22",-0.431801953681888,0.643065240254094,5,0
"2946",24,14,"22",-0.431801953681888,0.643065240254094,5,0
"2947",28,14,"22",-0.431801953681888,0.643065240254094,5,0
"2948",30,14,"22",-0.431801953681888,0.643065240254094,5,0
"2949",2,15,"22",-1.96453027170866,0.00836037936495519,5,0
"2950",5,15,"22",-1.96453027170866,0.00836037936495519,5,0
"2951",7,15,"22",-1.96453027170866,0.00836037936495519,5,0
"2952",10,15,"22",-1.96453027170866,0.00836037936495519,5,0
"2953",11,15,"22",-1.96453027170866,0.00836037936495519,5,0
"2954",12,15,"22",-1.96453027170866,0.00836037936495519,5,0
"2955",15,15,"22",-1.96453027170866,0.00836037936495519,5,0
"2956",24,15,"22",-1.96453027170866,0.00836037936495519,5,0
"2957",28,15,"22",-1.96453027170866,0.00836037936495519,5,0
"2958",30,15,"22",-1.96453027170866,0.00836037936495519,5,0
"2959",1,1,"23",-0.271840425084004,0.759247524831927,1,1
"2960",2,1,"23",-0.271840425084004,0.759247524831927,1,0
"2961",3,1,"23",-0.271840425084004,0.759247524831927,1,1
"2962",4,1,"23",-0.271840425084004,0.759247524831927,1,0
"2963",5,1,"23",-0.271840425084004,0.759247524831927,1,0
"2964",6,1,"23",-0.271840425084004,0.759247524831927,1,0
"2965",7,1,"23",-0.271840425084004,0.759247524831927,1,0
"2966",8,1,"23",-0.271840425084004,0.759247524831927,1,1
"2967",9,1,"23",-0.271840425084004,0.759247524831927,1,0
"2968",10,1,"23",-0.271840425084004,0.759247524831927,1,1
"2969",11,1,"23",-0.271840425084004,0.759247524831927,1,1
"2970",12,1,"23",-0.271840425084004,0.759247524831927,1,0
"2971",13,1,"23",-0.271840425084004,0.759247524831927,1,1
"2972",14,1,"23",-0.271840425084004,0.759247524831927,1,0
"2973",15,1,"23",-0.271840425084004,0.759247524831927,1,0
"2974",16,1,"23",-0.271840425084004,0.759247524831927,1,0
"2975",17,1,"23",-0.271840425084004,0.759247524831927,1,0
"2976",18,1,"23",-0.271840425084004,0.759247524831927,1,1
"2977",19,1,"23",-0.271840425084004,0.759247524831927,1,0
"2978",20,1,"23",-0.271840425084004,0.759247524831927,1,0
"2979",21,1,"23",-0.271840425084004,0.759247524831927,1,0
"2980",22,1,"23",-0.271840425084004,0.759247524831927,1,1
"2981",23,1,"23",-0.271840425084004,0.759247524831927,1,0
"2982",24,1,"23",-0.271840425084004,0.759247524831927,1,1
"2983",25,1,"23",-0.271840425084004,0.759247524831927,1,0
"2984",26,1,"23",-0.271840425084004,0.759247524831927,1,0
"2985",27,1,"23",-0.271840425084004,0.759247524831927,1,0
"2986",28,1,"23",-0.271840425084004,0.759247524831927,1,1
"2987",29,1,"23",-0.271840425084004,0.759247524831927,1,1
"2988",30,1,"23",-0.271840425084004,0.759247524831927,1,1
"2989",1,2,"23",-0.472187538138046,0.610007469670968,1,1
"2990",2,2,"23",-0.472187538138046,0.610007469670968,1,0
"2991",3,2,"23",-0.472187538138046,0.610007469670968,1,1
"2992",4,2,"23",-0.472187538138046,0.610007469670968,1,0
"2993",5,2,"23",-0.472187538138046,0.610007469670968,1,0
"2994",6,2,"23",-0.472187538138046,0.610007469670968,1,0
"2995",7,2,"23",-0.472187538138046,0.610007469670968,1,0
"2996",8,2,"23",-0.472187538138046,0.610007469670968,1,1
"2997",9,2,"23",-0.472187538138046,0.610007469670968,1,0
"2998",10,2,"23",-0.472187538138046,0.610007469670968,1,1
"2999",11,2,"23",-0.472187538138046,0.610007469670968,1,1
"3000",12,2,"23",-0.472187538138046,0.610007469670968,1,0
"3001",13,2,"23",-0.472187538138046,0.610007469670968,1,1
"3002",14,2,"23",-0.472187538138046,0.610007469670968,1,0
"3003",15,2,"23",-0.472187538138046,0.610007469670968,1,0
"3004",16,2,"23",-0.472187538138046,0.610007469670968,1,0
"3005",17,2,"23",-0.472187538138046,0.610007469670968,1,0
"3006",18,2,"23",-0.472187538138046,0.610007469670968,1,1
"3007",19,2,"23",-0.472187538138046,0.610007469670968,1,0
"3008",20,2,"23",-0.472187538138046,0.610007469670968,1,0
"3009",21,2,"23",-0.472187538138046,0.610007469670968,1,0
"3010",22,2,"23",-0.472187538138046,0.610007469670968,1,1
"3011",23,2,"23",-0.472187538138046,0.610007469670968,1,0
"3012",24,2,"23",-0.472187538138046,0.610007469670968,1,1
"3013",25,2,"23",-0.472187538138046,0.610007469670968,1,0
"3014",26,2,"23",-0.472187538138046,0.610007469670968,1,0
"3015",27,2,"23",-0.472187538138046,0.610007469670968,1,0
"3016",28,2,"23",-0.472187538138046,0.610007469670968,1,1
"3017",29,2,"23",-0.472187538138046,0.610007469670968,1,1
"3018",30,2,"23",-0.472187538138046,0.610007469670968,1,1
"3019",1,3,"23",0.797747135511465,0.992550381676181,1,1
"3020",2,3,"23",0.797747135511465,0.992550381676181,1,0
"3021",3,3,"23",0.797747135511465,0.992550381676181,1,1
"3022",4,3,"23",0.797747135511465,0.992550381676181,1,0
"3023",5,3,"23",0.797747135511465,0.992550381676181,1,0
"3024",6,3,"23",0.797747135511465,0.992550381676181,1,0
"3025",7,3,"23",0.797747135511465,0.992550381676181,1,0
"3026",8,3,"23",0.797747135511465,0.992550381676181,1,1
"3027",9,3,"23",0.797747135511465,0.992550381676181,1,0
"3028",10,3,"23",0.797747135511465,0.992550381676181,1,1
"3029",11,3,"23",0.797747135511465,0.992550381676181,1,1
"3030",12,3,"23",0.797747135511465,0.992550381676181,1,0
"3031",13,3,"23",0.797747135511465,0.992550381676181,1,1
"3032",14,3,"23",0.797747135511465,0.992550381676181,1,0
"3033",15,3,"23",0.797747135511465,0.992550381676181,1,0
"3034",16,3,"23",0.797747135511465,0.992550381676181,1,0
"3035",17,3,"23",0.797747135511465,0.992550381676181,1,0
"3036",18,3,"23",0.797747135511465,0.992550381676181,1,1
"3037",19,3,"23",0.797747135511465,0.992550381676181,1,0
"3038",20,3,"23",0.797747135511465,0.992550381676181,1,0
"3039",21,3,"23",0.797747135511465,0.992550381676181,1,0
"3040",22,3,"23",0.797747135511465,0.992550381676181,1,1
"3041",23,3,"23",0.797747135511465,0.992550381676181,1,0
"3042",24,3,"23",0.797747135511465,0.992550381676181,1,1
"3043",25,3,"23",0.797747135511465,0.992550381676181,1,0
"3044",26,3,"23",0.797747135511465,0.992550381676181,1,0
"3045",27,3,"23",0.797747135511465,0.992550381676181,1,0
"3046",28,3,"23",0.797747135511465,0.992550381676181,1,1
"3047",29,3,"23",0.797747135511465,0.992550381676181,1,1
"3048",30,3,"23",0.797747135511465,0.992550381676181,1,1
"3049",1,4,"23",1.37378097038438,0.999001476049736,2,1
"3050",3,4,"23",1.37378097038438,0.999001476049736,2,1
"3051",8,4,"23",1.37378097038438,0.999001476049736,2,1
"3052",10,4,"23",1.37378097038438,0.999001476049736,2,1
"3053",11,4,"23",1.37378097038438,0.999001476049736,2,1
"3054",13,4,"23",1.37378097038438,0.999001476049736,2,1
"3055",18,4,"23",1.37378097038438,0.999001476049736,2,1
"3056",22,4,"23",1.37378097038438,0.999001476049736,2,1
"3057",24,4,"23",1.37378097038438,0.999001476049736,2,0
"3058",28,4,"23",1.37378097038438,0.999001476049736,2,1
"3059",29,4,"23",1.37378097038438,0.999001476049736,2,1
"3060",30,4,"23",1.37378097038438,0.999001476049736,2,1
"3061",1,5,"23",0.376829972271867,0.968290164646674,2,1
"3062",3,5,"23",0.376829972271867,0.968290164646674,2,1
"3063",8,5,"23",0.376829972271867,0.968290164646674,2,1
"3064",10,5,"23",0.376829972271867,0.968290164646674,2,1
"3065",11,5,"23",0.376829972271867,0.968290164646674,2,1
"3066",13,5,"23",0.376829972271867,0.968290164646674,2,1
"3067",18,5,"23",0.376829972271867,0.968290164646674,2,1
"3068",22,5,"23",0.376829972271867,0.968290164646674,2,1
"3069",24,5,"23",0.376829972271867,0.968290164646674,2,0
"3070",28,5,"23",0.376829972271867,0.968290164646674,2,1
"3071",29,5,"23",0.376829972271867,0.968290164646674,2,1
"3072",30,5,"23",0.376829972271867,0.968290164646674,2,1
"3073",1,6,"23",-0.089868187125241,0.856369922234574,2,1
"3074",3,6,"23",-0.089868187125241,0.856369922234574,2,1
"3075",8,6,"23",-0.089868187125241,0.856369922234574,2,1
"3076",10,6,"23",-0.089868187125241,0.856369922234574,2,1
"3077",11,6,"23",-0.089868187125241,0.856369922234574,2,1
"3078",13,6,"23",-0.089868187125241,0.856369922234574,2,1
"3079",18,6,"23",-0.089868187125241,0.856369922234574,2,1
"3080",22,6,"23",-0.089868187125241,0.856369922234574,2,1
"3081",24,6,"23",-0.089868187125241,0.856369922234574,2,0
"3082",28,6,"23",-0.089868187125241,0.856369922234574,2,1
"3083",29,6,"23",-0.089868187125241,0.856369922234574,2,1
"3084",30,6,"23",-0.089868187125241,0.856369922234574,2,1
"3085",1,7,"23",-0.699499950873827,0.413806897459774,3,0
"3086",3,7,"23",-0.699499950873827,0.413806897459774,3,0
"3087",8,7,"23",-0.699499950873827,0.413806897459774,3,0
"3088",10,7,"23",-0.699499950873827,0.413806897459774,3,0
"3089",11,7,"23",-0.699499950873827,0.413806897459774,3,0
"3090",13,7,"23",-0.699499950873827,0.413806897459774,3,0
"3091",18,7,"23",-0.699499950873827,0.413806897459774,3,0
"3092",22,7,"23",-0.699499950873827,0.413806897459774,3,0
"3093",28,7,"23",-0.699499950873827,0.413806897459774,3,0
"3094",29,7,"23",-0.699499950873827,0.413806897459774,3,0
"3095",30,7,"23",-0.699499950873827,0.413806897459774,3,0
"3096",1,8,"23",-0.203755807818359,0.800089634773173,3,0
"3097",3,8,"23",-0.203755807818359,0.800089634773173,3,0
"3098",8,8,"23",-0.203755807818359,0.800089634773173,3,0
"3099",10,8,"23",-0.203755807818359,0.800089634773173,3,0
"3100",11,8,"23",-0.203755807818359,0.800089634773173,3,0
"3101",13,8,"23",-0.203755807818359,0.800089634773173,3,0
"3102",18,8,"23",-0.203755807818359,0.800089634773173,3,0
"3103",22,8,"23",-0.203755807818359,0.800089634773173,3,0
"3104",28,8,"23",-0.203755807818359,0.800089634773173,3,0
"3105",29,8,"23",-0.203755807818359,0.800089634773173,3,0
"3106",30,8,"23",-0.203755807818359,0.800089634773173,3,0
"3107",1,9,"23",-1.34641923707382,0.0683403415766492,3,0
"3108",3,9,"23",-1.34641923707382,0.0683403415766492,3,0
"3109",8,9,"23",-1.34641923707382,0.0683403415766492,3,0
"3110",10,9,"23",-1.34641923707382,0.0683403415766492,3,0
"3111",11,9,"23",-1.34641923707382,0.0683403415766492,3,0
"3112",13,9,"23",-1.34641923707382,0.0683403415766492,3,0
"3113",18,9,"23",-1.34641923707382,0.0683403415766492,3,0
"3114",22,9,"23",-1.34641923707382,0.0683403415766492,3,0
"3115",28,9,"23",-1.34641923707382,0.0683403415766492,3,0
"3116",29,9,"23",-1.34641923707382,0.0683403415766492,3,0
"3117",30,9,"23",-1.34641923707382,0.0683403415766492,3,0
"3118",1,1,"24",0.381975011571815,0.968838438642385,1,1
"3119",2,1,"24",0.381975011571815,0.968838438642385,1,1
"3120",3,1,"24",0.381975011571815,0.968838438642385,1,0
"3121",4,1,"24",0.381975011571815,0.968838438642385,1,0
"3122",5,1,"24",0.381975011571815,0.968838438642385,1,1
"3123",6,1,"24",0.381975011571815,0.968838438642385,1,1
"3124",7,1,"24",0.381975011571815,0.968838438642385,1,1
"3125",8,1,"24",0.381975011571815,0.968838438642385,1,1
"3126",9,1,"24",0.381975011571815,0.968838438642385,1,0
"3127",10,1,"24",0.381975011571815,0.968838438642385,1,0
"3128",11,1,"24",0.381975011571815,0.968838438642385,1,0
"3129",12,1,"24",0.381975011571815,0.968838438642385,1,0
"3130",13,1,"24",0.381975011571815,0.968838438642385,1,0
"3131",14,1,"24",0.381975011571815,0.968838438642385,1,1
"3132",15,1,"24",0.381975011571815,0.968838438642385,1,1
"3133",16,1,"24",0.381975011571815,0.968838438642385,1,1
"3134",17,1,"24",0.381975011571815,0.968838438642385,1,0
"3135",18,1,"24",0.381975011571815,0.968838438642385,1,1
"3136",19,1,"24",0.381975011571815,0.968838438642385,1,1
"3137",20,1,"24",0.381975011571815,0.968838438642385,1,1
"3138",21,1,"24",0.381975011571815,0.968838438642385,1,1
"3139",22,1,"24",0.381975011571815,0.968838438642385,1,1
"3140",23,1,"24",0.381975011571815,0.968838438642385,1,1
"3141",24,1,"24",0.381975011571815,0.968838438642385,1,1
"3142",25,1,"24",0.381975011571815,0.968838438642385,1,1
"3143",26,1,"24",0.381975011571815,0.968838438642385,1,1
"3144",27,1,"24",0.381975011571815,0.968838438642385,1,1
"3145",28,1,"24",0.381975011571815,0.968838438642385,1,1
"3146",29,1,"24",0.381975011571815,0.968838438642385,1,1
"3147",30,1,"24",0.381975011571815,0.968838438642385,1,0
"3148",1,2,"24",-0.238134007030893,0.780148329795409,1,1
"3149",2,2,"24",-0.238134007030893,0.780148329795409,1,1
"3150",3,2,"24",-0.238134007030893,0.780148329795409,1,0
"3151",4,2,"24",-0.238134007030893,0.780148329795409,1,0
"3152",5,2,"24",-0.238134007030893,0.780148329795409,1,1
"3153",6,2,"24",-0.238134007030893,0.780148329795409,1,1
"3154",7,2,"24",-0.238134007030893,0.780148329795409,1,1
"3155",8,2,"24",-0.238134007030893,0.780148329795409,1,1
"3156",9,2,"24",-0.238134007030893,0.780148329795409,1,0
"3157",10,2,"24",-0.238134007030893,0.780148329795409,1,0
"3158",11,2,"24",-0.238134007030893,0.780148329795409,1,0
"3159",12,2,"24",-0.238134007030893,0.780148329795409,1,0
"3160",13,2,"24",-0.238134007030893,0.780148329795409,1,0
"3161",14,2,"24",-0.238134007030893,0.780148329795409,1,1
"3162",15,2,"24",-0.238134007030893,0.780148329795409,1,1
"3163",16,2,"24",-0.238134007030893,0.780148329795409,1,1
"3164",17,2,"24",-0.238134007030893,0.780148329795409,1,0
"3165",18,2,"24",-0.238134007030893,0.780148329795409,1,1
"3166",19,2,"24",-0.238134007030893,0.780148329795409,1,1
"3167",20,2,"24",-0.238134007030893,0.780148329795409,1,1
"3168",21,2,"24",-0.238134007030893,0.780148329795409,1,1
"3169",22,2,"24",-0.238134007030893,0.780148329795409,1,1
"3170",23,2,"24",-0.238134007030893,0.780148329795409,1,1
"3171",24,2,"24",-0.238134007030893,0.780148329795409,1,1
"3172",25,2,"24",-0.238134007030893,0.780148329795409,1,1
"3173",26,2,"24",-0.238134007030893,0.780148329795409,1,1
"3174",27,2,"24",-0.238134007030893,0.780148329795409,1,1
"3175",28,2,"24",-0.238134007030893,0.780148329795409,1,1
"3176",29,2,"24",-0.238134007030893,0.780148329795409,1,1
"3177",30,2,"24",-0.238134007030893,0.780148329795409,1,0
"3178",1,3,"24",0.758155779345201,0.99145261042666,1,1
"3179",2,3,"24",0.758155779345201,0.99145261042666,1,1
"3180",3,3,"24",0.758155779345201,0.99145261042666,1,0
"3181",4,3,"24",0.758155779345201,0.99145261042666,1,0
"3182",5,3,"24",0.758155779345201,0.99145261042666,1,1
"3183",6,3,"24",0.758155779345201,0.99145261042666,1,1
"3184",7,3,"24",0.758155779345201,0.99145261042666,1,1
"3185",8,3,"24",0.758155779345201,0.99145261042666,1,1
"3186",9,3,"24",0.758155779345201,0.99145261042666,1,0
"3187",10,3,"24",0.758155779345201,0.99145261042666,1,0
"3188",11,3,"24",0.758155779345201,0.99145261042666,1,0
"3189",12,3,"24",0.758155779345201,0.99145261042666,1,0
"3190",13,3,"24",0.758155779345201,0.99145261042666,1,0
"3191",14,3,"24",0.758155779345201,0.99145261042666,1,1
"3192",15,3,"24",0.758155779345201,0.99145261042666,1,1
"3193",16,3,"24",0.758155779345201,0.99145261042666,1,1
"3194",17,3,"24",0.758155779345201,0.99145261042666,1,0
"3195",18,3,"24",0.758155779345201,0.99145261042666,1,1
"3196",19,3,"24",0.758155779345201,0.99145261042666,1,1
"3197",20,3,"24",0.758155779345201,0.99145261042666,1,1
"3198",21,3,"24",0.758155779345201,0.99145261042666,1,1
"3199",22,3,"24",0.758155779345201,0.99145261042666,1,1
"3200",23,3,"24",0.758155779345201,0.99145261042666,1,1
"3201",24,3,"24",0.758155779345201,0.99145261042666,1,1
"3202",25,3,"24",0.758155779345201,0.99145261042666,1,1
"3203",26,3,"24",0.758155779345201,0.99145261042666,1,1
"3204",27,3,"24",0.758155779345201,0.99145261042666,1,1
"3205",28,3,"24",0.758155779345201,0.99145261042666,1,1
"3206",29,3,"24",0.758155779345201,0.99145261042666,1,1
"3207",30,3,"24",0.758155779345201,0.99145261042666,1,0
"3208",1,4,"24",1.4684537655719,0.999282907366224,2,1
"3209",2,4,"24",1.4684537655719,0.999282907366224,2,1
"3210",5,4,"24",1.4684537655719,0.999282907366224,2,0
"3211",6,4,"24",1.4684537655719,0.999282907366224,2,1
"3212",7,4,"24",1.4684537655719,0.999282907366224,2,1
"3213",8,4,"24",1.4684537655719,0.999282907366224,2,1
"3214",14,4,"24",1.4684537655719,0.999282907366224,2,1
"3215",15,4,"24",1.4684537655719,0.999282907366224,2,1
"3216",16,4,"24",1.4684537655719,0.999282907366224,2,1
"3217",18,4,"24",1.4684537655719,0.999282907366224,2,1
"3218",19,4,"24",1.4684537655719,0.999282907366224,2,1
"3219",20,4,"24",1.4684537655719,0.999282907366224,2,1
"3220",21,4,"24",1.4684537655719,0.999282907366224,2,1
"3221",22,4,"24",1.4684537655719,0.999282907366224,2,1
"3222",23,4,"24",1.4684537655719,0.999282907366224,2,1
"3223",24,4,"24",1.4684537655719,0.999282907366224,2,0
"3224",25,4,"24",1.4684537655719,0.999282907366224,2,0
"3225",26,4,"24",1.4684537655719,0.999282907366224,2,1
"3226",27,4,"24",1.4684537655719,0.999282907366224,2,1
"3227",28,4,"24",1.4684537655719,0.999282907366224,2,1
"3228",29,4,"24",1.4684537655719,0.999282907366224,2,1
"3229",1,5,"24",-0.0338142303659438,0.878856963813756,2,1
"3230",2,5,"24",-0.0338142303659438,0.878856963813756,2,1
"3231",5,5,"24",-0.0338142303659438,0.878856963813756,2,0
"3232",6,5,"24",-0.0338142303659438,0.878856963813756,2,1
"3233",7,5,"24",-0.0338142303659438,0.878856963813756,2,1
"3234",8,5,"24",-0.0338142303659438,0.878856963813756,2,1
"3235",14,5,"24",-0.0338142303659438,0.878856963813756,2,1
"3236",15,5,"24",-0.0338142303659438,0.878856963813756,2,1
"3237",16,5,"24",-0.0338142303659438,0.878856963813756,2,1
"3238",18,5,"24",-0.0338142303659438,0.878856963813756,2,1
"3239",19,5,"24",-0.0338142303659438,0.878856963813756,2,1
"3240",20,5,"24",-0.0338142303659438,0.878856963813756,2,1
"3241",21,5,"24",-0.0338142303659438,0.878856963813756,2,1
"3242",22,5,"24",-0.0338142303659438,0.878856963813756,2,1
"3243",23,5,"24",-0.0338142303659438,0.878856963813756,2,1
"3244",24,5,"24",-0.0338142303659438,0.878856963813756,2,0
"3245",25,5,"24",-0.0338142303659438,0.878856963813756,2,0
"3246",26,5,"24",-0.0338142303659438,0.878856963813756,2,1
"3247",27,5,"24",-0.0338142303659438,0.878856963813756,2,1
"3248",28,5,"24",-0.0338142303659438,0.878856963813756,2,1
"3249",29,5,"24",-0.0338142303659438,0.878856963813756,2,1
"3250",1,6,"24",0.397117474555077,0.970399344073812,2,1
"3251",2,6,"24",0.397117474555077,0.970399344073812,2,1
"3252",5,6,"24",0.397117474555077,0.970399344073812,2,0
"3253",6,6,"24",0.397117474555077,0.970399344073812,2,1
"3254",7,6,"24",0.397117474555077,0.970399344073812,2,1
"3255",8,6,"24",0.397117474555077,0.970399344073812,2,1
"3256",14,6,"24",0.397117474555077,0.970399344073812,2,1
"3257",15,6,"24",0.397117474555077,0.970399344073812,2,1
"3258",16,6,"24",0.397117474555077,0.970399344073812,2,1
"3259",18,6,"24",0.397117474555077,0.970399344073812,2,1
"3260",19,6,"24",0.397117474555077,0.970399344073812,2,1
"3261",20,6,"24",0.397117474555077,0.970399344073812,2,1
"3262",21,6,"24",0.397117474555077,0.970399344073812,2,1
"3263",22,6,"24",0.397117474555077,0.970399344073812,2,1
"3264",23,6,"24",0.397117474555077,0.970399344073812,2,1
"3265",24,6,"24",0.397117474555077,0.970399344073812,2,0
"3266",25,6,"24",0.397117474555077,0.970399344073812,2,0
"3267",26,6,"24",0.397117474555077,0.970399344073812,2,1
"3268",27,6,"24",0.397117474555077,0.970399344073812,2,1
"3269",28,6,"24",0.397117474555077,0.970399344073812,2,1
"3270",29,6,"24",0.397117474555077,0.970399344073812,2,1
"3271",1,7,"24",0.223364451610696,0.946938150773053,3,0
"3272",2,7,"24",0.223364451610696,0.946938150773053,3,0
"3273",6,7,"24",0.223364451610696,0.946938150773053,3,0
"3274",7,7,"24",0.223364451610696,0.946938150773053,3,0
"3275",8,7,"24",0.223364451610696,0.946938150773053,3,0
"3276",14,7,"24",0.223364451610696,0.946938150773053,3,0
"3277",15,7,"24",0.223364451610696,0.946938150773053,3,0
"3278",16,7,"24",0.223364451610696,0.946938150773053,3,0
"3279",18,7,"24",0.223364451610696,0.946938150773053,3,0
"3280",19,7,"24",0.223364451610696,0.946938150773053,3,0
"3281",20,7,"24",0.223364451610696,0.946938150773053,3,0
"3282",21,7,"24",0.223364451610696,0.946938150773053,3,0
"3283",22,7,"24",0.223364451610696,0.946938150773053,3,0
"3284",23,7,"24",0.223364451610696,0.946938150773053,3,0
"3285",26,7,"24",0.223364451610696,0.946938150773053,3,0
"3286",27,7,"24",0.223364451610696,0.946938150773053,3,0
"3287",28,7,"24",0.223364451610696,0.946938150773053,3,0
"3288",29,7,"24",0.223364451610696,0.946938150773053,3,0
"3289",1,8,"24",-0.911778892429015,0.251387461666194,3,0
"3290",2,8,"24",-0.911778892429015,0.251387461666194,3,0
"3291",6,8,"24",-0.911778892429015,0.251387461666194,3,0
"3292",7,8,"24",-0.911778892429015,0.251387461666194,3,0
"3293",8,8,"24",-0.911778892429015,0.251387461666194,3,0
"3294",14,8,"24",-0.911778892429015,0.251387461666194,3,0
"3295",15,8,"24",-0.911778892429015,0.251387461666194,3,0
"3296",16,8,"24",-0.911778892429015,0.251387461666194,3,0
"3297",18,8,"24",-0.911778892429015,0.251387461666194,3,0
"3298",19,8,"24",-0.911778892429015,0.251387461666194,3,0
"3299",20,8,"24",-0.911778892429015,0.251387461666194,3,0
"3300",21,8,"24",-0.911778892429015,0.251387461666194,3,0
"3301",22,8,"24",-0.911778892429015,0.251387461666194,3,0
"3302",23,8,"24",-0.911778892429015,0.251387461666194,3,0
"3303",26,8,"24",-0.911778892429015,0.251387461666194,3,0
"3304",27,8,"24",-0.911778892429015,0.251387461666194,3,0
"3305",28,8,"24",-0.911778892429015,0.251387461666194,3,0
"3306",29,8,"24",-0.911778892429015,0.251387461666194,3,0
"3307",1,9,"24",-0.86540446248763,0.283144763738864,3,0
"3308",2,9,"24",-0.86540446248763,0.283144763738864,3,0
"3309",6,9,"24",-0.86540446248763,0.283144763738864,3,0
"3310",7,9,"24",-0.86540446248763,0.283144763738864,3,0
"3311",8,9,"24",-0.86540446248763,0.283144763738864,3,0
"3312",14,9,"24",-0.86540446248763,0.283144763738864,3,0
"3313",15,9,"24",-0.86540446248763,0.283144763738864,3,0
"3314",16,9,"24",-0.86540446248763,0.283144763738864,3,0
"3315",18,9,"24",-0.86540446248763,0.283144763738864,3,0
"3316",19,9,"24",-0.86540446248763,0.283144763738864,3,0
"3317",20,9,"24",-0.86540446248763,0.283144763738864,3,0
"3318",21,9,"24",-0.86540446248763,0.283144763738864,3,0
"3319",22,9,"24",-0.86540446248763,0.283144763738864,3,0
"3320",23,9,"24",-0.86540446248763,0.283144763738864,3,0
"3321",26,9,"24",-0.86540446248763,0.283144763738864,3,0
"3322",27,9,"24",-0.86540446248763,0.283144763738864,3,0
"3323",28,9,"24",-0.86540446248763,0.283144763738864,3,0
"3324",29,9,"24",-0.86540446248763,0.283144763738864,3,0
"3325",1,1,"25",0.867382049961424,0.994152271991465,1,1
"3326",2,1,"25",0.867382049961424,0.994152271991465,1,1
"3327",3,1,"25",0.867382049961424,0.994152271991465,1,0
"3328",4,1,"25",0.867382049961424,0.994152271991465,1,1
"3329",5,1,"25",0.867382049961424,0.994152271991465,1,1
"3330",6,1,"25",0.867382049961424,0.994152271991465,1,1
"3331",7,1,"25",0.867382049961424,0.994152271991465,1,1
"3332",8,1,"25",0.867382049961424,0.994152271991465,1,1
"3333",9,1,"25",0.867382049961424,0.994152271991465,1,1
"3334",10,1,"25",0.867382049961424,0.994152271991465,1,1
"3335",11,1,"25",0.867382049961424,0.994152271991465,1,1
"3336",12,1,"25",0.867382049961424,0.994152271991465,1,1
"3337",13,1,"25",0.867382049961424,0.994152271991465,1,1
"3338",14,1,"25",0.867382049961424,0.994152271991465,1,0
"3339",15,1,"25",0.867382049961424,0.994152271991465,1,1
"3340",16,1,"25",0.867382049961424,0.994152271991465,1,1
"3341",17,1,"25",0.867382049961424,0.994152271991465,1,1
"3342",18,1,"25",0.867382049961424,0.994152271991465,1,1
"3343",19,1,"25",0.867382049961424,0.994152271991465,1,1
"3344",20,1,"25",0.867382049961424,0.994152271991465,1,0
"3345",21,1,"25",0.867382049961424,0.994152271991465,1,1
"3346",22,1,"25",0.867382049961424,0.994152271991465,1,1
"3347",23,1,"25",0.867382049961424,0.994152271991465,1,0
"3348",24,1,"25",0.867382049961424,0.994152271991465,1,1
"3349",25,1,"25",0.867382049961424,0.994152271991465,1,1
"3350",26,1,"25",0.867382049961424,0.994152271991465,1,1
"3351",27,1,"25",0.867382049961424,0.994152271991465,1,1
"3352",28,1,"25",0.867382049961424,0.994152271991465,1,1
"3353",29,1,"25",0.867382049961424,0.994152271991465,1,1
"3354",30,1,"25",0.867382049961424,0.994152271991465,1,1
"3355",1,2,"25",-0.200947118314193,0.801657334780546,1,1
"3356",2,2,"25",-0.200947118314193,0.801657334780546,1,1
"3357",3,2,"25",-0.200947118314193,0.801657334780546,1,0
"3358",4,2,"25",-0.200947118314193,0.801657334780546,1,1
"3359",5,2,"25",-0.200947118314193,0.801657334780546,1,1
"3360",6,2,"25",-0.200947118314193,0.801657334780546,1,1
"3361",7,2,"25",-0.200947118314193,0.801657334780546,1,1
"3362",8,2,"25",-0.200947118314193,0.801657334780546,1,1
"3363",9,2,"25",-0.200947118314193,0.801657334780546,1,1
"3364",10,2,"25",-0.200947118314193,0.801657334780546,1,1
"3365",11,2,"25",-0.200947118314193,0.801657334780546,1,1
"3366",12,2,"25",-0.200947118314193,0.801657334780546,1,1
"3367",13,2,"25",-0.200947118314193,0.801657334780546,1,1
"3368",14,2,"25",-0.200947118314193,0.801657334780546,1,0
"3369",15,2,"25",-0.200947118314193,0.801657334780546,1,1
"3370",16,2,"25",-0.200947118314193,0.801657334780546,1,1
"3371",17,2,"25",-0.200947118314193,0.801657334780546,1,1
"3372",18,2,"25",-0.200947118314193,0.801657334780546,1,1
"3373",19,2,"25",-0.200947118314193,0.801657334780546,1,1
"3374",20,2,"25",-0.200947118314193,0.801657334780546,1,0
"3375",21,2,"25",-0.200947118314193,0.801657334780546,1,1
"3376",22,2,"25",-0.200947118314193,0.801657334780546,1,1
"3377",23,2,"25",-0.200947118314193,0.801657334780546,1,0
"3378",24,2,"25",-0.200947118314193,0.801657334780546,1,1
"3379",25,2,"25",-0.200947118314193,0.801657334780546,1,1
"3380",26,2,"25",-0.200947118314193,0.801657334780546,1,1
"3381",27,2,"25",-0.200947118314193,0.801657334780546,1,1
"3382",28,2,"25",-0.200947118314193,0.801657334780546,1,1
"3383",29,2,"25",-0.200947118314193,0.801657334780546,1,1
"3384",30,2,"25",-0.200947118314193,0.801657334780546,1,1
"3385",1,3,"25",0.42387540242387,0.972974155505153,1,1
"3386",2,3,"25",0.42387540242387,0.972974155505153,1,1
"3387",3,3,"25",0.42387540242387,0.972974155505153,1,0
"3388",4,3,"25",0.42387540242387,0.972974155505153,1,1
"3389",5,3,"25",0.42387540242387,0.972974155505153,1,1
"3390",6,3,"25",0.42387540242387,0.972974155505153,1,1
"3391",7,3,"25",0.42387540242387,0.972974155505153,1,1
"3392",8,3,"25",0.42387540242387,0.972974155505153,1,1
"3393",9,3,"25",0.42387540242387,0.972974155505153,1,1
"3394",10,3,"25",0.42387540242387,0.972974155505153,1,1
"3395",11,3,"25",0.42387540242387,0.972974155505153,1,1
"3396",12,3,"25",0.42387540242387,0.972974155505153,1,1
"3397",13,3,"25",0.42387540242387,0.972974155505153,1,1
"3398",14,3,"25",0.42387540242387,0.972974155505153,1,0
"3399",15,3,"25",0.42387540242387,0.972974155505153,1,1
"3400",16,3,"25",0.42387540242387,0.972974155505153,1,1
"3401",17,3,"25",0.42387540242387,0.972974155505153,1,1
"3402",18,3,"25",0.42387540242387,0.972974155505153,1,1
"3403",19,3,"25",0.42387540242387,0.972974155505153,1,1
"3404",20,3,"25",0.42387540242387,0.972974155505153,1,0
"3405",21,3,"25",0.42387540242387,0.972974155505153,1,1
"3406",22,3,"25",0.42387540242387,0.972974155505153,1,1
"3407",23,3,"25",0.42387540242387,0.972974155505153,1,0
"3408",24,3,"25",0.42387540242387,0.972974155505153,1,1
"3409",25,3,"25",0.42387540242387,0.972974155505153,1,1
"3410",26,3,"25",0.42387540242387,0.972974155505153,1,1
"3411",27,3,"25",0.42387540242387,0.972974155505153,1,1
"3412",28,3,"25",0.42387540242387,0.972974155505153,1,1
"3413",29,3,"25",0.42387540242387,0.972974155505153,1,1
"3414",30,3,"25",0.42387540242387,0.972974155505153,1,1
"3415",1,4,"25",0.226253114733915,0.947443867400802,2,0
"3416",2,4,"25",0.226253114733915,0.947443867400802,2,0
"3417",4,4,"25",0.226253114733915,0.947443867400802,2,1
"3418",5,4,"25",0.226253114733915,0.947443867400802,2,1
"3419",6,4,"25",0.226253114733915,0.947443867400802,2,0
"3420",7,4,"25",0.226253114733915,0.947443867400802,2,1
"3421",8,4,"25",0.226253114733915,0.947443867400802,2,1
"3422",9,4,"25",0.226253114733915,0.947443867400802,2,1
"3423",10,4,"25",0.226253114733915,0.947443867400802,2,0
"3424",11,4,"25",0.226253114733915,0.947443867400802,2,0
"3425",12,4,"25",0.226253114733915,0.947443867400802,2,0
"3426",13,4,"25",0.226253114733915,0.947443867400802,2,0
"3427",15,4,"25",0.226253114733915,0.947443867400802,2,0
"3428",16,4,"25",0.226253114733915,0.947443867400802,2,1
"3429",17,4,"25",0.226253114733915,0.947443867400802,2,0
"3430",18,4,"25",0.226253114733915,0.947443867400802,2,0
"3431",19,4,"25",0.226253114733915,0.947443867400802,2,0
"3432",21,4,"25",0.226253114733915,0.947443867400802,2,0
"3433",22,4,"25",0.226253114733915,0.947443867400802,2,0
"3434",24,4,"25",0.226253114733915,0.947443867400802,2,1
"3435",25,4,"25",0.226253114733915,0.947443867400802,2,0
"3436",26,4,"25",0.226253114733915,0.947443867400802,2,0
"3437",27,4,"25",0.226253114733915,0.947443867400802,2,0
"3438",28,4,"25",0.226253114733915,0.947443867400802,2,1
"3439",29,4,"25",0.226253114733915,0.947443867400802,2,0
"3440",30,4,"25",0.226253114733915,0.947443867400802,2,0
"3441",1,5,"25",-0.00858380068347198,0.887948653107395,2,0
"3442",2,5,"25",-0.00858380068347198,0.887948653107395,2,0
"3443",4,5,"25",-0.00858380068347198,0.887948653107395,2,1
"3444",5,5,"25",-0.00858380068347198,0.887948653107395,2,1
"3445",6,5,"25",-0.00858380068347198,0.887948653107395,2,0
"3446",7,5,"25",-0.00858380068347198,0.887948653107395,2,1
"3447",8,5,"25",-0.00858380068347198,0.887948653107395,2,1
"3448",9,5,"25",-0.00858380068347198,0.887948653107395,2,1
"3449",10,5,"25",-0.00858380068347198,0.887948653107395,2,0
"3450",11,5,"25",-0.00858380068347198,0.887948653107395,2,0
"3451",12,5,"25",-0.00858380068347198,0.887948653107395,2,0
"3452",13,5,"25",-0.00858380068347198,0.887948653107395,2,0
"3453",15,5,"25",-0.00858380068347198,0.887948653107395,2,0
"3454",16,5,"25",-0.00858380068347198,0.887948653107395,2,1
"3455",17,5,"25",-0.00858380068347198,0.887948653107395,2,0
"3456",18,5,"25",-0.00858380068347198,0.887948653107395,2,0
"3457",19,5,"25",-0.00858380068347198,0.887948653107395,2,0
"3458",21,5,"25",-0.00858380068347198,0.887948653107395,2,0
"3459",22,5,"25",-0.00858380068347198,0.887948653107395,2,0
"3460",24,5,"25",-0.00858380068347198,0.887948653107395,2,1
"3461",25,5,"25",-0.00858380068347198,0.887948653107395,2,0
"3462",26,5,"25",-0.00858380068347198,0.887948653107395,2,0
"3463",27,5,"25",-0.00858380068347198,0.887948653107395,2,0
"3464",28,5,"25",-0.00858380068347198,0.887948653107395,2,1
"3465",29,5,"25",-0.00858380068347198,0.887948653107395,2,0
"3466",30,5,"25",-0.00858380068347198,0.887948653107395,2,0
"3467",1,6,"25",-0.765140195142,0.359395068413662,2,0
"3468",2,6,"25",-0.765140195142,0.359395068413662,2,0
"3469",4,6,"25",-0.765140195142,0.359395068413662,2,1
"3470",5,6,"25",-0.765140195142,0.359395068413662,2,1
"3471",6,6,"25",-0.765140195142,0.359395068413662,2,0
"3472",7,6,"25",-0.765140195142,0.359395068413662,2,1
"3473",8,6,"25",-0.765140195142,0.359395068413662,2,1
"3474",9,6,"25",-0.765140195142,0.359395068413662,2,1
"3475",10,6,"25",-0.765140195142,0.359395068413662,2,0
"3476",11,6,"25",-0.765140195142,0.359395068413662,2,0
"3477",12,6,"25",-0.765140195142,0.359395068413662,2,0
"3478",13,6,"25",-0.765140195142,0.359395068413662,2,0
"3479",15,6,"25",-0.765140195142,0.359395068413662,2,0
"3480",16,6,"25",-0.765140195142,0.359395068413662,2,1
"3481",17,6,"25",-0.765140195142,0.359395068413662,2,0
"3482",18,6,"25",-0.765140195142,0.359395068413662,2,0
"3483",19,6,"25",-0.765140195142,0.359395068413662,2,0
"3484",21,6,"25",-0.765140195142,0.359395068413662,2,0
"3485",22,6,"25",-0.765140195142,0.359395068413662,2,0
"3486",24,6,"25",-0.765140195142,0.359395068413662,2,1
"3487",25,6,"25",-0.765140195142,0.359395068413662,2,0
"3488",26,6,"25",-0.765140195142,0.359395068413662,2,0
"3489",27,6,"25",-0.765140195142,0.359395068413662,2,0
"3490",28,6,"25",-0.765140195142,0.359395068413662,2,1
"3491",29,6,"25",-0.765140195142,0.359395068413662,2,0
"3492",30,6,"25",-0.765140195142,0.359395068413662,2,0
"3493",4,7,"25",1.44070265797542,0.999209820003881,3,0
"3494",5,7,"25",1.44070265797542,0.999209820003881,3,0
"3495",7,7,"25",1.44070265797542,0.999209820003881,3,1
"3496",8,7,"25",1.44070265797542,0.999209820003881,3,1
"3497",9,7,"25",1.44070265797542,0.999209820003881,3,1
"3498",16,7,"25",1.44070265797542,0.999209820003881,3,1
"3499",24,7,"25",1.44070265797542,0.999209820003881,3,0
"3500",28,7,"25",1.44070265797542,0.999209820003881,3,1
"3501",4,8,"25",-0.510980479083688,0.577268024804354,3,0
"3502",5,8,"25",-0.510980479083688,0.577268024804354,3,0
"3503",7,8,"25",-0.510980479083688,0.577268024804354,3,1
"3504",8,8,"25",-0.510980479083688,0.577268024804354,3,1
"3505",9,8,"25",-0.510980479083688,0.577268024804354,3,1
"3506",16,8,"25",-0.510980479083688,0.577268024804354,3,1
"3507",24,8,"25",-0.510980479083688,0.577268024804354,3,0
"3508",28,8,"25",-0.510980479083688,0.577268024804354,3,1
"3509",4,9,"25",0.744130907979926,0.991026435016819,3,0
"3510",5,9,"25",0.744130907979926,0.991026435016819,3,0
"3511",7,9,"25",0.744130907979926,0.991026435016819,3,1
"3512",8,9,"25",0.744130907979926,0.991026435016819,3,1
"3513",9,9,"25",0.744130907979926,0.991026435016819,3,1
"3514",16,9,"25",0.744130907979926,0.991026435016819,3,1
"3515",24,9,"25",0.744130907979926,0.991026435016819,3,0
"3516",28,9,"25",0.744130907979926,0.991026435016819,3,1
"3517",7,10,"25",0.156531742657254,0.933879038076933,4,1
"3518",8,10,"25",0.156531742657254,0.933879038076933,4,1
"3519",9,10,"25",0.156531742657254,0.933879038076933,4,1
"3520",16,10,"25",0.156531742657254,0.933879038076933,4,1
"3521",28,10,"25",0.156531742657254,0.933879038076933,4,1
"3522",7,11,"25",2.04865260788733,0.999905827118964,4,1
"3523",8,11,"25",2.04865260788733,0.999905827118964,4,1
"3524",9,11,"25",2.04865260788733,0.999905827118964,4,1
"3525",16,11,"25",2.04865260788733,0.999905827118964,4,1
"3526",28,11,"25",2.04865260788733,0.999905827118964,4,1
"3527",7,12,"25",0.796147669070333,0.992508874060784,4,1
"3528",8,12,"25",0.796147669070333,0.992508874060784,4,1
"3529",9,12,"25",0.796147669070333,0.992508874060784,4,1
"3530",16,12,"25",0.796147669070333,0.992508874060784,4,1
"3531",28,12,"25",0.796147669070333,0.992508874060784,4,1
"3532",7,13,"25",-0.43130813047614,0.643461861463061,5,1
"3533",8,13,"25",-0.43130813047614,0.643461861463061,5,1
"3534",9,13,"25",-0.43130813047614,0.643461861463061,5,0
"3535",16,13,"25",-0.43130813047614,0.643461861463061,5,0
"3536",28,13,"25",-0.43130813047614,0.643461861463061,5,1
"3537",7,14,"25",-0.0468395780422715,0.873918817136129,5,1
"3538",8,14,"25",-0.0468395780422715,0.873918817136129,5,1
"3539",9,14,"25",-0.0468395780422715,0.873918817136129,5,0
"3540",16,14,"25",-0.0468395780422715,0.873918817136129,5,0
"3541",28,14,"25",-0.0468395780422715,0.873918817136129,5,1
"3542",7,15,"25",-0.182773302970596,0.811577551505541,5,1
"3543",8,15,"25",-0.182773302970596,0.811577551505541,5,1
"3544",9,15,"25",-0.182773302970596,0.811577551505541,5,0
"3545",16,15,"25",-0.182773302970596,0.811577551505541,5,0
"3546",28,15,"25",-0.182773302970596,0.811577551505541,5,1
"3547",7,16,"25",-2.48289521738714,0.00137197197695465,6,0
"3548",8,16,"25",-2.48289521738714,0.00137197197695465,6,0
"3549",28,16,"25",-2.48289521738714,0.00137197197695465,6,0
"3550",7,17,"25",1.95020083535643,0.999867089666712,6,0
"3551",8,17,"25",1.95020083535643,0.999867089666712,6,0
"3552",28,17,"25",1.95020083535643,0.999867089666712,6,0
"3553",7,18,"25",1.20884790243295,0.998222853668749,6,0
"3554",8,18,"25",1.20884790243295,0.998222853668749,6,0
"3555",28,18,"25",1.20884790243295,0.998222853668749,6,0
"3556",1,1,"26",-0.899113971199669,0.259821041782449,1,0
"3557",2,1,"26",-0.899113971199669,0.259821041782449,1,0
"3558",3,1,"26",-0.899113971199669,0.259821041782449,1,0
"3559",4,1,"26",-0.899113971199669,0.259821041782449,1,0
"3560",5,1,"26",-0.899113971199669,0.259821041782449,1,0
"3561",6,1,"26",-0.899113971199669,0.259821041782449,1,0
"3562",7,1,"26",-0.899113971199669,0.259821041782449,1,0
"3563",8,1,"26",-0.899113971199669,0.259821041782449,1,0
"3564",9,1,"26",-0.899113971199669,0.259821041782449,1,0
"3565",10,1,"26",-0.899113971199669,0.259821041782449,1,0
"3566",11,1,"26",-0.899113971199669,0.259821041782449,1,0
"3567",12,1,"26",-0.899113971199669,0.259821041782449,1,0
"3568",13,1,"26",-0.899113971199669,0.259821041782449,1,0
"3569",14,1,"26",-0.899113971199669,0.259821041782449,1,0
"3570",15,1,"26",-0.899113971199669,0.259821041782449,1,0
"3571",16,1,"26",-0.899113971199669,0.259821041782449,1,0
"3572",17,1,"26",-0.899113971199669,0.259821041782449,1,0
"3573",18,1,"26",-0.899113971199669,0.259821041782449,1,0
"3574",19,1,"26",-0.899113971199669,0.259821041782449,1,0
"3575",20,1,"26",-0.899113971199669,0.259821041782449,1,0
"3576",21,1,"26",-0.899113971199669,0.259821041782449,1,0
"3577",22,1,"26",-0.899113971199669,0.259821041782449,1,0
"3578",23,1,"26",-0.899113971199669,0.259821041782449,1,0
"3579",24,1,"26",-0.899113971199669,0.259821041782449,1,0
"3580",25,1,"26",-0.899113971199669,0.259821041782449,1,0
"3581",26,1,"26",-0.899113971199669,0.259821041782449,1,0
"3582",27,1,"26",-0.899113971199669,0.259821041782449,1,0
"3583",28,1,"26",-0.899113971199669,0.259821041782449,1,0
"3584",29,1,"26",-0.899113971199669,0.259821041782449,1,0
"3585",30,1,"26",-0.899113971199669,0.259821041782449,1,0
"3586",1,2,"26",0.150012881351864,0.932456148427854,1,0
"3587",2,2,"26",0.150012881351864,0.932456148427854,1,0
"3588",3,2,"26",0.150012881351864,0.932456148427854,1,0
"3589",4,2,"26",0.150012881351864,0.932456148427854,1,0
"3590",5,2,"26",0.150012881351864,0.932456148427854,1,0
"3591",6,2,"26",0.150012881351864,0.932456148427854,1,0
"3592",7,2,"26",0.150012881351864,0.932456148427854,1,0
"3593",8,2,"26",0.150012881351864,0.932456148427854,1,0
"3594",9,2,"26",0.150012881351864,0.932456148427854,1,0
"3595",10,2,"26",0.150012881351864,0.932456148427854,1,0
"3596",11,2,"26",0.150012881351864,0.932456148427854,1,0
"3597",12,2,"26",0.150012881351864,0.932456148427854,1,0
"3598",13,2,"26",0.150012881351864,0.932456148427854,1,0
"3599",14,2,"26",0.150012881351864,0.932456148427854,1,0
"3600",15,2,"26",0.150012881351864,0.932456148427854,1,0
"3601",16,2,"26",0.150012881351864,0.932456148427854,1,0
"3602",17,2,"26",0.150012881351864,0.932456148427854,1,0
"3603",18,2,"26",0.150012881351864,0.932456148427854,1,0
"3604",19,2,"26",0.150012881351864,0.932456148427854,1,0
"3605",20,2,"26",0.150012881351864,0.932456148427854,1,0
"3606",21,2,"26",0.150012881351864,0.932456148427854,1,0
"3607",22,2,"26",0.150012881351864,0.932456148427854,1,0
"3608",23,2,"26",0.150012881351864,0.932456148427854,1,0
"3609",24,2,"26",0.150012881351864,0.932456148427854,1,0
"3610",25,2,"26",0.150012881351864,0.932456148427854,1,0
"3611",26,2,"26",0.150012881351864,0.932456148427854,1,0
"3612",27,2,"26",0.150012881351864,0.932456148427854,1,0
"3613",28,2,"26",0.150012881351864,0.932456148427854,1,0
"3614",29,2,"26",0.150012881351864,0.932456148427854,1,0
"3615",30,2,"26",0.150012881351864,0.932456148427854,1,0
"3616",1,3,"26",-2.11865230393842,0.00489183931923932,1,0
"3617",2,3,"26",-2.11865230393842,0.00489183931923932,1,0
"3618",3,3,"26",-2.11865230393842,0.00489183931923932,1,0
"3619",4,3,"26",-2.11865230393842,0.00489183931923932,1,0
"3620",5,3,"26",-2.11865230393842,0.00489183931923932,1,0
"3621",6,3,"26",-2.11865230393842,0.00489183931923932,1,0
"3622",7,3,"26",-2.11865230393842,0.00489183931923932,1,0
"3623",8,3,"26",-2.11865230393842,0.00489183931923932,1,0
"3624",9,3,"26",-2.11865230393842,0.00489183931923932,1,0
"3625",10,3,"26",-2.11865230393842,0.00489183931923932,1,0
"3626",11,3,"26",-2.11865230393842,0.00489183931923932,1,0
"3627",12,3,"26",-2.11865230393842,0.00489183931923932,1,0
"3628",13,3,"26",-2.11865230393842,0.00489183931923932,1,0
"3629",14,3,"26",-2.11865230393842,0.00489183931923932,1,0
"3630",15,3,"26",-2.11865230393842,0.00489183931923932,1,0
"3631",16,3,"26",-2.11865230393842,0.00489183931923932,1,0
"3632",17,3,"26",-2.11865230393842,0.00489183931923932,1,0
"3633",18,3,"26",-2.11865230393842,0.00489183931923932,1,0
"3634",19,3,"26",-2.11865230393842,0.00489183931923932,1,0
"3635",20,3,"26",-2.11865230393842,0.00489183931923932,1,0
"3636",21,3,"26",-2.11865230393842,0.00489183931923932,1,0
"3637",22,3,"26",-2.11865230393842,0.00489183931923932,1,0
"3638",23,3,"26",-2.11865230393842,0.00489183931923932,1,0
"3639",24,3,"26",-2.11865230393842,0.00489183931923932,1,0
"3640",25,3,"26",-2.11865230393842,0.00489183931923932,1,0
"3641",26,3,"26",-2.11865230393842,0.00489183931923932,1,0
"3642",27,3,"26",-2.11865230393842,0.00489183931923932,1,0
"3643",28,3,"26",-2.11865230393842,0.00489183931923932,1,0
"3644",29,3,"26",-2.11865230393842,0.00489183931923932,1,0
"3645",30,3,"26",-2.11865230393842,0.00489183931923932,1,0
"3646",1,1,"27",-0.429810731646483,0.644663314873085,1,0
"3647",2,1,"27",-0.429810731646483,0.644663314873085,1,0
"3648",3,1,"27",-0.429810731646483,0.644663314873085,1,0
"3649",4,1,"27",-0.429810731646483,0.644663314873085,1,0
"3650",5,1,"27",-0.429810731646483,0.644663314873085,1,0
"3651",6,1,"27",-0.429810731646483,0.644663314873085,1,0
"3652",7,1,"27",-0.429810731646483,0.644663314873085,1,0
"3653",8,1,"27",-0.429810731646483,0.644663314873085,1,0
"3654",9,1,"27",-0.429810731646483,0.644663314873085,1,0
"3655",10,1,"27",-0.429810731646483,0.644663314873085,1,0
"3656",11,1,"27",-0.429810731646483,0.644663314873085,1,1
"3657",12,1,"27",-0.429810731646483,0.644663314873085,1,1
"3658",13,1,"27",-0.429810731646483,0.644663314873085,1,0
"3659",14,1,"27",-0.429810731646483,0.644663314873085,1,0
"3660",15,1,"27",-0.429810731646483,0.644663314873085,1,0
"3661",16,1,"27",-0.429810731646483,0.644663314873085,1,1
"3662",17,1,"27",-0.429810731646483,0.644663314873085,1,1
"3663",18,1,"27",-0.429810731646483,0.644663314873085,1,0
"3664",19,1,"27",-0.429810731646483,0.644663314873085,1,1
"3665",20,1,"27",-0.429810731646483,0.644663314873085,1,1
"3666",21,1,"27",-0.429810731646483,0.644663314873085,1,1
"3667",22,1,"27",-0.429810731646483,0.644663314873085,1,0
"3668",23,1,"27",-0.429810731646483,0.644663314873085,1,0
"3669",24,1,"27",-0.429810731646483,0.644663314873085,1,0
"3670",25,1,"27",-0.429810731646483,0.644663314873085,1,0
"3671",26,1,"27",-0.429810731646483,0.644663314873085,1,0
"3672",27,1,"27",-0.429810731646483,0.644663314873085,1,1
"3673",28,1,"27",-0.429810731646483,0.644663314873085,1,1
"3674",29,1,"27",-0.429810731646483,0.644663314873085,1,0
"3675",30,1,"27",-0.429810731646483,0.644663314873085,1,0
"3676",1,2,"27",-0.540796541887368,0.55161846334057,1,0
"3677",2,2,"27",-0.540796541887368,0.55161846334057,1,0
"3678",3,2,"27",-0.540796541887368,0.55161846334057,1,0
"3679",4,2,"27",-0.540796541887368,0.55161846334057,1,0
"3680",5,2,"27",-0.540796541887368,0.55161846334057,1,0
"3681",6,2,"27",-0.540796541887368,0.55161846334057,1,0
"3682",7,2,"27",-0.540796541887368,0.55161846334057,1,0
"3683",8,2,"27",-0.540796541887368,0.55161846334057,1,0
"3684",9,2,"27",-0.540796541887368,0.55161846334057,1,0
"3685",10,2,"27",-0.540796541887368,0.55161846334057,1,0
"3686",11,2,"27",-0.540796541887368,0.55161846334057,1,1
"3687",12,2,"27",-0.540796541887368,0.55161846334057,1,1
"3688",13,2,"27",-0.540796541887368,0.55161846334057,1,0
"3689",14,2,"27",-0.540796541887368,0.55161846334057,1,0
"3690",15,2,"27",-0.540796541887368,0.55161846334057,1,0
"3691",16,2,"27",-0.540796541887368,0.55161846334057,1,1
"3692",17,2,"27",-0.540796541887368,0.55161846334057,1,1
"3693",18,2,"27",-0.540796541887368,0.55161846334057,1,0
"3694",19,2,"27",-0.540796541887368,0.55161846334057,1,1
"3695",20,2,"27",-0.540796541887368,0.55161846334057,1,1
"3696",21,2,"27",-0.540796541887368,0.55161846334057,1,1
"3697",22,2,"27",-0.540796541887368,0.55161846334057,1,0
"3698",23,2,"27",-0.540796541887368,0.55161846334057,1,0
"3699",24,2,"27",-0.540796541887368,0.55161846334057,1,0
"3700",25,2,"27",-0.540796541887368,0.55161846334057,1,0
"3701",26,2,"27",-0.540796541887368,0.55161846334057,1,0
"3702",27,2,"27",-0.540796541887368,0.55161846334057,1,1
"3703",28,2,"27",-0.540796541887368,0.55161846334057,1,1
"3704",29,2,"27",-0.540796541887368,0.55161846334057,1,0
"3705",30,2,"27",-0.540796541887368,0.55161846334057,1,0
"3706",1,3,"27",0.339296324477376,0.963998777688361,1,0
"3707",2,3,"27",0.339296324477376,0.963998777688361,1,0
"3708",3,3,"27",0.339296324477376,0.963998777688361,1,0
"3709",4,3,"27",0.339296324477376,0.963998777688361,1,0
"3710",5,3,"27",0.339296324477376,0.963998777688361,1,0
"3711",6,3,"27",0.339296324477376,0.963998777688361,1,0
"3712",7,3,"27",0.339296324477376,0.963998777688361,1,0
"3713",8,3,"27",0.339296324477376,0.963998777688361,1,0
"3714",9,3,"27",0.339296324477376,0.963998777688361,1,0
"3715",10,3,"27",0.339296324477376,0.963998777688361,1,0
"3716",11,3,"27",0.339296324477376,0.963998777688361,1,1
"3717",12,3,"27",0.339296324477376,0.963998777688361,1,1
"3718",13,3,"27",0.339296324477376,0.963998777688361,1,0
"3719",14,3,"27",0.339296324477376,0.963998777688361,1,0
"3720",15,3,"27",0.339296324477376,0.963998777688361,1,0
"3721",16,3,"27",0.339296324477376,0.963998777688361,1,1
"3722",17,3,"27",0.339296324477376,0.963998777688361,1,1
"3723",18,3,"27",0.339296324477376,0.963998777688361,1,0
"3724",19,3,"27",0.339296324477376,0.963998777688361,1,1
"3725",20,3,"27",0.339296324477376,0.963998777688361,1,1
"3726",21,3,"27",0.339296324477376,0.963998777688361,1,1
"3727",22,3,"27",0.339296324477376,0.963998777688361,1,0
"3728",23,3,"27",0.339296324477376,0.963998777688361,1,0
"3729",24,3,"27",0.339296324477376,0.963998777688361,1,0
"3730",25,3,"27",0.339296324477376,0.963998777688361,1,0
"3731",26,3,"27",0.339296324477376,0.963998777688361,1,0
"3732",27,3,"27",0.339296324477376,0.963998777688361,1,1
"3733",28,3,"27",0.339296324477376,0.963998777688361,1,1
"3734",29,3,"27",0.339296324477376,0.963998777688361,1,0
"3735",30,3,"27",0.339296324477376,0.963998777688361,1,0
"3736",11,4,"27",1.24250436942064,0.998420025414239,2,1
"3737",12,4,"27",1.24250436942064,0.998420025414239,2,1
"3738",16,4,"27",1.24250436942064,0.998420025414239,2,1
"3739",17,4,"27",1.24250436942064,0.998420025414239,2,1
"3740",19,4,"27",1.24250436942064,0.998420025414239,2,1
"3741",20,4,"27",1.24250436942064,0.998420025414239,2,1
"3742",21,4,"27",1.24250436942064,0.998420025414239,2,1
"3743",27,4,"27",1.24250436942064,0.998420025414239,2,1
"3744",28,4,"27",1.24250436942064,0.998420025414239,2,1
"3745",11,5,"27",0.772686664970433,0.991873000840532,2,1
"3746",12,5,"27",0.772686664970433,0.991873000840532,2,1
"3747",16,5,"27",0.772686664970433,0.991873000840532,2,1
"3748",17,5,"27",0.772686664970433,0.991873000840532,2,1
"3749",19,5,"27",0.772686664970433,0.991873000840532,2,1
"3750",20,5,"27",0.772686664970433,0.991873000840532,2,1
"3751",21,5,"27",0.772686664970433,0.991873000840532,2,1
"3752",27,5,"27",0.772686664970433,0.991873000840532,2,1
"3753",28,5,"27",0.772686664970433,0.991873000840532,2,1
"3754",11,6,"27",1.00022020812152,0.996318588105481,2,1
"3755",12,6,"27",1.00022020812152,0.996318588105481,2,1
"3756",16,6,"27",1.00022020812152,0.996318588105481,2,1
"3757",17,6,"27",1.00022020812152,0.996318588105481,2,1
"3758",19,6,"27",1.00022020812152,0.996318588105481,2,1
"3759",20,6,"27",1.00022020812152,0.996318588105481,2,1
"3760",21,6,"27",1.00022020812152,0.996318588105481,2,1
"3761",27,6,"27",1.00022020812152,0.996318588105481,2,1
"3762",28,6,"27",1.00022020812152,0.996318588105481,2,1
"3763",11,7,"27",-0.389500273162578,0.676284552993693,3,0
"3764",12,7,"27",-0.389500273162578,0.676284552993693,3,0
"3765",16,7,"27",-0.389500273162578,0.676284552993693,3,1
"3766",17,7,"27",-0.389500273162578,0.676284552993693,3,1
"3767",19,7,"27",-0.389500273162578,0.676284552993693,3,0
"3768",20,7,"27",-0.389500273162578,0.676284552993693,3,0
"3769",21,7,"27",-0.389500273162578,0.676284552993693,3,0
"3770",27,7,"27",-0.389500273162578,0.676284552993693,3,0
"3771",28,7,"27",-0.389500273162578,0.676284552993693,3,0
"3772",11,8,"27",0.645929308791626,0.987392211509658,3,0
"3773",12,8,"27",0.645929308791626,0.987392211509658,3,0
"3774",16,8,"27",0.645929308791626,0.987392211509658,3,1
"3775",17,8,"27",0.645929308791626,0.987392211509658,3,1
"3776",19,8,"27",0.645929308791626,0.987392211509658,3,0
"3777",20,8,"27",0.645929308791626,0.987392211509658,3,0
"3778",21,8,"27",0.645929308791626,0.987392211509658,3,0
"3779",27,8,"27",0.645929308791626,0.987392211509658,3,0
"3780",28,8,"27",0.645929308791626,0.987392211509658,3,0
"3781",11,9,"27",-0.963741080005142,0.218728107980294,3,0
"3782",12,9,"27",-0.963741080005142,0.218728107980294,3,0
"3783",16,9,"27",-0.963741080005142,0.218728107980294,3,1
"3784",17,9,"27",-0.963741080005142,0.218728107980294,3,1
"3785",19,9,"27",-0.963741080005142,0.218728107980294,3,0
"3786",20,9,"27",-0.963741080005142,0.218728107980294,3,0
"3787",21,9,"27",-0.963741080005142,0.218728107980294,3,0
"3788",27,9,"27",-0.963741080005142,0.218728107980294,3,0
"3789",28,9,"27",-0.963741080005142,0.218728107980294,3,0
"3790",16,10,"27",-0.221387172003947,0.790036409952301,4,1
"3791",17,10,"27",-0.221387172003947,0.790036409952301,4,1
"3792",16,11,"27",1.82851602617608,0.99979653357995,4,1
"3793",17,11,"27",1.82851602617608,0.99979653357995,4,1
"3794",16,12,"27",-0.109932463850763,0.847514233497906,4,1
"3795",17,12,"27",-0.109932463850763,0.847514233497906,4,1
"3796",16,13,"27",-0.367844478017456,0.69265141977479,5,1
"3797",17,13,"27",-0.367844478017456,0.69265141977479,5,1
"3798",16,14,"27",-0.613784730328872,0.487940700104518,5,1
"3799",17,14,"27",-0.613784730328872,0.487940700104518,5,1
"3800",16,15,"27",0.581490119710827,0.984252725852337,5,1
"3801",17,15,"27",0.581490119710827,0.984252725852337,5,1
"3802",16,16,"27",1.75863402478102,0.999740168951478,6,1
"3803",17,16,"27",1.75863402478102,0.999740168951478,6,1
"3804",16,17,"27",0.264822753878482,0.953773792904858,6,1
"3805",17,17,"27",0.264822753878482,0.953773792904858,6,1
"3806",16,18,"27",-0.329006083869491,0.720809130712736,6,1
"3807",17,18,"27",-0.329006083869491,0.720809130712736,6,1
"3808",16,19,"27",1.73005840510177,0.999712845917422,7,1
"3809",17,19,"27",1.73005840510177,0.999712845917422,7,0
"3810",16,20,"27",-0.785399350359725,0.343237975166515,7,1
"3811",17,20,"27",-0.785399350359725,0.343237975166515,7,0
"3812",16,21,"27",0.899173810173626,0.994764836747554,7,1
"3813",17,21,"27",0.899173810173626,0.994764836747554,7,0
"3814",16,22,"27",-0.47016613032583,0.611689267309407,8,0
"3815",16,23,"27",-0.999605635634205,0.198035231642365,8,0
"3816",16,24,"27",0.975690817868833,0.995989887715311,8,0
"3817",1,1,"28",0.784156199424431,0.992190287022786,1,1
"3818",2,1,"28",0.784156199424431,0.992190287022786,1,0
"3819",3,1,"28",0.784156199424431,0.992190287022786,1,0
"3820",4,1,"28",0.784156199424431,0.992190287022786,1,1
"3821",5,1,"28",0.784156199424431,0.992190287022786,1,1
"3822",6,1,"28",0.784156199424431,0.992190287022786,1,1
"3823",7,1,"28",0.784156199424431,0.992190287022786,1,1
"3824",8,1,"28",0.784156199424431,0.992190287022786,1,1
"3825",9,1,"28",0.784156199424431,0.992190287022786,1,0
"3826",10,1,"28",0.784156199424431,0.992190287022786,1,1
"3827",11,1,"28",0.784156199424431,0.992190287022786,1,1
"3828",12,1,"28",0.784156199424431,0.992190287022786,1,0
"3829",13,1,"28",0.784156199424431,0.992190287022786,1,0
"3830",14,1,"28",0.784156199424431,0.992190287022786,1,1
"3831",15,1,"28",0.784156199424431,0.992190287022786,1,1
"3832",16,1,"28",0.784156199424431,0.992190287022786,1,1
"3833",17,1,"28",0.784156199424431,0.992190287022786,1,0
"3834",18,1,"28",0.784156199424431,0.992190287022786,1,0
"3835",19,1,"28",0.784156199424431,0.992190287022786,1,0
"3836",20,1,"28",0.784156199424431,0.992190287022786,1,1
"3837",21,1,"28",0.784156199424431,0.992190287022786,1,1
"3838",22,1,"28",0.784156199424431,0.992190287022786,1,1
"3839",23,1,"28",0.784156199424431,0.992190287022786,1,0
"3840",24,1,"28",0.784156199424431,0.992190287022786,1,1
"3841",25,1,"28",0.784156199424431,0.992190287022786,1,0
"3842",26,1,"28",0.784156199424431,0.992190287022786,1,1
"3843",27,1,"28",0.784156199424431,0.992190287022786,1,0
"3844",28,1,"28",0.784156199424431,0.992190287022786,1,0
"3845",29,1,"28",0.784156199424431,0.992190287022786,1,1
"3846",30,1,"28",0.784156199424431,0.992190287022786,1,1
"3847",1,2,"28",1.11872242429379,0.997565383597896,1,1
"3848",2,2,"28",1.11872242429379,0.997565383597896,1,0
"3849",3,2,"28",1.11872242429379,0.997565383597896,1,0
"3850",4,2,"28",1.11872242429379,0.997565383597896,1,1
"3851",5,2,"28",1.11872242429379,0.997565383597896,1,1
"3852",6,2,"28",1.11872242429379,0.997565383597896,1,1
"3853",7,2,"28",1.11872242429379,0.997565383597896,1,1
"3854",8,2,"28",1.11872242429379,0.997565383597896,1,1
"3855",9,2,"28",1.11872242429379,0.997565383597896,1,0
"3856",10,2,"28",1.11872242429379,0.997565383597896,1,1
"3857",11,2,"28",1.11872242429379,0.997565383597896,1,1
"3858",12,2,"28",1.11872242429379,0.997565383597896,1,0
"3859",13,2,"28",1.11872242429379,0.997565383597896,1,0
"3860",14,2,"28",1.11872242429379,0.997565383597896,1,1
"3861",15,2,"28",1.11872242429379,0.997565383597896,1,1
"3862",16,2,"28",1.11872242429379,0.997565383597896,1,1
"3863",17,2,"28",1.11872242429379,0.997565383597896,1,0
"3864",18,2,"28",1.11872242429379,0.997565383597896,1,0
"3865",19,2,"28",1.11872242429379,0.997565383597896,1,0
"3866",20,2,"28",1.11872242429379,0.997565383597896,1,1
"3867",21,2,"28",1.11872242429379,0.997565383597896,1,1
"3868",22,2,"28",1.11872242429379,0.997565383597896,1,1
"3869",23,2,"28",1.11872242429379,0.997565383597896,1,0
"3870",24,2,"28",1.11872242429379,0.997565383597896,1,1
"3871",25,2,"28",1.11872242429379,0.997565383597896,1,0
"3872",26,2,"28",1.11872242429379,0.997565383597896,1,1
"3873",27,2,"28",1.11872242429379,0.997565383597896,1,0
"3874",28,2,"28",1.11872242429379,0.997565383597896,1,0
"3875",29,2,"28",1.11872242429379,0.997565383597896,1,1
"3876",30,2,"28",1.11872242429379,0.997565383597896,1,1
"3877",1,3,"28",-0.433628247986899,0.641596724730236,1,1
"3878",2,3,"28",-0.433628247986899,0.641596724730236,1,0
"3879",3,3,"28",-0.433628247986899,0.641596724730236,1,0
"3880",4,3,"28",-0.433628247986899,0.641596724730236,1,1
"3881",5,3,"28",-0.433628247986899,0.641596724730236,1,1
"3882",6,3,"28",-0.433628247986899,0.641596724730236,1,1
"3883",7,3,"28",-0.433628247986899,0.641596724730236,1,1
"3884",8,3,"28",-0.433628247986899,0.641596724730236,1,1
"3885",9,3,"28",-0.433628247986899,0.641596724730236,1,0
"3886",10,3,"28",-0.433628247986899,0.641596724730236,1,1
"3887",11,3,"28",-0.433628247986899,0.641596724730236,1,1
"3888",12,3,"28",-0.433628247986899,0.641596724730236,1,0
"3889",13,3,"28",-0.433628247986899,0.641596724730236,1,0
"3890",14,3,"28",-0.433628247986899,0.641596724730236,1,1
"3891",15,3,"28",-0.433628247986899,0.641596724730236,1,1
"3892",16,3,"28",-0.433628247986899,0.641596724730236,1,1
"3893",17,3,"28",-0.433628247986899,0.641596724730236,1,0
"3894",18,3,"28",-0.433628247986899,0.641596724730236,1,0
"3895",19,3,"28",-0.433628247986899,0.641596724730236,1,0
"3896",20,3,"28",-0.433628247986899,0.641596724730236,1,1
"3897",21,3,"28",-0.433628247986899,0.641596724730236,1,1
"3898",22,3,"28",-0.433628247986899,0.641596724730236,1,1
"3899",23,3,"28",-0.433628247986899,0.641596724730236,1,0
"3900",24,3,"28",-0.433628247986899,0.641596724730236,1,1
"3901",25,3,"28",-0.433628247986899,0.641596724730236,1,0
"3902",26,3,"28",-0.433628247986899,0.641596724730236,1,1
"3903",27,3,"28",-0.433628247986899,0.641596724730236,1,0
"3904",28,3,"28",-0.433628247986899,0.641596724730236,1,0
"3905",29,3,"28",-0.433628247986899,0.641596724730236,1,1
"3906",30,3,"28",-0.433628247986899,0.641596724730236,1,1
"3907",1,4,"28",0.622302625015339,0.986320178835716,2,1
"3908",4,4,"28",0.622302625015339,0.986320178835716,2,0
"3909",5,4,"28",0.622302625015339,0.986320178835716,2,0
"3910",6,4,"28",0.622302625015339,0.986320178835716,2,0
"3911",7,4,"28",0.622302625015339,0.986320178835716,2,0
"3912",8,4,"28",0.622302625015339,0.986320178835716,2,0
"3913",10,4,"28",0.622302625015339,0.986320178835716,2,0
"3914",11,4,"28",0.622302625015339,0.986320178835716,2,0
"3915",14,4,"28",0.622302625015339,0.986320178835716,2,0
"3916",15,4,"28",0.622302625015339,0.986320178835716,2,0
"3917",16,4,"28",0.622302625015339,0.986320178835716,2,0
"3918",20,4,"28",0.622302625015339,0.986320178835716,2,0
"3919",21,4,"28",0.622302625015339,0.986320178835716,2,0
"3920",22,4,"28",0.622302625015339,0.986320178835716,2,1
"3921",24,4,"28",0.622302625015339,0.986320178835716,2,1
"3922",26,4,"28",0.622302625015339,0.986320178835716,2,0
"3923",29,4,"28",0.622302625015339,0.986320178835716,2,0
"3924",30,4,"28",0.622302625015339,0.986320178835716,2,1
"3925",1,5,"28",0.146988154602335,0.931786329809952,2,1
"3926",4,5,"28",0.146988154602335,0.931786329809952,2,0
"3927",5,5,"28",0.146988154602335,0.931786329809952,2,0
"3928",6,5,"28",0.146988154602335,0.931786329809952,2,0
"3929",7,5,"28",0.146988154602335,0.931786329809952,2,0
"3930",8,5,"28",0.146988154602335,0.931786329809952,2,0
"3931",10,5,"28",0.146988154602335,0.931786329809952,2,0
"3932",11,5,"28",0.146988154602335,0.931786329809952,2,0
"3933",14,5,"28",0.146988154602335,0.931786329809952,2,0
"3934",15,5,"28",0.146988154602335,0.931786329809952,2,0
"3935",16,5,"28",0.146988154602335,0.931786329809952,2,0
"3936",20,5,"28",0.146988154602335,0.931786329809952,2,0
"3937",21,5,"28",0.146988154602335,0.931786329809952,2,0
"3938",22,5,"28",0.146988154602335,0.931786329809952,2,1
"3939",24,5,"28",0.146988154602335,0.931786329809952,2,1
"3940",26,5,"28",0.146988154602335,0.931786329809952,2,0
"3941",29,5,"28",0.146988154602335,0.931786329809952,2,0
"3942",30,5,"28",0.146988154602335,0.931786329809952,2,1
"3943",1,6,"28",-0.657253005854861,0.450070581811039,2,1
"3944",4,6,"28",-0.657253005854861,0.450070581811039,2,0
"3945",5,6,"28",-0.657253005854861,0.450070581811039,2,0
"3946",6,6,"28",-0.657253005854861,0.450070581811039,2,0
"3947",7,6,"28",-0.657253005854861,0.450070581811039,2,0
"3948",8,6,"28",-0.657253005854861,0.450070581811039,2,0
"3949",10,6,"28",-0.657253005854861,0.450070581811039,2,0
"3950",11,6,"28",-0.657253005854861,0.450070581811039,2,0
"3951",14,6,"28",-0.657253005854861,0.450070581811039,2,0
"3952",15,6,"28",-0.657253005854861,0.450070581811039,2,0
"3953",16,6,"28",-0.657253005854861,0.450070581811039,2,0
"3954",20,6,"28",-0.657253005854861,0.450070581811039,2,0
"3955",21,6,"28",-0.657253005854861,0.450070581811039,2,0
"3956",22,6,"28",-0.657253005854861,0.450070581811039,2,1
"3957",24,6,"28",-0.657253005854861,0.450070581811039,2,1
"3958",26,6,"28",-0.657253005854861,0.450070581811039,2,0
"3959",29,6,"28",-0.657253005854861,0.450070581811039,2,0
"3960",30,6,"28",-0.657253005854861,0.450070581811039,2,1
"3961",1,7,"28",1.59288307533964,0.999535967007796,3,1
"3962",22,7,"28",1.59288307533964,0.999535967007796,3,1
"3963",24,7,"28",1.59288307533964,0.999535967007796,3,0
"3964",30,7,"28",1.59288307533964,0.999535967007796,3,1
"3965",1,8,"28",0.0144207750335817,0.895712941826453,3,1
"3966",22,8,"28",0.0144207750335817,0.895712941826453,3,1
"3967",24,8,"28",0.0144207750335817,0.895712941826453,3,0
"3968",30,8,"28",0.0144207750335817,0.895712941826453,3,1
"3969",1,9,"28",-0.199678619261001,0.802362321832864,3,1
"3970",22,9,"28",-0.199678619261001,0.802362321832864,3,1
"3971",24,9,"28",-0.199678619261001,0.802362321832864,3,0
"3972",30,9,"28",-0.199678619261001,0.802362321832864,3,1
"3973",1,10,"28",0.377742485149411,0.96838808142817,4,0
"3974",22,10,"28",0.377742485149411,0.96838808142817,4,1
"3975",30,10,"28",0.377742485149411,0.96838808142817,4,0
"3976",1,11,"28",0.239992797994958,0.94978752467088,4,0
"3977",22,11,"28",0.239992797994958,0.94978752467088,4,1
"3978",30,11,"28",0.239992797994958,0.94978752467088,4,0
"3979",1,12,"28",-0.843810457642556,0.298733397899565,4,0
"3980",22,12,"28",-0.843810457642556,0.298733397899565,4,1
"3981",30,12,"28",-0.843810457642556,0.298733397899565,4,0
"3982",22,13,"28",-0.198188805215206,0.803187894330054,5,1
"3983",22,14,"28",2.43302288614568,0.999975469777569,5,1
"3984",22,15,"28",-0.217396039217831,0.792344178721597,5,1
"3985",22,16,"28",-0.438685389824496,0.637516484420218,6,1
"3986",22,17,"28",0.580907487417886,0.984221088251991,6,1
"3987",22,18,"28",0.251613544787005,0.951692143997626,6,1
"3988",22,19,"28",-0.678129111300796,0.432059858240861,7,0
"3989",22,20,"28",-1.21673509165806,0.103532838437277,7,0
"3990",22,21,"28",0.693166410530211,0.989292890087158,7,0
"3991",1,1,"29",-0.773545521799327,0.352650391868471,1,0
"3992",2,1,"29",-0.773545521799327,0.352650391868471,1,0
"3993",3,1,"29",-0.773545521799327,0.352650391868471,1,0
"3994",4,1,"29",-0.773545521799327,0.352650391868471,1,0
"3995",5,1,"29",-0.773545521799327,0.352650391868471,1,0
"3996",6,1,"29",-0.773545521799327,0.352650391868471,1,0
"3997",7,1,"29",-0.773545521799327,0.352650391868471,1,0
"3998",8,1,"29",-0.773545521799327,0.352650391868471,1,0
"3999",9,1,"29",-0.773545521799327,0.352650391868471,1,0
"4000",10,1,"29",-0.773545521799327,0.352650391868471,1,0
"4001",11,1,"29",-0.773545521799327,0.352650391868471,1,0
"4002",12,1,"29",-0.773545521799327,0.352650391868471,1,0
"4003",13,1,"29",-0.773545521799327,0.352650391868471,1,0
"4004",14,1,"29",-0.773545521799327,0.352650391868471,1,0
"4005",15,1,"29",-0.773545521799327,0.352650391868471,1,0
"4006",16,1,"29",-0.773545521799327,0.352650391868471,1,0
"4007",17,1,"29",-0.773545521799327,0.352650391868471,1,0
"4008",18,1,"29",-0.773545521799327,0.352650391868471,1,0
"4009",19,1,"29",-0.773545521799327,0.352650391868471,1,0
"4010",20,1,"29",-0.773545521799327,0.352650391868471,1,0
"4011",21,1,"29",-0.773545521799327,0.352650391868471,1,0
"4012",22,1,"29",-0.773545521799327,0.352650391868471,1,0
"4013",23,1,"29",-0.773545521799327,0.352650391868471,1,0
"4014",24,1,"29",-0.773545521799327,0.352650391868471,1,0
"4015",25,1,"29",-0.773545521799327,0.352650391868471,1,0
"4016",26,1,"29",-0.773545521799327,0.352650391868471,1,0
"4017",27,1,"29",-0.773545521799327,0.352650391868471,1,0
"4018",28,1,"29",-0.773545521799327,0.352650391868471,1,0
"4019",29,1,"29",-0.773545521799327,0.352650391868471,1,0
"4020",30,1,"29",-0.773545521799327,0.352650391868471,1,0
"4021",1,2,"29",-1.23975766909242,0.0962893212068296,1,0
"4022",2,2,"29",-1.23975766909242,0.0962893212068296,1,0
"4023",3,2,"29",-1.23975766909242,0.0962893212068296,1,0
"4024",4,2,"29",-1.23975766909242,0.0962893212068296,1,0
"4025",5,2,"29",-1.23975766909242,0.0962893212068296,1,0
"4026",6,2,"29",-1.23975766909242,0.0962893212068296,1,0
"4027",7,2,"29",-1.23975766909242,0.0962893212068296,1,0
"4028",8,2,"29",-1.23975766909242,0.0962893212068296,1,0
"4029",9,2,"29",-1.23975766909242,0.0962893212068296,1,0
"4030",10,2,"29",-1.23975766909242,0.0962893212068296,1,0
"4031",11,2,"29",-1.23975766909242,0.0962893212068296,1,0
"4032",12,2,"29",-1.23975766909242,0.0962893212068296,1,0
"4033",13,2,"29",-1.23975766909242,0.0962893212068296,1,0
"4034",14,2,"29",-1.23975766909242,0.0962893212068296,1,0
"4035",15,2,"29",-1.23975766909242,0.0962893212068296,1,0
"4036",16,2,"29",-1.23975766909242,0.0962893212068296,1,0
"4037",17,2,"29",-1.23975766909242,0.0962893212068296,1,0
"4038",18,2,"29",-1.23975766909242,0.0962893212068296,1,0
"4039",19,2,"29",-1.23975766909242,0.0962893212068296,1,0
"4040",20,2,"29",-1.23975766909242,0.0962893212068296,1,0
"4041",21,2,"29",-1.23975766909242,0.0962893212068296,1,0
"4042",22,2,"29",-1.23975766909242,0.0962893212068296,1,0
"4043",23,2,"29",-1.23975766909242,0.0962893212068296,1,0
"4044",24,2,"29",-1.23975766909242,0.0962893212068296,1,0
"4045",25,2,"29",-1.23975766909242,0.0962893212068296,1,0
"4046",26,2,"29",-1.23975766909242,0.0962893212068296,1,0
"4047",27,2,"29",-1.23975766909242,0.0962893212068296,1,0
"4048",28,2,"29",-1.23975766909242,0.0962893212068296,1,0
"4049",29,2,"29",-1.23975766909242,0.0962893212068296,1,0
"4050",30,2,"29",-1.23975766909242,0.0962893212068296,1,0
"4051",1,3,"29",-1.2417663144366,0.0956792982234696,1,0
"4052",2,3,"29",-1.2417663144366,0.0956792982234696,1,0
"4053",3,3,"29",-1.2417663144366,0.0956792982234696,1,0
"4054",4,3,"29",-1.2417663144366,0.0956792982234696,1,0
"4055",5,3,"29",-1.2417663144366,0.0956792982234696,1,0
"4056",6,3,"29",-1.2417663144366,0.0956792982234696,1,0
"4057",7,3,"29",-1.2417663144366,0.0956792982234696,1,0
"4058",8,3,"29",-1.2417663144366,0.0956792982234696,1,0
"4059",9,3,"29",-1.2417663144366,0.0956792982234696,1,0
"4060",10,3,"29",-1.2417663144366,0.0956792982234696,1,0
"4061",11,3,"29",-1.2417663144366,0.0956792982234696,1,0
"4062",12,3,"29",-1.2417663144366,0.0956792982234696,1,0
"4063",13,3,"29",-1.2417663144366,0.0956792982234696,1,0
"4064",14,3,"29",-1.2417663144366,0.0956792982234696,1,0
"4065",15,3,"29",-1.2417663144366,0.0956792982234696,1,0
"4066",16,3,"29",-1.2417663144366,0.0956792982234696,1,0
"4067",17,3,"29",-1.2417663144366,0.0956792982234696,1,0
"4068",18,3,"29",-1.2417663144366,0.0956792982234696,1,0
"4069",19,3,"29",-1.2417663144366,0.0956792982234696,1,0
"4070",20,3,"29",-1.2417663144366,0.0956792982234696,1,0
"4071",21,3,"29",-1.2417663144366,0.0956792982234696,1,0
"4072",22,3,"29",-1.2417663144366,0.0956792982234696,1,0
"4073",23,3,"29",-1.2417663144366,0.0956792982234696,1,0
"4074",24,3,"29",-1.2417663144366,0.0956792982234696,1,0
"4075",25,3,"29",-1.2417663144366,0.0956792982234696,1,0
"4076",26,3,"29",-1.2417663144366,0.0956792982234696,1,0
"4077",27,3,"29",-1.2417663144366,0.0956792982234696,1,0
"4078",28,3,"29",-1.2417663144366,0.0956792982234696,1,0
"4079",29,3,"29",-1.2417663144366,0.0956792982234696,1,0
"4080",30,3,"29",-1.2417663144366,0.0956792982234696,1,0
"4081",1,1,"30",0.499312237533314,0.979114487278225,1,0
"4082",2,1,"30",0.499312237533314,0.979114487278225,1,0
"4083",3,1,"30",0.499312237533314,0.979114487278225,1,0
"4084",4,1,"30",0.499312237533314,0.979114487278225,1,1
"4085",5,1,"30",0.499312237533314,0.979114487278225,1,0
"4086",6,1,"30",0.499312237533314,0.979114487278225,1,0
"4087",7,1,"30",0.499312237533314,0.979114487278225,1,0
"4088",8,1,"30",0.499312237533314,0.979114487278225,1,0
"4089",9,1,"30",0.499312237533314,0.979114487278225,1,0
"4090",10,1,"30",0.499312237533314,0.979114487278225,1,0
"4091",11,1,"30",0.499312237533314,0.979114487278225,1,0
"4092",12,1,"30",0.499312237533314,0.979114487278225,1,0
"4093",13,1,"30",0.499312237533314,0.979114487278225,1,1
"4094",14,1,"30",0.499312237533314,0.979114487278225,1,0
"4095",15,1,"30",0.499312237533314,0.979114487278225,1,0
"4096",16,1,"30",0.499312237533314,0.979114487278225,1,0
"4097",17,1,"30",0.499312237533314,0.979114487278225,1,0
"4098",18,1,"30",0.499312237533314,0.979114487278225,1,0
"4099",19,1,"30",0.499312237533314,0.979114487278225,1,0
"4100",20,1,"30",0.499312237533314,0.979114487278225,1,0
"4101",21,1,"30",0.499312237533314,0.979114487278225,1,0
"4102",22,1,"30",0.499312237533314,0.979114487278225,1,0
"4103",23,1,"30",0.499312237533314,0.979114487278225,1,0
"4104",24,1,"30",0.499312237533314,0.979114487278225,1,0
"4105",25,1,"30",0.499312237533314,0.979114487278225,1,0
"4106",26,1,"30",0.499312237533314,0.979114487278225,1,0
"4107",27,1,"30",0.499312237533314,0.979114487278225,1,0
"4108",28,1,"30",0.499312237533314,0.979114487278225,1,0
"4109",29,1,"30",0.499312237533314,0.979114487278225,1,0
"4110",30,1,"30",0.499312237533314,0.979114487278225,1,0
"4111",1,2,"30",-0.85155807355311,0.293083861635459,1,0
"4112",2,2,"30",-0.85155807355311,0.293083861635459,1,0
"4113",3,2,"30",-0.85155807355311,0.293083861635459,1,0
"4114",4,2,"30",-0.85155807355311,0.293083861635459,1,1
"4115",5,2,"30",-0.85155807355311,0.293083861635459,1,0
"4116",6,2,"30",-0.85155807355311,0.293083861635459,1,0
"4117",7,2,"30",-0.85155807355311,0.293083861635459,1,0
"4118",8,2,"30",-0.85155807355311,0.293083861635459,1,0
"4119",9,2,"30",-0.85155807355311,0.293083861635459,1,0
"4120",10,2,"30",-0.85155807355311,0.293083861635459,1,0
"4121",11,2,"30",-0.85155807355311,0.293083861635459,1,0
"4122",12,2,"30",-0.85155807355311,0.293083861635459,1,0
"4123",13,2,"30",-0.85155807355311,0.293083861635459,1,1
"4124",14,2,"30",-0.85155807355311,0.293083861635459,1,0
"4125",15,2,"30",-0.85155807355311,0.293083861635459,1,0
"4126",16,2,"30",-0.85155807355311,0.293083861635459,1,0
"4127",17,2,"30",-0.85155807355311,0.293083861635459,1,0
"4128",18,2,"30",-0.85155807355311,0.293083861635459,1,0
"4129",19,2,"30",-0.85155807355311,0.293083861635459,1,0
"4130",20,2,"30",-0.85155807355311,0.293083861635459,1,0
"4131",21,2,"30",-0.85155807355311,0.293083861635459,1,0
"4132",22,2,"30",-0.85155807355311,0.293083861635459,1,0
"4133",23,2,"30",-0.85155807355311,0.293083861635459,1,0
"4134",24,2,"30",-0.85155807355311,0.293083861635459,1,0
"4135",25,2,"30",-0.85155807355311,0.293083861635459,1,0
"4136",26,2,"30",-0.85155807355311,0.293083861635459,1,0
"4137",27,2,"30",-0.85155807355311,0.293083861635459,1,0
"4138",28,2,"30",-0.85155807355311,0.293083861635459,1,0
"4139",29,2,"30",-0.85155807355311,0.293083861635459,1,0
"4140",30,2,"30",-0.85155807355311,0.293083861635459,1,0
"4141",1,3,"30",-1.02971502177877,0.181829312412996,1,0
"4142",2,3,"30",-1.02971502177877,0.181829312412996,1,0
"4143",3,3,"30",-1.02971502177877,0.181829312412996,1,0
"4144",4,3,"30",-1.02971502177877,0.181829312412996,1,1
"4145",5,3,"30",-1.02971502177877,0.181829312412996,1,0
"4146",6,3,"30",-1.02971502177877,0.181829312412996,1,0
"4147",7,3,"30",-1.02971502177877,0.181829312412996,1,0
"4148",8,3,"30",-1.02971502177877,0.181829312412996,1,0
"4149",9,3,"30",-1.02971502177877,0.181829312412996,1,0
"4150",10,3,"30",-1.02971502177877,0.181829312412996,1,0
"4151",11,3,"30",-1.02971502177877,0.181829312412996,1,0
"4152",12,3,"30",-1.02971502177877,0.181829312412996,1,0
"4153",13,3,"30",-1.02971502177877,0.181829312412996,1,1
"4154",14,3,"30",-1.02971502177877,0.181829312412996,1,0
"4155",15,3,"30",-1.02971502177877,0.181829312412996,1,0
"4156",16,3,"30",-1.02971502177877,0.181829312412996,1,0
"4157",17,3,"30",-1.02971502177877,0.181829312412996,1,0
"4158",18,3,"30",-1.02971502177877,0.181829312412996,1,0
"4159",19,3,"30",-1.02971502177877,0.181829312412996,1,0
"4160",20,3,"30",-1.02971502177877,0.181829312412996,1,0
"4161",21,3,"30",-1.02971502177877,0.181829312412996,1,0
"4162",22,3,"30",-1.02971502177877,0.181829312412996,1,0
"4163",23,3,"30",-1.02971502177877,0.181829312412996,1,0
"4164",24,3,"30",-1.02971502177877,0.181829312412996,1,0
"4165",25,3,"30",-1.02971502177877,0.181829312412996,1,0
"4166",26,3,"30",-1.02971502177877,0.181829312412996,1,0
"4167",27,3,"30",-1.02971502177877,0.181829312412996,1,0
"4168",28,3,"30",-1.02971502177877,0.181829312412996,1,0
"4169",29,3,"30",-1.02971502177877,0.181829312412996,1,0
"4170",30,3,"30",-1.02971502177877,0.181829312412996,1,0
"4171",4,4,"30",-0.41599624919829,0.655660069368548,2,0
"4172",13,4,"30",-0.41599624919829,0.655660069368548,2,0
"4173",4,5,"30",0.929133968778539,0.995283538814916,2,0
"4174",13,5,"30",0.929133968778539,0.995283538814916,2,0
"4175",4,6,"30",-0.386473015314326,0.678599792225741,2,0
"4176",13,6,"30",-0.386473015314326,0.678599792225741,2,0
"4177",1,1,"31",-1.61861340367998,0.0275143692643383,1,0
"4178",2,1,"31",-1.61861340367998,0.0275143692643383,1,1
"4179",3,1,"31",-1.61861340367998,0.0275143692643383,1,0
"4180",4,1,"31",-1.61861340367998,0.0275143692643383,1,1
"4181",5,1,"31",-1.61861340367998,0.0275143692643383,1,0
"4182",6,1,"31",-1.61861340367998,0.0275143692643383,1,0
"4183",7,1,"31",-1.61861340367998,0.0275143692643383,1,0
"4184",8,1,"31",-1.61861340367998,0.0275143692643383,1,0
"4185",9,1,"31",-1.61861340367998,0.0275143692643383,1,0
"4186",10,1,"31",-1.61861340367998,0.0275143692643383,1,0
"4187",11,1,"31",-1.61861340367998,0.0275143692643383,1,0
"4188",12,1,"31",-1.61861340367998,0.0275143692643383,1,0
"4189",13,1,"31",-1.61861340367998,0.0275143692643383,1,0
"4190",14,1,"31",-1.61861340367998,0.0275143692643383,1,0
"4191",15,1,"31",-1.61861340367998,0.0275143692643383,1,0
"4192",16,1,"31",-1.61861340367998,0.0275143692643383,1,0
"4193",17,1,"31",-1.61861340367998,0.0275143692643383,1,0
"4194",18,1,"31",-1.61861340367998,0.0275143692643383,1,0
"4195",19,1,"31",-1.61861340367998,0.0275143692643383,1,0
"4196",20,1,"31",-1.61861340367998,0.0275143692643383,1,0
"4197",21,1,"31",-1.61861340367998,0.0275143692643383,1,0
"4198",22,1,"31",-1.61861340367998,0.0275143692643383,1,0
"4199",23,1,"31",-1.61861340367998,0.0275143692643383,1,0
"4200",24,1,"31",-1.61861340367998,0.0275143692643383,1,0
"4201",25,1,"31",-1.61861340367998,0.0275143692643383,1,0
"4202",26,1,"31",-1.61861340367998,0.0275143692643383,1,0
"4203",27,1,"31",-1.61861340367998,0.0275143692643383,1,0
"4204",28,1,"31",-1.61861340367998,0.0275143692643383,1,0
"4205",29,1,"31",-1.61861340367998,0.0275143692643383,1,0
"4206",30,1,"31",-1.61861340367998,0.0275143692643383,1,0
"4207",1,2,"31",1.19282265603474,0.998120520766166,1,0
"4208",2,2,"31",1.19282265603474,0.998120520766166,1,1
"4209",3,2,"31",1.19282265603474,0.998120520766166,1,0
"4210",4,2,"31",1.19282265603474,0.998120520766166,1,1
"4211",5,2,"31",1.19282265603474,0.998120520766166,1,0
"4212",6,2,"31",1.19282265603474,0.998120520766166,1,0
"4213",7,2,"31",1.19282265603474,0.998120520766166,1,0
"4214",8,2,"31",1.19282265603474,0.998120520766166,1,0
"4215",9,2,"31",1.19282265603474,0.998120520766166,1,0
"4216",10,2,"31",1.19282265603474,0.998120520766166,1,0
"4217",11,2,"31",1.19282265603474,0.998120520766166,1,0
"4218",12,2,"31",1.19282265603474,0.998120520766166,1,0
"4219",13,2,"31",1.19282265603474,0.998120520766166,1,0
"4220",14,2,"31",1.19282265603474,0.998120520766166,1,0
"4221",15,2,"31",1.19282265603474,0.998120520766166,1,0
"4222",16,2,"31",1.19282265603474,0.998120520766166,1,0
"4223",17,2,"31",1.19282265603474,0.998120520766166,1,0
"4224",18,2,"31",1.19282265603474,0.998120520766166,1,0
"4225",19,2,"31",1.19282265603474,0.998120520766166,1,0
"4226",20,2,"31",1.19282265603474,0.998120520766166,1,0
"4227",21,2,"31",1.19282265603474,0.998120520766166,1,0
"4228",22,2,"31",1.19282265603474,0.998120520766166,1,0
"4229",23,2,"31",1.19282265603474,0.998120520766166,1,0
"4230",24,2,"31",1.19282265603474,0.998120520766166,1,0
"4231",25,2,"31",1.19282265603474,0.998120520766166,1,0
"4232",26,2,"31",1.19282265603474,0.998120520766166,1,0
"4233",27,2,"31",1.19282265603474,0.998120520766166,1,0
"4234",28,2,"31",1.19282265603474,0.998120520766166,1,0
"4235",29,2,"31",1.19282265603474,0.998120520766166,1,0
"4236",30,2,"31",1.19282265603474,0.998120520766166,1,0
"4237",1,3,"31",0.344116391227466,0.964579700306991,1,0
"4238",2,3,"31",0.344116391227466,0.964579700306991,1,1
"4239",3,3,"31",0.344116391227466,0.964579700306991,1,0
"4240",4,3,"31",0.344116391227466,0.964579700306991,1,1
"4241",5,3,"31",0.344116391227466,0.964579700306991,1,0
"4242",6,3,"31",0.344116391227466,0.964579700306991,1,0
"4243",7,3,"31",0.344116391227466,0.964579700306991,1,0
"4244",8,3,"31",0.344116391227466,0.964579700306991,1,0
"4245",9,3,"31",0.344116391227466,0.964579700306991,1,0
"4246",10,3,"31",0.344116391227466,0.964579700306991,1,0
"4247",11,3,"31",0.344116391227466,0.964579700306991,1,0
"4248",12,3,"31",0.344116391227466,0.964579700306991,1,0
"4249",13,3,"31",0.344116391227466,0.964579700306991,1,0
"4250",14,3,"31",0.344116391227466,0.964579700306991,1,0
"4251",15,3,"31",0.344116391227466,0.964579700306991,1,0
"4252",16,3,"31",0.344116391227466,0.964579700306991,1,0
"4253",17,3,"31",0.344116391227466,0.964579700306991,1,0
"4254",18,3,"31",0.344116391227466,0.964579700306991,1,0
"4255",19,3,"31",0.344116391227466,0.964579700306991,1,0
"4256",20,3,"31",0.344116391227466,0.964579700306991,1,0
"4257",21,3,"31",0.344116391227466,0.964579700306991,1,0
"4258",22,3,"31",0.344116391227466,0.964579700306991,1,0
"4259",23,3,"31",0.344116391227466,0.964579700306991,1,0
"4260",24,3,"31",0.344116391227466,0.964579700306991,1,0
"4261",25,3,"31",0.344116391227466,0.964579700306991,1,0
"4262",26,3,"31",0.344116391227466,0.964579700306991,1,0
"4263",27,3,"31",0.344116391227466,0.964579700306991,1,0
"4264",28,3,"31",0.344116391227466,0.964579700306991,1,0
"4265",29,3,"31",0.344116391227466,0.964579700306991,1,0
"4266",30,3,"31",0.344116391227466,0.964579700306991,1,0
"4267",2,4,"31",0.985157070835717,0.996120066357866,2,0
"4268",4,4,"31",0.985157070835717,0.996120066357866,2,0
"4269",2,5,"31",-1.14773199985223,0.128189549892733,2,0
"4270",4,5,"31",-1.14773199985223,0.128189549892733,2,0
"4271",2,6,"31",-0.135410482401385,0.835629637997547,2,0
"4272",4,6,"31",-0.135410482401385,0.835629637997547,2,0
"4273",1,1,"32",-0.240096996640268,0.778967661233834,1,0
"4274",2,1,"32",-0.240096996640268,0.778967661233834,1,0
"4275",3,1,"32",-0.240096996640268,0.778967661233834,1,0
"4276",4,1,"32",-0.240096996640268,0.778967661233834,1,0
"4277",5,1,"32",-0.240096996640268,0.778967661233834,1,0
"4278",6,1,"32",-0.240096996640268,0.778967661233834,1,0
"4279",7,1,"32",-0.240096996640268,0.778967661233834,1,0
"4280",8,1,"32",-0.240096996640268,0.778967661233834,1,0
"4281",9,1,"32",-0.240096996640268,0.778967661233834,1,0
"4282",10,1,"32",-0.240096996640268,0.778967661233834,1,0
"4283",11,1,"32",-0.240096996640268,0.778967661233834,1,0
"4284",12,1,"32",-0.240096996640268,0.778967661233834,1,0
"4285",13,1,"32",-0.240096996640268,0.778967661233834,1,0
"4286",14,1,"32",-0.240096996640268,0.778967661233834,1,0
"4287",15,1,"32",-0.240096996640268,0.778967661233834,1,0
"4288",16,1,"32",-0.240096996640268,0.778967661233834,1,0
"4289",17,1,"32",-0.240096996640268,0.778967661233834,1,0
"4290",18,1,"32",-0.240096996640268,0.778967661233834,1,0
"4291",19,1,"32",-0.240096996640268,0.778967661233834,1,0
"4292",20,1,"32",-0.240096996640268,0.778967661233834,1,0
"4293",21,1,"32",-0.240096996640268,0.778967661233834,1,0
"4294",22,1,"32",-0.240096996640268,0.778967661233834,1,0
"4295",23,1,"32",-0.240096996640268,0.778967661233834,1,0
"4296",24,1,"32",-0.240096996640268,0.778967661233834,1,0
"4297",25,1,"32",-0.240096996640268,0.778967661233834,1,0
"4298",26,1,"32",-0.240096996640268,0.778967661233834,1,0
"4299",27,1,"32",-0.240096996640268,0.778967661233834,1,0
"4300",28,1,"32",-0.240096996640268,0.778967661233834,1,0
"4301",29,1,"32",-0.240096996640268,0.778967661233834,1,0
"4302",30,1,"32",-0.240096996640268,0.778967661233834,1,0
"4303",1,2,"32",-1.41711514196328,0.0541716704253477,1,0
"4304",2,2,"32",-1.41711514196328,0.0541716704253477,1,0
"4305",3,2,"32",-1.41711514196328,0.0541716704253477,1,0
"4306",4,2,"32",-1.41711514196328,0.0541716704253477,1,0
"4307",5,2,"32",-1.41711514196328,0.0541716704253477,1,0
"4308",6,2,"32",-1.41711514196328,0.0541716704253477,1,0
"4309",7,2,"32",-1.41711514196328,0.0541716704253477,1,0
"4310",8,2,"32",-1.41711514196328,0.0541716704253477,1,0
"4311",9,2,"32",-1.41711514196328,0.0541716704253477,1,0
"4312",10,2,"32",-1.41711514196328,0.0541716704253477,1,0
"4313",11,2,"32",-1.41711514196328,0.0541716704253477,1,0
"4314",12,2,"32",-1.41711514196328,0.0541716704253477,1,0
"4315",13,2,"32",-1.41711514196328,0.0541716704253477,1,0
"4316",14,2,"32",-1.41711514196328,0.0541716704253477,1,0
"4317",15,2,"32",-1.41711514196328,0.0541716704253477,1,0
"4318",16,2,"32",-1.41711514196328,0.0541716704253477,1,0
"4319",17,2,"32",-1.41711514196328,0.0541716704253477,1,0
"4320",18,2,"32",-1.41711514196328,0.0541716704253477,1,0
"4321",19,2,"32",-1.41711514196328,0.0541716704253477,1,0
"4322",20,2,"32",-1.41711514196328,0.0541716704253477,1,0
"4323",21,2,"32",-1.41711514196328,0.0541716704253477,1,0
"4324",22,2,"32",-1.41711514196328,0.0541716704253477,1,0
"4325",23,2,"32",-1.41711514196328,0.0541716704253477,1,0
"4326",24,2,"32",-1.41711514196328,0.0541716704253477,1,0
"4327",25,2,"32",-1.41711514196328,0.0541716704253477,1,0
"4328",26,2,"32",-1.41711514196328,0.0541716704253477,1,0
"4329",27,2,"32",-1.41711514196328,0.0541716704253477,1,0
"4330",28,2,"32",-1.41711514196328,0.0541716704253477,1,0
"4331",29,2,"32",-1.41711514196328,0.0541716704253477,1,0
"4332",30,2,"32",-1.41711514196328,0.0541716704253477,1,0
"4333",1,3,"32",0.459771636718643,0.976088663021549,1,0
"4334",2,3,"32",0.459771636718643,0.976088663021549,1,0
"4335",3,3,"32",0.459771636718643,0.976088663021549,1,0
"4336",4,3,"32",0.459771636718643,0.976088663021549,1,0
"4337",5,3,"32",0.459771636718643,0.976088663021549,1,0
"4338",6,3,"32",0.459771636718643,0.976088663021549,1,0
"4339",7,3,"32",0.459771636718643,0.976088663021549,1,0
"4340",8,3,"32",0.459771636718643,0.976088663021549,1,0
"4341",9,3,"32",0.459771636718643,0.976088663021549,1,0
"4342",10,3,"32",0.459771636718643,0.976088663021549,1,0
"4343",11,3,"32",0.459771636718643,0.976088663021549,1,0
"4344",12,3,"32",0.459771636718643,0.976088663021549,1,0
"4345",13,3,"32",0.459771636718643,0.976088663021549,1,0
"4346",14,3,"32",0.459771636718643,0.976088663021549,1,0
"4347",15,3,"32",0.459771636718643,0.976088663021549,1,0
"4348",16,3,"32",0.459771636718643,0.976088663021549,1,0
"4349",17,3,"32",0.459771636718643,0.976088663021549,1,0
"4350",18,3,"32",0.459771636718643,0.976088663021549,1,0
"4351",19,3,"32",0.459771636718643,0.976088663021549,1,0
"4352",20,3,"32",0.459771636718643,0.976088663021549,1,0
"4353",21,3,"32",0.459771636718643,0.976088663021549,1,0
"4354",22,3,"32",0.459771636718643,0.976088663021549,1,0
"4355",23,3,"32",0.459771636718643,0.976088663021549,1,0
"4356",24,3,"32",0.459771636718643,0.976088663021549,1,0
"4357",25,3,"32",0.459771636718643,0.976088663021549,1,0
"4358",26,3,"32",0.459771636718643,0.976088663021549,1,0
"4359",27,3,"32",0.459771636718643,0.976088663021549,1,0
"4360",28,3,"32",0.459771636718643,0.976088663021549,1,0
"4361",29,3,"32",0.459771636718643,0.976088663021549,1,0
"4362",30,3,"32",0.459771636718643,0.976088663021549,1,0
"4363",1,1,"33",0.349276958166446,0.965191649040929,1,0
"4364",2,1,"33",0.349276958166446,0.965191649040929,1,0
"4365",3,1,"33",0.349276958166446,0.965191649040929,1,0
"4366",4,1,"33",0.349276958166446,0.965191649040929,1,0
"4367",5,1,"33",0.349276958166446,0.965191649040929,1,0
"4368",6,1,"33",0.349276958166446,0.965191649040929,1,0
"4369",7,1,"33",0.349276958166446,0.965191649040929,1,0
"4370",8,1,"33",0.349276958166446,0.965191649040929,1,0
"4371",9,1,"33",0.349276958166446,0.965191649040929,1,0
"4372",10,1,"33",0.349276958166446,0.965191649040929,1,0
"4373",11,1,"33",0.349276958166446,0.965191649040929,1,0
"4374",12,1,"33",0.349276958166446,0.965191649040929,1,0
"4375",13,1,"33",0.349276958166446,0.965191649040929,1,0
"4376",14,1,"33",0.349276958166446,0.965191649040929,1,0
"4377",15,1,"33",0.349276958166446,0.965191649040929,1,0
"4378",16,1,"33",0.349276958166446,0.965191649040929,1,0
"4379",17,1,"33",0.349276958166446,0.965191649040929,1,0
"4380",18,1,"33",0.349276958166446,0.965191649040929,1,0
"4381",19,1,"33",0.349276958166446,0.965191649040929,1,0
"4382",20,1,"33",0.349276958166446,0.965191649040929,1,0
"4383",21,1,"33",0.349276958166446,0.965191649040929,1,0
"4384",22,1,"33",0.349276958166446,0.965191649040929,1,0
"4385",23,1,"33",0.349276958166446,0.965191649040929,1,0
"4386",24,1,"33",0.349276958166446,0.965191649040929,1,0
"4387",25,1,"33",0.349276958166446,0.965191649040929,1,0
"4388",26,1,"33",0.349276958166446,0.965191649040929,1,0
"4389",27,1,"33",0.349276958166446,0.965191649040929,1,0
"4390",28,1,"33",0.349276958166446,0.965191649040929,1,0
"4391",29,1,"33",0.349276958166446,0.965191649040929,1,0
"4392",30,1,"33",0.349276958166446,0.965191649040929,1,0
"4393",1,2,"33",-2.86529935486842,0.00036017951917212,1,0
"4394",2,2,"33",-2.86529935486842,0.00036017951917212,1,0
"4395",3,2,"33",-2.86529935486842,0.00036017951917212,1,0
"4396",4,2,"33",-2.86529935486842,0.00036017951917212,1,0
"4397",5,2,"33",-2.86529935486842,0.00036017951917212,1,0
"4398",6,2,"33",-2.86529935486842,0.00036017951917212,1,0
"4399",7,2,"33",-2.86529935486842,0.00036017951917212,1,0
"4400",8,2,"33",-2.86529935486842,0.00036017951917212,1,0
"4401",9,2,"33",-2.86529935486842,0.00036017951917212,1,0
"4402",10,2,"33",-2.86529935486842,0.00036017951917212,1,0
"4403",11,2,"33",-2.86529935486842,0.00036017951917212,1,0
"4404",12,2,"33",-2.86529935486842,0.00036017951917212,1,0
"4405",13,2,"33",-2.86529935486842,0.00036017951917212,1,0
"4406",14,2,"33",-2.86529935486842,0.00036017951917212,1,0
"4407",15,2,"33",-2.86529935486842,0.00036017951917212,1,0
"4408",16,2,"33",-2.86529935486842,0.00036017951917212,1,0
"4409",17,2,"33",-2.86529935486842,0.00036017951917212,1,0
"4410",18,2,"33",-2.86529935486842,0.00036017951917212,1,0
"4411",19,2,"33",-2.86529935486842,0.00036017951917212,1,0
"4412",20,2,"33",-2.86529935486842,0.00036017951917212,1,0
"4413",21,2,"33",-2.86529935486842,0.00036017951917212,1,0
"4414",22,2,"33",-2.86529935486842,0.00036017951917212,1,0
"4415",23,2,"33",-2.86529935486842,0.00036017951917212,1,0
"4416",24,2,"33",-2.86529935486842,0.00036017951917212,1,0
"4417",25,2,"33",-2.86529935486842,0.00036017951917212,1,0
"4418",26,2,"33",-2.86529935486842,0.00036017951917212,1,0
"4419",27,2,"33",-2.86529935486842,0.00036017951917212,1,0
"4420",28,2,"33",-2.86529935486842,0.00036017951917212,1,0
"4421",29,2,"33",-2.86529935486842,0.00036017951917212,1,0
"4422",30,2,"33",-2.86529935486842,0.00036017951917212,1,0
"4423",1,3,"33",-0.112444428898765,0.846374550496762,1,0
"4424",2,3,"33",-0.112444428898765,0.846374550496762,1,0
"4425",3,3,"33",-0.112444428898765,0.846374550496762,1,0
"4426",4,3,"33",-0.112444428898765,0.846374550496762,1,0
"4427",5,3,"33",-0.112444428898765,0.846374550496762,1,0
"4428",6,3,"33",-0.112444428898765,0.846374550496762,1,0
"4429",7,3,"33",-0.112444428898765,0.846374550496762,1,0
"4430",8,3,"33",-0.112444428898765,0.846374550496762,1,0
"4431",9,3,"33",-0.112444428898765,0.846374550496762,1,0
"4432",10,3,"33",-0.112444428898765,0.846374550496762,1,0
"4433",11,3,"33",-0.112444428898765,0.846374550496762,1,0
"4434",12,3,"33",-0.112444428898765,0.846374550496762,1,0
"4435",13,3,"33",-0.112444428898765,0.846374550496762,1,0
"4436",14,3,"33",-0.112444428898765,0.846374550496762,1,0
"4437",15,3,"33",-0.112444428898765,0.846374550496762,1,0
"4438",16,3,"33",-0.112444428898765,0.846374550496762,1,0
"4439",17,3,"33",-0.112444428898765,0.846374550496762,1,0
"4440",18,3,"33",-0.112444428898765,0.846374550496762,1,0
"4441",19,3,"33",-0.112444428898765,0.846374550496762,1,0
"4442",20,3,"33",-0.112444428898765,0.846374550496762,1,0
"4443",21,3,"33",-0.112444428898765,0.846374550496762,1,0
"4444",22,3,"33",-0.112444428898765,0.846374550496762,1,0
"4445",23,3,"33",-0.112444428898765,0.846374550496762,1,0
"4446",24,3,"33",-0.112444428898765,0.846374550496762,1,0
"4447",25,3,"33",-0.112444428898765,0.846374550496762,1,0
"4448",26,3,"33",-0.112444428898765,0.846374550496762,1,0
"4449",27,3,"33",-0.112444428898765,0.846374550496762,1,0
"4450",28,3,"33",-0.112444428898765,0.846374550496762,1,0
"4451",29,3,"33",-0.112444428898765,0.846374550496762,1,0
"4452",30,3,"33",-0.112444428898765,0.846374550496762,1,0
"4453",1,1,"34",0.470360048286763,0.976938523141756,1,1
"4454",2,1,"34",0.470360048286763,0.976938523141756,1,1
"4455",3,1,"34",0.470360048286763,0.976938523141756,1,0
"4456",4,1,"34",0.470360048286763,0.976938523141756,1,1
"4457",5,1,"34",0.470360048286763,0.976938523141756,1,1
"4458",6,1,"34",0.470360048286763,0.976938523141756,1,1
"4459",7,1,"34",0.470360048286763,0.976938523141756,1,1
"4460",8,1,"34",0.470360048286763,0.976938523141756,1,1
"4461",9,1,"34",0.470360048286763,0.976938523141756,1,1
"4462",10,1,"34",0.470360048286763,0.976938523141756,1,1
"4463",11,1,"34",0.470360048286763,0.976938523141756,1,1
"4464",12,1,"34",0.470360048286763,0.976938523141756,1,1
"4465",13,1,"34",0.470360048286763,0.976938523141756,1,1
"4466",14,1,"34",0.470360048286763,0.976938523141756,1,1
"4467",15,1,"34",0.470360048286763,0.976938523141756,1,1
"4468",16,1,"34",0.470360048286763,0.976938523141756,1,1
"4469",17,1,"34",0.470360048286763,0.976938523141756,1,1
"4470",18,1,"34",0.470360048286763,0.976938523141756,1,1
"4471",19,1,"34",0.470360048286763,0.976938523141756,1,1
"4472",20,1,"34",0.470360048286763,0.976938523141756,1,1
"4473",21,1,"34",0.470360048286763,0.976938523141756,1,1
"4474",22,1,"34",0.470360048286763,0.976938523141756,1,0
"4475",23,1,"34",0.470360048286763,0.976938523141756,1,1
"4476",24,1,"34",0.470360048286763,0.976938523141756,1,1
"4477",25,1,"34",0.470360048286763,0.976938523141756,1,1
"4478",26,1,"34",0.470360048286763,0.976938523141756,1,1
"4479",27,1,"34",0.470360048286763,0.976938523141756,1,1
"4480",28,1,"34",0.470360048286763,0.976938523141756,1,1
"4481",29,1,"34",0.470360048286763,0.976938523141756,1,1
"4482",30,1,"34",0.470360048286763,0.976938523141756,1,1
"4483",1,2,"34",0.718089316100737,0.990178512026349,1,1
"4484",2,2,"34",0.718089316100737,0.990178512026349,1,1
"4485",3,2,"34",0.718089316100737,0.990178512026349,1,0
"4486",4,2,"34",0.718089316100737,0.990178512026349,1,1
"4487",5,2,"34",0.718089316100737,0.990178512026349,1,1
"4488",6,2,"34",0.718089316100737,0.990178512026349,1,1
"4489",7,2,"34",0.718089316100737,0.990178512026349,1,1
"4490",8,2,"34",0.718089316100737,0.990178512026349,1,1
"4491",9,2,"34",0.718089316100737,0.990178512026349,1,1
"4492",10,2,"34",0.718089316100737,0.990178512026349,1,1
"4493",11,2,"34",0.718089316100737,0.990178512026349,1,1
"4494",12,2,"34",0.718089316100737,0.990178512026349,1,1
"4495",13,2,"34",0.718089316100737,0.990178512026349,1,1
"4496",14,2,"34",0.718089316100737,0.990178512026349,1,1
"4497",15,2,"34",0.718089316100737,0.990178512026349,1,1
"4498",16,2,"34",0.718089316100737,0.990178512026349,1,1
"4499",17,2,"34",0.718089316100737,0.990178512026349,1,1
"4500",18,2,"34",0.718089316100737,0.990178512026349,1,1
"4501",19,2,"34",0.718089316100737,0.990178512026349,1,1
"4502",20,2,"34",0.718089316100737,0.990178512026349,1,1
"4503",21,2,"34",0.718089316100737,0.990178512026349,1,1
"4504",22,2,"34",0.718089316100737,0.990178512026349,1,0
"4505",23,2,"34",0.718089316100737,0.990178512026349,1,1
"4506",24,2,"34",0.718089316100737,0.990178512026349,1,1
"4507",25,2,"34",0.718089316100737,0.990178512026349,1,1
"4508",26,2,"34",0.718089316100737,0.990178512026349,1,1
"4509",27,2,"34",0.718089316100737,0.990178512026349,1,1
"4510",28,2,"34",0.718089316100737,0.990178512026349,1,1
"4511",29,2,"34",0.718089316100737,0.990178512026349,1,1
"4512",30,2,"34",0.718089316100737,0.990178512026349,1,1
"4513",1,3,"34",0.0443935332006566,0.905113367438813,1,1
"4514",2,3,"34",0.0443935332006566,0.905113367438813,1,1
"4515",3,3,"34",0.0443935332006566,0.905113367438813,1,0
"4516",4,3,"34",0.0443935332006566,0.905113367438813,1,1
"4517",5,3,"34",0.0443935332006566,0.905113367438813,1,1
"4518",6,3,"34",0.0443935332006566,0.905113367438813,1,1
"4519",7,3,"34",0.0443935332006566,0.905113367438813,1,1
"4520",8,3,"34",0.0443935332006566,0.905113367438813,1,1
"4521",9,3,"34",0.0443935332006566,0.905113367438813,1,1
"4522",10,3,"34",0.0443935332006566,0.905113367438813,1,1
"4523",11,3,"34",0.0443935332006566,0.905113367438813,1,1
"4524",12,3,"34",0.0443935332006566,0.905113367438813,1,1
"4525",13,3,"34",0.0443935332006566,0.905113367438813,1,1
"4526",14,3,"34",0.0443935332006566,0.905113367438813,1,1
"4527",15,3,"34",0.0443935332006566,0.905113367438813,1,1
"4528",16,3,"34",0.0443935332006566,0.905113367438813,1,1
"4529",17,3,"34",0.0443935332006566,0.905113367438813,1,1
"4530",18,3,"34",0.0443935332006566,0.905113367438813,1,1
"4531",19,3,"34",0.0443935332006566,0.905113367438813,1,1
"4532",20,3,"34",0.0443935332006566,0.905113367438813,1,1
"4533",21,3,"34",0.0443935332006566,0.905113367438813,1,1
"4534",22,3,"34",0.0443935332006566,0.905113367438813,1,0
"4535",23,3,"34",0.0443935332006566,0.905113367438813,1,1
"4536",24,3,"34",0.0443935332006566,0.905113367438813,1,1
"4537",25,3,"34",0.0443935332006566,0.905113367438813,1,1
"4538",26,3,"34",0.0443935332006566,0.905113367438813,1,1
"4539",27,3,"34",0.0443935332006566,0.905113367438813,1,1
"4540",28,3,"34",0.0443935332006566,0.905113367438813,1,1
"4541",29,3,"34",0.0443935332006566,0.905113367438813,1,1
"4542",30,3,"34",0.0443935332006566,0.905113367438813,1,1
"4543",1,4,"34",-0.937218289048473,0.23500472955596,2,1
"4544",2,4,"34",-0.937218289048473,0.23500472955596,2,0
"4545",4,4,"34",-0.937218289048473,0.23500472955596,2,0
"4546",5,4,"34",-0.937218289048473,0.23500472955596,2,1
"4547",6,4,"34",-0.937218289048473,0.23500472955596,2,0
"4548",7,4,"34",-0.937218289048473,0.23500472955596,2,0
"4549",8,4,"34",-0.937218289048473,0.23500472955596,2,0
"4550",9,4,"34",-0.937218289048473,0.23500472955596,2,0
"4551",10,4,"34",-0.937218289048473,0.23500472955596,2,0
"4552",11,4,"34",-0.937218289048473,0.23500472955596,2,0
"4553",12,4,"34",-0.937218289048473,0.23500472955596,2,0
"4554",13,4,"34",-0.937218289048473,0.23500472955596,2,0
"4555",14,4,"34",-0.937218289048473,0.23500472955596,2,1
"4556",15,4,"34",-0.937218289048473,0.23500472955596,2,1
"4557",16,4,"34",-0.937218289048473,0.23500472955596,2,0
"4558",17,4,"34",-0.937218289048473,0.23500472955596,2,1
"4559",18,4,"34",-0.937218289048473,0.23500472955596,2,0
"4560",19,4,"34",-0.937218289048473,0.23500472955596,2,0
"4561",20,4,"34",-0.937218289048473,0.23500472955596,2,0
"4562",21,4,"34",-0.937218289048473,0.23500472955596,2,0
"4563",23,4,"34",-0.937218289048473,0.23500472955596,2,0
"4564",24,4,"34",-0.937218289048473,0.23500472955596,2,0
"4565",25,4,"34",-0.937218289048473,0.23500472955596,2,0
"4566",26,4,"34",-0.937218289048473,0.23500472955596,2,0
"4567",27,4,"34",-0.937218289048473,0.23500472955596,2,0
"4568",28,4,"34",-0.937218289048473,0.23500472955596,2,0
"4569",29,4,"34",-0.937218289048473,0.23500472955596,2,0
"4570",30,4,"34",-0.937218289048473,0.23500472955596,2,0
"4571",1,5,"34",0.375952459747634,0.968195726901264,2,1
"4572",2,5,"34",0.375952459747634,0.968195726901264,2,0
"4573",4,5,"34",0.375952459747634,0.968195726901264,2,0
"4574",5,5,"34",0.375952459747634,0.968195726901264,2,1
"4575",6,5,"34",0.375952459747634,0.968195726901264,2,0
"4576",7,5,"34",0.375952459747634,0.968195726901264,2,0
"4577",8,5,"34",0.375952459747634,0.968195726901264,2,0
"4578",9,5,"34",0.375952459747634,0.968195726901264,2,0
"4579",10,5,"34",0.375952459747634,0.968195726901264,2,0
"4580",11,5,"34",0.375952459747634,0.968195726901264,2,0
"4581",12,5,"34",0.375952459747634,0.968195726901264,2,0
"4582",13,5,"34",0.375952459747634,0.968195726901264,2,0
"4583",14,5,"34",0.375952459747634,0.968195726901264,2,1
"4584",15,5,"34",0.375952459747634,0.968195726901264,2,1
"4585",16,5,"34",0.375952459747634,0.968195726901264,2,0
"4586",17,5,"34",0.375952459747634,0.968195726901264,2,1
"4587",18,5,"34",0.375952459747634,0.968195726901264,2,0
"4588",19,5,"34",0.375952459747634,0.968195726901264,2,0
"4589",20,5,"34",0.375952459747634,0.968195726901264,2,0
"4590",21,5,"34",0.375952459747634,0.968195726901264,2,0
"4591",23,5,"34",0.375952459747634,0.968195726901264,2,0
"4592",24,5,"34",0.375952459747634,0.968195726901264,2,0
"4593",25,5,"34",0.375952459747634,0.968195726901264,2,0
"4594",26,5,"34",0.375952459747634,0.968195726901264,2,0
"4595",27,5,"34",0.375952459747634,0.968195726901264,2,0
"4596",28,5,"34",0.375952459747634,0.968195726901264,2,0
"4597",29,5,"34",0.375952459747634,0.968195726901264,2,0
"4598",30,5,"34",0.375952459747634,0.968195726901264,2,0
"4599",1,6,"34",0.337579503705612,0.963789656530768,2,1
"4600",2,6,"34",0.337579503705612,0.963789656530768,2,0
"4601",4,6,"34",0.337579503705612,0.963789656530768,2,0
"4602",5,6,"34",0.337579503705612,0.963789656530768,2,1
"4603",6,6,"34",0.337579503705612,0.963789656530768,2,0
"4604",7,6,"34",0.337579503705612,0.963789656530768,2,0
"4605",8,6,"34",0.337579503705612,0.963789656530768,2,0
"4606",9,6,"34",0.337579503705612,0.963789656530768,2,0
"4607",10,6,"34",0.337579503705612,0.963789656530768,2,0
"4608",11,6,"34",0.337579503705612,0.963789656530768,2,0
"4609",12,6,"34",0.337579503705612,0.963789656530768,2,0
"4610",13,6,"34",0.337579503705612,0.963789656530768,2,0
"4611",14,6,"34",0.337579503705612,0.963789656530768,2,1
"4612",15,6,"34",0.337579503705612,0.963789656530768,2,1
"4613",16,6,"34",0.337579503705612,0.963789656530768,2,0
"4614",17,6,"34",0.337579503705612,0.963789656530768,2,1
"4615",18,6,"34",0.337579503705612,0.963789656530768,2,0
"4616",19,6,"34",0.337579503705612,0.963789656530768,2,0
"4617",20,6,"34",0.337579503705612,0.963789656530768,2,0
"4618",21,6,"34",0.337579503705612,0.963789656530768,2,0
"4619",23,6,"34",0.337579503705612,0.963789656530768,2,0
"4620",24,6,"34",0.337579503705612,0.963789656530768,2,0
"4621",25,6,"34",0.337579503705612,0.963789656530768,2,0
"4622",26,6,"34",0.337579503705612,0.963789656530768,2,0
"4623",27,6,"34",0.337579503705612,0.963789656530768,2,0
"4624",28,6,"34",0.337579503705612,0.963789656530768,2,0
"4625",29,6,"34",0.337579503705612,0.963789656530768,2,0
"4626",30,6,"34",0.337579503705612,0.963789656530768,2,0
"4627",1,7,"34",-0.515684089669583,0.573245627421089,3,1
"4628",5,7,"34",-0.515684089669583,0.573245627421089,3,0
"4629",14,7,"34",-0.515684089669583,0.573245627421089,3,1
"4630",15,7,"34",-0.515684089669583,0.573245627421089,3,0
"4631",17,7,"34",-0.515684089669583,0.573245627421089,3,0
"4632",1,8,"34",-0.499454397375509,0.587080577447073,3,1
"4633",5,8,"34",-0.499454397375509,0.587080577447073,3,0
"4634",14,8,"34",-0.499454397375509,0.587080577447073,3,1
"4635",15,8,"34",-0.499454397375509,0.587080577447073,3,0
"4636",17,8,"34",-0.499454397375509,0.587080577447073,3,0
"4637",1,9,"34",1.05107165985997,0.996916958328248,3,1
"4638",5,9,"34",1.05107165985997,0.996916958328248,3,0
"4639",14,9,"34",1.05107165985997,0.996916958328248,3,1
"4640",15,9,"34",1.05107165985997,0.996916958328248,3,0
"4641",17,9,"34",1.05107165985997,0.996916958328248,3,0
"4642",1,10,"34",1.30748522609768,0.998741025852976,4,0
"4643",14,10,"34",1.30748522609768,0.998741025852976,4,0
"4644",1,11,"34",0.0258219198105312,0.899382002411151,4,0
"4645",14,11,"34",0.0258219198105312,0.899382002411151,4,0
"4646",1,12,"34",-0.503820090767253,0.583371600881645,4,0
"4647",14,12,"34",-0.503820090767253,0.583371600881645,4,0
"4648",1,1,"35",0.0750809532428577,0.913944966061389,1,0
"4649",2,1,"35",0.0750809532428577,0.913944966061389,1,0
"4650",3,1,"35",0.0750809532428577,0.913944966061389,1,0
"4651",4,1,"35",0.0750809532428577,0.913944966061389,1,0
"4652",5,1,"35",0.0750809532428577,0.913944966061389,1,0
"4653",6,1,"35",0.0750809532428577,0.913944966061389,1,0
"4654",7,1,"35",0.0750809532428577,0.913944966061389,1,0
"4655",8,1,"35",0.0750809532428577,0.913944966061389,1,0
"4656",9,1,"35",0.0750809532428577,0.913944966061389,1,0
"4657",10,1,"35",0.0750809532428577,0.913944966061389,1,0
"4658",11,1,"35",0.0750809532428577,0.913944966061389,1,0
"4659",12,1,"35",0.0750809532428577,0.913944966061389,1,0
"4660",13,1,"35",0.0750809532428577,0.913944966061389,1,0
"4661",14,1,"35",0.0750809532428577,0.913944966061389,1,0
"4662",15,1,"35",0.0750809532428577,0.913944966061389,1,0
"4663",16,1,"35",0.0750809532428577,0.913944966061389,1,0
"4664",17,1,"35",0.0750809532428577,0.913944966061389,1,0
"4665",18,1,"35",0.0750809532428577,0.913944966061389,1,0
"4666",19,1,"35",0.0750809532428577,0.913944966061389,1,0
"4667",20,1,"35",0.0750809532428577,0.913944966061389,1,0
"4668",21,1,"35",0.0750809532428577,0.913944966061389,1,0
"4669",22,1,"35",0.0750809532428577,0.913944966061389,1,0
"4670",23,1,"35",0.0750809532428577,0.913944966061389,1,0
"4671",24,1,"35",0.0750809532428577,0.913944966061389,1,0
"4672",25,1,"35",0.0750809532428577,0.913944966061389,1,0
"4673",26,1,"35",0.0750809532428577,0.913944966061389,1,0
"4674",27,1,"35",0.0750809532428577,0.913944966061389,1,0
"4675",28,1,"35",0.0750809532428577,0.913944966061389,1,0
"4676",29,1,"35",0.0750809532428577,0.913944966061389,1,0
"4677",30,1,"35",0.0750809532428577,0.913944966061389,1,0
"4678",1,2,"35",1.00175774890136,0.996338273670388,1,0
"4679",2,2,"35",1.00175774890136,0.996338273670388,1,0
"4680",3,2,"35",1.00175774890136,0.996338273670388,1,0
"4681",4,2,"35",1.00175774890136,0.996338273670388,1,0
"4682",5,2,"35",1.00175774890136,0.996338273670388,1,0
"4683",6,2,"35",1.00175774890136,0.996338273670388,1,0
"4684",7,2,"35",1.00175774890136,0.996338273670388,1,0
"4685",8,2,"35",1.00175774890136,0.996338273670388,1,0
"4686",9,2,"35",1.00175774890136,0.996338273670388,1,0
"4687",10,2,"35",1.00175774890136,0.996338273670388,1,0
"4688",11,2,"35",1.00175774890136,0.996338273670388,1,0
"4689",12,2,"35",1.00175774890136,0.996338273670388,1,0
"4690",13,2,"35",1.00175774890136,0.996338273670388,1,0
"4691",14,2,"35",1.00175774890136,0.996338273670388,1,0
"4692",15,2,"35",1.00175774890136,0.996338273670388,1,0
"4693",16,2,"35",1.00175774890136,0.996338273670388,1,0
"4694",17,2,"35",1.00175774890136,0.996338273670388,1,0
"4695",18,2,"35",1.00175774890136,0.996338273670388,1,0
"4696",19,2,"35",1.00175774890136,0.996338273670388,1,0
"4697",20,2,"35",1.00175774890136,0.996338273670388,1,0
"4698",21,2,"35",1.00175774890136,0.996338273670388,1,0
"4699",22,2,"35",1.00175774890136,0.996338273670388,1,0
"4700",23,2,"35",1.00175774890136,0.996338273670388,1,0
"4701",24,2,"35",1.00175774890136,0.996338273670388,1,0
"4702",25,2,"35",1.00175774890136,0.996338273670388,1,0
"4703",26,2,"35",1.00175774890136,0.996338273670388,1,0
"4704",27,2,"35",1.00175774890136,0.996338273670388,1,0
"4705",28,2,"35",1.00175774890136,0.996338273670388,1,0
"4706",29,2,"35",1.00175774890136,0.996338273670388,1,0
"4707",30,2,"35",1.00175774890136,0.996338273670388,1,0
"4708",1,3,"35",-2.88104268273783,0.000340876497333261,1,0
"4709",2,3,"35",-2.88104268273783,0.000340876497333261,1,0
"4710",3,3,"35",-2.88104268273783,0.000340876497333261,1,0
"4711",4,3,"35",-2.88104268273783,0.000340876497333261,1,0
"4712",5,3,"35",-2.88104268273783,0.000340876497333261,1,0
"4713",6,3,"35",-2.88104268273783,0.000340876497333261,1,0
"4714",7,3,"35",-2.88104268273783,0.000340876497333261,1,0
"4715",8,3,"35",-2.88104268273783,0.000340876497333261,1,0
"4716",9,3,"35",-2.88104268273783,0.000340876497333261,1,0
"4717",10,3,"35",-2.88104268273783,0.000340876497333261,1,0
"4718",11,3,"35",-2.88104268273783,0.000340876497333261,1,0
"4719",12,3,"35",-2.88104268273783,0.000340876497333261,1,0
"4720",13,3,"35",-2.88104268273783,0.000340876497333261,1,0
"4721",14,3,"35",-2.88104268273783,0.000340876497333261,1,0
"4722",15,3,"35",-2.88104268273783,0.000340876497333261,1,0
"4723",16,3,"35",-2.88104268273783,0.000340876497333261,1,0
"4724",17,3,"35",-2.88104268273783,0.000340876497333261,1,0
"4725",18,3,"35",-2.88104268273783,0.000340876497333261,1,0
"4726",19,3,"35",-2.88104268273783,0.000340876497333261,1,0
"4727",20,3,"35",-2.88104268273783,0.000340876497333261,1,0
"4728",21,3,"35",-2.88104268273783,0.000340876497333261,1,0
"4729",22,3,"35",-2.88104268273783,0.000340876497333261,1,0
"4730",23,3,"35",-2.88104268273783,0.000340876497333261,1,0
"4731",24,3,"35",-2.88104268273783,0.000340876497333261,1,0
"4732",25,3,"35",-2.88104268273783,0.000340876497333261,1,0
"4733",26,3,"35",-2.88104268273783,0.000340876497333261,1,0
"4734",27,3,"35",-2.88104268273783,0.000340876497333261,1,0
"4735",28,3,"35",-2.88104268273783,0.000340876497333261,1,0
"4736",29,3,"35",-2.88104268273783,0.000340876497333261,1,0
"4737",30,3,"35",-2.88104268273783,0.000340876497333261,1,0
"4738",1,1,"36",-0.428315186298569,0.645861464090144,1,0
"4739",2,1,"36",-0.428315186298569,0.645861464090144,1,0
"4740",3,1,"36",-0.428315186298569,0.645861464090144,1,0
"4741",4,1,"36",-0.428315186298569,0.645861464090144,1,1
"4742",5,1,"36",-0.428315186298569,0.645861464090144,1,0
"4743",6,1,"36",-0.428315186298569,0.645861464090144,1,1
"4744",7,1,"36",-0.428315186298569,0.645861464090144,1,1
"4745",8,1,"36",-0.428315186298569,0.645861464090144,1,1
"4746",9,1,"36",-0.428315186298569,0.645861464090144,1,1
"4747",10,1,"36",-0.428315186298569,0.645861464090144,1,1
"4748",11,1,"36",-0.428315186298569,0.645861464090144,1,1
"4749",12,1,"36",-0.428315186298569,0.645861464090144,1,1
"4750",13,1,"36",-0.428315186298569,0.645861464090144,1,1
"4751",14,1,"36",-0.428315186298569,0.645861464090144,1,1
"4752",15,1,"36",-0.428315186298569,0.645861464090144,1,0
"4753",16,1,"36",-0.428315186298569,0.645861464090144,1,1
"4754",17,1,"36",-0.428315186298569,0.645861464090144,1,0
"4755",18,1,"36",-0.428315186298569,0.645861464090144,1,1
"4756",19,1,"36",-0.428315186298569,0.645861464090144,1,1
"4757",20,1,"36",-0.428315186298569,0.645861464090144,1,1
"4758",21,1,"36",-0.428315186298569,0.645861464090144,1,1
"4759",22,1,"36",-0.428315186298569,0.645861464090144,1,0
"4760",23,1,"36",-0.428315186298569,0.645861464090144,1,1
"4761",24,1,"36",-0.428315186298569,0.645861464090144,1,1
"4762",25,1,"36",-0.428315186298569,0.645861464090144,1,1
"4763",26,1,"36",-0.428315186298569,0.645861464090144,1,1
"4764",27,1,"36",-0.428315186298569,0.645861464090144,1,0
"4765",28,1,"36",-0.428315186298569,0.645861464090144,1,1
"4766",29,1,"36",-0.428315186298569,0.645861464090144,1,0
"4767",30,1,"36",-0.428315186298569,0.645861464090144,1,0
"4768",1,2,"36",1.36254757556189,0.998961476802408,1,0
"4769",2,2,"36",1.36254757556189,0.998961476802408,1,0
"4770",3,2,"36",1.36254757556189,0.998961476802408,1,0
"4771",4,2,"36",1.36254757556189,0.998961476802408,1,1
"4772",5,2,"36",1.36254757556189,0.998961476802408,1,0
"4773",6,2,"36",1.36254757556189,0.998961476802408,1,1
"4774",7,2,"36",1.36254757556189,0.998961476802408,1,1
"4775",8,2,"36",1.36254757556189,0.998961476802408,1,1
"4776",9,2,"36",1.36254757556189,0.998961476802408,1,1
"4777",10,2,"36",1.36254757556189,0.998961476802408,1,1
"4778",11,2,"36",1.36254757556189,0.998961476802408,1,1
"4779",12,2,"36",1.36254757556189,0.998961476802408,1,1
"4780",13,2,"36",1.36254757556189,0.998961476802408,1,1
"4781",14,2,"36",1.36254757556189,0.998961476802408,1,1
"4782",15,2,"36",1.36254757556189,0.998961476802408,1,0
"4783",16,2,"36",1.36254757556189,0.998961476802408,1,1
"4784",17,2,"36",1.36254757556189,0.998961476802408,1,0
"4785",18,2,"36",1.36254757556189,0.998961476802408,1,1
"4786",19,2,"36",1.36254757556189,0.998961476802408,1,1
"4787",20,2,"36",1.36254757556189,0.998961476802408,1,1
"4788",21,2,"36",1.36254757556189,0.998961476802408,1,1
"4789",22,2,"36",1.36254757556189,0.998961476802408,1,0
"4790",23,2,"36",1.36254757556189,0.998961476802408,1,1
"4791",24,2,"36",1.36254757556189,0.998961476802408,1,1
"4792",25,2,"36",1.36254757556189,0.998961476802408,1,1
"4793",26,2,"36",1.36254757556189,0.998961476802408,1,1
"4794",27,2,"36",1.36254757556189,0.998961476802408,1,0
"4795",28,2,"36",1.36254757556189,0.998961476802408,1,1
"4796",29,2,"36",1.36254757556189,0.998961476802408,1,0
"4797",30,2,"36",1.36254757556189,0.998961476802408,1,0
"4798",1,3,"36",0.526706218139553,0.980987662332051,1,0
"4799",2,3,"36",0.526706218139553,0.980987662332051,1,0
"4800",3,3,"36",0.526706218139553,0.980987662332051,1,0
"4801",4,3,"36",0.526706218139553,0.980987662332051,1,1
"4802",5,3,"36",0.526706218139553,0.980987662332051,1,0
"4803",6,3,"36",0.526706218139553,0.980987662332051,1,1
"4804",7,3,"36",0.526706218139553,0.980987662332051,1,1
"4805",8,3,"36",0.526706218139553,0.980987662332051,1,1
"4806",9,3,"36",0.526706218139553,0.980987662332051,1,1
"4807",10,3,"36",0.526706218139553,0.980987662332051,1,1
"4808",11,3,"36",0.526706218139553,0.980987662332051,1,1
"4809",12,3,"36",0.526706218139553,0.980987662332051,1,1
"4810",13,3,"36",0.526706218139553,0.980987662332051,1,1
"4811",14,3,"36",0.526706218139553,0.980987662332051,1,1
"4812",15,3,"36",0.526706218139553,0.980987662332051,1,0
"4813",16,3,"36",0.526706218139553,0.980987662332051,1,1
"4814",17,3,"36",0.526706218139553,0.980987662332051,1,0
"4815",18,3,"36",0.526706218139553,0.980987662332051,1,1
"4816",19,3,"36",0.526706218139553,0.980987662332051,1,1
"4817",20,3,"36",0.526706218139553,0.980987662332051,1,1
"4818",21,3,"36",0.526706218139553,0.980987662332051,1,1
"4819",22,3,"36",0.526706218139553,0.980987662332051,1,0
"4820",23,3,"36",0.526706218139553,0.980987662332051,1,1
"4821",24,3,"36",0.526706218139553,0.980987662332051,1,1
"4822",25,3,"36",0.526706218139553,0.980987662332051,1,1
"4823",26,3,"36",0.526706218139553,0.980987662332051,1,1
"4824",27,3,"36",0.526706218139553,0.980987662332051,1,0
"4825",28,3,"36",0.526706218139553,0.980987662332051,1,1
"4826",29,3,"36",0.526706218139553,0.980987662332051,1,0
"4827",30,3,"36",0.526706218139553,0.980987662332051,1,0
"4828",4,4,"36",-0.164174260184438,0.821330827763875,2,0
"4829",6,4,"36",-0.164174260184438,0.821330827763875,2,0
"4830",7,4,"36",-0.164174260184438,0.821330827763875,2,0
"4831",8,4,"36",-0.164174260184438,0.821330827763875,2,0
"4832",9,4,"36",-0.164174260184438,0.821330827763875,2,0
"4833",10,4,"36",-0.164174260184438,0.821330827763875,2,1
"4834",11,4,"36",-0.164174260184438,0.821330827763875,2,0
"4835",12,4,"36",-0.164174260184438,0.821330827763875,2,0
"4836",13,4,"36",-0.164174260184438,0.821330827763875,2,0
"4837",14,4,"36",-0.164174260184438,0.821330827763875,2,0
"4838",16,4,"36",-0.164174260184438,0.821330827763875,2,0
"4839",18,4,"36",-0.164174260184438,0.821330827763875,2,0
"4840",19,4,"36",-0.164174260184438,0.821330827763875,2,0
"4841",20,4,"36",-0.164174260184438,0.821330827763875,2,0
"4842",21,4,"36",-0.164174260184438,0.821330827763875,2,0
"4843",23,4,"36",-0.164174260184438,0.821330827763875,2,0
"4844",24,4,"36",-0.164174260184438,0.821330827763875,2,0
"4845",25,4,"36",-0.164174260184438,0.821330827763875,2,0
"4846",26,4,"36",-0.164174260184438,0.821330827763875,2,0
"4847",28,4,"36",-0.164174260184438,0.821330827763875,2,0
"4848",4,5,"36",0.430771935929278,0.973601676923273,2,0
"4849",6,5,"36",0.430771935929278,0.973601676923273,2,0
"4850",7,5,"36",0.430771935929278,0.973601676923273,2,0
"4851",8,5,"36",0.430771935929278,0.973601676923273,2,0
"4852",9,5,"36",0.430771935929278,0.973601676923273,2,0
"4853",10,5,"36",0.430771935929278,0.973601676923273,2,1
"4854",11,5,"36",0.430771935929278,0.973601676923273,2,0
"4855",12,5,"36",0.430771935929278,0.973601676923273,2,0
"4856",13,5,"36",0.430771935929278,0.973601676923273,2,0
"4857",14,5,"36",0.430771935929278,0.973601676923273,2,0
"4858",16,5,"36",0.430771935929278,0.973601676923273,2,0
"4859",18,5,"36",0.430771935929278,0.973601676923273,2,0
"4860",19,5,"36",0.430771935929278,0.973601676923273,2,0
"4861",20,5,"36",0.430771935929278,0.973601676923273,2,0
"4862",21,5,"36",0.430771935929278,0.973601676923273,2,0
"4863",23,5,"36",0.430771935929278,0.973601676923273,2,0
"4864",24,5,"36",0.430771935929278,0.973601676923273,2,0
"4865",25,5,"36",0.430771935929278,0.973601676923273,2,0
"4866",26,5,"36",0.430771935929278,0.973601676923273,2,0
"4867",28,5,"36",0.430771935929278,0.973601676923273,2,0
"4868",4,6,"36",-1.20985925828159,0.105787847519307,2,0
"4869",6,6,"36",-1.20985925828159,0.105787847519307,2,0
"4870",7,6,"36",-1.20985925828159,0.105787847519307,2,0
"4871",8,6,"36",-1.20985925828159,0.105787847519307,2,0
"4872",9,6,"36",-1.20985925828159,0.105787847519307,2,0
"4873",10,6,"36",-1.20985925828159,0.105787847519307,2,1
"4874",11,6,"36",-1.20985925828159,0.105787847519307,2,0
"4875",12,6,"36",-1.20985925828159,0.105787847519307,2,0
"4876",13,6,"36",-1.20985925828159,0.105787847519307,2,0
"4877",14,6,"36",-1.20985925828159,0.105787847519307,2,0
"4878",16,6,"36",-1.20985925828159,0.105787847519307,2,0
"4879",18,6,"36",-1.20985925828159,0.105787847519307,2,0
"4880",19,6,"36",-1.20985925828159,0.105787847519307,2,0
"4881",20,6,"36",-1.20985925828159,0.105787847519307,2,0
"4882",21,6,"36",-1.20985925828159,0.105787847519307,2,0
"4883",23,6,"36",-1.20985925828159,0.105787847519307,2,0
"4884",24,6,"36",-1.20985925828159,0.105787847519307,2,0
"4885",25,6,"36",-1.20985925828159,0.105787847519307,2,0
"4886",26,6,"36",-1.20985925828159,0.105787847519307,2,0
"4887",28,6,"36",-1.20985925828159,0.105787847519307,2,0
"4888",10,7,"36",1.19842689322706,0.998156959944804,3,1
"4889",10,8,"36",-1.74726262818833,0.0177158797085217,3,1
"4890",10,9,"36",-0.882541761265146,0.271130160969957,3,1
"4891",10,10,"36",0.724878688995994,0.990406934514931,4,0
"4892",10,11,"36",1.17967260192629,0.998032170018198,4,0
"4893",10,12,"36",-1.57899675739508,0.0314778066547089,4,0
"4894",1,1,"37",0.256627554854715,0.952492581557275,1,1
"4895",2,1,"37",0.256627554854715,0.952492581557275,1,0
"4896",3,1,"37",0.256627554854715,0.952492581557275,1,0
"4897",4,1,"37",0.256627554854715,0.952492581557275,1,0
"4898",5,1,"37",0.256627554854715,0.952492581557275,1,1
"4899",6,1,"37",0.256627554854715,0.952492581557275,1,1
"4900",7,1,"37",0.256627554854715,0.952492581557275,1,1
"4901",8,1,"37",0.256627554854715,0.952492581557275,1,1
"4902",9,1,"37",0.256627554854715,0.952492581557275,1,1
"4903",10,1,"37",0.256627554854715,0.952492581557275,1,1
"4904",11,1,"37",0.256627554854715,0.952492581557275,1,0
"4905",12,1,"37",0.256627554854715,0.952492581557275,1,1
"4906",13,1,"37",0.256627554854715,0.952492581557275,1,0
"4907",14,1,"37",0.256627554854715,0.952492581557275,1,1
"4908",15,1,"37",0.256627554854715,0.952492581557275,1,0
"4909",16,1,"37",0.256627554854715,0.952492581557275,1,0
"4910",17,1,"37",0.256627554854715,0.952492581557275,1,1
"4911",18,1,"37",0.256627554854715,0.952492581557275,1,1
"4912",19,1,"37",0.256627554854715,0.952492581557275,1,1
"4913",20,1,"37",0.256627554854715,0.952492581557275,1,0
"4914",21,1,"37",0.256627554854715,0.952492581557275,1,1
"4915",22,1,"37",0.256627554854715,0.952492581557275,1,0
"4916",23,1,"37",0.256627554854715,0.952492581557275,1,1
"4917",24,1,"37",0.256627554854715,0.952492581557275,1,1
"4918",25,1,"37",0.256627554854715,0.952492581557275,1,0
"4919",26,1,"37",0.256627554854715,0.952492581557275,1,1
"4920",27,1,"37",0.256627554854715,0.952492581557275,1,1
"4921",28,1,"37",0.256627554854715,0.952492581557275,1,1
"4922",29,1,"37",0.256627554854715,0.952492581557275,1,1
"4923",30,1,"37",0.256627554854715,0.952492581557275,1,1
"4924",1,2,"37",0.307483479800576,0.959928451349135,1,1
"4925",2,2,"37",0.307483479800576,0.959928451349135,1,0
"4926",3,2,"37",0.307483479800576,0.959928451349135,1,0
"4927",4,2,"37",0.307483479800576,0.959928451349135,1,0
"4928",5,2,"37",0.307483479800576,0.959928451349135,1,1
"4929",6,2,"37",0.307483479800576,0.959928451349135,1,1
"4930",7,2,"37",0.307483479800576,0.959928451349135,1,1
"4931",8,2,"37",0.307483479800576,0.959928451349135,1,1
"4932",9,2,"37",0.307483479800576,0.959928451349135,1,1
"4933",10,2,"37",0.307483479800576,0.959928451349135,1,1
"4934",11,2,"37",0.307483479800576,0.959928451349135,1,0
"4935",12,2,"37",0.307483479800576,0.959928451349135,1,1
"4936",13,2,"37",0.307483479800576,0.959928451349135,1,0
"4937",14,2,"37",0.307483479800576,0.959928451349135,1,1
"4938",15,2,"37",0.307483479800576,0.959928451349135,1,0
"4939",16,2,"37",0.307483479800576,0.959928451349135,1,0
"4940",17,2,"37",0.307483479800576,0.959928451349135,1,1
"4941",18,2,"37",0.307483479800576,0.959928451349135,1,1
"4942",19,2,"37",0.307483479800576,0.959928451349135,1,1
"4943",20,2,"37",0.307483479800576,0.959928451349135,1,0
"4944",21,2,"37",0.307483479800576,0.959928451349135,1,1
"4945",22,2,"37",0.307483479800576,0.959928451349135,1,0
"4946",23,2,"37",0.307483479800576,0.959928451349135,1,1
"4947",24,2,"37",0.307483479800576,0.959928451349135,1,1
"4948",25,2,"37",0.307483479800576,0.959928451349135,1,0
"4949",26,2,"37",0.307483479800576,0.959928451349135,1,1
"4950",27,2,"37",0.307483479800576,0.959928451349135,1,1
"4951",28,2,"37",0.307483479800576,0.959928451349135,1,1
"4952",29,2,"37",0.307483479800576,0.959928451349135,1,1
"4953",30,2,"37",0.307483479800576,0.959928451349135,1,1
"4954",1,3,"37",-0.433634969859962,0.641591314772078,1,1
"4955",2,3,"37",-0.433634969859962,0.641591314772078,1,0
"4956",3,3,"37",-0.433634969859962,0.641591314772078,1,0
"4957",4,3,"37",-0.433634969859962,0.641591314772078,1,0
"4958",5,3,"37",-0.433634969859962,0.641591314772078,1,1
"4959",6,3,"37",-0.433634969859962,0.641591314772078,1,1
"4960",7,3,"37",-0.433634969859962,0.641591314772078,1,1
"4961",8,3,"37",-0.433634969859962,0.641591314772078,1,1
"4962",9,3,"37",-0.433634969859962,0.641591314772078,1,1
"4963",10,3,"37",-0.433634969859962,0.641591314772078,1,1
"4964",11,3,"37",-0.433634969859962,0.641591314772078,1,0
"4965",12,3,"37",-0.433634969859962,0.641591314772078,1,1
"4966",13,3,"37",-0.433634969859962,0.641591314772078,1,0
"4967",14,3,"37",-0.433634969859962,0.641591314772078,1,1
"4968",15,3,"37",-0.433634969859962,0.641591314772078,1,0
"4969",16,3,"37",-0.433634969859962,0.641591314772078,1,0
"4970",17,3,"37",-0.433634969859962,0.641591314772078,1,1
"4971",18,3,"37",-0.433634969859962,0.641591314772078,1,1
"4972",19,3,"37",-0.433634969859962,0.641591314772078,1,1
"4973",20,3,"37",-0.433634969859962,0.641591314772078,1,0
"4974",21,3,"37",-0.433634969859962,0.641591314772078,1,1
"4975",22,3,"37",-0.433634969859962,0.641591314772078,1,0
"4976",23,3,"37",-0.433634969859962,0.641591314772078,1,1
"4977",24,3,"37",-0.433634969859962,0.641591314772078,1,1
"4978",25,3,"37",-0.433634969859962,0.641591314772078,1,0
"4979",26,3,"37",-0.433634969859962,0.641591314772078,1,1
"4980",27,3,"37",-0.433634969859962,0.641591314772078,1,1
"4981",28,3,"37",-0.433634969859962,0.641591314772078,1,1
"4982",29,3,"37",-0.433634969859962,0.641591314772078,1,1
"4983",30,3,"37",-0.433634969859962,0.641591314772078,1,1
"4984",1,4,"37",-0.413636748718858,0.657522130153101,2,0
"4985",5,4,"37",-0.413636748718858,0.657522130153101,2,0
"4986",6,4,"37",-0.413636748718858,0.657522130153101,2,0
"4987",7,4,"37",-0.413636748718858,0.657522130153101,2,0
"4988",8,4,"37",-0.413636748718858,0.657522130153101,2,0
"4989",9,4,"37",-0.413636748718858,0.657522130153101,2,0
"4990",10,4,"37",-0.413636748718858,0.657522130153101,2,0
"4991",12,4,"37",-0.413636748718858,0.657522130153101,2,0
"4992",14,4,"37",-0.413636748718858,0.657522130153101,2,0
"4993",17,4,"37",-0.413636748718858,0.657522130153101,2,0
"4994",18,4,"37",-0.413636748718858,0.657522130153101,2,0
"4995",19,4,"37",-0.413636748718858,0.657522130153101,2,0
"4996",21,4,"37",-0.413636748718858,0.657522130153101,2,0
"4997",23,4,"37",-0.413636748718858,0.657522130153101,2,0
"4998",24,4,"37",-0.413636748718858,0.657522130153101,2,0
"4999",26,4,"37",-0.413636748718858,0.657522130153101,2,0
"5000",27,4,"37",-0.413636748718858,0.657522130153101,2,0
"5001",28,4,"37",-0.413636748718858,0.657522130153101,2,0
"5002",29,4,"37",-0.413636748718858,0.657522130153101,2,0
"5003",30,4,"37",-0.413636748718858,0.657522130153101,2,0
"5004",1,5,"37",-0.000216136246507556,0.890829631513917,2,0
"5005",5,5,"37",-0.000216136246507556,0.890829631513917,2,0
"5006",6,5,"37",-0.000216136246507556,0.890829631513917,2,0
"5007",7,5,"37",-0.000216136246507556,0.890829631513917,2,0
"5008",8,5,"37",-0.000216136246507556,0.890829631513917,2,0
"5009",9,5,"37",-0.000216136246507556,0.890829631513917,2,0
"5010",10,5,"37",-0.000216136246507556,0.890829631513917,2,0
"5011",12,5,"37",-0.000216136246507556,0.890829631513917,2,0
"5012",14,5,"37",-0.000216136246507556,0.890829631513917,2,0
"5013",17,5,"37",-0.000216136246507556,0.890829631513917,2,0
"5014",18,5,"37",-0.000216136246507556,0.890829631513917,2,0
"5015",19,5,"37",-0.000216136246507556,0.890829631513917,2,0
"5016",21,5,"37",-0.000216136246507556,0.890829631513917,2,0
"5017",23,5,"37",-0.000216136246507556,0.890829631513917,2,0
"5018",24,5,"37",-0.000216136246507556,0.890829631513917,2,0
"5019",26,5,"37",-0.000216136246507556,0.890829631513917,2,0
"5020",27,5,"37",-0.000216136246507556,0.890829631513917,2,0
"5021",28,5,"37",-0.000216136246507556,0.890829631513917,2,0
"5022",29,5,"37",-0.000216136246507556,0.890829631513917,2,0
"5023",30,5,"37",-0.000216136246507556,0.890829631513917,2,0
"5024",1,6,"37",-1.54550605518453,0.0352544987128371,2,0
"5025",5,6,"37",-1.54550605518453,0.0352544987128371,2,0
"5026",6,6,"37",-1.54550605518453,0.0352544987128371,2,0
"5027",7,6,"37",-1.54550605518453,0.0352544987128371,2,0
"5028",8,6,"37",-1.54550605518453,0.0352544987128371,2,0
"5029",9,6,"37",-1.54550605518453,0.0352544987128371,2,0
"5030",10,6,"37",-1.54550605518453,0.0352544987128371,2,0
"5031",12,6,"37",-1.54550605518453,0.0352544987128371,2,0
"5032",14,6,"37",-1.54550605518453,0.0352544987128371,2,0
"5033",17,6,"37",-1.54550605518453,0.0352544987128371,2,0
"5034",18,6,"37",-1.54550605518453,0.0352544987128371,2,0
"5035",19,6,"37",-1.54550605518453,0.0352544987128371,2,0
"5036",21,6,"37",-1.54550605518453,0.0352544987128371,2,0
"5037",23,6,"37",-1.54550605518453,0.0352544987128371,2,0
"5038",24,6,"37",-1.54550605518453,0.0352544987128371,2,0
"5039",26,6,"37",-1.54550605518453,0.0352544987128371,2,0
"5040",27,6,"37",-1.54550605518453,0.0352544987128371,2,0
"5041",28,6,"37",-1.54550605518453,0.0352544987128371,2,0
"5042",29,6,"37",-1.54550605518453,0.0352544987128371,2,0
"5043",30,6,"37",-1.54550605518453,0.0352544987128371,2,0
"5044",1,1,"38",-1.09294108008898,0.151190547240722,1,0
"5045",2,1,"38",-1.09294108008898,0.151190547240722,1,0
"5046",3,1,"38",-1.09294108008898,0.151190547240722,1,0
"5047",4,1,"38",-1.09294108008898,0.151190547240722,1,0
"5048",5,1,"38",-1.09294108008898,0.151190547240722,1,0
"5049",6,1,"38",-1.09294108008898,0.151190547240722,1,0
"5050",7,1,"38",-1.09294108008898,0.151190547240722,1,0
"5051",8,1,"38",-1.09294108008898,0.151190547240722,1,0
"5052",9,1,"38",-1.09294108008898,0.151190547240722,1,0
"5053",10,1,"38",-1.09294108008898,0.151190547240722,1,0
"5054",11,1,"38",-1.09294108008898,0.151190547240722,1,0
"5055",12,1,"38",-1.09294108008898,0.151190547240722,1,0
"5056",13,1,"38",-1.09294108008898,0.151190547240722,1,0
"5057",14,1,"38",-1.09294108008898,0.151190547240722,1,0
"5058",15,1,"38",-1.09294108008898,0.151190547240722,1,0
"5059",16,1,"38",-1.09294108008898,0.151190547240722,1,0
"5060",17,1,"38",-1.09294108008898,0.151190547240722,1,0
"5061",18,1,"38",-1.09294108008898,0.151190547240722,1,0
"5062",19,1,"38",-1.09294108008898,0.151190547240722,1,0
"5063",20,1,"38",-1.09294108008898,0.151190547240722,1,0
"5064",21,1,"38",-1.09294108008898,0.151190547240722,1,0
"5065",22,1,"38",-1.09294108008898,0.151190547240722,1,0
"5066",23,1,"38",-1.09294108008898,0.151190547240722,1,0
"5067",24,1,"38",-1.09294108008898,0.151190547240722,1,0
"5068",25,1,"38",-1.09294108008898,0.151190547240722,1,0
"5069",26,1,"38",-1.09294108008898,0.151190547240722,1,0
"5070",27,1,"38",-1.09294108008898,0.151190547240722,1,0
"5071",28,1,"38",-1.09294108008898,0.151190547240722,1,0
"5072",29,1,"38",-1.09294108008898,0.151190547240722,1,0
"5073",30,1,"38",-1.09294108008898,0.151190547240722,1,0
"5074",1,2,"38",-1.06945061586898,0.162046788284901,1,0
"5075",2,2,"38",-1.06945061586898,0.162046788284901,1,0
"5076",3,2,"38",-1.06945061586898,0.162046788284901,1,0
"5077",4,2,"38",-1.06945061586898,0.162046788284901,1,0
"5078",5,2,"38",-1.06945061586898,0.162046788284901,1,0
"5079",6,2,"38",-1.06945061586898,0.162046788284901,1,0
"5080",7,2,"38",-1.06945061586898,0.162046788284901,1,0
"5081",8,2,"38",-1.06945061586898,0.162046788284901,1,0
"5082",9,2,"38",-1.06945061586898,0.162046788284901,1,0
"5083",10,2,"38",-1.06945061586898,0.162046788284901,1,0
"5084",11,2,"38",-1.06945061586898,0.162046788284901,1,0
"5085",12,2,"38",-1.06945061586898,0.162046788284901,1,0
"5086",13,2,"38",-1.06945061586898,0.162046788284901,1,0
"5087",14,2,"38",-1.06945061586898,0.162046788284901,1,0
"5088",15,2,"38",-1.06945061586898,0.162046788284901,1,0
"5089",16,2,"38",-1.06945061586898,0.162046788284901,1,0
"5090",17,2,"38",-1.06945061586898,0.162046788284901,1,0
"5091",18,2,"38",-1.06945061586898,0.162046788284901,1,0
"5092",19,2,"38",-1.06945061586898,0.162046788284901,1,0
"5093",20,2,"38",-1.06945061586898,0.162046788284901,1,0
"5094",21,2,"38",-1.06945061586898,0.162046788284901,1,0
"5095",22,2,"38",-1.06945061586898,0.162046788284901,1,0
"5096",23,2,"38",-1.06945061586898,0.162046788284901,1,0
"5097",24,2,"38",-1.06945061586898,0.162046788284901,1,0
"5098",25,2,"38",-1.06945061586898,0.162046788284901,1,0
"5099",26,2,"38",-1.06945061586898,0.162046788284901,1,0
"5100",27,2,"38",-1.06945061586898,0.162046788284901,1,0
"5101",28,2,"38",-1.06945061586898,0.162046788284901,1,0
"5102",29,2,"38",-1.06945061586898,0.162046788284901,1,0
"5103",30,2,"38",-1.06945061586898,0.162046788284901,1,0
"5104",1,3,"38",-0.14506152742522,0.830937295125462,1,0
"5105",2,3,"38",-0.14506152742522,0.830937295125462,1,0
"5106",3,3,"38",-0.14506152742522,0.830937295125462,1,0
"5107",4,3,"38",-0.14506152742522,0.830937295125462,1,0
"5108",5,3,"38",-0.14506152742522,0.830937295125462,1,0
"5109",6,3,"38",-0.14506152742522,0.830937295125462,1,0
"5110",7,3,"38",-0.14506152742522,0.830937295125462,1,0
"5111",8,3,"38",-0.14506152742522,0.830937295125462,1,0
"5112",9,3,"38",-0.14506152742522,0.830937295125462,1,0
"5113",10,3,"38",-0.14506152742522,0.830937295125462,1,0
"5114",11,3,"38",-0.14506152742522,0.830937295125462,1,0
"5115",12,3,"38",-0.14506152742522,0.830937295125462,1,0
"5116",13,3,"38",-0.14506152742522,0.830937295125462,1,0
"5117",14,3,"38",-0.14506152742522,0.830937295125462,1,0
"5118",15,3,"38",-0.14506152742522,0.830937295125462,1,0
"5119",16,3,"38",-0.14506152742522,0.830937295125462,1,0
"5120",17,3,"38",-0.14506152742522,0.830937295125462,1,0
"5121",18,3,"38",-0.14506152742522,0.830937295125462,1,0
"5122",19,3,"38",-0.14506152742522,0.830937295125462,1,0
"5123",20,3,"38",-0.14506152742522,0.830937295125462,1,0
"5124",21,3,"38",-0.14506152742522,0.830937295125462,1,0
"5125",22,3,"38",-0.14506152742522,0.830937295125462,1,0
"5126",23,3,"38",-0.14506152742522,0.830937295125462,1,0
"5127",24,3,"38",-0.14506152742522,0.830937295125462,1,0
"5128",25,3,"38",-0.14506152742522,0.830937295125462,1,0
"5129",26,3,"38",-0.14506152742522,0.830937295125462,1,0
"5130",27,3,"38",-0.14506152742522,0.830937295125462,1,0
"5131",28,3,"38",-0.14506152742522,0.830937295125462,1,0
"5132",29,3,"38",-0.14506152742522,0.830937295125462,1,0
"5133",30,3,"38",-0.14506152742522,0.830937295125462,1,0
"5134",1,1,"39",1.04861287520523,0.99689039482201,1,1
"5135",2,1,"39",1.04861287520523,0.99689039482201,1,0
"5136",3,1,"39",1.04861287520523,0.99689039482201,1,0
"5137",4,1,"39",1.04861287520523,0.99689039482201,1,0
"5138",5,1,"39",1.04861287520523,0.99689039482201,1,0
"5139",6,1,"39",1.04861287520523,0.99689039482201,1,1
"5140",7,1,"39",1.04861287520523,0.99689039482201,1,0
"5141",8,1,"39",1.04861287520523,0.99689039482201,1,1
"5142",9,1,"39",1.04861287520523,0.99689039482201,1,0
"5143",10,1,"39",1.04861287520523,0.99689039482201,1,1
"5144",11,1,"39",1.04861287520523,0.99689039482201,1,0
"5145",12,1,"39",1.04861287520523,0.99689039482201,1,0
"5146",13,1,"39",1.04861287520523,0.99689039482201,1,0
"5147",14,1,"39",1.04861287520523,0.99689039482201,1,0
"5148",15,1,"39",1.04861287520523,0.99689039482201,1,0
"5149",16,1,"39",1.04861287520523,0.99689039482201,1,1
"5150",17,1,"39",1.04861287520523,0.99689039482201,1,0
"5151",18,1,"39",1.04861287520523,0.99689039482201,1,0
"5152",19,1,"39",1.04861287520523,0.99689039482201,1,0
"5153",20,1,"39",1.04861287520523,0.99689039482201,1,0
"5154",21,1,"39",1.04861287520523,0.99689039482201,1,1
"5155",22,1,"39",1.04861287520523,0.99689039482201,1,0
"5156",23,1,"39",1.04861287520523,0.99689039482201,1,0
"5157",24,1,"39",1.04861287520523,0.99689039482201,1,1
"5158",25,1,"39",1.04861287520523,0.99689039482201,1,1
"5159",26,1,"39",1.04861287520523,0.99689039482201,1,0
"5160",27,1,"39",1.04861287520523,0.99689039482201,1,0
"5161",28,1,"39",1.04861287520523,0.99689039482201,1,0
"5162",29,1,"39",1.04861287520523,0.99689039482201,1,1
"5163",30,1,"39",1.04861287520523,0.99689039482201,1,1
"5164",1,2,"39",-0.749824549828909,0.371827231118821,1,1
"5165",2,2,"39",-0.749824549828909,0.371827231118821,1,0
"5166",3,2,"39",-0.749824549828909,0.371827231118821,1,0
"5167",4,2,"39",-0.749824549828909,0.371827231118821,1,0
"5168",5,2,"39",-0.749824549828909,0.371827231118821,1,0
"5169",6,2,"39",-0.749824549828909,0.371827231118821,1,1
"5170",7,2,"39",-0.749824549828909,0.371827231118821,1,0
"5171",8,2,"39",-0.749824549828909,0.371827231118821,1,1
"5172",9,2,"39",-0.749824549828909,0.371827231118821,1,0
"5173",10,2,"39",-0.749824549828909,0.371827231118821,1,1
"5174",11,2,"39",-0.749824549828909,0.371827231118821,1,0
"5175",12,2,"39",-0.749824549828909,0.371827231118821,1,0
"5176",13,2,"39",-0.749824549828909,0.371827231118821,1,0
"5177",14,2,"39",-0.749824549828909,0.371827231118821,1,0
"5178",15,2,"39",-0.749824549828909,0.371827231118821,1,0
"5179",16,2,"39",-0.749824549828909,0.371827231118821,1,1
"5180",17,2,"39",-0.749824549828909,0.371827231118821,1,0
"5181",18,2,"39",-0.749824549828909,0.371827231118821,1,0
"5182",19,2,"39",-0.749824549828909,0.371827231118821,1,0
"5183",20,2,"39",-0.749824549828909,0.371827231118821,1,0
"5184",21,2,"39",-0.749824549828909,0.371827231118821,1,1
"5185",22,2,"39",-0.749824549828909,0.371827231118821,1,0
"5186",23,2,"39",-0.749824549828909,0.371827231118821,1,0
"5187",24,2,"39",-0.749824549828909,0.371827231118821,1,1
"5188",25,2,"39",-0.749824549828909,0.371827231118821,1,1
"5189",26,2,"39",-0.749824549828909,0.371827231118821,1,0
"5190",27,2,"39",-0.749824549828909,0.371827231118821,1,0
"5191",28,2,"39",-0.749824549828909,0.371827231118821,1,0
"5192",29,2,"39",-0.749824549828909,0.371827231118821,1,1
"5193",30,2,"39",-0.749824549828909,0.371827231118821,1,1
"5194",1,3,"39",0.563394351110844,0.983240363904713,1,1
"5195",2,3,"39",0.563394351110844,0.983240363904713,1,0
"5196",3,3,"39",0.563394351110844,0.983240363904713,1,0
"5197",4,3,"39",0.563394351110844,0.983240363904713,1,0
"5198",5,3,"39",0.563394351110844,0.983240363904713,1,0
"5199",6,3,"39",0.563394351110844,0.983240363904713,1,1
"5200",7,3,"39",0.563394351110844,0.983240363904713,1,0
"5201",8,3,"39",0.563394351110844,0.983240363904713,1,1
"5202",9,3,"39",0.563394351110844,0.983240363904713,1,0
"5203",10,3,"39",0.563394351110844,0.983240363904713,1,1
"5204",11,3,"39",0.563394351110844,0.983240363904713,1,0
"5205",12,3,"39",0.563394351110844,0.983240363904713,1,0
"5206",13,3,"39",0.563394351110844,0.983240363904713,1,0
"5207",14,3,"39",0.563394351110844,0.983240363904713,1,0
"5208",15,3,"39",0.563394351110844,0.983240363904713,1,0
"5209",16,3,"39",0.563394351110844,0.983240363904713,1,1
"5210",17,3,"39",0.563394351110844,0.983240363904713,1,0
"5211",18,3,"39",0.563394351110844,0.983240363904713,1,0
"5212",19,3,"39",0.563394351110844,0.983240363904713,1,0
"5213",20,3,"39",0.563394351110844,0.983240363904713,1,0
"5214",21,3,"39",0.563394351110844,0.983240363904713,1,1
"5215",22,3,"39",0.563394351110844,0.983240363904713,1,0
"5216",23,3,"39",0.563394351110844,0.983240363904713,1,0
"5217",24,3,"39",0.563394351110844,0.983240363904713,1,1
"5218",25,3,"39",0.563394351110844,0.983240363904713,1,1
"5219",26,3,"39",0.563394351110844,0.983240363904713,1,0
"5220",27,3,"39",0.563394351110844,0.983240363904713,1,0
"5221",28,3,"39",0.563394351110844,0.983240363904713,1,0
"5222",29,3,"39",0.563394351110844,0.983240363904713,1,1
"5223",30,3,"39",0.563394351110844,0.983240363904713,1,1
"5224",1,4,"39",1.31542689947553,0.998775495984766,2,0
"5225",6,4,"39",1.31542689947553,0.998775495984766,2,0
"5226",8,4,"39",1.31542689947553,0.998775495984766,2,0
"5227",10,4,"39",1.31542689947553,0.998775495984766,2,0
"5228",16,4,"39",1.31542689947553,0.998775495984766,2,1
"5229",21,4,"39",1.31542689947553,0.998775495984766,2,0
"5230",24,4,"39",1.31542689947553,0.998775495984766,2,0
"5231",25,4,"39",1.31542689947553,0.998775495984766,2,0
"5232",29,4,"39",1.31542689947553,0.998775495984766,2,0
"5233",30,4,"39",1.31542689947553,0.998775495984766,2,1
"5234",1,5,"39",-0.810294195411089,0.323872951964713,2,0
"5235",6,5,"39",-0.810294195411089,0.323872951964713,2,0
"5236",8,5,"39",-0.810294195411089,0.323872951964713,2,0
"5237",10,5,"39",-0.810294195411089,0.323872951964713,2,0
"5238",16,5,"39",-0.810294195411089,0.323872951964713,2,1
"5239",21,5,"39",-0.810294195411089,0.323872951964713,2,0
"5240",24,5,"39",-0.810294195411089,0.323872951964713,2,0
"5241",25,5,"39",-0.810294195411089,0.323872951964713,2,0
"5242",29,5,"39",-0.810294195411089,0.323872951964713,2,0
"5243",30,5,"39",-0.810294195411089,0.323872951964713,2,1
"5244",1,6,"39",-0.748522857268126,0.372891986129177,2,0
"5245",6,6,"39",-0.748522857268126,0.372891986129177,2,0
"5246",8,6,"39",-0.748522857268126,0.372891986129177,2,0
"5247",10,6,"39",-0.748522857268126,0.372891986129177,2,0
"5248",16,6,"39",-0.748522857268126,0.372891986129177,2,1
"5249",21,6,"39",-0.748522857268126,0.372891986129177,2,0
"5250",24,6,"39",-0.748522857268126,0.372891986129177,2,0
"5251",25,6,"39",-0.748522857268126,0.372891986129177,2,0
"5252",29,6,"39",-0.748522857268126,0.372891986129177,2,0
"5253",30,6,"39",-0.748522857268126,0.372891986129177,2,1
"5254",16,7,"39",-1.84774680206231,0.012528843677641,3,0
"5255",30,7,"39",-1.84774680206231,0.012528843677641,3,0
"5256",16,8,"39",1.479643931973,0.99931043084533,3,0
"5257",30,8,"39",1.479643931973,0.99931043084533,3,0
"5258",16,9,"39",-0.790669236142531,0.339092193544149,3,0
"5259",30,9,"39",-0.790669236142531,0.339092193544149,3,0
"5260",1,1,"40",1.37056772519957,0.998990194311321,1,0
"5261",2,1,"40",1.37056772519957,0.998990194311321,1,0
"5262",3,1,"40",1.37056772519957,0.998990194311321,1,0
"5263",4,1,"40",1.37056772519957,0.998990194311321,1,0
"5264",5,1,"40",1.37056772519957,0.998990194311321,1,0
"5265",6,1,"40",1.37056772519957,0.998990194311321,1,0
"5266",7,1,"40",1.37056772519957,0.998990194311321,1,0
"5267",8,1,"40",1.37056772519957,0.998990194311321,1,0
"5268",9,1,"40",1.37056772519957,0.998990194311321,1,0
"5269",10,1,"40",1.37056772519957,0.998990194311321,1,0
"5270",11,1,"40",1.37056772519957,0.998990194311321,1,0
"5271",12,1,"40",1.37056772519957,0.998990194311321,1,1
"5272",13,1,"40",1.37056772519957,0.998990194311321,1,0
"5273",14,1,"40",1.37056772519957,0.998990194311321,1,0
"5274",15,1,"40",1.37056772519957,0.998990194311321,1,0
"5275",16,1,"40",1.37056772519957,0.998990194311321,1,0
"5276",17,1,"40",1.37056772519957,0.998990194311321,1,0
"5277",18,1,"40",1.37056772519957,0.998990194311321,1,0
"5278",19,1,"40",1.37056772519957,0.998990194311321,1,0
"5279",20,1,"40",1.37056772519957,0.998990194311321,1,1
"5280",21,1,"40",1.37056772519957,0.998990194311321,1,0
"5281",22,1,"40",1.37056772519957,0.998990194311321,1,0
"5282",23,1,"40",1.37056772519957,0.998990194311321,1,0
"5283",24,1,"40",1.37056772519957,0.998990194311321,1,0
"5284",25,1,"40",1.37056772519957,0.998990194311321,1,0
"5285",26,1,"40",1.37056772519957,0.998990194311321,1,0
"5286",27,1,"40",1.37056772519957,0.998990194311321,1,0
"5287",28,1,"40",1.37056772519957,0.998990194311321,1,1
"5288",29,1,"40",1.37056772519957,0.998990194311321,1,0
"5289",30,1,"40",1.37056772519957,0.998990194311321,1,1
"5290",1,2,"40",-0.887322800672745,0.267835975944044,1,0
"5291",2,2,"40",-0.887322800672745,0.267835975944044,1,0
"5292",3,2,"40",-0.887322800672745,0.267835975944044,1,0
"5293",4,2,"40",-0.887322800672745,0.267835975944044,1,0
"5294",5,2,"40",-0.887322800672745,0.267835975944044,1,0
"5295",6,2,"40",-0.887322800672745,0.267835975944044,1,0
"5296",7,2,"40",-0.887322800672745,0.267835975944044,1,0
"5297",8,2,"40",-0.887322800672745,0.267835975944044,1,0
"5298",9,2,"40",-0.887322800672745,0.267835975944044,1,0
"5299",10,2,"40",-0.887322800672745,0.267835975944044,1,0
"5300",11,2,"40",-0.887322800672745,0.267835975944044,1,0
"5301",12,2,"40",-0.887322800672745,0.267835975944044,1,1
"5302",13,2,"40",-0.887322800672745,0.267835975944044,1,0
"5303",14,2,"40",-0.887322800672745,0.267835975944044,1,0
"5304",15,2,"40",-0.887322800672745,0.267835975944044,1,0
"5305",16,2,"40",-0.887322800672745,0.267835975944044,1,0
"5306",17,2,"40",-0.887322800672745,0.267835975944044,1,0
"5307",18,2,"40",-0.887322800672745,0.267835975944044,1,0
"5308",19,2,"40",-0.887322800672745,0.267835975944044,1,0
"5309",20,2,"40",-0.887322800672745,0.267835975944044,1,1
"5310",21,2,"40",-0.887322800672745,0.267835975944044,1,0
"5311",22,2,"40",-0.887322800672745,0.267835975944044,1,0
"5312",23,2,"40",-0.887322800672745,0.267835975944044,1,0
"5313",24,2,"40",-0.887322800672745,0.267835975944044,1,0
"5314",25,2,"40",-0.887322800672745,0.267835975944044,1,0
"5315",26,2,"40",-0.887322800672745,0.267835975944044,1,0
"5316",27,2,"40",-0.887322800672745,0.267835975944044,1,0
"5317",28,2,"40",-0.887322800672745,0.267835975944044,1,1
"5318",29,2,"40",-0.887322800672745,0.267835975944044,1,0
"5319",30,2,"40",-0.887322800672745,0.267835975944044,1,1
"5320",1,3,"40",-0.327501417858727,0.721867711274827,1,0
"5321",2,3,"40",-0.327501417858727,0.721867711274827,1,0
"5322",3,3,"40",-0.327501417858727,0.721867711274827,1,0
"5323",4,3,"40",-0.327501417858727,0.721867711274827,1,0
"5324",5,3,"40",-0.327501417858727,0.721867711274827,1,0
"5325",6,3,"40",-0.327501417858727,0.721867711274827,1,0
"5326",7,3,"40",-0.327501417858727,0.721867711274827,1,0
"5327",8,3,"40",-0.327501417858727,0.721867711274827,1,0
"5328",9,3,"40",-0.327501417858727,0.721867711274827,1,0
"5329",10,3,"40",-0.327501417858727,0.721867711274827,1,0
"5330",11,3,"40",-0.327501417858727,0.721867711274827,1,0
"5331",12,3,"40",-0.327501417858727,0.721867711274827,1,1
"5332",13,3,"40",-0.327501417858727,0.721867711274827,1,0
"5333",14,3,"40",-0.327501417858727,0.721867711274827,1,0
"5334",15,3,"40",-0.327501417858727,0.721867711274827,1,0
"5335",16,3,"40",-0.327501417858727,0.721867711274827,1,0
"5336",17,3,"40",-0.327501417858727,0.721867711274827,1,0
"5337",18,3,"40",-0.327501417858727,0.721867711274827,1,0
"5338",19,3,"40",-0.327501417858727,0.721867711274827,1,0
"5339",20,3,"40",-0.327501417858727,0.721867711274827,1,1
"5340",21,3,"40",-0.327501417858727,0.721867711274827,1,0
"5341",22,3,"40",-0.327501417858727,0.721867711274827,1,0
"5342",23,3,"40",-0.327501417858727,0.721867711274827,1,0
"5343",24,3,"40",-0.327501417858727,0.721867711274827,1,0
"5344",25,3,"40",-0.327501417858727,0.721867711274827,1,0
"5345",26,3,"40",-0.327501417858727,0.721867711274827,1,0
"5346",27,3,"40",-0.327501417858727,0.721867711274827,1,0
"5347",28,3,"40",-0.327501417858727,0.721867711274827,1,1
"5348",29,3,"40",-0.327501417858727,0.721867711274827,1,0
"5349",30,3,"40",-0.327501417858727,0.721867711274827,1,1
"5350",12,4,"40",-1.94545911306723,0.00893231797574176,2,0
"5351",20,4,"40",-1.94545911306723,0.00893231797574176,2,0
"5352",28,4,"40",-1.94545911306723,0.00893231797574176,2,0
"5353",30,4,"40",-1.94545911306723,0.00893231797574176,2,0
"5354",12,5,"40",1.1591265470785,0.997885758995354,2,0
"5355",20,5,"40",1.1591265470785,0.997885758995354,2,0
"5356",28,5,"40",1.1591265470785,0.997885758995354,2,0
"5357",30,5,"40",1.1591265470785,0.997885758995354,2,0
"5358",12,6,"40",0.26428635252539,0.953690948808028,2,0
"5359",20,6,"40",0.26428635252539,0.953690948808028,2,0
"5360",28,6,"40",0.26428635252539,0.953690948808028,2,0
"5361",30,6,"40",0.26428635252539,0.953690948808028,2,0
"5362",1,1,"41",0.332644230412037,0.96318197431789,1,1
"5363",2,1,"41",0.332644230412037,0.96318197431789,1,1
"5364",3,1,"41",0.332644230412037,0.96318197431789,1,1
"5365",4,1,"41",0.332644230412037,0.96318197431789,1,1
"5366",5,1,"41",0.332644230412037,0.96318197431789,1,1
"5367",6,1,"41",0.332644230412037,0.96318197431789,1,1
"5368",7,1,"41",0.332644230412037,0.96318197431789,1,0
"5369",8,1,"41",0.332644230412037,0.96318197431789,1,0
"5370",9,1,"41",0.332644230412037,0.96318197431789,1,1
"5371",10,1,"41",0.332644230412037,0.96318197431789,1,0
"5372",11,1,"41",0.332644230412037,0.96318197431789,1,0
"5373",12,1,"41",0.332644230412037,0.96318197431789,1,1
"5374",13,1,"41",0.332644230412037,0.96318197431789,1,1
"5375",14,1,"41",0.332644230412037,0.96318197431789,1,0
"5376",15,1,"41",0.332644230412037,0.96318197431789,1,0
"5377",16,1,"41",0.332644230412037,0.96318197431789,1,0
"5378",17,1,"41",0.332644230412037,0.96318197431789,1,1
"5379",18,1,"41",0.332644230412037,0.96318197431789,1,1
"5380",19,1,"41",0.332644230412037,0.96318197431789,1,0
"5381",20,1,"41",0.332644230412037,0.96318197431789,1,0
"5382",21,1,"41",0.332644230412037,0.96318197431789,1,0
"5383",22,1,"41",0.332644230412037,0.96318197431789,1,1
"5384",23,1,"41",0.332644230412037,0.96318197431789,1,1
"5385",24,1,"41",0.332644230412037,0.96318197431789,1,0
"5386",25,1,"41",0.332644230412037,0.96318197431789,1,1
"5387",26,1,"41",0.332644230412037,0.96318197431789,1,1
"5388",27,1,"41",0.332644230412037,0.96318197431789,1,1
"5389",28,1,"41",0.332644230412037,0.96318197431789,1,0
"5390",29,1,"41",0.332644230412037,0.96318197431789,1,0
"5391",30,1,"41",0.332644230412037,0.96318197431789,1,0
"5392",1,2,"41",0.197186065423251,0.942141288930065,1,1
"5393",2,2,"41",0.197186065423251,0.942141288930065,1,1
"5394",3,2,"41",0.197186065423251,0.942141288930065,1,1
"5395",4,2,"41",0.197186065423251,0.942141288930065,1,1
"5396",5,2,"41",0.197186065423251,0.942141288930065,1,1
"5397",6,2,"41",0.197186065423251,0.942141288930065,1,1
"5398",7,2,"41",0.197186065423251,0.942141288930065,1,0
"5399",8,2,"41",0.197186065423251,0.942141288930065,1,0
"5400",9,2,"41",0.197186065423251,0.942141288930065,1,1
"5401",10,2,"41",0.197186065423251,0.942141288930065,1,0
"5402",11,2,"41",0.197186065423251,0.942141288930065,1,0
"5403",12,2,"41",0.197186065423251,0.942141288930065,1,1
"5404",13,2,"41",0.197186065423251,0.942141288930065,1,1
"5405",14,2,"41",0.197186065423251,0.942141288930065,1,0
"5406",15,2,"41",0.197186065423251,0.942141288930065,1,0
"5407",16,2,"41",0.197186065423251,0.942141288930065,1,0
"5408",17,2,"41",0.197186065423251,0.942141288930065,1,1
"5409",18,2,"41",0.197186065423251,0.942141288930065,1,1
"5410",19,2,"41",0.197186065423251,0.942141288930065,1,0
"5411",20,2,"41",0.197186065423251,0.942141288930065,1,0
"5412",21,2,"41",0.197186065423251,0.942141288930065,1,0
"5413",22,2,"41",0.197186065423251,0.942141288930065,1,1
"5414",23,2,"41",0.197186065423251,0.942141288930065,1,1
"5415",24,2,"41",0.197186065423251,0.942141288930065,1,0
"5416",25,2,"41",0.197186065423251,0.942141288930065,1,1
"5417",26,2,"41",0.197186065423251,0.942141288930065,1,1
"5418",27,2,"41",0.197186065423251,0.942141288930065,1,1
"5419",28,2,"41",0.197186065423251,0.942141288930065,1,0
"5420",29,2,"41",0.197186065423251,0.942141288930065,1,0
"5421",30,2,"41",0.197186065423251,0.942141288930065,1,0
"5422",1,3,"41",-0.546051051388636,0.547065575387352,1,1
"5423",2,3,"41",-0.546051051388636,0.547065575387352,1,1
"5424",3,3,"41",-0.546051051388636,0.547065575387352,1,1
"5425",4,3,"41",-0.546051051388636,0.547065575387352,1,1
"5426",5,3,"41",-0.546051051388636,0.547065575387352,1,1
"5427",6,3,"41",-0.546051051388636,0.547065575387352,1,1
"5428",7,3,"41",-0.546051051388636,0.547065575387352,1,0
"5429",8,3,"41",-0.546051051388636,0.547065575387352,1,0
"5430",9,3,"41",-0.546051051388636,0.547065575387352,1,1
"5431",10,3,"41",-0.546051051388636,0.547065575387352,1,0
"5432",11,3,"41",-0.546051051388636,0.547065575387352,1,0
"5433",12,3,"41",-0.546051051388636,0.547065575387352,1,1
"5434",13,3,"41",-0.546051051388636,0.547065575387352,1,1
"5435",14,3,"41",-0.546051051388636,0.547065575387352,1,0
"5436",15,3,"41",-0.546051051388636,0.547065575387352,1,0
"5437",16,3,"41",-0.546051051388636,0.547065575387352,1,0
"5438",17,3,"41",-0.546051051388636,0.547065575387352,1,1
"5439",18,3,"41",-0.546051051388636,0.547065575387352,1,1
"5440",19,3,"41",-0.546051051388636,0.547065575387352,1,0
"5441",20,3,"41",-0.546051051388636,0.547065575387352,1,0
"5442",21,3,"41",-0.546051051388636,0.547065575387352,1,0
"5443",22,3,"41",-0.546051051388636,0.547065575387352,1,1
"5444",23,3,"41",-0.546051051388636,0.547065575387352,1,1
"5445",24,3,"41",-0.546051051388636,0.547065575387352,1,0
"5446",25,3,"41",-0.546051051388636,0.547065575387352,1,1
"5447",26,3,"41",-0.546051051388636,0.547065575387352,1,1
"5448",27,3,"41",-0.546051051388636,0.547065575387352,1,1
"5449",28,3,"41",-0.546051051388636,0.547065575387352,1,0
"5450",29,3,"41",-0.546051051388636,0.547065575387352,1,0
"5451",30,3,"41",-0.546051051388636,0.547065575387352,1,0
"5452",1,4,"41",1.14201520264505,0.997755562104314,2,1
"5453",2,4,"41",1.14201520264505,0.997755562104314,2,0
"5454",3,4,"41",1.14201520264505,0.997755562104314,2,0
"5455",4,4,"41",1.14201520264505,0.997755562104314,2,0
"5456",5,4,"41",1.14201520264505,0.997755562104314,2,1
"5457",6,4,"41",1.14201520264505,0.997755562104314,2,1
"5458",9,4,"41",1.14201520264505,0.997755562104314,2,0
"5459",12,4,"41",1.14201520264505,0.997755562104314,2,0
"5460",13,4,"41",1.14201520264505,0.997755562104314,2,0
"5461",17,4,"41",1.14201520264505,0.997755562104314,2,1
"5462",18,4,"41",1.14201520264505,0.997755562104314,2,1
"5463",22,4,"41",1.14201520264505,0.997755562104314,2,0
"5464",23,4,"41",1.14201520264505,0.997755562104314,2,0
"5465",25,4,"41",1.14201520264505,0.997755562104314,2,0
"5466",26,4,"41",1.14201520264505,0.997755562104314,2,0
"5467",27,4,"41",1.14201520264505,0.997755562104314,2,1
"5468",1,5,"41",-0.681619282389772,0.429064866941414,2,1
"5469",2,5,"41",-0.681619282389772,0.429064866941414,2,0
"5470",3,5,"41",-0.681619282389772,0.429064866941414,2,0
"5471",4,5,"41",-0.681619282389772,0.429064866941414,2,0
"5472",5,5,"41",-0.681619282389772,0.429064866941414,2,1
"5473",6,5,"41",-0.681619282389772,0.429064866941414,2,1
"5474",9,5,"41",-0.681619282389772,0.429064866941414,2,0
"5475",12,5,"41",-0.681619282389772,0.429064866941414,2,0
"5476",13,5,"41",-0.681619282389772,0.429064866941414,2,0
"5477",17,5,"41",-0.681619282389772,0.429064866941414,2,1
"5478",18,5,"41",-0.681619282389772,0.429064866941414,2,1
"5479",22,5,"41",-0.681619282389772,0.429064866941414,2,0
"5480",23,5,"41",-0.681619282389772,0.429064866941414,2,0
"5481",25,5,"41",-0.681619282389772,0.429064866941414,2,0
"5482",26,5,"41",-0.681619282389772,0.429064866941414,2,0
"5483",27,5,"41",-0.681619282389772,0.429064866941414,2,1
"5484",1,6,"41",1.67359240795801,0.999650121066641,2,1
"5485",2,6,"41",1.67359240795801,0.999650121066641,2,0
"5486",3,6,"41",1.67359240795801,0.999650121066641,2,0
"5487",4,6,"41",1.67359240795801,0.999650121066641,2,0
"5488",5,6,"41",1.67359240795801,0.999650121066641,2,1
"5489",6,6,"41",1.67359240795801,0.999650121066641,2,1
"5490",9,6,"41",1.67359240795801,0.999650121066641,2,0
"5491",12,6,"41",1.67359240795801,0.999650121066641,2,0
"5492",13,6,"41",1.67359240795801,0.999650121066641,2,0
"5493",17,6,"41",1.67359240795801,0.999650121066641,2,1
"5494",18,6,"41",1.67359240795801,0.999650121066641,2,1
"5495",22,6,"41",1.67359240795801,0.999650121066641,2,0
"5496",23,6,"41",1.67359240795801,0.999650121066641,2,0
"5497",25,6,"41",1.67359240795801,0.999650121066641,2,0
"5498",26,6,"41",1.67359240795801,0.999650121066641,2,0
"5499",27,6,"41",1.67359240795801,0.999650121066641,2,1
"5500",1,7,"41",-1.61686372765448,0.0276787025371905,3,0
"5501",5,7,"41",-1.61686372765448,0.0276787025371905,3,0
"5502",6,7,"41",-1.61686372765448,0.0276787025371905,3,0
"5503",17,7,"41",-1.61686372765448,0.0276787025371905,3,0
"5504",18,7,"41",-1.61686372765448,0.0276787025371905,3,0
"5505",27,7,"41",-1.61686372765448,0.0276787025371905,3,0
"5506",1,8,"41",0.943306605064105,0.995510762717354,3,0
"5507",5,8,"41",0.943306605064105,0.995510762717354,3,0
"5508",6,8,"41",0.943306605064105,0.995510762717354,3,0
"5509",17,8,"41",0.943306605064105,0.995510762717354,3,0
"5510",18,8,"41",0.943306605064105,0.995510762717354,3,0
"5511",27,8,"41",0.943306605064105,0.995510762717354,3,0
"5512",1,9,"41",-0.931173832650885,0.23882932867533,3,0
"5513",5,9,"41",-0.931173832650885,0.23882932867533,3,0
"5514",6,9,"41",-0.931173832650885,0.23882932867533,3,0
"5515",17,9,"41",-0.931173832650885,0.23882932867533,3,0
"5516",18,9,"41",-0.931173832650885,0.23882932867533,3,0
"5517",27,9,"41",-0.931173832650885,0.23882932867533,3,0
"5518",1,1,"42",0.962323110535967,0.995798615319407,1,1
"5519",2,1,"42",0.962323110535967,0.995798615319407,1,0
"5520",3,1,"42",0.962323110535967,0.995798615319407,1,1
"5521",4,1,"42",0.962323110535967,0.995798615319407,1,1
"5522",5,1,"42",0.962323110535967,0.995798615319407,1,1
"5523",6,1,"42",0.962323110535967,0.995798615319407,1,1
"5524",7,1,"42",0.962323110535967,0.995798615319407,1,1
"5525",8,1,"42",0.962323110535967,0.995798615319407,1,1
"5526",9,1,"42",0.962323110535967,0.995798615319407,1,1
"5527",10,1,"42",0.962323110535967,0.995798615319407,1,1
"5528",11,1,"42",0.962323110535967,0.995798615319407,1,1
"5529",12,1,"42",0.962323110535967,0.995798615319407,1,1
"5530",13,1,"42",0.962323110535967,0.995798615319407,1,0
"5531",14,1,"42",0.962323110535967,0.995798615319407,1,1
"5532",15,1,"42",0.962323110535967,0.995798615319407,1,1
"5533",16,1,"42",0.962323110535967,0.995798615319407,1,1
"5534",17,1,"42",0.962323110535967,0.995798615319407,1,1
"5535",18,1,"42",0.962323110535967,0.995798615319407,1,1
"5536",19,1,"42",0.962323110535967,0.995798615319407,1,1
"5537",20,1,"42",0.962323110535967,0.995798615319407,1,1
"5538",21,1,"42",0.962323110535967,0.995798615319407,1,1
"5539",22,1,"42",0.962323110535967,0.995798615319407,1,1
"5540",23,1,"42",0.962323110535967,0.995798615319407,1,1
"5541",24,1,"42",0.962323110535967,0.995798615319407,1,1
"5542",25,1,"42",0.962323110535967,0.995798615319407,1,1
"5543",26,1,"42",0.962323110535967,0.995798615319407,1,1
"5544",27,1,"42",0.962323110535967,0.995798615319407,1,1
"5545",28,1,"42",0.962323110535967,0.995798615319407,1,1
"5546",29,1,"42",0.962323110535967,0.995798615319407,1,1
"5547",30,1,"42",0.962323110535967,0.995798615319407,1,1
"5548",1,2,"42",0.589751146379383,0.984694647885454,1,1
"5549",2,2,"42",0.589751146379383,0.984694647885454,1,0
"5550",3,2,"42",0.589751146379383,0.984694647885454,1,1
"5551",4,2,"42",0.589751146379383,0.984694647885454,1,1
"5552",5,2,"42",0.589751146379383,0.984694647885454,1,1
"5553",6,2,"42",0.589751146379383,0.984694647885454,1,1
"5554",7,2,"42",0.589751146379383,0.984694647885454,1,1
"5555",8,2,"42",0.589751146379383,0.984694647885454,1,1
"5556",9,2,"42",0.589751146379383,0.984694647885454,1,1
"5557",10,2,"42",0.589751146379383,0.984694647885454,1,1
"5558",11,2,"42",0.589751146379383,0.984694647885454,1,1
"5559",12,2,"42",0.589751146379383,0.984694647885454,1,1
"5560",13,2,"42",0.589751146379383,0.984694647885454,1,0
"5561",14,2,"42",0.589751146379383,0.984694647885454,1,1
"5562",15,2,"42",0.589751146379383,0.984694647885454,1,1
"5563",16,2,"42",0.589751146379383,0.984694647885454,1,1
"5564",17,2,"42",0.589751146379383,0.984694647885454,1,1
"5565",18,2,"42",0.589751146379383,0.984694647885454,1,1
"5566",19,2,"42",0.589751146379383,0.984694647885454,1,1
"5567",20,2,"42",0.589751146379383,0.984694647885454,1,1
"5568",21,2,"42",0.589751146379383,0.984694647885454,1,1
"5569",22,2,"42",0.589751146379383,0.984694647885454,1,1
"5570",23,2,"42",0.589751146379383,0.984694647885454,1,1
"5571",24,2,"42",0.589751146379383,0.984694647885454,1,1
"5572",25,2,"42",0.589751146379383,0.984694647885454,1,1
"5573",26,2,"42",0.589751146379383,0.984694647885454,1,1
"5574",27,2,"42",0.589751146379383,0.984694647885454,1,1
"5575",28,2,"42",0.589751146379383,0.984694647885454,1,1
"5576",29,2,"42",0.589751146379383,0.984694647885454,1,1
"5577",30,2,"42",0.589751146379383,0.984694647885454,1,1
"5578",1,3,"42",0.585421001439799,0.984464551911899,1,1
"5579",2,3,"42",0.585421001439799,0.984464551911899,1,0
"5580",3,3,"42",0.585421001439799,0.984464551911899,1,1
"5581",4,3,"42",0.585421001439799,0.984464551911899,1,1
"5582",5,3,"42",0.585421001439799,0.984464551911899,1,1
"5583",6,3,"42",0.585421001439799,0.984464551911899,1,1
"5584",7,3,"42",0.585421001439799,0.984464551911899,1,1
"5585",8,3,"42",0.585421001439799,0.984464551911899,1,1
"5586",9,3,"42",0.585421001439799,0.984464551911899,1,1
"5587",10,3,"42",0.585421001439799,0.984464551911899,1,1
"5588",11,3,"42",0.585421001439799,0.984464551911899,1,1
"5589",12,3,"42",0.585421001439799,0.984464551911899,1,1
"5590",13,3,"42",0.585421001439799,0.984464551911899,1,0
"5591",14,3,"42",0.585421001439799,0.984464551911899,1,1
"5592",15,3,"42",0.585421001439799,0.984464551911899,1,1
"5593",16,3,"42",0.585421001439799,0.984464551911899,1,1
"5594",17,3,"42",0.585421001439799,0.984464551911899,1,1
"5595",18,3,"42",0.585421001439799,0.984464551911899,1,1
"5596",19,3,"42",0.585421001439799,0.984464551911899,1,1
"5597",20,3,"42",0.585421001439799,0.984464551911899,1,1
"5598",21,3,"42",0.585421001439799,0.984464551911899,1,1
"5599",22,3,"42",0.585421001439799,0.984464551911899,1,1
"5600",23,3,"42",0.585421001439799,0.984464551911899,1,1
"5601",24,3,"42",0.585421001439799,0.984464551911899,1,1
"5602",25,3,"42",0.585421001439799,0.984464551911899,1,1
"5603",26,3,"42",0.585421001439799,0.984464551911899,1,1
"5604",27,3,"42",0.585421001439799,0.984464551911899,1,1
"5605",28,3,"42",0.585421001439799,0.984464551911899,1,1
"5606",29,3,"42",0.585421001439799,0.984464551911899,1,1
"5607",30,3,"42",0.585421001439799,0.984464551911899,1,1
"5608",1,4,"42",-0.772977366674425,0.353104485448199,2,0
"5609",3,4,"42",-0.772977366674425,0.353104485448199,2,0
"5610",4,4,"42",-0.772977366674425,0.353104485448199,2,0
"5611",5,4,"42",-0.772977366674425,0.353104485448199,2,0
"5612",6,4,"42",-0.772977366674425,0.353104485448199,2,0
"5613",7,4,"42",-0.772977366674425,0.353104485448199,2,0
"5614",8,4,"42",-0.772977366674425,0.353104485448199,2,0
"5615",9,4,"42",-0.772977366674425,0.353104485448199,2,0
"5616",10,4,"42",-0.772977366674425,0.353104485448199,2,1
"5617",11,4,"42",-0.772977366674425,0.353104485448199,2,0
"5618",12,4,"42",-0.772977366674425,0.353104485448199,2,0
"5619",14,4,"42",-0.772977366674425,0.353104485448199,2,1
"5620",15,4,"42",-0.772977366674425,0.353104485448199,2,1
"5621",16,4,"42",-0.772977366674425,0.353104485448199,2,0
"5622",17,4,"42",-0.772977366674425,0.353104485448199,2,1
"5623",18,4,"42",-0.772977366674425,0.353104485448199,2,1
"5624",19,4,"42",-0.772977366674425,0.353104485448199,2,0
"5625",20,4,"42",-0.772977366674425,0.353104485448199,2,0
"5626",21,4,"42",-0.772977366674425,0.353104485448199,2,0
"5627",22,4,"42",-0.772977366674425,0.353104485448199,2,0
"5628",23,4,"42",-0.772977366674425,0.353104485448199,2,1
"5629",24,4,"42",-0.772977366674425,0.353104485448199,2,0
"5630",25,4,"42",-0.772977366674425,0.353104485448199,2,0
"5631",26,4,"42",-0.772977366674425,0.353104485448199,2,1
"5632",27,4,"42",-0.772977366674425,0.353104485448199,2,1
"5633",28,4,"42",-0.772977366674425,0.353104485448199,2,0
"5634",29,4,"42",-0.772977366674425,0.353104485448199,2,0
"5635",30,4,"42",-0.772977366674425,0.353104485448199,2,0
"5636",1,5,"42",0.444109591626488,0.974775306417558,2,0
"5637",3,5,"42",0.444109591626488,0.974775306417558,2,0
"5638",4,5,"42",0.444109591626488,0.974775306417558,2,0
"5639",5,5,"42",0.444109591626488,0.974775306417558,2,0
"5640",6,5,"42",0.444109591626488,0.974775306417558,2,0
"5641",7,5,"42",0.444109591626488,0.974775306417558,2,0
"5642",8,5,"42",0.444109591626488,0.974775306417558,2,0
"5643",9,5,"42",0.444109591626488,0.974775306417558,2,0
"5644",10,5,"42",0.444109591626488,0.974775306417558,2,1
"5645",11,5,"42",0.444109591626488,0.974775306417558,2,0
"5646",12,5,"42",0.444109591626488,0.974775306417558,2,0
"5647",14,5,"42",0.444109591626488,0.974775306417558,2,1
"5648",15,5,"42",0.444109591626488,0.974775306417558,2,1
"5649",16,5,"42",0.444109591626488,0.974775306417558,2,0
"5650",17,5,"42",0.444109591626488,0.974775306417558,2,1
"5651",18,5,"42",0.444109591626488,0.974775306417558,2,1
"5652",19,5,"42",0.444109591626488,0.974775306417558,2,0
"5653",20,5,"42",0.444109591626488,0.974775306417558,2,0
"5654",21,5,"42",0.444109591626488,0.974775306417558,2,0
"5655",22,5,"42",0.444109591626488,0.974775306417558,2,0
"5656",23,5,"42",0.444109591626488,0.974775306417558,2,1
"5657",24,5,"42",0.444109591626488,0.974775306417558,2,0
"5658",25,5,"42",0.444109591626488,0.974775306417558,2,0
"5659",26,5,"42",0.444109591626488,0.974775306417558,2,1
"5660",27,5,"42",0.444109591626488,0.974775306417558,2,1
"5661",28,5,"42",0.444109591626488,0.974775306417558,2,0
"5662",29,5,"42",0.444109591626488,0.974775306417558,2,0
"5663",30,5,"42",0.444109591626488,0.974775306417558,2,0
"5664",1,6,"42",-0.304052848633281,0.738041706477284,2,0
"5665",3,6,"42",-0.304052848633281,0.738041706477284,2,0
"5666",4,6,"42",-0.304052848633281,0.738041706477284,2,0
"5667",5,6,"42",-0.304052848633281,0.738041706477284,2,0
"5668",6,6,"42",-0.304052848633281,0.738041706477284,2,0
"5669",7,6,"42",-0.304052848633281,0.738041706477284,2,0
"5670",8,6,"42",-0.304052848633281,0.738041706477284,2,0
"5671",9,6,"42",-0.304052848633281,0.738041706477284,2,0
"5672",10,6,"42",-0.304052848633281,0.738041706477284,2,1
"5673",11,6,"42",-0.304052848633281,0.738041706477284,2,0
"5674",12,6,"42",-0.304052848633281,0.738041706477284,2,0
"5675",14,6,"42",-0.304052848633281,0.738041706477284,2,1
"5676",15,6,"42",-0.304052848633281,0.738041706477284,2,1
"5677",16,6,"42",-0.304052848633281,0.738041706477284,2,0
"5678",17,6,"42",-0.304052848633281,0.738041706477284,2,1
"5679",18,6,"42",-0.304052848633281,0.738041706477284,2,1
"5680",19,6,"42",-0.304052848633281,0.738041706477284,2,0
"5681",20,6,"42",-0.304052848633281,0.738041706477284,2,0
"5682",21,6,"42",-0.304052848633281,0.738041706477284,2,0
"5683",22,6,"42",-0.304052848633281,0.738041706477284,2,0
"5684",23,6,"42",-0.304052848633281,0.738041706477284,2,1
"5685",24,6,"42",-0.304052848633281,0.738041706477284,2,0
"5686",25,6,"42",-0.304052848633281,0.738041706477284,2,0
"5687",26,6,"42",-0.304052848633281,0.738041706477284,2,1
"5688",27,6,"42",-0.304052848633281,0.738041706477284,2,1
"5689",28,6,"42",-0.304052848633281,0.738041706477284,2,0
"5690",29,6,"42",-0.304052848633281,0.738041706477284,2,0
"5691",30,6,"42",-0.304052848633281,0.738041706477284,2,0
"5692",10,7,"42",2.60525660847103,0.999986575263623,3,1
"5693",14,7,"42",2.60525660847103,0.999986575263623,3,1
"5694",15,7,"42",2.60525660847103,0.999986575263623,3,1
"5695",17,7,"42",2.60525660847103,0.999986575263623,3,1
"5696",18,7,"42",2.60525660847103,0.999986575263623,3,1
"5697",23,7,"42",2.60525660847103,0.999986575263623,3,1
"5698",26,7,"42",2.60525660847103,0.999986575263623,3,1
"5699",27,7,"42",2.60525660847103,0.999986575263623,3,1
"5700",10,8,"42",0.697818379410462,0.989463988636835,3,1
"5701",14,8,"42",0.697818379410462,0.989463988636835,3,1
"5702",15,8,"42",0.697818379410462,0.989463988636835,3,1
"5703",17,8,"42",0.697818379410462,0.989463988636835,3,1
"5704",18,8,"42",0.697818379410462,0.989463988636835,3,1
"5705",23,8,"42",0.697818379410462,0.989463988636835,3,1
"5706",26,8,"42",0.697818379410462,0.989463988636835,3,1
"5707",27,8,"42",0.697818379410462,0.989463988636835,3,1
"5708",10,9,"42",0.795666124694482,0.992496332649774,3,1
"5709",14,9,"42",0.795666124694482,0.992496332649774,3,1
"5710",15,9,"42",0.795666124694482,0.992496332649774,3,1
"5711",17,9,"42",0.795666124694482,0.992496332649774,3,1
"5712",18,9,"42",0.795666124694482,0.992496332649774,3,1
"5713",23,9,"42",0.795666124694482,0.992496332649774,3,1
"5714",26,9,"42",0.795666124694482,0.992496332649774,3,1
"5715",27,9,"42",0.795666124694482,0.992496332649774,3,1
"5716",10,10,"42",-1.97362424803639,0.00810058947189736,4,0
"5717",14,10,"42",-1.97362424803639,0.00810058947189736,4,0
"5718",15,10,"42",-1.97362424803639,0.00810058947189736,4,0
"5719",17,10,"42",-1.97362424803639,0.00810058947189736,4,0
"5720",18,10,"42",-1.97362424803639,0.00810058947189736,4,0
"5721",23,10,"42",-1.97362424803639,0.00810058947189736,4,0
"5722",26,10,"42",-1.97362424803639,0.00810058947189736,4,0
"5723",27,10,"42",-1.97362424803639,0.00810058947189736,4,0
"5724",10,11,"42",-1.1662417420483,0.121122180403067,4,0
"5725",14,11,"42",-1.1662417420483,0.121122180403067,4,0
"5726",15,11,"42",-1.1662417420483,0.121122180403067,4,0
"5727",17,11,"42",-1.1662417420483,0.121122180403067,4,0
"5728",18,11,"42",-1.1662417420483,0.121122180403067,4,0
"5729",23,11,"42",-1.1662417420483,0.121122180403067,4,0
"5730",26,11,"42",-1.1662417420483,0.121122180403067,4,0
"5731",27,11,"42",-1.1662417420483,0.121122180403067,4,0
"5732",10,12,"42",-0.848783799806259,0.295099660415888,4,0
"5733",14,12,"42",-0.848783799806259,0.295099660415888,4,0
"5734",15,12,"42",-0.848783799806259,0.295099660415888,4,0
"5735",17,12,"42",-0.848783799806259,0.295099660415888,4,0
"5736",18,12,"42",-0.848783799806259,0.295099660415888,4,0
"5737",23,12,"42",-0.848783799806259,0.295099660415888,4,0
"5738",26,12,"42",-0.848783799806259,0.295099660415888,4,0
"5739",27,12,"42",-0.848783799806259,0.295099660415888,4,0
"5740",1,1,"43",-0.83583146676662,0.304616447014339,1,0
"5741",2,1,"43",-0.83583146676662,0.304616447014339,1,0
"5742",3,1,"43",-0.83583146676662,0.304616447014339,1,0
"5743",4,1,"43",-0.83583146676662,0.304616447014339,1,0
"5744",5,1,"43",-0.83583146676662,0.304616447014339,1,1
"5745",6,1,"43",-0.83583146676662,0.304616447014339,1,0
"5746",7,1,"43",-0.83583146676662,0.304616447014339,1,0
"5747",8,1,"43",-0.83583146676662,0.304616447014339,1,1
"5748",9,1,"43",-0.83583146676662,0.304616447014339,1,0
"5749",10,1,"43",-0.83583146676662,0.304616447014339,1,0
"5750",11,1,"43",-0.83583146676662,0.304616447014339,1,1
"5751",12,1,"43",-0.83583146676662,0.304616447014339,1,0
"5752",13,1,"43",-0.83583146676662,0.304616447014339,1,1
"5753",14,1,"43",-0.83583146676662,0.304616447014339,1,0
"5754",15,1,"43",-0.83583146676662,0.304616447014339,1,0
"5755",16,1,"43",-0.83583146676662,0.304616447014339,1,0
"5756",17,1,"43",-0.83583146676662,0.304616447014339,1,0
"5757",18,1,"43",-0.83583146676662,0.304616447014339,1,0
"5758",19,1,"43",-0.83583146676662,0.304616447014339,1,1
"5759",20,1,"43",-0.83583146676662,0.304616447014339,1,1
"5760",21,1,"43",-0.83583146676662,0.304616447014339,1,0
"5761",22,1,"43",-0.83583146676662,0.304616447014339,1,1
"5762",23,1,"43",-0.83583146676662,0.304616447014339,1,0
"5763",24,1,"43",-0.83583146676662,0.304616447014339,1,0
"5764",25,1,"43",-0.83583146676662,0.304616447014339,1,0
"5765",26,1,"43",-0.83583146676662,0.304616447014339,1,0
"5766",27,1,"43",-0.83583146676662,0.304616447014339,1,1
"5767",28,1,"43",-0.83583146676662,0.304616447014339,1,0
"5768",29,1,"43",-0.83583146676662,0.304616447014339,1,1
"5769",30,1,"43",-0.83583146676662,0.304616447014339,1,1
"5770",1,2,"43",0.640862760474907,0.987169538674946,1,0
"5771",2,2,"43",0.640862760474907,0.987169538674946,1,0
"5772",3,2,"43",0.640862760474907,0.987169538674946,1,0
"5773",4,2,"43",0.640862760474907,0.987169538674946,1,0
"5774",5,2,"43",0.640862760474907,0.987169538674946,1,1
"5775",6,2,"43",0.640862760474907,0.987169538674946,1,0
"5776",7,2,"43",0.640862760474907,0.987169538674946,1,0
"5777",8,2,"43",0.640862760474907,0.987169538674946,1,1
"5778",9,2,"43",0.640862760474907,0.987169538674946,1,0
"5779",10,2,"43",0.640862760474907,0.987169538674946,1,0
"5780",11,2,"43",0.640862760474907,0.987169538674946,1,1
"5781",12,2,"43",0.640862760474907,0.987169538674946,1,0
"5782",13,2,"43",0.640862760474907,0.987169538674946,1,1
"5783",14,2,"43",0.640862760474907,0.987169538674946,1,0
"5784",15,2,"43",0.640862760474907,0.987169538674946,1,0
"5785",16,2,"43",0.640862760474907,0.987169538674946,1,0
"5786",17,2,"43",0.640862760474907,0.987169538674946,1,0
"5787",18,2,"43",0.640862760474907,0.987169538674946,1,0
"5788",19,2,"43",0.640862760474907,0.987169538674946,1,1
"5789",20,2,"43",0.640862760474907,0.987169538674946,1,1
"5790",21,2,"43",0.640862760474907,0.987169538674946,1,0
"5791",22,2,"43",0.640862760474907,0.987169538674946,1,1
"5792",23,2,"43",0.640862760474907,0.987169538674946,1,0
"5793",24,2,"43",0.640862760474907,0.987169538674946,1,0
"5794",25,2,"43",0.640862760474907,0.987169538674946,1,0
"5795",26,2,"43",0.640862760474907,0.987169538674946,1,0
"5796",27,2,"43",0.640862760474907,0.987169538674946,1,1
"5797",28,2,"43",0.640862760474907,0.987169538674946,1,0
"5798",29,2,"43",0.640862760474907,0.987169538674946,1,1
"5799",30,2,"43",0.640862760474907,0.987169538674946,1,1
"5800",1,3,"43",0.00278002492522788,0.891845300945968,1,0
"5801",2,3,"43",0.00278002492522788,0.891845300945968,1,0
"5802",3,3,"43",0.00278002492522788,0.891845300945968,1,0
"5803",4,3,"43",0.00278002492522788,0.891845300945968,1,0
"5804",5,3,"43",0.00278002492522788,0.891845300945968,1,1
"5805",6,3,"43",0.00278002492522788,0.891845300945968,1,0
"5806",7,3,"43",0.00278002492522788,0.891845300945968,1,0
"5807",8,3,"43",0.00278002492522788,0.891845300945968,1,1
"5808",9,3,"43",0.00278002492522788,0.891845300945968,1,0
"5809",10,3,"43",0.00278002492522788,0.891845300945968,1,0
"5810",11,3,"43",0.00278002492522788,0.891845300945968,1,1
"5811",12,3,"43",0.00278002492522788,0.891845300945968,1,0
"5812",13,3,"43",0.00278002492522788,0.891845300945968,1,1
"5813",14,3,"43",0.00278002492522788,0.891845300945968,1,0
"5814",15,3,"43",0.00278002492522788,0.891845300945968,1,0
"5815",16,3,"43",0.00278002492522788,0.891845300945968,1,0
"5816",17,3,"43",0.00278002492522788,0.891845300945968,1,0
"5817",18,3,"43",0.00278002492522788,0.891845300945968,1,0
"5818",19,3,"43",0.00278002492522788,0.891845300945968,1,1
"5819",20,3,"43",0.00278002492522788,0.891845300945968,1,1
"5820",21,3,"43",0.00278002492522788,0.891845300945968,1,0
"5821",22,3,"43",0.00278002492522788,0.891845300945968,1,1
"5822",23,3,"43",0.00278002492522788,0.891845300945968,1,0
"5823",24,3,"43",0.00278002492522788,0.891845300945968,1,0
"5824",25,3,"43",0.00278002492522788,0.891845300945968,1,0
"5825",26,3,"43",0.00278002492522788,0.891845300945968,1,0
"5826",27,3,"43",0.00278002492522788,0.891845300945968,1,1
"5827",28,3,"43",0.00278002492522788,0.891845300945968,1,0
"5828",29,3,"43",0.00278002492522788,0.891845300945968,1,1
"5829",30,3,"43",0.00278002492522788,0.891845300945968,1,1
"5830",5,4,"43",-0.557078513268296,0.537485830253154,2,1
"5831",8,4,"43",-0.557078513268296,0.537485830253154,2,1
"5832",11,4,"43",-0.557078513268296,0.537485830253154,2,0
"5833",13,4,"43",-0.557078513268296,0.537485830253154,2,1
"5834",19,4,"43",-0.557078513268296,0.537485830253154,2,1
"5835",20,4,"43",-0.557078513268296,0.537485830253154,2,0
"5836",22,4,"43",-0.557078513268296,0.537485830253154,2,0
"5837",27,4,"43",-0.557078513268296,0.537485830253154,2,1
"5838",29,4,"43",-0.557078513268296,0.537485830253154,2,0
"5839",30,4,"43",-0.557078513268296,0.537485830253154,2,1
"5840",5,5,"43",0.470407075253912,0.976942231103754,2,1
"5841",8,5,"43",0.470407075253912,0.976942231103754,2,1
"5842",11,5,"43",0.470407075253912,0.976942231103754,2,0
"5843",13,5,"43",0.470407075253912,0.976942231103754,2,1
"5844",19,5,"43",0.470407075253912,0.976942231103754,2,1
"5845",20,5,"43",0.470407075253912,0.976942231103754,2,0
"5846",22,5,"43",0.470407075253912,0.976942231103754,2,0
"5847",27,5,"43",0.470407075253912,0.976942231103754,2,1
"5848",29,5,"43",0.470407075253912,0.976942231103754,2,0
"5849",30,5,"43",0.470407075253912,0.976942231103754,2,1
"5850",5,6,"43",0.8944713039048,0.994678421728082,2,1
"5851",8,6,"43",0.8944713039048,0.994678421728082,2,1
"5852",11,6,"43",0.8944713039048,0.994678421728082,2,0
"5853",13,6,"43",0.8944713039048,0.994678421728082,2,1
"5854",19,6,"43",0.8944713039048,0.994678421728082,2,1
"5855",20,6,"43",0.8944713039048,0.994678421728082,2,0
"5856",22,6,"43",0.8944713039048,0.994678421728082,2,0
"5857",27,6,"43",0.8944713039048,0.994678421728082,2,1
"5858",29,6,"43",0.8944713039048,0.994678421728082,2,0
"5859",30,6,"43",0.8944713039048,0.994678421728082,2,1
"5860",5,7,"43",0.242126682813119,0.950142516719634,3,0
"5861",8,7,"43",0.242126682813119,0.950142516719634,3,0
"5862",13,7,"43",0.242126682813119,0.950142516719634,3,0
"5863",19,7,"43",0.242126682813119,0.950142516719634,3,0
"5864",27,7,"43",0.242126682813119,0.950142516719634,3,0
"5865",30,7,"43",0.242126682813119,0.950142516719634,3,0
"5866",5,8,"43",1.16134491211494,0.997902076681415,3,0
"5867",8,8,"43",1.16134491211494,0.997902076681415,3,0
"5868",13,8,"43",1.16134491211494,0.997902076681415,3,0
"5869",19,8,"43",1.16134491211494,0.997902076681415,3,0
"5870",27,8,"43",1.16134491211494,0.997902076681415,3,0
"5871",30,8,"43",1.16134491211494,0.997902076681415,3,0
"5872",5,9,"43",-2.16689707777956,0.00413493660754854,3,0
"5873",8,9,"43",-2.16689707777956,0.00413493660754854,3,0
"5874",13,9,"43",-2.16689707777956,0.00413493660754854,3,0
"5875",19,9,"43",-2.16689707777956,0.00413493660754854,3,0
"5876",27,9,"43",-2.16689707777956,0.00413493660754854,3,0
"5877",30,9,"43",-2.16689707777956,0.00413493660754854,3,0
"5878",1,1,"44",0.0873780121973914,0.917270263216081,1,1
"5879",2,1,"44",0.0873780121973914,0.917270263216081,1,1
"5880",3,1,"44",0.0873780121973914,0.917270263216081,1,1
"5881",4,1,"44",0.0873780121973914,0.917270263216081,1,1
"5882",5,1,"44",0.0873780121973914,0.917270263216081,1,1
"5883",6,1,"44",0.0873780121973914,0.917270263216081,1,1
"5884",7,1,"44",0.0873780121973914,0.917270263216081,1,1
"5885",8,1,"44",0.0873780121973914,0.917270263216081,1,1
"5886",9,1,"44",0.0873780121973914,0.917270263216081,1,1
"5887",10,1,"44",0.0873780121973914,0.917270263216081,1,1
"5888",11,1,"44",0.0873780121973914,0.917270263216081,1,1
"5889",12,1,"44",0.0873780121973914,0.917270263216081,1,1
"5890",13,1,"44",0.0873780121973914,0.917270263216081,1,1
"5891",14,1,"44",0.0873780121973914,0.917270263216081,1,1
"5892",15,1,"44",0.0873780121973914,0.917270263216081,1,1
"5893",16,1,"44",0.0873780121973914,0.917270263216081,1,1
"5894",17,1,"44",0.0873780121973914,0.917270263216081,1,1
"5895",18,1,"44",0.0873780121973914,0.917270263216081,1,1
"5896",19,1,"44",0.0873780121973914,0.917270263216081,1,1
"5897",20,1,"44",0.0873780121973914,0.917270263216081,1,1
"5898",21,1,"44",0.0873780121973914,0.917270263216081,1,1
"5899",22,1,"44",0.0873780121973914,0.917270263216081,1,1
"5900",23,1,"44",0.0873780121973914,0.917270263216081,1,1
"5901",24,1,"44",0.0873780121973914,0.917270263216081,1,1
"5902",25,1,"44",0.0873780121973914,0.917270263216081,1,1
"5903",26,1,"44",0.0873780121973914,0.917270263216081,1,1
"5904",27,1,"44",0.0873780121973914,0.917270263216081,1,1
"5905",28,1,"44",0.0873780121973914,0.917270263216081,1,1
"5906",29,1,"44",0.0873780121973914,0.917270263216081,1,0
"5907",30,1,"44",0.0873780121973914,0.917270263216081,1,1
"5908",1,2,"44",0.822027414548828,0.99315314837926,1,1
"5909",2,2,"44",0.822027414548828,0.99315314837926,1,1
"5910",3,2,"44",0.822027414548828,0.99315314837926,1,1
"5911",4,2,"44",0.822027414548828,0.99315314837926,1,1
"5912",5,2,"44",0.822027414548828,0.99315314837926,1,1
"5913",6,2,"44",0.822027414548828,0.99315314837926,1,1
"5914",7,2,"44",0.822027414548828,0.99315314837926,1,1
"5915",8,2,"44",0.822027414548828,0.99315314837926,1,1
"5916",9,2,"44",0.822027414548828,0.99315314837926,1,1
"5917",10,2,"44",0.822027414548828,0.99315314837926,1,1
"5918",11,2,"44",0.822027414548828,0.99315314837926,1,1
"5919",12,2,"44",0.822027414548828,0.99315314837926,1,1
"5920",13,2,"44",0.822027414548828,0.99315314837926,1,1
"5921",14,2,"44",0.822027414548828,0.99315314837926,1,1
"5922",15,2,"44",0.822027414548828,0.99315314837926,1,1
"5923",16,2,"44",0.822027414548828,0.99315314837926,1,1
"5924",17,2,"44",0.822027414548828,0.99315314837926,1,1
"5925",18,2,"44",0.822027414548828,0.99315314837926,1,1
"5926",19,2,"44",0.822027414548828,0.99315314837926,1,1
"5927",20,2,"44",0.822027414548828,0.99315314837926,1,1
"5928",21,2,"44",0.822027414548828,0.99315314837926,1,1
"5929",22,2,"44",0.822027414548828,0.99315314837926,1,1
"5930",23,2,"44",0.822027414548828,0.99315314837926,1,1
"5931",24,2,"44",0.822027414548828,0.99315314837926,1,1
"5932",25,2,"44",0.822027414548828,0.99315314837926,1,1
"5933",26,2,"44",0.822027414548828,0.99315314837926,1,1
"5934",27,2,"44",0.822027414548828,0.99315314837926,1,1
"5935",28,2,"44",0.822027414548828,0.99315314837926,1,1
"5936",29,2,"44",0.822027414548828,0.99315314837926,1,0
"5937",30,2,"44",0.822027414548828,0.99315314837926,1,1
"5938",1,3,"44",2.32979168984821,0.999964794425473,1,1
"5939",2,3,"44",2.32979168984821,0.999964794425473,1,1
"5940",3,3,"44",2.32979168984821,0.999964794425473,1,1
"5941",4,3,"44",2.32979168984821,0.999964794425473,1,1
"5942",5,3,"44",2.32979168984821,0.999964794425473,1,1
"5943",6,3,"44",2.32979168984821,0.999964794425473,1,1
"5944",7,3,"44",2.32979168984821,0.999964794425473,1,1
"5945",8,3,"44",2.32979168984821,0.999964794425473,1,1
"5946",9,3,"44",2.32979168984821,0.999964794425473,1,1
"5947",10,3,"44",2.32979168984821,0.999964794425473,1,1
"5948",11,3,"44",2.32979168984821,0.999964794425473,1,1
"5949",12,3,"44",2.32979168984821,0.999964794425473,1,1
"5950",13,3,"44",2.32979168984821,0.999964794425473,1,1
"5951",14,3,"44",2.32979168984821,0.999964794425473,1,1
"5952",15,3,"44",2.32979168984821,0.999964794425473,1,1
"5953",16,3,"44",2.32979168984821,0.999964794425473,1,1
"5954",17,3,"44",2.32979168984821,0.999964794425473,1,1
"5955",18,3,"44",2.32979168984821,0.999964794425473,1,1
"5956",19,3,"44",2.32979168984821,0.999964794425473,1,1
"5957",20,3,"44",2.32979168984821,0.999964794425473,1,1
"5958",21,3,"44",2.32979168984821,0.999964794425473,1,1
"5959",22,3,"44",2.32979168984821,0.999964794425473,1,1
"5960",23,3,"44",2.32979168984821,0.999964794425473,1,1
"5961",24,3,"44",2.32979168984821,0.999964794425473,1,1
"5962",25,3,"44",2.32979168984821,0.999964794425473,1,1
"5963",26,3,"44",2.32979168984821,0.999964794425473,1,1
"5964",27,3,"44",2.32979168984821,0.999964794425473,1,1
"5965",28,3,"44",2.32979168984821,0.999964794425473,1,1
"5966",29,3,"44",2.32979168984821,0.999964794425473,1,0
"5967",30,3,"44",2.32979168984821,0.999964794425473,1,1
"5968",1,4,"44",0.769284720938632,0.991776456390454,2,0
"5969",2,4,"44",0.769284720938632,0.991776456390454,2,0
"5970",3,4,"44",0.769284720938632,0.991776456390454,2,1
"5971",4,4,"44",0.769284720938632,0.991776456390454,2,1
"5972",5,4,"44",0.769284720938632,0.991776456390454,2,0
"5973",6,4,"44",0.769284720938632,0.991776456390454,2,1
"5974",7,4,"44",0.769284720938632,0.991776456390454,2,0
"5975",8,4,"44",0.769284720938632,0.991776456390454,2,1
"5976",9,4,"44",0.769284720938632,0.991776456390454,2,0
"5977",10,4,"44",0.769284720938632,0.991776456390454,2,0
"5978",11,4,"44",0.769284720938632,0.991776456390454,2,0
"5979",12,4,"44",0.769284720938632,0.991776456390454,2,0
"5980",13,4,"44",0.769284720938632,0.991776456390454,2,1
"5981",14,4,"44",0.769284720938632,0.991776456390454,2,0
"5982",15,4,"44",0.769284720938632,0.991776456390454,2,0
"5983",16,4,"44",0.769284720938632,0.991776456390454,2,1
"5984",17,4,"44",0.769284720938632,0.991776456390454,2,0
"5985",18,4,"44",0.769284720938632,0.991776456390454,2,0
"5986",19,4,"44",0.769284720938632,0.991776456390454,2,0
"5987",20,4,"44",0.769284720938632,0.991776456390454,2,1
"5988",21,4,"44",0.769284720938632,0.991776456390454,2,0
"5989",22,4,"44",0.769284720938632,0.991776456390454,2,1
"5990",23,4,"44",0.769284720938632,0.991776456390454,2,1
"5991",24,4,"44",0.769284720938632,0.991776456390454,2,0
"5992",25,4,"44",0.769284720938632,0.991776456390454,2,1
"5993",26,4,"44",0.769284720938632,0.991776456390454,2,1
"5994",27,4,"44",0.769284720938632,0.991776456390454,2,0
"5995",28,4,"44",0.769284720938632,0.991776456390454,2,1
"5996",30,4,"44",0.769284720938632,0.991776456390454,2,1
"5997",1,5,"44",0.9324010827346,0.995336913830175,2,0
"5998",2,5,"44",0.9324010827346,0.995336913830175,2,0
"5999",3,5,"44",0.9324010827346,0.995336913830175,2,1
"6000",4,5,"44",0.9324010827346,0.995336913830175,2,1
"6001",5,5,"44",0.9324010827346,0.995336913830175,2,0
"6002",6,5,"44",0.9324010827346,0.995336913830175,2,1
"6003",7,5,"44",0.9324010827346,0.995336913830175,2,0
"6004",8,5,"44",0.9324010827346,0.995336913830175,2,1
"6005",9,5,"44",0.9324010827346,0.995336913830175,2,0
"6006",10,5,"44",0.9324010827346,0.995336913830175,2,0
"6007",11,5,"44",0.9324010827346,0.995336913830175,2,0
"6008",12,5,"44",0.9324010827346,0.995336913830175,2,0
"6009",13,5,"44",0.9324010827346,0.995336913830175,2,1
"6010",14,5,"44",0.9324010827346,0.995336913830175,2,0
"6011",15,5,"44",0.9324010827346,0.995336913830175,2,0
"6012",16,5,"44",0.9324010827346,0.995336913830175,2,1
"6013",17,5,"44",0.9324010827346,0.995336913830175,2,0
"6014",18,5,"44",0.9324010827346,0.995336913830175,2,0
"6015",19,5,"44",0.9324010827346,0.995336913830175,2,0
"6016",20,5,"44",0.9324010827346,0.995336913830175,2,1
"6017",21,5,"44",0.9324010827346,0.995336913830175,2,0
"6018",22,5,"44",0.9324010827346,0.995336913830175,2,1
"6019",23,5,"44",0.9324010827346,0.995336913830175,2,1
"6020",24,5,"44",0.9324010827346,0.995336913830175,2,0
"6021",25,5,"44",0.9324010827346,0.995336913830175,2,1
"6022",26,5,"44",0.9324010827346,0.995336913830175,2,1
"6023",27,5,"44",0.9324010827346,0.995336913830175,2,0
"6024",28,5,"44",0.9324010827346,0.995336913830175,2,1
"6025",30,5,"44",0.9324010827346,0.995336913830175,2,1
"6026",1,6,"44",-0.64577911345503,0.46002875317397,2,0
"6027",2,6,"44",-0.64577911345503,0.46002875317397,2,0
"6028",3,6,"44",-0.64577911345503,0.46002875317397,2,1
"6029",4,6,"44",-0.64577911345503,0.46002875317397,2,1
"6030",5,6,"44",-0.64577911345503,0.46002875317397,2,0
"6031",6,6,"44",-0.64577911345503,0.46002875317397,2,1
"6032",7,6,"44",-0.64577911345503,0.46002875317397,2,0
"6033",8,6,"44",-0.64577911345503,0.46002875317397,2,1
"6034",9,6,"44",-0.64577911345503,0.46002875317397,2,0
"6035",10,6,"44",-0.64577911345503,0.46002875317397,2,0
"6036",11,6,"44",-0.64577911345503,0.46002875317397,2,0
"6037",12,6,"44",-0.64577911345503,0.46002875317397,2,0
"6038",13,6,"44",-0.64577911345503,0.46002875317397,2,1
"6039",14,6,"44",-0.64577911345503,0.46002875317397,2,0
"6040",15,6,"44",-0.64577911345503,0.46002875317397,2,0
"6041",16,6,"44",-0.64577911345503,0.46002875317397,2,1
"6042",17,6,"44",-0.64577911345503,0.46002875317397,2,0
"6043",18,6,"44",-0.64577911345503,0.46002875317397,2,0
"6044",19,6,"44",-0.64577911345503,0.46002875317397,2,0
"6045",20,6,"44",-0.64577911345503,0.46002875317397,2,1
"6046",21,6,"44",-0.64577911345503,0.46002875317397,2,0
"6047",22,6,"44",-0.64577911345503,0.46002875317397,2,1
"6048",23,6,"44",-0.64577911345503,0.46002875317397,2,1
"6049",24,6,"44",-0.64577911345503,0.46002875317397,2,0
"6050",25,6,"44",-0.64577911345503,0.46002875317397,2,1
"6051",26,6,"44",-0.64577911345503,0.46002875317397,2,1
"6052",27,6,"44",-0.64577911345503,0.46002875317397,2,0
"6053",28,6,"44",-0.64577911345503,0.46002875317397,2,1
"6054",30,6,"44",-0.64577911345503,0.46002875317397,2,1
"6055",3,7,"44",0.26619064193163,0.953984417431059,3,0
"6056",4,7,"44",0.26619064193163,0.953984417431059,3,1
"6057",6,7,"44",0.26619064193163,0.953984417431059,3,1
"6058",8,7,"44",0.26619064193163,0.953984417431059,3,1
"6059",13,7,"44",0.26619064193163,0.953984417431059,3,0
"6060",16,7,"44",0.26619064193163,0.953984417431059,3,1
"6061",20,7,"44",0.26619064193163,0.953984417431059,3,0
"6062",22,7,"44",0.26619064193163,0.953984417431059,3,0
"6063",23,7,"44",0.26619064193163,0.953984417431059,3,0
"6064",25,7,"44",0.26619064193163,0.953984417431059,3,1
"6065",26,7,"44",0.26619064193163,0.953984417431059,3,0
"6066",28,7,"44",0.26619064193163,0.953984417431059,3,0
"6067",30,7,"44",0.26619064193163,0.953984417431059,3,1
"6068",3,8,"44",-0.513569523805693,0.575055177671348,3,0
"6069",4,8,"44",-0.513569523805693,0.575055177671348,3,1
"6070",6,8,"44",-0.513569523805693,0.575055177671348,3,1
"6071",8,8,"44",-0.513569523805693,0.575055177671348,3,1
"6072",13,8,"44",-0.513569523805693,0.575055177671348,3,0
"6073",16,8,"44",-0.513569523805693,0.575055177671348,3,1
"6074",20,8,"44",-0.513569523805693,0.575055177671348,3,0
"6075",22,8,"44",-0.513569523805693,0.575055177671348,3,0
"6076",23,8,"44",-0.513569523805693,0.575055177671348,3,0
"6077",25,8,"44",-0.513569523805693,0.575055177671348,3,1
"6078",26,8,"44",-0.513569523805693,0.575055177671348,3,0
"6079",28,8,"44",-0.513569523805693,0.575055177671348,3,0
"6080",30,8,"44",-0.513569523805693,0.575055177671348,3,1
"6081",3,9,"44",0.33134600424671,0.963020500736979,3,0
"6082",4,9,"44",0.33134600424671,0.963020500736979,3,1
"6083",6,9,"44",0.33134600424671,0.963020500736979,3,1
"6084",8,9,"44",0.33134600424671,0.963020500736979,3,1
"6085",13,9,"44",0.33134600424671,0.963020500736979,3,0
"6086",16,9,"44",0.33134600424671,0.963020500736979,3,1
"6087",20,9,"44",0.33134600424671,0.963020500736979,3,0
"6088",22,9,"44",0.33134600424671,0.963020500736979,3,0
"6089",23,9,"44",0.33134600424671,0.963020500736979,3,0
"6090",25,9,"44",0.33134600424671,0.963020500736979,3,1
"6091",26,9,"44",0.33134600424671,0.963020500736979,3,0
"6092",28,9,"44",0.33134600424671,0.963020500736979,3,0
"6093",30,9,"44",0.33134600424671,0.963020500736979,3,1
"6094",4,10,"44",-1.1803911509839,0.115948516750085,4,0
"6095",6,10,"44",-1.1803911509839,0.115948516750085,4,0
"6096",8,10,"44",-1.1803911509839,0.115948516750085,4,0
"6097",16,10,"44",-1.1803911509839,0.115948516750085,4,0
"6098",25,10,"44",-1.1803911509839,0.115948516750085,4,0
"6099",30,10,"44",-1.1803911509839,0.115948516750085,4,0
"6100",4,11,"44",-0.427345464092471,0.646637376291024,4,0
"6101",6,11,"44",-0.427345464092471,0.646637376291024,4,0
"6102",8,11,"44",-0.427345464092471,0.646637376291024,4,0
"6103",16,11,"44",-0.427345464092471,0.646637376291024,4,0
"6104",25,11,"44",-0.427345464092471,0.646637376291024,4,0
"6105",30,11,"44",-0.427345464092471,0.646637376291024,4,0
"6106",4,12,"44",-1.44035418546349,0.0501521871509053,4,0
"6107",6,12,"44",-1.44035418546349,0.0501521871509053,4,0
"6108",8,12,"44",-1.44035418546349,0.0501521871509053,4,0
"6109",16,12,"44",-1.44035418546349,0.0501521871509053,4,0
"6110",25,12,"44",-1.44035418546349,0.0501521871509053,4,0
"6111",30,12,"44",-1.44035418546349,0.0501521871509053,4,0
"6112",1,1,"45",-0.884478532245085,0.269792644296264,1,0
"6113",2,1,"45",-0.884478532245085,0.269792644296264,1,0
"6114",3,1,"45",-0.884478532245085,0.269792644296264,1,0
"6115",4,1,"45",-0.884478532245085,0.269792644296264,1,0
"6116",5,1,"45",-0.884478532245085,0.269792644296264,1,0
"6117",6,1,"45",-0.884478532245085,0.269792644296264,1,0
"6118",7,1,"45",-0.884478532245085,0.269792644296264,1,0
"6119",8,1,"45",-0.884478532245085,0.269792644296264,1,0
"6120",9,1,"45",-0.884478532245085,0.269792644296264,1,0
"6121",10,1,"45",-0.884478532245085,0.269792644296264,1,0
"6122",11,1,"45",-0.884478532245085,0.269792644296264,1,0
"6123",12,1,"45",-0.884478532245085,0.269792644296264,1,0
"6124",13,1,"45",-0.884478532245085,0.269792644296264,1,0
"6125",14,1,"45",-0.884478532245085,0.269792644296264,1,0
"6126",15,1,"45",-0.884478532245085,0.269792644296264,1,0
"6127",16,1,"45",-0.884478532245085,0.269792644296264,1,0
"6128",17,1,"45",-0.884478532245085,0.269792644296264,1,0
"6129",18,1,"45",-0.884478532245085,0.269792644296264,1,0
"6130",19,1,"45",-0.884478532245085,0.269792644296264,1,0
"6131",20,1,"45",-0.884478532245085,0.269792644296264,1,0
"6132",21,1,"45",-0.884478532245085,0.269792644296264,1,0
"6133",22,1,"45",-0.884478532245085,0.269792644296264,1,0
"6134",23,1,"45",-0.884478532245085,0.269792644296264,1,0
"6135",24,1,"45",-0.884478532245085,0.269792644296264,1,0
"6136",25,1,"45",-0.884478532245085,0.269792644296264,1,0
"6137",26,1,"45",-0.884478532245085,0.269792644296264,1,0
"6138",27,1,"45",-0.884478532245085,0.269792644296264,1,0
"6139",28,1,"45",-0.884478532245085,0.269792644296264,1,0
"6140",29,1,"45",-0.884478532245085,0.269792644296264,1,0
"6141",30,1,"45",-0.884478532245085,0.269792644296264,1,0
"6142",1,2,"45",-1.22313705984043,0.101471567919538,1,0
"6143",2,2,"45",-1.22313705984043,0.101471567919538,1,0
"6144",3,2,"45",-1.22313705984043,0.101471567919538,1,0
"6145",4,2,"45",-1.22313705984043,0.101471567919538,1,0
"6146",5,2,"45",-1.22313705984043,0.101471567919538,1,0
"6147",6,2,"45",-1.22313705984043,0.101471567919538,1,0
"6148",7,2,"45",-1.22313705984043,0.101471567919538,1,0
"6149",8,2,"45",-1.22313705984043,0.101471567919538,1,0
"6150",9,2,"45",-1.22313705984043,0.101471567919538,1,0
"6151",10,2,"45",-1.22313705984043,0.101471567919538,1,0
"6152",11,2,"45",-1.22313705984043,0.101471567919538,1,0
"6153",12,2,"45",-1.22313705984043,0.101471567919538,1,0
"6154",13,2,"45",-1.22313705984043,0.101471567919538,1,0
"6155",14,2,"45",-1.22313705984043,0.101471567919538,1,0
"6156",15,2,"45",-1.22313705984043,0.101471567919538,1,0
"6157",16,2,"45",-1.22313705984043,0.101471567919538,1,0
"6158",17,2,"45",-1.22313705984043,0.101471567919538,1,0
"6159",18,2,"45",-1.22313705984043,0.101471567919538,1,0
"6160",19,2,"45",-1.22313705984043,0.101471567919538,1,0
"6161",20,2,"45",-1.22313705984043,0.101471567919538,1,0
"6162",21,2,"45",-1.22313705984043,0.101471567919538,1,0
"6163",22,2,"45",-1.22313705984043,0.101471567919538,1,0
"6164",23,2,"45",-1.22313705984043,0.101471567919538,1,0
"6165",24,2,"45",-1.22313705984043,0.101471567919538,1,0
"6166",25,2,"45",-1.22313705984043,0.101471567919538,1,0
"6167",26,2,"45",-1.22313705984043,0.101471567919538,1,0
"6168",27,2,"45",-1.22313705984043,0.101471567919538,1,0
"6169",28,2,"45",-1.22313705984043,0.101471567919538,1,0
"6170",29,2,"45",-1.22313705984043,0.101471567919538,1,0
"6171",30,2,"45",-1.22313705984043,0.101471567919538,1,0
"6172",1,3,"45",-1.31267167292725,0.0762551561782952,1,0
"6173",2,3,"45",-1.31267167292725,0.0762551561782952,1,0
"6174",3,3,"45",-1.31267167292725,0.0762551561782952,1,0
"6175",4,3,"45",-1.31267167292725,0.0762551561782952,1,0
"6176",5,3,"45",-1.31267167292725,0.0762551561782952,1,0
"6177",6,3,"45",-1.31267167292725,0.0762551561782952,1,0
"6178",7,3,"45",-1.31267167292725,0.0762551561782952,1,0
"6179",8,3,"45",-1.31267167292725,0.0762551561782952,1,0
"6180",9,3,"45",-1.31267167292725,0.0762551561782952,1,0
"6181",10,3,"45",-1.31267167292725,0.0762551561782952,1,0
"6182",11,3,"45",-1.31267167292725,0.0762551561782952,1,0
"6183",12,3,"45",-1.31267167292725,0.0762551561782952,1,0
"6184",13,3,"45",-1.31267167292725,0.0762551561782952,1,0
"6185",14,3,"45",-1.31267167292725,0.0762551561782952,1,0
"6186",15,3,"45",-1.31267167292725,0.0762551561782952,1,0
"6187",16,3,"45",-1.31267167292725,0.0762551561782952,1,0
"6188",17,3,"45",-1.31267167292725,0.0762551561782952,1,0
"6189",18,3,"45",-1.31267167292725,0.0762551561782952,1,0
"6190",19,3,"45",-1.31267167292725,0.0762551561782952,1,0
"6191",20,3,"45",-1.31267167292725,0.0762551561782952,1,0
"6192",21,3,"45",-1.31267167292725,0.0762551561782952,1,0
"6193",22,3,"45",-1.31267167292725,0.0762551561782952,1,0
"6194",23,3,"45",-1.31267167292725,0.0762551561782952,1,0
"6195",24,3,"45",-1.31267167292725,0.0762551561782952,1,0
"6196",25,3,"45",-1.31267167292725,0.0762551561782952,1,0
"6197",26,3,"45",-1.31267167292725,0.0762551561782952,1,0
"6198",27,3,"45",-1.31267167292725,0.0762551561782952,1,0
"6199",28,3,"45",-1.31267167292725,0.0762551561782952,1,0
"6200",29,3,"45",-1.31267167292725,0.0762551561782952,1,0
"6201",30,3,"45",-1.31267167292725,0.0762551561782952,1,0
"6202",1,1,"46",-0.329175841317832,0.720689546089094,1,0
"6203",2,1,"46",-0.329175841317832,0.720689546089094,1,0
"6204",3,1,"46",-0.329175841317832,0.720689546089094,1,0
"6205",4,1,"46",-0.329175841317832,0.720689546089094,1,0
"6206",5,1,"46",-0.329175841317832,0.720689546089094,1,0
"6207",6,1,"46",-0.329175841317832,0.720689546089094,1,0
"6208",7,1,"46",-0.329175841317832,0.720689546089094,1,0
"6209",8,1,"46",-0.329175841317832,0.720689546089094,1,0
"6210",9,1,"46",-0.329175841317832,0.720689546089094,1,0
"6211",10,1,"46",-0.329175841317832,0.720689546089094,1,0
"6212",11,1,"46",-0.329175841317832,0.720689546089094,1,0
"6213",12,1,"46",-0.329175841317832,0.720689546089094,1,0
"6214",13,1,"46",-0.329175841317832,0.720689546089094,1,0
"6215",14,1,"46",-0.329175841317832,0.720689546089094,1,0
"6216",15,1,"46",-0.329175841317832,0.720689546089094,1,0
"6217",16,1,"46",-0.329175841317832,0.720689546089094,1,0
"6218",17,1,"46",-0.329175841317832,0.720689546089094,1,0
"6219",18,1,"46",-0.329175841317832,0.720689546089094,1,0
"6220",19,1,"46",-0.329175841317832,0.720689546089094,1,0
"6221",20,1,"46",-0.329175841317832,0.720689546089094,1,0
"6222",21,1,"46",-0.329175841317832,0.720689546089094,1,0
"6223",22,1,"46",-0.329175841317832,0.720689546089094,1,0
"6224",23,1,"46",-0.329175841317832,0.720689546089094,1,0
"6225",24,1,"46",-0.329175841317832,0.720689546089094,1,0
"6226",25,1,"46",-0.329175841317832,0.720689546089094,1,0
"6227",26,1,"46",-0.329175841317832,0.720689546089094,1,0
"6228",27,1,"46",-0.329175841317832,0.720689546089094,1,0
"6229",28,1,"46",-0.329175841317832,0.720689546089094,1,0
"6230",29,1,"46",-0.329175841317832,0.720689546089094,1,0
"6231",30,1,"46",-0.329175841317832,0.720689546089094,1,0
"6232",1,2,"46",-0.294317269532349,0.744575911986307,1,0
"6233",2,2,"46",-0.294317269532349,0.744575911986307,1,0
"6234",3,2,"46",-0.294317269532349,0.744575911986307,1,0
"6235",4,2,"46",-0.294317269532349,0.744575911986307,1,0
"6236",5,2,"46",-0.294317269532349,0.744575911986307,1,0
"6237",6,2,"46",-0.294317269532349,0.744575911986307,1,0
"6238",7,2,"46",-0.294317269532349,0.744575911986307,1,0
"6239",8,2,"46",-0.294317269532349,0.744575911986307,1,0
"6240",9,2,"46",-0.294317269532349,0.744575911986307,1,0
"6241",10,2,"46",-0.294317269532349,0.744575911986307,1,0
"6242",11,2,"46",-0.294317269532349,0.744575911986307,1,0
"6243",12,2,"46",-0.294317269532349,0.744575911986307,1,0
"6244",13,2,"46",-0.294317269532349,0.744575911986307,1,0
"6245",14,2,"46",-0.294317269532349,0.744575911986307,1,0
"6246",15,2,"46",-0.294317269532349,0.744575911986307,1,0
"6247",16,2,"46",-0.294317269532349,0.744575911986307,1,0
"6248",17,2,"46",-0.294317269532349,0.744575911986307,1,0
"6249",18,2,"46",-0.294317269532349,0.744575911986307,1,0
"6250",19,2,"46",-0.294317269532349,0.744575911986307,1,0
"6251",20,2,"46",-0.294317269532349,0.744575911986307,1,0
"6252",21,2,"46",-0.294317269532349,0.744575911986307,1,0
"6253",22,2,"46",-0.294317269532349,0.744575911986307,1,0
"6254",23,2,"46",-0.294317269532349,0.744575911986307,1,0
"6255",24,2,"46",-0.294317269532349,0.744575911986307,1,0
"6256",25,2,"46",-0.294317269532349,0.744575911986307,1,0
"6257",26,2,"46",-0.294317269532349,0.744575911986307,1,0
"6258",27,2,"46",-0.294317269532349,0.744575911986307,1,0
"6259",28,2,"46",-0.294317269532349,0.744575911986307,1,0
"6260",29,2,"46",-0.294317269532349,0.744575911986307,1,0
"6261",30,2,"46",-0.294317269532349,0.744575911986307,1,0
"6262",1,3,"46",-1.48376467882776,0.0433896019123869,1,0
"6263",2,3,"46",-1.48376467882776,0.0433896019123869,1,0
"6264",3,3,"46",-1.48376467882776,0.0433896019123869,1,0
"6265",4,3,"46",-1.48376467882776,0.0433896019123869,1,0
"6266",5,3,"46",-1.48376467882776,0.0433896019123869,1,0
"6267",6,3,"46",-1.48376467882776,0.0433896019123869,1,0
"6268",7,3,"46",-1.48376467882776,0.0433896019123869,1,0
"6269",8,3,"46",-1.48376467882776,0.0433896019123869,1,0
"6270",9,3,"46",-1.48376467882776,0.0433896019123869,1,0
"6271",10,3,"46",-1.48376467882776,0.0433896019123869,1,0
"6272",11,3,"46",-1.48376467882776,0.0433896019123869,1,0
"6273",12,3,"46",-1.48376467882776,0.0433896019123869,1,0
"6274",13,3,"46",-1.48376467882776,0.0433896019123869,1,0
"6275",14,3,"46",-1.48376467882776,0.0433896019123869,1,0
"6276",15,3,"46",-1.48376467882776,0.0433896019123869,1,0
"6277",16,3,"46",-1.48376467882776,0.0433896019123869,1,0
"6278",17,3,"46",-1.48376467882776,0.0433896019123869,1,0
"6279",18,3,"46",-1.48376467882776,0.0433896019123869,1,0
"6280",19,3,"46",-1.48376467882776,0.0433896019123869,1,0
"6281",20,3,"46",-1.48376467882776,0.0433896019123869,1,0
"6282",21,3,"46",-1.48376467882776,0.0433896019123869,1,0
"6283",22,3,"46",-1.48376467882776,0.0433896019123869,1,0
"6284",23,3,"46",-1.48376467882776,0.0433896019123869,1,0
"6285",24,3,"46",-1.48376467882776,0.0433896019123869,1,0
"6286",25,3,"46",-1.48376467882776,0.0433896019123869,1,0
"6287",26,3,"46",-1.48376467882776,0.0433896019123869,1,0
"6288",27,3,"46",-1.48376467882776,0.0433896019123869,1,0
"6289",28,3,"46",-1.48376467882776,0.0433896019123869,1,0
"6290",29,3,"46",-1.48376467882776,0.0433896019123869,1,0
"6291",30,3,"46",-1.48376467882776,0.0433896019123869,1,0
"6292",1,1,"47",1.21519430957441,0.998261825354197,1,1
"6293",2,1,"47",1.21519430957441,0.998261825354197,1,1
"6294",3,1,"47",1.21519430957441,0.998261825354197,1,0
"6295",4,1,"47",1.21519430957441,0.998261825354197,1,0
"6296",5,1,"47",1.21519430957441,0.998261825354197,1,1
"6297",6,1,"47",1.21519430957441,0.998261825354197,1,0
"6298",7,1,"47",1.21519430957441,0.998261825354197,1,0
"6299",8,1,"47",1.21519430957441,0.998261825354197,1,0
"6300",9,1,"47",1.21519430957441,0.998261825354197,1,1
"6301",10,1,"47",1.21519430957441,0.998261825354197,1,1
"6302",11,1,"47",1.21519430957441,0.998261825354197,1,1
"6303",12,1,"47",1.21519430957441,0.998261825354197,1,0
"6304",13,1,"47",1.21519430957441,0.998261825354197,1,0
"6305",14,1,"47",1.21519430957441,0.998261825354197,1,1
"6306",15,1,"47",1.21519430957441,0.998261825354197,1,1
"6307",16,1,"47",1.21519430957441,0.998261825354197,1,1
"6308",17,1,"47",1.21519430957441,0.998261825354197,1,0
"6309",18,1,"47",1.21519430957441,0.998261825354197,1,1
"6310",19,1,"47",1.21519430957441,0.998261825354197,1,0
"6311",20,1,"47",1.21519430957441,0.998261825354197,1,1
"6312",21,1,"47",1.21519430957441,0.998261825354197,1,1
"6313",22,1,"47",1.21519430957441,0.998261825354197,1,0
"6314",23,1,"47",1.21519430957441,0.998261825354197,1,1
"6315",24,1,"47",1.21519430957441,0.998261825354197,1,0
"6316",25,1,"47",1.21519430957441,0.998261825354197,1,0
"6317",26,1,"47",1.21519430957441,0.998261825354197,1,0
"6318",27,1,"47",1.21519430957441,0.998261825354197,1,0
"6319",28,1,"47",1.21519430957441,0.998261825354197,1,1
"6320",29,1,"47",1.21519430957441,0.998261825354197,1,0
"6321",30,1,"47",1.21519430957441,0.998261825354197,1,1
"6322",1,2,"47",-0.30850025792389,0.735021117754253,1,1
"6323",2,2,"47",-0.30850025792389,0.735021117754253,1,1
"6324",3,2,"47",-0.30850025792389,0.735021117754253,1,0
"6325",4,2,"47",-0.30850025792389,0.735021117754253,1,0
"6326",5,2,"47",-0.30850025792389,0.735021117754253,1,1
"6327",6,2,"47",-0.30850025792389,0.735021117754253,1,0
"6328",7,2,"47",-0.30850025792389,0.735021117754253,1,0
"6329",8,2,"47",-0.30850025792389,0.735021117754253,1,0
"6330",9,2,"47",-0.30850025792389,0.735021117754253,1,1
"6331",10,2,"47",-0.30850025792389,0.735021117754253,1,1
"6332",11,2,"47",-0.30850025792389,0.735021117754253,1,1
"6333",12,2,"47",-0.30850025792389,0.735021117754253,1,0
"6334",13,2,"47",-0.30850025792389,0.735021117754253,1,0
"6335",14,2,"47",-0.30850025792389,0.735021117754253,1,1
"6336",15,2,"47",-0.30850025792389,0.735021117754253,1,1
"6337",16,2,"47",-0.30850025792389,0.735021117754253,1,1
"6338",17,2,"47",-0.30850025792389,0.735021117754253,1,0
"6339",18,2,"47",-0.30850025792389,0.735021117754253,1,1
"6340",19,2,"47",-0.30850025792389,0.735021117754253,1,0
"6341",20,2,"47",-0.30850025792389,0.735021117754253,1,1
"6342",21,2,"47",-0.30850025792389,0.735021117754253,1,1
"6343",22,2,"47",-0.30850025792389,0.735021117754253,1,0
"6344",23,2,"47",-0.30850025792389,0.735021117754253,1,1
"6345",24,2,"47",-0.30850025792389,0.735021117754253,1,0
"6346",25,2,"47",-0.30850025792389,0.735021117754253,1,0
"6347",26,2,"47",-0.30850025792389,0.735021117754253,1,0
"6348",27,2,"47",-0.30850025792389,0.735021117754253,1,0
"6349",28,2,"47",-0.30850025792389,0.735021117754253,1,1
"6350",29,2,"47",-0.30850025792389,0.735021117754253,1,0
"6351",30,2,"47",-0.30850025792389,0.735021117754253,1,1
"6352",1,3,"47",-0.320861829588537,0.72650928609903,1,1
"6353",2,3,"47",-0.320861829588537,0.72650928609903,1,1
"6354",3,3,"47",-0.320861829588537,0.72650928609903,1,0
"6355",4,3,"47",-0.320861829588537,0.72650928609903,1,0
"6356",5,3,"47",-0.320861829588537,0.72650928609903,1,1
"6357",6,3,"47",-0.320861829588537,0.72650928609903,1,0
"6358",7,3,"47",-0.320861829588537,0.72650928609903,1,0
"6359",8,3,"47",-0.320861829588537,0.72650928609903,1,0
"6360",9,3,"47",-0.320861829588537,0.72650928609903,1,1
"6361",10,3,"47",-0.320861829588537,0.72650928609903,1,1
"6362",11,3,"47",-0.320861829588537,0.72650928609903,1,1
"6363",12,3,"47",-0.320861829588537,0.72650928609903,1,0
"6364",13,3,"47",-0.320861829588537,0.72650928609903,1,0
"6365",14,3,"47",-0.320861829588537,0.72650928609903,1,1
"6366",15,3,"47",-0.320861829588537,0.72650928609903,1,1
"6367",16,3,"47",-0.320861829588537,0.72650928609903,1,1
"6368",17,3,"47",-0.320861829588537,0.72650928609903,1,0
"6369",18,3,"47",-0.320861829588537,0.72650928609903,1,1
"6370",19,3,"47",-0.320861829588537,0.72650928609903,1,0
"6371",20,3,"47",-0.320861829588537,0.72650928609903,1,1
"6372",21,3,"47",-0.320861829588537,0.72650928609903,1,1
"6373",22,3,"47",-0.320861829588537,0.72650928609903,1,0
"6374",23,3,"47",-0.320861829588537,0.72650928609903,1,1
"6375",24,3,"47",-0.320861829588537,0.72650928609903,1,0
"6376",25,3,"47",-0.320861829588537,0.72650928609903,1,0
"6377",26,3,"47",-0.320861829588537,0.72650928609903,1,0
"6378",27,3,"47",-0.320861829588537,0.72650928609903,1,0
"6379",28,3,"47",-0.320861829588537,0.72650928609903,1,1
"6380",29,3,"47",-0.320861829588537,0.72650928609903,1,0
"6381",30,3,"47",-0.320861829588537,0.72650928609903,1,1
"6382",1,4,"47",0.0299863776289491,0.900693350328764,2,1
"6383",2,4,"47",0.0299863776289491,0.900693350328764,2,1
"6384",5,4,"47",0.0299863776289491,0.900693350328764,2,0
"6385",9,4,"47",0.0299863776289491,0.900693350328764,2,1
"6386",10,4,"47",0.0299863776289491,0.900693350328764,2,0
"6387",11,4,"47",0.0299863776289491,0.900693350328764,2,1
"6388",14,4,"47",0.0299863776289491,0.900693350328764,2,1
"6389",15,4,"47",0.0299863776289491,0.900693350328764,2,0
"6390",16,4,"47",0.0299863776289491,0.900693350328764,2,1
"6391",18,4,"47",0.0299863776289491,0.900693350328764,2,1
"6392",20,4,"47",0.0299863776289491,0.900693350328764,2,1
"6393",21,4,"47",0.0299863776289491,0.900693350328764,2,0
"6394",23,4,"47",0.0299863776289491,0.900693350328764,2,0
"6395",28,4,"47",0.0299863776289491,0.900693350328764,2,1
"6396",30,4,"47",0.0299863776289491,0.900693350328764,2,1
"6397",1,5,"47",-0.530416687125269,0.560586234248863,2,1
"6398",2,5,"47",-0.530416687125269,0.560586234248863,2,1
"6399",5,5,"47",-0.530416687125269,0.560586234248863,2,0
"6400",9,5,"47",-0.530416687125269,0.560586234248863,2,1
"6401",10,5,"47",-0.530416687125269,0.560586234248863,2,0
"6402",11,5,"47",-0.530416687125269,0.560586234248863,2,1
"6403",14,5,"47",-0.530416687125269,0.560586234248863,2,1
"6404",15,5,"47",-0.530416687125269,0.560586234248863,2,0
"6405",16,5,"47",-0.530416687125269,0.560586234248863,2,1
"6406",18,5,"47",-0.530416687125269,0.560586234248863,2,1
"6407",20,5,"47",-0.530416687125269,0.560586234248863,2,1
"6408",21,5,"47",-0.530416687125269,0.560586234248863,2,0
"6409",23,5,"47",-0.530416687125269,0.560586234248863,2,0
"6410",28,5,"47",-0.530416687125269,0.560586234248863,2,1
"6411",30,5,"47",-0.530416687125269,0.560586234248863,2,1
"6412",1,6,"47",1.53989777541899,0.999441469260033,2,1
"6413",2,6,"47",1.53989777541899,0.999441469260033,2,1
"6414",5,6,"47",1.53989777541899,0.999441469260033,2,0
"6415",9,6,"47",1.53989777541899,0.999441469260033,2,1
"6416",10,6,"47",1.53989777541899,0.999441469260033,2,0
"6417",11,6,"47",1.53989777541899,0.999441469260033,2,1
"6418",14,6,"47",1.53989777541899,0.999441469260033,2,1
"6419",15,6,"47",1.53989777541899,0.999441469260033,2,0
"6420",16,6,"47",1.53989777541899,0.999441469260033,2,1
"6421",18,6,"47",1.53989777541899,0.999441469260033,2,1
"6422",20,6,"47",1.53989777541899,0.999441469260033,2,1
"6423",21,6,"47",1.53989777541899,0.999441469260033,2,0
"6424",23,6,"47",1.53989777541899,0.999441469260033,2,0
"6425",28,6,"47",1.53989777541899,0.999441469260033,2,1
"6426",30,6,"47",1.53989777541899,0.999441469260033,2,1
"6427",1,7,"47",0.014286881473594,0.895669158622911,3,1
"6428",2,7,"47",0.014286881473594,0.895669158622911,3,1
"6429",9,7,"47",0.014286881473594,0.895669158622911,3,1
"6430",11,7,"47",0.014286881473594,0.895669158622911,3,1
"6431",14,7,"47",0.014286881473594,0.895669158622911,3,1
"6432",16,7,"47",0.014286881473594,0.895669158622911,3,1
"6433",18,7,"47",0.014286881473594,0.895669158622911,3,1
"6434",20,7,"47",0.014286881473594,0.895669158622911,3,1
"6435",28,7,"47",0.014286881473594,0.895669158622911,3,1
"6436",30,7,"47",0.014286881473594,0.895669158622911,3,1
"6437",1,8,"47",0.86807619573057,0.994166379083739,3,1
"6438",2,8,"47",0.86807619573057,0.994166379083739,3,1
"6439",9,8,"47",0.86807619573057,0.994166379083739,3,1
"6440",11,8,"47",0.86807619573057,0.994166379083739,3,1
"6441",14,8,"47",0.86807619573057,0.994166379083739,3,1
"6442",16,8,"47",0.86807619573057,0.994166379083739,3,1
"6443",18,8,"47",0.86807619573057,0.994166379083739,3,1
"6444",20,8,"47",0.86807619573057,0.994166379083739,3,1
"6445",28,8,"47",0.86807619573057,0.994166379083739,3,1
"6446",30,8,"47",0.86807619573057,0.994166379083739,3,1
"6447",1,9,"47",0.419022093534948,0.972523878949893,3,1
"6448",2,9,"47",0.419022093534948,0.972523878949893,3,1
"6449",9,9,"47",0.419022093534948,0.972523878949893,3,1
"6450",11,9,"47",0.419022093534948,0.972523878949893,3,1
"6451",14,9,"47",0.419022093534948,0.972523878949893,3,1
"6452",16,9,"47",0.419022093534948,0.972523878949893,3,1
"6453",18,9,"47",0.419022093534948,0.972523878949893,3,1
"6454",20,9,"47",0.419022093534948,0.972523878949893,3,1
"6455",28,9,"47",0.419022093534948,0.972523878949893,3,1
"6456",30,9,"47",0.419022093534948,0.972523878949893,3,1
"6457",1,10,"47",1.368777364211,0.998983853185881,4,0
"6458",2,10,"47",1.368777364211,0.998983853185881,4,0
"6459",9,10,"47",1.368777364211,0.998983853185881,4,0
"6460",11,10,"47",1.368777364211,0.998983853185881,4,0
"6461",14,10,"47",1.368777364211,0.998983853185881,4,0
"6462",16,10,"47",1.368777364211,0.998983853185881,4,0
"6463",18,10,"47",1.368777364211,0.998983853185881,4,0
"6464",20,10,"47",1.368777364211,0.998983853185881,4,0
"6465",28,10,"47",1.368777364211,0.998983853185881,4,0
"6466",30,10,"47",1.368777364211,0.998983853185881,4,0
"6467",1,11,"47",-0.118798736245101,0.843460463722407,4,0
"6468",2,11,"47",-0.118798736245101,0.843460463722407,4,0
"6469",9,11,"47",-0.118798736245101,0.843460463722407,4,0
"6470",11,11,"47",-0.118798736245101,0.843460463722407,4,0
"6471",14,11,"47",-0.118798736245101,0.843460463722407,4,0
"6472",16,11,"47",-0.118798736245101,0.843460463722407,4,0
"6473",18,11,"47",-0.118798736245101,0.843460463722407,4,0
"6474",20,11,"47",-0.118798736245101,0.843460463722407,4,0
"6475",28,11,"47",-0.118798736245101,0.843460463722407,4,0
"6476",30,11,"47",-0.118798736245101,0.843460463722407,4,0
"6477",1,12,"47",-2.37941188562994,0.00196962292164812,4,0
"6478",2,12,"47",-2.37941188562994,0.00196962292164812,4,0
"6479",9,12,"47",-2.37941188562994,0.00196962292164812,4,0
"6480",11,12,"47",-2.37941188562994,0.00196962292164812,4,0
"6481",14,12,"47",-2.37941188562994,0.00196962292164812,4,0
"6482",16,12,"47",-2.37941188562994,0.00196962292164812,4,0
"6483",18,12,"47",-2.37941188562994,0.00196962292164812,4,0
"6484",20,12,"47",-2.37941188562994,0.00196962292164812,4,0
"6485",28,12,"47",-2.37941188562994,0.00196962292164812,4,0
"6486",30,12,"47",-2.37941188562994,0.00196962292164812,4,0
"6487",1,1,"48",-0.170521089850172,0.818047715253259,1,1
"6488",2,1,"48",-0.170521089850172,0.818047715253259,1,1
"6489",3,1,"48",-0.170521089850172,0.818047715253259,1,1
"6490",4,1,"48",-0.170521089850172,0.818047715253259,1,1
"6491",5,1,"48",-0.170521089850172,0.818047715253259,1,1
"6492",6,1,"48",-0.170521089850172,0.818047715253259,1,1
"6493",7,1,"48",-0.170521089850172,0.818047715253259,1,0
"6494",8,1,"48",-0.170521089850172,0.818047715253259,1,0
"6495",9,1,"48",-0.170521089850172,0.818047715253259,1,0
"6496",10,1,"48",-0.170521089850172,0.818047715253259,1,1
"6497",11,1,"48",-0.170521089850172,0.818047715253259,1,1
"6498",12,1,"48",-0.170521089850172,0.818047715253259,1,0
"6499",13,1,"48",-0.170521089850172,0.818047715253259,1,1
"6500",14,1,"48",-0.170521089850172,0.818047715253259,1,1
"6501",15,1,"48",-0.170521089850172,0.818047715253259,1,0
"6502",16,1,"48",-0.170521089850172,0.818047715253259,1,1
"6503",17,1,"48",-0.170521089850172,0.818047715253259,1,1
"6504",18,1,"48",-0.170521089850172,0.818047715253259,1,0
"6505",19,1,"48",-0.170521089850172,0.818047715253259,1,1
"6506",20,1,"48",-0.170521089850172,0.818047715253259,1,0
"6507",21,1,"48",-0.170521089850172,0.818047715253259,1,0
"6508",22,1,"48",-0.170521089850172,0.818047715253259,1,0
"6509",23,1,"48",-0.170521089850172,0.818047715253259,1,0
"6510",24,1,"48",-0.170521089850172,0.818047715253259,1,1
"6511",25,1,"48",-0.170521089850172,0.818047715253259,1,0
"6512",26,1,"48",-0.170521089850172,0.818047715253259,1,1
"6513",27,1,"48",-0.170521089850172,0.818047715253259,1,1
"6514",28,1,"48",-0.170521089850172,0.818047715253259,1,1
"6515",29,1,"48",-0.170521089850172,0.818047715253259,1,1
"6516",30,1,"48",-0.170521089850172,0.818047715253259,1,1
"6517",1,2,"48",1.02982688190077,0.996679765431646,1,1
"6518",2,2,"48",1.02982688190077,0.996679765431646,1,1
"6519",3,2,"48",1.02982688190077,0.996679765431646,1,1
"6520",4,2,"48",1.02982688190077,0.996679765431646,1,1
"6521",5,2,"48",1.02982688190077,0.996679765431646,1,1
"6522",6,2,"48",1.02982688190077,0.996679765431646,1,1
"6523",7,2,"48",1.02982688190077,0.996679765431646,1,0
"6524",8,2,"48",1.02982688190077,0.996679765431646,1,0
"6525",9,2,"48",1.02982688190077,0.996679765431646,1,0
"6526",10,2,"48",1.02982688190077,0.996679765431646,1,1
"6527",11,2,"48",1.02982688190077,0.996679765431646,1,1
"6528",12,2,"48",1.02982688190077,0.996679765431646,1,0
"6529",13,2,"48",1.02982688190077,0.996679765431646,1,1
"6530",14,2,"48",1.02982688190077,0.996679765431646,1,1
"6531",15,2,"48",1.02982688190077,0.996679765431646,1,0
"6532",16,2,"48",1.02982688190077,0.996679765431646,1,1
"6533",17,2,"48",1.02982688190077,0.996679765431646,1,1
"6534",18,2,"48",1.02982688190077,0.996679765431646,1,0
"6535",19,2,"48",1.02982688190077,0.996679765431646,1,1
"6536",20,2,"48",1.02982688190077,0.996679765431646,1,0
"6537",21,2,"48",1.02982688190077,0.996679765431646,1,0
"6538",22,2,"48",1.02982688190077,0.996679765431646,1,0
"6539",23,2,"48",1.02982688190077,0.996679765431646,1,0
"6540",24,2,"48",1.02982688190077,0.996679765431646,1,1
"6541",25,2,"48",1.02982688190077,0.996679765431646,1,0
"6542",26,2,"48",1.02982688190077,0.996679765431646,1,1
"6543",27,2,"48",1.02982688190077,0.996679765431646,1,1
"6544",28,2,"48",1.02982688190077,0.996679765431646,1,1
"6545",29,2,"48",1.02982688190077,0.996679765431646,1,1
"6546",30,2,"48",1.02982688190077,0.996679765431646,1,1
"6547",1,3,"48",-0.207689436256003,0.797878442687685,1,1
"6548",2,3,"48",-0.207689436256003,0.797878442687685,1,1
"6549",3,3,"48",-0.207689436256003,0.797878442687685,1,1
"6550",4,3,"48",-0.207689436256003,0.797878442687685,1,1
"6551",5,3,"48",-0.207689436256003,0.797878442687685,1,1
"6552",6,3,"48",-0.207689436256003,0.797878442687685,1,1
"6553",7,3,"48",-0.207689436256003,0.797878442687685,1,0
"6554",8,3,"48",-0.207689436256003,0.797878442687685,1,0
"6555",9,3,"48",-0.207689436256003,0.797878442687685,1,0
"6556",10,3,"48",-0.207689436256003,0.797878442687685,1,1
"6557",11,3,"48",-0.207689436256003,0.797878442687685,1,1
"6558",12,3,"48",-0.207689436256003,0.797878442687685,1,0
"6559",13,3,"48",-0.207689436256003,0.797878442687685,1,1
"6560",14,3,"48",-0.207689436256003,0.797878442687685,1,1
"6561",15,3,"48",-0.207689436256003,0.797878442687685,1,0
"6562",16,3,"48",-0.207689436256003,0.797878442687685,1,1
"6563",17,3,"48",-0.207689436256003,0.797878442687685,1,1
"6564",18,3,"48",-0.207689436256003,0.797878442687685,1,0
"6565",19,3,"48",-0.207689436256003,0.797878442687685,1,1
"6566",20,3,"48",-0.207689436256003,0.797878442687685,1,0
"6567",21,3,"48",-0.207689436256003,0.797878442687685,1,0
"6568",22,3,"48",-0.207689436256003,0.797878442687685,1,0
"6569",23,3,"48",-0.207689436256003,0.797878442687685,1,0
"6570",24,3,"48",-0.207689436256003,0.797878442687685,1,1
"6571",25,3,"48",-0.207689436256003,0.797878442687685,1,0
"6572",26,3,"48",-0.207689436256003,0.797878442687685,1,1
"6573",27,3,"48",-0.207689436256003,0.797878442687685,1,1
"6574",28,3,"48",-0.207689436256003,0.797878442687685,1,1
"6575",29,3,"48",-0.207689436256003,0.797878442687685,1,1
"6576",30,3,"48",-0.207689436256003,0.797878442687685,1,1
"6577",1,4,"48",-0.531932853107364,0.559278650510301,2,0
"6578",2,4,"48",-0.531932853107364,0.559278650510301,2,0
"6579",3,4,"48",-0.531932853107364,0.559278650510301,2,0
"6580",4,4,"48",-0.531932853107364,0.559278650510301,2,0
"6581",5,4,"48",-0.531932853107364,0.559278650510301,2,0
"6582",6,4,"48",-0.531932853107364,0.559278650510301,2,0
"6583",10,4,"48",-0.531932853107364,0.559278650510301,2,1
"6584",11,4,"48",-0.531932853107364,0.559278650510301,2,0
"6585",13,4,"48",-0.531932853107364,0.559278650510301,2,0
"6586",14,4,"48",-0.531932853107364,0.559278650510301,2,1
"6587",16,4,"48",-0.531932853107364,0.559278650510301,2,0
"6588",17,4,"48",-0.531932853107364,0.559278650510301,2,0
"6589",19,4,"48",-0.531932853107364,0.559278650510301,2,1
"6590",24,4,"48",-0.531932853107364,0.559278650510301,2,0
"6591",26,4,"48",-0.531932853107364,0.559278650510301,2,1
"6592",27,4,"48",-0.531932853107364,0.559278650510301,2,1
"6593",28,4,"48",-0.531932853107364,0.559278650510301,2,0
"6594",29,4,"48",-0.531932853107364,0.559278650510301,2,0
"6595",30,4,"48",-0.531932853107364,0.559278650510301,2,0
"6596",1,5,"48",0.114408599709839,0.924171966016254,2,0
"6597",2,5,"48",0.114408599709839,0.924171966016254,2,0
"6598",3,5,"48",0.114408599709839,0.924171966016254,2,0
"6599",4,5,"48",0.114408599709839,0.924171966016254,2,0
"6600",5,5,"48",0.114408599709839,0.924171966016254,2,0
"6601",6,5,"48",0.114408599709839,0.924171966016254,2,0
"6602",10,5,"48",0.114408599709839,0.924171966016254,2,1
"6603",11,5,"48",0.114408599709839,0.924171966016254,2,0
"6604",13,5,"48",0.114408599709839,0.924171966016254,2,0
"6605",14,5,"48",0.114408599709839,0.924171966016254,2,1
"6606",16,5,"48",0.114408599709839,0.924171966016254,2,0
"6607",17,5,"48",0.114408599709839,0.924171966016254,2,0
"6608",19,5,"48",0.114408599709839,0.924171966016254,2,1
"6609",24,5,"48",0.114408599709839,0.924171966016254,2,0
"6610",26,5,"48",0.114408599709839,0.924171966016254,2,1
"6611",27,5,"48",0.114408599709839,0.924171966016254,2,1
"6612",28,5,"48",0.114408599709839,0.924171966016254,2,0
"6613",29,5,"48",0.114408599709839,0.924171966016254,2,0
"6614",30,5,"48",0.114408599709839,0.924171966016254,2,0
"6615",1,6,"48",-0.555944953452754,0.538471972111555,2,0
"6616",2,6,"48",-0.555944953452754,0.538471972111555,2,0
"6617",3,6,"48",-0.555944953452754,0.538471972111555,2,0
"6618",4,6,"48",-0.555944953452754,0.538471972111555,2,0
"6619",5,6,"48",-0.555944953452754,0.538471972111555,2,0
"6620",6,6,"48",-0.555944953452754,0.538471972111555,2,0
"6621",10,6,"48",-0.555944953452754,0.538471972111555,2,1
"6622",11,6,"48",-0.555944953452754,0.538471972111555,2,0
"6623",13,6,"48",-0.555944953452754,0.538471972111555,2,0
"6624",14,6,"48",-0.555944953452754,0.538471972111555,2,1
"6625",16,6,"48",-0.555944953452754,0.538471972111555,2,0
"6626",17,6,"48",-0.555944953452754,0.538471972111555,2,0
"6627",19,6,"48",-0.555944953452754,0.538471972111555,2,1
"6628",24,6,"48",-0.555944953452754,0.538471972111555,2,0
"6629",26,6,"48",-0.555944953452754,0.538471972111555,2,1
"6630",27,6,"48",-0.555944953452754,0.538471972111555,2,1
"6631",28,6,"48",-0.555944953452754,0.538471972111555,2,0
"6632",29,6,"48",-0.555944953452754,0.538471972111555,2,0
"6633",30,6,"48",-0.555944953452754,0.538471972111555,2,0
"6634",10,7,"48",-0.243748261901359,0.776759494860163,3,0
"6635",14,7,"48",-0.243748261901359,0.776759494860163,3,1
"6636",19,7,"48",-0.243748261901359,0.776759494860163,3,1
"6637",26,7,"48",-0.243748261901359,0.776759494860163,3,0
"6638",27,7,"48",-0.243748261901359,0.776759494860163,3,1
"6639",10,8,"48",2.17725830363534,0.999939957871872,3,0
"6640",14,8,"48",2.17725830363534,0.999939957871872,3,1
"6641",19,8,"48",2.17725830363534,0.999939957871872,3,1
"6642",26,8,"48",2.17725830363534,0.999939957871872,3,0
"6643",27,8,"48",2.17725830363534,0.999939957871872,3,1
"6644",10,9,"48",0.553690227532119,0.982671388601339,3,0
"6645",14,9,"48",0.553690227532119,0.982671388601339,3,1
"6646",19,9,"48",0.553690227532119,0.982671388601339,3,1
"6647",26,9,"48",0.553690227532119,0.982671388601339,3,0
"6648",27,9,"48",0.553690227532119,0.982671388601339,3,1
"6649",14,10,"48",1.16804618807822,0.997950610122833,4,1
"6650",19,10,"48",1.16804618807822,0.997950610122833,4,1
"6651",27,10,"48",1.16804618807822,0.997950610122833,4,1
"6652",14,11,"48",0.112110158312911,0.923606292065281,4,1
"6653",19,11,"48",0.112110158312911,0.923606292065281,4,1
"6654",27,11,"48",0.112110158312911,0.923606292065281,4,1
"6655",14,12,"48",-0.33253315347978,0.718318074857434,4,1
"6656",19,12,"48",-0.33253315347978,0.718318074857434,4,1
"6657",27,12,"48",-0.33253315347978,0.718318074857434,4,1
"6658",14,13,"48",0.64779211757829,0.987473118402789,5,0
"6659",19,13,"48",0.64779211757829,0.987473118402789,5,0
"6660",27,13,"48",0.64779211757829,0.987473118402789,5,0
"6661",14,14,"48",-1.23932368051462,0.096421578673417,5,0
"6662",19,14,"48",-1.23932368051462,0.096421578673417,5,0
"6663",27,14,"48",-1.23932368051462,0.096421578673417,5,0
"6664",14,15,"48",1.36209590422802,0.998959835464032,5,0
"6665",19,15,"48",1.36209590422802,0.998959835464032,5,0
"6666",27,15,"48",1.36209590422802,0.998959835464032,5,0
"6667",1,1,"49",-0.494106526451523,0.591610513079103,1,0
"6668",2,1,"49",-0.494106526451523,0.591610513079103,1,0
"6669",3,1,"49",-0.494106526451523,0.591610513079103,1,1
"6670",4,1,"49",-0.494106526451523,0.591610513079103,1,0
"6671",5,1,"49",-0.494106526451523,0.591610513079103,1,0
"6672",6,1,"49",-0.494106526451523,0.591610513079103,1,0
"6673",7,1,"49",-0.494106526451523,0.591610513079103,1,0
"6674",8,1,"49",-0.494106526451523,0.591610513079103,1,0
"6675",9,1,"49",-0.494106526451523,0.591610513079103,1,0
"6676",10,1,"49",-0.494106526451523,0.591610513079103,1,0
"6677",11,1,"49",-0.494106526451523,0.591610513079103,1,1
"6678",12,1,"49",-0.494106526451523,0.591610513079103,1,0
"6679",13,1,"49",-0.494106526451523,0.591610513079103,1,0
"6680",14,1,"49",-0.494106526451523,0.591610513079103,1,0
"6681",15,1,"49",-0.494106526451523,0.591610513079103,1,0
"6682",16,1,"49",-0.494106526451523,0.591610513079103,1,1
"6683",17,1,"49",-0.494106526451523,0.591610513079103,1,1
"6684",18,1,"49",-0.494106526451523,0.591610513079103,1,1
"6685",19,1,"49",-0.494106526451523,0.591610513079103,1,1
"6686",20,1,"49",-0.494106526451523,0.591610513079103,1,1
"6687",21,1,"49",-0.494106526451523,0.591610513079103,1,1
"6688",22,1,"49",-0.494106526451523,0.591610513079103,1,1
"6689",23,1,"49",-0.494106526451523,0.591610513079103,1,0
"6690",24,1,"49",-0.494106526451523,0.591610513079103,1,0
"6691",25,1,"49",-0.494106526451523,0.591610513079103,1,0
"6692",26,1,"49",-0.494106526451523,0.591610513079103,1,0
"6693",27,1,"49",-0.494106526451523,0.591610513079103,1,0
"6694",28,1,"49",-0.494106526451523,0.591610513079103,1,0
"6695",29,1,"49",-0.494106526451523,0.591610513079103,1,1
"6696",30,1,"49",-0.494106526451523,0.591610513079103,1,1
"6697",1,2,"49",-0.437712855563951,0.638302713267682,1,0
"6698",2,2,"49",-0.437712855563951,0.638302713267682,1,0
"6699",3,2,"49",-0.437712855563951,0.638302713267682,1,1
"6700",4,2,"49",-0.437712855563951,0.638302713267682,1,0
"6701",5,2,"49",-0.437712855563951,0.638302713267682,1,0
"6702",6,2,"49",-0.437712855563951,0.638302713267682,1,0
"6703",7,2,"49",-0.437712855563951,0.638302713267682,1,0
"6704",8,2,"49",-0.437712855563951,0.638302713267682,1,0
"6705",9,2,"49",-0.437712855563951,0.638302713267682,1,0
"6706",10,2,"49",-0.437712855563951,0.638302713267682,1,0
"6707",11,2,"49",-0.437712855563951,0.638302713267682,1,1
"6708",12,2,"49",-0.437712855563951,0.638302713267682,1,0
"6709",13,2,"49",-0.437712855563951,0.638302713267682,1,0
"6710",14,2,"49",-0.437712855563951,0.638302713267682,1,0
"6711",15,2,"49",-0.437712855563951,0.638302713267682,1,0
"6712",16,2,"49",-0.437712855563951,0.638302713267682,1,1
"6713",17,2,"49",-0.437712855563951,0.638302713267682,1,1
"6714",18,2,"49",-0.437712855563951,0.638302713267682,1,1
"6715",19,2,"49",-0.437712855563951,0.638302713267682,1,1
"6716",20,2,"49",-0.437712855563951,0.638302713267682,1,1
"6717",21,2,"49",-0.437712855563951,0.638302713267682,1,1
"6718",22,2,"49",-0.437712855563951,0.638302713267682,1,1
"6719",23,2,"49",-0.437712855563951,0.638302713267682,1,0
"6720",24,2,"49",-0.437712855563951,0.638302713267682,1,0
"6721",25,2,"49",-0.437712855563951,0.638302713267682,1,0
"6722",26,2,"49",-0.437712855563951,0.638302713267682,1,0
"6723",27,2,"49",-0.437712855563951,0.638302713267682,1,0
"6724",28,2,"49",-0.437712855563951,0.638302713267682,1,0
"6725",29,2,"49",-0.437712855563951,0.638302713267682,1,1
"6726",30,2,"49",-0.437712855563951,0.638302713267682,1,1
"6727",1,3,"49",-0.298546915242113,0.741750315203256,1,0
"6728",2,3,"49",-0.298546915242113,0.741750315203256,1,0
"6729",3,3,"49",-0.298546915242113,0.741750315203256,1,1
"6730",4,3,"49",-0.298546915242113,0.741750315203256,1,0
"6731",5,3,"49",-0.298546915242113,0.741750315203256,1,0
"6732",6,3,"49",-0.298546915242113,0.741750315203256,1,0
"6733",7,3,"49",-0.298546915242113,0.741750315203256,1,0
"6734",8,3,"49",-0.298546915242113,0.741750315203256,1,0
"6735",9,3,"49",-0.298546915242113,0.741750315203256,1,0
"6736",10,3,"49",-0.298546915242113,0.741750315203256,1,0
"6737",11,3,"49",-0.298546915242113,0.741750315203256,1,1
"6738",12,3,"49",-0.298546915242113,0.741750315203256,1,0
"6739",13,3,"49",-0.298546915242113,0.741750315203256,1,0
"6740",14,3,"49",-0.298546915242113,0.741750315203256,1,0
"6741",15,3,"49",-0.298546915242113,0.741750315203256,1,0
"6742",16,3,"49",-0.298546915242113,0.741750315203256,1,1
"6743",17,3,"49",-0.298546915242113,0.741750315203256,1,1
"6744",18,3,"49",-0.298546915242113,0.741750315203256,1,1
"6745",19,3,"49",-0.298546915242113,0.741750315203256,1,1
"6746",20,3,"49",-0.298546915242113,0.741750315203256,1,1
"6747",21,3,"49",-0.298546915242113,0.741750315203256,1,1
"6748",22,3,"49",-0.298546915242113,0.741750315203256,1,1
"6749",23,3,"49",-0.298546915242113,0.741750315203256,1,0
"6750",24,3,"49",-0.298546915242113,0.741750315203256,1,0
"6751",25,3,"49",-0.298546915242113,0.741750315203256,1,0
"6752",26,3,"49",-0.298546915242113,0.741750315203256,1,0
"6753",27,3,"49",-0.298546915242113,0.741750315203256,1,0
"6754",28,3,"49",-0.298546915242113,0.741750315203256,1,0
"6755",29,3,"49",-0.298546915242113,0.741750315203256,1,1
"6756",30,3,"49",-0.298546915242113,0.741750315203256,1,1
"6757",3,4,"49",2.27745419222926,0.999957717275366,2,0
"6758",11,4,"49",2.27745419222926,0.999957717275366,2,0
"6759",16,4,"49",2.27745419222926,0.999957717275366,2,0
"6760",17,4,"49",2.27745419222926,0.999957717275366,2,0
"6761",18,4,"49",2.27745419222926,0.999957717275366,2,0
"6762",19,4,"49",2.27745419222926,0.999957717275366,2,0
"6763",20,4,"49",2.27745419222926,0.999957717275366,2,0
"6764",21,4,"49",2.27745419222926,0.999957717275366,2,0
"6765",22,4,"49",2.27745419222926,0.999957717275366,2,0
"6766",29,4,"49",2.27745419222926,0.999957717275366,2,0
"6767",30,4,"49",2.27745419222926,0.999957717275366,2,0
"6768",3,5,"49",0.0458017395767298,0.905535817326539,2,0
"6769",11,5,"49",0.0458017395767298,0.905535817326539,2,0
"6770",16,5,"49",0.0458017395767298,0.905535817326539,2,0
"6771",17,5,"49",0.0458017395767298,0.905535817326539,2,0
"6772",18,5,"49",0.0458017395767298,0.905535817326539,2,0
"6773",19,5,"49",0.0458017395767298,0.905535817326539,2,0
"6774",20,5,"49",0.0458017395767298,0.905535817326539,2,0
"6775",21,5,"49",0.0458017395767298,0.905535817326539,2,0
"6776",22,5,"49",0.0458017395767298,0.905535817326539,2,0
"6777",29,5,"49",0.0458017395767298,0.905535817326539,2,0
"6778",30,5,"49",0.0458017395767298,0.905535817326539,2,0
"6779",3,6,"49",-1.49270618242256,0.0421090346787262,2,0
"6780",11,6,"49",-1.49270618242256,0.0421090346787262,2,0
"6781",16,6,"49",-1.49270618242256,0.0421090346787262,2,0
"6782",17,6,"49",-1.49270618242256,0.0421090346787262,2,0
"6783",18,6,"49",-1.49270618242256,0.0421090346787262,2,0
"6784",19,6,"49",-1.49270618242256,0.0421090346787262,2,0
"6785",20,6,"49",-1.49270618242256,0.0421090346787262,2,0
"6786",21,6,"49",-1.49270618242256,0.0421090346787262,2,0
"6787",22,6,"49",-1.49270618242256,0.0421090346787262,2,0
"6788",29,6,"49",-1.49270618242256,0.0421090346787262,2,0
"6789",30,6,"49",-1.49270618242256,0.0421090346787262,2,0
"6790",1,1,"50",1.3861922140701,0.999043882098434,1,0
"6791",2,1,"50",1.3861922140701,0.999043882098434,1,0
"6792",3,1,"50",1.3861922140701,0.999043882098434,1,0
"6793",4,1,"50",1.3861922140701,0.999043882098434,1,0
"6794",5,1,"50",1.3861922140701,0.999043882098434,1,0
"6795",6,1,"50",1.3861922140701,0.999043882098434,1,0
"6796",7,1,"50",1.3861922140701,0.999043882098434,1,0
"6797",8,1,"50",1.3861922140701,0.999043882098434,1,0
"6798",9,1,"50",1.3861922140701,0.999043882098434,1,0
"6799",10,1,"50",1.3861922140701,0.999043882098434,1,1
"6800",11,1,"50",1.3861922140701,0.999043882098434,1,1
"6801",12,1,"50",1.3861922140701,0.999043882098434,1,0
"6802",13,1,"50",1.3861922140701,0.999043882098434,1,1
"6803",14,1,"50",1.3861922140701,0.999043882098434,1,1
"6804",15,1,"50",1.3861922140701,0.999043882098434,1,1
"6805",16,1,"50",1.3861922140701,0.999043882098434,1,0
"6806",17,1,"50",1.3861922140701,0.999043882098434,1,0
"6807",18,1,"50",1.3861922140701,0.999043882098434,1,0
"6808",19,1,"50",1.3861922140701,0.999043882098434,1,1
"6809",20,1,"50",1.3861922140701,0.999043882098434,1,0
"6810",21,1,"50",1.3861922140701,0.999043882098434,1,0
"6811",22,1,"50",1.3861922140701,0.999043882098434,1,0
"6812",23,1,"50",1.3861922140701,0.999043882098434,1,0
"6813",24,1,"50",1.3861922140701,0.999043882098434,1,0
"6814",25,1,"50",1.3861922140701,0.999043882098434,1,1
"6815",26,1,"50",1.3861922140701,0.999043882098434,1,0
"6816",27,1,"50",1.3861922140701,0.999043882098434,1,0
"6817",28,1,"50",1.3861922140701,0.999043882098434,1,0
"6818",29,1,"50",1.3861922140701,0.999043882098434,1,0
"6819",30,1,"50",1.3861922140701,0.999043882098434,1,1
"6820",1,2,"50",-0.184057270703961,0.810889386452832,1,0
"6821",2,2,"50",-0.184057270703961,0.810889386452832,1,0
"6822",3,2,"50",-0.184057270703961,0.810889386452832,1,0
"6823",4,2,"50",-0.184057270703961,0.810889386452832,1,0
"6824",5,2,"50",-0.184057270703961,0.810889386452832,1,0
"6825",6,2,"50",-0.184057270703961,0.810889386452832,1,0
"6826",7,2,"50",-0.184057270703961,0.810889386452832,1,0
"6827",8,2,"50",-0.184057270703961,0.810889386452832,1,0
"6828",9,2,"50",-0.184057270703961,0.810889386452832,1,0
"6829",10,2,"50",-0.184057270703961,0.810889386452832,1,1
"6830",11,2,"50",-0.184057270703961,0.810889386452832,1,1
"6831",12,2,"50",-0.184057270703961,0.810889386452832,1,0
"6832",13,2,"50",-0.184057270703961,0.810889386452832,1,1
"6833",14,2,"50",-0.184057270703961,0.810889386452832,1,1
"6834",15,2,"50",-0.184057270703961,0.810889386452832,1,1
"6835",16,2,"50",-0.184057270703961,0.810889386452832,1,0
"6836",17,2,"50",-0.184057270703961,0.810889386452832,1,0
"6837",18,2,"50",-0.184057270703961,0.810889386452832,1,0
"6838",19,2,"50",-0.184057270703961,0.810889386452832,1,1
"6839",20,2,"50",-0.184057270703961,0.810889386452832,1,0
"6840",21,2,"50",-0.184057270703961,0.810889386452832,1,0
"6841",22,2,"50",-0.184057270703961,0.810889386452832,1,0
"6842",23,2,"50",-0.184057270703961,0.810889386452832,1,0
"6843",24,2,"50",-0.184057270703961,0.810889386452832,1,0
"6844",25,2,"50",-0.184057270703961,0.810889386452832,1,1
"6845",26,2,"50",-0.184057270703961,0.810889386452832,1,0
"6846",27,2,"50",-0.184057270703961,0.810889386452832,1,0
"6847",28,2,"50",-0.184057270703961,0.810889386452832,1,0
"6848",29,2,"50",-0.184057270703961,0.810889386452832,1,0
"6849",30,2,"50",-0.184057270703961,0.810889386452832,1,1
"6850",1,3,"50",-0.656091114123328,0.451077302227354,1,0
"6851",2,3,"50",-0.656091114123328,0.451077302227354,1,0
"6852",3,3,"50",-0.656091114123328,0.451077302227354,1,0
"6853",4,3,"50",-0.656091114123328,0.451077302227354,1,0
"6854",5,3,"50",-0.656091114123328,0.451077302227354,1,0
"6855",6,3,"50",-0.656091114123328,0.451077302227354,1,0
"6856",7,3,"50",-0.656091114123328,0.451077302227354,1,0
"6857",8,3,"50",-0.656091114123328,0.451077302227354,1,0
"6858",9,3,"50",-0.656091114123328,0.451077302227354,1,0
"6859",10,3,"50",-0.656091114123328,0.451077302227354,1,1
"6860",11,3,"50",-0.656091114123328,0.451077302227354,1,1
"6861",12,3,"50",-0.656091114123328,0.451077302227354,1,0
"6862",13,3,"50",-0.656091114123328,0.451077302227354,1,1
"6863",14,3,"50",-0.656091114123328,0.451077302227354,1,1
"6864",15,3,"50",-0.656091114123328,0.451077302227354,1,1
"6865",16,3,"50",-0.656091114123328,0.451077302227354,1,0
"6866",17,3,"50",-0.656091114123328,0.451077302227354,1,0
"6867",18,3,"50",-0.656091114123328,0.451077302227354,1,0
"6868",19,3,"50",-0.656091114123328,0.451077302227354,1,1
"6869",20,3,"50",-0.656091114123328,0.451077302227354,1,0
"6870",21,3,"50",-0.656091114123328,0.451077302227354,1,0
"6871",22,3,"50",-0.656091114123328,0.451077302227354,1,0
"6872",23,3,"50",-0.656091114123328,0.451077302227354,1,0
"6873",24,3,"50",-0.656091114123328,0.451077302227354,1,0
"6874",25,3,"50",-0.656091114123328,0.451077302227354,1,1
"6875",26,3,"50",-0.656091114123328,0.451077302227354,1,0
"6876",27,3,"50",-0.656091114123328,0.451077302227354,1,0
"6877",28,3,"50",-0.656091114123328,0.451077302227354,1,0
"6878",29,3,"50",-0.656091114123328,0.451077302227354,1,0
"6879",30,3,"50",-0.656091114123328,0.451077302227354,1,1
"6880",10,4,"50",-2.12918920049984,0.00471555382822184,2,0
"6881",11,4,"50",-2.12918920049984,0.00471555382822184,2,0
"6882",13,4,"50",-2.12918920049984,0.00471555382822184,2,0
"6883",14,4,"50",-2.12918920049984,0.00471555382822184,2,0
"6884",15,4,"50",-2.12918920049984,0.00471555382822184,2,0
"6885",19,4,"50",-2.12918920049984,0.00471555382822184,2,0
"6886",25,4,"50",-2.12918920049984,0.00471555382822184,2,0
"6887",30,4,"50",-2.12918920049984,0.00471555382822184,2,0
"6888",10,5,"50",-0.620589248318116,0.481992199900309,2,0
"6889",11,5,"50",-0.620589248318116,0.481992199900309,2,0
"6890",13,5,"50",-0.620589248318116,0.481992199900309,2,0
"6891",14,5,"50",-0.620589248318116,0.481992199900309,2,0
"6892",15,5,"50",-0.620589248318116,0.481992199900309,2,0
"6893",19,5,"50",-0.620589248318116,0.481992199900309,2,0
"6894",25,5,"50",-0.620589248318116,0.481992199900309,2,0
"6895",30,5,"50",-0.620589248318116,0.481992199900309,2,0
"6896",10,6,"50",-0.835428105353177,0.304915576962525,2,0
"6897",11,6,"50",-0.835428105353177,0.304915576962525,2,0
"6898",13,6,"50",-0.835428105353177,0.304915576962525,2,0
"6899",14,6,"50",-0.835428105353177,0.304915576962525,2,0
"6900",15,6,"50",-0.835428105353177,0.304915576962525,2,0
"6901",19,6,"50",-0.835428105353177,0.304915576962525,2,0
"6902",25,6,"50",-0.835428105353177,0.304915576962525,2,0
"6903",30,6,"50",-0.835428105353177,0.304915576962525,2,0
"6904",1,1,"51",1.21407650215517,0.998255023618139,1,1
"6905",2,1,"51",1.21407650215517,0.998255023618139,1,0
"6906",3,1,"51",1.21407650215517,0.998255023618139,1,1
"6907",4,1,"51",1.21407650215517,0.998255023618139,1,0
"6908",5,1,"51",1.21407650215517,0.998255023618139,1,0
"6909",6,1,"51",1.21407650215517,0.998255023618139,1,1
"6910",7,1,"51",1.21407650215517,0.998255023618139,1,0
"6911",8,1,"51",1.21407650215517,0.998255023618139,1,0
"6912",9,1,"51",1.21407650215517,0.998255023618139,1,0
"6913",10,1,"51",1.21407650215517,0.998255023618139,1,0
"6914",11,1,"51",1.21407650215517,0.998255023618139,1,0
"6915",12,1,"51",1.21407650215517,0.998255023618139,1,0
"6916",13,1,"51",1.21407650215517,0.998255023618139,1,1
"6917",14,1,"51",1.21407650215517,0.998255023618139,1,0
"6918",15,1,"51",1.21407650215517,0.998255023618139,1,1
"6919",16,1,"51",1.21407650215517,0.998255023618139,1,0
"6920",17,1,"51",1.21407650215517,0.998255023618139,1,0
"6921",18,1,"51",1.21407650215517,0.998255023618139,1,0
"6922",19,1,"51",1.21407650215517,0.998255023618139,1,0
"6923",20,1,"51",1.21407650215517,0.998255023618139,1,0
"6924",21,1,"51",1.21407650215517,0.998255023618139,1,0
"6925",22,1,"51",1.21407650215517,0.998255023618139,1,0
"6926",23,1,"51",1.21407650215517,0.998255023618139,1,0
"6927",24,1,"51",1.21407650215517,0.998255023618139,1,0
"6928",25,1,"51",1.21407650215517,0.998255023618139,1,0
"6929",26,1,"51",1.21407650215517,0.998255023618139,1,0
"6930",27,1,"51",1.21407650215517,0.998255023618139,1,0
"6931",28,1,"51",1.21407650215517,0.998255023618139,1,0
"6932",29,1,"51",1.21407650215517,0.998255023618139,1,0
"6933",30,1,"51",1.21407650215517,0.998255023618139,1,0
"6934",1,2,"51",-0.706012556975911,0.408288790689222,1,1
"6935",2,2,"51",-0.706012556975911,0.408288790689222,1,0
"6936",3,2,"51",-0.706012556975911,0.408288790689222,1,1
"6937",4,2,"51",-0.706012556975911,0.408288790689222,1,0
"6938",5,2,"51",-0.706012556975911,0.408288790689222,1,0
"6939",6,2,"51",-0.706012556975911,0.408288790689222,1,1
"6940",7,2,"51",-0.706012556975911,0.408288790689222,1,0
"6941",8,2,"51",-0.706012556975911,0.408288790689222,1,0
"6942",9,2,"51",-0.706012556975911,0.408288790689222,1,0
"6943",10,2,"51",-0.706012556975911,0.408288790689222,1,0
"6944",11,2,"51",-0.706012556975911,0.408288790689222,1,0
"6945",12,2,"51",-0.706012556975911,0.408288790689222,1,0
"6946",13,2,"51",-0.706012556975911,0.408288790689222,1,1
"6947",14,2,"51",-0.706012556975911,0.408288790689222,1,0
"6948",15,2,"51",-0.706012556975911,0.408288790689222,1,1
"6949",16,2,"51",-0.706012556975911,0.408288790689222,1,0
"6950",17,2,"51",-0.706012556975911,0.408288790689222,1,0
"6951",18,2,"51",-0.706012556975911,0.408288790689222,1,0
"6952",19,2,"51",-0.706012556975911,0.408288790689222,1,0
"6953",20,2,"51",-0.706012556975911,0.408288790689222,1,0
"6954",21,2,"51",-0.706012556975911,0.408288790689222,1,0
"6955",22,2,"51",-0.706012556975911,0.408288790689222,1,0
"6956",23,2,"51",-0.706012556975911,0.408288790689222,1,0
"6957",24,2,"51",-0.706012556975911,0.408288790689222,1,0
"6958",25,2,"51",-0.706012556975911,0.408288790689222,1,0
"6959",26,2,"51",-0.706012556975911,0.408288790689222,1,0
"6960",27,2,"51",-0.706012556975911,0.408288790689222,1,0
"6961",28,2,"51",-0.706012556975911,0.408288790689222,1,0
"6962",29,2,"51",-0.706012556975911,0.408288790689222,1,0
"6963",30,2,"51",-0.706012556975911,0.408288790689222,1,0
"6964",1,3,"51",-0.604565518942321,0.49600525592612,1,1
"6965",2,3,"51",-0.604565518942321,0.49600525592612,1,0
"6966",3,3,"51",-0.604565518942321,0.49600525592612,1,1
"6967",4,3,"51",-0.604565518942321,0.49600525592612,1,0
"6968",5,3,"51",-0.604565518942321,0.49600525592612,1,0
"6969",6,3,"51",-0.604565518942321,0.49600525592612,1,1
"6970",7,3,"51",-0.604565518942321,0.49600525592612,1,0
"6971",8,3,"51",-0.604565518942321,0.49600525592612,1,0
"6972",9,3,"51",-0.604565518942321,0.49600525592612,1,0
"6973",10,3,"51",-0.604565518942321,0.49600525592612,1,0
"6974",11,3,"51",-0.604565518942321,0.49600525592612,1,0
"6975",12,3,"51",-0.604565518942321,0.49600525592612,1,0
"6976",13,3,"51",-0.604565518942321,0.49600525592612,1,1
"6977",14,3,"51",-0.604565518942321,0.49600525592612,1,0
"6978",15,3,"51",-0.604565518942321,0.49600525592612,1,1
"6979",16,3,"51",-0.604565518942321,0.49600525592612,1,0
"6980",17,3,"51",-0.604565518942321,0.49600525592612,1,0
"6981",18,3,"51",-0.604565518942321,0.49600525592612,1,0
"6982",19,3,"51",-0.604565518942321,0.49600525592612,1,0
"6983",20,3,"51",-0.604565518942321,0.49600525592612,1,0
"6984",21,3,"51",-0.604565518942321,0.49600525592612,1,0
"6985",22,3,"51",-0.604565518942321,0.49600525592612,1,0
"6986",23,3,"51",-0.604565518942321,0.49600525592612,1,0
"6987",24,3,"51",-0.604565518942321,0.49600525592612,1,0
"6988",25,3,"51",-0.604565518942321,0.49600525592612,1,0
"6989",26,3,"51",-0.604565518942321,0.49600525592612,1,0
"6990",27,3,"51",-0.604565518942321,0.49600525592612,1,0
"6991",28,3,"51",-0.604565518942321,0.49600525592612,1,0
"6992",29,3,"51",-0.604565518942321,0.49600525592612,1,0
"6993",30,3,"51",-0.604565518942321,0.49600525592612,1,0
"6994",1,4,"51",-0.218174846554323,0.791895327915645,2,0
"6995",3,4,"51",-0.218174846554323,0.791895327915645,2,0
"6996",6,4,"51",-0.218174846554323,0.791895327915645,2,0
"6997",13,4,"51",-0.218174846554323,0.791895327915645,2,0
"6998",15,4,"51",-0.218174846554323,0.791895327915645,2,0
"6999",1,5,"51",-1.2375272223652,0.0969707745191769,2,0
"7000",3,5,"51",-1.2375272223652,0.0969707745191769,2,0
"7001",6,5,"51",-1.2375272223652,0.0969707745191769,2,0
"7002",13,5,"51",-1.2375272223652,0.0969707745191769,2,0
"7003",15,5,"51",-1.2375272223652,0.0969707745191769,2,0
"7004",1,6,"51",-0.384863592548759,0.679827119006995,2,0
"7005",3,6,"51",-0.384863592548759,0.679827119006995,2,0
"7006",6,6,"51",-0.384863592548759,0.679827119006995,2,0
"7007",13,6,"51",-0.384863592548759,0.679827119006995,2,0
"7008",15,6,"51",-0.384863592548759,0.679827119006995,2,0
"7009",1,1,"52",0.496337953532863,0.97890054498172,1,0
"7010",2,1,"52",0.496337953532863,0.97890054498172,1,0
"7011",3,1,"52",0.496337953532863,0.97890054498172,1,0
"7012",4,1,"52",0.496337953532863,0.97890054498172,1,0
"7013",5,1,"52",0.496337953532863,0.97890054498172,1,0
"7014",6,1,"52",0.496337953532863,0.97890054498172,1,0
"7015",7,1,"52",0.496337953532863,0.97890054498172,1,0
"7016",8,1,"52",0.496337953532863,0.97890054498172,1,0
"7017",9,1,"52",0.496337953532863,0.97890054498172,1,0
"7018",10,1,"52",0.496337953532863,0.97890054498172,1,0
"7019",11,1,"52",0.496337953532863,0.97890054498172,1,0
"7020",12,1,"52",0.496337953532863,0.97890054498172,1,0
"7021",13,1,"52",0.496337953532863,0.97890054498172,1,1
"7022",14,1,"52",0.496337953532863,0.97890054498172,1,0
"7023",15,1,"52",0.496337953532863,0.97890054498172,1,0
"7024",16,1,"52",0.496337953532863,0.97890054498172,1,1
"7025",17,1,"52",0.496337953532863,0.97890054498172,1,0
"7026",18,1,"52",0.496337953532863,0.97890054498172,1,0
"7027",19,1,"52",0.496337953532863,0.97890054498172,1,0
"7028",20,1,"52",0.496337953532863,0.97890054498172,1,0
"7029",21,1,"52",0.496337953532863,0.97890054498172,1,1
"7030",22,1,"52",0.496337953532863,0.97890054498172,1,0
"7031",23,1,"52",0.496337953532863,0.97890054498172,1,0
"7032",24,1,"52",0.496337953532863,0.97890054498172,1,0
"7033",25,1,"52",0.496337953532863,0.97890054498172,1,0
"7034",26,1,"52",0.496337953532863,0.97890054498172,1,0
"7035",27,1,"52",0.496337953532863,0.97890054498172,1,0
"7036",28,1,"52",0.496337953532863,0.97890054498172,1,0
"7037",29,1,"52",0.496337953532863,0.97890054498172,1,0
"7038",30,1,"52",0.496337953532863,0.97890054498172,1,0
"7039",1,2,"52",0.598347593730523,0.985141549540536,1,0
"7040",2,2,"52",0.598347593730523,0.985141549540536,1,0
"7041",3,2,"52",0.598347593730523,0.985141549540536,1,0
"7042",4,2,"52",0.598347593730523,0.985141549540536,1,0
"7043",5,2,"52",0.598347593730523,0.985141549540536,1,0
"7044",6,2,"52",0.598347593730523,0.985141549540536,1,0
"7045",7,2,"52",0.598347593730523,0.985141549540536,1,0
"7046",8,2,"52",0.598347593730523,0.985141549540536,1,0
"7047",9,2,"52",0.598347593730523,0.985141549540536,1,0
"7048",10,2,"52",0.598347593730523,0.985141549540536,1,0
"7049",11,2,"52",0.598347593730523,0.985141549540536,1,0
"7050",12,2,"52",0.598347593730523,0.985141549540536,1,0
"7051",13,2,"52",0.598347593730523,0.985141549540536,1,1
"7052",14,2,"52",0.598347593730523,0.985141549540536,1,0
"7053",15,2,"52",0.598347593730523,0.985141549540536,1,0
"7054",16,2,"52",0.598347593730523,0.985141549540536,1,1
"7055",17,2,"52",0.598347593730523,0.985141549540536,1,0
"7056",18,2,"52",0.598347593730523,0.985141549540536,1,0
"7057",19,2,"52",0.598347593730523,0.985141549540536,1,0
"7058",20,2,"52",0.598347593730523,0.985141549540536,1,0
"7059",21,2,"52",0.598347593730523,0.985141549540536,1,1
"7060",22,2,"52",0.598347593730523,0.985141549540536,1,0
"7061",23,2,"52",0.598347593730523,0.985141549540536,1,0
"7062",24,2,"52",0.598347593730523,0.985141549540536,1,0
"7063",25,2,"52",0.598347593730523,0.985141549540536,1,0
"7064",26,2,"52",0.598347593730523,0.985141549540536,1,0
"7065",27,2,"52",0.598347593730523,0.985141549540536,1,0
"7066",28,2,"52",0.598347593730523,0.985141549540536,1,0
"7067",29,2,"52",0.598347593730523,0.985141549540536,1,0
"7068",30,2,"52",0.598347593730523,0.985141549540536,1,0
"7069",1,3,"52",-1.07524728197121,0.159310737520444,1,0
"7070",2,3,"52",-1.07524728197121,0.159310737520444,1,0
"7071",3,3,"52",-1.07524728197121,0.159310737520444,1,0
"7072",4,3,"52",-1.07524728197121,0.159310737520444,1,0
"7073",5,3,"52",-1.07524728197121,0.159310737520444,1,0
"7074",6,3,"52",-1.07524728197121,0.159310737520444,1,0
"7075",7,3,"52",-1.07524728197121,0.159310737520444,1,0
"7076",8,3,"52",-1.07524728197121,0.159310737520444,1,0
"7077",9,3,"52",-1.07524728197121,0.159310737520444,1,0
"7078",10,3,"52",-1.07524728197121,0.159310737520444,1,0
"7079",11,3,"52",-1.07524728197121,0.159310737520444,1,0
"7080",12,3,"52",-1.07524728197121,0.159310737520444,1,0
"7081",13,3,"52",-1.07524728197121,0.159310737520444,1,1
"7082",14,3,"52",-1.07524728197121,0.159310737520444,1,0
"7083",15,3,"52",-1.07524728197121,0.159310737520444,1,0
"7084",16,3,"52",-1.07524728197121,0.159310737520444,1,1
"7085",17,3,"52",-1.07524728197121,0.159310737520444,1,0
"7086",18,3,"52",-1.07524728197121,0.159310737520444,1,0
"7087",19,3,"52",-1.07524728197121,0.159310737520444,1,0
"7088",20,3,"52",-1.07524728197121,0.159310737520444,1,0
"7089",21,3,"52",-1.07524728197121,0.159310737520444,1,1
"7090",22,3,"52",-1.07524728197121,0.159310737520444,1,0
"7091",23,3,"52",-1.07524728197121,0.159310737520444,1,0
"7092",24,3,"52",-1.07524728197121,0.159310737520444,1,0
"7093",25,3,"52",-1.07524728197121,0.159310737520444,1,0
"7094",26,3,"52",-1.07524728197121,0.159310737520444,1,0
"7095",27,3,"52",-1.07524728197121,0.159310737520444,1,0
"7096",28,3,"52",-1.07524728197121,0.159310737520444,1,0
"7097",29,3,"52",-1.07524728197121,0.159310737520444,1,0
"7098",30,3,"52",-1.07524728197121,0.159310737520444,1,0
"7099",13,4,"52",-0.0763808343335613,0.862079145473276,2,0
"7100",16,4,"52",-0.0763808343335613,0.862079145473276,2,1
"7101",21,4,"52",-0.0763808343335613,0.862079145473276,2,1
"7102",13,5,"52",0.148228345734889,0.932061708624682,2,0
"7103",16,5,"52",0.148228345734889,0.932061708624682,2,1
"7104",21,5,"52",0.148228345734889,0.932061708624682,2,1
"7105",13,6,"52",-0.415014938729286,0.656435080693547,2,0
"7106",16,6,"52",-0.415014938729286,0.656435080693547,2,1
"7107",21,6,"52",-0.415014938729286,0.656435080693547,2,1
"7108",16,7,"52",0.120508863667552,0.925654714333647,3,0
"7109",21,7,"52",0.120508863667552,0.925654714333647,3,1
"7110",16,8,"52",-0.769276749914118,0.356068637848864,3,0
"7111",21,8,"52",-0.769276749914118,0.356068637848864,3,1
"7112",16,9,"52",-1.28599812554027,0.0830969731368229,3,0
"7113",21,9,"52",-1.28599812554027,0.0830969731368229,3,1
"7114",21,10,"52",0.453496298560991,0.975570643837128,4,1
"7115",21,11,"52",1.35020802721886,0.998915691683803,4,1
"7116",21,12,"52",0.0955473683474838,0.919414312355534,4,1
"7117",21,13,"52",-0.164155329872154,0.821340550406568,5,0
"7118",21,14,"52",-0.397189156670667,0.670365352059138,5,0
"7119",21,15,"52",1.37102218393102,0.998991797619034,5,0
"7120",1,1,"53",0.88515465707922,0.994503003683381,1,0
"7121",2,1,"53",0.88515465707922,0.994503003683381,1,0
"7122",3,1,"53",0.88515465707922,0.994503003683381,1,1
"7123",4,1,"53",0.88515465707922,0.994503003683381,1,1
"7124",5,1,"53",0.88515465707922,0.994503003683381,1,1
"7125",6,1,"53",0.88515465707922,0.994503003683381,1,0
"7126",7,1,"53",0.88515465707922,0.994503003683381,1,1
"7127",8,1,"53",0.88515465707922,0.994503003683381,1,1
"7128",9,1,"53",0.88515465707922,0.994503003683381,1,0
"7129",10,1,"53",0.88515465707922,0.994503003683381,1,0
"7130",11,1,"53",0.88515465707922,0.994503003683381,1,1
"7131",12,1,"53",0.88515465707922,0.994503003683381,1,0
"7132",13,1,"53",0.88515465707922,0.994503003683381,1,1
"7133",14,1,"53",0.88515465707922,0.994503003683381,1,1
"7134",15,1,"53",0.88515465707922,0.994503003683381,1,1
"7135",16,1,"53",0.88515465707922,0.994503003683381,1,0
"7136",17,1,"53",0.88515465707922,0.994503003683381,1,1
"7137",18,1,"53",0.88515465707922,0.994503003683381,1,1
"7138",19,1,"53",0.88515465707922,0.994503003683381,1,1
"7139",20,1,"53",0.88515465707922,0.994503003683381,1,0
"7140",21,1,"53",0.88515465707922,0.994503003683381,1,1
"7141",22,1,"53",0.88515465707922,0.994503003683381,1,0
"7142",23,1,"53",0.88515465707922,0.994503003683381,1,0
"7143",24,1,"53",0.88515465707922,0.994503003683381,1,0
"7144",25,1,"53",0.88515465707922,0.994503003683381,1,0
"7145",26,1,"53",0.88515465707922,0.994503003683381,1,0
"7146",27,1,"53",0.88515465707922,0.994503003683381,1,0
"7147",28,1,"53",0.88515465707922,0.994503003683381,1,1
"7148",29,1,"53",0.88515465707922,0.994503003683381,1,1
"7149",30,1,"53",0.88515465707922,0.994503003683381,1,1
"7150",1,2,"53",0.81644725324743,0.993019053804952,1,0
"7151",2,2,"53",0.81644725324743,0.993019053804952,1,0
"7152",3,2,"53",0.81644725324743,0.993019053804952,1,1
"7153",4,2,"53",0.81644725324743,0.993019053804952,1,1
"7154",5,2,"53",0.81644725324743,0.993019053804952,1,1
"7155",6,2,"53",0.81644725324743,0.993019053804952,1,0
"7156",7,2,"53",0.81644725324743,0.993019053804952,1,1
"7157",8,2,"53",0.81644725324743,0.993019053804952,1,1
"7158",9,2,"53",0.81644725324743,0.993019053804952,1,0
"7159",10,2,"53",0.81644725324743,0.993019053804952,1,0
"7160",11,2,"53",0.81644725324743,0.993019053804952,1,1
"7161",12,2,"53",0.81644725324743,0.993019053804952,1,0
"7162",13,2,"53",0.81644725324743,0.993019053804952,1,1
"7163",14,2,"53",0.81644725324743,0.993019053804952,1,1
"7164",15,2,"53",0.81644725324743,0.993019053804952,1,1
"7165",16,2,"53",0.81644725324743,0.993019053804952,1,0
"7166",17,2,"53",0.81644725324743,0.993019053804952,1,1
"7167",18,2,"53",0.81644725324743,0.993019053804952,1,1
"7168",19,2,"53",0.81644725324743,0.993019053804952,1,1
"7169",20,2,"53",0.81644725324743,0.993019053804952,1,0
"7170",21,2,"53",0.81644725324743,0.993019053804952,1,1
"7171",22,2,"53",0.81644725324743,0.993019053804952,1,0
"7172",23,2,"53",0.81644725324743,0.993019053804952,1,0
"7173",24,2,"53",0.81644725324743,0.993019053804952,1,0
"7174",25,2,"53",0.81644725324743,0.993019053804952,1,0
"7175",26,2,"53",0.81644725324743,0.993019053804952,1,0
"7176",27,2,"53",0.81644725324743,0.993019053804952,1,0
"7177",28,2,"53",0.81644725324743,0.993019053804952,1,1
"7178",29,2,"53",0.81644725324743,0.993019053804952,1,1
"7179",30,2,"53",0.81644725324743,0.993019053804952,1,1
"7180",1,3,"53",-0.406858640979697,0.662844183130871,1,0
"7181",2,3,"53",-0.406858640979697,0.662844183130871,1,0
"7182",3,3,"53",-0.406858640979697,0.662844183130871,1,1
"7183",4,3,"53",-0.406858640979697,0.662844183130871,1,1
"7184",5,3,"53",-0.406858640979697,0.662844183130871,1,1
"7185",6,3,"53",-0.406858640979697,0.662844183130871,1,0
"7186",7,3,"53",-0.406858640979697,0.662844183130871,1,1
"7187",8,3,"53",-0.406858640979697,0.662844183130871,1,1
"7188",9,3,"53",-0.406858640979697,0.662844183130871,1,0
"7189",10,3,"53",-0.406858640979697,0.662844183130871,1,0
"7190",11,3,"53",-0.406858640979697,0.662844183130871,1,1
"7191",12,3,"53",-0.406858640979697,0.662844183130871,1,0
"7192",13,3,"53",-0.406858640979697,0.662844183130871,1,1
"7193",14,3,"53",-0.406858640979697,0.662844183130871,1,1
"7194",15,3,"53",-0.406858640979697,0.662844183130871,1,1
"7195",16,3,"53",-0.406858640979697,0.662844183130871,1,0
"7196",17,3,"53",-0.406858640979697,0.662844183130871,1,1
"7197",18,3,"53",-0.406858640979697,0.662844183130871,1,1
"7198",19,3,"53",-0.406858640979697,0.662844183130871,1,1
"7199",20,3,"53",-0.406858640979697,0.662844183130871,1,0
"7200",21,3,"53",-0.406858640979697,0.662844183130871,1,1
"7201",22,3,"53",-0.406858640979697,0.662844183130871,1,0
"7202",23,3,"53",-0.406858640979697,0.662844183130871,1,0
"7203",24,3,"53",-0.406858640979697,0.662844183130871,1,0
"7204",25,3,"53",-0.406858640979697,0.662844183130871,1,0
"7205",26,3,"53",-0.406858640979697,0.662844183130871,1,0
"7206",27,3,"53",-0.406858640979697,0.662844183130871,1,0
"7207",28,3,"53",-0.406858640979697,0.662844183130871,1,1
"7208",29,3,"53",-0.406858640979697,0.662844183130871,1,1
"7209",30,3,"53",-0.406858640979697,0.662844183130871,1,1
"7210",3,4,"53",-0.6076127880377,0.493339204527852,2,1
"7211",4,4,"53",-0.6076127880377,0.493339204527852,2,0
"7212",5,4,"53",-0.6076127880377,0.493339204527852,2,0
"7213",7,4,"53",-0.6076127880377,0.493339204527852,2,0
"7214",8,4,"53",-0.6076127880377,0.493339204527852,2,1
"7215",11,4,"53",-0.6076127880377,0.493339204527852,2,1
"7216",13,4,"53",-0.6076127880377,0.493339204527852,2,0
"7217",14,4,"53",-0.6076127880377,0.493339204527852,2,0
"7218",15,4,"53",-0.6076127880377,0.493339204527852,2,1
"7219",17,4,"53",-0.6076127880377,0.493339204527852,2,0
"7220",18,4,"53",-0.6076127880377,0.493339204527852,2,0
"7221",19,4,"53",-0.6076127880377,0.493339204527852,2,0
"7222",21,4,"53",-0.6076127880377,0.493339204527852,2,1
"7223",28,4,"53",-0.6076127880377,0.493339204527852,2,0
"7224",29,4,"53",-0.6076127880377,0.493339204527852,2,0
"7225",30,4,"53",-0.6076127880377,0.493339204527852,2,0
"7226",3,5,"53",-0.388897164031142,0.676746503131134,2,1
"7227",4,5,"53",-0.388897164031142,0.676746503131134,2,0
"7228",5,5,"53",-0.388897164031142,0.676746503131134,2,0
"7229",7,5,"53",-0.388897164031142,0.676746503131134,2,0
"7230",8,5,"53",-0.388897164031142,0.676746503131134,2,1
"7231",11,5,"53",-0.388897164031142,0.676746503131134,2,1
"7232",13,5,"53",-0.388897164031142,0.676746503131134,2,0
"7233",14,5,"53",-0.388897164031142,0.676746503131134,2,0
"7234",15,5,"53",-0.388897164031142,0.676746503131134,2,1
"7235",17,5,"53",-0.388897164031142,0.676746503131134,2,0
"7236",18,5,"53",-0.388897164031142,0.676746503131134,2,0
"7237",19,5,"53",-0.388897164031142,0.676746503131134,2,0
"7238",21,5,"53",-0.388897164031142,0.676746503131134,2,1
"7239",28,5,"53",-0.388897164031142,0.676746503131134,2,0
"7240",29,5,"53",-0.388897164031142,0.676746503131134,2,0
"7241",30,5,"53",-0.388897164031142,0.676746503131134,2,0
"7242",3,6,"53",1.00856104420838,0.996424126998584,2,1
"7243",4,6,"53",1.00856104420838,0.996424126998584,2,0
"7244",5,6,"53",1.00856104420838,0.996424126998584,2,0
"7245",7,6,"53",1.00856104420838,0.996424126998584,2,0
"7246",8,6,"53",1.00856104420838,0.996424126998584,2,1
"7247",11,6,"53",1.00856104420838,0.996424126998584,2,1
"7248",13,6,"53",1.00856104420838,0.996424126998584,2,0
"7249",14,6,"53",1.00856104420838,0.996424126998584,2,0
"7250",15,6,"53",1.00856104420838,0.996424126998584,2,1
"7251",17,6,"53",1.00856104420838,0.996424126998584,2,0
"7252",18,6,"53",1.00856104420838,0.996424126998584,2,0
"7253",19,6,"53",1.00856104420838,0.996424126998584,2,0
"7254",21,6,"53",1.00856104420838,0.996424126998584,2,1
"7255",28,6,"53",1.00856104420838,0.996424126998584,2,0
"7256",29,6,"53",1.00856104420838,0.996424126998584,2,0
"7257",30,6,"53",1.00856104420838,0.996424126998584,2,0
"7258",3,7,"53",-0.0537872458656073,0.871215022173967,3,1
"7259",8,7,"53",-0.0537872458656073,0.871215022173967,3,1
"7260",11,7,"53",-0.0537872458656073,0.871215022173967,3,1
"7261",15,7,"53",-0.0537872458656073,0.871215022173967,3,1
"7262",21,7,"53",-0.0537872458656073,0.871215022173967,3,1
"7263",3,8,"53",0.149062922878073,0.932246442162989,3,1
"7264",8,8,"53",0.149062922878073,0.932246442162989,3,1
"7265",11,8,"53",0.149062922878073,0.932246442162989,3,1
"7266",15,8,"53",0.149062922878073,0.932246442162989,3,1
"7267",21,8,"53",0.149062922878073,0.932246442162989,3,1
"7268",3,9,"53",1.54114567624288,0.999443902055177,3,1
"7269",8,9,"53",1.54114567624288,0.999443902055177,3,1
"7270",11,9,"53",1.54114567624288,0.999443902055177,3,1
"7271",15,9,"53",1.54114567624288,0.999443902055177,3,1
"7272",21,9,"53",1.54114567624288,0.999443902055177,3,1
"7273",3,10,"53",0.768376392469817,0.991750486930458,4,1
"7274",8,10,"53",0.768376392469817,0.991750486930458,4,1
"7275",11,10,"53",0.768376392469817,0.991750486930458,4,1
"7276",15,10,"53",0.768376392469817,0.991750486930458,4,1
"7277",21,10,"53",0.768376392469817,0.991750486930458,4,1
"7278",3,11,"53",1.12094877365557,0.997584235297892,4,1
"7279",8,11,"53",1.12094877365557,0.997584235297892,4,1
"7280",11,11,"53",1.12094877365557,0.997584235297892,4,1
"7281",15,11,"53",1.12094877365557,0.997584235297892,4,1
"7282",21,11,"53",1.12094877365557,0.997584235297892,4,1
"7283",3,12,"53",1.63139072762932,0.999594452753171,4,1
"7284",8,12,"53",1.63139072762932,0.999594452753171,4,1
"7285",11,12,"53",1.63139072762932,0.999594452753171,4,1
"7286",15,12,"53",1.63139072762932,0.999594452753171,4,1
"7287",21,12,"53",1.63139072762932,0.999594452753171,4,1
"7288",3,13,"53",-0.430418615507877,0.644175791785498,5,0
"7289",8,13,"53",-0.430418615507877,0.644175791785498,5,1
"7290",11,13,"53",-0.430418615507877,0.644175791785498,5,1
"7291",15,13,"53",-0.430418615507877,0.644175791785498,5,0
"7292",21,13,"53",-0.430418615507877,0.644175791785498,5,0
"7293",3,14,"53",-0.216859968282525,0.792652717681032,5,0
"7294",8,14,"53",-0.216859968282525,0.792652717681032,5,1
"7295",11,14,"53",-0.216859968282525,0.792652717681032,5,1
"7296",15,14,"53",-0.216859968282525,0.792652717681032,5,0
"7297",21,14,"53",-0.216859968282525,0.792652717681032,5,0
"7298",3,15,"53",0.0563232015931807,0.908639167817199,5,0
"7299",8,15,"53",0.0563232015931807,0.908639167817199,5,1
"7300",11,15,"53",0.0563232015931807,0.908639167817199,5,1
"7301",15,15,"53",0.0563232015931807,0.908639167817199,5,0
"7302",21,15,"53",0.0563232015931807,0.908639167817199,5,0
"7303",8,16,"53",0.349802026412681,0.965253338301102,6,1
"7304",11,16,"53",0.349802026412681,0.965253338301102,6,0
"7305",8,17,"53",-0.621874905759965,0.480868801764287,6,1
"7306",11,17,"53",-0.621874905759965,0.480868801764287,6,0
"7307",8,18,"53",0.116900000636925,0.924780784925282,6,1
"7308",11,18,"53",0.116900000636925,0.924780784925282,6,0
"7309",8,19,"53",-0.831849422513018,0.307576701697586,7,0
"7310",8,20,"53",0.245229678158448,0.950654488512474,7,0
"7311",8,21,"53",-1.07377370560859,0.16000270239571,7,0
"7312",1,1,"54",0.398796935824929,0.970567723655303,1,1
"7313",2,1,"54",0.398796935824929,0.970567723655303,1,1
"7314",3,1,"54",0.398796935824929,0.970567723655303,1,0
"7315",4,1,"54",0.398796935824929,0.970567723655303,1,1
"7316",5,1,"54",0.398796935824929,0.970567723655303,1,1
"7317",6,1,"54",0.398796935824929,0.970567723655303,1,1
"7318",7,1,"54",0.398796935824929,0.970567723655303,1,1
"7319",8,1,"54",0.398796935824929,0.970567723655303,1,1
"7320",9,1,"54",0.398796935824929,0.970567723655303,1,1
"7321",10,1,"54",0.398796935824929,0.970567723655303,1,1
"7322",11,1,"54",0.398796935824929,0.970567723655303,1,1
"7323",12,1,"54",0.398796935824929,0.970567723655303,1,1
"7324",13,1,"54",0.398796935824929,0.970567723655303,1,1
"7325",14,1,"54",0.398796935824929,0.970567723655303,1,1
"7326",15,1,"54",0.398796935824929,0.970567723655303,1,1
"7327",16,1,"54",0.398796935824929,0.970567723655303,1,1
"7328",17,1,"54",0.398796935824929,0.970567723655303,1,1
"7329",18,1,"54",0.398796935824929,0.970567723655303,1,1
"7330",19,1,"54",0.398796935824929,0.970567723655303,1,1
"7331",20,1,"54",0.398796935824929,0.970567723655303,1,1
"7332",21,1,"54",0.398796935824929,0.970567723655303,1,1
"7333",22,1,"54",0.398796935824929,0.970567723655303,1,1
"7334",23,1,"54",0.398796935824929,0.970567723655303,1,1
"7335",24,1,"54",0.398796935824929,0.970567723655303,1,1
"7336",25,1,"54",0.398796935824929,0.970567723655303,1,1
"7337",26,1,"54",0.398796935824929,0.970567723655303,1,1
"7338",27,1,"54",0.398796935824929,0.970567723655303,1,1
"7339",28,1,"54",0.398796935824929,0.970567723655303,1,1
"7340",29,1,"54",0.398796935824929,0.970567723655303,1,1
"7341",30,1,"54",0.398796935824929,0.970567723655303,1,1
"7342",1,2,"54",1.13106924521962,0.997668111837758,1,1
"7343",2,2,"54",1.13106924521962,0.997668111837758,1,1
"7344",3,2,"54",1.13106924521962,0.997668111837758,1,0
"7345",4,2,"54",1.13106924521962,0.997668111837758,1,1
"7346",5,2,"54",1.13106924521962,0.997668111837758,1,1
"7347",6,2,"54",1.13106924521962,0.997668111837758,1,1
"7348",7,2,"54",1.13106924521962,0.997668111837758,1,1
"7349",8,2,"54",1.13106924521962,0.997668111837758,1,1
"7350",9,2,"54",1.13106924521962,0.997668111837758,1,1
"7351",10,2,"54",1.13106924521962,0.997668111837758,1,1
"7352",11,2,"54",1.13106924521962,0.997668111837758,1,1
"7353",12,2,"54",1.13106924521962,0.997668111837758,1,1
"7354",13,2,"54",1.13106924521962,0.997668111837758,1,1
"7355",14,2,"54",1.13106924521962,0.997668111837758,1,1
"7356",15,2,"54",1.13106924521962,0.997668111837758,1,1
"7357",16,2,"54",1.13106924521962,0.997668111837758,1,1
"7358",17,2,"54",1.13106924521962,0.997668111837758,1,1
"7359",18,2,"54",1.13106924521962,0.997668111837758,1,1
"7360",19,2,"54",1.13106924521962,0.997668111837758,1,1
"7361",20,2,"54",1.13106924521962,0.997668111837758,1,1
"7362",21,2,"54",1.13106924521962,0.997668111837758,1,1
"7363",22,2,"54",1.13106924521962,0.997668111837758,1,1
"7364",23,2,"54",1.13106924521962,0.997668111837758,1,1
"7365",24,2,"54",1.13106924521962,0.997668111837758,1,1
"7366",25,2,"54",1.13106924521962,0.997668111837758,1,1
"7367",26,2,"54",1.13106924521962,0.997668111837758,1,1
"7368",27,2,"54",1.13106924521962,0.997668111837758,1,1
"7369",28,2,"54",1.13106924521962,0.997668111837758,1,1
"7370",29,2,"54",1.13106924521962,0.997668111837758,1,1
"7371",30,2,"54",1.13106924521962,0.997668111837758,1,1
"7372",1,3,"54",0.840303158416824,0.993574668902524,1,1
"7373",2,3,"54",0.840303158416824,0.993574668902524,1,1
"7374",3,3,"54",0.840303158416824,0.993574668902524,1,0
"7375",4,3,"54",0.840303158416824,0.993574668902524,1,1
"7376",5,3,"54",0.840303158416824,0.993574668902524,1,1
"7377",6,3,"54",0.840303158416824,0.993574668902524,1,1
"7378",7,3,"54",0.840303158416824,0.993574668902524,1,1
"7379",8,3,"54",0.840303158416824,0.993574668902524,1,1
"7380",9,3,"54",0.840303158416824,0.993574668902524,1,1
"7381",10,3,"54",0.840303158416824,0.993574668902524,1,1
"7382",11,3,"54",0.840303158416824,0.993574668902524,1,1
"7383",12,3,"54",0.840303158416824,0.993574668902524,1,1
"7384",13,3,"54",0.840303158416824,0.993574668902524,1,1
"7385",14,3,"54",0.840303158416824,0.993574668902524,1,1
"7386",15,3,"54",0.840303158416824,0.993574668902524,1,1
"7387",16,3,"54",0.840303158416824,0.993574668902524,1,1
"7388",17,3,"54",0.840303158416824,0.993574668902524,1,1
"7389",18,3,"54",0.840303158416824,0.993574668902524,1,1
"7390",19,3,"54",0.840303158416824,0.993574668902524,1,1
"7391",20,3,"54",0.840303158416824,0.993574668902524,1,1
"7392",21,3,"54",0.840303158416824,0.993574668902524,1,1
"7393",22,3,"54",0.840303158416824,0.993574668902524,1,1
"7394",23,3,"54",0.840303158416824,0.993574668902524,1,1
"7395",24,3,"54",0.840303158416824,0.993574668902524,1,1
"7396",25,3,"54",0.840303158416824,0.993574668902524,1,1
"7397",26,3,"54",0.840303158416824,0.993574668902524,1,1
"7398",27,3,"54",0.840303158416824,0.993574668902524,1,1
"7399",28,3,"54",0.840303158416824,0.993574668902524,1,1
"7400",29,3,"54",0.840303158416824,0.993574668902524,1,1
"7401",30,3,"54",0.840303158416824,0.993574668902524,1,1
"7402",1,4,"54",-1.40402065787866,0.0565684554053719,2,0
"7403",2,4,"54",-1.40402065787866,0.0565684554053719,2,0
"7404",4,4,"54",-1.40402065787866,0.0565684554053719,2,0
"7405",5,4,"54",-1.40402065787866,0.0565684554053719,2,0
"7406",6,4,"54",-1.40402065787866,0.0565684554053719,2,0
"7407",7,4,"54",-1.40402065787866,0.0565684554053719,2,0
"7408",8,4,"54",-1.40402065787866,0.0565684554053719,2,0
"7409",9,4,"54",-1.40402065787866,0.0565684554053719,2,0
"7410",10,4,"54",-1.40402065787866,0.0565684554053719,2,1
"7411",11,4,"54",-1.40402065787866,0.0565684554053719,2,0
"7412",12,4,"54",-1.40402065787866,0.0565684554053719,2,0
"7413",13,4,"54",-1.40402065787866,0.0565684554053719,2,0
"7414",14,4,"54",-1.40402065787866,0.0565684554053719,2,1
"7415",15,4,"54",-1.40402065787866,0.0565684554053719,2,0
"7416",16,4,"54",-1.40402065787866,0.0565684554053719,2,0
"7417",17,4,"54",-1.40402065787866,0.0565684554053719,2,0
"7418",18,4,"54",-1.40402065787866,0.0565684554053719,2,0
"7419",19,4,"54",-1.40402065787866,0.0565684554053719,2,0
"7420",20,4,"54",-1.40402065787866,0.0565684554053719,2,0
"7421",21,4,"54",-1.40402065787866,0.0565684554053719,2,0
"7422",22,4,"54",-1.40402065787866,0.0565684554053719,2,0
"7423",23,4,"54",-1.40402065787866,0.0565684554053719,2,0
"7424",24,4,"54",-1.40402065787866,0.0565684554053719,2,0
"7425",25,4,"54",-1.40402065787866,0.0565684554053719,2,0
"7426",26,4,"54",-1.40402065787866,0.0565684554053719,2,0
"7427",27,4,"54",-1.40402065787866,0.0565684554053719,2,0
"7428",28,4,"54",-1.40402065787866,0.0565684554053719,2,0
"7429",29,4,"54",-1.40402065787866,0.0565684554053719,2,0
"7430",30,4,"54",-1.40402065787866,0.0565684554053719,2,0
"7431",1,5,"54",0.0314071223094046,0.901137238947554,2,0
"7432",2,5,"54",0.0314071223094046,0.901137238947554,2,0
"7433",4,5,"54",0.0314071223094046,0.901137238947554,2,0
"7434",5,5,"54",0.0314071223094046,0.901137238947554,2,0
"7435",6,5,"54",0.0314071223094046,0.901137238947554,2,0
"7436",7,5,"54",0.0314071223094046,0.901137238947554,2,0
"7437",8,5,"54",0.0314071223094046,0.901137238947554,2,0
"7438",9,5,"54",0.0314071223094046,0.901137238947554,2,0
"7439",10,5,"54",0.0314071223094046,0.901137238947554,2,1
"7440",11,5,"54",0.0314071223094046,0.901137238947554,2,0
"7441",12,5,"54",0.0314071223094046,0.901137238947554,2,0
"7442",13,5,"54",0.0314071223094046,0.901137238947554,2,0
"7443",14,5,"54",0.0314071223094046,0.901137238947554,2,1
"7444",15,5,"54",0.0314071223094046,0.901137238947554,2,0
"7445",16,5,"54",0.0314071223094046,0.901137238947554,2,0
"7446",17,5,"54",0.0314071223094046,0.901137238947554,2,0
"7447",18,5,"54",0.0314071223094046,0.901137238947554,2,0
"7448",19,5,"54",0.0314071223094046,0.901137238947554,2,0
"7449",20,5,"54",0.0314071223094046,0.901137238947554,2,0
"7450",21,5,"54",0.0314071223094046,0.901137238947554,2,0
"7451",22,5,"54",0.0314071223094046,0.901137238947554,2,0
"7452",23,5,"54",0.0314071223094046,0.901137238947554,2,0
"7453",24,5,"54",0.0314071223094046,0.901137238947554,2,0
"7454",25,5,"54",0.0314071223094046,0.901137238947554,2,0
"7455",26,5,"54",0.0314071223094046,0.901137238947554,2,0
"7456",27,5,"54",0.0314071223094046,0.901137238947554,2,0
"7457",28,5,"54",0.0314071223094046,0.901137238947554,2,0
"7458",29,5,"54",0.0314071223094046,0.901137238947554,2,0
"7459",30,5,"54",0.0314071223094046,0.901137238947554,2,0
"7460",1,6,"54",-0.0840039096975363,0.858876084230128,2,0
"7461",2,6,"54",-0.0840039096975363,0.858876084230128,2,0
"7462",4,6,"54",-0.0840039096975363,0.858876084230128,2,0
"7463",5,6,"54",-0.0840039096975363,0.858876084230128,2,0
"7464",6,6,"54",-0.0840039096975363,0.858876084230128,2,0
"7465",7,6,"54",-0.0840039096975363,0.858876084230128,2,0
"7466",8,6,"54",-0.0840039096975363,0.858876084230128,2,0
"7467",9,6,"54",-0.0840039096975363,0.858876084230128,2,0
"7468",10,6,"54",-0.0840039096975363,0.858876084230128,2,1
"7469",11,6,"54",-0.0840039096975363,0.858876084230128,2,0
"7470",12,6,"54",-0.0840039096975363,0.858876084230128,2,0
"7471",13,6,"54",-0.0840039096975363,0.858876084230128,2,0
"7472",14,6,"54",-0.0840039096975363,0.858876084230128,2,1
"7473",15,6,"54",-0.0840039096975363,0.858876084230128,2,0
"7474",16,6,"54",-0.0840039096975363,0.858876084230128,2,0
"7475",17,6,"54",-0.0840039096975363,0.858876084230128,2,0
"7476",18,6,"54",-0.0840039096975363,0.858876084230128,2,0
"7477",19,6,"54",-0.0840039096975363,0.858876084230128,2,0
"7478",20,6,"54",-0.0840039096975363,0.858876084230128,2,0
"7479",21,6,"54",-0.0840039096975363,0.858876084230128,2,0
"7480",22,6,"54",-0.0840039096975363,0.858876084230128,2,0
"7481",23,6,"54",-0.0840039096975363,0.858876084230128,2,0
"7482",24,6,"54",-0.0840039096975363,0.858876084230128,2,0
"7483",25,6,"54",-0.0840039096975363,0.858876084230128,2,0
"7484",26,6,"54",-0.0840039096975363,0.858876084230128,2,0
"7485",27,6,"54",-0.0840039096975363,0.858876084230128,2,0
"7486",28,6,"54",-0.0840039096975363,0.858876084230128,2,0
"7487",29,6,"54",-0.0840039096975363,0.858876084230128,2,0
"7488",30,6,"54",-0.0840039096975363,0.858876084230128,2,0
"7489",10,7,"54",0.798574731799309,0.992571768864104,3,0
"7490",14,7,"54",0.798574731799309,0.992571768864104,3,0
"7491",10,8,"54",0.284097154397645,0.956658672589357,3,0
"7492",14,8,"54",0.284097154397645,0.956658672589357,3,0
"7493",10,9,"54",-1.3839849356675,0.0604293969378357,3,0
"7494",14,9,"54",-1.3839849356675,0.0604293969378357,3,0
"7495",1,1,"55",-0.5622122420835,0.533016175748022,1,0
"7496",2,1,"55",-0.5622122420835,0.533016175748022,1,0
"7497",3,1,"55",-0.5622122420835,0.533016175748022,1,1
"7498",4,1,"55",-0.5622122420835,0.533016175748022,1,0
"7499",5,1,"55",-0.5622122420835,0.533016175748022,1,0
"7500",6,1,"55",-0.5622122420835,0.533016175748022,1,0
"7501",7,1,"55",-0.5622122420835,0.533016175748022,1,0
"7502",8,1,"55",-0.5622122420835,0.533016175748022,1,0
"7503",9,1,"55",-0.5622122420835,0.533016175748022,1,0
"7504",10,1,"55",-0.5622122420835,0.533016175748022,1,1
"7505",11,1,"55",-0.5622122420835,0.533016175748022,1,0
"7506",12,1,"55",-0.5622122420835,0.533016175748022,1,0
"7507",13,1,"55",-0.5622122420835,0.533016175748022,1,0
"7508",14,1,"55",-0.5622122420835,0.533016175748022,1,0
"7509",15,1,"55",-0.5622122420835,0.533016175748022,1,0
"7510",16,1,"55",-0.5622122420835,0.533016175748022,1,0
"7511",17,1,"55",-0.5622122420835,0.533016175748022,1,0
"7512",18,1,"55",-0.5622122420835,0.533016175748022,1,0
"7513",19,1,"55",-0.5622122420835,0.533016175748022,1,0
"7514",20,1,"55",-0.5622122420835,0.533016175748022,1,0
"7515",21,1,"55",-0.5622122420835,0.533016175748022,1,0
"7516",22,1,"55",-0.5622122420835,0.533016175748022,1,0
"7517",23,1,"55",-0.5622122420835,0.533016175748022,1,0
"7518",24,1,"55",-0.5622122420835,0.533016175748022,1,0
"7519",25,1,"55",-0.5622122420835,0.533016175748022,1,0
"7520",26,1,"55",-0.5622122420835,0.533016175748022,1,0
"7521",27,1,"55",-0.5622122420835,0.533016175748022,1,1
"7522",28,1,"55",-0.5622122420835,0.533016175748022,1,0
"7523",29,1,"55",-0.5622122420835,0.533016175748022,1,0
"7524",30,1,"55",-0.5622122420835,0.533016175748022,1,0
"7525",1,2,"55",-1.18356792426422,0.114813657483437,1,0
"7526",2,2,"55",-1.18356792426422,0.114813657483437,1,0
"7527",3,2,"55",-1.18356792426422,0.114813657483437,1,1
"7528",4,2,"55",-1.18356792426422,0.114813657483437,1,0
"7529",5,2,"55",-1.18356792426422,0.114813657483437,1,0
"7530",6,2,"55",-1.18356792426422,0.114813657483437,1,0
"7531",7,2,"55",-1.18356792426422,0.114813657483437,1,0
"7532",8,2,"55",-1.18356792426422,0.114813657483437,1,0
"7533",9,2,"55",-1.18356792426422,0.114813657483437,1,0
"7534",10,2,"55",-1.18356792426422,0.114813657483437,1,1
"7535",11,2,"55",-1.18356792426422,0.114813657483437,1,0
"7536",12,2,"55",-1.18356792426422,0.114813657483437,1,0
"7537",13,2,"55",-1.18356792426422,0.114813657483437,1,0
"7538",14,2,"55",-1.18356792426422,0.114813657483437,1,0
"7539",15,2,"55",-1.18356792426422,0.114813657483437,1,0
"7540",16,2,"55",-1.18356792426422,0.114813657483437,1,0
"7541",17,2,"55",-1.18356792426422,0.114813657483437,1,0
"7542",18,2,"55",-1.18356792426422,0.114813657483437,1,0
"7543",19,2,"55",-1.18356792426422,0.114813657483437,1,0
"7544",20,2,"55",-1.18356792426422,0.114813657483437,1,0
"7545",21,2,"55",-1.18356792426422,0.114813657483437,1,0
"7546",22,2,"55",-1.18356792426422,0.114813657483437,1,0
"7547",23,2,"55",-1.18356792426422,0.114813657483437,1,0
"7548",24,2,"55",-1.18356792426422,0.114813657483437,1,0
"7549",25,2,"55",-1.18356792426422,0.114813657483437,1,0
"7550",26,2,"55",-1.18356792426422,0.114813657483437,1,0
"7551",27,2,"55",-1.18356792426422,0.114813657483437,1,1
"7552",28,2,"55",-1.18356792426422,0.114813657483437,1,0
"7553",29,2,"55",-1.18356792426422,0.114813657483437,1,0
"7554",30,2,"55",-1.18356792426422,0.114813657483437,1,0
"7555",1,3,"55",-0.349282318856807,0.706306357132167,1,0
"7556",2,3,"55",-0.349282318856807,0.706306357132167,1,0
"7557",3,3,"55",-0.349282318856807,0.706306357132167,1,1
"7558",4,3,"55",-0.349282318856807,0.706306357132167,1,0
"7559",5,3,"55",-0.349282318856807,0.706306357132167,1,0
"7560",6,3,"55",-0.349282318856807,0.706306357132167,1,0
"7561",7,3,"55",-0.349282318856807,0.706306357132167,1,0
"7562",8,3,"55",-0.349282318856807,0.706306357132167,1,0
"7563",9,3,"55",-0.349282318856807,0.706306357132167,1,0
"7564",10,3,"55",-0.349282318856807,0.706306357132167,1,1
"7565",11,3,"55",-0.349282318856807,0.706306357132167,1,0
"7566",12,3,"55",-0.349282318856807,0.706306357132167,1,0
"7567",13,3,"55",-0.349282318856807,0.706306357132167,1,0
"7568",14,3,"55",-0.349282318856807,0.706306357132167,1,0
"7569",15,3,"55",-0.349282318856807,0.706306357132167,1,0
"7570",16,3,"55",-0.349282318856807,0.706306357132167,1,0
"7571",17,3,"55",-0.349282318856807,0.706306357132167,1,0
"7572",18,3,"55",-0.349282318856807,0.706306357132167,1,0
"7573",19,3,"55",-0.349282318856807,0.706306357132167,1,0
"7574",20,3,"55",-0.349282318856807,0.706306357132167,1,0
"7575",21,3,"55",-0.349282318856807,0.706306357132167,1,0
"7576",22,3,"55",-0.349282318856807,0.706306357132167,1,0
"7577",23,3,"55",-0.349282318856807,0.706306357132167,1,0
"7578",24,3,"55",-0.349282318856807,0.706306357132167,1,0
"7579",25,3,"55",-0.349282318856807,0.706306357132167,1,0
"7580",26,3,"55",-0.349282318856807,0.706306357132167,1,0
"7581",27,3,"55",-0.349282318856807,0.706306357132167,1,1
"7582",28,3,"55",-0.349282318856807,0.706306357132167,1,0
"7583",29,3,"55",-0.349282318856807,0.706306357132167,1,0
"7584",30,3,"55",-0.349282318856807,0.706306357132167,1,0
"7585",3,4,"55",-0.0319457361806029,0.879551508537768,2,1
"7586",10,4,"55",-0.0319457361806029,0.879551508537768,2,0
"7587",27,4,"55",-0.0319457361806029,0.879551508537768,2,0
"7588",3,5,"55",0.192575352227168,0.941255314325265,2,1
"7589",10,5,"55",0.192575352227168,0.941255314325265,2,0
"7590",27,5,"55",0.192575352227168,0.941255314325265,2,0
"7591",3,6,"55",0.380318507357445,0.968662924525259,2,1
"7592",10,6,"55",0.380318507357445,0.968662924525259,2,0
"7593",27,6,"55",0.380318507357445,0.968662924525259,2,0
"7594",3,7,"55",-0.266561085732765,0.762608877186306,3,0
"7595",3,8,"55",-0.109102049545525,0.847889465990655,3,0
"7596",3,9,"55",1.01122261708698,0.996457165920065,3,0
"7597",1,1,"56",0.620267558875345,0.98622374042495,1,0
"7598",2,1,"56",0.620267558875345,0.98622374042495,1,1
"7599",3,1,"56",0.620267558875345,0.98622374042495,1,1
"7600",4,1,"56",0.620267558875345,0.98622374042495,1,0
"7601",5,1,"56",0.620267558875345,0.98622374042495,1,0
"7602",6,1,"56",0.620267558875345,0.98622374042495,1,0
"7603",7,1,"56",0.620267558875345,0.98622374042495,1,0
"7604",8,1,"56",0.620267558875345,0.98622374042495,1,0
"7605",9,1,"56",0.620267558875345,0.98622374042495,1,0
"7606",10,1,"56",0.620267558875345,0.98622374042495,1,0
"7607",11,1,"56",0.620267558875345,0.98622374042495,1,1
"7608",12,1,"56",0.620267558875345,0.98622374042495,1,1
"7609",13,1,"56",0.620267558875345,0.98622374042495,1,0
"7610",14,1,"56",0.620267558875345,0.98622374042495,1,1
"7611",15,1,"56",0.620267558875345,0.98622374042495,1,0
"7612",16,1,"56",0.620267558875345,0.98622374042495,1,0
"7613",17,1,"56",0.620267558875345,0.98622374042495,1,0
"7614",18,1,"56",0.620267558875345,0.98622374042495,1,0
"7615",19,1,"56",0.620267558875345,0.98622374042495,1,0
"7616",20,1,"56",0.620267558875345,0.98622374042495,1,0
"7617",21,1,"56",0.620267558875345,0.98622374042495,1,0
"7618",22,1,"56",0.620267558875345,0.98622374042495,1,0
"7619",23,1,"56",0.620267558875345,0.98622374042495,1,0
"7620",24,1,"56",0.620267558875345,0.98622374042495,1,0
"7621",25,1,"56",0.620267558875345,0.98622374042495,1,0
"7622",26,1,"56",0.620267558875345,0.98622374042495,1,0
"7623",27,1,"56",0.620267558875345,0.98622374042495,1,0
"7624",28,1,"56",0.620267558875345,0.98622374042495,1,0
"7625",29,1,"56",0.620267558875345,0.98622374042495,1,0
"7626",30,1,"56",0.620267558875345,0.98622374042495,1,0
"7627",1,2,"56",0.247009495915894,0.950945892207889,1,0
"7628",2,2,"56",0.247009495915894,0.950945892207889,1,1
"7629",3,2,"56",0.247009495915894,0.950945892207889,1,1
"7630",4,2,"56",0.247009495915894,0.950945892207889,1,0
"7631",5,2,"56",0.247009495915894,0.950945892207889,1,0
"7632",6,2,"56",0.247009495915894,0.950945892207889,1,0
"7633",7,2,"56",0.247009495915894,0.950945892207889,1,0
"7634",8,2,"56",0.247009495915894,0.950945892207889,1,0
"7635",9,2,"56",0.247009495915894,0.950945892207889,1,0
"7636",10,2,"56",0.247009495915894,0.950945892207889,1,0
"7637",11,2,"56",0.247009495915894,0.950945892207889,1,1
"7638",12,2,"56",0.247009495915894,0.950945892207889,1,1
"7639",13,2,"56",0.247009495915894,0.950945892207889,1,0
"7640",14,2,"56",0.247009495915894,0.950945892207889,1,1
"7641",15,2,"56",0.247009495915894,0.950945892207889,1,0
"7642",16,2,"56",0.247009495915894,0.950945892207889,1,0
"7643",17,2,"56",0.247009495915894,0.950945892207889,1,0
"7644",18,2,"56",0.247009495915894,0.950945892207889,1,0
"7645",19,2,"56",0.247009495915894,0.950945892207889,1,0
"7646",20,2,"56",0.247009495915894,0.950945892207889,1,0
"7647",21,2,"56",0.247009495915894,0.950945892207889,1,0
"7648",22,2,"56",0.247009495915894,0.950945892207889,1,0
"7649",23,2,"56",0.247009495915894,0.950945892207889,1,0
"7650",24,2,"56",0.247009495915894,0.950945892207889,1,0
"7651",25,2,"56",0.247009495915894,0.950945892207889,1,0
"7652",26,2,"56",0.247009495915894,0.950945892207889,1,0
"7653",27,2,"56",0.247009495915894,0.950945892207889,1,0
"7654",28,2,"56",0.247009495915894,0.950945892207889,1,0
"7655",29,2,"56",0.247009495915894,0.950945892207889,1,0
"7656",30,2,"56",0.247009495915894,0.950945892207889,1,0
"7657",1,3,"56",-1.39181641268285,0.0588917340844875,1,0
"7658",2,3,"56",-1.39181641268285,0.0588917340844875,1,1
"7659",3,3,"56",-1.39181641268285,0.0588917340844875,1,1
"7660",4,3,"56",-1.39181641268285,0.0588917340844875,1,0
"7661",5,3,"56",-1.39181641268285,0.0588917340844875,1,0
"7662",6,3,"56",-1.39181641268285,0.0588917340844875,1,0
"7663",7,3,"56",-1.39181641268285,0.0588917340844875,1,0
"7664",8,3,"56",-1.39181641268285,0.0588917340844875,1,0
"7665",9,3,"56",-1.39181641268285,0.0588917340844875,1,0
"7666",10,3,"56",-1.39181641268285,0.0588917340844875,1,0
"7667",11,3,"56",-1.39181641268285,0.0588917340844875,1,1
"7668",12,3,"56",-1.39181641268285,0.0588917340844875,1,1
"7669",13,3,"56",-1.39181641268285,0.0588917340844875,1,0
"7670",14,3,"56",-1.39181641268285,0.0588917340844875,1,1
"7671",15,3,"56",-1.39181641268285,0.0588917340844875,1,0
"7672",16,3,"56",-1.39181641268285,0.0588917340844875,1,0
"7673",17,3,"56",-1.39181641268285,0.0588917340844875,1,0
"7674",18,3,"56",-1.39181641268285,0.0588917340844875,1,0
"7675",19,3,"56",-1.39181641268285,0.0588917340844875,1,0
"7676",20,3,"56",-1.39181641268285,0.0588917340844875,1,0
"7677",21,3,"56",-1.39181641268285,0.0588917340844875,1,0
"7678",22,3,"56",-1.39181641268285,0.0588917340844875,1,0
"7679",23,3,"56",-1.39181641268285,0.0588917340844875,1,0
"7680",24,3,"56",-1.39181641268285,0.0588917340844875,1,0
"7681",25,3,"56",-1.39181641268285,0.0588917340844875,1,0
"7682",26,3,"56",-1.39181641268285,0.0588917340844875,1,0
"7683",27,3,"56",-1.39181641268285,0.0588917340844875,1,0
"7684",28,3,"56",-1.39181641268285,0.0588917340844875,1,0
"7685",29,3,"56",-1.39181641268285,0.0588917340844875,1,0
"7686",30,3,"56",-1.39181641268285,0.0588917340844875,1,0
"7687",2,4,"56",0.196735916486171,0.942055345712033,2,1
"7688",3,4,"56",0.196735916486171,0.942055345712033,2,1
"7689",11,4,"56",0.196735916486171,0.942055345712033,2,1
"7690",12,4,"56",0.196735916486171,0.942055345712033,2,0
"7691",14,4,"56",0.196735916486171,0.942055345712033,2,1
"7692",2,5,"56",1.42074126698994,0.999152688451582,2,1
"7693",3,5,"56",1.42074126698994,0.999152688451582,2,1
"7694",11,5,"56",1.42074126698994,0.999152688451582,2,1
"7695",12,5,"56",1.42074126698994,0.999152688451582,2,0
"7696",14,5,"56",1.42074126698994,0.999152688451582,2,1
"7697",2,6,"56",1.44734307501662,0.99922795915521,2,1
"7698",3,6,"56",1.44734307501662,0.99922795915521,2,1
"7699",11,6,"56",1.44734307501662,0.99922795915521,2,1
"7700",12,6,"56",1.44734307501662,0.99922795915521,2,0
"7701",14,6,"56",1.44734307501662,0.99922795915521,2,1
"7702",2,7,"56",-0.369936578249503,0.691090402878803,3,1
"7703",3,7,"56",-0.369936578249503,0.691090402878803,3,1
"7704",11,7,"56",-0.369936578249503,0.691090402878803,3,1
"7705",14,7,"56",-0.369936578249503,0.691090402878803,3,1
"7706",2,8,"56",1.5821904754385,0.999518280469223,3,1
"7707",3,8,"56",1.5821904754385,0.999518280469223,3,1
"7708",11,8,"56",1.5821904754385,0.999518280469223,3,1
"7709",14,8,"56",1.5821904754385,0.999518280469223,3,1
"7710",2,9,"56",1.56615275576474,0.999490481447889,3,1
"7711",3,9,"56",1.56615275576474,0.999490481447889,3,1
"7712",11,9,"56",1.56615275576474,0.999490481447889,3,1
"7713",14,9,"56",1.56615275576474,0.999490481447889,3,1
"7714",2,10,"56",0.908805810513329,0.994937504271839,4,1
"7715",3,10,"56",0.908805810513329,0.994937504271839,4,1
"7716",11,10,"56",0.908805810513329,0.994937504271839,4,1
"7717",14,10,"56",0.908805810513329,0.994937504271839,4,1
"7718",2,11,"56",1.72605847507481,0.999708798737584,4,1
"7719",3,11,"56",1.72605847507481,0.999708798737584,4,1
"7720",11,11,"56",1.72605847507481,0.999708798737584,4,1
"7721",14,11,"56",1.72605847507481,0.999708798737584,4,1
"7722",2,12,"56",1.10123460215851,0.997412109857569,4,1
"7723",3,12,"56",1.10123460215851,0.997412109857569,4,1
"7724",11,12,"56",1.10123460215851,0.997412109857569,4,1
"7725",14,12,"56",1.10123460215851,0.997412109857569,4,1
"7726",2,13,"56",0.632806185877511,0.986807436885304,5,0
"7727",3,13,"56",0.632806185877511,0.986807436885304,5,0
"7728",11,13,"56",0.632806185877511,0.986807436885304,5,0
"7729",14,13,"56",0.632806185877511,0.986807436885304,5,0
"7730",2,14,"56",-1.74105280118028,0.0180980936146876,5,0
"7731",3,14,"56",-1.74105280118028,0.0180980936146876,5,0
"7732",11,14,"56",-1.74105280118028,0.0180980936146876,5,0
"7733",14,14,"56",-1.74105280118028,0.0180980936146876,5,0
"7734",2,15,"56",0.787556539933976,0.992281967924919,5,0
"7735",3,15,"56",0.787556539933976,0.992281967924919,5,0
"7736",11,15,"56",0.787556539933976,0.992281967924919,5,0
"7737",14,15,"56",0.787556539933976,0.992281967924919,5,0
"7738",1,1,"57",0.23973885545582,0.949745119851411,1,0
"7739",2,1,"57",0.23973885545582,0.949745119851411,1,0
"7740",3,1,"57",0.23973885545582,0.949745119851411,1,0
"7741",4,1,"57",0.23973885545582,0.949745119851411,1,0
"7742",5,1,"57",0.23973885545582,0.949745119851411,1,1
"7743",6,1,"57",0.23973885545582,0.949745119851411,1,0
"7744",7,1,"57",0.23973885545582,0.949745119851411,1,0
"7745",8,1,"57",0.23973885545582,0.949745119851411,1,0
"7746",9,1,"57",0.23973885545582,0.949745119851411,1,1
"7747",10,1,"57",0.23973885545582,0.949745119851411,1,0
"7748",11,1,"57",0.23973885545582,0.949745119851411,1,1
"7749",12,1,"57",0.23973885545582,0.949745119851411,1,0
"7750",13,1,"57",0.23973885545582,0.949745119851411,1,0
"7751",14,1,"57",0.23973885545582,0.949745119851411,1,1
"7752",15,1,"57",0.23973885545582,0.949745119851411,1,1
"7753",16,1,"57",0.23973885545582,0.949745119851411,1,0
"7754",17,1,"57",0.23973885545582,0.949745119851411,1,0
"7755",18,1,"57",0.23973885545582,0.949745119851411,1,0
"7756",19,1,"57",0.23973885545582,0.949745119851411,1,0
"7757",20,1,"57",0.23973885545582,0.949745119851411,1,0
"7758",21,1,"57",0.23973885545582,0.949745119851411,1,0
"7759",22,1,"57",0.23973885545582,0.949745119851411,1,0
"7760",23,1,"57",0.23973885545582,0.949745119851411,1,0
"7761",24,1,"57",0.23973885545582,0.949745119851411,1,0
"7762",25,1,"57",0.23973885545582,0.949745119851411,1,0
"7763",26,1,"57",0.23973885545582,0.949745119851411,1,1
"7764",27,1,"57",0.23973885545582,0.949745119851411,1,0
"7765",28,1,"57",0.23973885545582,0.949745119851411,1,0
"7766",29,1,"57",0.23973885545582,0.949745119851411,1,0
"7767",30,1,"57",0.23973885545582,0.949745119851411,1,0
"7768",1,2,"57",-0.61984662501423,0.482641182436981,1,0
"7769",2,2,"57",-0.61984662501423,0.482641182436981,1,0
"7770",3,2,"57",-0.61984662501423,0.482641182436981,1,0
"7771",4,2,"57",-0.61984662501423,0.482641182436981,1,0
"7772",5,2,"57",-0.61984662501423,0.482641182436981,1,1
"7773",6,2,"57",-0.61984662501423,0.482641182436981,1,0
"7774",7,2,"57",-0.61984662501423,0.482641182436981,1,0
"7775",8,2,"57",-0.61984662501423,0.482641182436981,1,0
"7776",9,2,"57",-0.61984662501423,0.482641182436981,1,1
"7777",10,2,"57",-0.61984662501423,0.482641182436981,1,0
"7778",11,2,"57",-0.61984662501423,0.482641182436981,1,1
"7779",12,2,"57",-0.61984662501423,0.482641182436981,1,0
"7780",13,2,"57",-0.61984662501423,0.482641182436981,1,0
"7781",14,2,"57",-0.61984662501423,0.482641182436981,1,1
"7782",15,2,"57",-0.61984662501423,0.482641182436981,1,1
"7783",16,2,"57",-0.61984662501423,0.482641182436981,1,0
"7784",17,2,"57",-0.61984662501423,0.482641182436981,1,0
"7785",18,2,"57",-0.61984662501423,0.482641182436981,1,0
"7786",19,2,"57",-0.61984662501423,0.482641182436981,1,0
"7787",20,2,"57",-0.61984662501423,0.482641182436981,1,0
"7788",21,2,"57",-0.61984662501423,0.482641182436981,1,0
"7789",22,2,"57",-0.61984662501423,0.482641182436981,1,0
"7790",23,2,"57",-0.61984662501423,0.482641182436981,1,0
"7791",24,2,"57",-0.61984662501423,0.482641182436981,1,0
"7792",25,2,"57",-0.61984662501423,0.482641182436981,1,0
"7793",26,2,"57",-0.61984662501423,0.482641182436981,1,1
"7794",27,2,"57",-0.61984662501423,0.482641182436981,1,0
"7795",28,2,"57",-0.61984662501423,0.482641182436981,1,0
"7796",29,2,"57",-0.61984662501423,0.482641182436981,1,0
"7797",30,2,"57",-0.61984662501423,0.482641182436981,1,0
"7798",1,3,"57",-0.802187549076957,0.330116891956042,1,0
"7799",2,3,"57",-0.802187549076957,0.330116891956042,1,0
"7800",3,3,"57",-0.802187549076957,0.330116891956042,1,0
"7801",4,3,"57",-0.802187549076957,0.330116891956042,1,0
"7802",5,3,"57",-0.802187549076957,0.330116891956042,1,1
"7803",6,3,"57",-0.802187549076957,0.330116891956042,1,0
"7804",7,3,"57",-0.802187549076957,0.330116891956042,1,0
"7805",8,3,"57",-0.802187549076957,0.330116891956042,1,0
"7806",9,3,"57",-0.802187549076957,0.330116891956042,1,1
"7807",10,3,"57",-0.802187549076957,0.330116891956042,1,0
"7808",11,3,"57",-0.802187549076957,0.330116891956042,1,1
"7809",12,3,"57",-0.802187549076957,0.330116891956042,1,0
"7810",13,3,"57",-0.802187549076957,0.330116891956042,1,0
"7811",14,3,"57",-0.802187549076957,0.330116891956042,1,1
"7812",15,3,"57",-0.802187549076957,0.330116891956042,1,1
"7813",16,3,"57",-0.802187549076957,0.330116891956042,1,0
"7814",17,3,"57",-0.802187549076957,0.330116891956042,1,0
"7815",18,3,"57",-0.802187549076957,0.330116891956042,1,0
"7816",19,3,"57",-0.802187549076957,0.330116891956042,1,0
"7817",20,3,"57",-0.802187549076957,0.330116891956042,1,0
"7818",21,3,"57",-0.802187549076957,0.330116891956042,1,0
"7819",22,3,"57",-0.802187549076957,0.330116891956042,1,0
"7820",23,3,"57",-0.802187549076957,0.330116891956042,1,0
"7821",24,3,"57",-0.802187549076957,0.330116891956042,1,0
"7822",25,3,"57",-0.802187549076957,0.330116891956042,1,0
"7823",26,3,"57",-0.802187549076957,0.330116891956042,1,1
"7824",27,3,"57",-0.802187549076957,0.330116891956042,1,0
"7825",28,3,"57",-0.802187549076957,0.330116891956042,1,0
"7826",29,3,"57",-0.802187549076957,0.330116891956042,1,0
"7827",30,3,"57",-0.802187549076957,0.330116891956042,1,0
"7828",5,4,"57",0.345937858784563,0.964796867387479,2,0
"7829",9,4,"57",0.345937858784563,0.964796867387479,2,0
"7830",11,4,"57",0.345937858784563,0.964796867387479,2,0
"7831",14,4,"57",0.345937858784563,0.964796867387479,2,0
"7832",15,4,"57",0.345937858784563,0.964796867387479,2,0
"7833",26,4,"57",0.345937858784563,0.964796867387479,2,0
"7834",5,5,"57",0.276720355438131,0.955575439987298,2,0
"7835",9,5,"57",0.276720355438131,0.955575439987298,2,0
"7836",11,5,"57",0.276720355438131,0.955575439987298,2,0
"7837",14,5,"57",0.276720355438131,0.955575439987298,2,0
"7838",15,5,"57",0.276720355438131,0.955575439987298,2,0
"7839",26,5,"57",0.276720355438131,0.955575439987298,2,0
"7840",5,6,"57",-1.91737352093862,0.00984588186130141,2,0
"7841",9,6,"57",-1.91737352093862,0.00984588186130141,2,0
"7842",11,6,"57",-1.91737352093862,0.00984588186130141,2,0
"7843",14,6,"57",-1.91737352093862,0.00984588186130141,2,0
"7844",15,6,"57",-1.91737352093862,0.00984588186130141,2,0
"7845",26,6,"57",-1.91737352093862,0.00984588186130141,2,0
"7846",1,1,"58",-0.480507560826442,0.603058079848261,1,0
"7847",2,1,"58",-0.480507560826442,0.603058079848261,1,0
"7848",3,1,"58",-0.480507560826442,0.603058079848261,1,0
"7849",4,1,"58",-0.480507560826442,0.603058079848261,1,0
"7850",5,1,"58",-0.480507560826442,0.603058079848261,1,0
"7851",6,1,"58",-0.480507560826442,0.603058079848261,1,0
"7852",7,1,"58",-0.480507560826442,0.603058079848261,1,0
"7853",8,1,"58",-0.480507560826442,0.603058079848261,1,0
"7854",9,1,"58",-0.480507560826442,0.603058079848261,1,0
"7855",10,1,"58",-0.480507560826442,0.603058079848261,1,1
"7856",11,1,"58",-0.480507560826442,0.603058079848261,1,0
"7857",12,1,"58",-0.480507560826442,0.603058079848261,1,0
"7858",13,1,"58",-0.480507560826442,0.603058079848261,1,0
"7859",14,1,"58",-0.480507560826442,0.603058079848261,1,0
"7860",15,1,"58",-0.480507560826442,0.603058079848261,1,0
"7861",16,1,"58",-0.480507560826442,0.603058079848261,1,0
"7862",17,1,"58",-0.480507560826442,0.603058079848261,1,0
"7863",18,1,"58",-0.480507560826442,0.603058079848261,1,0
"7864",19,1,"58",-0.480507560826442,0.603058079848261,1,0
"7865",20,1,"58",-0.480507560826442,0.603058079848261,1,0
"7866",21,1,"58",-0.480507560826442,0.603058079848261,1,0
"7867",22,1,"58",-0.480507560826442,0.603058079848261,1,0
"7868",23,1,"58",-0.480507560826442,0.603058079848261,1,0
"7869",24,1,"58",-0.480507560826442,0.603058079848261,1,0
"7870",25,1,"58",-0.480507560826442,0.603058079848261,1,0
"7871",26,1,"58",-0.480507560826442,0.603058079848261,1,0
"7872",27,1,"58",-0.480507560826442,0.603058079848261,1,0
"7873",28,1,"58",-0.480507560826442,0.603058079848261,1,0
"7874",29,1,"58",-0.480507560826442,0.603058079848261,1,0
"7875",30,1,"58",-0.480507560826442,0.603058079848261,1,0
"7876",1,2,"58",-1.21186803259146,0.105124605958999,1,0
"7877",2,2,"58",-1.21186803259146,0.105124605958999,1,0
"7878",3,2,"58",-1.21186803259146,0.105124605958999,1,0
"7879",4,2,"58",-1.21186803259146,0.105124605958999,1,0
"7880",5,2,"58",-1.21186803259146,0.105124605958999,1,0
"7881",6,2,"58",-1.21186803259146,0.105124605958999,1,0
"7882",7,2,"58",-1.21186803259146,0.105124605958999,1,0
"7883",8,2,"58",-1.21186803259146,0.105124605958999,1,0
"7884",9,2,"58",-1.21186803259146,0.105124605958999,1,0
"7885",10,2,"58",-1.21186803259146,0.105124605958999,1,1
"7886",11,2,"58",-1.21186803259146,0.105124605958999,1,0
"7887",12,2,"58",-1.21186803259146,0.105124605958999,1,0
"7888",13,2,"58",-1.21186803259146,0.105124605958999,1,0
"7889",14,2,"58",-1.21186803259146,0.105124605958999,1,0
"7890",15,2,"58",-1.21186803259146,0.105124605958999,1,0
"7891",16,2,"58",-1.21186803259146,0.105124605958999,1,0
"7892",17,2,"58",-1.21186803259146,0.105124605958999,1,0
"7893",18,2,"58",-1.21186803259146,0.105124605958999,1,0
"7894",19,2,"58",-1.21186803259146,0.105124605958999,1,0
"7895",20,2,"58",-1.21186803259146,0.105124605958999,1,0
"7896",21,2,"58",-1.21186803259146,0.105124605958999,1,0
"7897",22,2,"58",-1.21186803259146,0.105124605958999,1,0
"7898",23,2,"58",-1.21186803259146,0.105124605958999,1,0
"7899",24,2,"58",-1.21186803259146,0.105124605958999,1,0
"7900",25,2,"58",-1.21186803259146,0.105124605958999,1,0
"7901",26,2,"58",-1.21186803259146,0.105124605958999,1,0
"7902",27,2,"58",-1.21186803259146,0.105124605958999,1,0
"7903",28,2,"58",-1.21186803259146,0.105124605958999,1,0
"7904",29,2,"58",-1.21186803259146,0.105124605958999,1,0
"7905",30,2,"58",-1.21186803259146,0.105124605958999,1,0
"7906",1,3,"58",2.10206647238482,0.999921883618499,1,0
"7907",2,3,"58",2.10206647238482,0.999921883618499,1,0
"7908",3,3,"58",2.10206647238482,0.999921883618499,1,0
"7909",4,3,"58",2.10206647238482,0.999921883618499,1,0
"7910",5,3,"58",2.10206647238482,0.999921883618499,1,0
"7911",6,3,"58",2.10206647238482,0.999921883618499,1,0
"7912",7,3,"58",2.10206647238482,0.999921883618499,1,0
"7913",8,3,"58",2.10206647238482,0.999921883618499,1,0
"7914",9,3,"58",2.10206647238482,0.999921883618499,1,0
"7915",10,3,"58",2.10206647238482,0.999921883618499,1,1
"7916",11,3,"58",2.10206647238482,0.999921883618499,1,0
"7917",12,3,"58",2.10206647238482,0.999921883618499,1,0
"7918",13,3,"58",2.10206647238482,0.999921883618499,1,0
"7919",14,3,"58",2.10206647238482,0.999921883618499,1,0
"7920",15,3,"58",2.10206647238482,0.999921883618499,1,0
"7921",16,3,"58",2.10206647238482,0.999921883618499,1,0
"7922",17,3,"58",2.10206647238482,0.999921883618499,1,0
"7923",18,3,"58",2.10206647238482,0.999921883618499,1,0
"7924",19,3,"58",2.10206647238482,0.999921883618499,1,0
"7925",20,3,"58",2.10206647238482,0.999921883618499,1,0
"7926",21,3,"58",2.10206647238482,0.999921883618499,1,0
"7927",22,3,"58",2.10206647238482,0.999921883618499,1,0
"7928",23,3,"58",2.10206647238482,0.999921883618499,1,0
"7929",24,3,"58",2.10206647238482,0.999921883618499,1,0
"7930",25,3,"58",2.10206647238482,0.999921883618499,1,0
"7931",26,3,"58",2.10206647238482,0.999921883618499,1,0
"7932",27,3,"58",2.10206647238482,0.999921883618499,1,0
"7933",28,3,"58",2.10206647238482,0.999921883618499,1,0
"7934",29,3,"58",2.10206647238482,0.999921883618499,1,0
"7935",30,3,"58",2.10206647238482,0.999921883618499,1,0
"7936",10,4,"58",0.160602888351765,0.934753479018529,2,0
"7937",10,5,"58",-0.319102671282854,0.727730945366612,2,0
"7938",10,6,"58",-0.109972605598044,0.847496075756425,2,0
"7939",1,1,"59",-0.471991028011857,0.610171080311763,1,0
"7940",2,1,"59",-0.471991028011857,0.610171080311763,1,0
"7941",3,1,"59",-0.471991028011857,0.610171080311763,1,0
"7942",4,1,"59",-0.471991028011857,0.610171080311763,1,0
"7943",5,1,"59",-0.471991028011857,0.610171080311763,1,1
"7944",6,1,"59",-0.471991028011857,0.610171080311763,1,0
"7945",7,1,"59",-0.471991028011857,0.610171080311763,1,0
"7946",8,1,"59",-0.471991028011857,0.610171080311763,1,0
"7947",9,1,"59",-0.471991028011857,0.610171080311763,1,0
"7948",10,1,"59",-0.471991028011857,0.610171080311763,1,0
"7949",11,1,"59",-0.471991028011857,0.610171080311763,1,0
"7950",12,1,"59",-0.471991028011857,0.610171080311763,1,0
"7951",13,1,"59",-0.471991028011857,0.610171080311763,1,0
"7952",14,1,"59",-0.471991028011857,0.610171080311763,1,0
"7953",15,1,"59",-0.471991028011857,0.610171080311763,1,0
"7954",16,1,"59",-0.471991028011857,0.610171080311763,1,0
"7955",17,1,"59",-0.471991028011857,0.610171080311763,1,0
"7956",18,1,"59",-0.471991028011857,0.610171080311763,1,0
"7957",19,1,"59",-0.471991028011857,0.610171080311763,1,0
"7958",20,1,"59",-0.471991028011857,0.610171080311763,1,0
"7959",21,1,"59",-0.471991028011857,0.610171080311763,1,0
"7960",22,1,"59",-0.471991028011857,0.610171080311763,1,1
"7961",23,1,"59",-0.471991028011857,0.610171080311763,1,0
"7962",24,1,"59",-0.471991028011857,0.610171080311763,1,0
"7963",25,1,"59",-0.471991028011857,0.610171080311763,1,0
"7964",26,1,"59",-0.471991028011857,0.610171080311763,1,1
"7965",27,1,"59",-0.471991028011857,0.610171080311763,1,0
"7966",28,1,"59",-0.471991028011857,0.610171080311763,1,0
"7967",29,1,"59",-0.471991028011857,0.610171080311763,1,1
"7968",30,1,"59",-0.471991028011857,0.610171080311763,1,0
"7969",1,2,"59",-0.861069072189968,0.286234769564496,1,0
"7970",2,2,"59",-0.861069072189968,0.286234769564496,1,0
"7971",3,2,"59",-0.861069072189968,0.286234769564496,1,0
"7972",4,2,"59",-0.861069072189968,0.286234769564496,1,0
"7973",5,2,"59",-0.861069072189968,0.286234769564496,1,1
"7974",6,2,"59",-0.861069072189968,0.286234769564496,1,0
"7975",7,2,"59",-0.861069072189968,0.286234769564496,1,0
"7976",8,2,"59",-0.861069072189968,0.286234769564496,1,0
"7977",9,2,"59",-0.861069072189968,0.286234769564496,1,0
"7978",10,2,"59",-0.861069072189968,0.286234769564496,1,0
"7979",11,2,"59",-0.861069072189968,0.286234769564496,1,0
"7980",12,2,"59",-0.861069072189968,0.286234769564496,1,0
"7981",13,2,"59",-0.861069072189968,0.286234769564496,1,0
"7982",14,2,"59",-0.861069072189968,0.286234769564496,1,0
"7983",15,2,"59",-0.861069072189968,0.286234769564496,1,0
"7984",16,2,"59",-0.861069072189968,0.286234769564496,1,0
"7985",17,2,"59",-0.861069072189968,0.286234769564496,1,0
"7986",18,2,"59",-0.861069072189968,0.286234769564496,1,0
"7987",19,2,"59",-0.861069072189968,0.286234769564496,1,0
"7988",20,2,"59",-0.861069072189968,0.286234769564496,1,0
"7989",21,2,"59",-0.861069072189968,0.286234769564496,1,0
"7990",22,2,"59",-0.861069072189968,0.286234769564496,1,1
"7991",23,2,"59",-0.861069072189968,0.286234769564496,1,0
"7992",24,2,"59",-0.861069072189968,0.286234769564496,1,0
"7993",25,2,"59",-0.861069072189968,0.286234769564496,1,0
"7994",26,2,"59",-0.861069072189968,0.286234769564496,1,1
"7995",27,2,"59",-0.861069072189968,0.286234769564496,1,0
"7996",28,2,"59",-0.861069072189968,0.286234769564496,1,0
"7997",29,2,"59",-0.861069072189968,0.286234769564496,1,1
"7998",30,2,"59",-0.861069072189968,0.286234769564496,1,0
"7999",1,3,"59",0.900360830570546,0.994786428329628,1,0
"8000",2,3,"59",0.900360830570546,0.994786428329628,1,0
"8001",3,3,"59",0.900360830570546,0.994786428329628,1,0
"8002",4,3,"59",0.900360830570546,0.994786428329628,1,0
"8003",5,3,"59",0.900360830570546,0.994786428329628,1,1
"8004",6,3,"59",0.900360830570546,0.994786428329628,1,0
"8005",7,3,"59",0.900360830570546,0.994786428329628,1,0
"8006",8,3,"59",0.900360830570546,0.994786428329628,1,0
"8007",9,3,"59",0.900360830570546,0.994786428329628,1,0
"8008",10,3,"59",0.900360830570546,0.994786428329628,1,0
"8009",11,3,"59",0.900360830570546,0.994786428329628,1,0
"8010",12,3,"59",0.900360830570546,0.994786428329628,1,0
"8011",13,3,"59",0.900360830570546,0.994786428329628,1,0
"8012",14,3,"59",0.900360830570546,0.994786428329628,1,0
"8013",15,3,"59",0.900360830570546,0.994786428329628,1,0
"8014",16,3,"59",0.900360830570546,0.994786428329628,1,0
"8015",17,3,"59",0.900360830570546,0.994786428329628,1,0
"8016",18,3,"59",0.900360830570546,0.994786428329628,1,0
"8017",19,3,"59",0.900360830570546,0.994786428329628,1,0
"8018",20,3,"59",0.900360830570546,0.994786428329628,1,0
"8019",21,3,"59",0.900360830570546,0.994786428329628,1,0
"8020",22,3,"59",0.900360830570546,0.994786428329628,1,1
"8021",23,3,"59",0.900360830570546,0.994786428329628,1,0
"8022",24,3,"59",0.900360830570546,0.994786428329628,1,0
"8023",25,3,"59",0.900360830570546,0.994786428329628,1,0
"8024",26,3,"59",0.900360830570546,0.994786428329628,1,1
"8025",27,3,"59",0.900360830570546,0.994786428329628,1,0
"8026",28,3,"59",0.900360830570546,0.994786428329628,1,0
"8027",29,3,"59",0.900360830570546,0.994786428329628,1,1
"8028",30,3,"59",0.900360830570546,0.994786428329628,1,0
"8029",5,4,"59",0.537908149915727,0.981705277794901,2,0
"8030",22,4,"59",0.537908149915727,0.981705277794901,2,0
"8031",26,4,"59",0.537908149915727,0.981705277794901,2,0
"8032",29,4,"59",0.537908149915727,0.981705277794901,2,0
"8033",5,5,"59",-1.65781710050102,0.0240715212764778,2,0
"8034",22,5,"59",-1.65781710050102,0.0240715212764778,2,0
"8035",26,5,"59",-1.65781710050102,0.0240715212764778,2,0
"8036",29,5,"59",-1.65781710050102,0.0240715212764778,2,0
"8037",5,6,"59",0.360036710263015,0.966434944851419,2,0
"8038",22,6,"59",0.360036710263015,0.966434944851419,2,0
"8039",26,6,"59",0.360036710263015,0.966434944851419,2,0
"8040",29,6,"59",0.360036710263015,0.966434944851419,2,0
"8041",1,1,"60",0.257902279550523,0.952694061066013,1,1
"8042",2,1,"60",0.257902279550523,0.952694061066013,1,1
"8043",3,1,"60",0.257902279550523,0.952694061066013,1,1
"8044",4,1,"60",0.257902279550523,0.952694061066013,1,1
"8045",5,1,"60",0.257902279550523,0.952694061066013,1,1
"8046",6,1,"60",0.257902279550523,0.952694061066013,1,1
"8047",7,1,"60",0.257902279550523,0.952694061066013,1,1
"8048",8,1,"60",0.257902279550523,0.952694061066013,1,0
"8049",9,1,"60",0.257902279550523,0.952694061066013,1,1
"8050",10,1,"60",0.257902279550523,0.952694061066013,1,1
"8051",11,1,"60",0.257902279550523,0.952694061066013,1,0
"8052",12,1,"60",0.257902279550523,0.952694061066013,1,1
"8053",13,1,"60",0.257902279550523,0.952694061066013,1,1
"8054",14,1,"60",0.257902279550523,0.952694061066013,1,1
"8055",15,1,"60",0.257902279550523,0.952694061066013,1,0
"8056",16,1,"60",0.257902279550523,0.952694061066013,1,1
"8057",17,1,"60",0.257902279550523,0.952694061066013,1,1
"8058",18,1,"60",0.257902279550523,0.952694061066013,1,1
"8059",19,1,"60",0.257902279550523,0.952694061066013,1,1
"8060",20,1,"60",0.257902279550523,0.952694061066013,1,1
"8061",21,1,"60",0.257902279550523,0.952694061066013,1,1
"8062",22,1,"60",0.257902279550523,0.952694061066013,1,1
"8063",23,1,"60",0.257902279550523,0.952694061066013,1,0
"8064",24,1,"60",0.257902279550523,0.952694061066013,1,1
"8065",25,1,"60",0.257902279550523,0.952694061066013,1,1
"8066",26,1,"60",0.257902279550523,0.952694061066013,1,1
"8067",27,1,"60",0.257902279550523,0.952694061066013,1,1
"8068",28,1,"60",0.257902279550523,0.952694061066013,1,1
"8069",29,1,"60",0.257902279550523,0.952694061066013,1,1
"8070",30,1,"60",0.257902279550523,0.952694061066013,1,1
"8071",1,2,"60",1.40758810876178,0.999112805187745,1,1
"8072",2,2,"60",1.40758810876178,0.999112805187745,1,1
"8073",3,2,"60",1.40758810876178,0.999112805187745,1,1
"8074",4,2,"60",1.40758810876178,0.999112805187745,1,1
"8075",5,2,"60",1.40758810876178,0.999112805187745,1,1
"8076",6,2,"60",1.40758810876178,0.999112805187745,1,1
"8077",7,2,"60",1.40758810876178,0.999112805187745,1,1
"8078",8,2,"60",1.40758810876178,0.999112805187745,1,0
"8079",9,2,"60",1.40758810876178,0.999112805187745,1,1
"8080",10,2,"60",1.40758810876178,0.999112805187745,1,1
"8081",11,2,"60",1.40758810876178,0.999112805187745,1,0
"8082",12,2,"60",1.40758810876178,0.999112805187745,1,1
"8083",13,2,"60",1.40758810876178,0.999112805187745,1,1
"8084",14,2,"60",1.40758810876178,0.999112805187745,1,1
"8085",15,2,"60",1.40758810876178,0.999112805187745,1,0
"8086",16,2,"60",1.40758810876178,0.999112805187745,1,1
"8087",17,2,"60",1.40758810876178,0.999112805187745,1,1
"8088",18,2,"60",1.40758810876178,0.999112805187745,1,1
"8089",19,2,"60",1.40758810876178,0.999112805187745,1,1
"8090",20,2,"60",1.40758810876178,0.999112805187745,1,1
"8091",21,2,"60",1.40758810876178,0.999112805187745,1,1
"8092",22,2,"60",1.40758810876178,0.999112805187745,1,1
"8093",23,2,"60",1.40758810876178,0.999112805187745,1,0
"8094",24,2,"60",1.40758810876178,0.999112805187745,1,1
"8095",25,2,"60",1.40758810876178,0.999112805187745,1,1
"8096",26,2,"60",1.40758810876178,0.999112805187745,1,1
"8097",27,2,"60",1.40758810876178,0.999112805187745,1,1
"8098",28,2,"60",1.40758810876178,0.999112805187745,1,1
"8099",29,2,"60",1.40758810876178,0.999112805187745,1,1
"8100",30,2,"60",1.40758810876178,0.999112805187745,1,1
"8101",1,3,"60",0.922993390175202,0.99518156909635,1,1
"8102",2,3,"60",0.922993390175202,0.99518156909635,1,1
"8103",3,3,"60",0.922993390175202,0.99518156909635,1,1
"8104",4,3,"60",0.922993390175202,0.99518156909635,1,1
"8105",5,3,"60",0.922993390175202,0.99518156909635,1,1
"8106",6,3,"60",0.922993390175202,0.99518156909635,1,1
"8107",7,3,"60",0.922993390175202,0.99518156909635,1,1
"8108",8,3,"60",0.922993390175202,0.99518156909635,1,0
"8109",9,3,"60",0.922993390175202,0.99518156909635,1,1
"8110",10,3,"60",0.922993390175202,0.99518156909635,1,1
"8111",11,3,"60",0.922993390175202,0.99518156909635,1,0
"8112",12,3,"60",0.922993390175202,0.99518156909635,1,1
"8113",13,3,"60",0.922993390175202,0.99518156909635,1,1
"8114",14,3,"60",0.922993390175202,0.99518156909635,1,1
"8115",15,3,"60",0.922993390175202,0.99518156909635,1,0
"8116",16,3,"60",0.922993390175202,0.99518156909635,1,1
"8117",17,3,"60",0.922993390175202,0.99518156909635,1,1
"8118",18,3,"60",0.922993390175202,0.99518156909635,1,1
"8119",19,3,"60",0.922993390175202,0.99518156909635,1,1
"8120",20,3,"60",0.922993390175202,0.99518156909635,1,1
"8121",21,3,"60",0.922993390175202,0.99518156909635,1,1
"8122",22,3,"60",0.922993390175202,0.99518156909635,1,1
"8123",23,3,"60",0.922993390175202,0.99518156909635,1,0
"8124",24,3,"60",0.922993390175202,0.99518156909635,1,1
"8125",25,3,"60",0.922993390175202,0.99518156909635,1,1
"8126",26,3,"60",0.922993390175202,0.99518156909635,1,1
"8127",27,3,"60",0.922993390175202,0.99518156909635,1,1
"8128",28,3,"60",0.922993390175202,0.99518156909635,1,1
"8129",29,3,"60",0.922993390175202,0.99518156909635,1,1
"8130",30,3,"60",0.922993390175202,0.99518156909635,1,1
"8131",1,4,"60",0.0612969866977962,0.910074053069034,2,0
"8132",2,4,"60",0.0612969866977962,0.910074053069034,2,0
"8133",3,4,"60",0.0612969866977962,0.910074053069034,2,0
"8134",4,4,"60",0.0612969866977962,0.910074053069034,2,0
"8135",5,4,"60",0.0612969866977962,0.910074053069034,2,0
"8136",6,4,"60",0.0612969866977962,0.910074053069034,2,0
"8137",7,4,"60",0.0612969866977962,0.910074053069034,2,0
"8138",9,4,"60",0.0612969866977962,0.910074053069034,2,0
"8139",10,4,"60",0.0612969866977962,0.910074053069034,2,0
"8140",12,4,"60",0.0612969866977962,0.910074053069034,2,0
"8141",13,4,"60",0.0612969866977962,0.910074053069034,2,0
"8142",14,4,"60",0.0612969866977962,0.910074053069034,2,0
"8143",16,4,"60",0.0612969866977962,0.910074053069034,2,0
"8144",17,4,"60",0.0612969866977962,0.910074053069034,2,0
"8145",18,4,"60",0.0612969866977962,0.910074053069034,2,0
"8146",19,4,"60",0.0612969866977962,0.910074053069034,2,0
"8147",20,4,"60",0.0612969866977962,0.910074053069034,2,0
"8148",21,4,"60",0.0612969866977962,0.910074053069034,2,0
"8149",22,4,"60",0.0612969866977962,0.910074053069034,2,0
"8150",24,4,"60",0.0612969866977962,0.910074053069034,2,0
"8151",25,4,"60",0.0612969866977962,0.910074053069034,2,0
"8152",26,4,"60",0.0612969866977962,0.910074053069034,2,0
"8153",27,4,"60",0.0612969866977962,0.910074053069034,2,0
"8154",28,4,"60",0.0612969866977962,0.910074053069034,2,0
"8155",29,4,"60",0.0612969866977962,0.910074053069034,2,0
"8156",30,4,"60",0.0612969866977962,0.910074053069034,2,0
"8157",1,5,"60",-1.57607299344738,0.0317912851851974,2,0
"8158",2,5,"60",-1.57607299344738,0.0317912851851974,2,0
"8159",3,5,"60",-1.57607299344738,0.0317912851851974,2,0
"8160",4,5,"60",-1.57607299344738,0.0317912851851974,2,0
"8161",5,5,"60",-1.57607299344738,0.0317912851851974,2,0
"8162",6,5,"60",-1.57607299344738,0.0317912851851974,2,0
"8163",7,5,"60",-1.57607299344738,0.0317912851851974,2,0
"8164",9,5,"60",-1.57607299344738,0.0317912851851974,2,0
"8165",10,5,"60",-1.57607299344738,0.0317912851851974,2,0
"8166",12,5,"60",-1.57607299344738,0.0317912851851974,2,0
"8167",13,5,"60",-1.57607299344738,0.0317912851851974,2,0
"8168",14,5,"60",-1.57607299344738,0.0317912851851974,2,0
"8169",16,5,"60",-1.57607299344738,0.0317912851851974,2,0
"8170",17,5,"60",-1.57607299344738,0.0317912851851974,2,0
"8171",18,5,"60",-1.57607299344738,0.0317912851851974,2,0
"8172",19,5,"60",-1.57607299344738,0.0317912851851974,2,0
"8173",20,5,"60",-1.57607299344738,0.0317912851851974,2,0
"8174",21,5,"60",-1.57607299344738,0.0317912851851974,2,0
"8175",22,5,"60",-1.57607299344738,0.0317912851851974,2,0
"8176",24,5,"60",-1.57607299344738,0.0317912851851974,2,0
"8177",25,5,"60",-1.57607299344738,0.0317912851851974,2,0
"8178",26,5,"60",-1.57607299344738,0.0317912851851974,2,0
"8179",27,5,"60",-1.57607299344738,0.0317912851851974,2,0
"8180",28,5,"60",-1.57607299344738,0.0317912851851974,2,0
"8181",29,5,"60",-1.57607299344738,0.0317912851851974,2,0
"8182",30,5,"60",-1.57607299344738,0.0317912851851974,2,0
"8183",1,6,"60",-0.05558956218997,0.870505597410068,2,0
"8184",2,6,"60",-0.05558956218997,0.870505597410068,2,0
"8185",3,6,"60",-0.05558956218997,0.870505597410068,2,0
"8186",4,6,"60",-0.05558956218997,0.870505597410068,2,0
"8187",5,6,"60",-0.05558956218997,0.870505597410068,2,0
"8188",6,6,"60",-0.05558956218997,0.870505597410068,2,0
"8189",7,6,"60",-0.05558956218997,0.870505597410068,2,0
"8190",9,6,"60",-0.05558956218997,0.870505597410068,2,0
"8191",10,6,"60",-0.05558956218997,0.870505597410068,2,0
"8192",12,6,"60",-0.05558956218997,0.870505597410068,2,0
"8193",13,6,"60",-0.05558956218997,0.870505597410068,2,0
"8194",14,6,"60",-0.05558956218997,0.870505597410068,2,0
"8195",16,6,"60",-0.05558956218997,0.870505597410068,2,0
"8196",17,6,"60",-0.05558956218997,0.870505597410068,2,0
"8197",18,6,"60",-0.05558956218997,0.870505597410068,2,0
"8198",19,6,"60",-0.05558956218997,0.870505597410068,2,0
"8199",20,6,"60",-0.05558956218997,0.870505597410068,2,0
"8200",21,6,"60",-0.05558956218997,0.870505597410068,2,0
"8201",22,6,"60",-0.05558956218997,0.870505597410068,2,0
"8202",24,6,"60",-0.05558956218997,0.870505597410068,2,0
"8203",25,6,"60",-0.05558956218997,0.870505597410068,2,0
"8204",26,6,"60",-0.05558956218997,0.870505597410068,2,0
"8205",27,6,"60",-0.05558956218997,0.870505597410068,2,0
"8206",28,6,"60",-0.05558956218997,0.870505597410068,2,0
"8207",29,6,"60",-0.05558956218997,0.870505597410068,2,0
"8208",30,6,"60",-0.05558956218997,0.870505597410068,2,0
"8209",1,1,"61",-0.482206188687075,0.601634055915691,1,1
"8210",2,1,"61",-0.482206188687075,0.601634055915691,1,0
"8211",3,1,"61",-0.482206188687075,0.601634055915691,1,0
"8212",4,1,"61",-0.482206188687075,0.601634055915691,1,0
"8213",5,1,"61",-0.482206188687075,0.601634055915691,1,0
"8214",6,1,"61",-0.482206188687075,0.601634055915691,1,0
"8215",7,1,"61",-0.482206188687075,0.601634055915691,1,1
"8216",8,1,"61",-0.482206188687075,0.601634055915691,1,0
"8217",9,1,"61",-0.482206188687075,0.601634055915691,1,1
"8218",10,1,"61",-0.482206188687075,0.601634055915691,1,1
"8219",11,1,"61",-0.482206188687075,0.601634055915691,1,1
"8220",12,1,"61",-0.482206188687075,0.601634055915691,1,1
"8221",13,1,"61",-0.482206188687075,0.601634055915691,1,0
"8222",14,1,"61",-0.482206188687075,0.601634055915691,1,1
"8223",15,1,"61",-0.482206188687075,0.601634055915691,1,0
"8224",16,1,"61",-0.482206188687075,0.601634055915691,1,0
"8225",17,1,"61",-0.482206188687075,0.601634055915691,1,0
"8226",18,1,"61",-0.482206188687075,0.601634055915691,1,0
"8227",19,1,"61",-0.482206188687075,0.601634055915691,1,1
"8228",20,1,"61",-0.482206188687075,0.601634055915691,1,0
"8229",21,1,"61",-0.482206188687075,0.601634055915691,1,0
"8230",22,1,"61",-0.482206188687075,0.601634055915691,1,1
"8231",23,1,"61",-0.482206188687075,0.601634055915691,1,1
"8232",24,1,"61",-0.482206188687075,0.601634055915691,1,0
"8233",25,1,"61",-0.482206188687075,0.601634055915691,1,1
"8234",26,1,"61",-0.482206188687075,0.601634055915691,1,0
"8235",27,1,"61",-0.482206188687075,0.601634055915691,1,0
"8236",28,1,"61",-0.482206188687075,0.601634055915691,1,1
"8237",29,1,"61",-0.482206188687075,0.601634055915691,1,0
"8238",30,1,"61",-0.482206188687075,0.601634055915691,1,1
"8239",1,2,"61",1.71224018034372,0.999694373351708,1,1
"8240",2,2,"61",1.71224018034372,0.999694373351708,1,0
"8241",3,2,"61",1.71224018034372,0.999694373351708,1,0
"8242",4,2,"61",1.71224018034372,0.999694373351708,1,0
"8243",5,2,"61",1.71224018034372,0.999694373351708,1,0
"8244",6,2,"61",1.71224018034372,0.999694373351708,1,0
"8245",7,2,"61",1.71224018034372,0.999694373351708,1,1
"8246",8,2,"61",1.71224018034372,0.999694373351708,1,0
"8247",9,2,"61",1.71224018034372,0.999694373351708,1,1
"8248",10,2,"61",1.71224018034372,0.999694373351708,1,1
"8249",11,2,"61",1.71224018034372,0.999694373351708,1,1
"8250",12,2,"61",1.71224018034372,0.999694373351708,1,1
"8251",13,2,"61",1.71224018034372,0.999694373351708,1,0
"8252",14,2,"61",1.71224018034372,0.999694373351708,1,1
"8253",15,2,"61",1.71224018034372,0.999694373351708,1,0
"8254",16,2,"61",1.71224018034372,0.999694373351708,1,0
"8255",17,2,"61",1.71224018034372,0.999694373351708,1,0
"8256",18,2,"61",1.71224018034372,0.999694373351708,1,0
"8257",19,2,"61",1.71224018034372,0.999694373351708,1,1
"8258",20,2,"61",1.71224018034372,0.999694373351708,1,0
"8259",21,2,"61",1.71224018034372,0.999694373351708,1,0
"8260",22,2,"61",1.71224018034372,0.999694373351708,1,1
"8261",23,2,"61",1.71224018034372,0.999694373351708,1,1
"8262",24,2,"61",1.71224018034372,0.999694373351708,1,0
"8263",25,2,"61",1.71224018034372,0.999694373351708,1,1
"8264",26,2,"61",1.71224018034372,0.999694373351708,1,0
"8265",27,2,"61",1.71224018034372,0.999694373351708,1,0
"8266",28,2,"61",1.71224018034372,0.999694373351708,1,1
"8267",29,2,"61",1.71224018034372,0.999694373351708,1,0
"8268",30,2,"61",1.71224018034372,0.999694373351708,1,1
"8269",1,3,"61",0.35058002088709,0.965344549641521,1,1
"8270",2,3,"61",0.35058002088709,0.965344549641521,1,0
"8271",3,3,"61",0.35058002088709,0.965344549641521,1,0
"8272",4,3,"61",0.35058002088709,0.965344549641521,1,0
"8273",5,3,"61",0.35058002088709,0.965344549641521,1,0
"8274",6,3,"61",0.35058002088709,0.965344549641521,1,0
"8275",7,3,"61",0.35058002088709,0.965344549641521,1,1
"8276",8,3,"61",0.35058002088709,0.965344549641521,1,0
"8277",9,3,"61",0.35058002088709,0.965344549641521,1,1
"8278",10,3,"61",0.35058002088709,0.965344549641521,1,1
"8279",11,3,"61",0.35058002088709,0.965344549641521,1,1
"8280",12,3,"61",0.35058002088709,0.965344549641521,1,1
"8281",13,3,"61",0.35058002088709,0.965344549641521,1,0
"8282",14,3,"61",0.35058002088709,0.965344549641521,1,1
"8283",15,3,"61",0.35058002088709,0.965344549641521,1,0
"8284",16,3,"61",0.35058002088709,0.965344549641521,1,0
"8285",17,3,"61",0.35058002088709,0.965344549641521,1,0
"8286",18,3,"61",0.35058002088709,0.965344549641521,1,0
"8287",19,3,"61",0.35058002088709,0.965344549641521,1,1
"8288",20,3,"61",0.35058002088709,0.965344549641521,1,0
"8289",21,3,"61",0.35058002088709,0.965344549641521,1,0
"8290",22,3,"61",0.35058002088709,0.965344549641521,1,1
"8291",23,3,"61",0.35058002088709,0.965344549641521,1,1
"8292",24,3,"61",0.35058002088709,0.965344549641521,1,0
"8293",25,3,"61",0.35058002088709,0.965344549641521,1,1
"8294",26,3,"61",0.35058002088709,0.965344549641521,1,0
"8295",27,3,"61",0.35058002088709,0.965344549641521,1,0
"8296",28,3,"61",0.35058002088709,0.965344549641521,1,1
"8297",29,3,"61",0.35058002088709,0.965344549641521,1,0
"8298",30,3,"61",0.35058002088709,0.965344549641521,1,1
"8299",1,4,"61",-0.292094740102667,0.746052497976442,2,0
"8300",7,4,"61",-0.292094740102667,0.746052497976442,2,0
"8301",9,4,"61",-0.292094740102667,0.746052497976442,2,0
"8302",10,4,"61",-0.292094740102667,0.746052497976442,2,0
"8303",11,4,"61",-0.292094740102667,0.746052497976442,2,0
"8304",12,4,"61",-0.292094740102667,0.746052497976442,2,0
"8305",14,4,"61",-0.292094740102667,0.746052497976442,2,0
"8306",19,4,"61",-0.292094740102667,0.746052497976442,2,0
"8307",22,4,"61",-0.292094740102667,0.746052497976442,2,0
"8308",23,4,"61",-0.292094740102667,0.746052497976442,2,0
"8309",25,4,"61",-0.292094740102667,0.746052497976442,2,0
"8310",28,4,"61",-0.292094740102667,0.746052497976442,2,0
"8311",30,4,"61",-0.292094740102667,0.746052497976442,2,0
"8312",1,5,"61",-1.19711857425499,0.110080899980609,2,0
"8313",7,5,"61",-1.19711857425499,0.110080899980609,2,0
"8314",9,5,"61",-1.19711857425499,0.110080899980609,2,0
"8315",10,5,"61",-1.19711857425499,0.110080899980609,2,0
"8316",11,5,"61",-1.19711857425499,0.110080899980609,2,0
"8317",12,5,"61",-1.19711857425499,0.110080899980609,2,0
"8318",14,5,"61",-1.19711857425499,0.110080899980609,2,0
"8319",19,5,"61",-1.19711857425499,0.110080899980609,2,0
"8320",22,5,"61",-1.19711857425499,0.110080899980609,2,0
"8321",23,5,"61",-1.19711857425499,0.110080899980609,2,0
"8322",25,5,"61",-1.19711857425499,0.110080899980609,2,0
"8323",28,5,"61",-1.19711857425499,0.110080899980609,2,0
"8324",30,5,"61",-1.19711857425499,0.110080899980609,2,0
"8325",1,6,"61",-0.449006136678857,0.629128181436729,2,0
"8326",7,6,"61",-0.449006136678857,0.629128181436729,2,0
"8327",9,6,"61",-0.449006136678857,0.629128181436729,2,0
"8328",10,6,"61",-0.449006136678857,0.629128181436729,2,0
"8329",11,6,"61",-0.449006136678857,0.629128181436729,2,0
"8330",12,6,"61",-0.449006136678857,0.629128181436729,2,0
"8331",14,6,"61",-0.449006136678857,0.629128181436729,2,0
"8332",19,6,"61",-0.449006136678857,0.629128181436729,2,0
"8333",22,6,"61",-0.449006136678857,0.629128181436729,2,0
"8334",23,6,"61",-0.449006136678857,0.629128181436729,2,0
"8335",25,6,"61",-0.449006136678857,0.629128181436729,2,0
"8336",28,6,"61",-0.449006136678857,0.629128181436729,2,0
"8337",30,6,"61",-0.449006136678857,0.629128181436729,2,0
"8338",1,1,"62",-0.40467321146474,0.664551461041052,1,1
"8339",2,1,"62",-0.40467321146474,0.664551461041052,1,1
"8340",3,1,"62",-0.40467321146474,0.664551461041052,1,1
"8341",4,1,"62",-0.40467321146474,0.664551461041052,1,1
"8342",5,1,"62",-0.40467321146474,0.664551461041052,1,0
"8343",6,1,"62",-0.40467321146474,0.664551461041052,1,0
"8344",7,1,"62",-0.40467321146474,0.664551461041052,1,0
"8345",8,1,"62",-0.40467321146474,0.664551461041052,1,1
"8346",9,1,"62",-0.40467321146474,0.664551461041052,1,1
"8347",10,1,"62",-0.40467321146474,0.664551461041052,1,1
"8348",11,1,"62",-0.40467321146474,0.664551461041052,1,1
"8349",12,1,"62",-0.40467321146474,0.664551461041052,1,0
"8350",13,1,"62",-0.40467321146474,0.664551461041052,1,1
"8351",14,1,"62",-0.40467321146474,0.664551461041052,1,0
"8352",15,1,"62",-0.40467321146474,0.664551461041052,1,1
"8353",16,1,"62",-0.40467321146474,0.664551461041052,1,1
"8354",17,1,"62",-0.40467321146474,0.664551461041052,1,0
"8355",18,1,"62",-0.40467321146474,0.664551461041052,1,0
"8356",19,1,"62",-0.40467321146474,0.664551461041052,1,1
"8357",20,1,"62",-0.40467321146474,0.664551461041052,1,1
"8358",21,1,"62",-0.40467321146474,0.664551461041052,1,1
"8359",22,1,"62",-0.40467321146474,0.664551461041052,1,0
"8360",23,1,"62",-0.40467321146474,0.664551461041052,1,0
"8361",24,1,"62",-0.40467321146474,0.664551461041052,1,1
"8362",25,1,"62",-0.40467321146474,0.664551461041052,1,1
"8363",26,1,"62",-0.40467321146474,0.664551461041052,1,1
"8364",27,1,"62",-0.40467321146474,0.664551461041052,1,1
"8365",28,1,"62",-0.40467321146474,0.664551461041052,1,1
"8366",29,1,"62",-0.40467321146474,0.664551461041052,1,0
"8367",30,1,"62",-0.40467321146474,0.664551461041052,1,1
"8368",1,2,"62",0.654194367555508,0.987747296508521,1,1
"8369",2,2,"62",0.654194367555508,0.987747296508521,1,1
"8370",3,2,"62",0.654194367555508,0.987747296508521,1,1
"8371",4,2,"62",0.654194367555508,0.987747296508521,1,1
"8372",5,2,"62",0.654194367555508,0.987747296508521,1,0
"8373",6,2,"62",0.654194367555508,0.987747296508521,1,0
"8374",7,2,"62",0.654194367555508,0.987747296508521,1,0
"8375",8,2,"62",0.654194367555508,0.987747296508521,1,1
"8376",9,2,"62",0.654194367555508,0.987747296508521,1,1
"8377",10,2,"62",0.654194367555508,0.987747296508521,1,1
"8378",11,2,"62",0.654194367555508,0.987747296508521,1,1
"8379",12,2,"62",0.654194367555508,0.987747296508521,1,0
"8380",13,2,"62",0.654194367555508,0.987747296508521,1,1
"8381",14,2,"62",0.654194367555508,0.987747296508521,1,0
"8382",15,2,"62",0.654194367555508,0.987747296508521,1,1
"8383",16,2,"62",0.654194367555508,0.987747296508521,1,1
"8384",17,2,"62",0.654194367555508,0.987747296508521,1,0
"8385",18,2,"62",0.654194367555508,0.987747296508521,1,0
"8386",19,2,"62",0.654194367555508,0.987747296508521,1,1
"8387",20,2,"62",0.654194367555508,0.987747296508521,1,1
"8388",21,2,"62",0.654194367555508,0.987747296508521,1,1
"8389",22,2,"62",0.654194367555508,0.987747296508521,1,0
"8390",23,2,"62",0.654194367555508,0.987747296508521,1,0
"8391",24,2,"62",0.654194367555508,0.987747296508521,1,1
"8392",25,2,"62",0.654194367555508,0.987747296508521,1,1
"8393",26,2,"62",0.654194367555508,0.987747296508521,1,1
"8394",27,2,"62",0.654194367555508,0.987747296508521,1,1
"8395",28,2,"62",0.654194367555508,0.987747296508521,1,1
"8396",29,2,"62",0.654194367555508,0.987747296508521,1,0
"8397",30,2,"62",0.654194367555508,0.987747296508521,1,1
"8398",1,3,"62",1.18060083211132,0.998038540222174,1,1
"8399",2,3,"62",1.18060083211132,0.998038540222174,1,1
"8400",3,3,"62",1.18060083211132,0.998038540222174,1,1
"8401",4,3,"62",1.18060083211132,0.998038540222174,1,1
"8402",5,3,"62",1.18060083211132,0.998038540222174,1,0
"8403",6,3,"62",1.18060083211132,0.998038540222174,1,0
"8404",7,3,"62",1.18060083211132,0.998038540222174,1,0
"8405",8,3,"62",1.18060083211132,0.998038540222174,1,1
"8406",9,3,"62",1.18060083211132,0.998038540222174,1,1
"8407",10,3,"62",1.18060083211132,0.998038540222174,1,1
"8408",11,3,"62",1.18060083211132,0.998038540222174,1,1
"8409",12,3,"62",1.18060083211132,0.998038540222174,1,0
"8410",13,3,"62",1.18060083211132,0.998038540222174,1,1
"8411",14,3,"62",1.18060083211132,0.998038540222174,1,0
"8412",15,3,"62",1.18060083211132,0.998038540222174,1,1
"8413",16,3,"62",1.18060083211132,0.998038540222174,1,1
"8414",17,3,"62",1.18060083211132,0.998038540222174,1,0
"8415",18,3,"62",1.18060083211132,0.998038540222174,1,0
"8416",19,3,"62",1.18060083211132,0.998038540222174,1,1
"8417",20,3,"62",1.18060083211132,0.998038540222174,1,1
"8418",21,3,"62",1.18060083211132,0.998038540222174,1,1
"8419",22,3,"62",1.18060083211132,0.998038540222174,1,0
"8420",23,3,"62",1.18060083211132,0.998038540222174,1,0
"8421",24,3,"62",1.18060083211132,0.998038540222174,1,1
"8422",25,3,"62",1.18060083211132,0.998038540222174,1,1
"8423",26,3,"62",1.18060083211132,0.998038540222174,1,1
"8424",27,3,"62",1.18060083211132,0.998038540222174,1,1
"8425",28,3,"62",1.18060083211132,0.998038540222174,1,1
"8426",29,3,"62",1.18060083211132,0.998038540222174,1,0
"8427",30,3,"62",1.18060083211132,0.998038540222174,1,1
"8428",1,4,"62",-0.366314656134232,0.693790111227399,2,0
"8429",2,4,"62",-0.366314656134232,0.693790111227399,2,0
"8430",3,4,"62",-0.366314656134232,0.693790111227399,2,0
"8431",4,4,"62",-0.366314656134232,0.693790111227399,2,0
"8432",8,4,"62",-0.366314656134232,0.693790111227399,2,0
"8433",9,4,"62",-0.366314656134232,0.693790111227399,2,0
"8434",10,4,"62",-0.366314656134232,0.693790111227399,2,0
"8435",11,4,"62",-0.366314656134232,0.693790111227399,2,0
"8436",13,4,"62",-0.366314656134232,0.693790111227399,2,0
"8437",15,4,"62",-0.366314656134232,0.693790111227399,2,0
"8438",16,4,"62",-0.366314656134232,0.693790111227399,2,0
"8439",19,4,"62",-0.366314656134232,0.693790111227399,2,0
"8440",20,4,"62",-0.366314656134232,0.693790111227399,2,0
"8441",21,4,"62",-0.366314656134232,0.693790111227399,2,0
"8442",24,4,"62",-0.366314656134232,0.693790111227399,2,0
"8443",25,4,"62",-0.366314656134232,0.693790111227399,2,0
"8444",26,4,"62",-0.366314656134232,0.693790111227399,2,0
"8445",27,4,"62",-0.366314656134232,0.693790111227399,2,1
"8446",28,4,"62",-0.366314656134232,0.693790111227399,2,0
"8447",30,4,"62",-0.366314656134232,0.693790111227399,2,0
"8448",1,5,"62",-1.00302417577212,0.196141863576129,2,0
"8449",2,5,"62",-1.00302417577212,0.196141863576129,2,0
"8450",3,5,"62",-1.00302417577212,0.196141863576129,2,0
"8451",4,5,"62",-1.00302417577212,0.196141863576129,2,0
"8452",8,5,"62",-1.00302417577212,0.196141863576129,2,0
"8453",9,5,"62",-1.00302417577212,0.196141863576129,2,0
"8454",10,5,"62",-1.00302417577212,0.196141863576129,2,0
"8455",11,5,"62",-1.00302417577212,0.196141863576129,2,0
"8456",13,5,"62",-1.00302417577212,0.196141863576129,2,0
"8457",15,5,"62",-1.00302417577212,0.196141863576129,2,0
"8458",16,5,"62",-1.00302417577212,0.196141863576129,2,0
"8459",19,5,"62",-1.00302417577212,0.196141863576129,2,0
"8460",20,5,"62",-1.00302417577212,0.196141863576129,2,0
"8461",21,5,"62",-1.00302417577212,0.196141863576129,2,0
"8462",24,5,"62",-1.00302417577212,0.196141863576129,2,0
"8463",25,5,"62",-1.00302417577212,0.196141863576129,2,0
"8464",26,5,"62",-1.00302417577212,0.196141863576129,2,0
"8465",27,5,"62",-1.00302417577212,0.196141863576129,2,1
"8466",28,5,"62",-1.00302417577212,0.196141863576129,2,0
"8467",30,5,"62",-1.00302417577212,0.196141863576129,2,0
"8468",1,6,"62",0.363697251330359,0.966848068284629,2,0
"8469",2,6,"62",0.363697251330359,0.966848068284629,2,0
"8470",3,6,"62",0.363697251330359,0.966848068284629,2,0
"8471",4,6,"62",0.363697251330359,0.966848068284629,2,0
"8472",8,6,"62",0.363697251330359,0.966848068284629,2,0
"8473",9,6,"62",0.363697251330359,0.966848068284629,2,0
"8474",10,6,"62",0.363697251330359,0.966848068284629,2,0
"8475",11,6,"62",0.363697251330359,0.966848068284629,2,0
"8476",13,6,"62",0.363697251330359,0.966848068284629,2,0
"8477",15,6,"62",0.363697251330359,0.966848068284629,2,0
"8478",16,6,"62",0.363697251330359,0.966848068284629,2,0
"8479",19,6,"62",0.363697251330359,0.966848068284629,2,0
"8480",20,6,"62",0.363697251330359,0.966848068284629,2,0
"8481",21,6,"62",0.363697251330359,0.966848068284629,2,0
"8482",24,6,"62",0.363697251330359,0.966848068284629,2,0
"8483",25,6,"62",0.363697251330359,0.966848068284629,2,0
"8484",26,6,"62",0.363697251330359,0.966848068284629,2,0
"8485",27,6,"62",0.363697251330359,0.966848068284629,2,1
"8486",28,6,"62",0.363697251330359,0.966848068284629,2,0
"8487",30,6,"62",0.363697251330359,0.966848068284629,2,0
"8488",27,7,"62",0.478020367264501,0.977534906253443,3,1
"8489",27,8,"62",-0.372353903739172,0.689281273790375,3,1
"8490",27,9,"62",0.622779370427434,0.98634267458829,3,1
"8491",27,10,"62",0.167213058238368,0.93615039248538,4,0
"8492",27,11,"62",-1.24991305452825,0.0932404482218267,4,0
"8493",27,12,"62",0.555013846739137,0.982750099048785,4,0
"8494",1,1,"63",-1.14712362212862,0.12842770497051,1,0
"8495",2,1,"63",-1.14712362212862,0.12842770497051,1,0
"8496",3,1,"63",-1.14712362212862,0.12842770497051,1,0
"8497",4,1,"63",-1.14712362212862,0.12842770497051,1,0
"8498",5,1,"63",-1.14712362212862,0.12842770497051,1,0
"8499",6,1,"63",-1.14712362212862,0.12842770497051,1,0
"8500",7,1,"63",-1.14712362212862,0.12842770497051,1,0
"8501",8,1,"63",-1.14712362212862,0.12842770497051,1,0
"8502",9,1,"63",-1.14712362212862,0.12842770497051,1,0
"8503",10,1,"63",-1.14712362212862,0.12842770497051,1,0
"8504",11,1,"63",-1.14712362212862,0.12842770497051,1,0
"8505",12,1,"63",-1.14712362212862,0.12842770497051,1,0
"8506",13,1,"63",-1.14712362212862,0.12842770497051,1,0
"8507",14,1,"63",-1.14712362212862,0.12842770497051,1,0
"8508",15,1,"63",-1.14712362212862,0.12842770497051,1,0
"8509",16,1,"63",-1.14712362212862,0.12842770497051,1,0
"8510",17,1,"63",-1.14712362212862,0.12842770497051,1,0
"8511",18,1,"63",-1.14712362212862,0.12842770497051,1,0
"8512",19,1,"63",-1.14712362212862,0.12842770497051,1,0
"8513",20,1,"63",-1.14712362212862,0.12842770497051,1,0
"8514",21,1,"63",-1.14712362212862,0.12842770497051,1,0
"8515",22,1,"63",-1.14712362212862,0.12842770497051,1,0
"8516",23,1,"63",-1.14712362212862,0.12842770497051,1,0
"8517",24,1,"63",-1.14712362212862,0.12842770497051,1,0
"8518",25,1,"63",-1.14712362212862,0.12842770497051,1,0
"8519",26,1,"63",-1.14712362212862,0.12842770497051,1,0
"8520",27,1,"63",-1.14712362212862,0.12842770497051,1,0
"8521",28,1,"63",-1.14712362212862,0.12842770497051,1,0
"8522",29,1,"63",-1.14712362212862,0.12842770497051,1,0
"8523",30,1,"63",-1.14712362212862,0.12842770497051,1,0
"8524",1,2,"63",-0.405632027110385,0.663802951813253,1,0
"8525",2,2,"63",-0.405632027110385,0.663802951813253,1,0
"8526",3,2,"63",-0.405632027110385,0.663802951813253,1,0
"8527",4,2,"63",-0.405632027110385,0.663802951813253,1,0
"8528",5,2,"63",-0.405632027110385,0.663802951813253,1,0
"8529",6,2,"63",-0.405632027110385,0.663802951813253,1,0
"8530",7,2,"63",-0.405632027110385,0.663802951813253,1,0
"8531",8,2,"63",-0.405632027110385,0.663802951813253,1,0
"8532",9,2,"63",-0.405632027110385,0.663802951813253,1,0
"8533",10,2,"63",-0.405632027110385,0.663802951813253,1,0
"8534",11,2,"63",-0.405632027110385,0.663802951813253,1,0
"8535",12,2,"63",-0.405632027110385,0.663802951813253,1,0
"8536",13,2,"63",-0.405632027110385,0.663802951813253,1,0
"8537",14,2,"63",-0.405632027110385,0.663802951813253,1,0
"8538",15,2,"63",-0.405632027110385,0.663802951813253,1,0
"8539",16,2,"63",-0.405632027110385,0.663802951813253,1,0
"8540",17,2,"63",-0.405632027110385,0.663802951813253,1,0
"8541",18,2,"63",-0.405632027110385,0.663802951813253,1,0
"8542",19,2,"63",-0.405632027110385,0.663802951813253,1,0
"8543",20,2,"63",-0.405632027110385,0.663802951813253,1,0
"8544",21,2,"63",-0.405632027110385,0.663802951813253,1,0
"8545",22,2,"63",-0.405632027110385,0.663802951813253,1,0
"8546",23,2,"63",-0.405632027110385,0.663802951813253,1,0
"8547",24,2,"63",-0.405632027110385,0.663802951813253,1,0
"8548",25,2,"63",-0.405632027110385,0.663802951813253,1,0
"8549",26,2,"63",-0.405632027110385,0.663802951813253,1,0
"8550",27,2,"63",-0.405632027110385,0.663802951813253,1,0
"8551",28,2,"63",-0.405632027110385,0.663802951813253,1,0
"8552",29,2,"63",-0.405632027110385,0.663802951813253,1,0
"8553",30,2,"63",-0.405632027110385,0.663802951813253,1,0
"8554",1,3,"63",1.51059446169542,0.999381182169668,1,0
"8555",2,3,"63",1.51059446169542,0.999381182169668,1,0
"8556",3,3,"63",1.51059446169542,0.999381182169668,1,0
"8557",4,3,"63",1.51059446169542,0.999381182169668,1,0
"8558",5,3,"63",1.51059446169542,0.999381182169668,1,0
"8559",6,3,"63",1.51059446169542,0.999381182169668,1,0
"8560",7,3,"63",1.51059446169542,0.999381182169668,1,0
"8561",8,3,"63",1.51059446169542,0.999381182169668,1,0
"8562",9,3,"63",1.51059446169542,0.999381182169668,1,0
"8563",10,3,"63",1.51059446169542,0.999381182169668,1,0
"8564",11,3,"63",1.51059446169542,0.999381182169668,1,0
"8565",12,3,"63",1.51059446169542,0.999381182169668,1,0
"8566",13,3,"63",1.51059446169542,0.999381182169668,1,0
"8567",14,3,"63",1.51059446169542,0.999381182169668,1,0
"8568",15,3,"63",1.51059446169542,0.999381182169668,1,0
"8569",16,3,"63",1.51059446169542,0.999381182169668,1,0
"8570",17,3,"63",1.51059446169542,0.999381182169668,1,0
"8571",18,3,"63",1.51059446169542,0.999381182169668,1,0
"8572",19,3,"63",1.51059446169542,0.999381182169668,1,0
"8573",20,3,"63",1.51059446169542,0.999381182169668,1,0
"8574",21,3,"63",1.51059446169542,0.999381182169668,1,0
"8575",22,3,"63",1.51059446169542,0.999381182169668,1,0
"8576",23,3,"63",1.51059446169542,0.999381182169668,1,0
"8577",24,3,"63",1.51059446169542,0.999381182169668,1,0
"8578",25,3,"63",1.51059446169542,0.999381182169668,1,0
"8579",26,3,"63",1.51059446169542,0.999381182169668,1,0
"8580",27,3,"63",1.51059446169542,0.999381182169668,1,0
"8581",28,3,"63",1.51059446169542,0.999381182169668,1,0
"8582",29,3,"63",1.51059446169542,0.999381182169668,1,0
"8583",30,3,"63",1.51059446169542,0.999381182169668,1,0
"8584",1,1,"64",0.473408833062937,0.977177711709076,1,0
"8585",2,1,"64",0.473408833062937,0.977177711709076,1,0
"8586",3,1,"64",0.473408833062937,0.977177711709076,1,0
"8587",4,1,"64",0.473408833062937,0.977177711709076,1,0
"8588",5,1,"64",0.473408833062937,0.977177711709076,1,0
"8589",6,1,"64",0.473408833062937,0.977177711709076,1,0
"8590",7,1,"64",0.473408833062937,0.977177711709076,1,0
"8591",8,1,"64",0.473408833062937,0.977177711709076,1,0
"8592",9,1,"64",0.473408833062937,0.977177711709076,1,0
"8593",10,1,"64",0.473408833062937,0.977177711709076,1,0
"8594",11,1,"64",0.473408833062937,0.977177711709076,1,0
"8595",12,1,"64",0.473408833062937,0.977177711709076,1,0
"8596",13,1,"64",0.473408833062937,0.977177711709076,1,0
"8597",14,1,"64",0.473408833062937,0.977177711709076,1,0
"8598",15,1,"64",0.473408833062937,0.977177711709076,1,0
"8599",16,1,"64",0.473408833062937,0.977177711709076,1,0
"8600",17,1,"64",0.473408833062937,0.977177711709076,1,0
"8601",18,1,"64",0.473408833062937,0.977177711709076,1,0
"8602",19,1,"64",0.473408833062937,0.977177711709076,1,0
"8603",20,1,"64",0.473408833062937,0.977177711709076,1,0
"8604",21,1,"64",0.473408833062937,0.977177711709076,1,0
"8605",22,1,"64",0.473408833062937,0.977177711709076,1,0
"8606",23,1,"64",0.473408833062937,0.977177711709076,1,0
"8607",24,1,"64",0.473408833062937,0.977177711709076,1,0
"8608",25,1,"64",0.473408833062937,0.977177711709076,1,0
"8609",26,1,"64",0.473408833062937,0.977177711709076,1,0
"8610",27,1,"64",0.473408833062937,0.977177711709076,1,0
"8611",28,1,"64",0.473408833062937,0.977177711709076,1,0
"8612",29,1,"64",0.473408833062937,0.977177711709076,1,0
"8613",30,1,"64",0.473408833062937,0.977177711709076,1,0
"8614",1,2,"64",-0.24995087657035,0.77297243248117,1,0
"8615",2,2,"64",-0.24995087657035,0.77297243248117,1,0
"8616",3,2,"64",-0.24995087657035,0.77297243248117,1,0
"8617",4,2,"64",-0.24995087657035,0.77297243248117,1,0
"8618",5,2,"64",-0.24995087657035,0.77297243248117,1,0
"8619",6,2,"64",-0.24995087657035,0.77297243248117,1,0
"8620",7,2,"64",-0.24995087657035,0.77297243248117,1,0
"8621",8,2,"64",-0.24995087657035,0.77297243248117,1,0
"8622",9,2,"64",-0.24995087657035,0.77297243248117,1,0
"8623",10,2,"64",-0.24995087657035,0.77297243248117,1,0
"8624",11,2,"64",-0.24995087657035,0.77297243248117,1,0
"8625",12,2,"64",-0.24995087657035,0.77297243248117,1,0
"8626",13,2,"64",-0.24995087657035,0.77297243248117,1,0
"8627",14,2,"64",-0.24995087657035,0.77297243248117,1,0
"8628",15,2,"64",-0.24995087657035,0.77297243248117,1,0
"8629",16,2,"64",-0.24995087657035,0.77297243248117,1,0
"8630",17,2,"64",-0.24995087657035,0.77297243248117,1,0
"8631",18,2,"64",-0.24995087657035,0.77297243248117,1,0
"8632",19,2,"64",-0.24995087657035,0.77297243248117,1,0
"8633",20,2,"64",-0.24995087657035,0.77297243248117,1,0
"8634",21,2,"64",-0.24995087657035,0.77297243248117,1,0
"8635",22,2,"64",-0.24995087657035,0.77297243248117,1,0
"8636",23,2,"64",-0.24995087657035,0.77297243248117,1,0
"8637",24,2,"64",-0.24995087657035,0.77297243248117,1,0
"8638",25,2,"64",-0.24995087657035,0.77297243248117,1,0
"8639",26,2,"64",-0.24995087657035,0.77297243248117,1,0
"8640",27,2,"64",-0.24995087657035,0.77297243248117,1,0
"8641",28,2,"64",-0.24995087657035,0.77297243248117,1,0
"8642",29,2,"64",-0.24995087657035,0.77297243248117,1,0
"8643",30,2,"64",-0.24995087657035,0.77297243248117,1,0
"8644",1,3,"64",-1.94580376550629,0.00892164563576303,1,0
"8645",2,3,"64",-1.94580376550629,0.00892164563576303,1,0
"8646",3,3,"64",-1.94580376550629,0.00892164563576303,1,0
"8647",4,3,"64",-1.94580376550629,0.00892164563576303,1,0
"8648",5,3,"64",-1.94580376550629,0.00892164563576303,1,0
"8649",6,3,"64",-1.94580376550629,0.00892164563576303,1,0
"8650",7,3,"64",-1.94580376550629,0.00892164563576303,1,0
"8651",8,3,"64",-1.94580376550629,0.00892164563576303,1,0
"8652",9,3,"64",-1.94580376550629,0.00892164563576303,1,0
"8653",10,3,"64",-1.94580376550629,0.00892164563576303,1,0
"8654",11,3,"64",-1.94580376550629,0.00892164563576303,1,0
"8655",12,3,"64",-1.94580376550629,0.00892164563576303,1,0
"8656",13,3,"64",-1.94580376550629,0.00892164563576303,1,0
"8657",14,3,"64",-1.94580376550629,0.00892164563576303,1,0
"8658",15,3,"64",-1.94580376550629,0.00892164563576303,1,0
"8659",16,3,"64",-1.94580376550629,0.00892164563576303,1,0
"8660",17,3,"64",-1.94580376550629,0.00892164563576303,1,0
"8661",18,3,"64",-1.94580376550629,0.00892164563576303,1,0
"8662",19,3,"64",-1.94580376550629,0.00892164563576303,1,0
"8663",20,3,"64",-1.94580376550629,0.00892164563576303,1,0
"8664",21,3,"64",-1.94580376550629,0.00892164563576303,1,0
"8665",22,3,"64",-1.94580376550629,0.00892164563576303,1,0
"8666",23,3,"64",-1.94580376550629,0.00892164563576303,1,0
"8667",24,3,"64",-1.94580376550629,0.00892164563576303,1,0
"8668",25,3,"64",-1.94580376550629,0.00892164563576303,1,0
"8669",26,3,"64",-1.94580376550629,0.00892164563576303,1,0
"8670",27,3,"64",-1.94580376550629,0.00892164563576303,1,0
"8671",28,3,"64",-1.94580376550629,0.00892164563576303,1,0
"8672",29,3,"64",-1.94580376550629,0.00892164563576303,1,0
"8673",30,3,"64",-1.94580376550629,0.00892164563576303,1,0
"8674",1,1,"65",1.65153626287426,0.999622052378392,1,1
"8675",2,1,"65",1.65153626287426,0.999622052378392,1,1
"8676",3,1,"65",1.65153626287426,0.999622052378392,1,1
"8677",4,1,"65",1.65153626287426,0.999622052378392,1,1
"8678",5,1,"65",1.65153626287426,0.999622052378392,1,1
"8679",6,1,"65",1.65153626287426,0.999622052378392,1,1
"8680",7,1,"65",1.65153626287426,0.999622052378392,1,1
"8681",8,1,"65",1.65153626287426,0.999622052378392,1,1
"8682",9,1,"65",1.65153626287426,0.999622052378392,1,1
"8683",10,1,"65",1.65153626287426,0.999622052378392,1,1
"8684",11,1,"65",1.65153626287426,0.999622052378392,1,1
"8685",12,1,"65",1.65153626287426,0.999622052378392,1,1
"8686",13,1,"65",1.65153626287426,0.999622052378392,1,1
"8687",14,1,"65",1.65153626287426,0.999622052378392,1,1
"8688",15,1,"65",1.65153626287426,0.999622052378392,1,1
"8689",16,1,"65",1.65153626287426,0.999622052378392,1,1
"8690",17,1,"65",1.65153626287426,0.999622052378392,1,1
"8691",18,1,"65",1.65153626287426,0.999622052378392,1,1
"8692",19,1,"65",1.65153626287426,0.999622052378392,1,1
"8693",20,1,"65",1.65153626287426,0.999622052378392,1,1
"8694",21,1,"65",1.65153626287426,0.999622052378392,1,1
"8695",22,1,"65",1.65153626287426,0.999622052378392,1,1
"8696",23,1,"65",1.65153626287426,0.999622052378392,1,1
"8697",24,1,"65",1.65153626287426,0.999622052378392,1,1
"8698",25,1,"65",1.65153626287426,0.999622052378392,1,0
"8699",26,1,"65",1.65153626287426,0.999622052378392,1,1
"8700",27,1,"65",1.65153626287426,0.999622052378392,1,1
"8701",28,1,"65",1.65153626287426,0.999622052378392,1,1
"8702",29,1,"65",1.65153626287426,0.999622052378392,1,1
"8703",30,1,"65",1.65153626287426,0.999622052378392,1,1
"8704",1,2,"65",1.6268208323105,0.99958791671513,1,1
"8705",2,2,"65",1.6268208323105,0.99958791671513,1,1
"8706",3,2,"65",1.6268208323105,0.99958791671513,1,1
"8707",4,2,"65",1.6268208323105,0.99958791671513,1,1
"8708",5,2,"65",1.6268208323105,0.99958791671513,1,1
"8709",6,2,"65",1.6268208323105,0.99958791671513,1,1
"8710",7,2,"65",1.6268208323105,0.99958791671513,1,1
"8711",8,2,"65",1.6268208323105,0.99958791671513,1,1
"8712",9,2,"65",1.6268208323105,0.99958791671513,1,1
"8713",10,2,"65",1.6268208323105,0.99958791671513,1,1
"8714",11,2,"65",1.6268208323105,0.99958791671513,1,1
"8715",12,2,"65",1.6268208323105,0.99958791671513,1,1
"8716",13,2,"65",1.6268208323105,0.99958791671513,1,1
"8717",14,2,"65",1.6268208323105,0.99958791671513,1,1
"8718",15,2,"65",1.6268208323105,0.99958791671513,1,1
"8719",16,2,"65",1.6268208323105,0.99958791671513,1,1
"8720",17,2,"65",1.6268208323105,0.99958791671513,1,1
"8721",18,2,"65",1.6268208323105,0.99958791671513,1,1
"8722",19,2,"65",1.6268208323105,0.99958791671513,1,1
"8723",20,2,"65",1.6268208323105,0.99958791671513,1,1
"8724",21,2,"65",1.6268208323105,0.99958791671513,1,1
"8725",22,2,"65",1.6268208323105,0.99958791671513,1,1
"8726",23,2,"65",1.6268208323105,0.99958791671513,1,1
"8727",24,2,"65",1.6268208323105,0.99958791671513,1,1
"8728",25,2,"65",1.6268208323105,0.99958791671513,1,0
"8729",26,2,"65",1.6268208323105,0.99958791671513,1,1
"8730",27,2,"65",1.6268208323105,0.99958791671513,1,1
"8731",28,2,"65",1.6268208323105,0.99958791671513,1,1
"8732",29,2,"65",1.6268208323105,0.99958791671513,1,1
"8733",30,2,"65",1.6268208323105,0.99958791671513,1,1
"8734",1,3,"65",0.569985835454415,0.983616323854636,1,1
"8735",2,3,"65",0.569985835454415,0.983616323854636,1,1
"8736",3,3,"65",0.569985835454415,0.983616323854636,1,1
"8737",4,3,"65",0.569985835454415,0.983616323854636,1,1
"8738",5,3,"65",0.569985835454415,0.983616323854636,1,1
"8739",6,3,"65",0.569985835454415,0.983616323854636,1,1
"8740",7,3,"65",0.569985835454415,0.983616323854636,1,1
"8741",8,3,"65",0.569985835454415,0.983616323854636,1,1
"8742",9,3,"65",0.569985835454415,0.983616323854636,1,1
"8743",10,3,"65",0.569985835454415,0.983616323854636,1,1
"8744",11,3,"65",0.569985835454415,0.983616323854636,1,1
"8745",12,3,"65",0.569985835454415,0.983616323854636,1,1
"8746",13,3,"65",0.569985835454415,0.983616323854636,1,1
"8747",14,3,"65",0.569985835454415,0.983616323854636,1,1
"8748",15,3,"65",0.569985835454415,0.983616323854636,1,1
"8749",16,3,"65",0.569985835454415,0.983616323854636,1,1
"8750",17,3,"65",0.569985835454415,0.983616323854636,1,1
"8751",18,3,"65",0.569985835454415,0.983616323854636,1,1
"8752",19,3,"65",0.569985835454415,0.983616323854636,1,1
"8753",20,3,"65",0.569985835454415,0.983616323854636,1,1
"8754",21,3,"65",0.569985835454415,0.983616323854636,1,1
"8755",22,3,"65",0.569985835454415,0.983616323854636,1,1
"8756",23,3,"65",0.569985835454415,0.983616323854636,1,1
"8757",24,3,"65",0.569985835454415,0.983616323854636,1,1
"8758",25,3,"65",0.569985835454415,0.983616323854636,1,0
"8759",26,3,"65",0.569985835454415,0.983616323854636,1,1
"8760",27,3,"65",0.569985835454415,0.983616323854636,1,1
"8761",28,3,"65",0.569985835454415,0.983616323854636,1,1
"8762",29,3,"65",0.569985835454415,0.983616323854636,1,1
"8763",30,3,"65",0.569985835454415,0.983616323854636,1,1
"8764",1,4,"65",-0.650269255474598,0.456127518488911,2,0
"8765",2,4,"65",-0.650269255474598,0.456127518488911,2,0
"8766",3,4,"65",-0.650269255474598,0.456127518488911,2,0
"8767",4,4,"65",-0.650269255474598,0.456127518488911,2,0
"8768",5,4,"65",-0.650269255474598,0.456127518488911,2,0
"8769",6,4,"65",-0.650269255474598,0.456127518488911,2,0
"8770",7,4,"65",-0.650269255474598,0.456127518488911,2,0
"8771",8,4,"65",-0.650269255474598,0.456127518488911,2,0
"8772",9,4,"65",-0.650269255474598,0.456127518488911,2,0
"8773",10,4,"65",-0.650269255474598,0.456127518488911,2,0
"8774",11,4,"65",-0.650269255474598,0.456127518488911,2,0
"8775",12,4,"65",-0.650269255474598,0.456127518488911,2,0
"8776",13,4,"65",-0.650269255474598,0.456127518488911,2,0
"8777",14,4,"65",-0.650269255474598,0.456127518488911,2,0
"8778",15,4,"65",-0.650269255474598,0.456127518488911,2,0
"8779",16,4,"65",-0.650269255474598,0.456127518488911,2,0
"8780",17,4,"65",-0.650269255474598,0.456127518488911,2,0
"8781",18,4,"65",-0.650269255474598,0.456127518488911,2,0
"8782",19,4,"65",-0.650269255474598,0.456127518488911,2,0
"8783",20,4,"65",-0.650269255474598,0.456127518488911,2,0
"8784",21,4,"65",-0.650269255474598,0.456127518488911,2,0
"8785",22,4,"65",-0.650269255474598,0.456127518488911,2,0
"8786",23,4,"65",-0.650269255474598,0.456127518488911,2,0
"8787",24,4,"65",-0.650269255474598,0.456127518488911,2,0
"8788",26,4,"65",-0.650269255474598,0.456127518488911,2,0
"8789",27,4,"65",-0.650269255474598,0.456127518488911,2,0
"8790",28,4,"65",-0.650269255474598,0.456127518488911,2,0
"8791",29,4,"65",-0.650269255474598,0.456127518488911,2,0
"8792",30,4,"65",-0.650269255474598,0.456127518488911,2,0
"8793",1,5,"65",-0.919564838305615,0.246293905917607,2,0
"8794",2,5,"65",-0.919564838305615,0.246293905917607,2,0
"8795",3,5,"65",-0.919564838305615,0.246293905917607,2,0
"8796",4,5,"65",-0.919564838305615,0.246293905917607,2,0
"8797",5,5,"65",-0.919564838305615,0.246293905917607,2,0
"8798",6,5,"65",-0.919564838305615,0.246293905917607,2,0
"8799",7,5,"65",-0.919564838305615,0.246293905917607,2,0
"8800",8,5,"65",-0.919564838305615,0.246293905917607,2,0
"8801",9,5,"65",-0.919564838305615,0.246293905917607,2,0
"8802",10,5,"65",-0.919564838305615,0.246293905917607,2,0
"8803",11,5,"65",-0.919564838305615,0.246293905917607,2,0
"8804",12,5,"65",-0.919564838305615,0.246293905917607,2,0
"8805",13,5,"65",-0.919564838305615,0.246293905917607,2,0
"8806",14,5,"65",-0.919564838305615,0.246293905917607,2,0
"8807",15,5,"65",-0.919564838305615,0.246293905917607,2,0
"8808",16,5,"65",-0.919564838305615,0.246293905917607,2,0
"8809",17,5,"65",-0.919564838305615,0.246293905917607,2,0
"8810",18,5,"65",-0.919564838305615,0.246293905917607,2,0
"8811",19,5,"65",-0.919564838305615,0.246293905917607,2,0
"8812",20,5,"65",-0.919564838305615,0.246293905917607,2,0
"8813",21,5,"65",-0.919564838305615,0.246293905917607,2,0
"8814",22,5,"65",-0.919564838305615,0.246293905917607,2,0
"8815",23,5,"65",-0.919564838305615,0.246293905917607,2,0
"8816",24,5,"65",-0.919564838305615,0.246293905917607,2,0
"8817",26,5,"65",-0.919564838305615,0.246293905917607,2,0
"8818",27,5,"65",-0.919564838305615,0.246293905917607,2,0
"8819",28,5,"65",-0.919564838305615,0.246293905917607,2,0
"8820",29,5,"65",-0.919564838305615,0.246293905917607,2,0
"8821",30,5,"65",-0.919564838305615,0.246293905917607,2,0
"8822",1,6,"65",-1.24941596737209,0.0933876470727019,2,0
"8823",2,6,"65",-1.24941596737209,0.0933876470727019,2,0
"8824",3,6,"65",-1.24941596737209,0.0933876470727019,2,0
"8825",4,6,"65",-1.24941596737209,0.0933876470727019,2,0
"8826",5,6,"65",-1.24941596737209,0.0933876470727019,2,0
"8827",6,6,"65",-1.24941596737209,0.0933876470727019,2,0
"8828",7,6,"65",-1.24941596737209,0.0933876470727019,2,0
"8829",8,6,"65",-1.24941596737209,0.0933876470727019,2,0
"8830",9,6,"65",-1.24941596737209,0.0933876470727019,2,0
"8831",10,6,"65",-1.24941596737209,0.0933876470727019,2,0
"8832",11,6,"65",-1.24941596737209,0.0933876470727019,2,0
"8833",12,6,"65",-1.24941596737209,0.0933876470727019,2,0
"8834",13,6,"65",-1.24941596737209,0.0933876470727019,2,0
"8835",14,6,"65",-1.24941596737209,0.0933876470727019,2,0
"8836",15,6,"65",-1.24941596737209,0.0933876470727019,2,0
"8837",16,6,"65",-1.24941596737209,0.0933876470727019,2,0
"8838",17,6,"65",-1.24941596737209,0.0933876470727019,2,0
"8839",18,6,"65",-1.24941596737209,0.0933876470727019,2,0
"8840",19,6,"65",-1.24941596737209,0.0933876470727019,2,0
"8841",20,6,"65",-1.24941596737209,0.0933876470727019,2,0
"8842",21,6,"65",-1.24941596737209,0.0933876470727019,2,0
"8843",22,6,"65",-1.24941596737209,0.0933876470727019,2,0
"8844",23,6,"65",-1.24941596737209,0.0933876470727019,2,0
"8845",24,6,"65",-1.24941596737209,0.0933876470727019,2,0
"8846",26,6,"65",-1.24941596737209,0.0933876470727019,2,0
"8847",27,6,"65",-1.24941596737209,0.0933876470727019,2,0
"8848",28,6,"65",-1.24941596737209,0.0933876470727019,2,0
"8849",29,6,"65",-1.24941596737209,0.0933876470727019,2,0
"8850",30,6,"65",-1.24941596737209,0.0933876470727019,2,0
"8851",1,1,"66",0.571579279382004,0.98370595748922,1,1
"8852",2,1,"66",0.571579279382004,0.98370595748922,1,0
"8853",3,1,"66",0.571579279382004,0.98370595748922,1,1
"8854",4,1,"66",0.571579279382004,0.98370595748922,1,1
"8855",5,1,"66",0.571579279382004,0.98370595748922,1,1
"8856",6,1,"66",0.571579279382004,0.98370595748922,1,1
"8857",7,1,"66",0.571579279382004,0.98370595748922,1,1
"8858",8,1,"66",0.571579279382004,0.98370595748922,1,0
"8859",9,1,"66",0.571579279382004,0.98370595748922,1,1
"8860",10,1,"66",0.571579279382004,0.98370595748922,1,0
"8861",11,1,"66",0.571579279382004,0.98370595748922,1,1
"8862",12,1,"66",0.571579279382004,0.98370595748922,1,1
"8863",13,1,"66",0.571579279382004,0.98370595748922,1,0
"8864",14,1,"66",0.571579279382004,0.98370595748922,1,1
"8865",15,1,"66",0.571579279382004,0.98370595748922,1,0
"8866",16,1,"66",0.571579279382004,0.98370595748922,1,0
"8867",17,1,"66",0.571579279382004,0.98370595748922,1,1
"8868",18,1,"66",0.571579279382004,0.98370595748922,1,1
"8869",19,1,"66",0.571579279382004,0.98370595748922,1,1
"8870",20,1,"66",0.571579279382004,0.98370595748922,1,1
"8871",21,1,"66",0.571579279382004,0.98370595748922,1,0
"8872",22,1,"66",0.571579279382004,0.98370595748922,1,0
"8873",23,1,"66",0.571579279382004,0.98370595748922,1,1
"8874",24,1,"66",0.571579279382004,0.98370595748922,1,0
"8875",25,1,"66",0.571579279382004,0.98370595748922,1,1
"8876",26,1,"66",0.571579279382004,0.98370595748922,1,0
"8877",27,1,"66",0.571579279382004,0.98370595748922,1,1
"8878",28,1,"66",0.571579279382004,0.98370595748922,1,1
"8879",29,1,"66",0.571579279382004,0.98370595748922,1,0
"8880",30,1,"66",0.571579279382004,0.98370595748922,1,0
"8881",1,2,"66",-0.290803029058833,0.746908082994806,1,1
"8882",2,2,"66",-0.290803029058833,0.746908082994806,1,0
"8883",3,2,"66",-0.290803029058833,0.746908082994806,1,1
"8884",4,2,"66",-0.290803029058833,0.746908082994806,1,1
"8885",5,2,"66",-0.290803029058833,0.746908082994806,1,1
"8886",6,2,"66",-0.290803029058833,0.746908082994806,1,1
"8887",7,2,"66",-0.290803029058833,0.746908082994806,1,1
"8888",8,2,"66",-0.290803029058833,0.746908082994806,1,0
"8889",9,2,"66",-0.290803029058833,0.746908082994806,1,1
"8890",10,2,"66",-0.290803029058833,0.746908082994806,1,0
"8891",11,2,"66",-0.290803029058833,0.746908082994806,1,1
"8892",12,2,"66",-0.290803029058833,0.746908082994806,1,1
"8893",13,2,"66",-0.290803029058833,0.746908082994806,1,0
"8894",14,2,"66",-0.290803029058833,0.746908082994806,1,1
"8895",15,2,"66",-0.290803029058833,0.746908082994806,1,0
"8896",16,2,"66",-0.290803029058833,0.746908082994806,1,0
"8897",17,2,"66",-0.290803029058833,0.746908082994806,1,1
"8898",18,2,"66",-0.290803029058833,0.746908082994806,1,1
"8899",19,2,"66",-0.290803029058833,0.746908082994806,1,1
"8900",20,2,"66",-0.290803029058833,0.746908082994806,1,1
"8901",21,2,"66",-0.290803029058833,0.746908082994806,1,0
"8902",22,2,"66",-0.290803029058833,0.746908082994806,1,0
"8903",23,2,"66",-0.290803029058833,0.746908082994806,1,1
"8904",24,2,"66",-0.290803029058833,0.746908082994806,1,0
"8905",25,2,"66",-0.290803029058833,0.746908082994806,1,1
"8906",26,2,"66",-0.290803029058833,0.746908082994806,1,0
"8907",27,2,"66",-0.290803029058833,0.746908082994806,1,1
"8908",28,2,"66",-0.290803029058833,0.746908082994806,1,1
"8909",29,2,"66",-0.290803029058833,0.746908082994806,1,0
"8910",30,2,"66",-0.290803029058833,0.746908082994806,1,0
"8911",1,3,"66",0.109006038726417,0.922836186948509,1,1
"8912",2,3,"66",0.109006038726417,0.922836186948509,1,0
"8913",3,3,"66",0.109006038726417,0.922836186948509,1,1
"8914",4,3,"66",0.109006038726417,0.922836186948509,1,1
"8915",5,3,"66",0.109006038726417,0.922836186948509,1,1
"8916",6,3,"66",0.109006038726417,0.922836186948509,1,1
"8917",7,3,"66",0.109006038726417,0.922836186948509,1,1
"8918",8,3,"66",0.109006038726417,0.922836186948509,1,0
"8919",9,3,"66",0.109006038726417,0.922836186948509,1,1
"8920",10,3,"66",0.109006038726417,0.922836186948509,1,0
"8921",11,3,"66",0.109006038726417,0.922836186948509,1,1
"8922",12,3,"66",0.109006038726417,0.922836186948509,1,1
"8923",13,3,"66",0.109006038726417,0.922836186948509,1,0
"8924",14,3,"66",0.109006038726417,0.922836186948509,1,1
"8925",15,3,"66",0.109006038726417,0.922836186948509,1,0
"8926",16,3,"66",0.109006038726417,0.922836186948509,1,0
"8927",17,3,"66",0.109006038726417,0.922836186948509,1,1
"8928",18,3,"66",0.109006038726417,0.922836186948509,1,1
"8929",19,3,"66",0.109006038726417,0.922836186948509,1,1
"8930",20,3,"66",0.109006038726417,0.922836186948509,1,1
"8931",21,3,"66",0.109006038726417,0.922836186948509,1,0
"8932",22,3,"66",0.109006038726417,0.922836186948509,1,0
"8933",23,3,"66",0.109006038726417,0.922836186948509,1,1
"8934",24,3,"66",0.109006038726417,0.922836186948509,1,0
"8935",25,3,"66",0.109006038726417,0.922836186948509,1,1
"8936",26,3,"66",0.109006038726417,0.922836186948509,1,0
"8937",27,3,"66",0.109006038726417,0.922836186948509,1,1
"8938",28,3,"66",0.109006038726417,0.922836186948509,1,1
"8939",29,3,"66",0.109006038726417,0.922836186948509,1,0
"8940",30,3,"66",0.109006038726417,0.922836186948509,1,0
"8941",1,4,"66",0.299893012564827,0.958893964653631,2,0
"8942",3,4,"66",0.299893012564827,0.958893964653631,2,0
"8943",4,4,"66",0.299893012564827,0.958893964653631,2,1
"8944",5,4,"66",0.299893012564827,0.958893964653631,2,0
"8945",6,4,"66",0.299893012564827,0.958893964653631,2,0
"8946",7,4,"66",0.299893012564827,0.958893964653631,2,0
"8947",9,4,"66",0.299893012564827,0.958893964653631,2,0
"8948",11,4,"66",0.299893012564827,0.958893964653631,2,0
"8949",12,4,"66",0.299893012564827,0.958893964653631,2,0
"8950",14,4,"66",0.299893012564827,0.958893964653631,2,0
"8951",17,4,"66",0.299893012564827,0.958893964653631,2,0
"8952",18,4,"66",0.299893012564827,0.958893964653631,2,0
"8953",19,4,"66",0.299893012564827,0.958893964653631,2,0
"8954",20,4,"66",0.299893012564827,0.958893964653631,2,0
"8955",23,4,"66",0.299893012564827,0.958893964653631,2,0
"8956",25,4,"66",0.299893012564827,0.958893964653631,2,1
"8957",27,4,"66",0.299893012564827,0.958893964653631,2,0
"8958",28,4,"66",0.299893012564827,0.958893964653631,2,0
"8959",1,5,"66",-1.22344485734305,0.101373387954514,2,0
"8960",3,5,"66",-1.22344485734305,0.101373387954514,2,0
"8961",4,5,"66",-1.22344485734305,0.101373387954514,2,1
"8962",5,5,"66",-1.22344485734305,0.101373387954514,2,0
"8963",6,5,"66",-1.22344485734305,0.101373387954514,2,0
"8964",7,5,"66",-1.22344485734305,0.101373387954514,2,0
"8965",9,5,"66",-1.22344485734305,0.101373387954514,2,0
"8966",11,5,"66",-1.22344485734305,0.101373387954514,2,0
"8967",12,5,"66",-1.22344485734305,0.101373387954514,2,0
"8968",14,5,"66",-1.22344485734305,0.101373387954514,2,0
"8969",17,5,"66",-1.22344485734305,0.101373387954514,2,0
"8970",18,5,"66",-1.22344485734305,0.101373387954514,2,0
"8971",19,5,"66",-1.22344485734305,0.101373387954514,2,0
"8972",20,5,"66",-1.22344485734305,0.101373387954514,2,0
"8973",23,5,"66",-1.22344485734305,0.101373387954514,2,0
"8974",25,5,"66",-1.22344485734305,0.101373387954514,2,1
"8975",27,5,"66",-1.22344485734305,0.101373387954514,2,0
"8976",28,5,"66",-1.22344485734305,0.101373387954514,2,0
"8977",1,6,"66",-0.639384380946612,0.465593130799161,2,0
"8978",3,6,"66",-0.639384380946612,0.465593130799161,2,0
"8979",4,6,"66",-0.639384380946612,0.465593130799161,2,1
"8980",5,6,"66",-0.639384380946612,0.465593130799161,2,0
"8981",6,6,"66",-0.639384380946612,0.465593130799161,2,0
"8982",7,6,"66",-0.639384380946612,0.465593130799161,2,0
"8983",9,6,"66",-0.639384380946612,0.465593130799161,2,0
"8984",11,6,"66",-0.639384380946612,0.465593130799161,2,0
"8985",12,6,"66",-0.639384380946612,0.465593130799161,2,0
"8986",14,6,"66",-0.639384380946612,0.465593130799161,2,0
"8987",17,6,"66",-0.639384380946612,0.465593130799161,2,0
"8988",18,6,"66",-0.639384380946612,0.465593130799161,2,0
"8989",19,6,"66",-0.639384380946612,0.465593130799161,2,0
"8990",20,6,"66",-0.639384380946612,0.465593130799161,2,0
"8991",23,6,"66",-0.639384380946612,0.465593130799161,2,0
"8992",25,6,"66",-0.639384380946612,0.465593130799161,2,1
"8993",27,6,"66",-0.639384380946612,0.465593130799161,2,0
"8994",28,6,"66",-0.639384380946612,0.465593130799161,2,0
"8995",4,7,"66",0.22927271580054,0.947967638587883,3,1
"8996",25,7,"66",0.22927271580054,0.947967638587883,3,1
"8997",4,8,"66",1.76998755577812,0.999750288969698,3,1
"8998",25,8,"66",1.76998755577812,0.999750288969698,3,1
"8999",4,9,"66",0.733931966658515,0.990703357903256,3,1
"9000",25,9,"66",0.733931966658515,0.990703357903256,3,1
"9001",4,10,"66",0.418353971104464,0.972461324279801,4,1
"9002",25,10,"66",0.418353971104464,0.972461324279801,4,1
"9003",4,11,"66",0.852610925931223,0.993843909476157,4,1
"9004",25,11,"66",0.852610925931223,0.993843909476157,4,1
"9005",4,12,"66",0.388752947986104,0.969546730646019,4,1
"9006",25,12,"66",0.388752947986104,0.969546730646019,4,1
"9007",4,13,"66",-0.71122406132522,0.403889623325688,5,0
"9008",25,13,"66",-0.71122406132522,0.403889623325688,5,1
"9009",4,14,"66",1.13923632520741,0.997733675753209,5,0
"9010",25,14,"66",1.13923632520741,0.997733675753209,5,1
"9011",4,15,"66",-1.14176683277579,0.130540989871921,5,0
"9012",25,15,"66",-1.14176683277579,0.130540989871921,5,1
"9013",25,16,"66",-1.03139331824355,0.180957079692461,6,1
"9014",25,17,"66",0.244814076405964,0.950586207417005,6,1
"9015",25,18,"66",1.61056161990256,0.999563796625544,6,1
"9016",25,19,"66",-0.632404577770925,0.471676348995119,7,0
"9017",25,20,"66",0.976217919440486,0.995997249387659,7,0
"9018",25,21,"66",-0.244892063597797,0.776064535814984,7,0
"9019",1,1,"67",1.59039302795967,0.999531907110703,1,0
"9020",2,1,"67",1.59039302795967,0.999531907110703,1,1
"9021",3,1,"67",1.59039302795967,0.999531907110703,1,1
"9022",4,1,"67",1.59039302795967,0.999531907110703,1,0
"9023",5,1,"67",1.59039302795967,0.999531907110703,1,1
"9024",6,1,"67",1.59039302795967,0.999531907110703,1,1
"9025",7,1,"67",1.59039302795967,0.999531907110703,1,0
"9026",8,1,"67",1.59039302795967,0.999531907110703,1,1
"9027",9,1,"67",1.59039302795967,0.999531907110703,1,1
"9028",10,1,"67",1.59039302795967,0.999531907110703,1,1
"9029",11,1,"67",1.59039302795967,0.999531907110703,1,0
"9030",12,1,"67",1.59039302795967,0.999531907110703,1,1
"9031",13,1,"67",1.59039302795967,0.999531907110703,1,1
"9032",14,1,"67",1.59039302795967,0.999531907110703,1,1
"9033",15,1,"67",1.59039302795967,0.999531907110703,1,1
"9034",16,1,"67",1.59039302795967,0.999531907110703,1,0
"9035",17,1,"67",1.59039302795967,0.999531907110703,1,1
"9036",18,1,"67",1.59039302795967,0.999531907110703,1,1
"9037",19,1,"67",1.59039302795967,0.999531907110703,1,1
"9038",20,1,"67",1.59039302795967,0.999531907110703,1,1
"9039",21,1,"67",1.59039302795967,0.999531907110703,1,1
"9040",22,1,"67",1.59039302795967,0.999531907110703,1,1
"9041",23,1,"67",1.59039302795967,0.999531907110703,1,1
"9042",24,1,"67",1.59039302795967,0.999531907110703,1,1
"9043",25,1,"67",1.59039302795967,0.999531907110703,1,1
"9044",26,1,"67",1.59039302795967,0.999531907110703,1,1
"9045",27,1,"67",1.59039302795967,0.999531907110703,1,0
"9046",28,1,"67",1.59039302795967,0.999531907110703,1,1
"9047",29,1,"67",1.59039302795967,0.999531907110703,1,1
"9048",30,1,"67",1.59039302795967,0.999531907110703,1,0
"9049",1,2,"67",0.370220516407093,0.967572132214052,1,0
"9050",2,2,"67",0.370220516407093,0.967572132214052,1,1
"9051",3,2,"67",0.370220516407093,0.967572132214052,1,1
"9052",4,2,"67",0.370220516407093,0.967572132214052,1,0
"9053",5,2,"67",0.370220516407093,0.967572132214052,1,1
"9054",6,2,"67",0.370220516407093,0.967572132214052,1,1
"9055",7,2,"67",0.370220516407093,0.967572132214052,1,0
"9056",8,2,"67",0.370220516407093,0.967572132214052,1,1
"9057",9,2,"67",0.370220516407093,0.967572132214052,1,1
"9058",10,2,"67",0.370220516407093,0.967572132214052,1,1
"9059",11,2,"67",0.370220516407093,0.967572132214052,1,0
"9060",12,2,"67",0.370220516407093,0.967572132214052,1,1
"9061",13,2,"67",0.370220516407093,0.967572132214052,1,1
"9062",14,2,"67",0.370220516407093,0.967572132214052,1,1
"9063",15,2,"67",0.370220516407093,0.967572132214052,1,1
"9064",16,2,"67",0.370220516407093,0.967572132214052,1,0
"9065",17,2,"67",0.370220516407093,0.967572132214052,1,1
"9066",18,2,"67",0.370220516407093,0.967572132214052,1,1
"9067",19,2,"67",0.370220516407093,0.967572132214052,1,1
"9068",20,2,"67",0.370220516407093,0.967572132214052,1,1
"9069",21,2,"67",0.370220516407093,0.967572132214052,1,1
"9070",22,2,"67",0.370220516407093,0.967572132214052,1,1
"9071",23,2,"67",0.370220516407093,0.967572132214052,1,1
"9072",24,2,"67",0.370220516407093,0.967572132214052,1,1
"9073",25,2,"67",0.370220516407093,0.967572132214052,1,1
"9074",26,2,"67",0.370220516407093,0.967572132214052,1,1
"9075",27,2,"67",0.370220516407093,0.967572132214052,1,0
"9076",28,2,"67",0.370220516407093,0.967572132214052,1,1
"9077",29,2,"67",0.370220516407093,0.967572132214052,1,1
"9078",30,2,"67",0.370220516407093,0.967572132214052,1,0
"9079",1,3,"67",-0.305606936733197,0.73698873078606,1,0
"9080",2,3,"67",-0.305606936733197,0.73698873078606,1,1
"9081",3,3,"67",-0.305606936733197,0.73698873078606,1,1
"9082",4,3,"67",-0.305606936733197,0.73698873078606,1,0
"9083",5,3,"67",-0.305606936733197,0.73698873078606,1,1
"9084",6,3,"67",-0.305606936733197,0.73698873078606,1,1
"9085",7,3,"67",-0.305606936733197,0.73698873078606,1,0
"9086",8,3,"67",-0.305606936733197,0.73698873078606,1,1
"9087",9,3,"67",-0.305606936733197,0.73698873078606,1,1
"9088",10,3,"67",-0.305606936733197,0.73698873078606,1,1
"9089",11,3,"67",-0.305606936733197,0.73698873078606,1,0
"9090",12,3,"67",-0.305606936733197,0.73698873078606,1,1
"9091",13,3,"67",-0.305606936733197,0.73698873078606,1,1
"9092",14,3,"67",-0.305606936733197,0.73698873078606,1,1
"9093",15,3,"67",-0.305606936733197,0.73698873078606,1,1
"9094",16,3,"67",-0.305606936733197,0.73698873078606,1,0
"9095",17,3,"67",-0.305606936733197,0.73698873078606,1,1
"9096",18,3,"67",-0.305606936733197,0.73698873078606,1,1
"9097",19,3,"67",-0.305606936733197,0.73698873078606,1,1
"9098",20,3,"67",-0.305606936733197,0.73698873078606,1,1
"9099",21,3,"67",-0.305606936733197,0.73698873078606,1,1
"9100",22,3,"67",-0.305606936733197,0.73698873078606,1,1
"9101",23,3,"67",-0.305606936733197,0.73698873078606,1,1
"9102",24,3,"67",-0.305606936733197,0.73698873078606,1,1
"9103",25,3,"67",-0.305606936733197,0.73698873078606,1,1
"9104",26,3,"67",-0.305606936733197,0.73698873078606,1,1
"9105",27,3,"67",-0.305606936733197,0.73698873078606,1,0
"9106",28,3,"67",-0.305606936733197,0.73698873078606,1,1
"9107",29,3,"67",-0.305606936733197,0.73698873078606,1,1
"9108",30,3,"67",-0.305606936733197,0.73698873078606,1,0
"9109",2,4,"67",0.874059284456028,0.994286578944597,2,1
"9110",3,4,"67",0.874059284456028,0.994286578944597,2,0
"9111",5,4,"67",0.874059284456028,0.994286578944597,2,0
"9112",6,4,"67",0.874059284456028,0.994286578944597,2,0
"9113",8,4,"67",0.874059284456028,0.994286578944597,2,1
"9114",9,4,"67",0.874059284456028,0.994286578944597,2,1
"9115",10,4,"67",0.874059284456028,0.994286578944597,2,1
"9116",12,4,"67",0.874059284456028,0.994286578944597,2,1
"9117",13,4,"67",0.874059284456028,0.994286578944597,2,1
"9118",14,4,"67",0.874059284456028,0.994286578944597,2,0
"9119",15,4,"67",0.874059284456028,0.994286578944597,2,1
"9120",17,4,"67",0.874059284456028,0.994286578944597,2,1
"9121",18,4,"67",0.874059284456028,0.994286578944597,2,0
"9122",19,4,"67",0.874059284456028,0.994286578944597,2,1
"9123",20,4,"67",0.874059284456028,0.994286578944597,2,1
"9124",21,4,"67",0.874059284456028,0.994286578944597,2,0
"9125",22,4,"67",0.874059284456028,0.994286578944597,2,1
"9126",23,4,"67",0.874059284456028,0.994286578944597,2,1
"9127",24,4,"67",0.874059284456028,0.994286578944597,2,1
"9128",25,4,"67",0.874059284456028,0.994286578944597,2,1
"9129",26,4,"67",0.874059284456028,0.994286578944597,2,1
"9130",28,4,"67",0.874059284456028,0.994286578944597,2,1
"9131",29,4,"67",0.874059284456028,0.994286578944597,2,0
"9132",2,5,"67",-0.393825928772021,0.672961286253479,2,1
"9133",3,5,"67",-0.393825928772021,0.672961286253479,2,0
"9134",5,5,"67",-0.393825928772021,0.672961286253479,2,0
"9135",6,5,"67",-0.393825928772021,0.672961286253479,2,0
"9136",8,5,"67",-0.393825928772021,0.672961286253479,2,1
"9137",9,5,"67",-0.393825928772021,0.672961286253479,2,1
"9138",10,5,"67",-0.393825928772021,0.672961286253479,2,1
"9139",12,5,"67",-0.393825928772021,0.672961286253479,2,1
"9140",13,5,"67",-0.393825928772021,0.672961286253479,2,1
"9141",14,5,"67",-0.393825928772021,0.672961286253479,2,0
"9142",15,5,"67",-0.393825928772021,0.672961286253479,2,1
"9143",17,5,"67",-0.393825928772021,0.672961286253479,2,1
"9144",18,5,"67",-0.393825928772021,0.672961286253479,2,0
"9145",19,5,"67",-0.393825928772021,0.672961286253479,2,1
"9146",20,5,"67",-0.393825928772021,0.672961286253479,2,1
"9147",21,5,"67",-0.393825928772021,0.672961286253479,2,0
"9148",22,5,"67",-0.393825928772021,0.672961286253479,2,1
"9149",23,5,"67",-0.393825928772021,0.672961286253479,2,1
"9150",24,5,"67",-0.393825928772021,0.672961286253479,2,1
"9151",25,5,"67",-0.393825928772021,0.672961286253479,2,1
"9152",26,5,"67",-0.393825928772021,0.672961286253479,2,1
"9153",28,5,"67",-0.393825928772021,0.672961286253479,2,1
"9154",29,5,"67",-0.393825928772021,0.672961286253479,2,0
"9155",2,6,"67",0.271274043114458,0.954759170773525,2,1
"9156",3,6,"67",0.271274043114458,0.954759170773525,2,0
"9157",5,6,"67",0.271274043114458,0.954759170773525,2,0
"9158",6,6,"67",0.271274043114458,0.954759170773525,2,0
"9159",8,6,"67",0.271274043114458,0.954759170773525,2,1
"9160",9,6,"67",0.271274043114458,0.954759170773525,2,1
"9161",10,6,"67",0.271274043114458,0.954759170773525,2,1
"9162",12,6,"67",0.271274043114458,0.954759170773525,2,1
"9163",13,6,"67",0.271274043114458,0.954759170773525,2,1
"9164",14,6,"67",0.271274043114458,0.954759170773525,2,0
"9165",15,6,"67",0.271274043114458,0.954759170773525,2,1
"9166",17,6,"67",0.271274043114458,0.954759170773525,2,1
"9167",18,6,"67",0.271274043114458,0.954759170773525,2,0
"9168",19,6,"67",0.271274043114458,0.954759170773525,2,1
"9169",20,6,"67",0.271274043114458,0.954759170773525,2,1
"9170",21,6,"67",0.271274043114458,0.954759170773525,2,0
"9171",22,6,"67",0.271274043114458,0.954759170773525,2,1
"9172",23,6,"67",0.271274043114458,0.954759170773525,2,1
"9173",24,6,"67",0.271274043114458,0.954759170773525,2,1
"9174",25,6,"67",0.271274043114458,0.954759170773525,2,1
"9175",26,6,"67",0.271274043114458,0.954759170773525,2,1
"9176",28,6,"67",0.271274043114458,0.954759170773525,2,1
"9177",29,6,"67",0.271274043114458,0.954759170773525,2,0
"9178",2,7,"67",0.785007750271509,0.992213347682997,3,0
"9179",8,7,"67",0.785007750271509,0.992213347682997,3,0
"9180",9,7,"67",0.785007750271509,0.992213347682997,3,0
"9181",10,7,"67",0.785007750271509,0.992213347682997,3,0
"9182",12,7,"67",0.785007750271509,0.992213347682997,3,0
"9183",13,7,"67",0.785007750271509,0.992213347682997,3,0
"9184",15,7,"67",0.785007750271509,0.992213347682997,3,0
"9185",17,7,"67",0.785007750271509,0.992213347682997,3,0
"9186",19,7,"67",0.785007750271509,0.992213347682997,3,0
"9187",20,7,"67",0.785007750271509,0.992213347682997,3,0
"9188",22,7,"67",0.785007750271509,0.992213347682997,3,0
"9189",23,7,"67",0.785007750271509,0.992213347682997,3,0
"9190",24,7,"67",0.785007750271509,0.992213347682997,3,0
"9191",25,7,"67",0.785007750271509,0.992213347682997,3,0
"9192",26,7,"67",0.785007750271509,0.992213347682997,3,0
"9193",28,7,"67",0.785007750271509,0.992213347682997,3,0
"9194",2,8,"67",-0.221816918400764,0.789786800628137,3,0
"9195",8,8,"67",-0.221816918400764,0.789786800628137,3,0
"9196",9,8,"67",-0.221816918400764,0.789786800628137,3,0
"9197",10,8,"67",-0.221816918400764,0.789786800628137,3,0
"9198",12,8,"67",-0.221816918400764,0.789786800628137,3,0
"9199",13,8,"67",-0.221816918400764,0.789786800628137,3,0
"9200",15,8,"67",-0.221816918400764,0.789786800628137,3,0
"9201",17,8,"67",-0.221816918400764,0.789786800628137,3,0
"9202",19,8,"67",-0.221816918400764,0.789786800628137,3,0
"9203",20,8,"67",-0.221816918400764,0.789786800628137,3,0
"9204",22,8,"67",-0.221816918400764,0.789786800628137,3,0
"9205",23,8,"67",-0.221816918400764,0.789786800628137,3,0
"9206",24,8,"67",-0.221816918400764,0.789786800628137,3,0
"9207",25,8,"67",-0.221816918400764,0.789786800628137,3,0
"9208",26,8,"67",-0.221816918400764,0.789786800628137,3,0
"9209",28,8,"67",-0.221816918400764,0.789786800628137,3,0
"9210",2,9,"67",-1.67261127011841,0.0228846250684067,3,0
"9211",8,9,"67",-1.67261127011841,0.0228846250684067,3,0
"9212",9,9,"67",-1.67261127011841,0.0228846250684067,3,0
"9213",10,9,"67",-1.67261127011841,0.0228846250684067,3,0
"9214",12,9,"67",-1.67261127011841,0.0228846250684067,3,0
"9215",13,9,"67",-1.67261127011841,0.0228846250684067,3,0
"9216",15,9,"67",-1.67261127011841,0.0228846250684067,3,0
"9217",17,9,"67",-1.67261127011841,0.0228846250684067,3,0
"9218",19,9,"67",-1.67261127011841,0.0228846250684067,3,0
"9219",20,9,"67",-1.67261127011841,0.0228846250684067,3,0
"9220",22,9,"67",-1.67261127011841,0.0228846250684067,3,0
"9221",23,9,"67",-1.67261127011841,0.0228846250684067,3,0
"9222",24,9,"67",-1.67261127011841,0.0228846250684067,3,0
"9223",25,9,"67",-1.67261127011841,0.0228846250684067,3,0
"9224",26,9,"67",-1.67261127011841,0.0228846250684067,3,0
"9225",28,9,"67",-1.67261127011841,0.0228846250684067,3,0
"9226",1,1,"68",-0.0106392326783875,0.887230878677656,1,0
"9227",2,1,"68",-0.0106392326783875,0.887230878677656,1,0
"9228",3,1,"68",-0.0106392326783875,0.887230878677656,1,0
"9229",4,1,"68",-0.0106392326783875,0.887230878677656,1,0
"9230",5,1,"68",-0.0106392326783875,0.887230878677656,1,0
"9231",6,1,"68",-0.0106392326783875,0.887230878677656,1,0
"9232",7,1,"68",-0.0106392326783875,0.887230878677656,1,0
"9233",8,1,"68",-0.0106392326783875,0.887230878677656,1,0
"9234",9,1,"68",-0.0106392326783875,0.887230878677656,1,0
"9235",10,1,"68",-0.0106392326783875,0.887230878677656,1,0
"9236",11,1,"68",-0.0106392326783875,0.887230878677656,1,0
"9237",12,1,"68",-0.0106392326783875,0.887230878677656,1,0
"9238",13,1,"68",-0.0106392326783875,0.887230878677656,1,0
"9239",14,1,"68",-0.0106392326783875,0.887230878677656,1,0
"9240",15,1,"68",-0.0106392326783875,0.887230878677656,1,0
"9241",16,1,"68",-0.0106392326783875,0.887230878677656,1,0
"9242",17,1,"68",-0.0106392326783875,0.887230878677656,1,0
"9243",18,1,"68",-0.0106392326783875,0.887230878677656,1,0
"9244",19,1,"68",-0.0106392326783875,0.887230878677656,1,0
"9245",20,1,"68",-0.0106392326783875,0.887230878677656,1,0
"9246",21,1,"68",-0.0106392326783875,0.887230878677656,1,0
"9247",22,1,"68",-0.0106392326783875,0.887230878677656,1,0
"9248",23,1,"68",-0.0106392326783875,0.887230878677656,1,0
"9249",24,1,"68",-0.0106392326783875,0.887230878677656,1,0
"9250",25,1,"68",-0.0106392326783875,0.887230878677656,1,0
"9251",26,1,"68",-0.0106392326783875,0.887230878677656,1,0
"9252",27,1,"68",-0.0106392326783875,0.887230878677656,1,0
"9253",28,1,"68",-0.0106392326783875,0.887230878677656,1,0
"9254",29,1,"68",-0.0106392326783875,0.887230878677656,1,0
"9255",30,1,"68",-0.0106392326783875,0.887230878677656,1,0
"9256",1,2,"68",-0.539450008164435,0.552783837413905,1,0
"9257",2,2,"68",-0.539450008164435,0.552783837413905,1,0
"9258",3,2,"68",-0.539450008164435,0.552783837413905,1,0
"9259",4,2,"68",-0.539450008164435,0.552783837413905,1,0
"9260",5,2,"68",-0.539450008164435,0.552783837413905,1,0
"9261",6,2,"68",-0.539450008164435,0.552783837413905,1,0
"9262",7,2,"68",-0.539450008164435,0.552783837413905,1,0
"9263",8,2,"68",-0.539450008164435,0.552783837413905,1,0
"9264",9,2,"68",-0.539450008164435,0.552783837413905,1,0
"9265",10,2,"68",-0.539450008164435,0.552783837413905,1,0
"9266",11,2,"68",-0.539450008164435,0.552783837413905,1,0
"9267",12,2,"68",-0.539450008164435,0.552783837413905,1,0
"9268",13,2,"68",-0.539450008164435,0.552783837413905,1,0
"9269",14,2,"68",-0.539450008164435,0.552783837413905,1,0
"9270",15,2,"68",-0.539450008164435,0.552783837413905,1,0
"9271",16,2,"68",-0.539450008164435,0.552783837413905,1,0
"9272",17,2,"68",-0.539450008164435,0.552783837413905,1,0
"9273",18,2,"68",-0.539450008164435,0.552783837413905,1,0
"9274",19,2,"68",-0.539450008164435,0.552783837413905,1,0
"9275",20,2,"68",-0.539450008164435,0.552783837413905,1,0
"9276",21,2,"68",-0.539450008164435,0.552783837413905,1,0
"9277",22,2,"68",-0.539450008164435,0.552783837413905,1,0
"9278",23,2,"68",-0.539450008164435,0.552783837413905,1,0
"9279",24,2,"68",-0.539450008164435,0.552783837413905,1,0
"9280",25,2,"68",-0.539450008164435,0.552783837413905,1,0
"9281",26,2,"68",-0.539450008164435,0.552783837413905,1,0
"9282",27,2,"68",-0.539450008164435,0.552783837413905,1,0
"9283",28,2,"68",-0.539450008164435,0.552783837413905,1,0
"9284",29,2,"68",-0.539450008164435,0.552783837413905,1,0
"9285",30,2,"68",-0.539450008164435,0.552783837413905,1,0
"9286",1,3,"68",-2.35423094496819,0.00215070125539392,1,0
"9287",2,3,"68",-2.35423094496819,0.00215070125539392,1,0
"9288",3,3,"68",-2.35423094496819,0.00215070125539392,1,0
"9289",4,3,"68",-2.35423094496819,0.00215070125539392,1,0
"9290",5,3,"68",-2.35423094496819,0.00215070125539392,1,0
"9291",6,3,"68",-2.35423094496819,0.00215070125539392,1,0
"9292",7,3,"68",-2.35423094496819,0.00215070125539392,1,0
"9293",8,3,"68",-2.35423094496819,0.00215070125539392,1,0
"9294",9,3,"68",-2.35423094496819,0.00215070125539392,1,0
"9295",10,3,"68",-2.35423094496819,0.00215070125539392,1,0
"9296",11,3,"68",-2.35423094496819,0.00215070125539392,1,0
"9297",12,3,"68",-2.35423094496819,0.00215070125539392,1,0
"9298",13,3,"68",-2.35423094496819,0.00215070125539392,1,0
"9299",14,3,"68",-2.35423094496819,0.00215070125539392,1,0
"9300",15,3,"68",-2.35423094496819,0.00215070125539392,1,0
"9301",16,3,"68",-2.35423094496819,0.00215070125539392,1,0
"9302",17,3,"68",-2.35423094496819,0.00215070125539392,1,0
"9303",18,3,"68",-2.35423094496819,0.00215070125539392,1,0
"9304",19,3,"68",-2.35423094496819,0.00215070125539392,1,0
"9305",20,3,"68",-2.35423094496819,0.00215070125539392,1,0
"9306",21,3,"68",-2.35423094496819,0.00215070125539392,1,0
"9307",22,3,"68",-2.35423094496819,0.00215070125539392,1,0
"9308",23,3,"68",-2.35423094496819,0.00215070125539392,1,0
"9309",24,3,"68",-2.35423094496819,0.00215070125539392,1,0
"9310",25,3,"68",-2.35423094496819,0.00215070125539392,1,0
"9311",26,3,"68",-2.35423094496819,0.00215070125539392,1,0
"9312",27,3,"68",-2.35423094496819,0.00215070125539392,1,0
"9313",28,3,"68",-2.35423094496819,0.00215070125539392,1,0
"9314",29,3,"68",-2.35423094496819,0.00215070125539392,1,0
"9315",30,3,"68",-2.35423094496819,0.00215070125539392,1,0
"9316",1,1,"69",0.155131913342804,0.933575861090743,1,0
"9317",2,1,"69",0.155131913342804,0.933575861090743,1,0
"9318",3,1,"69",0.155131913342804,0.933575861090743,1,0
"9319",4,1,"69",0.155131913342804,0.933575861090743,1,0
"9320",5,1,"69",0.155131913342804,0.933575861090743,1,0
"9321",6,1,"69",0.155131913342804,0.933575861090743,1,0
"9322",7,1,"69",0.155131913342804,0.933575861090743,1,0
"9323",8,1,"69",0.155131913342804,0.933575861090743,1,0
"9324",9,1,"69",0.155131913342804,0.933575861090743,1,0
"9325",10,1,"69",0.155131913342804,0.933575861090743,1,0
"9326",11,1,"69",0.155131913342804,0.933575861090743,1,0
"9327",12,1,"69",0.155131913342804,0.933575861090743,1,0
"9328",13,1,"69",0.155131913342804,0.933575861090743,1,0
"9329",14,1,"69",0.155131913342804,0.933575861090743,1,0
"9330",15,1,"69",0.155131913342804,0.933575861090743,1,0
"9331",16,1,"69",0.155131913342804,0.933575861090743,1,0
"9332",17,1,"69",0.155131913342804,0.933575861090743,1,0
"9333",18,1,"69",0.155131913342804,0.933575861090743,1,0
"9334",19,1,"69",0.155131913342804,0.933575861090743,1,0
"9335",20,1,"69",0.155131913342804,0.933575861090743,1,0
"9336",21,1,"69",0.155131913342804,0.933575861090743,1,0
"9337",22,1,"69",0.155131913342804,0.933575861090743,1,0
"9338",23,1,"69",0.155131913342804,0.933575861090743,1,0
"9339",24,1,"69",0.155131913342804,0.933575861090743,1,0
"9340",25,1,"69",0.155131913342804,0.933575861090743,1,0
"9341",26,1,"69",0.155131913342804,0.933575861090743,1,0
"9342",27,1,"69",0.155131913342804,0.933575861090743,1,0
"9343",28,1,"69",0.155131913342804,0.933575861090743,1,0
"9344",29,1,"69",0.155131913342804,0.933575861090743,1,0
"9345",30,1,"69",0.155131913342804,0.933575861090743,1,0
"9346",1,2,"69",-1.34583338647522,0.0684710109395564,1,0
"9347",2,2,"69",-1.34583338647522,0.0684710109395564,1,0
"9348",3,2,"69",-1.34583338647522,0.0684710109395564,1,0
"9349",4,2,"69",-1.34583338647522,0.0684710109395564,1,0
"9350",5,2,"69",-1.34583338647522,0.0684710109395564,1,0
"9351",6,2,"69",-1.34583338647522,0.0684710109395564,1,0
"9352",7,2,"69",-1.34583338647522,0.0684710109395564,1,0
"9353",8,2,"69",-1.34583338647522,0.0684710109395564,1,0
"9354",9,2,"69",-1.34583338647522,0.0684710109395564,1,0
"9355",10,2,"69",-1.34583338647522,0.0684710109395564,1,0
"9356",11,2,"69",-1.34583338647522,0.0684710109395564,1,0
"9357",12,2,"69",-1.34583338647522,0.0684710109395564,1,0
"9358",13,2,"69",-1.34583338647522,0.0684710109395564,1,0
"9359",14,2,"69",-1.34583338647522,0.0684710109395564,1,0
"9360",15,2,"69",-1.34583338647522,0.0684710109395564,1,0
"9361",16,2,"69",-1.34583338647522,0.0684710109395564,1,0
"9362",17,2,"69",-1.34583338647522,0.0684710109395564,1,0
"9363",18,2,"69",-1.34583338647522,0.0684710109395564,1,0
"9364",19,2,"69",-1.34583338647522,0.0684710109395564,1,0
"9365",20,2,"69",-1.34583338647522,0.0684710109395564,1,0
"9366",21,2,"69",-1.34583338647522,0.0684710109395564,1,0
"9367",22,2,"69",-1.34583338647522,0.0684710109395564,1,0
"9368",23,2,"69",-1.34583338647522,0.0684710109395564,1,0
"9369",24,2,"69",-1.34583338647522,0.0684710109395564,1,0
"9370",25,2,"69",-1.34583338647522,0.0684710109395564,1,0
"9371",26,2,"69",-1.34583338647522,0.0684710109395564,1,0
"9372",27,2,"69",-1.34583338647522,0.0684710109395564,1,0
"9373",28,2,"69",-1.34583338647522,0.0684710109395564,1,0
"9374",29,2,"69",-1.34583338647522,0.0684710109395564,1,0
"9375",30,2,"69",-1.34583338647522,0.0684710109395564,1,0
"9376",1,3,"69",1.54179215636823,0.999445158207306,1,0
"9377",2,3,"69",1.54179215636823,0.999445158207306,1,0
"9378",3,3,"69",1.54179215636823,0.999445158207306,1,0
"9379",4,3,"69",1.54179215636823,0.999445158207306,1,0
"9380",5,3,"69",1.54179215636823,0.999445158207306,1,0
"9381",6,3,"69",1.54179215636823,0.999445158207306,1,0
"9382",7,3,"69",1.54179215636823,0.999445158207306,1,0
"9383",8,3,"69",1.54179215636823,0.999445158207306,1,0
"9384",9,3,"69",1.54179215636823,0.999445158207306,1,0
"9385",10,3,"69",1.54179215636823,0.999445158207306,1,0
"9386",11,3,"69",1.54179215636823,0.999445158207306,1,0
"9387",12,3,"69",1.54179215636823,0.999445158207306,1,0
"9388",13,3,"69",1.54179215636823,0.999445158207306,1,0
"9389",14,3,"69",1.54179215636823,0.999445158207306,1,0
"9390",15,3,"69",1.54179215636823,0.999445158207306,1,0
"9391",16,3,"69",1.54179215636823,0.999445158207306,1,0
"9392",17,3,"69",1.54179215636823,0.999445158207306,1,0
"9393",18,3,"69",1.54179215636823,0.999445158207306,1,0
"9394",19,3,"69",1.54179215636823,0.999445158207306,1,0
"9395",20,3,"69",1.54179215636823,0.999445158207306,1,0
"9396",21,3,"69",1.54179215636823,0.999445158207306,1,0
"9397",22,3,"69",1.54179215636823,0.999445158207306,1,0
"9398",23,3,"69",1.54179215636823,0.999445158207306,1,0
"9399",24,3,"69",1.54179215636823,0.999445158207306,1,0
"9400",25,3,"69",1.54179215636823,0.999445158207306,1,0
"9401",26,3,"69",1.54179215636823,0.999445158207306,1,0
"9402",27,3,"69",1.54179215636823,0.999445158207306,1,0
"9403",28,3,"69",1.54179215636823,0.999445158207306,1,0
"9404",29,3,"69",1.54179215636823,0.999445158207306,1,0
"9405",30,3,"69",1.54179215636823,0.999445158207306,1,0
"9406",1,1,"70",0.768824594133321,0.991763311336676,1,0
"9407",2,1,"70",0.768824594133321,0.991763311336676,1,0
"9408",3,1,"70",0.768824594133321,0.991763311336676,1,1
"9409",4,1,"70",0.768824594133321,0.991763311336676,1,0
"9410",5,1,"70",0.768824594133321,0.991763311336676,1,0
"9411",6,1,"70",0.768824594133321,0.991763311336676,1,0
"9412",7,1,"70",0.768824594133321,0.991763311336676,1,0
"9413",8,1,"70",0.768824594133321,0.991763311336676,1,0
"9414",9,1,"70",0.768824594133321,0.991763311336676,1,0
"9415",10,1,"70",0.768824594133321,0.991763311336676,1,0
"9416",11,1,"70",0.768824594133321,0.991763311336676,1,0
"9417",12,1,"70",0.768824594133321,0.991763311336676,1,1
"9418",13,1,"70",0.768824594133321,0.991763311336676,1,0
"9419",14,1,"70",0.768824594133321,0.991763311336676,1,0
"9420",15,1,"70",0.768824594133321,0.991763311336676,1,0
"9421",16,1,"70",0.768824594133321,0.991763311336676,1,0
"9422",17,1,"70",0.768824594133321,0.991763311336676,1,0
"9423",18,1,"70",0.768824594133321,0.991763311336676,1,0
"9424",19,1,"70",0.768824594133321,0.991763311336676,1,0
"9425",20,1,"70",0.768824594133321,0.991763311336676,1,0
"9426",21,1,"70",0.768824594133321,0.991763311336676,1,0
"9427",22,1,"70",0.768824594133321,0.991763311336676,1,0
"9428",23,1,"70",0.768824594133321,0.991763311336676,1,0
"9429",24,1,"70",0.768824594133321,0.991763311336676,1,1
"9430",25,1,"70",0.768824594133321,0.991763311336676,1,1
"9431",26,1,"70",0.768824594133321,0.991763311336676,1,0
"9432",27,1,"70",0.768824594133321,0.991763311336676,1,0
"9433",28,1,"70",0.768824594133321,0.991763311336676,1,0
"9434",29,1,"70",0.768824594133321,0.991763311336676,1,0
"9435",30,1,"70",0.768824594133321,0.991763311336676,1,0
"9436",1,2,"70",-0.141862497248723,0.832504376959763,1,0
"9437",2,2,"70",-0.141862497248723,0.832504376959763,1,0
"9438",3,2,"70",-0.141862497248723,0.832504376959763,1,1
"9439",4,2,"70",-0.141862497248723,0.832504376959763,1,0
"9440",5,2,"70",-0.141862497248723,0.832504376959763,1,0
"9441",6,2,"70",-0.141862497248723,0.832504376959763,1,0
"9442",7,2,"70",-0.141862497248723,0.832504376959763,1,0
"9443",8,2,"70",-0.141862497248723,0.832504376959763,1,0
"9444",9,2,"70",-0.141862497248723,0.832504376959763,1,0
"9445",10,2,"70",-0.141862497248723,0.832504376959763,1,0
"9446",11,2,"70",-0.141862497248723,0.832504376959763,1,0
"9447",12,2,"70",-0.141862497248723,0.832504376959763,1,1
"9448",13,2,"70",-0.141862497248723,0.832504376959763,1,0
"9449",14,2,"70",-0.141862497248723,0.832504376959763,1,0
"9450",15,2,"70",-0.141862497248723,0.832504376959763,1,0
"9451",16,2,"70",-0.141862497248723,0.832504376959763,1,0
"9452",17,2,"70",-0.141862497248723,0.832504376959763,1,0
"9453",18,2,"70",-0.141862497248723,0.832504376959763,1,0
"9454",19,2,"70",-0.141862497248723,0.832504376959763,1,0
"9455",20,2,"70",-0.141862497248723,0.832504376959763,1,0
"9456",21,2,"70",-0.141862497248723,0.832504376959763,1,0
"9457",22,2,"70",-0.141862497248723,0.832504376959763,1,0
"9458",23,2,"70",-0.141862497248723,0.832504376959763,1,0
"9459",24,2,"70",-0.141862497248723,0.832504376959763,1,1
"9460",25,2,"70",-0.141862497248723,0.832504376959763,1,1
"9461",26,2,"70",-0.141862497248723,0.832504376959763,1,0
"9462",27,2,"70",-0.141862497248723,0.832504376959763,1,0
"9463",28,2,"70",-0.141862497248723,0.832504376959763,1,0
"9464",29,2,"70",-0.141862497248723,0.832504376959763,1,0
"9465",30,2,"70",-0.141862497248723,0.832504376959763,1,0
"9466",1,3,"70",-1.32867669265197,0.0724017381891804,1,0
"9467",2,3,"70",-1.32867669265197,0.0724017381891804,1,0
"9468",3,3,"70",-1.32867669265197,0.0724017381891804,1,1
"9469",4,3,"70",-1.32867669265197,0.0724017381891804,1,0
"9470",5,3,"70",-1.32867669265197,0.0724017381891804,1,0
"9471",6,3,"70",-1.32867669265197,0.0724017381891804,1,0
"9472",7,3,"70",-1.32867669265197,0.0724017381891804,1,0
"9473",8,3,"70",-1.32867669265197,0.0724017381891804,1,0
"9474",9,3,"70",-1.32867669265197,0.0724017381891804,1,0
"9475",10,3,"70",-1.32867669265197,0.0724017381891804,1,0
"9476",11,3,"70",-1.32867669265197,0.0724017381891804,1,0
"9477",12,3,"70",-1.32867669265197,0.0724017381891804,1,1
"9478",13,3,"70",-1.32867669265197,0.0724017381891804,1,0
"9479",14,3,"70",-1.32867669265197,0.0724017381891804,1,0
"9480",15,3,"70",-1.32867669265197,0.0724017381891804,1,0
"9481",16,3,"70",-1.32867669265197,0.0724017381891804,1,0
"9482",17,3,"70",-1.32867669265197,0.0724017381891804,1,0
"9483",18,3,"70",-1.32867669265197,0.0724017381891804,1,0
"9484",19,3,"70",-1.32867669265197,0.0724017381891804,1,0
"9485",20,3,"70",-1.32867669265197,0.0724017381891804,1,0
"9486",21,3,"70",-1.32867669265197,0.0724017381891804,1,0
"9487",22,3,"70",-1.32867669265197,0.0724017381891804,1,0
"9488",23,3,"70",-1.32867669265197,0.0724017381891804,1,0
"9489",24,3,"70",-1.32867669265197,0.0724017381891804,1,1
"9490",25,3,"70",-1.32867669265197,0.0724017381891804,1,1
"9491",26,3,"70",-1.32867669265197,0.0724017381891804,1,0
"9492",27,3,"70",-1.32867669265197,0.0724017381891804,1,0
"9493",28,3,"70",-1.32867669265197,0.0724017381891804,1,0
"9494",29,3,"70",-1.32867669265197,0.0724017381891804,1,0
"9495",30,3,"70",-1.32867669265197,0.0724017381891804,1,0
"9496",3,4,"70",-0.985482437141864,0.206003068880105,2,0
"9497",12,4,"70",-0.985482437141864,0.206003068880105,2,0
"9498",24,4,"70",-0.985482437141864,0.206003068880105,2,0
"9499",25,4,"70",-0.985482437141864,0.206003068880105,2,0
"9500",3,5,"70",0.494555284487425,0.978771290149611,2,0
"9501",12,5,"70",0.494555284487425,0.978771290149611,2,0
"9502",24,5,"70",0.494555284487425,0.978771290149611,2,0
"9503",25,5,"70",0.494555284487425,0.978771290149611,2,0
"9504",3,6,"70",0.489187325129668,0.978377383431024,2,0
"9505",12,6,"70",0.489187325129668,0.978377383431024,2,0
"9506",24,6,"70",0.489187325129668,0.978377383431024,2,0
"9507",25,6,"70",0.489187325129668,0.978377383431024,2,0
"9508",1,1,"71",-1.01040579204682,0.192100302099629,1,0
"9509",2,1,"71",-1.01040579204682,0.192100302099629,1,0
"9510",3,1,"71",-1.01040579204682,0.192100302099629,1,0
"9511",4,1,"71",-1.01040579204682,0.192100302099629,1,0
"9512",5,1,"71",-1.01040579204682,0.192100302099629,1,0
"9513",6,1,"71",-1.01040579204682,0.192100302099629,1,0
"9514",7,1,"71",-1.01040579204682,0.192100302099629,1,0
"9515",8,1,"71",-1.01040579204682,0.192100302099629,1,0
"9516",9,1,"71",-1.01040579204682,0.192100302099629,1,0
"9517",10,1,"71",-1.01040579204682,0.192100302099629,1,0
"9518",11,1,"71",-1.01040579204682,0.192100302099629,1,0
"9519",12,1,"71",-1.01040579204682,0.192100302099629,1,0
"9520",13,1,"71",-1.01040579204682,0.192100302099629,1,0
"9521",14,1,"71",-1.01040579204682,0.192100302099629,1,0
"9522",15,1,"71",-1.01040579204682,0.192100302099629,1,0
"9523",16,1,"71",-1.01040579204682,0.192100302099629,1,0
"9524",17,1,"71",-1.01040579204682,0.192100302099629,1,0
"9525",18,1,"71",-1.01040579204682,0.192100302099629,1,0
"9526",19,1,"71",-1.01040579204682,0.192100302099629,1,0
"9527",20,1,"71",-1.01040579204682,0.192100302099629,1,0
"9528",21,1,"71",-1.01040579204682,0.192100302099629,1,1
"9529",22,1,"71",-1.01040579204682,0.192100302099629,1,0
"9530",23,1,"71",-1.01040579204682,0.192100302099629,1,0
"9531",24,1,"71",-1.01040579204682,0.192100302099629,1,1
"9532",25,1,"71",-1.01040579204682,0.192100302099629,1,0
"9533",26,1,"71",-1.01040579204682,0.192100302099629,1,0
"9534",27,1,"71",-1.01040579204682,0.192100302099629,1,0
"9535",28,1,"71",-1.01040579204682,0.192100302099629,1,0
"9536",29,1,"71",-1.01040579204682,0.192100302099629,1,0
"9537",30,1,"71",-1.01040579204682,0.192100302099629,1,0
"9538",1,2,"71",0.214544206555234,0.945365430225422,1,0
"9539",2,2,"71",0.214544206555234,0.945365430225422,1,0
"9540",3,2,"71",0.214544206555234,0.945365430225422,1,0
"9541",4,2,"71",0.214544206555234,0.945365430225422,1,0
"9542",5,2,"71",0.214544206555234,0.945365430225422,1,0
"9543",6,2,"71",0.214544206555234,0.945365430225422,1,0
"9544",7,2,"71",0.214544206555234,0.945365430225422,1,0
"9545",8,2,"71",0.214544206555234,0.945365430225422,1,0
"9546",9,2,"71",0.214544206555234,0.945365430225422,1,0
"9547",10,2,"71",0.214544206555234,0.945365430225422,1,0
"9548",11,2,"71",0.214544206555234,0.945365430225422,1,0
"9549",12,2,"71",0.214544206555234,0.945365430225422,1,0
"9550",13,2,"71",0.214544206555234,0.945365430225422,1,0
"9551",14,2,"71",0.214544206555234,0.945365430225422,1,0
"9552",15,2,"71",0.214544206555234,0.945365430225422,1,0
"9553",16,2,"71",0.214544206555234,0.945365430225422,1,0
"9554",17,2,"71",0.214544206555234,0.945365430225422,1,0
"9555",18,2,"71",0.214544206555234,0.945365430225422,1,0
"9556",19,2,"71",0.214544206555234,0.945365430225422,1,0
"9557",20,2,"71",0.214544206555234,0.945365430225422,1,0
"9558",21,2,"71",0.214544206555234,0.945365430225422,1,1
"9559",22,2,"71",0.214544206555234,0.945365430225422,1,0
"9560",23,2,"71",0.214544206555234,0.945365430225422,1,0
"9561",24,2,"71",0.214544206555234,0.945365430225422,1,1
"9562",25,2,"71",0.214544206555234,0.945365430225422,1,0
"9563",26,2,"71",0.214544206555234,0.945365430225422,1,0
"9564",27,2,"71",0.214544206555234,0.945365430225422,1,0
"9565",28,2,"71",0.214544206555234,0.945365430225422,1,0
"9566",29,2,"71",0.214544206555234,0.945365430225422,1,0
"9567",30,2,"71",0.214544206555234,0.945365430225422,1,0
"9568",1,3,"71",-0.436392801635552,0.639368704097605,1,0
"9569",2,3,"71",-0.436392801635552,0.639368704097605,1,0
"9570",3,3,"71",-0.436392801635552,0.639368704097605,1,0
"9571",4,3,"71",-0.436392801635552,0.639368704097605,1,0
"9572",5,3,"71",-0.436392801635552,0.639368704097605,1,0
"9573",6,3,"71",-0.436392801635552,0.639368704097605,1,0
"9574",7,3,"71",-0.436392801635552,0.639368704097605,1,0
"9575",8,3,"71",-0.436392801635552,0.639368704097605,1,0
"9576",9,3,"71",-0.436392801635552,0.639368704097605,1,0
"9577",10,3,"71",-0.436392801635552,0.639368704097605,1,0
"9578",11,3,"71",-0.436392801635552,0.639368704097605,1,0
"9579",12,3,"71",-0.436392801635552,0.639368704097605,1,0
"9580",13,3,"71",-0.436392801635552,0.639368704097605,1,0
"9581",14,3,"71",-0.436392801635552,0.639368704097605,1,0
"9582",15,3,"71",-0.436392801635552,0.639368704097605,1,0
"9583",16,3,"71",-0.436392801635552,0.639368704097605,1,0
"9584",17,3,"71",-0.436392801635552,0.639368704097605,1,0
"9585",18,3,"71",-0.436392801635552,0.639368704097605,1,0
"9586",19,3,"71",-0.436392801635552,0.639368704097605,1,0
"9587",20,3,"71",-0.436392801635552,0.639368704097605,1,0
"9588",21,3,"71",-0.436392801635552,0.639368704097605,1,1
"9589",22,3,"71",-0.436392801635552,0.639368704097605,1,0
"9590",23,3,"71",-0.436392801635552,0.639368704097605,1,0
"9591",24,3,"71",-0.436392801635552,0.639368704097605,1,1
"9592",25,3,"71",-0.436392801635552,0.639368704097605,1,0
"9593",26,3,"71",-0.436392801635552,0.639368704097605,1,0
"9594",27,3,"71",-0.436392801635552,0.639368704097605,1,0
"9595",28,3,"71",-0.436392801635552,0.639368704097605,1,0
"9596",29,3,"71",-0.436392801635552,0.639368704097605,1,0
"9597",30,3,"71",-0.436392801635552,0.639368704097605,1,0
"9598",21,4,"71",-0.749802774341902,0.371845032777174,2,0
"9599",24,4,"71",-0.749802774341902,0.371845032777174,2,0
"9600",21,5,"71",-1.12698368399988,0.136526686153545,2,0
"9601",24,5,"71",-1.12698368399988,0.136526686153545,2,0
"9602",21,6,"71",-0.486494345992061,0.59803152120697,2,0
"9603",24,6,"71",-0.486494345992061,0.59803152120697,2,0
"9604",1,1,"72",0.131056767742648,0.928155731050839,1,1
"9605",2,1,"72",0.131056767742648,0.928155731050839,1,1
"9606",3,1,"72",0.131056767742648,0.928155731050839,1,1
"9607",4,1,"72",0.131056767742648,0.928155731050839,1,1
"9608",5,1,"72",0.131056767742648,0.928155731050839,1,1
"9609",6,1,"72",0.131056767742648,0.928155731050839,1,1
"9610",7,1,"72",0.131056767742648,0.928155731050839,1,1
"9611",8,1,"72",0.131056767742648,0.928155731050839,1,1
"9612",9,1,"72",0.131056767742648,0.928155731050839,1,0
"9613",10,1,"72",0.131056767742648,0.928155731050839,1,1
"9614",11,1,"72",0.131056767742648,0.928155731050839,1,0
"9615",12,1,"72",0.131056767742648,0.928155731050839,1,0
"9616",13,1,"72",0.131056767742648,0.928155731050839,1,1
"9617",14,1,"72",0.131056767742648,0.928155731050839,1,1
"9618",15,1,"72",0.131056767742648,0.928155731050839,1,1
"9619",16,1,"72",0.131056767742648,0.928155731050839,1,1
"9620",17,1,"72",0.131056767742648,0.928155731050839,1,1
"9621",18,1,"72",0.131056767742648,0.928155731050839,1,1
"9622",19,1,"72",0.131056767742648,0.928155731050839,1,1
"9623",20,1,"72",0.131056767742648,0.928155731050839,1,1
"9624",21,1,"72",0.131056767742648,0.928155731050839,1,0
"9625",22,1,"72",0.131056767742648,0.928155731050839,1,0
"9626",23,1,"72",0.131056767742648,0.928155731050839,1,1
"9627",24,1,"72",0.131056767742648,0.928155731050839,1,1
"9628",25,1,"72",0.131056767742648,0.928155731050839,1,1
"9629",26,1,"72",0.131056767742648,0.928155731050839,1,1
"9630",27,1,"72",0.131056767742648,0.928155731050839,1,1
"9631",28,1,"72",0.131056767742648,0.928155731050839,1,1
"9632",29,1,"72",0.131056767742648,0.928155731050839,1,1
"9633",30,1,"72",0.131056767742648,0.928155731050839,1,1
"9634",1,2,"72",0.822051145427862,0.993153713148742,1,1
"9635",2,2,"72",0.822051145427862,0.993153713148742,1,1
"9636",3,2,"72",0.822051145427862,0.993153713148742,1,1
"9637",4,2,"72",0.822051145427862,0.993153713148742,1,1
"9638",5,2,"72",0.822051145427862,0.993153713148742,1,1
"9639",6,2,"72",0.822051145427862,0.993153713148742,1,1
"9640",7,2,"72",0.822051145427862,0.993153713148742,1,1
"9641",8,2,"72",0.822051145427862,0.993153713148742,1,1
"9642",9,2,"72",0.822051145427862,0.993153713148742,1,0
"9643",10,2,"72",0.822051145427862,0.993153713148742,1,1
"9644",11,2,"72",0.822051145427862,0.993153713148742,1,0
"9645",12,2,"72",0.822051145427862,0.993153713148742,1,0
"9646",13,2,"72",0.822051145427862,0.993153713148742,1,1
"9647",14,2,"72",0.822051145427862,0.993153713148742,1,1
"9648",15,2,"72",0.822051145427862,0.993153713148742,1,1
"9649",16,2,"72",0.822051145427862,0.993153713148742,1,1
"9650",17,2,"72",0.822051145427862,0.993153713148742,1,1
"9651",18,2,"72",0.822051145427862,0.993153713148742,1,1
"9652",19,2,"72",0.822051145427862,0.993153713148742,1,1
"9653",20,2,"72",0.822051145427862,0.993153713148742,1,1
"9654",21,2,"72",0.822051145427862,0.993153713148742,1,0
"9655",22,2,"72",0.822051145427862,0.993153713148742,1,0
"9656",23,2,"72",0.822051145427862,0.993153713148742,1,1
"9657",24,2,"72",0.822051145427862,0.993153713148742,1,1
"9658",25,2,"72",0.822051145427862,0.993153713148742,1,1
"9659",26,2,"72",0.822051145427862,0.993153713148742,1,1
"9660",27,2,"72",0.822051145427862,0.993153713148742,1,1
"9661",28,2,"72",0.822051145427862,0.993153713148742,1,1
"9662",29,2,"72",0.822051145427862,0.993153713148742,1,1
"9663",30,2,"72",0.822051145427862,0.993153713148742,1,1
"9664",1,3,"72",0.350836368481611,0.96537455300001,1,1
"9665",2,3,"72",0.350836368481611,0.96537455300001,1,1
"9666",3,3,"72",0.350836368481611,0.96537455300001,1,1
"9667",4,3,"72",0.350836368481611,0.96537455300001,1,1
"9668",5,3,"72",0.350836368481611,0.96537455300001,1,1
"9669",6,3,"72",0.350836368481611,0.96537455300001,1,1
"9670",7,3,"72",0.350836368481611,0.96537455300001,1,1
"9671",8,3,"72",0.350836368481611,0.96537455300001,1,1
"9672",9,3,"72",0.350836368481611,0.96537455300001,1,0
"9673",10,3,"72",0.350836368481611,0.96537455300001,1,1
"9674",11,3,"72",0.350836368481611,0.96537455300001,1,0
"9675",12,3,"72",0.350836368481611,0.96537455300001,1,0
"9676",13,3,"72",0.350836368481611,0.96537455300001,1,1
"9677",14,3,"72",0.350836368481611,0.96537455300001,1,1
"9678",15,3,"72",0.350836368481611,0.96537455300001,1,1
"9679",16,3,"72",0.350836368481611,0.96537455300001,1,1
"9680",17,3,"72",0.350836368481611,0.96537455300001,1,1
"9681",18,3,"72",0.350836368481611,0.96537455300001,1,1
"9682",19,3,"72",0.350836368481611,0.96537455300001,1,1
"9683",20,3,"72",0.350836368481611,0.96537455300001,1,1
"9684",21,3,"72",0.350836368481611,0.96537455300001,1,0
"9685",22,3,"72",0.350836368481611,0.96537455300001,1,0
"9686",23,3,"72",0.350836368481611,0.96537455300001,1,1
"9687",24,3,"72",0.350836368481611,0.96537455300001,1,1
"9688",25,3,"72",0.350836368481611,0.96537455300001,1,1
"9689",26,3,"72",0.350836368481611,0.96537455300001,1,1
"9690",27,3,"72",0.350836368481611,0.96537455300001,1,1
"9691",28,3,"72",0.350836368481611,0.96537455300001,1,1
"9692",29,3,"72",0.350836368481611,0.96537455300001,1,1
"9693",30,3,"72",0.350836368481611,0.96537455300001,1,1
"9694",1,4,"72",1.24047729165229,0.998408793895788,2,0
"9695",2,4,"72",1.24047729165229,0.998408793895788,2,0
"9696",3,4,"72",1.24047729165229,0.998408793895788,2,1
"9697",4,4,"72",1.24047729165229,0.998408793895788,2,0
"9698",5,4,"72",1.24047729165229,0.998408793895788,2,1
"9699",6,4,"72",1.24047729165229,0.998408793895788,2,0
"9700",7,4,"72",1.24047729165229,0.998408793895788,2,0
"9701",8,4,"72",1.24047729165229,0.998408793895788,2,0
"9702",10,4,"72",1.24047729165229,0.998408793895788,2,1
"9703",13,4,"72",1.24047729165229,0.998408793895788,2,0
"9704",14,4,"72",1.24047729165229,0.998408793895788,2,1
"9705",15,4,"72",1.24047729165229,0.998408793895788,2,1
"9706",16,4,"72",1.24047729165229,0.998408793895788,2,1
"9707",17,4,"72",1.24047729165229,0.998408793895788,2,1
"9708",18,4,"72",1.24047729165229,0.998408793895788,2,1
"9709",19,4,"72",1.24047729165229,0.998408793895788,2,1
"9710",20,4,"72",1.24047729165229,0.998408793895788,2,1
"9711",23,4,"72",1.24047729165229,0.998408793895788,2,0
"9712",24,4,"72",1.24047729165229,0.998408793895788,2,1
"9713",25,4,"72",1.24047729165229,0.998408793895788,2,1
"9714",26,4,"72",1.24047729165229,0.998408793895788,2,1
"9715",27,4,"72",1.24047729165229,0.998408793895788,2,1
"9716",28,4,"72",1.24047729165229,0.998408793895788,2,1
"9717",29,4,"72",1.24047729165229,0.998408793895788,2,1
"9718",30,4,"72",1.24047729165229,0.998408793895788,2,1
"9719",1,5,"72",-0.274546360121455,0.757512107521458,2,0
"9720",2,5,"72",-0.274546360121455,0.757512107521458,2,0
"9721",3,5,"72",-0.274546360121455,0.757512107521458,2,1
"9722",4,5,"72",-0.274546360121455,0.757512107521458,2,0
"9723",5,5,"72",-0.274546360121455,0.757512107521458,2,1
"9724",6,5,"72",-0.274546360121455,0.757512107521458,2,0
"9725",7,5,"72",-0.274546360121455,0.757512107521458,2,0
"9726",8,5,"72",-0.274546360121455,0.757512107521458,2,0
"9727",10,5,"72",-0.274546360121455,0.757512107521458,2,1
"9728",13,5,"72",-0.274546360121455,0.757512107521458,2,0
"9729",14,5,"72",-0.274546360121455,0.757512107521458,2,1
"9730",15,5,"72",-0.274546360121455,0.757512107521458,2,1
"9731",16,5,"72",-0.274546360121455,0.757512107521458,2,1
"9732",17,5,"72",-0.274546360121455,0.757512107521458,2,1
"9733",18,5,"72",-0.274546360121455,0.757512107521458,2,1
"9734",19,5,"72",-0.274546360121455,0.757512107521458,2,1
"9735",20,5,"72",-0.274546360121455,0.757512107521458,2,1
"9736",23,5,"72",-0.274546360121455,0.757512107521458,2,0
"9737",24,5,"72",-0.274546360121455,0.757512107521458,2,1
"9738",25,5,"72",-0.274546360121455,0.757512107521458,2,1
"9739",26,5,"72",-0.274546360121455,0.757512107521458,2,1
"9740",27,5,"72",-0.274546360121455,0.757512107521458,2,1
"9741",28,5,"72",-0.274546360121455,0.757512107521458,2,1
"9742",29,5,"72",-0.274546360121455,0.757512107521458,2,1
"9743",30,5,"72",-0.274546360121455,0.757512107521458,2,1
"9744",1,6,"72",-0.313479984329622,0.731612673650842,2,0
"9745",2,6,"72",-0.313479984329622,0.731612673650842,2,0
"9746",3,6,"72",-0.313479984329622,0.731612673650842,2,1
"9747",4,6,"72",-0.313479984329622,0.731612673650842,2,0
"9748",5,6,"72",-0.313479984329622,0.731612673650842,2,1
"9749",6,6,"72",-0.313479984329622,0.731612673650842,2,0
"9750",7,6,"72",-0.313479984329622,0.731612673650842,2,0
"9751",8,6,"72",-0.313479984329622,0.731612673650842,2,0
"9752",10,6,"72",-0.313479984329622,0.731612673650842,2,1
"9753",13,6,"72",-0.313479984329622,0.731612673650842,2,0
"9754",14,6,"72",-0.313479984329622,0.731612673650842,2,1
"9755",15,6,"72",-0.313479984329622,0.731612673650842,2,1
"9756",16,6,"72",-0.313479984329622,0.731612673650842,2,1
"9757",17,6,"72",-0.313479984329622,0.731612673650842,2,1
"9758",18,6,"72",-0.313479984329622,0.731612673650842,2,1
"9759",19,6,"72",-0.313479984329622,0.731612673650842,2,1
"9760",20,6,"72",-0.313479984329622,0.731612673650842,2,1
"9761",23,6,"72",-0.313479984329622,0.731612673650842,2,0
"9762",24,6,"72",-0.313479984329622,0.731612673650842,2,1
"9763",25,6,"72",-0.313479984329622,0.731612673650842,2,1
"9764",26,6,"72",-0.313479984329622,0.731612673650842,2,1
"9765",27,6,"72",-0.313479984329622,0.731612673650842,2,1
"9766",28,6,"72",-0.313479984329622,0.731612673650842,2,1
"9767",29,6,"72",-0.313479984329622,0.731612673650842,2,1
"9768",30,6,"72",-0.313479984329622,0.731612673650842,2,1
"9769",3,7,"72",0.656110304979974,0.987828188844311,3,1
"9770",5,7,"72",0.656110304979974,0.987828188844311,3,1
"9771",10,7,"72",0.656110304979974,0.987828188844311,3,1
"9772",14,7,"72",0.656110304979974,0.987828188844311,3,1
"9773",15,7,"72",0.656110304979974,0.987828188844311,3,1
"9774",16,7,"72",0.656110304979974,0.987828188844311,3,0
"9775",17,7,"72",0.656110304979974,0.987828188844311,3,1
"9776",18,7,"72",0.656110304979974,0.987828188844311,3,1
"9777",19,7,"72",0.656110304979974,0.987828188844311,3,1
"9778",20,7,"72",0.656110304979974,0.987828188844311,3,0
"9779",24,7,"72",0.656110304979974,0.987828188844311,3,1
"9780",25,7,"72",0.656110304979974,0.987828188844311,3,1
"9781",26,7,"72",0.656110304979974,0.987828188844311,3,0
"9782",27,7,"72",0.656110304979974,0.987828188844311,3,1
"9783",28,7,"72",0.656110304979974,0.987828188844311,3,0
"9784",29,7,"72",0.656110304979974,0.987828188844311,3,1
"9785",30,7,"72",0.656110304979974,0.987828188844311,3,1
"9786",3,8,"72",-0.385906397051255,0.67903217118253,3,1
"9787",5,8,"72",-0.385906397051255,0.67903217118253,3,1
"9788",10,8,"72",-0.385906397051255,0.67903217118253,3,1
"9789",14,8,"72",-0.385906397051255,0.67903217118253,3,1
"9790",15,8,"72",-0.385906397051255,0.67903217118253,3,1
"9791",16,8,"72",-0.385906397051255,0.67903217118253,3,0
"9792",17,8,"72",-0.385906397051255,0.67903217118253,3,1
"9793",18,8,"72",-0.385906397051255,0.67903217118253,3,1
"9794",19,8,"72",-0.385906397051255,0.67903217118253,3,1
"9795",20,8,"72",-0.385906397051255,0.67903217118253,3,0
"9796",24,8,"72",-0.385906397051255,0.67903217118253,3,1
"9797",25,8,"72",-0.385906397051255,0.67903217118253,3,1
"9798",26,8,"72",-0.385906397051255,0.67903217118253,3,0
"9799",27,8,"72",-0.385906397051255,0.67903217118253,3,1
"9800",28,8,"72",-0.385906397051255,0.67903217118253,3,0
"9801",29,8,"72",-0.385906397051255,0.67903217118253,3,1
"9802",30,8,"72",-0.385906397051255,0.67903217118253,3,1
"9803",3,9,"72",1.22765640927608,0.9983358868362,3,1
"9804",5,9,"72",1.22765640927608,0.9983358868362,3,1
"9805",10,9,"72",1.22765640927608,0.9983358868362,3,1
"9806",14,9,"72",1.22765640927608,0.9983358868362,3,1
"9807",15,9,"72",1.22765640927608,0.9983358868362,3,1
"9808",16,9,"72",1.22765640927608,0.9983358868362,3,0
"9809",17,9,"72",1.22765640927608,0.9983358868362,3,1
"9810",18,9,"72",1.22765640927608,0.9983358868362,3,1
"9811",19,9,"72",1.22765640927608,0.9983358868362,3,1
"9812",20,9,"72",1.22765640927608,0.9983358868362,3,0
"9813",24,9,"72",1.22765640927608,0.9983358868362,3,1
"9814",25,9,"72",1.22765640927608,0.9983358868362,3,1
"9815",26,9,"72",1.22765640927608,0.9983358868362,3,0
"9816",27,9,"72",1.22765640927608,0.9983358868362,3,1
"9817",28,9,"72",1.22765640927608,0.9983358868362,3,0
"9818",29,9,"72",1.22765640927608,0.9983358868362,3,1
"9819",30,9,"72",1.22765640927608,0.9983358868362,3,1
"9820",3,10,"72",1.88134237156592,0.999830874149157,4,0
"9821",5,10,"72",1.88134237156592,0.999830874149157,4,0
"9822",10,10,"72",1.88134237156592,0.999830874149157,4,0
"9823",14,10,"72",1.88134237156592,0.999830874149157,4,0
"9824",15,10,"72",1.88134237156592,0.999830874149157,4,0
"9825",17,10,"72",1.88134237156592,0.999830874149157,4,0
"9826",18,10,"72",1.88134237156592,0.999830874149157,4,0
"9827",19,10,"72",1.88134237156592,0.999830874149157,4,0
"9828",24,10,"72",1.88134237156592,0.999830874149157,4,0
"9829",25,10,"72",1.88134237156592,0.999830874149157,4,0
"9830",27,10,"72",1.88134237156592,0.999830874149157,4,0
"9831",29,10,"72",1.88134237156592,0.999830874149157,4,0
"9832",30,10,"72",1.88134237156592,0.999830874149157,4,0
"9833",3,11,"72",-0.767795090952013,0.357258544526821,4,0
"9834",5,11,"72",-0.767795090952013,0.357258544526821,4,0
"9835",10,11,"72",-0.767795090952013,0.357258544526821,4,0
"9836",14,11,"72",-0.767795090952013,0.357258544526821,4,0
"9837",15,11,"72",-0.767795090952013,0.357258544526821,4,0
"9838",17,11,"72",-0.767795090952013,0.357258544526821,4,0
"9839",18,11,"72",-0.767795090952013,0.357258544526821,4,0
"9840",19,11,"72",-0.767795090952013,0.357258544526821,4,0
"9841",24,11,"72",-0.767795090952013,0.357258544526821,4,0
"9842",25,11,"72",-0.767795090952013,0.357258544526821,4,0
"9843",27,11,"72",-0.767795090952013,0.357258544526821,4,0
"9844",29,11,"72",-0.767795090952013,0.357258544526821,4,0
"9845",30,11,"72",-0.767795090952013,0.357258544526821,4,0
"9846",3,12,"72",-1.28803782691987,0.0825546592118423,4,0
"9847",5,12,"72",-1.28803782691987,0.0825546592118423,4,0
"9848",10,12,"72",-1.28803782691987,0.0825546592118423,4,0
"9849",14,12,"72",-1.28803782691987,0.0825546592118423,4,0
"9850",15,12,"72",-1.28803782691987,0.0825546592118423,4,0
"9851",17,12,"72",-1.28803782691987,0.0825546592118423,4,0
"9852",18,12,"72",-1.28803782691987,0.0825546592118423,4,0
"9853",19,12,"72",-1.28803782691987,0.0825546592118423,4,0
"9854",24,12,"72",-1.28803782691987,0.0825546592118423,4,0
"9855",25,12,"72",-1.28803782691987,0.0825546592118423,4,0
"9856",27,12,"72",-1.28803782691987,0.0825546592118423,4,0
"9857",29,12,"72",-1.28803782691987,0.0825546592118423,4,0
"9858",30,12,"72",-1.28803782691987,0.0825546592118423,4,0
"9859",1,1,"73",0.55367381503693,0.982670410403337,1,0
"9860",2,1,"73",0.55367381503693,0.982670410403337,1,1
"9861",3,1,"73",0.55367381503693,0.982670410403337,1,1
"9862",4,1,"73",0.55367381503693,0.982670410403337,1,0
"9863",5,1,"73",0.55367381503693,0.982670410403337,1,1
"9864",6,1,"73",0.55367381503693,0.982670410403337,1,1
"9865",7,1,"73",0.55367381503693,0.982670410403337,1,1
"9866",8,1,"73",0.55367381503693,0.982670410403337,1,0
"9867",9,1,"73",0.55367381503693,0.982670410403337,1,0
"9868",10,1,"73",0.55367381503693,0.982670410403337,1,0
"9869",11,1,"73",0.55367381503693,0.982670410403337,1,0
"9870",12,1,"73",0.55367381503693,0.982670410403337,1,0
"9871",13,1,"73",0.55367381503693,0.982670410403337,1,0
"9872",14,1,"73",0.55367381503693,0.982670410403337,1,1
"9873",15,1,"73",0.55367381503693,0.982670410403337,1,1
"9874",16,1,"73",0.55367381503693,0.982670410403337,1,1
"9875",17,1,"73",0.55367381503693,0.982670410403337,1,0
"9876",18,1,"73",0.55367381503693,0.982670410403337,1,0
"9877",19,1,"73",0.55367381503693,0.982670410403337,1,1
"9878",20,1,"73",0.55367381503693,0.982670410403337,1,1
"9879",21,1,"73",0.55367381503693,0.982670410403337,1,1
"9880",22,1,"73",0.55367381503693,0.982670410403337,1,0
"9881",23,1,"73",0.55367381503693,0.982670410403337,1,0
"9882",24,1,"73",0.55367381503693,0.982670410403337,1,0
"9883",25,1,"73",0.55367381503693,0.982670410403337,1,0
"9884",26,1,"73",0.55367381503693,0.982670410403337,1,1
"9885",27,1,"73",0.55367381503693,0.982670410403337,1,0
"9886",28,1,"73",0.55367381503693,0.982670410403337,1,0
"9887",29,1,"73",0.55367381503693,0.982670410403337,1,0
"9888",30,1,"73",0.55367381503693,0.982670410403337,1,1
"9889",1,2,"73",-0.807231480745665,0.326224718065885,1,0
"9890",2,2,"73",-0.807231480745665,0.326224718065885,1,1
"9891",3,2,"73",-0.807231480745665,0.326224718065885,1,1
"9892",4,2,"73",-0.807231480745665,0.326224718065885,1,0
"9893",5,2,"73",-0.807231480745665,0.326224718065885,1,1
"9894",6,2,"73",-0.807231480745665,0.326224718065885,1,1
"9895",7,2,"73",-0.807231480745665,0.326224718065885,1,1
"9896",8,2,"73",-0.807231480745665,0.326224718065885,1,0
"9897",9,2,"73",-0.807231480745665,0.326224718065885,1,0
"9898",10,2,"73",-0.807231480745665,0.326224718065885,1,0
"9899",11,2,"73",-0.807231480745665,0.326224718065885,1,0
"9900",12,2,"73",-0.807231480745665,0.326224718065885,1,0
"9901",13,2,"73",-0.807231480745665,0.326224718065885,1,0
"9902",14,2,"73",-0.807231480745665,0.326224718065885,1,1
"9903",15,2,"73",-0.807231480745665,0.326224718065885,1,1
"9904",16,2,"73",-0.807231480745665,0.326224718065885,1,1
"9905",17,2,"73",-0.807231480745665,0.326224718065885,1,0
"9906",18,2,"73",-0.807231480745665,0.326224718065885,1,0
"9907",19,2,"73",-0.807231480745665,0.326224718065885,1,1
"9908",20,2,"73",-0.807231480745665,0.326224718065885,1,1
"9909",21,2,"73",-0.807231480745665,0.326224718065885,1,1
"9910",22,2,"73",-0.807231480745665,0.326224718065885,1,0
"9911",23,2,"73",-0.807231480745665,0.326224718065885,1,0
"9912",24,2,"73",-0.807231480745665,0.326224718065885,1,0
"9913",25,2,"73",-0.807231480745665,0.326224718065885,1,0
"9914",26,2,"73",-0.807231480745665,0.326224718065885,1,1
"9915",27,2,"73",-0.807231480745665,0.326224718065885,1,0
"9916",28,2,"73",-0.807231480745665,0.326224718065885,1,0
"9917",29,2,"73",-0.807231480745665,0.326224718065885,1,0
"9918",30,2,"73",-0.807231480745665,0.326224718065885,1,1
"9919",1,3,"73",0.752016469101718,0.991268581204798,1,0
"9920",2,3,"73",0.752016469101718,0.991268581204798,1,1
"9921",3,3,"73",0.752016469101718,0.991268581204798,1,1
"9922",4,3,"73",0.752016469101718,0.991268581204798,1,0
"9923",5,3,"73",0.752016469101718,0.991268581204798,1,1
"9924",6,3,"73",0.752016469101718,0.991268581204798,1,1
"9925",7,3,"73",0.752016469101718,0.991268581204798,1,1
"9926",8,3,"73",0.752016469101718,0.991268581204798,1,0
"9927",9,3,"73",0.752016469101718,0.991268581204798,1,0
"9928",10,3,"73",0.752016469101718,0.991268581204798,1,0
"9929",11,3,"73",0.752016469101718,0.991268581204798,1,0
"9930",12,3,"73",0.752016469101718,0.991268581204798,1,0
"9931",13,3,"73",0.752016469101718,0.991268581204798,1,0
"9932",14,3,"73",0.752016469101718,0.991268581204798,1,1
"9933",15,3,"73",0.752016469101718,0.991268581204798,1,1
"9934",16,3,"73",0.752016469101718,0.991268581204798,1,1
"9935",17,3,"73",0.752016469101718,0.991268581204798,1,0
"9936",18,3,"73",0.752016469101718,0.991268581204798,1,0
"9937",19,3,"73",0.752016469101718,0.991268581204798,1,1
"9938",20,3,"73",0.752016469101718,0.991268581204798,1,1
"9939",21,3,"73",0.752016469101718,0.991268581204798,1,1
"9940",22,3,"73",0.752016469101718,0.991268581204798,1,0
"9941",23,3,"73",0.752016469101718,0.991268581204798,1,0
"9942",24,3,"73",0.752016469101718,0.991268581204798,1,0
"9943",25,3,"73",0.752016469101718,0.991268581204798,1,0
"9944",26,3,"73",0.752016469101718,0.991268581204798,1,1
"9945",27,3,"73",0.752016469101718,0.991268581204798,1,0
"9946",28,3,"73",0.752016469101718,0.991268581204798,1,0
"9947",29,3,"73",0.752016469101718,0.991268581204798,1,0
"9948",30,3,"73",0.752016469101718,0.991268581204798,1,1
"9949",2,4,"73",-1.06362421605266,0.164834942231708,2,0
"9950",3,4,"73",-1.06362421605266,0.164834942231708,2,0
"9951",5,4,"73",-1.06362421605266,0.164834942231708,2,0
"9952",6,4,"73",-1.06362421605266,0.164834942231708,2,0
"9953",7,4,"73",-1.06362421605266,0.164834942231708,2,0
"9954",14,4,"73",-1.06362421605266,0.164834942231708,2,0
"9955",15,4,"73",-1.06362421605266,0.164834942231708,2,0
"9956",16,4,"73",-1.06362421605266,0.164834942231708,2,0
"9957",19,4,"73",-1.06362421605266,0.164834942231708,2,0
"9958",20,4,"73",-1.06362421605266,0.164834942231708,2,0
"9959",21,4,"73",-1.06362421605266,0.164834942231708,2,1
"9960",26,4,"73",-1.06362421605266,0.164834942231708,2,0
"9961",30,4,"73",-1.06362421605266,0.164834942231708,2,0
"9962",2,5,"73",1.48796735125809,0.999330216302668,2,0
"9963",3,5,"73",1.48796735125809,0.999330216302668,2,0
"9964",5,5,"73",1.48796735125809,0.999330216302668,2,0
"9965",6,5,"73",1.48796735125809,0.999330216302668,2,0
"9966",7,5,"73",1.48796735125809,0.999330216302668,2,0
"9967",14,5,"73",1.48796735125809,0.999330216302668,2,0
"9968",15,5,"73",1.48796735125809,0.999330216302668,2,0
"9969",16,5,"73",1.48796735125809,0.999330216302668,2,0
"9970",19,5,"73",1.48796735125809,0.999330216302668,2,0
"9971",20,5,"73",1.48796735125809,0.999330216302668,2,0
"9972",21,5,"73",1.48796735125809,0.999330216302668,2,1
"9973",26,5,"73",1.48796735125809,0.999330216302668,2,0
"9974",30,5,"73",1.48796735125809,0.999330216302668,2,0
"9975",2,6,"73",-0.764736928441632,0.359720087542099,2,0
"9976",3,6,"73",-0.764736928441632,0.359720087542099,2,0
"9977",5,6,"73",-0.764736928441632,0.359720087542099,2,0
"9978",6,6,"73",-0.764736928441632,0.359720087542099,2,0
"9979",7,6,"73",-0.764736928441632,0.359720087542099,2,0
"9980",14,6,"73",-0.764736928441632,0.359720087542099,2,0
"9981",15,6,"73",-0.764736928441632,0.359720087542099,2,0
"9982",16,6,"73",-0.764736928441632,0.359720087542099,2,0
"9983",19,6,"73",-0.764736928441632,0.359720087542099,2,0
"9984",20,6,"73",-0.764736928441632,0.359720087542099,2,0
"9985",21,6,"73",-0.764736928441632,0.359720087542099,2,1
"9986",26,6,"73",-0.764736928441632,0.359720087542099,2,0
"9987",30,6,"73",-0.764736928441632,0.359720087542099,2,0
"9988",21,7,"73",0.347343021372255,0.964963522761795,3,1
"9989",21,8,"73",1.91102390960034,0.9998475594899,3,1
"9990",21,9,"73",0.727224805988678,0.990484638089507,3,1
"9991",21,10,"73",0.0670244152363124,0.911701173112147,4,1
"9992",21,11,"73",0.668466937330737,0.988337368692129,4,1
"9993",21,12,"73",1.6437593281916,0.999611627682176,4,1
"9994",21,13,"73",-0.775690558215512,0.350938391848,5,0
"9995",21,14,"73",0.645296088628335,0.987364591705879,5,0
"9996",21,15,"73",1.3364931458489,0.998862433814954,5,0
"9997",1,1,"74",0.84257387944992,0.993625207746052,1,1
"9998",2,1,"74",0.84257387944992,0.993625207746052,1,1
"9999",3,1,"74",0.84257387944992,0.993625207746052,1,1
"10000",4,1,"74",0.84257387944992,0.993625207746052,1,1
"10001",5,1,"74",0.84257387944992,0.993625207746052,1,1
"10002",6,1,"74",0.84257387944992,0.993625207746052,1,1
"10003",7,1,"74",0.84257387944992,0.993625207746052,1,1
"10004",8,1,"74",0.84257387944992,0.993625207746052,1,1
"10005",9,1,"74",0.84257387944992,0.993625207746052,1,1
"10006",10,1,"74",0.84257387944992,0.993625207746052,1,0
"10007",11,1,"74",0.84257387944992,0.993625207746052,1,0
"10008",12,1,"74",0.84257387944992,0.993625207746052,1,1
"10009",13,1,"74",0.84257387944992,0.993625207746052,1,1
"10010",14,1,"74",0.84257387944992,0.993625207746052,1,1
"10011",15,1,"74",0.84257387944992,0.993625207746052,1,0
"10012",16,1,"74",0.84257387944992,0.993625207746052,1,0
"10013",17,1,"74",0.84257387944992,0.993625207746052,1,0
"10014",18,1,"74",0.84257387944992,0.993625207746052,1,0
"10015",19,1,"74",0.84257387944992,0.993625207746052,1,1
"10016",20,1,"74",0.84257387944992,0.993625207746052,1,1
"10017",21,1,"74",0.84257387944992,0.993625207746052,1,0
"10018",22,1,"74",0.84257387944992,0.993625207746052,1,0
"10019",23,1,"74",0.84257387944992,0.993625207746052,1,0
"10020",24,1,"74",0.84257387944992,0.993625207746052,1,1
"10021",25,1,"74",0.84257387944992,0.993625207746052,1,1
"10022",26,1,"74",0.84257387944992,0.993625207746052,1,0
"10023",27,1,"74",0.84257387944992,0.993625207746052,1,0
"10024",28,1,"74",0.84257387944992,0.993625207746052,1,0
"10025",29,1,"74",0.84257387944992,0.993625207746052,1,1
"10026",30,1,"74",0.84257387944992,0.993625207746052,1,1
"10027",1,2,"74",1.94546464859145,0.999864868396118,1,1
"10028",2,2,"74",1.94546464859145,0.999864868396118,1,1
"10029",3,2,"74",1.94546464859145,0.999864868396118,1,1
"10030",4,2,"74",1.94546464859145,0.999864868396118,1,1
"10031",5,2,"74",1.94546464859145,0.999864868396118,1,1
"10032",6,2,"74",1.94546464859145,0.999864868396118,1,1
"10033",7,2,"74",1.94546464859145,0.999864868396118,1,1
"10034",8,2,"74",1.94546464859145,0.999864868396118,1,1
"10035",9,2,"74",1.94546464859145,0.999864868396118,1,1
"10036",10,2,"74",1.94546464859145,0.999864868396118,1,0
"10037",11,2,"74",1.94546464859145,0.999864868396118,1,0
"10038",12,2,"74",1.94546464859145,0.999864868396118,1,1
"10039",13,2,"74",1.94546464859145,0.999864868396118,1,1
"10040",14,2,"74",1.94546464859145,0.999864868396118,1,1
"10041",15,2,"74",1.94546464859145,0.999864868396118,1,0
"10042",16,2,"74",1.94546464859145,0.999864868396118,1,0
"10043",17,2,"74",1.94546464859145,0.999864868396118,1,0
"10044",18,2,"74",1.94546464859145,0.999864868396118,1,0
"10045",19,2,"74",1.94546464859145,0.999864868396118,1,1
"10046",20,2,"74",1.94546464859145,0.999864868396118,1,1
"10047",21,2,"74",1.94546464859145,0.999864868396118,1,0
"10048",22,2,"74",1.94546464859145,0.999864868396118,1,0
"10049",23,2,"74",1.94546464859145,0.999864868396118,1,0
"10050",24,2,"74",1.94546464859145,0.999864868396118,1,1
"10051",25,2,"74",1.94546464859145,0.999864868396118,1,1
"10052",26,2,"74",1.94546464859145,0.999864868396118,1,0
"10053",27,2,"74",1.94546464859145,0.999864868396118,1,0
"10054",28,2,"74",1.94546464859145,0.999864868396118,1,0
"10055",29,2,"74",1.94546464859145,0.999864868396118,1,1
"10056",30,2,"74",1.94546464859145,0.999864868396118,1,1
"10057",1,3,"74",-0.427591886616119,0.646440277136058,1,1
"10058",2,3,"74",-0.427591886616119,0.646440277136058,1,1
"10059",3,3,"74",-0.427591886616119,0.646440277136058,1,1
"10060",4,3,"74",-0.427591886616119,0.646440277136058,1,1
"10061",5,3,"74",-0.427591886616119,0.646440277136058,1,1
"10062",6,3,"74",-0.427591886616119,0.646440277136058,1,1
"10063",7,3,"74",-0.427591886616119,0.646440277136058,1,1
"10064",8,3,"74",-0.427591886616119,0.646440277136058,1,1
"10065",9,3,"74",-0.427591886616119,0.646440277136058,1,1
"10066",10,3,"74",-0.427591886616119,0.646440277136058,1,0
"10067",11,3,"74",-0.427591886616119,0.646440277136058,1,0
"10068",12,3,"74",-0.427591886616119,0.646440277136058,1,1
"10069",13,3,"74",-0.427591886616119,0.646440277136058,1,1
"10070",14,3,"74",-0.427591886616119,0.646440277136058,1,1
"10071",15,3,"74",-0.427591886616119,0.646440277136058,1,0
"10072",16,3,"74",-0.427591886616119,0.646440277136058,1,0
"10073",17,3,"74",-0.427591886616119,0.646440277136058,1,0
"10074",18,3,"74",-0.427591886616119,0.646440277136058,1,0
"10075",19,3,"74",-0.427591886616119,0.646440277136058,1,1
"10076",20,3,"74",-0.427591886616119,0.646440277136058,1,1
"10077",21,3,"74",-0.427591886616119,0.646440277136058,1,0
"10078",22,3,"74",-0.427591886616119,0.646440277136058,1,0
"10079",23,3,"74",-0.427591886616119,0.646440277136058,1,0
"10080",24,3,"74",-0.427591886616119,0.646440277136058,1,1
"10081",25,3,"74",-0.427591886616119,0.646440277136058,1,1
"10082",26,3,"74",-0.427591886616119,0.646440277136058,1,0
"10083",27,3,"74",-0.427591886616119,0.646440277136058,1,0
"10084",28,3,"74",-0.427591886616119,0.646440277136058,1,0
"10085",29,3,"74",-0.427591886616119,0.646440277136058,1,1
"10086",30,3,"74",-0.427591886616119,0.646440277136058,1,1
"10087",1,4,"74",1.63898153408188,0.999605081193002,2,0
"10088",2,4,"74",1.63898153408188,0.999605081193002,2,1
"10089",3,4,"74",1.63898153408188,0.999605081193002,2,1
"10090",4,4,"74",1.63898153408188,0.999605081193002,2,1
"10091",5,4,"74",1.63898153408188,0.999605081193002,2,1
"10092",6,4,"74",1.63898153408188,0.999605081193002,2,0
"10093",7,4,"74",1.63898153408188,0.999605081193002,2,0
"10094",8,4,"74",1.63898153408188,0.999605081193002,2,0
"10095",9,4,"74",1.63898153408188,0.999605081193002,2,0
"10096",12,4,"74",1.63898153408188,0.999605081193002,2,0
"10097",13,4,"74",1.63898153408188,0.999605081193002,2,0
"10098",14,4,"74",1.63898153408188,0.999605081193002,2,0
"10099",19,4,"74",1.63898153408188,0.999605081193002,2,0
"10100",20,4,"74",1.63898153408188,0.999605081193002,2,1
"10101",24,4,"74",1.63898153408188,0.999605081193002,2,0
"10102",25,4,"74",1.63898153408188,0.999605081193002,2,1
"10103",29,4,"74",1.63898153408188,0.999605081193002,2,1
"10104",30,4,"74",1.63898153408188,0.999605081193002,2,0
"10105",1,5,"74",-0.00445655306648165,0.889377872748076,2,0
"10106",2,5,"74",-0.00445655306648165,0.889377872748076,2,1
"10107",3,5,"74",-0.00445655306648165,0.889377872748076,2,1
"10108",4,5,"74",-0.00445655306648165,0.889377872748076,2,1
"10109",5,5,"74",-0.00445655306648165,0.889377872748076,2,1
"10110",6,5,"74",-0.00445655306648165,0.889377872748076,2,0
"10111",7,5,"74",-0.00445655306648165,0.889377872748076,2,0
"10112",8,5,"74",-0.00445655306648165,0.889377872748076,2,0
"10113",9,5,"74",-0.00445655306648165,0.889377872748076,2,0
"10114",12,5,"74",-0.00445655306648165,0.889377872748076,2,0
"10115",13,5,"74",-0.00445655306648165,0.889377872748076,2,0
"10116",14,5,"74",-0.00445655306648165,0.889377872748076,2,0
"10117",19,5,"74",-0.00445655306648165,0.889377872748076,2,0
"10118",20,5,"74",-0.00445655306648165,0.889377872748076,2,1
"10119",24,5,"74",-0.00445655306648165,0.889377872748076,2,0
"10120",25,5,"74",-0.00445655306648165,0.889377872748076,2,1
"10121",29,5,"74",-0.00445655306648165,0.889377872748076,2,1
"10122",30,5,"74",-0.00445655306648165,0.889377872748076,2,0
"10123",1,6,"74",-0.546301784934346,0.546848118526727,2,0
"10124",2,6,"74",-0.546301784934346,0.546848118526727,2,1
"10125",3,6,"74",-0.546301784934346,0.546848118526727,2,1
"10126",4,6,"74",-0.546301784934346,0.546848118526727,2,1
"10127",5,6,"74",-0.546301784934346,0.546848118526727,2,1
"10128",6,6,"74",-0.546301784934346,0.546848118526727,2,0
"10129",7,6,"74",-0.546301784934346,0.546848118526727,2,0
"10130",8,6,"74",-0.546301784934346,0.546848118526727,2,0
"10131",9,6,"74",-0.546301784934346,0.546848118526727,2,0
"10132",12,6,"74",-0.546301784934346,0.546848118526727,2,0
"10133",13,6,"74",-0.546301784934346,0.546848118526727,2,0
"10134",14,6,"74",-0.546301784934346,0.546848118526727,2,0
"10135",19,6,"74",-0.546301784934346,0.546848118526727,2,0
"10136",20,6,"74",-0.546301784934346,0.546848118526727,2,1
"10137",24,6,"74",-0.546301784934346,0.546848118526727,2,0
"10138",25,6,"74",-0.546301784934346,0.546848118526727,2,1
"10139",29,6,"74",-0.546301784934346,0.546848118526727,2,1
"10140",30,6,"74",-0.546301784934346,0.546848118526727,2,0
"10141",2,7,"74",-0.957369983131505,0.222562561074185,3,0
"10142",3,7,"74",-0.957369983131505,0.222562561074185,3,0
"10143",4,7,"74",-0.957369983131505,0.222562561074185,3,0
"10144",5,7,"74",-0.957369983131505,0.222562561074185,3,0
"10145",20,7,"74",-0.957369983131505,0.222562561074185,3,0
"10146",25,7,"74",-0.957369983131505,0.222562561074185,3,0
"10147",29,7,"74",-0.957369983131505,0.222562561074185,3,0
"10148",2,8,"74",-1.52056073361855,0.0383475462618665,3,0
"10149",3,8,"74",-1.52056073361855,0.0383475462618665,3,0
"10150",4,8,"74",-1.52056073361855,0.0383475462618665,3,0
"10151",5,8,"74",-1.52056073361855,0.0383475462618665,3,0
"10152",20,8,"74",-1.52056073361855,0.0383475462618665,3,0
"10153",25,8,"74",-1.52056073361855,0.0383475462618665,3,0
"10154",29,8,"74",-1.52056073361855,0.0383475462618665,3,0
"10155",2,9,"74",0.713321650170162,0.990014897666209,3,0
"10156",3,9,"74",0.713321650170162,0.990014897666209,3,0
"10157",4,9,"74",0.713321650170162,0.990014897666209,3,0
"10158",5,9,"74",0.713321650170162,0.990014897666209,3,0
"10159",20,9,"74",0.713321650170162,0.990014897666209,3,0
"10160",25,9,"74",0.713321650170162,0.990014897666209,3,0
"10161",29,9,"74",0.713321650170162,0.990014897666209,3,0
"10162",1,1,"75",2.51039339307679,0.999981288936668,1,1
"10163",2,1,"75",2.51039339307679,0.999981288936668,1,1
"10164",3,1,"75",2.51039339307679,0.999981288936668,1,0
"10165",4,1,"75",2.51039339307679,0.999981288936668,1,1
"10166",5,1,"75",2.51039339307679,0.999981288936668,1,1
"10167",6,1,"75",2.51039339307679,0.999981288936668,1,1
"10168",7,1,"75",2.51039339307679,0.999981288936668,1,0
"10169",8,1,"75",2.51039339307679,0.999981288936668,1,1
"10170",9,1,"75",2.51039339307679,0.999981288936668,1,1
"10171",10,1,"75",2.51039339307679,0.999981288936668,1,1
"10172",11,1,"75",2.51039339307679,0.999981288936668,1,1
"10173",12,1,"75",2.51039339307679,0.999981288936668,1,0
"10174",13,1,"75",2.51039339307679,0.999981288936668,1,1
"10175",14,1,"75",2.51039339307679,0.999981288936668,1,1
"10176",15,1,"75",2.51039339307679,0.999981288936668,1,1
"10177",16,1,"75",2.51039339307679,0.999981288936668,1,1
"10178",17,1,"75",2.51039339307679,0.999981288936668,1,1
"10179",18,1,"75",2.51039339307679,0.999981288936668,1,1
"10180",19,1,"75",2.51039339307679,0.999981288936668,1,1
"10181",20,1,"75",2.51039339307679,0.999981288936668,1,1
"10182",21,1,"75",2.51039339307679,0.999981288936668,1,1
"10183",22,1,"75",2.51039339307679,0.999981288936668,1,1
"10184",23,1,"75",2.51039339307679,0.999981288936668,1,1
"10185",24,1,"75",2.51039339307679,0.999981288936668,1,1
"10186",25,1,"75",2.51039339307679,0.999981288936668,1,1
"10187",26,1,"75",2.51039339307679,0.999981288936668,1,1
"10188",27,1,"75",2.51039339307679,0.999981288936668,1,1
"10189",28,1,"75",2.51039339307679,0.999981288936668,1,1
"10190",29,1,"75",2.51039339307679,0.999981288936668,1,1
"10191",30,1,"75",2.51039339307679,0.999981288936668,1,1
"10192",1,2,"75",1.09229431458,0.997330071537789,1,1
"10193",2,2,"75",1.09229431458,0.997330071537789,1,1
"10194",3,2,"75",1.09229431458,0.997330071537789,1,0
"10195",4,2,"75",1.09229431458,0.997330071537789,1,1
"10196",5,2,"75",1.09229431458,0.997330071537789,1,1
"10197",6,2,"75",1.09229431458,0.997330071537789,1,1
"10198",7,2,"75",1.09229431458,0.997330071537789,1,0
"10199",8,2,"75",1.09229431458,0.997330071537789,1,1
"10200",9,2,"75",1.09229431458,0.997330071537789,1,1
"10201",10,2,"75",1.09229431458,0.997330071537789,1,1
"10202",11,2,"75",1.09229431458,0.997330071537789,1,1
"10203",12,2,"75",1.09229431458,0.997330071537789,1,0
"10204",13,2,"75",1.09229431458,0.997330071537789,1,1
"10205",14,2,"75",1.09229431458,0.997330071537789,1,1
"10206",15,2,"75",1.09229431458,0.997330071537789,1,1
"10207",16,2,"75",1.09229431458,0.997330071537789,1,1
"10208",17,2,"75",1.09229431458,0.997330071537789,1,1
"10209",18,2,"75",1.09229431458,0.997330071537789,1,1
"10210",19,2,"75",1.09229431458,0.997330071537789,1,1
"10211",20,2,"75",1.09229431458,0.997330071537789,1,1
"10212",21,2,"75",1.09229431458,0.997330071537789,1,1
"10213",22,2,"75",1.09229431458,0.997330071537789,1,1
"10214",23,2,"75",1.09229431458,0.997330071537789,1,1
"10215",24,2,"75",1.09229431458,0.997330071537789,1,1
"10216",25,2,"75",1.09229431458,0.997330071537789,1,1
"10217",26,2,"75",1.09229431458,0.997330071537789,1,1
"10218",27,2,"75",1.09229431458,0.997330071537789,1,1
"10219",28,2,"75",1.09229431458,0.997330071537789,1,1
"10220",29,2,"75",1.09229431458,0.997330071537789,1,1
"10221",30,2,"75",1.09229431458,0.997330071537789,1,1
"10222",1,3,"75",0.121539799926656,0.925902647900125,1,1
"10223",2,3,"75",0.121539799926656,0.925902647900125,1,1
"10224",3,3,"75",0.121539799926656,0.925902647900125,1,0
"10225",4,3,"75",0.121539799926656,0.925902647900125,1,1
"10226",5,3,"75",0.121539799926656,0.925902647900125,1,1
"10227",6,3,"75",0.121539799926656,0.925902647900125,1,1
"10228",7,3,"75",0.121539799926656,0.925902647900125,1,0
"10229",8,3,"75",0.121539799926656,0.925902647900125,1,1
"10230",9,3,"75",0.121539799926656,0.925902647900125,1,1
"10231",10,3,"75",0.121539799926656,0.925902647900125,1,1
"10232",11,3,"75",0.121539799926656,0.925902647900125,1,1
"10233",12,3,"75",0.121539799926656,0.925902647900125,1,0
"10234",13,3,"75",0.121539799926656,0.925902647900125,1,1
"10235",14,3,"75",0.121539799926656,0.925902647900125,1,1
"10236",15,3,"75",0.121539799926656,0.925902647900125,1,1
"10237",16,3,"75",0.121539799926656,0.925902647900125,1,1
"10238",17,3,"75",0.121539799926656,0.925902647900125,1,1
"10239",18,3,"75",0.121539799926656,0.925902647900125,1,1
"10240",19,3,"75",0.121539799926656,0.925902647900125,1,1
"10241",20,3,"75",0.121539799926656,0.925902647900125,1,1
"10242",21,3,"75",0.121539799926656,0.925902647900125,1,1
"10243",22,3,"75",0.121539799926656,0.925902647900125,1,1
"10244",23,3,"75",0.121539799926656,0.925902647900125,1,1
"10245",24,3,"75",0.121539799926656,0.925902647900125,1,1
"10246",25,3,"75",0.121539799926656,0.925902647900125,1,1
"10247",26,3,"75",0.121539799926656,0.925902647900125,1,1
"10248",27,3,"75",0.121539799926656,0.925902647900125,1,1
"10249",28,3,"75",0.121539799926656,0.925902647900125,1,1
"10250",29,3,"75",0.121539799926656,0.925902647900125,1,1
"10251",30,3,"75",0.121539799926656,0.925902647900125,1,1
"10252",1,4,"75",-0.253119253552408,0.771020523023172,2,1
"10253",2,4,"75",-0.253119253552408,0.771020523023172,2,1
"10254",4,4,"75",-0.253119253552408,0.771020523023172,2,1
"10255",5,4,"75",-0.253119253552408,0.771020523023172,2,1
"10256",6,4,"75",-0.253119253552408,0.771020523023172,2,0
"10257",8,4,"75",-0.253119253552408,0.771020523023172,2,0
"10258",9,4,"75",-0.253119253552408,0.771020523023172,2,0
"10259",10,4,"75",-0.253119253552408,0.771020523023172,2,1
"10260",11,4,"75",-0.253119253552408,0.771020523023172,2,1
"10261",13,4,"75",-0.253119253552408,0.771020523023172,2,1
"10262",14,4,"75",-0.253119253552408,0.771020523023172,2,1
"10263",15,4,"75",-0.253119253552408,0.771020523023172,2,0
"10264",16,4,"75",-0.253119253552408,0.771020523023172,2,1
"10265",17,4,"75",-0.253119253552408,0.771020523023172,2,0
"10266",18,4,"75",-0.253119253552408,0.771020523023172,2,0
"10267",19,4,"75",-0.253119253552408,0.771020523023172,2,1
"10268",20,4,"75",-0.253119253552408,0.771020523023172,2,0
"10269",21,4,"75",-0.253119253552408,0.771020523023172,2,1
"10270",22,4,"75",-0.253119253552408,0.771020523023172,2,1
"10271",23,4,"75",-0.253119253552408,0.771020523023172,2,1
"10272",24,4,"75",-0.253119253552408,0.771020523023172,2,1
"10273",25,4,"75",-0.253119253552408,0.771020523023172,2,1
"10274",26,4,"75",-0.253119253552408,0.771020523023172,2,1
"10275",27,4,"75",-0.253119253552408,0.771020523023172,2,0
"10276",28,4,"75",-0.253119253552408,0.771020523023172,2,0
"10277",29,4,"75",-0.253119253552408,0.771020523023172,2,1
"10278",30,4,"75",-0.253119253552408,0.771020523023172,2,1
"10279",1,5,"75",-0.204372795499873,0.799744013987787,2,1
"10280",2,5,"75",-0.204372795499873,0.799744013987787,2,1
"10281",4,5,"75",-0.204372795499873,0.799744013987787,2,1
"10282",5,5,"75",-0.204372795499873,0.799744013987787,2,1
"10283",6,5,"75",-0.204372795499873,0.799744013987787,2,0
"10284",8,5,"75",-0.204372795499873,0.799744013987787,2,0
"10285",9,5,"75",-0.204372795499873,0.799744013987787,2,0
"10286",10,5,"75",-0.204372795499873,0.799744013987787,2,1
"10287",11,5,"75",-0.204372795499873,0.799744013987787,2,1
"10288",13,5,"75",-0.204372795499873,0.799744013987787,2,1
"10289",14,5,"75",-0.204372795499873,0.799744013987787,2,1
"10290",15,5,"75",-0.204372795499873,0.799744013987787,2,0
"10291",16,5,"75",-0.204372795499873,0.799744013987787,2,1
"10292",17,5,"75",-0.204372795499873,0.799744013987787,2,0
"10293",18,5,"75",-0.204372795499873,0.799744013987787,2,0
"10294",19,5,"75",-0.204372795499873,0.799744013987787,2,1
"10295",20,5,"75",-0.204372795499873,0.799744013987787,2,0
"10296",21,5,"75",-0.204372795499873,0.799744013987787,2,1
"10297",22,5,"75",-0.204372795499873,0.799744013987787,2,1
"10298",23,5,"75",-0.204372795499873,0.799744013987787,2,1
"10299",24,5,"75",-0.204372795499873,0.799744013987787,2,1
"10300",25,5,"75",-0.204372795499873,0.799744013987787,2,1
"10301",26,5,"75",-0.204372795499873,0.799744013987787,2,1
"10302",27,5,"75",-0.204372795499873,0.799744013987787,2,0
"10303",28,5,"75",-0.204372795499873,0.799744013987787,2,0
"10304",29,5,"75",-0.204372795499873,0.799744013987787,2,1
"10305",30,5,"75",-0.204372795499873,0.799744013987787,2,1
"10306",1,6,"75",0.528589340881349,0.981110199987408,2,1
"10307",2,6,"75",0.528589340881349,0.981110199987408,2,1
"10308",4,6,"75",0.528589340881349,0.981110199987408,2,1
"10309",5,6,"75",0.528589340881349,0.981110199987408,2,1
"10310",6,6,"75",0.528589340881349,0.981110199987408,2,0
"10311",8,6,"75",0.528589340881349,0.981110199987408,2,0
"10312",9,6,"75",0.528589340881349,0.981110199987408,2,0
"10313",10,6,"75",0.528589340881349,0.981110199987408,2,1
"10314",11,6,"75",0.528589340881349,0.981110199987408,2,1
"10315",13,6,"75",0.528589340881349,0.981110199987408,2,1
"10316",14,6,"75",0.528589340881349,0.981110199987408,2,1
"10317",15,6,"75",0.528589340881349,0.981110199987408,2,0
"10318",16,6,"75",0.528589340881349,0.981110199987408,2,1
"10319",17,6,"75",0.528589340881349,0.981110199987408,2,0
"10320",18,6,"75",0.528589340881349,0.981110199987408,2,0
"10321",19,6,"75",0.528589340881349,0.981110199987408,2,1
"10322",20,6,"75",0.528589340881349,0.981110199987408,2,0
"10323",21,6,"75",0.528589340881349,0.981110199987408,2,1
"10324",22,6,"75",0.528589340881349,0.981110199987408,2,1
"10325",23,6,"75",0.528589340881349,0.981110199987408,2,1
"10326",24,6,"75",0.528589340881349,0.981110199987408,2,1
"10327",25,6,"75",0.528589340881349,0.981110199987408,2,1
"10328",26,6,"75",0.528589340881349,0.981110199987408,2,1
"10329",27,6,"75",0.528589340881349,0.981110199987408,2,0
"10330",28,6,"75",0.528589340881349,0.981110199987408,2,0
"10331",29,6,"75",0.528589340881349,0.981110199987408,2,1
"10332",30,6,"75",0.528589340881349,0.981110199987408,2,1
"10333",1,7,"75",-0.349319770054082,0.706279165632797,3,0
"10334",2,7,"75",-0.349319770054082,0.706279165632797,3,1
"10335",4,7,"75",-0.349319770054082,0.706279165632797,3,0
"10336",5,7,"75",-0.349319770054082,0.706279165632797,3,0
"10337",10,7,"75",-0.349319770054082,0.706279165632797,3,0
"10338",11,7,"75",-0.349319770054082,0.706279165632797,3,0
"10339",13,7,"75",-0.349319770054082,0.706279165632797,3,1
"10340",14,7,"75",-0.349319770054082,0.706279165632797,3,1
"10341",16,7,"75",-0.349319770054082,0.706279165632797,3,1
"10342",19,7,"75",-0.349319770054082,0.706279165632797,3,1
"10343",21,7,"75",-0.349319770054082,0.706279165632797,3,1
"10344",22,7,"75",-0.349319770054082,0.706279165632797,3,0
"10345",23,7,"75",-0.349319770054082,0.706279165632797,3,0
"10346",24,7,"75",-0.349319770054082,0.706279165632797,3,0
"10347",25,7,"75",-0.349319770054082,0.706279165632797,3,0
"10348",26,7,"75",-0.349319770054082,0.706279165632797,3,0
"10349",29,7,"75",-0.349319770054082,0.706279165632797,3,0
"10350",30,7,"75",-0.349319770054082,0.706279165632797,3,0
"10351",1,8,"75",-0.633856967066371,0.470409771471972,3,0
"10352",2,8,"75",-0.633856967066371,0.470409771471972,3,1
"10353",4,8,"75",-0.633856967066371,0.470409771471972,3,0
"10354",5,8,"75",-0.633856967066371,0.470409771471972,3,0
"10355",10,8,"75",-0.633856967066371,0.470409771471972,3,0
"10356",11,8,"75",-0.633856967066371,0.470409771471972,3,0
"10357",13,8,"75",-0.633856967066371,0.470409771471972,3,1
"10358",14,8,"75",-0.633856967066371,0.470409771471972,3,1
"10359",16,8,"75",-0.633856967066371,0.470409771471972,3,1
"10360",19,8,"75",-0.633856967066371,0.470409771471972,3,1
"10361",21,8,"75",-0.633856967066371,0.470409771471972,3,1
"10362",22,8,"75",-0.633856967066371,0.470409771471972,3,0
"10363",23,8,"75",-0.633856967066371,0.470409771471972,3,0
"10364",24,8,"75",-0.633856967066371,0.470409771471972,3,0
"10365",25,8,"75",-0.633856967066371,0.470409771471972,3,0
"10366",26,8,"75",-0.633856967066371,0.470409771471972,3,0
"10367",29,8,"75",-0.633856967066371,0.470409771471972,3,0
"10368",30,8,"75",-0.633856967066371,0.470409771471972,3,0
"10369",1,9,"75",-0.398695888187285,0.6691989784548,3,0
"10370",2,9,"75",-0.398695888187285,0.6691989784548,3,1
"10371",4,9,"75",-0.398695888187285,0.6691989784548,3,0
"10372",5,9,"75",-0.398695888187285,0.6691989784548,3,0
"10373",10,9,"75",-0.398695888187285,0.6691989784548,3,0
"10374",11,9,"75",-0.398695888187285,0.6691989784548,3,0
"10375",13,9,"75",-0.398695888187285,0.6691989784548,3,1
"10376",14,9,"75",-0.398695888187285,0.6691989784548,3,1
"10377",16,9,"75",-0.398695888187285,0.6691989784548,3,1
"10378",19,9,"75",-0.398695888187285,0.6691989784548,3,1
"10379",21,9,"75",-0.398695888187285,0.6691989784548,3,1
"10380",22,9,"75",-0.398695888187285,0.6691989784548,3,0
"10381",23,9,"75",-0.398695888187285,0.6691989784548,3,0
"10382",24,9,"75",-0.398695888187285,0.6691989784548,3,0
"10383",25,9,"75",-0.398695888187285,0.6691989784548,3,0
"10384",26,9,"75",-0.398695888187285,0.6691989784548,3,0
"10385",29,9,"75",-0.398695888187285,0.6691989784548,3,0
"10386",30,9,"75",-0.398695888187285,0.6691989784548,3,0
"10387",2,10,"75",-0.135409983397224,0.835629877885978,4,0
"10388",13,10,"75",-0.135409983397224,0.835629877885978,4,0
"10389",14,10,"75",-0.135409983397224,0.835629877885978,4,0
"10390",16,10,"75",-0.135409983397224,0.835629877885978,4,0
"10391",19,10,"75",-0.135409983397224,0.835629877885978,4,0
"10392",21,10,"75",-0.135409983397224,0.835629877885978,4,0
"10393",2,11,"75",0.685324269670463,0.988998214449867,4,0
"10394",13,11,"75",0.685324269670463,0.988998214449867,4,0
"10395",14,11,"75",0.685324269670463,0.988998214449867,4,0
"10396",16,11,"75",0.685324269670463,0.988998214449867,4,0
"10397",19,11,"75",0.685324269670463,0.988998214449867,4,0
"10398",21,11,"75",0.685324269670463,0.988998214449867,4,0
"10399",2,12,"75",-2.07564000512145,0.00568207781774352,4,0
"10400",13,12,"75",-2.07564000512145,0.00568207781774352,4,0
"10401",14,12,"75",-2.07564000512145,0.00568207781774352,4,0
"10402",16,12,"75",-2.07564000512145,0.00568207781774352,4,0
"10403",19,12,"75",-2.07564000512145,0.00568207781774352,4,0
"10404",21,12,"75",-2.07564000512145,0.00568207781774352,4,0
"10405",1,1,"76",-2.37888127070287,0.00197327698527492,1,0
"10406",2,1,"76",-2.37888127070287,0.00197327698527492,1,0
"10407",3,1,"76",-2.37888127070287,0.00197327698527492,1,0
"10408",4,1,"76",-2.37888127070287,0.00197327698527492,1,0
"10409",5,1,"76",-2.37888127070287,0.00197327698527492,1,0
"10410",6,1,"76",-2.37888127070287,0.00197327698527492,1,0
"10411",7,1,"76",-2.37888127070287,0.00197327698527492,1,0
"10412",8,1,"76",-2.37888127070287,0.00197327698527492,1,0
"10413",9,1,"76",-2.37888127070287,0.00197327698527492,1,0
"10414",10,1,"76",-2.37888127070287,0.00197327698527492,1,0
"10415",11,1,"76",-2.37888127070287,0.00197327698527492,1,0
"10416",12,1,"76",-2.37888127070287,0.00197327698527492,1,0
"10417",13,1,"76",-2.37888127070287,0.00197327698527492,1,0
"10418",14,1,"76",-2.37888127070287,0.00197327698527492,1,0
"10419",15,1,"76",-2.37888127070287,0.00197327698527492,1,0
"10420",16,1,"76",-2.37888127070287,0.00197327698527492,1,0
"10421",17,1,"76",-2.37888127070287,0.00197327698527492,1,0
"10422",18,1,"76",-2.37888127070287,0.00197327698527492,1,0
"10423",19,1,"76",-2.37888127070287,0.00197327698527492,1,0
"10424",20,1,"76",-2.37888127070287,0.00197327698527492,1,0
"10425",21,1,"76",-2.37888127070287,0.00197327698527492,1,0
"10426",22,1,"76",-2.37888127070287,0.00197327698527492,1,0
"10427",23,1,"76",-2.37888127070287,0.00197327698527492,1,0
"10428",24,1,"76",-2.37888127070287,0.00197327698527492,1,0
"10429",25,1,"76",-2.37888127070287,0.00197327698527492,1,0
"10430",26,1,"76",-2.37888127070287,0.00197327698527492,1,0
"10431",27,1,"76",-2.37888127070287,0.00197327698527492,1,0
"10432",28,1,"76",-2.37888127070287,0.00197327698527492,1,0
"10433",29,1,"76",-2.37888127070287,0.00197327698527492,1,0
"10434",30,1,"76",-2.37888127070287,0.00197327698527492,1,0
"10435",1,2,"76",0.314375846971853,0.96084614696102,1,0
"10436",2,2,"76",0.314375846971853,0.96084614696102,1,0
"10437",3,2,"76",0.314375846971853,0.96084614696102,1,0
"10438",4,2,"76",0.314375846971853,0.96084614696102,1,0
"10439",5,2,"76",0.314375846971853,0.96084614696102,1,0
"10440",6,2,"76",0.314375846971853,0.96084614696102,1,0
"10441",7,2,"76",0.314375846971853,0.96084614696102,1,0
"10442",8,2,"76",0.314375846971853,0.96084614696102,1,0
"10443",9,2,"76",0.314375846971853,0.96084614696102,1,0
"10444",10,2,"76",0.314375846971853,0.96084614696102,1,0
"10445",11,2,"76",0.314375846971853,0.96084614696102,1,0
"10446",12,2,"76",0.314375846971853,0.96084614696102,1,0
"10447",13,2,"76",0.314375846971853,0.96084614696102,1,0
"10448",14,2,"76",0.314375846971853,0.96084614696102,1,0
"10449",15,2,"76",0.314375846971853,0.96084614696102,1,0
"10450",16,2,"76",0.314375846971853,0.96084614696102,1,0
"10451",17,2,"76",0.314375846971853,0.96084614696102,1,0
"10452",18,2,"76",0.314375846971853,0.96084614696102,1,0
"10453",19,2,"76",0.314375846971853,0.96084614696102,1,0
"10454",20,2,"76",0.314375846971853,0.96084614696102,1,0
"10455",21,2,"76",0.314375846971853,0.96084614696102,1,0
"10456",22,2,"76",0.314375846971853,0.96084614696102,1,0
"10457",23,2,"76",0.314375846971853,0.96084614696102,1,0
"10458",24,2,"76",0.314375846971853,0.96084614696102,1,0
"10459",25,2,"76",0.314375846971853,0.96084614696102,1,0
"10460",26,2,"76",0.314375846971853,0.96084614696102,1,0
"10461",27,2,"76",0.314375846971853,0.96084614696102,1,0
"10462",28,2,"76",0.314375846971853,0.96084614696102,1,0
"10463",29,2,"76",0.314375846971853,0.96084614696102,1,0
"10464",30,2,"76",0.314375846971853,0.96084614696102,1,0
"10465",1,3,"76",-0.465921335596221,0.615212221299761,1,0
"10466",2,3,"76",-0.465921335596221,0.615212221299761,1,0
"10467",3,3,"76",-0.465921335596221,0.615212221299761,1,0
"10468",4,3,"76",-0.465921335596221,0.615212221299761,1,0
"10469",5,3,"76",-0.465921335596221,0.615212221299761,1,0
"10470",6,3,"76",-0.465921335596221,0.615212221299761,1,0
"10471",7,3,"76",-0.465921335596221,0.615212221299761,1,0
"10472",8,3,"76",-0.465921335596221,0.615212221299761,1,0
"10473",9,3,"76",-0.465921335596221,0.615212221299761,1,0
"10474",10,3,"76",-0.465921335596221,0.615212221299761,1,0
"10475",11,3,"76",-0.465921335596221,0.615212221299761,1,0
"10476",12,3,"76",-0.465921335596221,0.615212221299761,1,0
"10477",13,3,"76",-0.465921335596221,0.615212221299761,1,0
"10478",14,3,"76",-0.465921335596221,0.615212221299761,1,0
"10479",15,3,"76",-0.465921335596221,0.615212221299761,1,0
"10480",16,3,"76",-0.465921335596221,0.615212221299761,1,0
"10481",17,3,"76",-0.465921335596221,0.615212221299761,1,0
"10482",18,3,"76",-0.465921335596221,0.615212221299761,1,0
"10483",19,3,"76",-0.465921335596221,0.615212221299761,1,0
"10484",20,3,"76",-0.465921335596221,0.615212221299761,1,0
"10485",21,3,"76",-0.465921335596221,0.615212221299761,1,0
"10486",22,3,"76",-0.465921335596221,0.615212221299761,1,0
"10487",23,3,"76",-0.465921335596221,0.615212221299761,1,0
"10488",24,3,"76",-0.465921335596221,0.615212221299761,1,0
"10489",25,3,"76",-0.465921335596221,0.615212221299761,1,0
"10490",26,3,"76",-0.465921335596221,0.615212221299761,1,0
"10491",27,3,"76",-0.465921335596221,0.615212221299761,1,0
"10492",28,3,"76",-0.465921335596221,0.615212221299761,1,0
"10493",29,3,"76",-0.465921335596221,0.615212221299761,1,0
"10494",30,3,"76",-0.465921335596221,0.615212221299761,1,0
"10495",1,1,"77",-0.708355819337495,0.4063089180909,1,0
"10496",2,1,"77",-0.708355819337495,0.4063089180909,1,1
"10497",3,1,"77",-0.708355819337495,0.4063089180909,1,0
"10498",4,1,"77",-0.708355819337495,0.4063089180909,1,1
"10499",5,1,"77",-0.708355819337495,0.4063089180909,1,0
"10500",6,1,"77",-0.708355819337495,0.4063089180909,1,1
"10501",7,1,"77",-0.708355819337495,0.4063089180909,1,0
"10502",8,1,"77",-0.708355819337495,0.4063089180909,1,0
"10503",9,1,"77",-0.708355819337495,0.4063089180909,1,1
"10504",10,1,"77",-0.708355819337495,0.4063089180909,1,0
"10505",11,1,"77",-0.708355819337495,0.4063089180909,1,0
"10506",12,1,"77",-0.708355819337495,0.4063089180909,1,0
"10507",13,1,"77",-0.708355819337495,0.4063089180909,1,1
"10508",14,1,"77",-0.708355819337495,0.4063089180909,1,1
"10509",15,1,"77",-0.708355819337495,0.4063089180909,1,0
"10510",16,1,"77",-0.708355819337495,0.4063089180909,1,0
"10511",17,1,"77",-0.708355819337495,0.4063089180909,1,0
"10512",18,1,"77",-0.708355819337495,0.4063089180909,1,0
"10513",19,1,"77",-0.708355819337495,0.4063089180909,1,0
"10514",20,1,"77",-0.708355819337495,0.4063089180909,1,0
"10515",21,1,"77",-0.708355819337495,0.4063089180909,1,0
"10516",22,1,"77",-0.708355819337495,0.4063089180909,1,0
"10517",23,1,"77",-0.708355819337495,0.4063089180909,1,0
"10518",24,1,"77",-0.708355819337495,0.4063089180909,1,0
"10519",25,1,"77",-0.708355819337495,0.4063089180909,1,0
"10520",26,1,"77",-0.708355819337495,0.4063089180909,1,0
"10521",27,1,"77",-0.708355819337495,0.4063089180909,1,1
"10522",28,1,"77",-0.708355819337495,0.4063089180909,1,1
"10523",29,1,"77",-0.708355819337495,0.4063089180909,1,0
"10524",30,1,"77",-0.708355819337495,0.4063089180909,1,0
"10525",1,2,"77",0.401909395228262,0.970877320537943,1,0
"10526",2,2,"77",0.401909395228262,0.970877320537943,1,1
"10527",3,2,"77",0.401909395228262,0.970877320537943,1,0
"10528",4,2,"77",0.401909395228262,0.970877320537943,1,1
"10529",5,2,"77",0.401909395228262,0.970877320537943,1,0
"10530",6,2,"77",0.401909395228262,0.970877320537943,1,1
"10531",7,2,"77",0.401909395228262,0.970877320537943,1,0
"10532",8,2,"77",0.401909395228262,0.970877320537943,1,0
"10533",9,2,"77",0.401909395228262,0.970877320537943,1,1
"10534",10,2,"77",0.401909395228262,0.970877320537943,1,0
"10535",11,2,"77",0.401909395228262,0.970877320537943,1,0
"10536",12,2,"77",0.401909395228262,0.970877320537943,1,0
"10537",13,2,"77",0.401909395228262,0.970877320537943,1,1
"10538",14,2,"77",0.401909395228262,0.970877320537943,1,1
"10539",15,2,"77",0.401909395228262,0.970877320537943,1,0
"10540",16,2,"77",0.401909395228262,0.970877320537943,1,0
"10541",17,2,"77",0.401909395228262,0.970877320537943,1,0
"10542",18,2,"77",0.401909395228262,0.970877320537943,1,0
"10543",19,2,"77",0.401909395228262,0.970877320537943,1,0
"10544",20,2,"77",0.401909395228262,0.970877320537943,1,0
"10545",21,2,"77",0.401909395228262,0.970877320537943,1,0
"10546",22,2,"77",0.401909395228262,0.970877320537943,1,0
"10547",23,2,"77",0.401909395228262,0.970877320537943,1,0
"10548",24,2,"77",0.401909395228262,0.970877320537943,1,0
"10549",25,2,"77",0.401909395228262,0.970877320537943,1,0
"10550",26,2,"77",0.401909395228262,0.970877320537943,1,0
"10551",27,2,"77",0.401909395228262,0.970877320537943,1,1
"10552",28,2,"77",0.401909395228262,0.970877320537943,1,1
"10553",29,2,"77",0.401909395228262,0.970877320537943,1,0
"10554",30,2,"77",0.401909395228262,0.970877320537943,1,0
"10555",1,3,"77",-0.352216086863875,0.704171844978546,1,0
"10556",2,3,"77",-0.352216086863875,0.704171844978546,1,1
"10557",3,3,"77",-0.352216086863875,0.704171844978546,1,0
"10558",4,3,"77",-0.352216086863875,0.704171844978546,1,1
"10559",5,3,"77",-0.352216086863875,0.704171844978546,1,0
"10560",6,3,"77",-0.352216086863875,0.704171844978546,1,1
"10561",7,3,"77",-0.352216086863875,0.704171844978546,1,0
"10562",8,3,"77",-0.352216086863875,0.704171844978546,1,0
"10563",9,3,"77",-0.352216086863875,0.704171844978546,1,1
"10564",10,3,"77",-0.352216086863875,0.704171844978546,1,0
"10565",11,3,"77",-0.352216086863875,0.704171844978546,1,0
"10566",12,3,"77",-0.352216086863875,0.704171844978546,1,0
"10567",13,3,"77",-0.352216086863875,0.704171844978546,1,1
"10568",14,3,"77",-0.352216086863875,0.704171844978546,1,1
"10569",15,3,"77",-0.352216086863875,0.704171844978546,1,0
"10570",16,3,"77",-0.352216086863875,0.704171844978546,1,0
"10571",17,3,"77",-0.352216086863875,0.704171844978546,1,0
"10572",18,3,"77",-0.352216086863875,0.704171844978546,1,0
"10573",19,3,"77",-0.352216086863875,0.704171844978546,1,0
"10574",20,3,"77",-0.352216086863875,0.704171844978546,1,0
"10575",21,3,"77",-0.352216086863875,0.704171844978546,1,0
"10576",22,3,"77",-0.352216086863875,0.704171844978546,1,0
"10577",23,3,"77",-0.352216086863875,0.704171844978546,1,0
"10578",24,3,"77",-0.352216086863875,0.704171844978546,1,0
"10579",25,3,"77",-0.352216086863875,0.704171844978546,1,0
"10580",26,3,"77",-0.352216086863875,0.704171844978546,1,0
"10581",27,3,"77",-0.352216086863875,0.704171844978546,1,1
"10582",28,3,"77",-0.352216086863875,0.704171844978546,1,1
"10583",29,3,"77",-0.352216086863875,0.704171844978546,1,0
"10584",30,3,"77",-0.352216086863875,0.704171844978546,1,0
"10585",2,4,"77",1.37080757239007,0.998991040797383,2,1
"10586",4,4,"77",1.37080757239007,0.998991040797383,2,1
"10587",6,4,"77",1.37080757239007,0.998991040797383,2,1
"10588",9,4,"77",1.37080757239007,0.998991040797383,2,1
"10589",13,4,"77",1.37080757239007,0.998991040797383,2,1
"10590",14,4,"77",1.37080757239007,0.998991040797383,2,1
"10591",27,4,"77",1.37080757239007,0.998991040797383,2,1
"10592",28,4,"77",1.37080757239007,0.998991040797383,2,1
"10593",2,5,"77",0.284599370090771,0.956731495656659,2,1
"10594",4,5,"77",0.284599370090771,0.956731495656659,2,1
"10595",6,5,"77",0.284599370090771,0.956731495656659,2,1
"10596",9,5,"77",0.284599370090771,0.956731495656659,2,1
"10597",13,5,"77",0.284599370090771,0.956731495656659,2,1
"10598",14,5,"77",0.284599370090771,0.956731495656659,2,1
"10599",27,5,"77",0.284599370090771,0.956731495656659,2,1
"10600",28,5,"77",0.284599370090771,0.956731495656659,2,1
"10601",2,6,"77",0.67628138477964,0.988648453780225,2,1
"10602",4,6,"77",0.67628138477964,0.988648453780225,2,1
"10603",6,6,"77",0.67628138477964,0.988648453780225,2,1
"10604",9,6,"77",0.67628138477964,0.988648453780225,2,1
"10605",13,6,"77",0.67628138477964,0.988648453780225,2,1
"10606",14,6,"77",0.67628138477964,0.988648453780225,2,1
"10607",27,6,"77",0.67628138477964,0.988648453780225,2,1
"10608",28,6,"77",0.67628138477964,0.988648453780225,2,1
"10609",2,7,"77",-1.94837028682982,0.00884256841511077,3,0
"10610",4,7,"77",-1.94837028682982,0.00884256841511077,3,0
"10611",6,7,"77",-1.94837028682982,0.00884256841511077,3,0
"10612",9,7,"77",-1.94837028682982,0.00884256841511077,3,0
"10613",13,7,"77",-1.94837028682982,0.00884256841511077,3,0
"10614",14,7,"77",-1.94837028682982,0.00884256841511077,3,0
"10615",27,7,"77",-1.94837028682982,0.00884256841511077,3,0
"10616",28,7,"77",-1.94837028682982,0.00884256841511077,3,0
"10617",2,8,"77",-0.685438940241704,0.425793086785285,3,0
"10618",4,8,"77",-0.685438940241704,0.425793086785285,3,0
"10619",6,8,"77",-0.685438940241704,0.425793086785285,3,0
"10620",9,8,"77",-0.685438940241704,0.425793086785285,3,0
"10621",13,8,"77",-0.685438940241704,0.425793086785285,3,0
"10622",14,8,"77",-0.685438940241704,0.425793086785285,3,0
"10623",27,8,"77",-0.685438940241704,0.425793086785285,3,0
"10624",28,8,"77",-0.685438940241704,0.425793086785285,3,0
"10625",2,9,"77",0.405026455456982,0.971184208123651,3,0
"10626",4,9,"77",0.405026455456982,0.971184208123651,3,0
"10627",6,9,"77",0.405026455456982,0.971184208123651,3,0
"10628",9,9,"77",0.405026455456982,0.971184208123651,3,0
"10629",13,9,"77",0.405026455456982,0.971184208123651,3,0
"10630",14,9,"77",0.405026455456982,0.971184208123651,3,0
"10631",27,9,"77",0.405026455456982,0.971184208123651,3,0
"10632",28,9,"77",0.405026455456982,0.971184208123651,3,0
"10633",1,1,"78",-1.53805620950637,0.0361521603031219,1,0
"10634",2,1,"78",-1.53805620950637,0.0361521603031219,1,0
"10635",3,1,"78",-1.53805620950637,0.0361521603031219,1,0
"10636",4,1,"78",-1.53805620950637,0.0361521603031219,1,0
"10637",5,1,"78",-1.53805620950637,0.0361521603031219,1,0
"10638",6,1,"78",-1.53805620950637,0.0361521603031219,1,0
"10639",7,1,"78",-1.53805620950637,0.0361521603031219,1,0
"10640",8,1,"78",-1.53805620950637,0.0361521603031219,1,0
"10641",9,1,"78",-1.53805620950637,0.0361521603031219,1,1
"10642",10,1,"78",-1.53805620950637,0.0361521603031219,1,0
"10643",11,1,"78",-1.53805620950637,0.0361521603031219,1,0
"10644",12,1,"78",-1.53805620950637,0.0361521603031219,1,0
"10645",13,1,"78",-1.53805620950637,0.0361521603031219,1,0
"10646",14,1,"78",-1.53805620950637,0.0361521603031219,1,0
"10647",15,1,"78",-1.53805620950637,0.0361521603031219,1,0
"10648",16,1,"78",-1.53805620950637,0.0361521603031219,1,0
"10649",17,1,"78",-1.53805620950637,0.0361521603031219,1,0
"10650",18,1,"78",-1.53805620950637,0.0361521603031219,1,0
"10651",19,1,"78",-1.53805620950637,0.0361521603031219,1,0
"10652",20,1,"78",-1.53805620950637,0.0361521603031219,1,0
"10653",21,1,"78",-1.53805620950637,0.0361521603031219,1,0
"10654",22,1,"78",-1.53805620950637,0.0361521603031219,1,0
"10655",23,1,"78",-1.53805620950637,0.0361521603031219,1,0
"10656",24,1,"78",-1.53805620950637,0.0361521603031219,1,0
"10657",25,1,"78",-1.53805620950637,0.0361521603031219,1,0
"10658",26,1,"78",-1.53805620950637,0.0361521603031219,1,0
"10659",27,1,"78",-1.53805620950637,0.0361521603031219,1,0
"10660",28,1,"78",-1.53805620950637,0.0361521603031219,1,0
"10661",29,1,"78",-1.53805620950637,0.0361521603031219,1,0
"10662",30,1,"78",-1.53805620950637,0.0361521603031219,1,0
"10663",1,2,"78",-0.346857551036957,0.708063728475837,1,0
"10664",2,2,"78",-0.346857551036957,0.708063728475837,1,0
"10665",3,2,"78",-0.346857551036957,0.708063728475837,1,0
"10666",4,2,"78",-0.346857551036957,0.708063728475837,1,0
"10667",5,2,"78",-0.346857551036957,0.708063728475837,1,0
"10668",6,2,"78",-0.346857551036957,0.708063728475837,1,0
"10669",7,2,"78",-0.346857551036957,0.708063728475837,1,0
"10670",8,2,"78",-0.346857551036957,0.708063728475837,1,0
"10671",9,2,"78",-0.346857551036957,0.708063728475837,1,1
"10672",10,2,"78",-0.346857551036957,0.708063728475837,1,0
"10673",11,2,"78",-0.346857551036957,0.708063728475837,1,0
"10674",12,2,"78",-0.346857551036957,0.708063728475837,1,0
"10675",13,2,"78",-0.346857551036957,0.708063728475837,1,0
"10676",14,2,"78",-0.346857551036957,0.708063728475837,1,0
"10677",15,2,"78",-0.346857551036957,0.708063728475837,1,0
"10678",16,2,"78",-0.346857551036957,0.708063728475837,1,0
"10679",17,2,"78",-0.346857551036957,0.708063728475837,1,0
"10680",18,2,"78",-0.346857551036957,0.708063728475837,1,0
"10681",19,2,"78",-0.346857551036957,0.708063728475837,1,0
"10682",20,2,"78",-0.346857551036957,0.708063728475837,1,0
"10683",21,2,"78",-0.346857551036957,0.708063728475837,1,0
"10684",22,2,"78",-0.346857551036957,0.708063728475837,1,0
"10685",23,2,"78",-0.346857551036957,0.708063728475837,1,0
"10686",24,2,"78",-0.346857551036957,0.708063728475837,1,0
"10687",25,2,"78",-0.346857551036957,0.708063728475837,1,0
"10688",26,2,"78",-0.346857551036957,0.708063728475837,1,0
"10689",27,2,"78",-0.346857551036957,0.708063728475837,1,0
"10690",28,2,"78",-0.346857551036957,0.708063728475837,1,0
"10691",29,2,"78",-0.346857551036957,0.708063728475837,1,0
"10692",30,2,"78",-0.346857551036957,0.708063728475837,1,0
"10693",1,3,"78",-0.337556166648128,0.714747262721819,1,0
"10694",2,3,"78",-0.337556166648128,0.714747262721819,1,0
"10695",3,3,"78",-0.337556166648128,0.714747262721819,1,0
"10696",4,3,"78",-0.337556166648128,0.714747262721819,1,0
"10697",5,3,"78",-0.337556166648128,0.714747262721819,1,0
"10698",6,3,"78",-0.337556166648128,0.714747262721819,1,0
"10699",7,3,"78",-0.337556166648128,0.714747262721819,1,0
"10700",8,3,"78",-0.337556166648128,0.714747262721819,1,0
"10701",9,3,"78",-0.337556166648128,0.714747262721819,1,1
"10702",10,3,"78",-0.337556166648128,0.714747262721819,1,0
"10703",11,3,"78",-0.337556166648128,0.714747262721819,1,0
"10704",12,3,"78",-0.337556166648128,0.714747262721819,1,0
"10705",13,3,"78",-0.337556166648128,0.714747262721819,1,0
"10706",14,3,"78",-0.337556166648128,0.714747262721819,1,0
"10707",15,3,"78",-0.337556166648128,0.714747262721819,1,0
"10708",16,3,"78",-0.337556166648128,0.714747262721819,1,0
"10709",17,3,"78",-0.337556166648128,0.714747262721819,1,0
"10710",18,3,"78",-0.337556166648128,0.714747262721819,1,0
"10711",19,3,"78",-0.337556166648128,0.714747262721819,1,0
"10712",20,3,"78",-0.337556166648128,0.714747262721819,1,0
"10713",21,3,"78",-0.337556166648128,0.714747262721819,1,0
"10714",22,3,"78",-0.337556166648128,0.714747262721819,1,0
"10715",23,3,"78",-0.337556166648128,0.714747262721819,1,0
"10716",24,3,"78",-0.337556166648128,0.714747262721819,1,0
"10717",25,3,"78",-0.337556166648128,0.714747262721819,1,0
"10718",26,3,"78",-0.337556166648128,0.714747262721819,1,0
"10719",27,3,"78",-0.337556166648128,0.714747262721819,1,0
"10720",28,3,"78",-0.337556166648128,0.714747262721819,1,0
"10721",29,3,"78",-0.337556166648128,0.714747262721819,1,0
"10722",30,3,"78",-0.337556166648128,0.714747262721819,1,0
"10723",9,4,"78",-1.51484249751366,0.0390924540364552,2,0
"10724",9,5,"78",-1.04437922578525,0.174318173269464,2,0
"10725",9,6,"78",0.082572987755363,0.915985063295104,2,0
"10726",1,1,"79",-0.0902301149756862,0.856214041340209,1,0
"10727",2,1,"79",-0.0902301149756862,0.856214041340209,1,0
"10728",3,1,"79",-0.0902301149756862,0.856214041340209,1,0
"10729",4,1,"79",-0.0902301149756862,0.856214041340209,1,0
"10730",5,1,"79",-0.0902301149756862,0.856214041340209,1,0
"10731",6,1,"79",-0.0902301149756862,0.856214041340209,1,0
"10732",7,1,"79",-0.0902301149756862,0.856214041340209,1,0
"10733",8,1,"79",-0.0902301149756862,0.856214041340209,1,0
"10734",9,1,"79",-0.0902301149756862,0.856214041340209,1,0
"10735",10,1,"79",-0.0902301149756862,0.856214041340209,1,0
"10736",11,1,"79",-0.0902301149756862,0.856214041340209,1,0
"10737",12,1,"79",-0.0902301149756862,0.856214041340209,1,1
"10738",13,1,"79",-0.0902301149756862,0.856214041340209,1,1
"10739",14,1,"79",-0.0902301149756862,0.856214041340209,1,0
"10740",15,1,"79",-0.0902301149756862,0.856214041340209,1,0
"10741",16,1,"79",-0.0902301149756862,0.856214041340209,1,0
"10742",17,1,"79",-0.0902301149756862,0.856214041340209,1,1
"10743",18,1,"79",-0.0902301149756862,0.856214041340209,1,1
"10744",19,1,"79",-0.0902301149756862,0.856214041340209,1,0
"10745",20,1,"79",-0.0902301149756862,0.856214041340209,1,0
"10746",21,1,"79",-0.0902301149756862,0.856214041340209,1,0
"10747",22,1,"79",-0.0902301149756862,0.856214041340209,1,0
"10748",23,1,"79",-0.0902301149756862,0.856214041340209,1,0
"10749",24,1,"79",-0.0902301149756862,0.856214041340209,1,0
"10750",25,1,"79",-0.0902301149756862,0.856214041340209,1,0
"10751",26,1,"79",-0.0902301149756862,0.856214041340209,1,0
"10752",27,1,"79",-0.0902301149756862,0.856214041340209,1,0
"10753",28,1,"79",-0.0902301149756862,0.856214041340209,1,0
"10754",29,1,"79",-0.0902301149756862,0.856214041340209,1,0
"10755",30,1,"79",-0.0902301149756862,0.856214041340209,1,0
"10756",1,2,"79",1.8462517820461,0.999808777421901,1,0
"10757",2,2,"79",1.8462517820461,0.999808777421901,1,0
"10758",3,2,"79",1.8462517820461,0.999808777421901,1,0
"10759",4,2,"79",1.8462517820461,0.999808777421901,1,0
"10760",5,2,"79",1.8462517820461,0.999808777421901,1,0
"10761",6,2,"79",1.8462517820461,0.999808777421901,1,0
"10762",7,2,"79",1.8462517820461,0.999808777421901,1,0
"10763",8,2,"79",1.8462517820461,0.999808777421901,1,0
"10764",9,2,"79",1.8462517820461,0.999808777421901,1,0
"10765",10,2,"79",1.8462517820461,0.999808777421901,1,0
"10766",11,2,"79",1.8462517820461,0.999808777421901,1,0
"10767",12,2,"79",1.8462517820461,0.999808777421901,1,1
"10768",13,2,"79",1.8462517820461,0.999808777421901,1,1
"10769",14,2,"79",1.8462517820461,0.999808777421901,1,0
"10770",15,2,"79",1.8462517820461,0.999808777421901,1,0
"10771",16,2,"79",1.8462517820461,0.999808777421901,1,0
"10772",17,2,"79",1.8462517820461,0.999808777421901,1,1
"10773",18,2,"79",1.8462517820461,0.999808777421901,1,1
"10774",19,2,"79",1.8462517820461,0.999808777421901,1,0
"10775",20,2,"79",1.8462517820461,0.999808777421901,1,0
"10776",21,2,"79",1.8462517820461,0.999808777421901,1,0
"10777",22,2,"79",1.8462517820461,0.999808777421901,1,0
"10778",23,2,"79",1.8462517820461,0.999808777421901,1,0
"10779",24,2,"79",1.8462517820461,0.999808777421901,1,0
"10780",25,2,"79",1.8462517820461,0.999808777421901,1,0
"10781",26,2,"79",1.8462517820461,0.999808777421901,1,0
"10782",27,2,"79",1.8462517820461,0.999808777421901,1,0
"10783",28,2,"79",1.8462517820461,0.999808777421901,1,0
"10784",29,2,"79",1.8462517820461,0.999808777421901,1,0
"10785",30,2,"79",1.8462517820461,0.999808777421901,1,0
"10786",1,3,"79",-0.85436808275664,0.291050338153568,1,0
"10787",2,3,"79",-0.85436808275664,0.291050338153568,1,0
"10788",3,3,"79",-0.85436808275664,0.291050338153568,1,0
"10789",4,3,"79",-0.85436808275664,0.291050338153568,1,0
"10790",5,3,"79",-0.85436808275664,0.291050338153568,1,0
"10791",6,3,"79",-0.85436808275664,0.291050338153568,1,0
"10792",7,3,"79",-0.85436808275664,0.291050338153568,1,0
"10793",8,3,"79",-0.85436808275664,0.291050338153568,1,0
"10794",9,3,"79",-0.85436808275664,0.291050338153568,1,0
"10795",10,3,"79",-0.85436808275664,0.291050338153568,1,0
"10796",11,3,"79",-0.85436808275664,0.291050338153568,1,0
"10797",12,3,"79",-0.85436808275664,0.291050338153568,1,1
"10798",13,3,"79",-0.85436808275664,0.291050338153568,1,1
"10799",14,3,"79",-0.85436808275664,0.291050338153568,1,0
"10800",15,3,"79",-0.85436808275664,0.291050338153568,1,0
"10801",16,3,"79",-0.85436808275664,0.291050338153568,1,0
"10802",17,3,"79",-0.85436808275664,0.291050338153568,1,1
"10803",18,3,"79",-0.85436808275664,0.291050338153568,1,1
"10804",19,3,"79",-0.85436808275664,0.291050338153568,1,0
"10805",20,3,"79",-0.85436808275664,0.291050338153568,1,0
"10806",21,3,"79",-0.85436808275664,0.291050338153568,1,0
"10807",22,3,"79",-0.85436808275664,0.291050338153568,1,0
"10808",23,3,"79",-0.85436808275664,0.291050338153568,1,0
"10809",24,3,"79",-0.85436808275664,0.291050338153568,1,0
"10810",25,3,"79",-0.85436808275664,0.291050338153568,1,0
"10811",26,3,"79",-0.85436808275664,0.291050338153568,1,0
"10812",27,3,"79",-0.85436808275664,0.291050338153568,1,0
"10813",28,3,"79",-0.85436808275664,0.291050338153568,1,0
"10814",29,3,"79",-0.85436808275664,0.291050338153568,1,0
"10815",30,3,"79",-0.85436808275664,0.291050338153568,1,0
"10816",12,4,"79",-0.659737825266691,0.447918993499393,2,0
"10817",13,4,"79",-0.659737825266691,0.447918993499393,2,0
"10818",17,4,"79",-0.659737825266691,0.447918993499393,2,0
"10819",18,4,"79",-0.659737825266691,0.447918993499393,2,0
"10820",12,5,"79",1.47701627806311,0.999304064205586,2,0
"10821",13,5,"79",1.47701627806311,0.999304064205586,2,0
"10822",17,5,"79",1.47701627806311,0.999304064205586,2,0
"10823",18,5,"79",1.47701627806311,0.999304064205586,2,0
"10824",12,6,"79",-1.59330045934842,0.0299868228948241,2,0
"10825",13,6,"79",-1.59330045934842,0.0299868228948241,2,0
"10826",17,6,"79",-1.59330045934842,0.0299868228948241,2,0
"10827",18,6,"79",-1.59330045934842,0.0299868228948241,2,0
"10828",1,1,"80",0.665931015528785,0.988234616930587,1,0
"10829",2,1,"80",0.665931015528785,0.988234616930587,1,0
"10830",3,1,"80",0.665931015528785,0.988234616930587,1,0
"10831",4,1,"80",0.665931015528785,0.988234616930587,1,0
"10832",5,1,"80",0.665931015528785,0.988234616930587,1,0
"10833",6,1,"80",0.665931015528785,0.988234616930587,1,0
"10834",7,1,"80",0.665931015528785,0.988234616930587,1,0
"10835",8,1,"80",0.665931015528785,0.988234616930587,1,0
"10836",9,1,"80",0.665931015528785,0.988234616930587,1,0
"10837",10,1,"80",0.665931015528785,0.988234616930587,1,0
"10838",11,1,"80",0.665931015528785,0.988234616930587,1,0
"10839",12,1,"80",0.665931015528785,0.988234616930587,1,0
"10840",13,1,"80",0.665931015528785,0.988234616930587,1,0
"10841",14,1,"80",0.665931015528785,0.988234616930587,1,0
"10842",15,1,"80",0.665931015528785,0.988234616930587,1,0
"10843",16,1,"80",0.665931015528785,0.988234616930587,1,0
"10844",17,1,"80",0.665931015528785,0.988234616930587,1,0
"10845",18,1,"80",0.665931015528785,0.988234616930587,1,0
"10846",19,1,"80",0.665931015528785,0.988234616930587,1,0
"10847",20,1,"80",0.665931015528785,0.988234616930587,1,0
"10848",21,1,"80",0.665931015528785,0.988234616930587,1,0
"10849",22,1,"80",0.665931015528785,0.988234616930587,1,0
"10850",23,1,"80",0.665931015528785,0.988234616930587,1,0
"10851",24,1,"80",0.665931015528785,0.988234616930587,1,0
"10852",25,1,"80",0.665931015528785,0.988234616930587,1,0
"10853",26,1,"80",0.665931015528785,0.988234616930587,1,0
"10854",27,1,"80",0.665931015528785,0.988234616930587,1,0
"10855",28,1,"80",0.665931015528785,0.988234616930587,1,0
"10856",29,1,"80",0.665931015528785,0.988234616930587,1,0
"10857",30,1,"80",0.665931015528785,0.988234616930587,1,0
"10858",1,2,"80",-2.84205012927632,0.000390701689938373,1,0
"10859",2,2,"80",-2.84205012927632,0.000390701689938373,1,0
"10860",3,2,"80",-2.84205012927632,0.000390701689938373,1,0
"10861",4,2,"80",-2.84205012927632,0.000390701689938373,1,0
"10862",5,2,"80",-2.84205012927632,0.000390701689938373,1,0
"10863",6,2,"80",-2.84205012927632,0.000390701689938373,1,0
"10864",7,2,"80",-2.84205012927632,0.000390701689938373,1,0
"10865",8,2,"80",-2.84205012927632,0.000390701689938373,1,0
"10866",9,2,"80",-2.84205012927632,0.000390701689938373,1,0
"10867",10,2,"80",-2.84205012927632,0.000390701689938373,1,0
"10868",11,2,"80",-2.84205012927632,0.000390701689938373,1,0
"10869",12,2,"80",-2.84205012927632,0.000390701689938373,1,0
"10870",13,2,"80",-2.84205012927632,0.000390701689938373,1,0
"10871",14,2,"80",-2.84205012927632,0.000390701689938373,1,0
"10872",15,2,"80",-2.84205012927632,0.000390701689938373,1,0
"10873",16,2,"80",-2.84205012927632,0.000390701689938373,1,0
"10874",17,2,"80",-2.84205012927632,0.000390701689938373,1,0
"10875",18,2,"80",-2.84205012927632,0.000390701689938373,1,0
"10876",19,2,"80",-2.84205012927632,0.000390701689938373,1,0
"10877",20,2,"80",-2.84205012927632,0.000390701689938373,1,0
"10878",21,2,"80",-2.84205012927632,0.000390701689938373,1,0
"10879",22,2,"80",-2.84205012927632,0.000390701689938373,1,0
"10880",23,2,"80",-2.84205012927632,0.000390701689938373,1,0
"10881",24,2,"80",-2.84205012927632,0.000390701689938373,1,0
"10882",25,2,"80",-2.84205012927632,0.000390701689938373,1,0
"10883",26,2,"80",-2.84205012927632,0.000390701689938373,1,0
"10884",27,2,"80",-2.84205012927632,0.000390701689938373,1,0
"10885",28,2,"80",-2.84205012927632,0.000390701689938373,1,0
"10886",29,2,"80",-2.84205012927632,0.000390701689938373,1,0
"10887",30,2,"80",-2.84205012927632,0.000390701689938373,1,0
"10888",1,3,"80",1.8936710739008,0.999838015637657,1,0
"10889",2,3,"80",1.8936710739008,0.999838015637657,1,0
"10890",3,3,"80",1.8936710739008,0.999838015637657,1,0
"10891",4,3,"80",1.8936710739008,0.999838015637657,1,0
"10892",5,3,"80",1.8936710739008,0.999838015637657,1,0
"10893",6,3,"80",1.8936710739008,0.999838015637657,1,0
"10894",7,3,"80",1.8936710739008,0.999838015637657,1,0
"10895",8,3,"80",1.8936710739008,0.999838015637657,1,0
"10896",9,3,"80",1.8936710739008,0.999838015637657,1,0
"10897",10,3,"80",1.8936710739008,0.999838015637657,1,0
"10898",11,3,"80",1.8936710739008,0.999838015637657,1,0
"10899",12,3,"80",1.8936710739008,0.999838015637657,1,0
"10900",13,3,"80",1.8936710739008,0.999838015637657,1,0
"10901",14,3,"80",1.8936710739008,0.999838015637657,1,0
"10902",15,3,"80",1.8936710739008,0.999838015637657,1,0
"10903",16,3,"80",1.8936710739008,0.999838015637657,1,0
"10904",17,3,"80",1.8936710739008,0.999838015637657,1,0
"10905",18,3,"80",1.8936710739008,0.999838015637657,1,0
"10906",19,3,"80",1.8936710739008,0.999838015637657,1,0
"10907",20,3,"80",1.8936710739008,0.999838015637657,1,0
"10908",21,3,"80",1.8936710739008,0.999838015637657,1,0
"10909",22,3,"80",1.8936710739008,0.999838015637657,1,0
"10910",23,3,"80",1.8936710739008,0.999838015637657,1,0
"10911",24,3,"80",1.8936710739008,0.999838015637657,1,0
"10912",25,3,"80",1.8936710739008,0.999838015637657,1,0
"10913",26,3,"80",1.8936710739008,0.999838015637657,1,0
"10914",27,3,"80",1.8936710739008,0.999838015637657,1,0
"10915",28,3,"80",1.8936710739008,0.999838015637657,1,0
"10916",29,3,"80",1.8936710739008,0.999838015637657,1,0
"10917",30,3,"80",1.8936710739008,0.999838015637657,1,0
"10918",1,1,"81",1.97972961563807,0.99988013848502,1,0
"10919",2,1,"81",1.97972961563807,0.99988013848502,1,0
"10920",3,1,"81",1.97972961563807,0.99988013848502,1,0
"10921",4,1,"81",1.97972961563807,0.99988013848502,1,0
"10922",5,1,"81",1.97972961563807,0.99988013848502,1,0
"10923",6,1,"81",1.97972961563807,0.99988013848502,1,0
"10924",7,1,"81",1.97972961563807,0.99988013848502,1,0
"10925",8,1,"81",1.97972961563807,0.99988013848502,1,0
"10926",9,1,"81",1.97972961563807,0.99988013848502,1,0
"10927",10,1,"81",1.97972961563807,0.99988013848502,1,0
"10928",11,1,"81",1.97972961563807,0.99988013848502,1,0
"10929",12,1,"81",1.97972961563807,0.99988013848502,1,0
"10930",13,1,"81",1.97972961563807,0.99988013848502,1,0
"10931",14,1,"81",1.97972961563807,0.99988013848502,1,0
"10932",15,1,"81",1.97972961563807,0.99988013848502,1,0
"10933",16,1,"81",1.97972961563807,0.99988013848502,1,0
"10934",17,1,"81",1.97972961563807,0.99988013848502,1,0
"10935",18,1,"81",1.97972961563807,0.99988013848502,1,0
"10936",19,1,"81",1.97972961563807,0.99988013848502,1,0
"10937",20,1,"81",1.97972961563807,0.99988013848502,1,0
"10938",21,1,"81",1.97972961563807,0.99988013848502,1,0
"10939",22,1,"81",1.97972961563807,0.99988013848502,1,0
"10940",23,1,"81",1.97972961563807,0.99988013848502,1,0
"10941",24,1,"81",1.97972961563807,0.99988013848502,1,0
"10942",25,1,"81",1.97972961563807,0.99988013848502,1,0
"10943",26,1,"81",1.97972961563807,0.99988013848502,1,1
"10944",27,1,"81",1.97972961563807,0.99988013848502,1,0
"10945",28,1,"81",1.97972961563807,0.99988013848502,1,0
"10946",29,1,"81",1.97972961563807,0.99988013848502,1,0
"10947",30,1,"81",1.97972961563807,0.99988013848502,1,0
"10948",1,2,"81",-0.60508255376525,0.495552882727613,1,0
"10949",2,2,"81",-0.60508255376525,0.495552882727613,1,0
"10950",3,2,"81",-0.60508255376525,0.495552882727613,1,0
"10951",4,2,"81",-0.60508255376525,0.495552882727613,1,0
"10952",5,2,"81",-0.60508255376525,0.495552882727613,1,0
"10953",6,2,"81",-0.60508255376525,0.495552882727613,1,0
"10954",7,2,"81",-0.60508255376525,0.495552882727613,1,0
"10955",8,2,"81",-0.60508255376525,0.495552882727613,1,0
"10956",9,2,"81",-0.60508255376525,0.495552882727613,1,0
"10957",10,2,"81",-0.60508255376525,0.495552882727613,1,0
"10958",11,2,"81",-0.60508255376525,0.495552882727613,1,0
"10959",12,2,"81",-0.60508255376525,0.495552882727613,1,0
"10960",13,2,"81",-0.60508255376525,0.495552882727613,1,0
"10961",14,2,"81",-0.60508255376525,0.495552882727613,1,0
"10962",15,2,"81",-0.60508255376525,0.495552882727613,1,0
"10963",16,2,"81",-0.60508255376525,0.495552882727613,1,0
"10964",17,2,"81",-0.60508255376525,0.495552882727613,1,0
"10965",18,2,"81",-0.60508255376525,0.495552882727613,1,0
"10966",19,2,"81",-0.60508255376525,0.495552882727613,1,0
"10967",20,2,"81",-0.60508255376525,0.495552882727613,1,0
"10968",21,2,"81",-0.60508255376525,0.495552882727613,1,0
"10969",22,2,"81",-0.60508255376525,0.495552882727613,1,0
"10970",23,2,"81",-0.60508255376525,0.495552882727613,1,0
"10971",24,2,"81",-0.60508255376525,0.495552882727613,1,0
"10972",25,2,"81",-0.60508255376525,0.495552882727613,1,0
"10973",26,2,"81",-0.60508255376525,0.495552882727613,1,1
"10974",27,2,"81",-0.60508255376525,0.495552882727613,1,0
"10975",28,2,"81",-0.60508255376525,0.495552882727613,1,0
"10976",29,2,"81",-0.60508255376525,0.495552882727613,1,0
"10977",30,2,"81",-0.60508255376525,0.495552882727613,1,0
"10978",1,3,"81",-1.49434157390344,0.0418787615835678,1,0
"10979",2,3,"81",-1.49434157390344,0.0418787615835678,1,0
"10980",3,3,"81",-1.49434157390344,0.0418787615835678,1,0
"10981",4,3,"81",-1.49434157390344,0.0418787615835678,1,0
"10982",5,3,"81",-1.49434157390344,0.0418787615835678,1,0
"10983",6,3,"81",-1.49434157390344,0.0418787615835678,1,0
"10984",7,3,"81",-1.49434157390344,0.0418787615835678,1,0
"10985",8,3,"81",-1.49434157390344,0.0418787615835678,1,0
"10986",9,3,"81",-1.49434157390344,0.0418787615835678,1,0
"10987",10,3,"81",-1.49434157390344,0.0418787615835678,1,0
"10988",11,3,"81",-1.49434157390344,0.0418787615835678,1,0
"10989",12,3,"81",-1.49434157390344,0.0418787615835678,1,0
"10990",13,3,"81",-1.49434157390344,0.0418787615835678,1,0
"10991",14,3,"81",-1.49434157390344,0.0418787615835678,1,0
"10992",15,3,"81",-1.49434157390344,0.0418787615835678,1,0
"10993",16,3,"81",-1.49434157390344,0.0418787615835678,1,0
"10994",17,3,"81",-1.49434157390344,0.0418787615835678,1,0
"10995",18,3,"81",-1.49434157390344,0.0418787615835678,1,0
"10996",19,3,"81",-1.49434157390344,0.0418787615835678,1,0
"10997",20,3,"81",-1.49434157390344,0.0418787615835678,1,0
"10998",21,3,"81",-1.49434157390344,0.0418787615835678,1,0
"10999",22,3,"81",-1.49434157390344,0.0418787615835678,1,0
"11000",23,3,"81",-1.49434157390344,0.0418787615835678,1,0
"11001",24,3,"81",-1.49434157390344,0.0418787615835678,1,0
"11002",25,3,"81",-1.49434157390344,0.0418787615835678,1,0
"11003",26,3,"81",-1.49434157390344,0.0418787615835678,1,1
"11004",27,3,"81",-1.49434157390344,0.0418787615835678,1,0
"11005",28,3,"81",-1.49434157390344,0.0418787615835678,1,0
"11006",29,3,"81",-1.49434157390344,0.0418787615835678,1,0
"11007",30,3,"81",-1.49434157390344,0.0418787615835678,1,0
"11008",26,4,"81",1.73778727770287,0.999720507473222,2,1
"11009",26,5,"81",0.937865898145398,0.995424852266329,2,1
"11010",26,6,"81",-0.755149517591963,0.367484563634008,2,1
"11011",26,7,"81",-0.993754304754626,0.201307879319518,3,0
"11012",26,8,"81",0.222071591171902,0.94671032536854,3,0
"11013",26,9,"81",0.93519898539121,0.995382145145635,3,0
"11014",1,1,"82",-0.411903914668537,0.658886562059673,1,1
"11015",2,1,"82",-0.411903914668537,0.658886562059673,1,0
"11016",3,1,"82",-0.411903914668537,0.658886562059673,1,0
"11017",4,1,"82",-0.411903914668537,0.658886562059673,1,0
"11018",5,1,"82",-0.411903914668537,0.658886562059673,1,1
"11019",6,1,"82",-0.411903914668537,0.658886562059673,1,1
"11020",7,1,"82",-0.411903914668537,0.658886562059673,1,1
"11021",8,1,"82",-0.411903914668537,0.658886562059673,1,1
"11022",9,1,"82",-0.411903914668537,0.658886562059673,1,1
"11023",10,1,"82",-0.411903914668537,0.658886562059673,1,1
"11024",11,1,"82",-0.411903914668537,0.658886562059673,1,1
"11025",12,1,"82",-0.411903914668537,0.658886562059673,1,0
"11026",13,1,"82",-0.411903914668537,0.658886562059673,1,0
"11027",14,1,"82",-0.411903914668537,0.658886562059673,1,0
"11028",15,1,"82",-0.411903914668537,0.658886562059673,1,1
"11029",16,1,"82",-0.411903914668537,0.658886562059673,1,1
"11030",17,1,"82",-0.411903914668537,0.658886562059673,1,1
"11031",18,1,"82",-0.411903914668537,0.658886562059673,1,0
"11032",19,1,"82",-0.411903914668537,0.658886562059673,1,0
"11033",20,1,"82",-0.411903914668537,0.658886562059673,1,0
"11034",21,1,"82",-0.411903914668537,0.658886562059673,1,1
"11035",22,1,"82",-0.411903914668537,0.658886562059673,1,0
"11036",23,1,"82",-0.411903914668537,0.658886562059673,1,0
"11037",24,1,"82",-0.411903914668537,0.658886562059673,1,1
"11038",25,1,"82",-0.411903914668537,0.658886562059673,1,0
"11039",26,1,"82",-0.411903914668537,0.658886562059673,1,0
"11040",27,1,"82",-0.411903914668537,0.658886562059673,1,0
"11041",28,1,"82",-0.411903914668537,0.658886562059673,1,1
"11042",29,1,"82",-0.411903914668537,0.658886562059673,1,1
"11043",30,1,"82",-0.411903914668537,0.658886562059673,1,1
"11044",1,2,"82",0.933039751993582,0.995347277339031,1,1
"11045",2,2,"82",0.933039751993582,0.995347277339031,1,0
"11046",3,2,"82",0.933039751993582,0.995347277339031,1,0
"11047",4,2,"82",0.933039751993582,0.995347277339031,1,0
"11048",5,2,"82",0.933039751993582,0.995347277339031,1,1
"11049",6,2,"82",0.933039751993582,0.995347277339031,1,1
"11050",7,2,"82",0.933039751993582,0.995347277339031,1,1
"11051",8,2,"82",0.933039751993582,0.995347277339031,1,1
"11052",9,2,"82",0.933039751993582,0.995347277339031,1,1
"11053",10,2,"82",0.933039751993582,0.995347277339031,1,1
"11054",11,2,"82",0.933039751993582,0.995347277339031,1,1
"11055",12,2,"82",0.933039751993582,0.995347277339031,1,0
"11056",13,2,"82",0.933039751993582,0.995347277339031,1,0
"11057",14,2,"82",0.933039751993582,0.995347277339031,1,0
"11058",15,2,"82",0.933039751993582,0.995347277339031,1,1
"11059",16,2,"82",0.933039751993582,0.995347277339031,1,1
"11060",17,2,"82",0.933039751993582,0.995347277339031,1,1
"11061",18,2,"82",0.933039751993582,0.995347277339031,1,0
"11062",19,2,"82",0.933039751993582,0.995347277339031,1,0
"11063",20,2,"82",0.933039751993582,0.995347277339031,1,0
"11064",21,2,"82",0.933039751993582,0.995347277339031,1,1
"11065",22,2,"82",0.933039751993582,0.995347277339031,1,0
"11066",23,2,"82",0.933039751993582,0.995347277339031,1,0
"11067",24,2,"82",0.933039751993582,0.995347277339031,1,1
"11068",25,2,"82",0.933039751993582,0.995347277339031,1,0
"11069",26,2,"82",0.933039751993582,0.995347277339031,1,0
"11070",27,2,"82",0.933039751993582,0.995347277339031,1,0
"11071",28,2,"82",0.933039751993582,0.995347277339031,1,1
"11072",29,2,"82",0.933039751993582,0.995347277339031,1,1
"11073",30,2,"82",0.933039751993582,0.995347277339031,1,1
"11074",1,3,"82",0.911169331789532,0.99497900073392,1,1
"11075",2,3,"82",0.911169331789532,0.99497900073392,1,0
"11076",3,3,"82",0.911169331789532,0.99497900073392,1,0
"11077",4,3,"82",0.911169331789532,0.99497900073392,1,0
"11078",5,3,"82",0.911169331789532,0.99497900073392,1,1
"11079",6,3,"82",0.911169331789532,0.99497900073392,1,1
"11080",7,3,"82",0.911169331789532,0.99497900073392,1,1
"11081",8,3,"82",0.911169331789532,0.99497900073392,1,1
"11082",9,3,"82",0.911169331789532,0.99497900073392,1,1
"11083",10,3,"82",0.911169331789532,0.99497900073392,1,1
"11084",11,3,"82",0.911169331789532,0.99497900073392,1,1
"11085",12,3,"82",0.911169331789532,0.99497900073392,1,0
"11086",13,3,"82",0.911169331789532,0.99497900073392,1,0
"11087",14,3,"82",0.911169331789532,0.99497900073392,1,0
"11088",15,3,"82",0.911169331789532,0.99497900073392,1,1
"11089",16,3,"82",0.911169331789532,0.99497900073392,1,1
"11090",17,3,"82",0.911169331789532,0.99497900073392,1,1
"11091",18,3,"82",0.911169331789532,0.99497900073392,1,0
"11092",19,3,"82",0.911169331789532,0.99497900073392,1,0
"11093",20,3,"82",0.911169331789532,0.99497900073392,1,0
"11094",21,3,"82",0.911169331789532,0.99497900073392,1,1
"11095",22,3,"82",0.911169331789532,0.99497900073392,1,0
"11096",23,3,"82",0.911169331789532,0.99497900073392,1,0
"11097",24,3,"82",0.911169331789532,0.99497900073392,1,1
"11098",25,3,"82",0.911169331789532,0.99497900073392,1,0
"11099",26,3,"82",0.911169331789532,0.99497900073392,1,0
"11100",27,3,"82",0.911169331789532,0.99497900073392,1,0
"11101",28,3,"82",0.911169331789532,0.99497900073392,1,1
"11102",29,3,"82",0.911169331789532,0.99497900073392,1,1
"11103",30,3,"82",0.911169331789532,0.99497900073392,1,1
"11104",1,4,"82",-0.365885268967709,0.694109292847741,2,0
"11105",5,4,"82",-0.365885268967709,0.694109292847741,2,0
"11106",6,4,"82",-0.365885268967709,0.694109292847741,2,0
"11107",7,4,"82",-0.365885268967709,0.694109292847741,2,0
"11108",8,4,"82",-0.365885268967709,0.694109292847741,2,0
"11109",9,4,"82",-0.365885268967709,0.694109292847741,2,1
"11110",10,4,"82",-0.365885268967709,0.694109292847741,2,1
"11111",11,4,"82",-0.365885268967709,0.694109292847741,2,0
"11112",15,4,"82",-0.365885268967709,0.694109292847741,2,1
"11113",16,4,"82",-0.365885268967709,0.694109292847741,2,1
"11114",17,4,"82",-0.365885268967709,0.694109292847741,2,1
"11115",21,4,"82",-0.365885268967709,0.694109292847741,2,1
"11116",24,4,"82",-0.365885268967709,0.694109292847741,2,1
"11117",28,4,"82",-0.365885268967709,0.694109292847741,2,1
"11118",29,4,"82",-0.365885268967709,0.694109292847741,2,1
"11119",30,4,"82",-0.365885268967709,0.694109292847741,2,1
"11120",1,5,"82",-0.262031306524371,0.765467112205859,2,0
"11121",5,5,"82",-0.262031306524371,0.765467112205859,2,0
"11122",6,5,"82",-0.262031306524371,0.765467112205859,2,0
"11123",7,5,"82",-0.262031306524371,0.765467112205859,2,0
"11124",8,5,"82",-0.262031306524371,0.765467112205859,2,0
"11125",9,5,"82",-0.262031306524371,0.765467112205859,2,1
"11126",10,5,"82",-0.262031306524371,0.765467112205859,2,1
"11127",11,5,"82",-0.262031306524371,0.765467112205859,2,0
"11128",15,5,"82",-0.262031306524371,0.765467112205859,2,1
"11129",16,5,"82",-0.262031306524371,0.765467112205859,2,1
"11130",17,5,"82",-0.262031306524371,0.765467112205859,2,1
"11131",21,5,"82",-0.262031306524371,0.765467112205859,2,1
"11132",24,5,"82",-0.262031306524371,0.765467112205859,2,1
"11133",28,5,"82",-0.262031306524371,0.765467112205859,2,1
"11134",29,5,"82",-0.262031306524371,0.765467112205859,2,1
"11135",30,5,"82",-0.262031306524371,0.765467112205859,2,1
"11136",1,6,"82",2.35030640282398,0.999967233541644,2,0
"11137",5,6,"82",2.35030640282398,0.999967233541644,2,0
"11138",6,6,"82",2.35030640282398,0.999967233541644,2,0
"11139",7,6,"82",2.35030640282398,0.999967233541644,2,0
"11140",8,6,"82",2.35030640282398,0.999967233541644,2,0
"11141",9,6,"82",2.35030640282398,0.999967233541644,2,1
"11142",10,6,"82",2.35030640282398,0.999967233541644,2,1
"11143",11,6,"82",2.35030640282398,0.999967233541644,2,0
"11144",15,6,"82",2.35030640282398,0.999967233541644,2,1
"11145",16,6,"82",2.35030640282398,0.999967233541644,2,1
"11146",17,6,"82",2.35030640282398,0.999967233541644,2,1
"11147",21,6,"82",2.35030640282398,0.999967233541644,2,1
"11148",24,6,"82",2.35030640282398,0.999967233541644,2,1
"11149",28,6,"82",2.35030640282398,0.999967233541644,2,1
"11150",29,6,"82",2.35030640282398,0.999967233541644,2,1
"11151",30,6,"82",2.35030640282398,0.999967233541644,2,1
"11152",9,7,"82",0.0364936717913475,0.902711994491711,3,0
"11153",10,7,"82",0.0364936717913475,0.902711994491711,3,0
"11154",15,7,"82",0.0364936717913475,0.902711994491711,3,0
"11155",16,7,"82",0.0364936717913475,0.902711994491711,3,0
"11156",17,7,"82",0.0364936717913475,0.902711994491711,3,1
"11157",21,7,"82",0.0364936717913475,0.902711994491711,3,0
"11158",24,7,"82",0.0364936717913475,0.902711994491711,3,0
"11159",28,7,"82",0.0364936717913475,0.902711994491711,3,0
"11160",29,7,"82",0.0364936717913475,0.902711994491711,3,0
"11161",30,7,"82",0.0364936717913475,0.902711994491711,3,0
"11162",9,8,"82",-0.94041814671476,0.232997289733543,3,0
"11163",10,8,"82",-0.94041814671476,0.232997289733543,3,0
"11164",15,8,"82",-0.94041814671476,0.232997289733543,3,0
"11165",16,8,"82",-0.94041814671476,0.232997289733543,3,0
"11166",17,8,"82",-0.94041814671476,0.232997289733543,3,1
"11167",21,8,"82",-0.94041814671476,0.232997289733543,3,0
"11168",24,8,"82",-0.94041814671476,0.232997289733543,3,0
"11169",28,8,"82",-0.94041814671476,0.232997289733543,3,0
"11170",29,8,"82",-0.94041814671476,0.232997289733543,3,0
"11171",30,8,"82",-0.94041814671476,0.232997289733543,3,0
"11172",9,9,"82",0.273082351801723,0.955031764193598,3,0
"11173",10,9,"82",0.273082351801723,0.955031764193598,3,0
"11174",15,9,"82",0.273082351801723,0.955031764193598,3,0
"11175",16,9,"82",0.273082351801723,0.955031764193598,3,0
"11176",17,9,"82",0.273082351801723,0.955031764193598,3,1
"11177",21,9,"82",0.273082351801723,0.955031764193598,3,0
"11178",24,9,"82",0.273082351801723,0.955031764193598,3,0
"11179",28,9,"82",0.273082351801723,0.955031764193598,3,0
"11180",29,9,"82",0.273082351801723,0.955031764193598,3,0
"11181",30,9,"82",0.273082351801723,0.955031764193598,3,0
"11182",17,10,"82",0.00659467049487349,0.893126405562476,4,0
"11183",17,11,"82",-2.31381243444777,0.00247671224761094,4,0
"11184",17,12,"82",0.259334323165429,0.95291943735393,4,0
"11185",1,1,"83",-0.951625577382467,0.226060766242734,1,0
"11186",2,1,"83",-0.951625577382467,0.226060766242734,1,1
"11187",3,1,"83",-0.951625577382467,0.226060766242734,1,1
"11188",4,1,"83",-0.951625577382467,0.226060766242734,1,0
"11189",5,1,"83",-0.951625577382467,0.226060766242734,1,0
"11190",6,1,"83",-0.951625577382467,0.226060766242734,1,0
"11191",7,1,"83",-0.951625577382467,0.226060766242734,1,1
"11192",8,1,"83",-0.951625577382467,0.226060766242734,1,0
"11193",9,1,"83",-0.951625577382467,0.226060766242734,1,0
"11194",10,1,"83",-0.951625577382467,0.226060766242734,1,1
"11195",11,1,"83",-0.951625577382467,0.226060766242734,1,0
"11196",12,1,"83",-0.951625577382467,0.226060766242734,1,0
"11197",13,1,"83",-0.951625577382467,0.226060766242734,1,0
"11198",14,1,"83",-0.951625577382467,0.226060766242734,1,0
"11199",15,1,"83",-0.951625577382467,0.226060766242734,1,0
"11200",16,1,"83",-0.951625577382467,0.226060766242734,1,0
"11201",17,1,"83",-0.951625577382467,0.226060766242734,1,0
"11202",18,1,"83",-0.951625577382467,0.226060766242734,1,1
"11203",19,1,"83",-0.951625577382467,0.226060766242734,1,0
"11204",20,1,"83",-0.951625577382467,0.226060766242734,1,0
"11205",21,1,"83",-0.951625577382467,0.226060766242734,1,1
"11206",22,1,"83",-0.951625577382467,0.226060766242734,1,0
"11207",23,1,"83",-0.951625577382467,0.226060766242734,1,0
"11208",24,1,"83",-0.951625577382467,0.226060766242734,1,1
"11209",25,1,"83",-0.951625577382467,0.226060766242734,1,1
"11210",26,1,"83",-0.951625577382467,0.226060766242734,1,0
"11211",27,1,"83",-0.951625577382467,0.226060766242734,1,0
"11212",28,1,"83",-0.951625577382467,0.226060766242734,1,0
"11213",29,1,"83",-0.951625577382467,0.226060766242734,1,0
"11214",30,1,"83",-0.951625577382467,0.226060766242734,1,0
"11215",1,2,"83",1.11252559288998,0.997512135431727,1,0
"11216",2,2,"83",1.11252559288998,0.997512135431727,1,1
"11217",3,2,"83",1.11252559288998,0.997512135431727,1,1
"11218",4,2,"83",1.11252559288998,0.997512135431727,1,0
"11219",5,2,"83",1.11252559288998,0.997512135431727,1,0
"11220",6,2,"83",1.11252559288998,0.997512135431727,1,0
"11221",7,2,"83",1.11252559288998,0.997512135431727,1,1
"11222",8,2,"83",1.11252559288998,0.997512135431727,1,0
"11223",9,2,"83",1.11252559288998,0.997512135431727,1,0
"11224",10,2,"83",1.11252559288998,0.997512135431727,1,1
"11225",11,2,"83",1.11252559288998,0.997512135431727,1,0
"11226",12,2,"83",1.11252559288998,0.997512135431727,1,0
"11227",13,2,"83",1.11252559288998,0.997512135431727,1,0
"11228",14,2,"83",1.11252559288998,0.997512135431727,1,0
"11229",15,2,"83",1.11252559288998,0.997512135431727,1,0
"11230",16,2,"83",1.11252559288998,0.997512135431727,1,0
"11231",17,2,"83",1.11252559288998,0.997512135431727,1,0
"11232",18,2,"83",1.11252559288998,0.997512135431727,1,1
"11233",19,2,"83",1.11252559288998,0.997512135431727,1,0
"11234",20,2,"83",1.11252559288998,0.997512135431727,1,0
"11235",21,2,"83",1.11252559288998,0.997512135431727,1,1
"11236",22,2,"83",1.11252559288998,0.997512135431727,1,0
"11237",23,2,"83",1.11252559288998,0.997512135431727,1,0
"11238",24,2,"83",1.11252559288998,0.997512135431727,1,1
"11239",25,2,"83",1.11252559288998,0.997512135431727,1,1
"11240",26,2,"83",1.11252559288998,0.997512135431727,1,0
"11241",27,2,"83",1.11252559288998,0.997512135431727,1,0
"11242",28,2,"83",1.11252559288998,0.997512135431727,1,0
"11243",29,2,"83",1.11252559288998,0.997512135431727,1,0
"11244",30,2,"83",1.11252559288998,0.997512135431727,1,0
"11245",1,3,"83",0.182468844537459,0.939268618886365,1,0
"11246",2,3,"83",0.182468844537459,0.939268618886365,1,1
"11247",3,3,"83",0.182468844537459,0.939268618886365,1,1
"11248",4,3,"83",0.182468844537459,0.939268618886365,1,0
"11249",5,3,"83",0.182468844537459,0.939268618886365,1,0
"11250",6,3,"83",0.182468844537459,0.939268618886365,1,0
"11251",7,3,"83",0.182468844537459,0.939268618886365,1,1
"11252",8,3,"83",0.182468844537459,0.939268618886365,1,0
"11253",9,3,"83",0.182468844537459,0.939268618886365,1,0
"11254",10,3,"83",0.182468844537459,0.939268618886365,1,1
"11255",11,3,"83",0.182468844537459,0.939268618886365,1,0
"11256",12,3,"83",0.182468844537459,0.939268618886365,1,0
"11257",13,3,"83",0.182468844537459,0.939268618886365,1,0
"11258",14,3,"83",0.182468844537459,0.939268618886365,1,0
"11259",15,3,"83",0.182468844537459,0.939268618886365,1,0
"11260",16,3,"83",0.182468844537459,0.939268618886365,1,0
"11261",17,3,"83",0.182468844537459,0.939268618886365,1,0
"11262",18,3,"83",0.182468844537459,0.939268618886365,1,1
"11263",19,3,"83",0.182468844537459,0.939268618886365,1,0
"11264",20,3,"83",0.182468844537459,0.939268618886365,1,0
"11265",21,3,"83",0.182468844537459,0.939268618886365,1,1
"11266",22,3,"83",0.182468844537459,0.939268618886365,1,0
"11267",23,3,"83",0.182468844537459,0.939268618886365,1,0
"11268",24,3,"83",0.182468844537459,0.939268618886365,1,1
"11269",25,3,"83",0.182468844537459,0.939268618886365,1,1
"11270",26,3,"83",0.182468844537459,0.939268618886365,1,0
"11271",27,3,"83",0.182468844537459,0.939268618886365,1,0
"11272",28,3,"83",0.182468844537459,0.939268618886365,1,0
"11273",29,3,"83",0.182468844537459,0.939268618886365,1,0
"11274",30,3,"83",0.182468844537459,0.939268618886365,1,0
"11275",2,4,"83",-2.69110525529701,0.000662472781250474,2,0
"11276",3,4,"83",-2.69110525529701,0.000662472781250474,2,0
"11277",7,4,"83",-2.69110525529701,0.000662472781250474,2,0
"11278",10,4,"83",-2.69110525529701,0.000662472781250474,2,0
"11279",18,4,"83",-2.69110525529701,0.000662472781250474,2,0
"11280",21,4,"83",-2.69110525529701,0.000662472781250474,2,0
"11281",24,4,"83",-2.69110525529701,0.000662472781250474,2,0
"11282",25,4,"83",-2.69110525529701,0.000662472781250474,2,0
"11283",2,5,"83",-0.706475374726443,0.407897507944576,2,0
"11284",3,5,"83",-0.706475374726443,0.407897507944576,2,0
"11285",7,5,"83",-0.706475374726443,0.407897507944576,2,0
"11286",10,5,"83",-0.706475374726443,0.407897507944576,2,0
"11287",18,5,"83",-0.706475374726443,0.407897507944576,2,0
"11288",21,5,"83",-0.706475374726443,0.407897507944576,2,0
"11289",24,5,"83",-0.706475374726443,0.407897507944576,2,0
"11290",25,5,"83",-0.706475374726443,0.407897507944576,2,0
"11291",2,6,"83",-0.0455081126045387,0.87443139803532,2,0
"11292",3,6,"83",-0.0455081126045387,0.87443139803532,2,0
"11293",7,6,"83",-0.0455081126045387,0.87443139803532,2,0
"11294",10,6,"83",-0.0455081126045387,0.87443139803532,2,0
"11295",18,6,"83",-0.0455081126045387,0.87443139803532,2,0
"11296",21,6,"83",-0.0455081126045387,0.87443139803532,2,0
"11297",24,6,"83",-0.0455081126045387,0.87443139803532,2,0
"11298",25,6,"83",-0.0455081126045387,0.87443139803532,2,0
"11299",1,1,"84",0.0781409326972875,0.914783571425212,1,0
"11300",2,1,"84",0.0781409326972875,0.914783571425212,1,1
"11301",3,1,"84",0.0781409326972875,0.914783571425212,1,0
"11302",4,1,"84",0.0781409326972875,0.914783571425212,1,0
"11303",5,1,"84",0.0781409326972875,0.914783571425212,1,0
"11304",6,1,"84",0.0781409326972875,0.914783571425212,1,0
"11305",7,1,"84",0.0781409326972875,0.914783571425212,1,0
"11306",8,1,"84",0.0781409326972875,0.914783571425212,1,0
"11307",9,1,"84",0.0781409326972875,0.914783571425212,1,1
"11308",10,1,"84",0.0781409326972875,0.914783571425212,1,0
"11309",11,1,"84",0.0781409326972875,0.914783571425212,1,0
"11310",12,1,"84",0.0781409326972875,0.914783571425212,1,0
"11311",13,1,"84",0.0781409326972875,0.914783571425212,1,0
"11312",14,1,"84",0.0781409326972875,0.914783571425212,1,0
"11313",15,1,"84",0.0781409326972875,0.914783571425212,1,1
"11314",16,1,"84",0.0781409326972875,0.914783571425212,1,0
"11315",17,1,"84",0.0781409326972875,0.914783571425212,1,0
"11316",18,1,"84",0.0781409326972875,0.914783571425212,1,0
"11317",19,1,"84",0.0781409326972875,0.914783571425212,1,0
"11318",20,1,"84",0.0781409326972875,0.914783571425212,1,0
"11319",21,1,"84",0.0781409326972875,0.914783571425212,1,0
"11320",22,1,"84",0.0781409326972875,0.914783571425212,1,0
"11321",23,1,"84",0.0781409326972875,0.914783571425212,1,0
"11322",24,1,"84",0.0781409326972875,0.914783571425212,1,0
"11323",25,1,"84",0.0781409326972875,0.914783571425212,1,0
"11324",26,1,"84",0.0781409326972875,0.914783571425212,1,0
"11325",27,1,"84",0.0781409326972875,0.914783571425212,1,0
"11326",28,1,"84",0.0781409326972875,0.914783571425212,1,0
"11327",29,1,"84",0.0781409326972875,0.914783571425212,1,0
"11328",30,1,"84",0.0781409326972875,0.914783571425212,1,0
"11329",1,2,"84",-1.1040570222165,0.146265152152499,1,0
"11330",2,2,"84",-1.1040570222165,0.146265152152499,1,1
"11331",3,2,"84",-1.1040570222165,0.146265152152499,1,0
"11332",4,2,"84",-1.1040570222165,0.146265152152499,1,0
"11333",5,2,"84",-1.1040570222165,0.146265152152499,1,0
"11334",6,2,"84",-1.1040570222165,0.146265152152499,1,0
"11335",7,2,"84",-1.1040570222165,0.146265152152499,1,0
"11336",8,2,"84",-1.1040570222165,0.146265152152499,1,0
"11337",9,2,"84",-1.1040570222165,0.146265152152499,1,1
"11338",10,2,"84",-1.1040570222165,0.146265152152499,1,0
"11339",11,2,"84",-1.1040570222165,0.146265152152499,1,0
"11340",12,2,"84",-1.1040570222165,0.146265152152499,1,0
"11341",13,2,"84",-1.1040570222165,0.146265152152499,1,0
"11342",14,2,"84",-1.1040570222165,0.146265152152499,1,0
"11343",15,2,"84",-1.1040570222165,0.146265152152499,1,1
"11344",16,2,"84",-1.1040570222165,0.146265152152499,1,0
"11345",17,2,"84",-1.1040570222165,0.146265152152499,1,0
"11346",18,2,"84",-1.1040570222165,0.146265152152499,1,0
"11347",19,2,"84",-1.1040570222165,0.146265152152499,1,0
"11348",20,2,"84",-1.1040570222165,0.146265152152499,1,0
"11349",21,2,"84",-1.1040570222165,0.146265152152499,1,0
"11350",22,2,"84",-1.1040570222165,0.146265152152499,1,0
"11351",23,2,"84",-1.1040570222165,0.146265152152499,1,0
"11352",24,2,"84",-1.1040570222165,0.146265152152499,1,0
"11353",25,2,"84",-1.1040570222165,0.146265152152499,1,0
"11354",26,2,"84",-1.1040570222165,0.146265152152499,1,0
"11355",27,2,"84",-1.1040570222165,0.146265152152499,1,0
"11356",28,2,"84",-1.1040570222165,0.146265152152499,1,0
"11357",29,2,"84",-1.1040570222165,0.146265152152499,1,0
"11358",30,2,"84",-1.1040570222165,0.146265152152499,1,0
"11359",1,3,"84",-0.0100110824733894,0.887450658919309,1,0
"11360",2,3,"84",-0.0100110824733894,0.887450658919309,1,1
"11361",3,3,"84",-0.0100110824733894,0.887450658919309,1,0
"11362",4,3,"84",-0.0100110824733894,0.887450658919309,1,0
"11363",5,3,"84",-0.0100110824733894,0.887450658919309,1,0
"11364",6,3,"84",-0.0100110824733894,0.887450658919309,1,0
"11365",7,3,"84",-0.0100110824733894,0.887450658919309,1,0
"11366",8,3,"84",-0.0100110824733894,0.887450658919309,1,0
"11367",9,3,"84",-0.0100110824733894,0.887450658919309,1,1
"11368",10,3,"84",-0.0100110824733894,0.887450658919309,1,0
"11369",11,3,"84",-0.0100110824733894,0.887450658919309,1,0
"11370",12,3,"84",-0.0100110824733894,0.887450658919309,1,0
"11371",13,3,"84",-0.0100110824733894,0.887450658919309,1,0
"11372",14,3,"84",-0.0100110824733894,0.887450658919309,1,0
"11373",15,3,"84",-0.0100110824733894,0.887450658919309,1,1
"11374",16,3,"84",-0.0100110824733894,0.887450658919309,1,0
"11375",17,3,"84",-0.0100110824733894,0.887450658919309,1,0
"11376",18,3,"84",-0.0100110824733894,0.887450658919309,1,0
"11377",19,3,"84",-0.0100110824733894,0.887450658919309,1,0
"11378",20,3,"84",-0.0100110824733894,0.887450658919309,1,0
"11379",21,3,"84",-0.0100110824733894,0.887450658919309,1,0
"11380",22,3,"84",-0.0100110824733894,0.887450658919309,1,0
"11381",23,3,"84",-0.0100110824733894,0.887450658919309,1,0
"11382",24,3,"84",-0.0100110824733894,0.887450658919309,1,0
"11383",25,3,"84",-0.0100110824733894,0.887450658919309,1,0
"11384",26,3,"84",-0.0100110824733894,0.887450658919309,1,0
"11385",27,3,"84",-0.0100110824733894,0.887450658919309,1,0
"11386",28,3,"84",-0.0100110824733894,0.887450658919309,1,0
"11387",29,3,"84",-0.0100110824733894,0.887450658919309,1,0
"11388",30,3,"84",-0.0100110824733894,0.887450658919309,1,0
"11389",2,4,"84",2.0721808689771,0.999913270785868,2,0
"11390",9,4,"84",2.0721808689771,0.999913270785868,2,0
"11391",15,4,"84",2.0721808689771,0.999913270785868,2,0
"11392",2,5,"84",-0.72077267302425,0.39586980304217,2,0
"11393",9,5,"84",-0.72077267302425,0.39586980304217,2,0
"11394",15,5,"84",-0.72077267302425,0.39586980304217,2,0
"11395",2,6,"84",-0.988500172903133,0.204280838469658,2,0
"11396",9,6,"84",-0.988500172903133,0.204280838469658,2,0
"11397",15,6,"84",-0.988500172903133,0.204280838469658,2,0
"11398",1,1,"85",-0.461822054809287,0.618602982457275,1,1
"11399",2,1,"85",-0.461822054809287,0.618602982457275,1,1
"11400",3,1,"85",-0.461822054809287,0.618602982457275,1,0
"11401",4,1,"85",-0.461822054809287,0.618602982457275,1,0
"11402",5,1,"85",-0.461822054809287,0.618602982457275,1,1
"11403",6,1,"85",-0.461822054809287,0.618602982457275,1,0
"11404",7,1,"85",-0.461822054809287,0.618602982457275,1,0
"11405",8,1,"85",-0.461822054809287,0.618602982457275,1,0
"11406",9,1,"85",-0.461822054809287,0.618602982457275,1,1
"11407",10,1,"85",-0.461822054809287,0.618602982457275,1,1
"11408",11,1,"85",-0.461822054809287,0.618602982457275,1,1
"11409",12,1,"85",-0.461822054809287,0.618602982457275,1,0
"11410",13,1,"85",-0.461822054809287,0.618602982457275,1,1
"11411",14,1,"85",-0.461822054809287,0.618602982457275,1,0
"11412",15,1,"85",-0.461822054809287,0.618602982457275,1,1
"11413",16,1,"85",-0.461822054809287,0.618602982457275,1,1
"11414",17,1,"85",-0.461822054809287,0.618602982457275,1,1
"11415",18,1,"85",-0.461822054809287,0.618602982457275,1,1
"11416",19,1,"85",-0.461822054809287,0.618602982457275,1,0
"11417",20,1,"85",-0.461822054809287,0.618602982457275,1,0
"11418",21,1,"85",-0.461822054809287,0.618602982457275,1,1
"11419",22,1,"85",-0.461822054809287,0.618602982457275,1,0
"11420",23,1,"85",-0.461822054809287,0.618602982457275,1,1
"11421",24,1,"85",-0.461822054809287,0.618602982457275,1,1
"11422",25,1,"85",-0.461822054809287,0.618602982457275,1,0
"11423",26,1,"85",-0.461822054809287,0.618602982457275,1,1
"11424",27,1,"85",-0.461822054809287,0.618602982457275,1,1
"11425",28,1,"85",-0.461822054809287,0.618602982457275,1,1
"11426",29,1,"85",-0.461822054809287,0.618602982457275,1,0
"11427",30,1,"85",-0.461822054809287,0.618602982457275,1,1
"11428",1,2,"85",0.202410171044763,0.943129969370899,1,1
"11429",2,2,"85",0.202410171044763,0.943129969370899,1,1
"11430",3,2,"85",0.202410171044763,0.943129969370899,1,0
"11431",4,2,"85",0.202410171044763,0.943129969370899,1,0
"11432",5,2,"85",0.202410171044763,0.943129969370899,1,1
"11433",6,2,"85",0.202410171044763,0.943129969370899,1,0
"11434",7,2,"85",0.202410171044763,0.943129969370899,1,0
"11435",8,2,"85",0.202410171044763,0.943129969370899,1,0
"11436",9,2,"85",0.202410171044763,0.943129969370899,1,1
"11437",10,2,"85",0.202410171044763,0.943129969370899,1,1
"11438",11,2,"85",0.202410171044763,0.943129969370899,1,1
"11439",12,2,"85",0.202410171044763,0.943129969370899,1,0
"11440",13,2,"85",0.202410171044763,0.943129969370899,1,1
"11441",14,2,"85",0.202410171044763,0.943129969370899,1,0
"11442",15,2,"85",0.202410171044763,0.943129969370899,1,1
"11443",16,2,"85",0.202410171044763,0.943129969370899,1,1
"11444",17,2,"85",0.202410171044763,0.943129969370899,1,1
"11445",18,2,"85",0.202410171044763,0.943129969370899,1,1
"11446",19,2,"85",0.202410171044763,0.943129969370899,1,0
"11447",20,2,"85",0.202410171044763,0.943129969370899,1,0
"11448",21,2,"85",0.202410171044763,0.943129969370899,1,1
"11449",22,2,"85",0.202410171044763,0.943129969370899,1,0
"11450",23,2,"85",0.202410171044763,0.943129969370899,1,1
"11451",24,2,"85",0.202410171044763,0.943129969370899,1,1
"11452",25,2,"85",0.202410171044763,0.943129969370899,1,0
"11453",26,2,"85",0.202410171044763,0.943129969370899,1,1
"11454",27,2,"85",0.202410171044763,0.943129969370899,1,1
"11455",28,2,"85",0.202410171044763,0.943129969370899,1,1
"11456",29,2,"85",0.202410171044763,0.943129969370899,1,0
"11457",30,2,"85",0.202410171044763,0.943129969370899,1,1
"11458",1,3,"85",1.03120272724343,0.996695662745694,1,1
"11459",2,3,"85",1.03120272724343,0.996695662745694,1,1
"11460",3,3,"85",1.03120272724343,0.996695662745694,1,0
"11461",4,3,"85",1.03120272724343,0.996695662745694,1,0
"11462",5,3,"85",1.03120272724343,0.996695662745694,1,1
"11463",6,3,"85",1.03120272724343,0.996695662745694,1,0
"11464",7,3,"85",1.03120272724343,0.996695662745694,1,0
"11465",8,3,"85",1.03120272724343,0.996695662745694,1,0
"11466",9,3,"85",1.03120272724343,0.996695662745694,1,1
"11467",10,3,"85",1.03120272724343,0.996695662745694,1,1
"11468",11,3,"85",1.03120272724343,0.996695662745694,1,1
"11469",12,3,"85",1.03120272724343,0.996695662745694,1,0
"11470",13,3,"85",1.03120272724343,0.996695662745694,1,1
"11471",14,3,"85",1.03120272724343,0.996695662745694,1,0
"11472",15,3,"85",1.03120272724343,0.996695662745694,1,1
"11473",16,3,"85",1.03120272724343,0.996695662745694,1,1
"11474",17,3,"85",1.03120272724343,0.996695662745694,1,1
"11475",18,3,"85",1.03120272724343,0.996695662745694,1,1
"11476",19,3,"85",1.03120272724343,0.996695662745694,1,0
"11477",20,3,"85",1.03120272724343,0.996695662745694,1,0
"11478",21,3,"85",1.03120272724343,0.996695662745694,1,1
"11479",22,3,"85",1.03120272724343,0.996695662745694,1,0
"11480",23,3,"85",1.03120272724343,0.996695662745694,1,1
"11481",24,3,"85",1.03120272724343,0.996695662745694,1,1
"11482",25,3,"85",1.03120272724343,0.996695662745694,1,0
"11483",26,3,"85",1.03120272724343,0.996695662745694,1,1
"11484",27,3,"85",1.03120272724343,0.996695662745694,1,1
"11485",28,3,"85",1.03120272724343,0.996695662745694,1,1
"11486",29,3,"85",1.03120272724343,0.996695662745694,1,0
"11487",30,3,"85",1.03120272724343,0.996695662745694,1,1
"11488",1,4,"85",1.56673064880107,0.999491510448146,2,0
"11489",2,4,"85",1.56673064880107,0.999491510448146,2,1
"11490",5,4,"85",1.56673064880107,0.999491510448146,2,1
"11491",9,4,"85",1.56673064880107,0.999491510448146,2,1
"11492",10,4,"85",1.56673064880107,0.999491510448146,2,1
"11493",11,4,"85",1.56673064880107,0.999491510448146,2,1
"11494",13,4,"85",1.56673064880107,0.999491510448146,2,1
"11495",15,4,"85",1.56673064880107,0.999491510448146,2,1
"11496",16,4,"85",1.56673064880107,0.999491510448146,2,1
"11497",17,4,"85",1.56673064880107,0.999491510448146,2,1
"11498",18,4,"85",1.56673064880107,0.999491510448146,2,1
"11499",21,4,"85",1.56673064880107,0.999491510448146,2,1
"11500",23,4,"85",1.56673064880107,0.999491510448146,2,1
"11501",24,4,"85",1.56673064880107,0.999491510448146,2,1
"11502",26,4,"85",1.56673064880107,0.999491510448146,2,1
"11503",27,4,"85",1.56673064880107,0.999491510448146,2,1
"11504",28,4,"85",1.56673064880107,0.999491510448146,2,1
"11505",30,4,"85",1.56673064880107,0.999491510448146,2,1
"11506",1,5,"85",0.859782437822395,0.99399558977081,2,0
"11507",2,5,"85",0.859782437822395,0.99399558977081,2,1
"11508",5,5,"85",0.859782437822395,0.99399558977081,2,1
"11509",9,5,"85",0.859782437822395,0.99399558977081,2,1
"11510",10,5,"85",0.859782437822395,0.99399558977081,2,1
"11511",11,5,"85",0.859782437822395,0.99399558977081,2,1
"11512",13,5,"85",0.859782437822395,0.99399558977081,2,1
"11513",15,5,"85",0.859782437822395,0.99399558977081,2,1
"11514",16,5,"85",0.859782437822395,0.99399558977081,2,1
"11515",17,5,"85",0.859782437822395,0.99399558977081,2,1
"11516",18,5,"85",0.859782437822395,0.99399558977081,2,1
"11517",21,5,"85",0.859782437822395,0.99399558977081,2,1
"11518",23,5,"85",0.859782437822395,0.99399558977081,2,1
"11519",24,5,"85",0.859782437822395,0.99399558977081,2,1
"11520",26,5,"85",0.859782437822395,0.99399558977081,2,1
"11521",27,5,"85",0.859782437822395,0.99399558977081,2,1
"11522",28,5,"85",0.859782437822395,0.99399558977081,2,1
"11523",30,5,"85",0.859782437822395,0.99399558977081,2,1
"11524",1,6,"85",0.609705378500729,0.985712346827633,2,0
"11525",2,6,"85",0.609705378500729,0.985712346827633,2,1
"11526",5,6,"85",0.609705378500729,0.985712346827633,2,1
"11527",9,6,"85",0.609705378500729,0.985712346827633,2,1
"11528",10,6,"85",0.609705378500729,0.985712346827633,2,1
"11529",11,6,"85",0.609705378500729,0.985712346827633,2,1
"11530",13,6,"85",0.609705378500729,0.985712346827633,2,1
"11531",15,6,"85",0.609705378500729,0.985712346827633,2,1
"11532",16,6,"85",0.609705378500729,0.985712346827633,2,1
"11533",17,6,"85",0.609705378500729,0.985712346827633,2,1
"11534",18,6,"85",0.609705378500729,0.985712346827633,2,1
"11535",21,6,"85",0.609705378500729,0.985712346827633,2,1
"11536",23,6,"85",0.609705378500729,0.985712346827633,2,1
"11537",24,6,"85",0.609705378500729,0.985712346827633,2,1
"11538",26,6,"85",0.609705378500729,0.985712346827633,2,1
"11539",27,6,"85",0.609705378500729,0.985712346827633,2,1
"11540",28,6,"85",0.609705378500729,0.985712346827633,2,1
"11541",30,6,"85",0.609705378500729,0.985712346827633,2,1
"11542",2,7,"85",0.645264596445774,0.987363216521395,3,1
"11543",5,7,"85",0.645264596445774,0.987363216521395,3,1
"11544",9,7,"85",0.645264596445774,0.987363216521395,3,1
"11545",10,7,"85",0.645264596445774,0.987363216521395,3,1
"11546",11,7,"85",0.645264596445774,0.987363216521395,3,0
"11547",13,7,"85",0.645264596445774,0.987363216521395,3,1
"11548",15,7,"85",0.645264596445774,0.987363216521395,3,0
"11549",16,7,"85",0.645264596445774,0.987363216521395,3,1
"11550",17,7,"85",0.645264596445774,0.987363216521395,3,1
"11551",18,7,"85",0.645264596445774,0.987363216521395,3,1
"11552",21,7,"85",0.645264596445774,0.987363216521395,3,1
"11553",23,7,"85",0.645264596445774,0.987363216521395,3,0
"11554",24,7,"85",0.645264596445774,0.987363216521395,3,1
"11555",26,7,"85",0.645264596445774,0.987363216521395,3,0
"11556",27,7,"85",0.645264596445774,0.987363216521395,3,1
"11557",28,7,"85",0.645264596445774,0.987363216521395,3,1
"11558",30,7,"85",0.645264596445774,0.987363216521395,3,1
"11559",2,8,"85",0.236408098810592,0.949185781885779,3,1
"11560",5,8,"85",0.236408098810592,0.949185781885779,3,1
"11561",9,8,"85",0.236408098810592,0.949185781885779,3,1
"11562",10,8,"85",0.236408098810592,0.949185781885779,3,1
"11563",11,8,"85",0.236408098810592,0.949185781885779,3,0
"11564",13,8,"85",0.236408098810592,0.949185781885779,3,1
"11565",15,8,"85",0.236408098810592,0.949185781885779,3,0
"11566",16,8,"85",0.236408098810592,0.949185781885779,3,1
"11567",17,8,"85",0.236408098810592,0.949185781885779,3,1
"11568",18,8,"85",0.236408098810592,0.949185781885779,3,1
"11569",21,8,"85",0.236408098810592,0.949185781885779,3,1
"11570",23,8,"85",0.236408098810592,0.949185781885779,3,0
"11571",24,8,"85",0.236408098810592,0.949185781885779,3,1
"11572",26,8,"85",0.236408098810592,0.949185781885779,3,0
"11573",27,8,"85",0.236408098810592,0.949185781885779,3,1
"11574",28,8,"85",0.236408098810592,0.949185781885779,3,1
"11575",30,8,"85",0.236408098810592,0.949185781885779,3,1
"11576",2,9,"85",-0.320941170453394,0.726454106817118,3,1
"11577",5,9,"85",-0.320941170453394,0.726454106817118,3,1
"11578",9,9,"85",-0.320941170453394,0.726454106817118,3,1
"11579",10,9,"85",-0.320941170453394,0.726454106817118,3,1
"11580",11,9,"85",-0.320941170453394,0.726454106817118,3,0
"11581",13,9,"85",-0.320941170453394,0.726454106817118,3,1
"11582",15,9,"85",-0.320941170453394,0.726454106817118,3,0
"11583",16,9,"85",-0.320941170453394,0.726454106817118,3,1
"11584",17,9,"85",-0.320941170453394,0.726454106817118,3,1
"11585",18,9,"85",-0.320941170453394,0.726454106817118,3,1
"11586",21,9,"85",-0.320941170453394,0.726454106817118,3,1
"11587",23,9,"85",-0.320941170453394,0.726454106817118,3,0
"11588",24,9,"85",-0.320941170453394,0.726454106817118,3,1
"11589",26,9,"85",-0.320941170453394,0.726454106817118,3,0
"11590",27,9,"85",-0.320941170453394,0.726454106817118,3,1
"11591",28,9,"85",-0.320941170453394,0.726454106817118,3,1
"11592",30,9,"85",-0.320941170453394,0.726454106817118,3,1
"11593",2,10,"85",0.155427513044907,0.93363998984061,4,0
"11594",5,10,"85",0.155427513044907,0.93363998984061,4,0
"11595",9,10,"85",0.155427513044907,0.93363998984061,4,1
"11596",10,10,"85",0.155427513044907,0.93363998984061,4,0
"11597",13,10,"85",0.155427513044907,0.93363998984061,4,1
"11598",16,10,"85",0.155427513044907,0.93363998984061,4,1
"11599",17,10,"85",0.155427513044907,0.93363998984061,4,0
"11600",18,10,"85",0.155427513044907,0.93363998984061,4,0
"11601",21,10,"85",0.155427513044907,0.93363998984061,4,0
"11602",24,10,"85",0.155427513044907,0.93363998984061,4,0
"11603",27,10,"85",0.155427513044907,0.93363998984061,4,0
"11604",28,10,"85",0.155427513044907,0.93363998984061,4,0
"11605",30,10,"85",0.155427513044907,0.93363998984061,4,0
"11606",2,11,"85",-1.11772460499762,0.140392222535059,4,0
"11607",5,11,"85",-1.11772460499762,0.140392222535059,4,0
"11608",9,11,"85",-1.11772460499762,0.140392222535059,4,1
"11609",10,11,"85",-1.11772460499762,0.140392222535059,4,0
"11610",13,11,"85",-1.11772460499762,0.140392222535059,4,1
"11611",16,11,"85",-1.11772460499762,0.140392222535059,4,1
"11612",17,11,"85",-1.11772460499762,0.140392222535059,4,0
"11613",18,11,"85",-1.11772460499762,0.140392222535059,4,0
"11614",21,11,"85",-1.11772460499762,0.140392222535059,4,0
"11615",24,11,"85",-1.11772460499762,0.140392222535059,4,0
"11616",27,11,"85",-1.11772460499762,0.140392222535059,4,0
"11617",28,11,"85",-1.11772460499762,0.140392222535059,4,0
"11618",30,11,"85",-1.11772460499762,0.140392222535059,4,0
"11619",2,12,"85",-0.290703443597037,0.746973965793953,4,0
"11620",5,12,"85",-0.290703443597037,0.746973965793953,4,0
"11621",9,12,"85",-0.290703443597037,0.746973965793953,4,1
"11622",10,12,"85",-0.290703443597037,0.746973965793953,4,0
"11623",13,12,"85",-0.290703443597037,0.746973965793953,4,1
"11624",16,12,"85",-0.290703443597037,0.746973965793953,4,1
"11625",17,12,"85",-0.290703443597037,0.746973965793953,4,0
"11626",18,12,"85",-0.290703443597037,0.746973965793953,4,0
"11627",21,12,"85",-0.290703443597037,0.746973965793953,4,0
"11628",24,12,"85",-0.290703443597037,0.746973965793953,4,0
"11629",27,12,"85",-0.290703443597037,0.746973965793953,4,0
"11630",28,12,"85",-0.290703443597037,0.746973965793953,4,0
"11631",30,12,"85",-0.290703443597037,0.746973965793953,4,0
"11632",9,13,"85",0.730092262667897,0.990578762386396,5,1
"11633",13,13,"85",0.730092262667897,0.990578762386396,5,1
"11634",16,13,"85",0.730092262667897,0.990578762386396,5,1
"11635",9,14,"85",0.694848678021757,0.989355078521555,5,1
"11636",13,14,"85",0.694848678021757,0.989355078521555,5,1
"11637",16,14,"85",0.694848678021757,0.989355078521555,5,1
"11638",9,15,"85",-0.365168008735636,0.694642047356046,5,1
"11639",13,15,"85",-0.365168008735636,0.694642047356046,5,1
"11640",16,15,"85",-0.365168008735636,0.694642047356046,5,1
"11641",9,16,"85",0.238100368906181,0.949470699318415,6,0
"11642",13,16,"85",0.238100368906181,0.949470699318415,6,0
"11643",16,16,"85",0.238100368906181,0.949470699318415,6,1
"11644",9,17,"85",-0.43176777287976,0.643092699381969,6,0
"11645",13,17,"85",-0.43176777287976,0.643092699381969,6,0
"11646",16,17,"85",-0.43176777287976,0.643092699381969,6,1
"11647",9,18,"85",-1.03816786383854,0.177469394521942,6,0
"11648",13,18,"85",-1.03816786383854,0.177469394521942,6,0
"11649",16,18,"85",-1.03816786383854,0.177469394521942,6,1
"11650",16,19,"85",-0.365167529821426,0.694642402902154,7,0
"11651",16,20,"85",-2.0234167418528,0.00681386493390379,7,0
"11652",16,21,"85",-0.645035941604898,0.46067493958072,7,0
"11653",1,1,"86",1.05456631796172,0.996954324112957,1,1
"11654",2,1,"86",1.05456631796172,0.996954324112957,1,1
"11655",3,1,"86",1.05456631796172,0.996954324112957,1,1
"11656",4,1,"86",1.05456631796172,0.996954324112957,1,1
"11657",5,1,"86",1.05456631796172,0.996954324112957,1,0
"11658",6,1,"86",1.05456631796172,0.996954324112957,1,1
"11659",7,1,"86",1.05456631796172,0.996954324112957,1,1
"11660",8,1,"86",1.05456631796172,0.996954324112957,1,1
"11661",9,1,"86",1.05456631796172,0.996954324112957,1,1
"11662",10,1,"86",1.05456631796172,0.996954324112957,1,1
"11663",11,1,"86",1.05456631796172,0.996954324112957,1,1
"11664",12,1,"86",1.05456631796172,0.996954324112957,1,1
"11665",13,1,"86",1.05456631796172,0.996954324112957,1,1
"11666",14,1,"86",1.05456631796172,0.996954324112957,1,1
"11667",15,1,"86",1.05456631796172,0.996954324112957,1,1
"11668",16,1,"86",1.05456631796172,0.996954324112957,1,1
"11669",17,1,"86",1.05456631796172,0.996954324112957,1,1
"11670",18,1,"86",1.05456631796172,0.996954324112957,1,1
"11671",19,1,"86",1.05456631796172,0.996954324112957,1,1
"11672",20,1,"86",1.05456631796172,0.996954324112957,1,1
"11673",21,1,"86",1.05456631796172,0.996954324112957,1,1
"11674",22,1,"86",1.05456631796172,0.996954324112957,1,1
"11675",23,1,"86",1.05456631796172,0.996954324112957,1,1
"11676",24,1,"86",1.05456631796172,0.996954324112957,1,1
"11677",25,1,"86",1.05456631796172,0.996954324112957,1,1
"11678",26,1,"86",1.05456631796172,0.996954324112957,1,1
"11679",27,1,"86",1.05456631796172,0.996954324112957,1,1
"11680",28,1,"86",1.05456631796172,0.996954324112957,1,0
"11681",29,1,"86",1.05456631796172,0.996954324112957,1,0
"11682",30,1,"86",1.05456631796172,0.996954324112957,1,1
"11683",1,2,"86",1.73946080878481,0.999722139322519,1,1
"11684",2,2,"86",1.73946080878481,0.999722139322519,1,1
"11685",3,2,"86",1.73946080878481,0.999722139322519,1,1
"11686",4,2,"86",1.73946080878481,0.999722139322519,1,1
"11687",5,2,"86",1.73946080878481,0.999722139322519,1,0
"11688",6,2,"86",1.73946080878481,0.999722139322519,1,1
"11689",7,2,"86",1.73946080878481,0.999722139322519,1,1
"11690",8,2,"86",1.73946080878481,0.999722139322519,1,1
"11691",9,2,"86",1.73946080878481,0.999722139322519,1,1
"11692",10,2,"86",1.73946080878481,0.999722139322519,1,1
"11693",11,2,"86",1.73946080878481,0.999722139322519,1,1
"11694",12,2,"86",1.73946080878481,0.999722139322519,1,1
"11695",13,2,"86",1.73946080878481,0.999722139322519,1,1
"11696",14,2,"86",1.73946080878481,0.999722139322519,1,1
"11697",15,2,"86",1.73946080878481,0.999722139322519,1,1
"11698",16,2,"86",1.73946080878481,0.999722139322519,1,1
"11699",17,2,"86",1.73946080878481,0.999722139322519,1,1
"11700",18,2,"86",1.73946080878481,0.999722139322519,1,1
"11701",19,2,"86",1.73946080878481,0.999722139322519,1,1
"11702",20,2,"86",1.73946080878481,0.999722139322519,1,1
"11703",21,2,"86",1.73946080878481,0.999722139322519,1,1
"11704",22,2,"86",1.73946080878481,0.999722139322519,1,1
"11705",23,2,"86",1.73946080878481,0.999722139322519,1,1
"11706",24,2,"86",1.73946080878481,0.999722139322519,1,1
"11707",25,2,"86",1.73946080878481,0.999722139322519,1,1
"11708",26,2,"86",1.73946080878481,0.999722139322519,1,1
"11709",27,2,"86",1.73946080878481,0.999722139322519,1,1
"11710",28,2,"86",1.73946080878481,0.999722139322519,1,0
"11711",29,2,"86",1.73946080878481,0.999722139322519,1,0
"11712",30,2,"86",1.73946080878481,0.999722139322519,1,1
"11713",1,3,"86",-0.0066592340491071,0.888617106094029,1,1
"11714",2,3,"86",-0.0066592340491071,0.888617106094029,1,1
"11715",3,3,"86",-0.0066592340491071,0.888617106094029,1,1
"11716",4,3,"86",-0.0066592340491071,0.888617106094029,1,1
"11717",5,3,"86",-0.0066592340491071,0.888617106094029,1,0
"11718",6,3,"86",-0.0066592340491071,0.888617106094029,1,1
"11719",7,3,"86",-0.0066592340491071,0.888617106094029,1,1
"11720",8,3,"86",-0.0066592340491071,0.888617106094029,1,1
"11721",9,3,"86",-0.0066592340491071,0.888617106094029,1,1
"11722",10,3,"86",-0.0066592340491071,0.888617106094029,1,1
"11723",11,3,"86",-0.0066592340491071,0.888617106094029,1,1
"11724",12,3,"86",-0.0066592340491071,0.888617106094029,1,1
"11725",13,3,"86",-0.0066592340491071,0.888617106094029,1,1
"11726",14,3,"86",-0.0066592340491071,0.888617106094029,1,1
"11727",15,3,"86",-0.0066592340491071,0.888617106094029,1,1
"11728",16,3,"86",-0.0066592340491071,0.888617106094029,1,1
"11729",17,3,"86",-0.0066592340491071,0.888617106094029,1,1
"11730",18,3,"86",-0.0066592340491071,0.888617106094029,1,1
"11731",19,3,"86",-0.0066592340491071,0.888617106094029,1,1
"11732",20,3,"86",-0.0066592340491071,0.888617106094029,1,1
"11733",21,3,"86",-0.0066592340491071,0.888617106094029,1,1
"11734",22,3,"86",-0.0066592340491071,0.888617106094029,1,1
"11735",23,3,"86",-0.0066592340491071,0.888617106094029,1,1
"11736",24,3,"86",-0.0066592340491071,0.888617106094029,1,1
"11737",25,3,"86",-0.0066592340491071,0.888617106094029,1,1
"11738",26,3,"86",-0.0066592340491071,0.888617106094029,1,1
"11739",27,3,"86",-0.0066592340491071,0.888617106094029,1,1
"11740",28,3,"86",-0.0066592340491071,0.888617106094029,1,0
"11741",29,3,"86",-0.0066592340491071,0.888617106094029,1,0
"11742",30,3,"86",-0.0066592340491071,0.888617106094029,1,1
"11743",1,4,"86",-0.648376564953665,0.457771343785755,2,0
"11744",2,4,"86",-0.648376564953665,0.457771343785755,2,0
"11745",3,4,"86",-0.648376564953665,0.457771343785755,2,0
"11746",4,4,"86",-0.648376564953665,0.457771343785755,2,0
"11747",6,4,"86",-0.648376564953665,0.457771343785755,2,1
"11748",7,4,"86",-0.648376564953665,0.457771343785755,2,0
"11749",8,4,"86",-0.648376564953665,0.457771343785755,2,0
"11750",9,4,"86",-0.648376564953665,0.457771343785755,2,0
"11751",10,4,"86",-0.648376564953665,0.457771343785755,2,0
"11752",11,4,"86",-0.648376564953665,0.457771343785755,2,0
"11753",12,4,"86",-0.648376564953665,0.457771343785755,2,0
"11754",13,4,"86",-0.648376564953665,0.457771343785755,2,0
"11755",14,4,"86",-0.648376564953665,0.457771343785755,2,0
"11756",15,4,"86",-0.648376564953665,0.457771343785755,2,0
"11757",16,4,"86",-0.648376564953665,0.457771343785755,2,0
"11758",17,4,"86",-0.648376564953665,0.457771343785755,2,0
"11759",18,4,"86",-0.648376564953665,0.457771343785755,2,0
"11760",19,4,"86",-0.648376564953665,0.457771343785755,2,0
"11761",20,4,"86",-0.648376564953665,0.457771343785755,2,0
"11762",21,4,"86",-0.648376564953665,0.457771343785755,2,0
"11763",22,4,"86",-0.648376564953665,0.457771343785755,2,0
"11764",23,4,"86",-0.648376564953665,0.457771343785755,2,0
"11765",24,4,"86",-0.648376564953665,0.457771343785755,2,0
"11766",25,4,"86",-0.648376564953665,0.457771343785755,2,0
"11767",26,4,"86",-0.648376564953665,0.457771343785755,2,0
"11768",27,4,"86",-0.648376564953665,0.457771343785755,2,0
"11769",30,4,"86",-0.648376564953665,0.457771343785755,2,0
"11770",1,5,"86",-1.83953749619269,0.0128893438277075,2,0
"11771",2,5,"86",-1.83953749619269,0.0128893438277075,2,0
"11772",3,5,"86",-1.83953749619269,0.0128893438277075,2,0
"11773",4,5,"86",-1.83953749619269,0.0128893438277075,2,0
"11774",6,5,"86",-1.83953749619269,0.0128893438277075,2,1
"11775",7,5,"86",-1.83953749619269,0.0128893438277075,2,0
"11776",8,5,"86",-1.83953749619269,0.0128893438277075,2,0
"11777",9,5,"86",-1.83953749619269,0.0128893438277075,2,0
"11778",10,5,"86",-1.83953749619269,0.0128893438277075,2,0
"11779",11,5,"86",-1.83953749619269,0.0128893438277075,2,0
"11780",12,5,"86",-1.83953749619269,0.0128893438277075,2,0
"11781",13,5,"86",-1.83953749619269,0.0128893438277075,2,0
"11782",14,5,"86",-1.83953749619269,0.0128893438277075,2,0
"11783",15,5,"86",-1.83953749619269,0.0128893438277075,2,0
"11784",16,5,"86",-1.83953749619269,0.0128893438277075,2,0
"11785",17,5,"86",-1.83953749619269,0.0128893438277075,2,0
"11786",18,5,"86",-1.83953749619269,0.0128893438277075,2,0
"11787",19,5,"86",-1.83953749619269,0.0128893438277075,2,0
"11788",20,5,"86",-1.83953749619269,0.0128893438277075,2,0
"11789",21,5,"86",-1.83953749619269,0.0128893438277075,2,0
"11790",22,5,"86",-1.83953749619269,0.0128893438277075,2,0
"11791",23,5,"86",-1.83953749619269,0.0128893438277075,2,0
"11792",24,5,"86",-1.83953749619269,0.0128893438277075,2,0
"11793",25,5,"86",-1.83953749619269,0.0128893438277075,2,0
"11794",26,5,"86",-1.83953749619269,0.0128893438277075,2,0
"11795",27,5,"86",-1.83953749619269,0.0128893438277075,2,0
"11796",30,5,"86",-1.83953749619269,0.0128893438277075,2,0
"11797",1,6,"86",0.359510532803687,0.966375154188457,2,0
"11798",2,6,"86",0.359510532803687,0.966375154188457,2,0
"11799",3,6,"86",0.359510532803687,0.966375154188457,2,0
"11800",4,6,"86",0.359510532803687,0.966375154188457,2,0
"11801",6,6,"86",0.359510532803687,0.966375154188457,2,1
"11802",7,6,"86",0.359510532803687,0.966375154188457,2,0
"11803",8,6,"86",0.359510532803687,0.966375154188457,2,0
"11804",9,6,"86",0.359510532803687,0.966375154188457,2,0
"11805",10,6,"86",0.359510532803687,0.966375154188457,2,0
"11806",11,6,"86",0.359510532803687,0.966375154188457,2,0
"11807",12,6,"86",0.359510532803687,0.966375154188457,2,0
"11808",13,6,"86",0.359510532803687,0.966375154188457,2,0
"11809",14,6,"86",0.359510532803687,0.966375154188457,2,0
"11810",15,6,"86",0.359510532803687,0.966375154188457,2,0
"11811",16,6,"86",0.359510532803687,0.966375154188457,2,0
"11812",17,6,"86",0.359510532803687,0.966375154188457,2,0
"11813",18,6,"86",0.359510532803687,0.966375154188457,2,0
"11814",19,6,"86",0.359510532803687,0.966375154188457,2,0
"11815",20,6,"86",0.359510532803687,0.966375154188457,2,0
"11816",21,6,"86",0.359510532803687,0.966375154188457,2,0
"11817",22,6,"86",0.359510532803687,0.966375154188457,2,0
"11818",23,6,"86",0.359510532803687,0.966375154188457,2,0
"11819",24,6,"86",0.359510532803687,0.966375154188457,2,0
"11820",25,6,"86",0.359510532803687,0.966375154188457,2,0
"11821",26,6,"86",0.359510532803687,0.966375154188457,2,0
"11822",27,6,"86",0.359510532803687,0.966375154188457,2,0
"11823",30,6,"86",0.359510532803687,0.966375154188457,2,0
"11824",6,7,"86",-0.90992087475033,0.252613262107682,3,0
"11825",6,8,"86",1.13151875725935,0.997671769159624,3,0
"11826",6,9,"86",-0.151906962520165,0.827544782733957,3,0
"11827",1,1,"87",1.08140228390156,0.9972266109854,1,1
"11828",2,1,"87",1.08140228390156,0.9972266109854,1,0
"11829",3,1,"87",1.08140228390156,0.9972266109854,1,0
"11830",4,1,"87",1.08140228390156,0.9972266109854,1,0
"11831",5,1,"87",1.08140228390156,0.9972266109854,1,0
"11832",6,1,"87",1.08140228390156,0.9972266109854,1,0
"11833",7,1,"87",1.08140228390156,0.9972266109854,1,1
"11834",8,1,"87",1.08140228390156,0.9972266109854,1,0
"11835",9,1,"87",1.08140228390156,0.9972266109854,1,0
"11836",10,1,"87",1.08140228390156,0.9972266109854,1,0
"11837",11,1,"87",1.08140228390156,0.9972266109854,1,0
"11838",12,1,"87",1.08140228390156,0.9972266109854,1,0
"11839",13,1,"87",1.08140228390156,0.9972266109854,1,1
"11840",14,1,"87",1.08140228390156,0.9972266109854,1,0
"11841",15,1,"87",1.08140228390156,0.9972266109854,1,0
"11842",16,1,"87",1.08140228390156,0.9972266109854,1,0
"11843",17,1,"87",1.08140228390156,0.9972266109854,1,1
"11844",18,1,"87",1.08140228390156,0.9972266109854,1,0
"11845",19,1,"87",1.08140228390156,0.9972266109854,1,1
"11846",20,1,"87",1.08140228390156,0.9972266109854,1,0
"11847",21,1,"87",1.08140228390156,0.9972266109854,1,1
"11848",22,1,"87",1.08140228390156,0.9972266109854,1,0
"11849",23,1,"87",1.08140228390156,0.9972266109854,1,0
"11850",24,1,"87",1.08140228390156,0.9972266109854,1,1
"11851",25,1,"87",1.08140228390156,0.9972266109854,1,0
"11852",26,1,"87",1.08140228390156,0.9972266109854,1,0
"11853",27,1,"87",1.08140228390156,0.9972266109854,1,0
"11854",28,1,"87",1.08140228390156,0.9972266109854,1,0
"11855",29,1,"87",1.08140228390156,0.9972266109854,1,0
"11856",30,1,"87",1.08140228390156,0.9972266109854,1,1
"11857",1,2,"87",0.305647033725977,0.959680477726505,1,1
"11858",2,2,"87",0.305647033725977,0.959680477726505,1,0
"11859",3,2,"87",0.305647033725977,0.959680477726505,1,0
"11860",4,2,"87",0.305647033725977,0.959680477726505,1,0
"11861",5,2,"87",0.305647033725977,0.959680477726505,1,0
"11862",6,2,"87",0.305647033725977,0.959680477726505,1,0
"11863",7,2,"87",0.305647033725977,0.959680477726505,1,1
"11864",8,2,"87",0.305647033725977,0.959680477726505,1,0
"11865",9,2,"87",0.305647033725977,0.959680477726505,1,0
"11866",10,2,"87",0.305647033725977,0.959680477726505,1,0
"11867",11,2,"87",0.305647033725977,0.959680477726505,1,0
"11868",12,2,"87",0.305647033725977,0.959680477726505,1,0
"11869",13,2,"87",0.305647033725977,0.959680477726505,1,1
"11870",14,2,"87",0.305647033725977,0.959680477726505,1,0
"11871",15,2,"87",0.305647033725977,0.959680477726505,1,0
"11872",16,2,"87",0.305647033725977,0.959680477726505,1,0
"11873",17,2,"87",0.305647033725977,0.959680477726505,1,1
"11874",18,2,"87",0.305647033725977,0.959680477726505,1,0
"11875",19,2,"87",0.305647033725977,0.959680477726505,1,1
"11876",20,2,"87",0.305647033725977,0.959680477726505,1,0
"11877",21,2,"87",0.305647033725977,0.959680477726505,1,1
"11878",22,2,"87",0.305647033725977,0.959680477726505,1,0
"11879",23,2,"87",0.305647033725977,0.959680477726505,1,0
"11880",24,2,"87",0.305647033725977,0.959680477726505,1,1
"11881",25,2,"87",0.305647033725977,0.959680477726505,1,0
"11882",26,2,"87",0.305647033725977,0.959680477726505,1,0
"11883",27,2,"87",0.305647033725977,0.959680477726505,1,0
"11884",28,2,"87",0.305647033725977,0.959680477726505,1,0
"11885",29,2,"87",0.305647033725977,0.959680477726505,1,0
"11886",30,2,"87",0.305647033725977,0.959680477726505,1,1
"11887",1,3,"87",-0.936063721164661,0.235731986017414,1,1
"11888",2,3,"87",-0.936063721164661,0.235731986017414,1,0
"11889",3,3,"87",-0.936063721164661,0.235731986017414,1,0
"11890",4,3,"87",-0.936063721164661,0.235731986017414,1,0
"11891",5,3,"87",-0.936063721164661,0.235731986017414,1,0
"11892",6,3,"87",-0.936063721164661,0.235731986017414,1,0
"11893",7,3,"87",-0.936063721164661,0.235731986017414,1,1
"11894",8,3,"87",-0.936063721164661,0.235731986017414,1,0
"11895",9,3,"87",-0.936063721164661,0.235731986017414,1,0
"11896",10,3,"87",-0.936063721164661,0.235731986017414,1,0
"11897",11,3,"87",-0.936063721164661,0.235731986017414,1,0
"11898",12,3,"87",-0.936063721164661,0.235731986017414,1,0
"11899",13,3,"87",-0.936063721164661,0.235731986017414,1,1
"11900",14,3,"87",-0.936063721164661,0.235731986017414,1,0
"11901",15,3,"87",-0.936063721164661,0.235731986017414,1,0
"11902",16,3,"87",-0.936063721164661,0.235731986017414,1,0
"11903",17,3,"87",-0.936063721164661,0.235731986017414,1,1
"11904",18,3,"87",-0.936063721164661,0.235731986017414,1,0
"11905",19,3,"87",-0.936063721164661,0.235731986017414,1,1
"11906",20,3,"87",-0.936063721164661,0.235731986017414,1,0
"11907",21,3,"87",-0.936063721164661,0.235731986017414,1,1
"11908",22,3,"87",-0.936063721164661,0.235731986017414,1,0
"11909",23,3,"87",-0.936063721164661,0.235731986017414,1,0
"11910",24,3,"87",-0.936063721164661,0.235731986017414,1,1
"11911",25,3,"87",-0.936063721164661,0.235731986017414,1,0
"11912",26,3,"87",-0.936063721164661,0.235731986017414,1,0
"11913",27,3,"87",-0.936063721164661,0.235731986017414,1,0
"11914",28,3,"87",-0.936063721164661,0.235731986017414,1,0
"11915",29,3,"87",-0.936063721164661,0.235731986017414,1,0
"11916",30,3,"87",-0.936063721164661,0.235731986017414,1,1
"11917",1,4,"87",0.122097879051932,0.926036544810935,2,0
"11918",7,4,"87",0.122097879051932,0.926036544810935,2,0
"11919",13,4,"87",0.122097879051932,0.926036544810935,2,0
"11920",17,4,"87",0.122097879051932,0.926036544810935,2,0
"11921",19,4,"87",0.122097879051932,0.926036544810935,2,0
"11922",21,4,"87",0.122097879051932,0.926036544810935,2,0
"11923",24,4,"87",0.122097879051932,0.926036544810935,2,0
"11924",30,4,"87",0.122097879051932,0.926036544810935,2,0
"11925",1,5,"87",-1.45182613794624,0.0482736591905513,2,0
"11926",7,5,"87",-1.45182613794624,0.0482736591905513,2,0
"11927",13,5,"87",-1.45182613794624,0.0482736591905513,2,0
"11928",17,5,"87",-1.45182613794624,0.0482736591905513,2,0
"11929",19,5,"87",-1.45182613794624,0.0482736591905513,2,0
"11930",21,5,"87",-1.45182613794624,0.0482736591905513,2,0
"11931",24,5,"87",-1.45182613794624,0.0482736591905513,2,0
"11932",30,5,"87",-1.45182613794624,0.0482736591905513,2,0
"11933",1,6,"87",-0.583249371661695,0.514652603105375,2,0
"11934",7,6,"87",-0.583249371661695,0.514652603105375,2,0
"11935",13,6,"87",-0.583249371661695,0.514652603105375,2,0
"11936",17,6,"87",-0.583249371661695,0.514652603105375,2,0
"11937",19,6,"87",-0.583249371661695,0.514652603105375,2,0
"11938",21,6,"87",-0.583249371661695,0.514652603105375,2,0
"11939",24,6,"87",-0.583249371661695,0.514652603105375,2,0
"11940",30,6,"87",-0.583249371661695,0.514652603105375,2,0
"11941",1,1,"88",-0.745425385417821,0.375430592836298,1,0
"11942",2,1,"88",-0.745425385417821,0.375430592836298,1,0
"11943",3,1,"88",-0.745425385417821,0.375430592836298,1,0
"11944",4,1,"88",-0.745425385417821,0.375430592836298,1,0
"11945",5,1,"88",-0.745425385417821,0.375430592836298,1,0
"11946",6,1,"88",-0.745425385417821,0.375430592836298,1,0
"11947",7,1,"88",-0.745425385417821,0.375430592836298,1,0
"11948",8,1,"88",-0.745425385417821,0.375430592836298,1,0
"11949",9,1,"88",-0.745425385417821,0.375430592836298,1,0
"11950",10,1,"88",-0.745425385417821,0.375430592836298,1,0
"11951",11,1,"88",-0.745425385417821,0.375430592836298,1,0
"11952",12,1,"88",-0.745425385417821,0.375430592836298,1,0
"11953",13,1,"88",-0.745425385417821,0.375430592836298,1,0
"11954",14,1,"88",-0.745425385417821,0.375430592836298,1,0
"11955",15,1,"88",-0.745425385417821,0.375430592836298,1,0
"11956",16,1,"88",-0.745425385417821,0.375430592836298,1,0
"11957",17,1,"88",-0.745425385417821,0.375430592836298,1,0
"11958",18,1,"88",-0.745425385417821,0.375430592836298,1,0
"11959",19,1,"88",-0.745425385417821,0.375430592836298,1,0
"11960",20,1,"88",-0.745425385417821,0.375430592836298,1,0
"11961",21,1,"88",-0.745425385417821,0.375430592836298,1,0
"11962",22,1,"88",-0.745425385417821,0.375430592836298,1,0
"11963",23,1,"88",-0.745425385417821,0.375430592836298,1,0
"11964",24,1,"88",-0.745425385417821,0.375430592836298,1,0
"11965",25,1,"88",-0.745425385417821,0.375430592836298,1,0
"11966",26,1,"88",-0.745425385417821,0.375430592836298,1,0
"11967",27,1,"88",-0.745425385417821,0.375430592836298,1,0
"11968",28,1,"88",-0.745425385417821,0.375430592836298,1,0
"11969",29,1,"88",-0.745425385417821,0.375430592836298,1,0
"11970",30,1,"88",-0.745425385417821,0.375430592836298,1,0
"11971",1,2,"88",-0.632847200847132,0.471290313617337,1,0
"11972",2,2,"88",-0.632847200847132,0.471290313617337,1,0
"11973",3,2,"88",-0.632847200847132,0.471290313617337,1,0
"11974",4,2,"88",-0.632847200847132,0.471290313617337,1,0
"11975",5,2,"88",-0.632847200847132,0.471290313617337,1,0
"11976",6,2,"88",-0.632847200847132,0.471290313617337,1,0
"11977",7,2,"88",-0.632847200847132,0.471290313617337,1,0
"11978",8,2,"88",-0.632847200847132,0.471290313617337,1,0
"11979",9,2,"88",-0.632847200847132,0.471290313617337,1,0
"11980",10,2,"88",-0.632847200847132,0.471290313617337,1,0
"11981",11,2,"88",-0.632847200847132,0.471290313617337,1,0
"11982",12,2,"88",-0.632847200847132,0.471290313617337,1,0
"11983",13,2,"88",-0.632847200847132,0.471290313617337,1,0
"11984",14,2,"88",-0.632847200847132,0.471290313617337,1,0
"11985",15,2,"88",-0.632847200847132,0.471290313617337,1,0
"11986",16,2,"88",-0.632847200847132,0.471290313617337,1,0
"11987",17,2,"88",-0.632847200847132,0.471290313617337,1,0
"11988",18,2,"88",-0.632847200847132,0.471290313617337,1,0
"11989",19,2,"88",-0.632847200847132,0.471290313617337,1,0
"11990",20,2,"88",-0.632847200847132,0.471290313617337,1,0
"11991",21,2,"88",-0.632847200847132,0.471290313617337,1,0
"11992",22,2,"88",-0.632847200847132,0.471290313617337,1,0
"11993",23,2,"88",-0.632847200847132,0.471290313617337,1,0
"11994",24,2,"88",-0.632847200847132,0.471290313617337,1,0
"11995",25,2,"88",-0.632847200847132,0.471290313617337,1,0
"11996",26,2,"88",-0.632847200847132,0.471290313617337,1,0
"11997",27,2,"88",-0.632847200847132,0.471290313617337,1,0
"11998",28,2,"88",-0.632847200847132,0.471290313617337,1,0
"11999",29,2,"88",-0.632847200847132,0.471290313617337,1,0
"12000",30,2,"88",-0.632847200847132,0.471290313617337,1,0
"12001",1,3,"88",-1.2261174149553,0.100524444341325,1,0
"12002",2,3,"88",-1.2261174149553,0.100524444341325,1,0
"12003",3,3,"88",-1.2261174149553,0.100524444341325,1,0
"12004",4,3,"88",-1.2261174149553,0.100524444341325,1,0
"12005",5,3,"88",-1.2261174149553,0.100524444341325,1,0
"12006",6,3,"88",-1.2261174149553,0.100524444341325,1,0
"12007",7,3,"88",-1.2261174149553,0.100524444341325,1,0
"12008",8,3,"88",-1.2261174149553,0.100524444341325,1,0
"12009",9,3,"88",-1.2261174149553,0.100524444341325,1,0
"12010",10,3,"88",-1.2261174149553,0.100524444341325,1,0
"12011",11,3,"88",-1.2261174149553,0.100524444341325,1,0
"12012",12,3,"88",-1.2261174149553,0.100524444341325,1,0
"12013",13,3,"88",-1.2261174149553,0.100524444341325,1,0
"12014",14,3,"88",-1.2261174149553,0.100524444341325,1,0
"12015",15,3,"88",-1.2261174149553,0.100524444341325,1,0
"12016",16,3,"88",-1.2261174149553,0.100524444341325,1,0
"12017",17,3,"88",-1.2261174149553,0.100524444341325,1,0
"12018",18,3,"88",-1.2261174149553,0.100524444341325,1,0
"12019",19,3,"88",-1.2261174149553,0.100524444341325,1,0
"12020",20,3,"88",-1.2261174149553,0.100524444341325,1,0
"12021",21,3,"88",-1.2261174149553,0.100524444341325,1,0
"12022",22,3,"88",-1.2261174149553,0.100524444341325,1,0
"12023",23,3,"88",-1.2261174149553,0.100524444341325,1,0
"12024",24,3,"88",-1.2261174149553,0.100524444341325,1,0
"12025",25,3,"88",-1.2261174149553,0.100524444341325,1,0
"12026",26,3,"88",-1.2261174149553,0.100524444341325,1,0
"12027",27,3,"88",-1.2261174149553,0.100524444341325,1,0
"12028",28,3,"88",-1.2261174149553,0.100524444341325,1,0
"12029",29,3,"88",-1.2261174149553,0.100524444341325,1,0
"12030",30,3,"88",-1.2261174149553,0.100524444341325,1,0
"12031",1,1,"89",-0.0778283444370728,0.861475665036848,1,1
"12032",2,1,"89",-0.0778283444370728,0.861475665036848,1,1
"12033",3,1,"89",-0.0778283444370728,0.861475665036848,1,0
"12034",4,1,"89",-0.0778283444370728,0.861475665036848,1,1
"12035",5,1,"89",-0.0778283444370728,0.861475665036848,1,1
"12036",6,1,"89",-0.0778283444370728,0.861475665036848,1,1
"12037",7,1,"89",-0.0778283444370728,0.861475665036848,1,1
"12038",8,1,"89",-0.0778283444370728,0.861475665036848,1,1
"12039",9,1,"89",-0.0778283444370728,0.861475665036848,1,1
"12040",10,1,"89",-0.0778283444370728,0.861475665036848,1,1
"12041",11,1,"89",-0.0778283444370728,0.861475665036848,1,0
"12042",12,1,"89",-0.0778283444370728,0.861475665036848,1,1
"12043",13,1,"89",-0.0778283444370728,0.861475665036848,1,1
"12044",14,1,"89",-0.0778283444370728,0.861475665036848,1,1
"12045",15,1,"89",-0.0778283444370728,0.861475665036848,1,1
"12046",16,1,"89",-0.0778283444370728,0.861475665036848,1,1
"12047",17,1,"89",-0.0778283444370728,0.861475665036848,1,0
"12048",18,1,"89",-0.0778283444370728,0.861475665036848,1,0
"12049",19,1,"89",-0.0778283444370728,0.861475665036848,1,1
"12050",20,1,"89",-0.0778283444370728,0.861475665036848,1,1
"12051",21,1,"89",-0.0778283444370728,0.861475665036848,1,1
"12052",22,1,"89",-0.0778283444370728,0.861475665036848,1,1
"12053",23,1,"89",-0.0778283444370728,0.861475665036848,1,1
"12054",24,1,"89",-0.0778283444370728,0.861475665036848,1,1
"12055",25,1,"89",-0.0778283444370728,0.861475665036848,1,0
"12056",26,1,"89",-0.0778283444370728,0.861475665036848,1,0
"12057",27,1,"89",-0.0778283444370728,0.861475665036848,1,1
"12058",28,1,"89",-0.0778283444370728,0.861475665036848,1,1
"12059",29,1,"89",-0.0778283444370728,0.861475665036848,1,1
"12060",30,1,"89",-0.0778283444370728,0.861475665036848,1,1
"12061",1,2,"89",0.137626922157285,0.929674118629722,1,1
"12062",2,2,"89",0.137626922157285,0.929674118629722,1,1
"12063",3,2,"89",0.137626922157285,0.929674118629722,1,0
"12064",4,2,"89",0.137626922157285,0.929674118629722,1,1
"12065",5,2,"89",0.137626922157285,0.929674118629722,1,1
"12066",6,2,"89",0.137626922157285,0.929674118629722,1,1
"12067",7,2,"89",0.137626922157285,0.929674118629722,1,1
"12068",8,2,"89",0.137626922157285,0.929674118629722,1,1
"12069",9,2,"89",0.137626922157285,0.929674118629722,1,1
"12070",10,2,"89",0.137626922157285,0.929674118629722,1,1
"12071",11,2,"89",0.137626922157285,0.929674118629722,1,0
"12072",12,2,"89",0.137626922157285,0.929674118629722,1,1
"12073",13,2,"89",0.137626922157285,0.929674118629722,1,1
"12074",14,2,"89",0.137626922157285,0.929674118629722,1,1
"12075",15,2,"89",0.137626922157285,0.929674118629722,1,1
"12076",16,2,"89",0.137626922157285,0.929674118629722,1,1
"12077",17,2,"89",0.137626922157285,0.929674118629722,1,0
"12078",18,2,"89",0.137626922157285,0.929674118629722,1,0
"12079",19,2,"89",0.137626922157285,0.929674118629722,1,1
"12080",20,2,"89",0.137626922157285,0.929674118629722,1,1
"12081",21,2,"89",0.137626922157285,0.929674118629722,1,1
"12082",22,2,"89",0.137626922157285,0.929674118629722,1,1
"12083",23,2,"89",0.137626922157285,0.929674118629722,1,1
"12084",24,2,"89",0.137626922157285,0.929674118629722,1,1
"12085",25,2,"89",0.137626922157285,0.929674118629722,1,0
"12086",26,2,"89",0.137626922157285,0.929674118629722,1,0
"12087",27,2,"89",0.137626922157285,0.929674118629722,1,1
"12088",28,2,"89",0.137626922157285,0.929674118629722,1,1
"12089",29,2,"89",0.137626922157285,0.929674118629722,1,1
"12090",30,2,"89",0.137626922157285,0.929674118629722,1,1
"12091",1,3,"89",1.07437523989753,0.997157750990681,1,1
"12092",2,3,"89",1.07437523989753,0.997157750990681,1,1
"12093",3,3,"89",1.07437523989753,0.997157750990681,1,0
"12094",4,3,"89",1.07437523989753,0.997157750990681,1,1
"12095",5,3,"89",1.07437523989753,0.997157750990681,1,1
"12096",6,3,"89",1.07437523989753,0.997157750990681,1,1
"12097",7,3,"89",1.07437523989753,0.997157750990681,1,1
"12098",8,3,"89",1.07437523989753,0.997157750990681,1,1
"12099",9,3,"89",1.07437523989753,0.997157750990681,1,1
"12100",10,3,"89",1.07437523989753,0.997157750990681,1,1
"12101",11,3,"89",1.07437523989753,0.997157750990681,1,0
"12102",12,3,"89",1.07437523989753,0.997157750990681,1,1
"12103",13,3,"89",1.07437523989753,0.997157750990681,1,1
"12104",14,3,"89",1.07437523989753,0.997157750990681,1,1
"12105",15,3,"89",1.07437523989753,0.997157750990681,1,1
"12106",16,3,"89",1.07437523989753,0.997157750990681,1,1
"12107",17,3,"89",1.07437523989753,0.997157750990681,1,0
"12108",18,3,"89",1.07437523989753,0.997157750990681,1,0
"12109",19,3,"89",1.07437523989753,0.997157750990681,1,1
"12110",20,3,"89",1.07437523989753,0.997157750990681,1,1
"12111",21,3,"89",1.07437523989753,0.997157750990681,1,1
"12112",22,3,"89",1.07437523989753,0.997157750990681,1,1
"12113",23,3,"89",1.07437523989753,0.997157750990681,1,1
"12114",24,3,"89",1.07437523989753,0.997157750990681,1,1
"12115",25,3,"89",1.07437523989753,0.997157750990681,1,0
"12116",26,3,"89",1.07437523989753,0.997157750990681,1,0
"12117",27,3,"89",1.07437523989753,0.997157750990681,1,1
"12118",28,3,"89",1.07437523989753,0.997157750990681,1,1
"12119",29,3,"89",1.07437523989753,0.997157750990681,1,1
"12120",30,3,"89",1.07437523989753,0.997157750990681,1,1
"12121",1,4,"89",-1.04138529210353,0.175831547364769,2,1
"12122",2,4,"89",-1.04138529210353,0.175831547364769,2,0
"12123",4,4,"89",-1.04138529210353,0.175831547364769,2,0
"12124",5,4,"89",-1.04138529210353,0.175831547364769,2,0
"12125",6,4,"89",-1.04138529210353,0.175831547364769,2,0
"12126",7,4,"89",-1.04138529210353,0.175831547364769,2,0
"12127",8,4,"89",-1.04138529210353,0.175831547364769,2,0
"12128",9,4,"89",-1.04138529210353,0.175831547364769,2,0
"12129",10,4,"89",-1.04138529210353,0.175831547364769,2,0
"12130",12,4,"89",-1.04138529210353,0.175831547364769,2,0
"12131",13,4,"89",-1.04138529210353,0.175831547364769,2,0
"12132",14,4,"89",-1.04138529210353,0.175831547364769,2,0
"12133",15,4,"89",-1.04138529210353,0.175831547364769,2,0
"12134",16,4,"89",-1.04138529210353,0.175831547364769,2,0
"12135",19,4,"89",-1.04138529210353,0.175831547364769,2,0
"12136",20,4,"89",-1.04138529210353,0.175831547364769,2,0
"12137",21,4,"89",-1.04138529210353,0.175831547364769,2,0
"12138",22,4,"89",-1.04138529210353,0.175831547364769,2,0
"12139",23,4,"89",-1.04138529210353,0.175831547364769,2,1
"12140",24,4,"89",-1.04138529210353,0.175831547364769,2,1
"12141",27,4,"89",-1.04138529210353,0.175831547364769,2,0
"12142",28,4,"89",-1.04138529210353,0.175831547364769,2,0
"12143",29,4,"89",-1.04138529210353,0.175831547364769,2,0
"12144",30,4,"89",-1.04138529210353,0.175831547364769,2,0
"12145",1,5,"89",1.28852210667259,0.998654747473551,2,1
"12146",2,5,"89",1.28852210667259,0.998654747473551,2,0
"12147",4,5,"89",1.28852210667259,0.998654747473551,2,0
"12148",5,5,"89",1.28852210667259,0.998654747473551,2,0
"12149",6,5,"89",1.28852210667259,0.998654747473551,2,0
"12150",7,5,"89",1.28852210667259,0.998654747473551,2,0
"12151",8,5,"89",1.28852210667259,0.998654747473551,2,0
"12152",9,5,"89",1.28852210667259,0.998654747473551,2,0
"12153",10,5,"89",1.28852210667259,0.998654747473551,2,0
"12154",12,5,"89",1.28852210667259,0.998654747473551,2,0
"12155",13,5,"89",1.28852210667259,0.998654747473551,2,0
"12156",14,5,"89",1.28852210667259,0.998654747473551,2,0
"12157",15,5,"89",1.28852210667259,0.998654747473551,2,0
"12158",16,5,"89",1.28852210667259,0.998654747473551,2,0
"12159",19,5,"89",1.28852210667259,0.998654747473551,2,0
"12160",20,5,"89",1.28852210667259,0.998654747473551,2,0
"12161",21,5,"89",1.28852210667259,0.998654747473551,2,0
"12162",22,5,"89",1.28852210667259,0.998654747473551,2,0
"12163",23,5,"89",1.28852210667259,0.998654747473551,2,1
"12164",24,5,"89",1.28852210667259,0.998654747473551,2,1
"12165",27,5,"89",1.28852210667259,0.998654747473551,2,0
"12166",28,5,"89",1.28852210667259,0.998654747473551,2,0
"12167",29,5,"89",1.28852210667259,0.998654747473551,2,0
"12168",30,5,"89",1.28852210667259,0.998654747473551,2,0
"12169",1,6,"89",2.6423380941428,0.999988209248681,2,1
"12170",2,6,"89",2.6423380941428,0.999988209248681,2,0
"12171",4,6,"89",2.6423380941428,0.999988209248681,2,0
"12172",5,6,"89",2.6423380941428,0.999988209248681,2,0
"12173",6,6,"89",2.6423380941428,0.999988209248681,2,0
"12174",7,6,"89",2.6423380941428,0.999988209248681,2,0
"12175",8,6,"89",2.6423380941428,0.999988209248681,2,0
"12176",9,6,"89",2.6423380941428,0.999988209248681,2,0
"12177",10,6,"89",2.6423380941428,0.999988209248681,2,0
"12178",12,6,"89",2.6423380941428,0.999988209248681,2,0
"12179",13,6,"89",2.6423380941428,0.999988209248681,2,0
"12180",14,6,"89",2.6423380941428,0.999988209248681,2,0
"12181",15,6,"89",2.6423380941428,0.999988209248681,2,0
"12182",16,6,"89",2.6423380941428,0.999988209248681,2,0
"12183",19,6,"89",2.6423380941428,0.999988209248681,2,0
"12184",20,6,"89",2.6423380941428,0.999988209248681,2,0
"12185",21,6,"89",2.6423380941428,0.999988209248681,2,0
"12186",22,6,"89",2.6423380941428,0.999988209248681,2,0
"12187",23,6,"89",2.6423380941428,0.999988209248681,2,1
"12188",24,6,"89",2.6423380941428,0.999988209248681,2,1
"12189",27,6,"89",2.6423380941428,0.999988209248681,2,0
"12190",28,6,"89",2.6423380941428,0.999988209248681,2,0
"12191",29,6,"89",2.6423380941428,0.999988209248681,2,0
"12192",30,6,"89",2.6423380941428,0.999988209248681,2,0
"12193",1,7,"89",-0.210591036392677,0.796235709538587,3,1
"12194",23,7,"89",-0.210591036392677,0.796235709538587,3,1
"12195",24,7,"89",-0.210591036392677,0.796235709538587,3,1
"12196",1,8,"89",1.22057006192367,0.998294168331375,3,1
"12197",23,8,"89",1.22057006192367,0.998294168331375,3,1
"12198",24,8,"89",1.22057006192367,0.998294168331375,3,1
"12199",1,9,"89",1.1916375433006,0.998112723437374,3,1
"12200",23,9,"89",1.1916375433006,0.998112723437374,3,1
"12201",24,9,"89",1.1916375433006,0.998112723437374,3,1
"12202",1,10,"89",0.303464614793378,0.959383875992669,4,0
"12203",23,10,"89",0.303464614793378,0.959383875992669,4,0
"12204",24,10,"89",0.303464614793378,0.959383875992669,4,0
"12205",1,11,"89",-0.470379229243624,0.611512095058498,4,0
"12206",23,11,"89",-0.470379229243624,0.611512095058498,4,0
"12207",24,11,"89",-0.470379229243624,0.611512095058498,4,0
"12208",1,12,"89",-1.19950244720419,0.109266194690724,4,0
"12209",23,12,"89",-1.19950244720419,0.109266194690724,4,0
"12210",24,12,"89",-1.19950244720419,0.109266194690724,4,0
"12211",1,1,"90",0.432907719270838,0.973793122821112,1,0
"12212",2,1,"90",0.432907719270838,0.973793122821112,1,0
"12213",3,1,"90",0.432907719270838,0.973793122821112,1,0
"12214",4,1,"90",0.432907719270838,0.973793122821112,1,1
"12215",5,1,"90",0.432907719270838,0.973793122821112,1,0
"12216",6,1,"90",0.432907719270838,0.973793122821112,1,0
"12217",7,1,"90",0.432907719270838,0.973793122821112,1,0
"12218",8,1,"90",0.432907719270838,0.973793122821112,1,0
"12219",9,1,"90",0.432907719270838,0.973793122821112,1,0
"12220",10,1,"90",0.432907719270838,0.973793122821112,1,0
"12221",11,1,"90",0.432907719270838,0.973793122821112,1,0
"12222",12,1,"90",0.432907719270838,0.973793122821112,1,0
"12223",13,1,"90",0.432907719270838,0.973793122821112,1,0
"12224",14,1,"90",0.432907719270838,0.973793122821112,1,0
"12225",15,1,"90",0.432907719270838,0.973793122821112,1,0
"12226",16,1,"90",0.432907719270838,0.973793122821112,1,0
"12227",17,1,"90",0.432907719270838,0.973793122821112,1,0
"12228",18,1,"90",0.432907719270838,0.973793122821112,1,0
"12229",19,1,"90",0.432907719270838,0.973793122821112,1,0
"12230",20,1,"90",0.432907719270838,0.973793122821112,1,1
"12231",21,1,"90",0.432907719270838,0.973793122821112,1,0
"12232",22,1,"90",0.432907719270838,0.973793122821112,1,0
"12233",23,1,"90",0.432907719270838,0.973793122821112,1,0
"12234",24,1,"90",0.432907719270838,0.973793122821112,1,0
"12235",25,1,"90",0.432907719270838,0.973793122821112,1,0
"12236",26,1,"90",0.432907719270838,0.973793122821112,1,0
"12237",27,1,"90",0.432907719270838,0.973793122821112,1,0
"12238",28,1,"90",0.432907719270838,0.973793122821112,1,0
"12239",29,1,"90",0.432907719270838,0.973793122821112,1,0
"12240",30,1,"90",0.432907719270838,0.973793122821112,1,0
"12241",1,2,"90",-1.38286200460082,0.0606529338303138,1,0
"12242",2,2,"90",-1.38286200460082,0.0606529338303138,1,0
"12243",3,2,"90",-1.38286200460082,0.0606529338303138,1,0
"12244",4,2,"90",-1.38286200460082,0.0606529338303138,1,1
"12245",5,2,"90",-1.38286200460082,0.0606529338303138,1,0
"12246",6,2,"90",-1.38286200460082,0.0606529338303138,1,0
"12247",7,2,"90",-1.38286200460082,0.0606529338303138,1,0
"12248",8,2,"90",-1.38286200460082,0.0606529338303138,1,0
"12249",9,2,"90",-1.38286200460082,0.0606529338303138,1,0
"12250",10,2,"90",-1.38286200460082,0.0606529338303138,1,0
"12251",11,2,"90",-1.38286200460082,0.0606529338303138,1,0
"12252",12,2,"90",-1.38286200460082,0.0606529338303138,1,0
"12253",13,2,"90",-1.38286200460082,0.0606529338303138,1,0
"12254",14,2,"90",-1.38286200460082,0.0606529338303138,1,0
"12255",15,2,"90",-1.38286200460082,0.0606529338303138,1,0
"12256",16,2,"90",-1.38286200460082,0.0606529338303138,1,0
"12257",17,2,"90",-1.38286200460082,0.0606529338303138,1,0
"12258",18,2,"90",-1.38286200460082,0.0606529338303138,1,0
"12259",19,2,"90",-1.38286200460082,0.0606529338303138,1,0
"12260",20,2,"90",-1.38286200460082,0.0606529338303138,1,1
"12261",21,2,"90",-1.38286200460082,0.0606529338303138,1,0
"12262",22,2,"90",-1.38286200460082,0.0606529338303138,1,0
"12263",23,2,"90",-1.38286200460082,0.0606529338303138,1,0
"12264",24,2,"90",-1.38286200460082,0.0606529338303138,1,0
"12265",25,2,"90",-1.38286200460082,0.0606529338303138,1,0
"12266",26,2,"90",-1.38286200460082,0.0606529338303138,1,0
"12267",27,2,"90",-1.38286200460082,0.0606529338303138,1,0
"12268",28,2,"90",-1.38286200460082,0.0606529338303138,1,0
"12269",29,2,"90",-1.38286200460082,0.0606529338303138,1,0
"12270",30,2,"90",-1.38286200460082,0.0606529338303138,1,0
"12271",1,3,"90",1.35718585031696,0.998941824639095,1,0
"12272",2,3,"90",1.35718585031696,0.998941824639095,1,0
"12273",3,3,"90",1.35718585031696,0.998941824639095,1,0
"12274",4,3,"90",1.35718585031696,0.998941824639095,1,1
"12275",5,3,"90",1.35718585031696,0.998941824639095,1,0
"12276",6,3,"90",1.35718585031696,0.998941824639095,1,0
"12277",7,3,"90",1.35718585031696,0.998941824639095,1,0
"12278",8,3,"90",1.35718585031696,0.998941824639095,1,0
"12279",9,3,"90",1.35718585031696,0.998941824639095,1,0
"12280",10,3,"90",1.35718585031696,0.998941824639095,1,0
"12281",11,3,"90",1.35718585031696,0.998941824639095,1,0
"12282",12,3,"90",1.35718585031696,0.998941824639095,1,0
"12283",13,3,"90",1.35718585031696,0.998941824639095,1,0
"12284",14,3,"90",1.35718585031696,0.998941824639095,1,0
"12285",15,3,"90",1.35718585031696,0.998941824639095,1,0
"12286",16,3,"90",1.35718585031696,0.998941824639095,1,0
"12287",17,3,"90",1.35718585031696,0.998941824639095,1,0
"12288",18,3,"90",1.35718585031696,0.998941824639095,1,0
"12289",19,3,"90",1.35718585031696,0.998941824639095,1,0
"12290",20,3,"90",1.35718585031696,0.998941824639095,1,1
"12291",21,3,"90",1.35718585031696,0.998941824639095,1,0
"12292",22,3,"90",1.35718585031696,0.998941824639095,1,0
"12293",23,3,"90",1.35718585031696,0.998941824639095,1,0
"12294",24,3,"90",1.35718585031696,0.998941824639095,1,0
"12295",25,3,"90",1.35718585031696,0.998941824639095,1,0
"12296",26,3,"90",1.35718585031696,0.998941824639095,1,0
"12297",27,3,"90",1.35718585031696,0.998941824639095,1,0
"12298",28,3,"90",1.35718585031696,0.998941824639095,1,0
"12299",29,3,"90",1.35718585031696,0.998941824639095,1,0
"12300",30,3,"90",1.35718585031696,0.998941824639095,1,0
"12301",4,4,"90",1.5657210554254,0.999489711401472,2,0
"12302",20,4,"90",1.5657210554254,0.999489711401472,2,0
"12303",4,5,"90",1.13782730223532,0.997722497106074,2,0
"12304",20,5,"90",1.13782730223532,0.997722497106074,2,0
"12305",4,6,"90",-1.24012627498567,0.0961771163487354,2,0
"12306",20,6,"90",-1.24012627498567,0.0961771163487354,2,0
"12307",1,1,"91",0.197907679576529,0.942278811172216,1,1
"12308",2,1,"91",0.197907679576529,0.942278811172216,1,0
"12309",3,1,"91",0.197907679576529,0.942278811172216,1,1
"12310",4,1,"91",0.197907679576529,0.942278811172216,1,1
"12311",5,1,"91",0.197907679576529,0.942278811172216,1,0
"12312",6,1,"91",0.197907679576529,0.942278811172216,1,1
"12313",7,1,"91",0.197907679576529,0.942278811172216,1,0
"12314",8,1,"91",0.197907679576529,0.942278811172216,1,0
"12315",9,1,"91",0.197907679576529,0.942278811172216,1,0
"12316",10,1,"91",0.197907679576529,0.942278811172216,1,0
"12317",11,1,"91",0.197907679576529,0.942278811172216,1,0
"12318",12,1,"91",0.197907679576529,0.942278811172216,1,0
"12319",13,1,"91",0.197907679576529,0.942278811172216,1,0
"12320",14,1,"91",0.197907679576529,0.942278811172216,1,0
"12321",15,1,"91",0.197907679576529,0.942278811172216,1,1
"12322",16,1,"91",0.197907679576529,0.942278811172216,1,1
"12323",17,1,"91",0.197907679576529,0.942278811172216,1,0
"12324",18,1,"91",0.197907679576529,0.942278811172216,1,0
"12325",19,1,"91",0.197907679576529,0.942278811172216,1,0
"12326",20,1,"91",0.197907679576529,0.942278811172216,1,0
"12327",21,1,"91",0.197907679576529,0.942278811172216,1,0
"12328",22,1,"91",0.197907679576529,0.942278811172216,1,0
"12329",23,1,"91",0.197907679576529,0.942278811172216,1,1
"12330",24,1,"91",0.197907679576529,0.942278811172216,1,0
"12331",25,1,"91",0.197907679576529,0.942278811172216,1,1
"12332",26,1,"91",0.197907679576529,0.942278811172216,1,0
"12333",27,1,"91",0.197907679576529,0.942278811172216,1,0
"12334",28,1,"91",0.197907679576529,0.942278811172216,1,1
"12335",29,1,"91",0.197907679576529,0.942278811172216,1,1
"12336",30,1,"91",0.197907679576529,0.942278811172216,1,1
"12337",1,2,"91",-0.548388806215071,0.545037395004768,1,1
"12338",2,2,"91",-0.548388806215071,0.545037395004768,1,0
"12339",3,2,"91",-0.548388806215071,0.545037395004768,1,1
"12340",4,2,"91",-0.548388806215071,0.545037395004768,1,1
"12341",5,2,"91",-0.548388806215071,0.545037395004768,1,0
"12342",6,2,"91",-0.548388806215071,0.545037395004768,1,1
"12343",7,2,"91",-0.548388806215071,0.545037395004768,1,0
"12344",8,2,"91",-0.548388806215071,0.545037395004768,1,0
"12345",9,2,"91",-0.548388806215071,0.545037395004768,1,0
"12346",10,2,"91",-0.548388806215071,0.545037395004768,1,0
"12347",11,2,"91",-0.548388806215071,0.545037395004768,1,0
"12348",12,2,"91",-0.548388806215071,0.545037395004768,1,0
"12349",13,2,"91",-0.548388806215071,0.545037395004768,1,0
"12350",14,2,"91",-0.548388806215071,0.545037395004768,1,0
"12351",15,2,"91",-0.548388806215071,0.545037395004768,1,1
"12352",16,2,"91",-0.548388806215071,0.545037395004768,1,1
"12353",17,2,"91",-0.548388806215071,0.545037395004768,1,0
"12354",18,2,"91",-0.548388806215071,0.545037395004768,1,0
"12355",19,2,"91",-0.548388806215071,0.545037395004768,1,0
"12356",20,2,"91",-0.548388806215071,0.545037395004768,1,0
"12357",21,2,"91",-0.548388806215071,0.545037395004768,1,0
"12358",22,2,"91",-0.548388806215071,0.545037395004768,1,0
"12359",23,2,"91",-0.548388806215071,0.545037395004768,1,1
"12360",24,2,"91",-0.548388806215071,0.545037395004768,1,0
"12361",25,2,"91",-0.548388806215071,0.545037395004768,1,1
"12362",26,2,"91",-0.548388806215071,0.545037395004768,1,0
"12363",27,2,"91",-0.548388806215071,0.545037395004768,1,0
"12364",28,2,"91",-0.548388806215071,0.545037395004768,1,1
"12365",29,2,"91",-0.548388806215071,0.545037395004768,1,1
"12366",30,2,"91",-0.548388806215071,0.545037395004768,1,1
"12367",1,3,"91",-0.0333559597704498,0.879027628147517,1,1
"12368",2,3,"91",-0.0333559597704498,0.879027628147517,1,0
"12369",3,3,"91",-0.0333559597704498,0.879027628147517,1,1
"12370",4,3,"91",-0.0333559597704498,0.879027628147517,1,1
"12371",5,3,"91",-0.0333559597704498,0.879027628147517,1,0
"12372",6,3,"91",-0.0333559597704498,0.879027628147517,1,1
"12373",7,3,"91",-0.0333559597704498,0.879027628147517,1,0
"12374",8,3,"91",-0.0333559597704498,0.879027628147517,1,0
"12375",9,3,"91",-0.0333559597704498,0.879027628147517,1,0
"12376",10,3,"91",-0.0333559597704498,0.879027628147517,1,0
"12377",11,3,"91",-0.0333559597704498,0.879027628147517,1,0
"12378",12,3,"91",-0.0333559597704498,0.879027628147517,1,0
"12379",13,3,"91",-0.0333559597704498,0.879027628147517,1,0
"12380",14,3,"91",-0.0333559597704498,0.879027628147517,1,0
"12381",15,3,"91",-0.0333559597704498,0.879027628147517,1,1
"12382",16,3,"91",-0.0333559597704498,0.879027628147517,1,1
"12383",17,3,"91",-0.0333559597704498,0.879027628147517,1,0
"12384",18,3,"91",-0.0333559597704498,0.879027628147517,1,0
"12385",19,3,"91",-0.0333559597704498,0.879027628147517,1,0
"12386",20,3,"91",-0.0333559597704498,0.879027628147517,1,0
"12387",21,3,"91",-0.0333559597704498,0.879027628147517,1,0
"12388",22,3,"91",-0.0333559597704498,0.879027628147517,1,0
"12389",23,3,"91",-0.0333559597704498,0.879027628147517,1,1
"12390",24,3,"91",-0.0333559597704498,0.879027628147517,1,0
"12391",25,3,"91",-0.0333559597704498,0.879027628147517,1,1
"12392",26,3,"91",-0.0333559597704498,0.879027628147517,1,0
"12393",27,3,"91",-0.0333559597704498,0.879027628147517,1,0
"12394",28,3,"91",-0.0333559597704498,0.879027628147517,1,1
"12395",29,3,"91",-0.0333559597704498,0.879027628147517,1,1
"12396",30,3,"91",-0.0333559597704498,0.879027628147517,1,1
"12397",1,4,"91",-0.214447020217848,0.794037312461489,2,0
"12398",3,4,"91",-0.214447020217848,0.794037312461489,2,0
"12399",4,4,"91",-0.214447020217848,0.794037312461489,2,0
"12400",6,4,"91",-0.214447020217848,0.794037312461489,2,0
"12401",15,4,"91",-0.214447020217848,0.794037312461489,2,0
"12402",16,4,"91",-0.214447020217848,0.794037312461489,2,0
"12403",23,4,"91",-0.214447020217848,0.794037312461489,2,0
"12404",25,4,"91",-0.214447020217848,0.794037312461489,2,0
"12405",28,4,"91",-0.214447020217848,0.794037312461489,2,0
"12406",29,4,"91",-0.214447020217848,0.794037312461489,2,0
"12407",30,4,"91",-0.214447020217848,0.794037312461489,2,0
"12408",1,5,"91",-1.25734564462884,0.0910641963697682,2,0
"12409",3,5,"91",-1.25734564462884,0.0910641963697682,2,0
"12410",4,5,"91",-1.25734564462884,0.0910641963697682,2,0
"12411",6,5,"91",-1.25734564462884,0.0910641963697682,2,0
"12412",15,5,"91",-1.25734564462884,0.0910641963697682,2,0
"12413",16,5,"91",-1.25734564462884,0.0910641963697682,2,0
"12414",23,5,"91",-1.25734564462884,0.0910641963697682,2,0
"12415",25,5,"91",-1.25734564462884,0.0910641963697682,2,0
"12416",28,5,"91",-1.25734564462884,0.0910641963697682,2,0
"12417",29,5,"91",-1.25734564462884,0.0910641963697682,2,0
"12418",30,5,"91",-1.25734564462884,0.0910641963697682,2,0
"12419",1,6,"91",-1.78596117245423,0.015506559557122,2,0
"12420",3,6,"91",-1.78596117245423,0.015506559557122,2,0
"12421",4,6,"91",-1.78596117245423,0.015506559557122,2,0
"12422",6,6,"91",-1.78596117245423,0.015506559557122,2,0
"12423",15,6,"91",-1.78596117245423,0.015506559557122,2,0
"12424",16,6,"91",-1.78596117245423,0.015506559557122,2,0
"12425",23,6,"91",-1.78596117245423,0.015506559557122,2,0
"12426",25,6,"91",-1.78596117245423,0.015506559557122,2,0
"12427",28,6,"91",-1.78596117245423,0.015506559557122,2,0
"12428",29,6,"91",-1.78596117245423,0.015506559557122,2,0
"12429",30,6,"91",-1.78596117245423,0.015506559557122,2,0
"12430",1,1,"92",-0.192249496335161,0.806453237328865,1,0
"12431",2,1,"92",-0.192249496335161,0.806453237328865,1,0
"12432",3,1,"92",-0.192249496335161,0.806453237328865,1,0
"12433",4,1,"92",-0.192249496335161,0.806453237328865,1,0
"12434",5,1,"92",-0.192249496335161,0.806453237328865,1,0
"12435",6,1,"92",-0.192249496335161,0.806453237328865,1,0
"12436",7,1,"92",-0.192249496335161,0.806453237328865,1,0
"12437",8,1,"92",-0.192249496335161,0.806453237328865,1,0
"12438",9,1,"92",-0.192249496335161,0.806453237328865,1,0
"12439",10,1,"92",-0.192249496335161,0.806453237328865,1,0
"12440",11,1,"92",-0.192249496335161,0.806453237328865,1,0
"12441",12,1,"92",-0.192249496335161,0.806453237328865,1,0
"12442",13,1,"92",-0.192249496335161,0.806453237328865,1,0
"12443",14,1,"92",-0.192249496335161,0.806453237328865,1,0
"12444",15,1,"92",-0.192249496335161,0.806453237328865,1,0
"12445",16,1,"92",-0.192249496335161,0.806453237328865,1,0
"12446",17,1,"92",-0.192249496335161,0.806453237328865,1,0
"12447",18,1,"92",-0.192249496335161,0.806453237328865,1,0
"12448",19,1,"92",-0.192249496335161,0.806453237328865,1,0
"12449",20,1,"92",-0.192249496335161,0.806453237328865,1,0
"12450",21,1,"92",-0.192249496335161,0.806453237328865,1,0
"12451",22,1,"92",-0.192249496335161,0.806453237328865,1,0
"12452",23,1,"92",-0.192249496335161,0.806453237328865,1,0
"12453",24,1,"92",-0.192249496335161,0.806453237328865,1,0
"12454",25,1,"92",-0.192249496335161,0.806453237328865,1,0
"12455",26,1,"92",-0.192249496335161,0.806453237328865,1,0
"12456",27,1,"92",-0.192249496335161,0.806453237328865,1,0
"12457",28,1,"92",-0.192249496335161,0.806453237328865,1,0
"12458",29,1,"92",-0.192249496335161,0.806453237328865,1,0
"12459",30,1,"92",-0.192249496335161,0.806453237328865,1,0
"12460",1,2,"92",0.984786559475988,0.996115051195507,1,0
"12461",2,2,"92",0.984786559475988,0.996115051195507,1,0
"12462",3,2,"92",0.984786559475988,0.996115051195507,1,0
"12463",4,2,"92",0.984786559475988,0.996115051195507,1,0
"12464",5,2,"92",0.984786559475988,0.996115051195507,1,0
"12465",6,2,"92",0.984786559475988,0.996115051195507,1,0
"12466",7,2,"92",0.984786559475988,0.996115051195507,1,0
"12467",8,2,"92",0.984786559475988,0.996115051195507,1,0
"12468",9,2,"92",0.984786559475988,0.996115051195507,1,0
"12469",10,2,"92",0.984786559475988,0.996115051195507,1,0
"12470",11,2,"92",0.984786559475988,0.996115051195507,1,0
"12471",12,2,"92",0.984786559475988,0.996115051195507,1,0
"12472",13,2,"92",0.984786559475988,0.996115051195507,1,0
"12473",14,2,"92",0.984786559475988,0.996115051195507,1,0
"12474",15,2,"92",0.984786559475988,0.996115051195507,1,0
"12475",16,2,"92",0.984786559475988,0.996115051195507,1,0
"12476",17,2,"92",0.984786559475988,0.996115051195507,1,0
"12477",18,2,"92",0.984786559475988,0.996115051195507,1,0
"12478",19,2,"92",0.984786559475988,0.996115051195507,1,0
"12479",20,2,"92",0.984786559475988,0.996115051195507,1,0
"12480",21,2,"92",0.984786559475988,0.996115051195507,1,0
"12481",22,2,"92",0.984786559475988,0.996115051195507,1,0
"12482",23,2,"92",0.984786559475988,0.996115051195507,1,0
"12483",24,2,"92",0.984786559475988,0.996115051195507,1,0
"12484",25,2,"92",0.984786559475988,0.996115051195507,1,0
"12485",26,2,"92",0.984786559475988,0.996115051195507,1,0
"12486",27,2,"92",0.984786559475988,0.996115051195507,1,0
"12487",28,2,"92",0.984786559475988,0.996115051195507,1,0
"12488",29,2,"92",0.984786559475988,0.996115051195507,1,0
"12489",30,2,"92",0.984786559475988,0.996115051195507,1,0
"12490",1,3,"92",-1.36616357933511,0.0640695157260225,1,0
"12491",2,3,"92",-1.36616357933511,0.0640695157260225,1,0
"12492",3,3,"92",-1.36616357933511,0.0640695157260225,1,0
"12493",4,3,"92",-1.36616357933511,0.0640695157260225,1,0
"12494",5,3,"92",-1.36616357933511,0.0640695157260225,1,0
"12495",6,3,"92",-1.36616357933511,0.0640695157260225,1,0
"12496",7,3,"92",-1.36616357933511,0.0640695157260225,1,0
"12497",8,3,"92",-1.36616357933511,0.0640695157260225,1,0
"12498",9,3,"92",-1.36616357933511,0.0640695157260225,1,0
"12499",10,3,"92",-1.36616357933511,0.0640695157260225,1,0
"12500",11,3,"92",-1.36616357933511,0.0640695157260225,1,0
"12501",12,3,"92",-1.36616357933511,0.0640695157260225,1,0
"12502",13,3,"92",-1.36616357933511,0.0640695157260225,1,0
"12503",14,3,"92",-1.36616357933511,0.0640695157260225,1,0
"12504",15,3,"92",-1.36616357933511,0.0640695157260225,1,0
"12505",16,3,"92",-1.36616357933511,0.0640695157260225,1,0
"12506",17,3,"92",-1.36616357933511,0.0640695157260225,1,0
"12507",18,3,"92",-1.36616357933511,0.0640695157260225,1,0
"12508",19,3,"92",-1.36616357933511,0.0640695157260225,1,0
"12509",20,3,"92",-1.36616357933511,0.0640695157260225,1,0
"12510",21,3,"92",-1.36616357933511,0.0640695157260225,1,0
"12511",22,3,"92",-1.36616357933511,0.0640695157260225,1,0
"12512",23,3,"92",-1.36616357933511,0.0640695157260225,1,0
"12513",24,3,"92",-1.36616357933511,0.0640695157260225,1,0
"12514",25,3,"92",-1.36616357933511,0.0640695157260225,1,0
"12515",26,3,"92",-1.36616357933511,0.0640695157260225,1,0
"12516",27,3,"92",-1.36616357933511,0.0640695157260225,1,0
"12517",28,3,"92",-1.36616357933511,0.0640695157260225,1,0
"12518",29,3,"92",-1.36616357933511,0.0640695157260225,1,0
"12519",30,3,"92",-1.36616357933511,0.0640695157260225,1,0
"12520",1,1,"93",1.3523899104316,0.998923931690076,1,1
"12521",2,1,"93",1.3523899104316,0.998923931690076,1,0
"12522",3,1,"93",1.3523899104316,0.998923931690076,1,0
"12523",4,1,"93",1.3523899104316,0.998923931690076,1,0
"12524",5,1,"93",1.3523899104316,0.998923931690076,1,0
"12525",6,1,"93",1.3523899104316,0.998923931690076,1,0
"12526",7,1,"93",1.3523899104316,0.998923931690076,1,0
"12527",8,1,"93",1.3523899104316,0.998923931690076,1,0
"12528",9,1,"93",1.3523899104316,0.998923931690076,1,1
"12529",10,1,"93",1.3523899104316,0.998923931690076,1,1
"12530",11,1,"93",1.3523899104316,0.998923931690076,1,0
"12531",12,1,"93",1.3523899104316,0.998923931690076,1,0
"12532",13,1,"93",1.3523899104316,0.998923931690076,1,1
"12533",14,1,"93",1.3523899104316,0.998923931690076,1,0
"12534",15,1,"93",1.3523899104316,0.998923931690076,1,0
"12535",16,1,"93",1.3523899104316,0.998923931690076,1,0
"12536",17,1,"93",1.3523899104316,0.998923931690076,1,1
"12537",18,1,"93",1.3523899104316,0.998923931690076,1,0
"12538",19,1,"93",1.3523899104316,0.998923931690076,1,1
"12539",20,1,"93",1.3523899104316,0.998923931690076,1,1
"12540",21,1,"93",1.3523899104316,0.998923931690076,1,0
"12541",22,1,"93",1.3523899104316,0.998923931690076,1,0
"12542",23,1,"93",1.3523899104316,0.998923931690076,1,0
"12543",24,1,"93",1.3523899104316,0.998923931690076,1,0
"12544",25,1,"93",1.3523899104316,0.998923931690076,1,0
"12545",26,1,"93",1.3523899104316,0.998923931690076,1,0
"12546",27,1,"93",1.3523899104316,0.998923931690076,1,1
"12547",28,1,"93",1.3523899104316,0.998923931690076,1,0
"12548",29,1,"93",1.3523899104316,0.998923931690076,1,0
"12549",30,1,"93",1.3523899104316,0.998923931690076,1,1
"12550",1,2,"93",0.405797124687837,0.971259598577568,1,1
"12551",2,2,"93",0.405797124687837,0.971259598577568,1,0
"12552",3,2,"93",0.405797124687837,0.971259598577568,1,0
"12553",4,2,"93",0.405797124687837,0.971259598577568,1,0
"12554",5,2,"93",0.405797124687837,0.971259598577568,1,0
"12555",6,2,"93",0.405797124687837,0.971259598577568,1,0
"12556",7,2,"93",0.405797124687837,0.971259598577568,1,0
"12557",8,2,"93",0.405797124687837,0.971259598577568,1,0
"12558",9,2,"93",0.405797124687837,0.971259598577568,1,1
"12559",10,2,"93",0.405797124687837,0.971259598577568,1,1
"12560",11,2,"93",0.405797124687837,0.971259598577568,1,0
"12561",12,2,"93",0.405797124687837,0.971259598577568,1,0
"12562",13,2,"93",0.405797124687837,0.971259598577568,1,1
"12563",14,2,"93",0.405797124687837,0.971259598577568,1,0
"12564",15,2,"93",0.405797124687837,0.971259598577568,1,0
"12565",16,2,"93",0.405797124687837,0.971259598577568,1,0
"12566",17,2,"93",0.405797124687837,0.971259598577568,1,1
"12567",18,2,"93",0.405797124687837,0.971259598577568,1,0
"12568",19,2,"93",0.405797124687837,0.971259598577568,1,1
"12569",20,2,"93",0.405797124687837,0.971259598577568,1,1
"12570",21,2,"93",0.405797124687837,0.971259598577568,1,0
"12571",22,2,"93",0.405797124687837,0.971259598577568,1,0
"12572",23,2,"93",0.405797124687837,0.971259598577568,1,0
"12573",24,2,"93",0.405797124687837,0.971259598577568,1,0
"12574",25,2,"93",0.405797124687837,0.971259598577568,1,0
"12575",26,2,"93",0.405797124687837,0.971259598577568,1,0
"12576",27,2,"93",0.405797124687837,0.971259598577568,1,1
"12577",28,2,"93",0.405797124687837,0.971259598577568,1,0
"12578",29,2,"93",0.405797124687837,0.971259598577568,1,0
"12579",30,2,"93",0.405797124687837,0.971259598577568,1,1
"12580",1,3,"93",-0.738514516770394,0.381119126809664,1,1
"12581",2,3,"93",-0.738514516770394,0.381119126809664,1,0
"12582",3,3,"93",-0.738514516770394,0.381119126809664,1,0
"12583",4,3,"93",-0.738514516770394,0.381119126809664,1,0
"12584",5,3,"93",-0.738514516770394,0.381119126809664,1,0
"12585",6,3,"93",-0.738514516770394,0.381119126809664,1,0
"12586",7,3,"93",-0.738514516770394,0.381119126809664,1,0
"12587",8,3,"93",-0.738514516770394,0.381119126809664,1,0
"12588",9,3,"93",-0.738514516770394,0.381119126809664,1,1
"12589",10,3,"93",-0.738514516770394,0.381119126809664,1,1
"12590",11,3,"93",-0.738514516770394,0.381119126809664,1,0
"12591",12,3,"93",-0.738514516770394,0.381119126809664,1,0
"12592",13,3,"93",-0.738514516770394,0.381119126809664,1,1
"12593",14,3,"93",-0.738514516770394,0.381119126809664,1,0
"12594",15,3,"93",-0.738514516770394,0.381119126809664,1,0
"12595",16,3,"93",-0.738514516770394,0.381119126809664,1,0
"12596",17,3,"93",-0.738514516770394,0.381119126809664,1,1
"12597",18,3,"93",-0.738514516770394,0.381119126809664,1,0
"12598",19,3,"93",-0.738514516770394,0.381119126809664,1,1
"12599",20,3,"93",-0.738514516770394,0.381119126809664,1,1
"12600",21,3,"93",-0.738514516770394,0.381119126809664,1,0
"12601",22,3,"93",-0.738514516770394,0.381119126809664,1,0
"12602",23,3,"93",-0.738514516770394,0.381119126809664,1,0
"12603",24,3,"93",-0.738514516770394,0.381119126809664,1,0
"12604",25,3,"93",-0.738514516770394,0.381119126809664,1,0
"12605",26,3,"93",-0.738514516770394,0.381119126809664,1,0
"12606",27,3,"93",-0.738514516770394,0.381119126809664,1,1
"12607",28,3,"93",-0.738514516770394,0.381119126809664,1,0
"12608",29,3,"93",-0.738514516770394,0.381119126809664,1,0
"12609",30,3,"93",-0.738514516770394,0.381119126809664,1,1
"12610",1,4,"93",1.43256273356511,0.999187002802342,2,1
"12611",9,4,"93",1.43256273356511,0.999187002802342,2,1
"12612",10,4,"93",1.43256273356511,0.999187002802342,2,1
"12613",13,4,"93",1.43256273356511,0.999187002802342,2,1
"12614",17,4,"93",1.43256273356511,0.999187002802342,2,1
"12615",19,4,"93",1.43256273356511,0.999187002802342,2,1
"12616",20,4,"93",1.43256273356511,0.999187002802342,2,1
"12617",27,4,"93",1.43256273356511,0.999187002802342,2,1
"12618",30,4,"93",1.43256273356511,0.999187002802342,2,1
"12619",1,5,"93",2.33327816792204,0.999965221402228,2,1
"12620",9,5,"93",2.33327816792204,0.999965221402228,2,1
"12621",10,5,"93",2.33327816792204,0.999965221402228,2,1
"12622",13,5,"93",2.33327816792204,0.999965221402228,2,1
"12623",17,5,"93",2.33327816792204,0.999965221402228,2,1
"12624",19,5,"93",2.33327816792204,0.999965221402228,2,1
"12625",20,5,"93",2.33327816792204,0.999965221402228,2,1
"12626",27,5,"93",2.33327816792204,0.999965221402228,2,1
"12627",30,5,"93",2.33327816792204,0.999965221402228,2,1
"12628",1,6,"93",-0.0769748097292059,0.861831779219492,2,1
"12629",9,6,"93",-0.0769748097292059,0.861831779219492,2,1
"12630",10,6,"93",-0.0769748097292059,0.861831779219492,2,1
"12631",13,6,"93",-0.0769748097292059,0.861831779219492,2,1
"12632",17,6,"93",-0.0769748097292059,0.861831779219492,2,1
"12633",19,6,"93",-0.0769748097292059,0.861831779219492,2,1
"12634",20,6,"93",-0.0769748097292059,0.861831779219492,2,1
"12635",27,6,"93",-0.0769748097292059,0.861831779219492,2,1
"12636",30,6,"93",-0.0769748097292059,0.861831779219492,2,1
"12637",1,7,"93",1.07803343837431,0.997193808828888,3,0
"12638",9,7,"93",1.07803343837431,0.997193808828888,3,0
"12639",10,7,"93",1.07803343837431,0.997193808828888,3,0
"12640",13,7,"93",1.07803343837431,0.997193808828888,3,0
"12641",17,7,"93",1.07803343837431,0.997193808828888,3,0
"12642",19,7,"93",1.07803343837431,0.997193808828888,3,0
"12643",20,7,"93",1.07803343837431,0.997193808828888,3,0
"12644",27,7,"93",1.07803343837431,0.997193808828888,3,0
"12645",30,7,"93",1.07803343837431,0.997193808828888,3,0
"12646",1,8,"93",-0.986658849473282,0.205330411190173,3,0
"12647",9,8,"93",-0.986658849473282,0.205330411190173,3,0
"12648",10,8,"93",-0.986658849473282,0.205330411190173,3,0
"12649",13,8,"93",-0.986658849473282,0.205330411190173,3,0
"12650",17,8,"93",-0.986658849473282,0.205330411190173,3,0
"12651",19,8,"93",-0.986658849473282,0.205330411190173,3,0
"12652",20,8,"93",-0.986658849473282,0.205330411190173,3,0
"12653",27,8,"93",-0.986658849473282,0.205330411190173,3,0
"12654",30,8,"93",-0.986658849473282,0.205330411190173,3,0
"12655",1,9,"93",-1.59188769475334,0.0301309864723421,3,0
"12656",9,9,"93",-1.59188769475334,0.0301309864723421,3,0
"12657",10,9,"93",-1.59188769475334,0.0301309864723421,3,0
"12658",13,9,"93",-1.59188769475334,0.0301309864723421,3,0
"12659",17,9,"93",-1.59188769475334,0.0301309864723421,3,0
"12660",19,9,"93",-1.59188769475334,0.0301309864723421,3,0
"12661",20,9,"93",-1.59188769475334,0.0301309864723421,3,0
"12662",27,9,"93",-1.59188769475334,0.0301309864723421,3,0
"12663",30,9,"93",-1.59188769475334,0.0301309864723421,3,0
"12664",1,1,"94",0.717126583534144,0.990145688745075,1,1
"12665",2,1,"94",0.717126583534144,0.990145688745075,1,1
"12666",3,1,"94",0.717126583534144,0.990145688745075,1,1
"12667",4,1,"94",0.717126583534144,0.990145688745075,1,1
"12668",5,1,"94",0.717126583534144,0.990145688745075,1,1
"12669",6,1,"94",0.717126583534144,0.990145688745075,1,1
"12670",7,1,"94",0.717126583534144,0.990145688745075,1,1
"12671",8,1,"94",0.717126583534144,0.990145688745075,1,1
"12672",9,1,"94",0.717126583534144,0.990145688745075,1,1
"12673",10,1,"94",0.717126583534144,0.990145688745075,1,1
"12674",11,1,"94",0.717126583534144,0.990145688745075,1,1
"12675",12,1,"94",0.717126583534144,0.990145688745075,1,0
"12676",13,1,"94",0.717126583534144,0.990145688745075,1,1
"12677",14,1,"94",0.717126583534144,0.990145688745075,1,1
"12678",15,1,"94",0.717126583534144,0.990145688745075,1,1
"12679",16,1,"94",0.717126583534144,0.990145688745075,1,1
"12680",17,1,"94",0.717126583534144,0.990145688745075,1,1
"12681",18,1,"94",0.717126583534144,0.990145688745075,1,1
"12682",19,1,"94",0.717126583534144,0.990145688745075,1,1
"12683",20,1,"94",0.717126583534144,0.990145688745075,1,1
"12684",21,1,"94",0.717126583534144,0.990145688745075,1,0
"12685",22,1,"94",0.717126583534144,0.990145688745075,1,1
"12686",23,1,"94",0.717126583534144,0.990145688745075,1,0
"12687",24,1,"94",0.717126583534144,0.990145688745075,1,1
"12688",25,1,"94",0.717126583534144,0.990145688745075,1,0
"12689",26,1,"94",0.717126583534144,0.990145688745075,1,1
"12690",27,1,"94",0.717126583534144,0.990145688745075,1,1
"12691",28,1,"94",0.717126583534144,0.990145688745075,1,0
"12692",29,1,"94",0.717126583534144,0.990145688745075,1,1
"12693",30,1,"94",0.717126583534144,0.990145688745075,1,0
"12694",1,2,"94",-0.186692920582818,0.809470729178967,1,1
"12695",2,2,"94",-0.186692920582818,0.809470729178967,1,1
"12696",3,2,"94",-0.186692920582818,0.809470729178967,1,1
"12697",4,2,"94",-0.186692920582818,0.809470729178967,1,1
"12698",5,2,"94",-0.186692920582818,0.809470729178967,1,1
"12699",6,2,"94",-0.186692920582818,0.809470729178967,1,1
"12700",7,2,"94",-0.186692920582818,0.809470729178967,1,1
"12701",8,2,"94",-0.186692920582818,0.809470729178967,1,1
"12702",9,2,"94",-0.186692920582818,0.809470729178967,1,1
"12703",10,2,"94",-0.186692920582818,0.809470729178967,1,1
"12704",11,2,"94",-0.186692920582818,0.809470729178967,1,1
"12705",12,2,"94",-0.186692920582818,0.809470729178967,1,0
"12706",13,2,"94",-0.186692920582818,0.809470729178967,1,1
"12707",14,2,"94",-0.186692920582818,0.809470729178967,1,1
"12708",15,2,"94",-0.186692920582818,0.809470729178967,1,1
"12709",16,2,"94",-0.186692920582818,0.809470729178967,1,1
"12710",17,2,"94",-0.186692920582818,0.809470729178967,1,1
"12711",18,2,"94",-0.186692920582818,0.809470729178967,1,1
"12712",19,2,"94",-0.186692920582818,0.809470729178967,1,1
"12713",20,2,"94",-0.186692920582818,0.809470729178967,1,1
"12714",21,2,"94",-0.186692920582818,0.809470729178967,1,0
"12715",22,2,"94",-0.186692920582818,0.809470729178967,1,1
"12716",23,2,"94",-0.186692920582818,0.809470729178967,1,0
"12717",24,2,"94",-0.186692920582818,0.809470729178967,1,1
"12718",25,2,"94",-0.186692920582818,0.809470729178967,1,0
"12719",26,2,"94",-0.186692920582818,0.809470729178967,1,1
"12720",27,2,"94",-0.186692920582818,0.809470729178967,1,1
"12721",28,2,"94",-0.186692920582818,0.809470729178967,1,0
"12722",29,2,"94",-0.186692920582818,0.809470729178967,1,1
"12723",30,2,"94",-0.186692920582818,0.809470729178967,1,0
"12724",1,3,"94",2.00436885344601,0.999890040776058,1,1
"12725",2,3,"94",2.00436885344601,0.999890040776058,1,1
"12726",3,3,"94",2.00436885344601,0.999890040776058,1,1
"12727",4,3,"94",2.00436885344601,0.999890040776058,1,1
"12728",5,3,"94",2.00436885344601,0.999890040776058,1,1
"12729",6,3,"94",2.00436885344601,0.999890040776058,1,1
"12730",7,3,"94",2.00436885344601,0.999890040776058,1,1
"12731",8,3,"94",2.00436885344601,0.999890040776058,1,1
"12732",9,3,"94",2.00436885344601,0.999890040776058,1,1
"12733",10,3,"94",2.00436885344601,0.999890040776058,1,1
"12734",11,3,"94",2.00436885344601,0.999890040776058,1,1
"12735",12,3,"94",2.00436885344601,0.999890040776058,1,0
"12736",13,3,"94",2.00436885344601,0.999890040776058,1,1
"12737",14,3,"94",2.00436885344601,0.999890040776058,1,1
"12738",15,3,"94",2.00436885344601,0.999890040776058,1,1
"12739",16,3,"94",2.00436885344601,0.999890040776058,1,1
"12740",17,3,"94",2.00436885344601,0.999890040776058,1,1
"12741",18,3,"94",2.00436885344601,0.999890040776058,1,1
"12742",19,3,"94",2.00436885344601,0.999890040776058,1,1
"12743",20,3,"94",2.00436885344601,0.999890040776058,1,1
"12744",21,3,"94",2.00436885344601,0.999890040776058,1,0
"12745",22,3,"94",2.00436885344601,0.999890040776058,1,1
"12746",23,3,"94",2.00436885344601,0.999890040776058,1,0
"12747",24,3,"94",2.00436885344601,0.999890040776058,1,1
"12748",25,3,"94",2.00436885344601,0.999890040776058,1,0
"12749",26,3,"94",2.00436885344601,0.999890040776058,1,1
"12750",27,3,"94",2.00436885344601,0.999890040776058,1,1
"12751",28,3,"94",2.00436885344601,0.999890040776058,1,0
"12752",29,3,"94",2.00436885344601,0.999890040776058,1,1
"12753",30,3,"94",2.00436885344601,0.999890040776058,1,0
"12754",1,4,"94",-1.94502680915086,0.00894572237726788,2,0
"12755",2,4,"94",-1.94502680915086,0.00894572237726788,2,0
"12756",3,4,"94",-1.94502680915086,0.00894572237726788,2,0
"12757",4,4,"94",-1.94502680915086,0.00894572237726788,2,0
"12758",5,4,"94",-1.94502680915086,0.00894572237726788,2,0
"12759",6,4,"94",-1.94502680915086,0.00894572237726788,2,0
"12760",7,4,"94",-1.94502680915086,0.00894572237726788,2,0
"12761",8,4,"94",-1.94502680915086,0.00894572237726788,2,0
"12762",9,4,"94",-1.94502680915086,0.00894572237726788,2,0
"12763",10,4,"94",-1.94502680915086,0.00894572237726788,2,0
"12764",11,4,"94",-1.94502680915086,0.00894572237726788,2,0
"12765",13,4,"94",-1.94502680915086,0.00894572237726788,2,0
"12766",14,4,"94",-1.94502680915086,0.00894572237726788,2,0
"12767",15,4,"94",-1.94502680915086,0.00894572237726788,2,0
"12768",16,4,"94",-1.94502680915086,0.00894572237726788,2,0
"12769",17,4,"94",-1.94502680915086,0.00894572237726788,2,0
"12770",18,4,"94",-1.94502680915086,0.00894572237726788,2,0
"12771",19,4,"94",-1.94502680915086,0.00894572237726788,2,0
"12772",20,4,"94",-1.94502680915086,0.00894572237726788,2,0
"12773",22,4,"94",-1.94502680915086,0.00894572237726788,2,0
"12774",24,4,"94",-1.94502680915086,0.00894572237726788,2,0
"12775",26,4,"94",-1.94502680915086,0.00894572237726788,2,0
"12776",27,4,"94",-1.94502680915086,0.00894572237726788,2,0
"12777",29,4,"94",-1.94502680915086,0.00894572237726788,2,0
"12778",1,5,"94",-1.05122923112482,0.170894314786552,2,0
"12779",2,5,"94",-1.05122923112482,0.170894314786552,2,0
"12780",3,5,"94",-1.05122923112482,0.170894314786552,2,0
"12781",4,5,"94",-1.05122923112482,0.170894314786552,2,0
"12782",5,5,"94",-1.05122923112482,0.170894314786552,2,0
"12783",6,5,"94",-1.05122923112482,0.170894314786552,2,0
"12784",7,5,"94",-1.05122923112482,0.170894314786552,2,0
"12785",8,5,"94",-1.05122923112482,0.170894314786552,2,0
"12786",9,5,"94",-1.05122923112482,0.170894314786552,2,0
"12787",10,5,"94",-1.05122923112482,0.170894314786552,2,0
"12788",11,5,"94",-1.05122923112482,0.170894314786552,2,0
"12789",13,5,"94",-1.05122923112482,0.170894314786552,2,0
"12790",14,5,"94",-1.05122923112482,0.170894314786552,2,0
"12791",15,5,"94",-1.05122923112482,0.170894314786552,2,0
"12792",16,5,"94",-1.05122923112482,0.170894314786552,2,0
"12793",17,5,"94",-1.05122923112482,0.170894314786552,2,0
"12794",18,5,"94",-1.05122923112482,0.170894314786552,2,0
"12795",19,5,"94",-1.05122923112482,0.170894314786552,2,0
"12796",20,5,"94",-1.05122923112482,0.170894314786552,2,0
"12797",22,5,"94",-1.05122923112482,0.170894314786552,2,0
"12798",24,5,"94",-1.05122923112482,0.170894314786552,2,0
"12799",26,5,"94",-1.05122923112482,0.170894314786552,2,0
"12800",27,5,"94",-1.05122923112482,0.170894314786552,2,0
"12801",29,5,"94",-1.05122923112482,0.170894314786552,2,0
"12802",1,6,"94",0.788117833961184,0.99229699865929,2,0
"12803",2,6,"94",0.788117833961184,0.99229699865929,2,0
"12804",3,6,"94",0.788117833961184,0.99229699865929,2,0
"12805",4,6,"94",0.788117833961184,0.99229699865929,2,0
"12806",5,6,"94",0.788117833961184,0.99229699865929,2,0
"12807",6,6,"94",0.788117833961184,0.99229699865929,2,0
"12808",7,6,"94",0.788117833961184,0.99229699865929,2,0
"12809",8,6,"94",0.788117833961184,0.99229699865929,2,0
"12810",9,6,"94",0.788117833961184,0.99229699865929,2,0
"12811",10,6,"94",0.788117833961184,0.99229699865929,2,0
"12812",11,6,"94",0.788117833961184,0.99229699865929,2,0
"12813",13,6,"94",0.788117833961184,0.99229699865929,2,0
"12814",14,6,"94",0.788117833961184,0.99229699865929,2,0
"12815",15,6,"94",0.788117833961184,0.99229699865929,2,0
"12816",16,6,"94",0.788117833961184,0.99229699865929,2,0
"12817",17,6,"94",0.788117833961184,0.99229699865929,2,0
"12818",18,6,"94",0.788117833961184,0.99229699865929,2,0
"12819",19,6,"94",0.788117833961184,0.99229699865929,2,0
"12820",20,6,"94",0.788117833961184,0.99229699865929,2,0
"12821",22,6,"94",0.788117833961184,0.99229699865929,2,0
"12822",24,6,"94",0.788117833961184,0.99229699865929,2,0
"12823",26,6,"94",0.788117833961184,0.99229699865929,2,0
"12824",27,6,"94",0.788117833961184,0.99229699865929,2,0
"12825",29,6,"94",0.788117833961184,0.99229699865929,2,0
"12826",1,1,"95",-0.392850508476759,0.673712203862859,1,1
"12827",2,1,"95",-0.392850508476759,0.673712203862859,1,0
"12828",3,1,"95",-0.392850508476759,0.673712203862859,1,1
"12829",4,1,"95",-0.392850508476759,0.673712203862859,1,1
"12830",5,1,"95",-0.392850508476759,0.673712203862859,1,1
"12831",6,1,"95",-0.392850508476759,0.673712203862859,1,0
"12832",7,1,"95",-0.392850508476759,0.673712203862859,1,1
"12833",8,1,"95",-0.392850508476759,0.673712203862859,1,1
"12834",9,1,"95",-0.392850508476759,0.673712203862859,1,0
"12835",10,1,"95",-0.392850508476759,0.673712203862859,1,1
"12836",11,1,"95",-0.392850508476759,0.673712203862859,1,1
"12837",12,1,"95",-0.392850508476759,0.673712203862859,1,0
"12838",13,1,"95",-0.392850508476759,0.673712203862859,1,1
"12839",14,1,"95",-0.392850508476759,0.673712203862859,1,1
"12840",15,1,"95",-0.392850508476759,0.673712203862859,1,1
"12841",16,1,"95",-0.392850508476759,0.673712203862859,1,1
"12842",17,1,"95",-0.392850508476759,0.673712203862859,1,0
"12843",18,1,"95",-0.392850508476759,0.673712203862859,1,0
"12844",19,1,"95",-0.392850508476759,0.673712203862859,1,1
"12845",20,1,"95",-0.392850508476759,0.673712203862859,1,0
"12846",21,1,"95",-0.392850508476759,0.673712203862859,1,1
"12847",22,1,"95",-0.392850508476759,0.673712203862859,1,1
"12848",23,1,"95",-0.392850508476759,0.673712203862859,1,0
"12849",24,1,"95",-0.392850508476759,0.673712203862859,1,1
"12850",25,1,"95",-0.392850508476759,0.673712203862859,1,1
"12851",26,1,"95",-0.392850508476759,0.673712203862859,1,1
"12852",27,1,"95",-0.392850508476759,0.673712203862859,1,0
"12853",28,1,"95",-0.392850508476759,0.673712203862859,1,1
"12854",29,1,"95",-0.392850508476759,0.673712203862859,1,0
"12855",30,1,"95",-0.392850508476759,0.673712203862859,1,1
"12856",1,2,"95",0.541607904408189,0.981936399798292,1,1
"12857",2,2,"95",0.541607904408189,0.981936399798292,1,0
"12858",3,2,"95",0.541607904408189,0.981936399798292,1,1
"12859",4,2,"95",0.541607904408189,0.981936399798292,1,1
"12860",5,2,"95",0.541607904408189,0.981936399798292,1,1
"12861",6,2,"95",0.541607904408189,0.981936399798292,1,0
"12862",7,2,"95",0.541607904408189,0.981936399798292,1,1
"12863",8,2,"95",0.541607904408189,0.981936399798292,1,1
"12864",9,2,"95",0.541607904408189,0.981936399798292,1,0
"12865",10,2,"95",0.541607904408189,0.981936399798292,1,1
"12866",11,2,"95",0.541607904408189,0.981936399798292,1,1
"12867",12,2,"95",0.541607904408189,0.981936399798292,1,0
"12868",13,2,"95",0.541607904408189,0.981936399798292,1,1
"12869",14,2,"95",0.541607904408189,0.981936399798292,1,1
"12870",15,2,"95",0.541607904408189,0.981936399798292,1,1
"12871",16,2,"95",0.541607904408189,0.981936399798292,1,1
"12872",17,2,"95",0.541607904408189,0.981936399798292,1,0
"12873",18,2,"95",0.541607904408189,0.981936399798292,1,0
"12874",19,2,"95",0.541607904408189,0.981936399798292,1,1
"12875",20,2,"95",0.541607904408189,0.981936399798292,1,0
"12876",21,2,"95",0.541607904408189,0.981936399798292,1,1
"12877",22,2,"95",0.541607904408189,0.981936399798292,1,1
"12878",23,2,"95",0.541607904408189,0.981936399798292,1,0
"12879",24,2,"95",0.541607904408189,0.981936399798292,1,1
"12880",25,2,"95",0.541607904408189,0.981936399798292,1,1
"12881",26,2,"95",0.541607904408189,0.981936399798292,1,1
"12882",27,2,"95",0.541607904408189,0.981936399798292,1,0
"12883",28,2,"95",0.541607904408189,0.981936399798292,1,1
"12884",29,2,"95",0.541607904408189,0.981936399798292,1,0
"12885",30,2,"95",0.541607904408189,0.981936399798292,1,1
"12886",1,3,"95",0.727625818731761,0.990497857142057,1,1
"12887",2,3,"95",0.727625818731761,0.990497857142057,1,0
"12888",3,3,"95",0.727625818731761,0.990497857142057,1,1
"12889",4,3,"95",0.727625818731761,0.990497857142057,1,1
"12890",5,3,"95",0.727625818731761,0.990497857142057,1,1
"12891",6,3,"95",0.727625818731761,0.990497857142057,1,0
"12892",7,3,"95",0.727625818731761,0.990497857142057,1,1
"12893",8,3,"95",0.727625818731761,0.990497857142057,1,1
"12894",9,3,"95",0.727625818731761,0.990497857142057,1,0
"12895",10,3,"95",0.727625818731761,0.990497857142057,1,1
"12896",11,3,"95",0.727625818731761,0.990497857142057,1,1
"12897",12,3,"95",0.727625818731761,0.990497857142057,1,0
"12898",13,3,"95",0.727625818731761,0.990497857142057,1,1
"12899",14,3,"95",0.727625818731761,0.990497857142057,1,1
"12900",15,3,"95",0.727625818731761,0.990497857142057,1,1
"12901",16,3,"95",0.727625818731761,0.990497857142057,1,1
"12902",17,3,"95",0.727625818731761,0.990497857142057,1,0
"12903",18,3,"95",0.727625818731761,0.990497857142057,1,0
"12904",19,3,"95",0.727625818731761,0.990497857142057,1,1
"12905",20,3,"95",0.727625818731761,0.990497857142057,1,0
"12906",21,3,"95",0.727625818731761,0.990497857142057,1,1
"12907",22,3,"95",0.727625818731761,0.990497857142057,1,1
"12908",23,3,"95",0.727625818731761,0.990497857142057,1,0
"12909",24,3,"95",0.727625818731761,0.990497857142057,1,1
"12910",25,3,"95",0.727625818731761,0.990497857142057,1,1
"12911",26,3,"95",0.727625818731761,0.990497857142057,1,1
"12912",27,3,"95",0.727625818731761,0.990497857142057,1,0
"12913",28,3,"95",0.727625818731761,0.990497857142057,1,1
"12914",29,3,"95",0.727625818731761,0.990497857142057,1,0
"12915",30,3,"95",0.727625818731761,0.990497857142057,1,1
"12916",1,4,"95",0.414300582735369,0.972078838686365,2,0
"12917",3,4,"95",0.414300582735369,0.972078838686365,2,1
"12918",4,4,"95",0.414300582735369,0.972078838686365,2,0
"12919",5,4,"95",0.414300582735369,0.972078838686365,2,0
"12920",7,4,"95",0.414300582735369,0.972078838686365,2,0
"12921",8,4,"95",0.414300582735369,0.972078838686365,2,0
"12922",10,4,"95",0.414300582735369,0.972078838686365,2,0
"12923",11,4,"95",0.414300582735369,0.972078838686365,2,0
"12924",13,4,"95",0.414300582735369,0.972078838686365,2,0
"12925",14,4,"95",0.414300582735369,0.972078838686365,2,0
"12926",15,4,"95",0.414300582735369,0.972078838686365,2,0
"12927",16,4,"95",0.414300582735369,0.972078838686365,2,0
"12928",19,4,"95",0.414300582735369,0.972078838686365,2,0
"12929",21,4,"95",0.414300582735369,0.972078838686365,2,0
"12930",22,4,"95",0.414300582735369,0.972078838686365,2,0
"12931",24,4,"95",0.414300582735369,0.972078838686365,2,0
"12932",25,4,"95",0.414300582735369,0.972078838686365,2,0
"12933",26,4,"95",0.414300582735369,0.972078838686365,2,0
"12934",28,4,"95",0.414300582735369,0.972078838686365,2,0
"12935",30,4,"95",0.414300582735369,0.972078838686365,2,0
"12936",1,5,"95",-1.77796858932151,0.0159394531168639,2,0
"12937",3,5,"95",-1.77796858932151,0.0159394531168639,2,1
"12938",4,5,"95",-1.77796858932151,0.0159394531168639,2,0
"12939",5,5,"95",-1.77796858932151,0.0159394531168639,2,0
"12940",7,5,"95",-1.77796858932151,0.0159394531168639,2,0
"12941",8,5,"95",-1.77796858932151,0.0159394531168639,2,0
"12942",10,5,"95",-1.77796858932151,0.0159394531168639,2,0
"12943",11,5,"95",-1.77796858932151,0.0159394531168639,2,0
"12944",13,5,"95",-1.77796858932151,0.0159394531168639,2,0
"12945",14,5,"95",-1.77796858932151,0.0159394531168639,2,0
"12946",15,5,"95",-1.77796858932151,0.0159394531168639,2,0
"12947",16,5,"95",-1.77796858932151,0.0159394531168639,2,0
"12948",19,5,"95",-1.77796858932151,0.0159394531168639,2,0
"12949",21,5,"95",-1.77796858932151,0.0159394531168639,2,0
"12950",22,5,"95",-1.77796858932151,0.0159394531168639,2,0
"12951",24,5,"95",-1.77796858932151,0.0159394531168639,2,0
"12952",25,5,"95",-1.77796858932151,0.0159394531168639,2,0
"12953",26,5,"95",-1.77796858932151,0.0159394531168639,2,0
"12954",28,5,"95",-1.77796858932151,0.0159394531168639,2,0
"12955",30,5,"95",-1.77796858932151,0.0159394531168639,2,0
"12956",1,6,"95",-0.0822726577481663,0.859608933643914,2,0
"12957",3,6,"95",-0.0822726577481663,0.859608933643914,2,1
"12958",4,6,"95",-0.0822726577481663,0.859608933643914,2,0
"12959",5,6,"95",-0.0822726577481663,0.859608933643914,2,0
"12960",7,6,"95",-0.0822726577481663,0.859608933643914,2,0
"12961",8,6,"95",-0.0822726577481663,0.859608933643914,2,0
"12962",10,6,"95",-0.0822726577481663,0.859608933643914,2,0
"12963",11,6,"95",-0.0822726577481663,0.859608933643914,2,0
"12964",13,6,"95",-0.0822726577481663,0.859608933643914,2,0
"12965",14,6,"95",-0.0822726577481663,0.859608933643914,2,0
"12966",15,6,"95",-0.0822726577481663,0.859608933643914,2,0
"12967",16,6,"95",-0.0822726577481663,0.859608933643914,2,0
"12968",19,6,"95",-0.0822726577481663,0.859608933643914,2,0
"12969",21,6,"95",-0.0822726577481663,0.859608933643914,2,0
"12970",22,6,"95",-0.0822726577481663,0.859608933643914,2,0
"12971",24,6,"95",-0.0822726577481663,0.859608933643914,2,0
"12972",25,6,"95",-0.0822726577481663,0.859608933643914,2,0
"12973",26,6,"95",-0.0822726577481663,0.859608933643914,2,0
"12974",28,6,"95",-0.0822726577481663,0.859608933643914,2,0
"12975",30,6,"95",-0.0822726577481663,0.859608933643914,2,0
"12976",3,7,"95",0.30246418169924,0.9592472146499,3,1
"12977",3,8,"95",0.17689998328227,0.938147225751617,3,1
"12978",3,9,"95",0.608212128365263,0.985638553927874,3,1
"12979",3,10,"95",-0.0636917700977591,0.867275231477499,4,0
"12980",3,11,"95",0.583168717252534,0.984343527048532,4,0
"12981",3,12,"95",-0.536271805392295,0.55553213069452,4,0
"12982",1,1,"96",0.64135858789054,0.987191500350847,1,0
"12983",2,1,"96",0.64135858789054,0.987191500350847,1,0
"12984",3,1,"96",0.64135858789054,0.987191500350847,1,1
"12985",4,1,"96",0.64135858789054,0.987191500350847,1,0
"12986",5,1,"96",0.64135858789054,0.987191500350847,1,0
"12987",6,1,"96",0.64135858789054,0.987191500350847,1,0
"12988",7,1,"96",0.64135858789054,0.987191500350847,1,0
"12989",8,1,"96",0.64135858789054,0.987191500350847,1,0
"12990",9,1,"96",0.64135858789054,0.987191500350847,1,0
"12991",10,1,"96",0.64135858789054,0.987191500350847,1,0
"12992",11,1,"96",0.64135858789054,0.987191500350847,1,0
"12993",12,1,"96",0.64135858789054,0.987191500350847,1,0
"12994",13,1,"96",0.64135858789054,0.987191500350847,1,0
"12995",14,1,"96",0.64135858789054,0.987191500350847,1,0
"12996",15,1,"96",0.64135858789054,0.987191500350847,1,0
"12997",16,1,"96",0.64135858789054,0.987191500350847,1,0
"12998",17,1,"96",0.64135858789054,0.987191500350847,1,0
"12999",18,1,"96",0.64135858789054,0.987191500350847,1,0
"13000",19,1,"96",0.64135858789054,0.987191500350847,1,0
"13001",20,1,"96",0.64135858789054,0.987191500350847,1,0
"13002",21,1,"96",0.64135858789054,0.987191500350847,1,0
"13003",22,1,"96",0.64135858789054,0.987191500350847,1,0
"13004",23,1,"96",0.64135858789054,0.987191500350847,1,0
"13005",24,1,"96",0.64135858789054,0.987191500350847,1,0
"13006",25,1,"96",0.64135858789054,0.987191500350847,1,1
"13007",26,1,"96",0.64135858789054,0.987191500350847,1,0
"13008",27,1,"96",0.64135858789054,0.987191500350847,1,0
"13009",28,1,"96",0.64135858789054,0.987191500350847,1,0
"13010",29,1,"96",0.64135858789054,0.987191500350847,1,0
"13011",30,1,"96",0.64135858789054,0.987191500350847,1,0
"13012",1,2,"96",-1.33544064149807,0.070827816979184,1,0
"13013",2,2,"96",-1.33544064149807,0.070827816979184,1,0
"13014",3,2,"96",-1.33544064149807,0.070827816979184,1,1
"13015",4,2,"96",-1.33544064149807,0.070827816979184,1,0
"13016",5,2,"96",-1.33544064149807,0.070827816979184,1,0
"13017",6,2,"96",-1.33544064149807,0.070827816979184,1,0
"13018",7,2,"96",-1.33544064149807,0.070827816979184,1,0
"13019",8,2,"96",-1.33544064149807,0.070827816979184,1,0
"13020",9,2,"96",-1.33544064149807,0.070827816979184,1,0
"13021",10,2,"96",-1.33544064149807,0.070827816979184,1,0
"13022",11,2,"96",-1.33544064149807,0.070827816979184,1,0
"13023",12,2,"96",-1.33544064149807,0.070827816979184,1,0
"13024",13,2,"96",-1.33544064149807,0.070827816979184,1,0
"13025",14,2,"96",-1.33544064149807,0.070827816979184,1,0
"13026",15,2,"96",-1.33544064149807,0.070827816979184,1,0
"13027",16,2,"96",-1.33544064149807,0.070827816979184,1,0
"13028",17,2,"96",-1.33544064149807,0.070827816979184,1,0
"13029",18,2,"96",-1.33544064149807,0.070827816979184,1,0
"13030",19,2,"96",-1.33544064149807,0.070827816979184,1,0
"13031",20,2,"96",-1.33544064149807,0.070827816979184,1,0
"13032",21,2,"96",-1.33544064149807,0.070827816979184,1,0
"13033",22,2,"96",-1.33544064149807,0.070827816979184,1,0
"13034",23,2,"96",-1.33544064149807,0.070827816979184,1,0
"13035",24,2,"96",-1.33544064149807,0.070827816979184,1,0
"13036",25,2,"96",-1.33544064149807,0.070827816979184,1,1
"13037",26,2,"96",-1.33544064149807,0.070827816979184,1,0
"13038",27,2,"96",-1.33544064149807,0.070827816979184,1,0
"13039",28,2,"96",-1.33544064149807,0.070827816979184,1,0
"13040",29,2,"96",-1.33544064149807,0.070827816979184,1,0
"13041",30,2,"96",-1.33544064149807,0.070827816979184,1,0
"13042",1,3,"96",0.317406849729429,0.961243302511989,1,0
"13043",2,3,"96",0.317406849729429,0.961243302511989,1,0
"13044",3,3,"96",0.317406849729429,0.961243302511989,1,1
"13045",4,3,"96",0.317406849729429,0.961243302511989,1,0
"13046",5,3,"96",0.317406849729429,0.961243302511989,1,0
"13047",6,3,"96",0.317406849729429,0.961243302511989,1,0
"13048",7,3,"96",0.317406849729429,0.961243302511989,1,0
"13049",8,3,"96",0.317406849729429,0.961243302511989,1,0
"13050",9,3,"96",0.317406849729429,0.961243302511989,1,0
"13051",10,3,"96",0.317406849729429,0.961243302511989,1,0
"13052",11,3,"96",0.317406849729429,0.961243302511989,1,0
"13053",12,3,"96",0.317406849729429,0.961243302511989,1,0
"13054",13,3,"96",0.317406849729429,0.961243302511989,1,0
"13055",14,3,"96",0.317406849729429,0.961243302511989,1,0
"13056",15,3,"96",0.317406849729429,0.961243302511989,1,0
"13057",16,3,"96",0.317406849729429,0.961243302511989,1,0
"13058",17,3,"96",0.317406849729429,0.961243302511989,1,0
"13059",18,3,"96",0.317406849729429,0.961243302511989,1,0
"13060",19,3,"96",0.317406849729429,0.961243302511989,1,0
"13061",20,3,"96",0.317406849729429,0.961243302511989,1,0
"13062",21,3,"96",0.317406849729429,0.961243302511989,1,0
"13063",22,3,"96",0.317406849729429,0.961243302511989,1,0
"13064",23,3,"96",0.317406849729429,0.961243302511989,1,0
"13065",24,3,"96",0.317406849729429,0.961243302511989,1,0
"13066",25,3,"96",0.317406849729429,0.961243302511989,1,1
"13067",26,3,"96",0.317406849729429,0.961243302511989,1,0
"13068",27,3,"96",0.317406849729429,0.961243302511989,1,0
"13069",28,3,"96",0.317406849729429,0.961243302511989,1,0
"13070",29,3,"96",0.317406849729429,0.961243302511989,1,0
"13071",30,3,"96",0.317406849729429,0.961243302511989,1,0
"13072",3,4,"96",0.614384120317929,0.985941147846087,2,1
"13073",25,4,"96",0.614384120317929,0.985941147846087,2,0
"13074",3,5,"96",-0.883057383617417,0.270773670330288,2,1
"13075",25,5,"96",-0.883057383617417,0.270773670330288,2,0
"13076",3,6,"96",0.16018522100704,0.934664265835148,2,1
"13077",25,6,"96",0.16018522100704,0.934664265835148,2,0
"13078",3,7,"96",0.540155277358847,0.981845998567174,3,0
"13079",3,8,"96",-0.74802222835997,0.373301818250473,3,0
"13080",3,9,"96",0.0819056915836684,0.915805154034135,3,0
"13081",1,1,"97",1.20708780602027,0.998211891693484,1,1
"13082",2,1,"97",1.20708780602027,0.998211891693484,1,1
"13083",3,1,"97",1.20708780602027,0.998211891693484,1,0
"13084",4,1,"97",1.20708780602027,0.998211891693484,1,1
"13085",5,1,"97",1.20708780602027,0.998211891693484,1,1
"13086",6,1,"97",1.20708780602027,0.998211891693484,1,0
"13087",7,1,"97",1.20708780602027,0.998211891693484,1,0
"13088",8,1,"97",1.20708780602027,0.998211891693484,1,1
"13089",9,1,"97",1.20708780602027,0.998211891693484,1,1
"13090",10,1,"97",1.20708780602027,0.998211891693484,1,1
"13091",11,1,"97",1.20708780602027,0.998211891693484,1,1
"13092",12,1,"97",1.20708780602027,0.998211891693484,1,1
"13093",13,1,"97",1.20708780602027,0.998211891693484,1,1
"13094",14,1,"97",1.20708780602027,0.998211891693484,1,1
"13095",15,1,"97",1.20708780602027,0.998211891693484,1,1
"13096",16,1,"97",1.20708780602027,0.998211891693484,1,1
"13097",17,1,"97",1.20708780602027,0.998211891693484,1,1
"13098",18,1,"97",1.20708780602027,0.998211891693484,1,1
"13099",19,1,"97",1.20708780602027,0.998211891693484,1,1
"13100",20,1,"97",1.20708780602027,0.998211891693484,1,1
"13101",21,1,"97",1.20708780602027,0.998211891693484,1,1
"13102",22,1,"97",1.20708780602027,0.998211891693484,1,1
"13103",23,1,"97",1.20708780602027,0.998211891693484,1,0
"13104",24,1,"97",1.20708780602027,0.998211891693484,1,1
"13105",25,1,"97",1.20708780602027,0.998211891693484,1,1
"13106",26,1,"97",1.20708780602027,0.998211891693484,1,1
"13107",27,1,"97",1.20708780602027,0.998211891693484,1,1
"13108",28,1,"97",1.20708780602027,0.998211891693484,1,1
"13109",29,1,"97",1.20708780602027,0.998211891693484,1,1
"13110",30,1,"97",1.20708780602027,0.998211891693484,1,0
"13111",1,2,"97",0.909607031823519,0.994951609443196,1,1
"13112",2,2,"97",0.909607031823519,0.994951609443196,1,1
"13113",3,2,"97",0.909607031823519,0.994951609443196,1,0
"13114",4,2,"97",0.909607031823519,0.994951609443196,1,1
"13115",5,2,"97",0.909607031823519,0.994951609443196,1,1
"13116",6,2,"97",0.909607031823519,0.994951609443196,1,0
"13117",7,2,"97",0.909607031823519,0.994951609443196,1,0
"13118",8,2,"97",0.909607031823519,0.994951609443196,1,1
"13119",9,2,"97",0.909607031823519,0.994951609443196,1,1
"13120",10,2,"97",0.909607031823519,0.994951609443196,1,1
"13121",11,2,"97",0.909607031823519,0.994951609443196,1,1
"13122",12,2,"97",0.909607031823519,0.994951609443196,1,1
"13123",13,2,"97",0.909607031823519,0.994951609443196,1,1
"13124",14,2,"97",0.909607031823519,0.994951609443196,1,1
"13125",15,2,"97",0.909607031823519,0.994951609443196,1,1
"13126",16,2,"97",0.909607031823519,0.994951609443196,1,1
"13127",17,2,"97",0.909607031823519,0.994951609443196,1,1
"13128",18,2,"97",0.909607031823519,0.994951609443196,1,1
"13129",19,2,"97",0.909607031823519,0.994951609443196,1,1
"13130",20,2,"97",0.909607031823519,0.994951609443196,1,1
"13131",21,2,"97",0.909607031823519,0.994951609443196,1,1
"13132",22,2,"97",0.909607031823519,0.994951609443196,1,1
"13133",23,2,"97",0.909607031823519,0.994951609443196,1,0
"13134",24,2,"97",0.909607031823519,0.994951609443196,1,1
"13135",25,2,"97",0.909607031823519,0.994951609443196,1,1
"13136",26,2,"97",0.909607031823519,0.994951609443196,1,1
"13137",27,2,"97",0.909607031823519,0.994951609443196,1,1
"13138",28,2,"97",0.909607031823519,0.994951609443196,1,1
"13139",29,2,"97",0.909607031823519,0.994951609443196,1,1
"13140",30,2,"97",0.909607031823519,0.994951609443196,1,0
"13141",1,3,"97",-0.317105745568182,0.729113577393912,1,1
"13142",2,3,"97",-0.317105745568182,0.729113577393912,1,1
"13143",3,3,"97",-0.317105745568182,0.729113577393912,1,0
"13144",4,3,"97",-0.317105745568182,0.729113577393912,1,1
"13145",5,3,"97",-0.317105745568182,0.729113577393912,1,1
"13146",6,3,"97",-0.317105745568182,0.729113577393912,1,0
"13147",7,3,"97",-0.317105745568182,0.729113577393912,1,0
"13148",8,3,"97",-0.317105745568182,0.729113577393912,1,1
"13149",9,3,"97",-0.317105745568182,0.729113577393912,1,1
"13150",10,3,"97",-0.317105745568182,0.729113577393912,1,1
"13151",11,3,"97",-0.317105745568182,0.729113577393912,1,1
"13152",12,3,"97",-0.317105745568182,0.729113577393912,1,1
"13153",13,3,"97",-0.317105745568182,0.729113577393912,1,1
"13154",14,3,"97",-0.317105745568182,0.729113577393912,1,1
"13155",15,3,"97",-0.317105745568182,0.729113577393912,1,1
"13156",16,3,"97",-0.317105745568182,0.729113577393912,1,1
"13157",17,3,"97",-0.317105745568182,0.729113577393912,1,1
"13158",18,3,"97",-0.317105745568182,0.729113577393912,1,1
"13159",19,3,"97",-0.317105745568182,0.729113577393912,1,1
"13160",20,3,"97",-0.317105745568182,0.729113577393912,1,1
"13161",21,3,"97",-0.317105745568182,0.729113577393912,1,1
"13162",22,3,"97",-0.317105745568182,0.729113577393912,1,1
"13163",23,3,"97",-0.317105745568182,0.729113577393912,1,0
"13164",24,3,"97",-0.317105745568182,0.729113577393912,1,1
"13165",25,3,"97",-0.317105745568182,0.729113577393912,1,1
"13166",26,3,"97",-0.317105745568182,0.729113577393912,1,1
"13167",27,3,"97",-0.317105745568182,0.729113577393912,1,1
"13168",28,3,"97",-0.317105745568182,0.729113577393912,1,1
"13169",29,3,"97",-0.317105745568182,0.729113577393912,1,1
"13170",30,3,"97",-0.317105745568182,0.729113577393912,1,0
"13171",1,4,"97",0.653574474308114,0.987721010637081,2,0
"13172",2,4,"97",0.653574474308114,0.987721010637081,2,0
"13173",4,4,"97",0.653574474308114,0.987721010637081,2,0
"13174",5,4,"97",0.653574474308114,0.987721010637081,2,0
"13175",8,4,"97",0.653574474308114,0.987721010637081,2,0
"13176",9,4,"97",0.653574474308114,0.987721010637081,2,0
"13177",10,4,"97",0.653574474308114,0.987721010637081,2,0
"13178",11,4,"97",0.653574474308114,0.987721010637081,2,0
"13179",12,4,"97",0.653574474308114,0.987721010637081,2,0
"13180",13,4,"97",0.653574474308114,0.987721010637081,2,0
"13181",14,4,"97",0.653574474308114,0.987721010637081,2,0
"13182",15,4,"97",0.653574474308114,0.987721010637081,2,0
"13183",16,4,"97",0.653574474308114,0.987721010637081,2,0
"13184",17,4,"97",0.653574474308114,0.987721010637081,2,0
"13185",18,4,"97",0.653574474308114,0.987721010637081,2,0
"13186",19,4,"97",0.653574474308114,0.987721010637081,2,0
"13187",20,4,"97",0.653574474308114,0.987721010637081,2,0
"13188",21,4,"97",0.653574474308114,0.987721010637081,2,0
"13189",22,4,"97",0.653574474308114,0.987721010637081,2,0
"13190",24,4,"97",0.653574474308114,0.987721010637081,2,0
"13191",25,4,"97",0.653574474308114,0.987721010637081,2,0
"13192",26,4,"97",0.653574474308114,0.987721010637081,2,0
"13193",27,4,"97",0.653574474308114,0.987721010637081,2,0
"13194",28,4,"97",0.653574474308114,0.987721010637081,2,0
"13195",29,4,"97",0.653574474308114,0.987721010637081,2,0
"13196",1,5,"97",-2.01943724276757,0.00690877387106472,2,0
"13197",2,5,"97",-2.01943724276757,0.00690877387106472,2,0
"13198",4,5,"97",-2.01943724276757,0.00690877387106472,2,0
"13199",5,5,"97",-2.01943724276757,0.00690877387106472,2,0
"13200",8,5,"97",-2.01943724276757,0.00690877387106472,2,0
"13201",9,5,"97",-2.01943724276757,0.00690877387106472,2,0
"13202",10,5,"97",-2.01943724276757,0.00690877387106472,2,0
"13203",11,5,"97",-2.01943724276757,0.00690877387106472,2,0
"13204",12,5,"97",-2.01943724276757,0.00690877387106472,2,0
"13205",13,5,"97",-2.01943724276757,0.00690877387106472,2,0
"13206",14,5,"97",-2.01943724276757,0.00690877387106472,2,0
"13207",15,5,"97",-2.01943724276757,0.00690877387106472,2,0
"13208",16,5,"97",-2.01943724276757,0.00690877387106472,2,0
"13209",17,5,"97",-2.01943724276757,0.00690877387106472,2,0
"13210",18,5,"97",-2.01943724276757,0.00690877387106472,2,0
"13211",19,5,"97",-2.01943724276757,0.00690877387106472,2,0
"13212",20,5,"97",-2.01943724276757,0.00690877387106472,2,0
"13213",21,5,"97",-2.01943724276757,0.00690877387106472,2,0
"13214",22,5,"97",-2.01943724276757,0.00690877387106472,2,0
"13215",24,5,"97",-2.01943724276757,0.00690877387106472,2,0
"13216",25,5,"97",-2.01943724276757,0.00690877387106472,2,0
"13217",26,5,"97",-2.01943724276757,0.00690877387106472,2,0
"13218",27,5,"97",-2.01943724276757,0.00690877387106472,2,0
"13219",28,5,"97",-2.01943724276757,0.00690877387106472,2,0
"13220",29,5,"97",-2.01943724276757,0.00690877387106472,2,0
"13221",1,6,"97",-0.723485220124988,0.393601527239622,2,0
"13222",2,6,"97",-0.723485220124988,0.393601527239622,2,0
"13223",4,6,"97",-0.723485220124988,0.393601527239622,2,0
"13224",5,6,"97",-0.723485220124988,0.393601527239622,2,0
"13225",8,6,"97",-0.723485220124988,0.393601527239622,2,0
"13226",9,6,"97",-0.723485220124988,0.393601527239622,2,0
"13227",10,6,"97",-0.723485220124988,0.393601527239622,2,0
"13228",11,6,"97",-0.723485220124988,0.393601527239622,2,0
"13229",12,6,"97",-0.723485220124988,0.393601527239622,2,0
"13230",13,6,"97",-0.723485220124988,0.393601527239622,2,0
"13231",14,6,"97",-0.723485220124988,0.393601527239622,2,0
"13232",15,6,"97",-0.723485220124988,0.393601527239622,2,0
"13233",16,6,"97",-0.723485220124988,0.393601527239622,2,0
"13234",17,6,"97",-0.723485220124988,0.393601527239622,2,0
"13235",18,6,"97",-0.723485220124988,0.393601527239622,2,0
"13236",19,6,"97",-0.723485220124988,0.393601527239622,2,0
"13237",20,6,"97",-0.723485220124988,0.393601527239622,2,0
"13238",21,6,"97",-0.723485220124988,0.393601527239622,2,0
"13239",22,6,"97",-0.723485220124988,0.393601527239622,2,0
"13240",24,6,"97",-0.723485220124988,0.393601527239622,2,0
"13241",25,6,"97",-0.723485220124988,0.393601527239622,2,0
"13242",26,6,"97",-0.723485220124988,0.393601527239622,2,0
"13243",27,6,"97",-0.723485220124988,0.393601527239622,2,0
"13244",28,6,"97",-0.723485220124988,0.393601527239622,2,0
"13245",29,6,"97",-0.723485220124988,0.393601527239622,2,0
"13246",1,1,"98",-1.15520323399177,0.125295483408419,1,0
"13247",2,1,"98",-1.15520323399177,0.125295483408419,1,1
"13248",3,1,"98",-1.15520323399177,0.125295483408419,1,0
"13249",4,1,"98",-1.15520323399177,0.125295483408419,1,0
"13250",5,1,"98",-1.15520323399177,0.125295483408419,1,0
"13251",6,1,"98",-1.15520323399177,0.125295483408419,1,0
"13252",7,1,"98",-1.15520323399177,0.125295483408419,1,0
"13253",8,1,"98",-1.15520323399177,0.125295483408419,1,0
"13254",9,1,"98",-1.15520323399177,0.125295483408419,1,0
"13255",10,1,"98",-1.15520323399177,0.125295483408419,1,0
"13256",11,1,"98",-1.15520323399177,0.125295483408419,1,0
"13257",12,1,"98",-1.15520323399177,0.125295483408419,1,0
"13258",13,1,"98",-1.15520323399177,0.125295483408419,1,1
"13259",14,1,"98",-1.15520323399177,0.125295483408419,1,0
"13260",15,1,"98",-1.15520323399177,0.125295483408419,1,0
"13261",16,1,"98",-1.15520323399177,0.125295483408419,1,0
"13262",17,1,"98",-1.15520323399177,0.125295483408419,1,0
"13263",18,1,"98",-1.15520323399177,0.125295483408419,1,0
"13264",19,1,"98",-1.15520323399177,0.125295483408419,1,0
"13265",20,1,"98",-1.15520323399177,0.125295483408419,1,0
"13266",21,1,"98",-1.15520323399177,0.125295483408419,1,0
"13267",22,1,"98",-1.15520323399177,0.125295483408419,1,0
"13268",23,1,"98",-1.15520323399177,0.125295483408419,1,0
"13269",24,1,"98",-1.15520323399177,0.125295483408419,1,0
"13270",25,1,"98",-1.15520323399177,0.125295483408419,1,0
"13271",26,1,"98",-1.15520323399177,0.125295483408419,1,0
"13272",27,1,"98",-1.15520323399177,0.125295483408419,1,0
"13273",28,1,"98",-1.15520323399177,0.125295483408419,1,0
"13274",29,1,"98",-1.15520323399177,0.125295483408419,1,0
"13275",30,1,"98",-1.15520323399177,0.125295483408419,1,0
"13276",1,2,"98",0.115375757789498,0.924408843918748,1,0
"13277",2,2,"98",0.115375757789498,0.924408843918748,1,1
"13278",3,2,"98",0.115375757789498,0.924408843918748,1,0
"13279",4,2,"98",0.115375757789498,0.924408843918748,1,0
"13280",5,2,"98",0.115375757789498,0.924408843918748,1,0
"13281",6,2,"98",0.115375757789498,0.924408843918748,1,0
"13282",7,2,"98",0.115375757789498,0.924408843918748,1,0
"13283",8,2,"98",0.115375757789498,0.924408843918748,1,0
"13284",9,2,"98",0.115375757789498,0.924408843918748,1,0
"13285",10,2,"98",0.115375757789498,0.924408843918748,1,0
"13286",11,2,"98",0.115375757789498,0.924408843918748,1,0
"13287",12,2,"98",0.115375757789498,0.924408843918748,1,0
"13288",13,2,"98",0.115375757789498,0.924408843918748,1,1
"13289",14,2,"98",0.115375757789498,0.924408843918748,1,0
"13290",15,2,"98",0.115375757789498,0.924408843918748,1,0
"13291",16,2,"98",0.115375757789498,0.924408843918748,1,0
"13292",17,2,"98",0.115375757789498,0.924408843918748,1,0
"13293",18,2,"98",0.115375757789498,0.924408843918748,1,0
"13294",19,2,"98",0.115375757789498,0.924408843918748,1,0
"13295",20,2,"98",0.115375757789498,0.924408843918748,1,0
"13296",21,2,"98",0.115375757789498,0.924408843918748,1,0
"13297",22,2,"98",0.115375757789498,0.924408843918748,1,0
"13298",23,2,"98",0.115375757789498,0.924408843918748,1,0
"13299",24,2,"98",0.115375757789498,0.924408843918748,1,0
"13300",25,2,"98",0.115375757789498,0.924408843918748,1,0
"13301",26,2,"98",0.115375757789498,0.924408843918748,1,0
"13302",27,2,"98",0.115375757789498,0.924408843918748,1,0
"13303",28,2,"98",0.115375757789498,0.924408843918748,1,0
"13304",29,2,"98",0.115375757789498,0.924408843918748,1,0
"13305",30,2,"98",0.115375757789498,0.924408843918748,1,0
"13306",1,3,"98",0.746524699296992,0.99110063760462,1,0
"13307",2,3,"98",0.746524699296992,0.99110063760462,1,1
"13308",3,3,"98",0.746524699296992,0.99110063760462,1,0
"13309",4,3,"98",0.746524699296992,0.99110063760462,1,0
"13310",5,3,"98",0.746524699296992,0.99110063760462,1,0
"13311",6,3,"98",0.746524699296992,0.99110063760462,1,0
"13312",7,3,"98",0.746524699296992,0.99110063760462,1,0
"13313",8,3,"98",0.746524699296992,0.99110063760462,1,0
"13314",9,3,"98",0.746524699296992,0.99110063760462,1,0
"13315",10,3,"98",0.746524699296992,0.99110063760462,1,0
"13316",11,3,"98",0.746524699296992,0.99110063760462,1,0
"13317",12,3,"98",0.746524699296992,0.99110063760462,1,0
"13318",13,3,"98",0.746524699296992,0.99110063760462,1,1
"13319",14,3,"98",0.746524699296992,0.99110063760462,1,0
"13320",15,3,"98",0.746524699296992,0.99110063760462,1,0
"13321",16,3,"98",0.746524699296992,0.99110063760462,1,0
"13322",17,3,"98",0.746524699296992,0.99110063760462,1,0
"13323",18,3,"98",0.746524699296992,0.99110063760462,1,0
"13324",19,3,"98",0.746524699296992,0.99110063760462,1,0
"13325",20,3,"98",0.746524699296992,0.99110063760462,1,0
"13326",21,3,"98",0.746524699296992,0.99110063760462,1,0
"13327",22,3,"98",0.746524699296992,0.99110063760462,1,0
"13328",23,3,"98",0.746524699296992,0.99110063760462,1,0
"13329",24,3,"98",0.746524699296992,0.99110063760462,1,0
"13330",25,3,"98",0.746524699296992,0.99110063760462,1,0
"13331",26,3,"98",0.746524699296992,0.99110063760462,1,0
"13332",27,3,"98",0.746524699296992,0.99110063760462,1,0
"13333",28,3,"98",0.746524699296992,0.99110063760462,1,0
"13334",29,3,"98",0.746524699296992,0.99110063760462,1,0
"13335",30,3,"98",0.746524699296992,0.99110063760462,1,0
"13336",2,4,"98",0.762177612197604,0.991571077140514,2,0
"13337",13,4,"98",0.762177612197604,0.991571077140514,2,0
"13338",2,5,"98",-0.337213465258303,0.714991748909407,2,0
"13339",13,5,"98",-0.337213465258303,0.714991748909407,2,0
"13340",2,6,"98",-1.11557704098906,0.141301781746244,2,0
"13341",13,6,"98",-1.11557704098906,0.141301781746244,2,0
"13342",1,1,"99",-0.859276829984684,0.287518056691846,1,0
"13343",2,1,"99",-0.859276829984684,0.287518056691846,1,0
"13344",3,1,"99",-0.859276829984684,0.287518056691846,1,0
"13345",4,1,"99",-0.859276829984684,0.287518056691846,1,0
"13346",5,1,"99",-0.859276829984684,0.287518056691846,1,0
"13347",6,1,"99",-0.859276829984684,0.287518056691846,1,0
"13348",7,1,"99",-0.859276829984684,0.287518056691846,1,0
"13349",8,1,"99",-0.859276829984684,0.287518056691846,1,0
"13350",9,1,"99",-0.859276829984684,0.287518056691846,1,0
"13351",10,1,"99",-0.859276829984684,0.287518056691846,1,0
"13352",11,1,"99",-0.859276829984684,0.287518056691846,1,0
"13353",12,1,"99",-0.859276829984684,0.287518056691846,1,0
"13354",13,1,"99",-0.859276829984684,0.287518056691846,1,0
"13355",14,1,"99",-0.859276829984684,0.287518056691846,1,0
"13356",15,1,"99",-0.859276829984684,0.287518056691846,1,0
"13357",16,1,"99",-0.859276829984684,0.287518056691846,1,0
"13358",17,1,"99",-0.859276829984684,0.287518056691846,1,0
"13359",18,1,"99",-0.859276829984684,0.287518056691846,1,0
"13360",19,1,"99",-0.859276829984684,0.287518056691846,1,0
"13361",20,1,"99",-0.859276829984684,0.287518056691846,1,0
"13362",21,1,"99",-0.859276829984684,0.287518056691846,1,0
"13363",22,1,"99",-0.859276829984684,0.287518056691846,1,0
"13364",23,1,"99",-0.859276829984684,0.287518056691846,1,0
"13365",24,1,"99",-0.859276829984684,0.287518056691846,1,0
"13366",25,1,"99",-0.859276829984684,0.287518056691846,1,0
"13367",26,1,"99",-0.859276829984684,0.287518056691846,1,0
"13368",27,1,"99",-0.859276829984684,0.287518056691846,1,0
"13369",28,1,"99",-0.859276829984684,0.287518056691846,1,0
"13370",29,1,"99",-0.859276829984684,0.287518056691846,1,0
"13371",30,1,"99",-0.859276829984684,0.287518056691846,1,0
"13372",1,2,"99",-0.894327158379161,0.263055983326133,1,0
"13373",2,2,"99",-0.894327158379161,0.263055983326133,1,0
"13374",3,2,"99",-0.894327158379161,0.263055983326133,1,0
"13375",4,2,"99",-0.894327158379161,0.263055983326133,1,0
"13376",5,2,"99",-0.894327158379161,0.263055983326133,1,0
"13377",6,2,"99",-0.894327158379161,0.263055983326133,1,0
"13378",7,2,"99",-0.894327158379161,0.263055983326133,1,0
"13379",8,2,"99",-0.894327158379161,0.263055983326133,1,0
"13380",9,2,"99",-0.894327158379161,0.263055983326133,1,0
"13381",10,2,"99",-0.894327158379161,0.263055983326133,1,0
"13382",11,2,"99",-0.894327158379161,0.263055983326133,1,0
"13383",12,2,"99",-0.894327158379161,0.263055983326133,1,0
"13384",13,2,"99",-0.894327158379161,0.263055983326133,1,0
"13385",14,2,"99",-0.894327158379161,0.263055983326133,1,0
"13386",15,2,"99",-0.894327158379161,0.263055983326133,1,0
"13387",16,2,"99",-0.894327158379161,0.263055983326133,1,0
"13388",17,2,"99",-0.894327158379161,0.263055983326133,1,0
"13389",18,2,"99",-0.894327158379161,0.263055983326133,1,0
"13390",19,2,"99",-0.894327158379161,0.263055983326133,1,0
"13391",20,2,"99",-0.894327158379161,0.263055983326133,1,0
"13392",21,2,"99",-0.894327158379161,0.263055983326133,1,0
"13393",22,2,"99",-0.894327158379161,0.263055983326133,1,0
"13394",23,2,"99",-0.894327158379161,0.263055983326133,1,0
"13395",24,2,"99",-0.894327158379161,0.263055983326133,1,0
"13396",25,2,"99",-0.894327158379161,0.263055983326133,1,0
"13397",26,2,"99",-0.894327158379161,0.263055983326133,1,0
"13398",27,2,"99",-0.894327158379161,0.263055983326133,1,0
"13399",28,2,"99",-0.894327158379161,0.263055983326133,1,0
"13400",29,2,"99",-0.894327158379161,0.263055983326133,1,0
"13401",30,2,"99",-0.894327158379161,0.263055983326133,1,0
"13402",1,3,"99",-1.24753991849899,0.0939450673473135,1,0
"13403",2,3,"99",-1.24753991849899,0.0939450673473135,1,0
"13404",3,3,"99",-1.24753991849899,0.0939450673473135,1,0
"13405",4,3,"99",-1.24753991849899,0.0939450673473135,1,0
"13406",5,3,"99",-1.24753991849899,0.0939450673473135,1,0
"13407",6,3,"99",-1.24753991849899,0.0939450673473135,1,0
"13408",7,3,"99",-1.24753991849899,0.0939450673473135,1,0
"13409",8,3,"99",-1.24753991849899,0.0939450673473135,1,0
"13410",9,3,"99",-1.24753991849899,0.0939450673473135,1,0
"13411",10,3,"99",-1.24753991849899,0.0939450673473135,1,0
"13412",11,3,"99",-1.24753991849899,0.0939450673473135,1,0
"13413",12,3,"99",-1.24753991849899,0.0939450673473135,1,0
"13414",13,3,"99",-1.24753991849899,0.0939450673473135,1,0
"13415",14,3,"99",-1.24753991849899,0.0939450673473135,1,0
"13416",15,3,"99",-1.24753991849899,0.0939450673473135,1,0
"13417",16,3,"99",-1.24753991849899,0.0939450673473135,1,0
"13418",17,3,"99",-1.24753991849899,0.0939450673473135,1,0
"13419",18,3,"99",-1.24753991849899,0.0939450673473135,1,0
"13420",19,3,"99",-1.24753991849899,0.0939450673473135,1,0
"13421",20,3,"99",-1.24753991849899,0.0939450673473135,1,0
"13422",21,3,"99",-1.24753991849899,0.0939450673473135,1,0
"13423",22,3,"99",-1.24753991849899,0.0939450673473135,1,0
"13424",23,3,"99",-1.24753991849899,0.0939450673473135,1,0
"13425",24,3,"99",-1.24753991849899,0.0939450673473135,1,0
"13426",25,3,"99",-1.24753991849899,0.0939450673473135,1,0
"13427",26,3,"99",-1.24753991849899,0.0939450673473135,1,0
"13428",27,3,"99",-1.24753991849899,0.0939450673473135,1,0
"13429",28,3,"99",-1.24753991849899,0.0939450673473135,1,0
"13430",29,3,"99",-1.24753991849899,0.0939450673473135,1,0
"13431",30,3,"99",-1.24753991849899,0.0939450673473135,1,0
"13432",1,1,"100",1.23325776170436,0.998368140893558,1,1
"13433",2,1,"100",1.23325776170436,0.998368140893558,1,0
"13434",3,1,"100",1.23325776170436,0.998368140893558,1,0
"13435",4,1,"100",1.23325776170436,0.998368140893558,1,1
"13436",5,1,"100",1.23325776170436,0.998368140893558,1,0
"13437",6,1,"100",1.23325776170436,0.998368140893558,1,1
"13438",7,1,"100",1.23325776170436,0.998368140893558,1,1
"13439",8,1,"100",1.23325776170436,0.998368140893558,1,1
"13440",9,1,"100",1.23325776170436,0.998368140893558,1,0
"13441",10,1,"100",1.23325776170436,0.998368140893558,1,0
"13442",11,1,"100",1.23325776170436,0.998368140893558,1,0
"13443",12,1,"100",1.23325776170436,0.998368140893558,1,0
"13444",13,1,"100",1.23325776170436,0.998368140893558,1,1
"13445",14,1,"100",1.23325776170436,0.998368140893558,1,1
"13446",15,1,"100",1.23325776170436,0.998368140893558,1,0
"13447",16,1,"100",1.23325776170436,0.998368140893558,1,0
"13448",17,1,"100",1.23325776170436,0.998368140893558,1,0
"13449",18,1,"100",1.23325776170436,0.998368140893558,1,0
"13450",19,1,"100",1.23325776170436,0.998368140893558,1,0
"13451",20,1,"100",1.23325776170436,0.998368140893558,1,0
"13452",21,1,"100",1.23325776170436,0.998368140893558,1,0
"13453",22,1,"100",1.23325776170436,0.998368140893558,1,0
"13454",23,1,"100",1.23325776170436,0.998368140893558,1,0
"13455",24,1,"100",1.23325776170436,0.998368140893558,1,0
"13456",25,1,"100",1.23325776170436,0.998368140893558,1,1
"13457",26,1,"100",1.23325776170436,0.998368140893558,1,0
"13458",27,1,"100",1.23325776170436,0.998368140893558,1,0
"13459",28,1,"100",1.23325776170436,0.998368140893558,1,1
"13460",29,1,"100",1.23325776170436,0.998368140893558,1,1
"13461",30,1,"100",1.23325776170436,0.998368140893558,1,0
"13462",1,2,"100",-0.752055516444714,0.370005246208427,1,1
"13463",2,2,"100",-0.752055516444714,0.370005246208427,1,0
"13464",3,2,"100",-0.752055516444714,0.370005246208427,1,0
"13465",4,2,"100",-0.752055516444714,0.370005246208427,1,1
"13466",5,2,"100",-0.752055516444714,0.370005246208427,1,0
"13467",6,2,"100",-0.752055516444714,0.370005246208427,1,1
"13468",7,2,"100",-0.752055516444714,0.370005246208427,1,1
"13469",8,2,"100",-0.752055516444714,0.370005246208427,1,1
"13470",9,2,"100",-0.752055516444714,0.370005246208427,1,0
"13471",10,2,"100",-0.752055516444714,0.370005246208427,1,0
"13472",11,2,"100",-0.752055516444714,0.370005246208427,1,0
"13473",12,2,"100",-0.752055516444714,0.370005246208427,1,0
"13474",13,2,"100",-0.752055516444714,0.370005246208427,1,1
"13475",14,2,"100",-0.752055516444714,0.370005246208427,1,1
"13476",15,2,"100",-0.752055516444714,0.370005246208427,1,0
"13477",16,2,"100",-0.752055516444714,0.370005246208427,1,0
"13478",17,2,"100",-0.752055516444714,0.370005246208427,1,0
"13479",18,2,"100",-0.752055516444714,0.370005246208427,1,0
"13480",19,2,"100",-0.752055516444714,0.370005246208427,1,0
"13481",20,2,"100",-0.752055516444714,0.370005246208427,1,0
"13482",21,2,"100",-0.752055516444714,0.370005246208427,1,0
"13483",22,2,"100",-0.752055516444714,0.370005246208427,1,0
"13484",23,2,"100",-0.752055516444714,0.370005246208427,1,0
"13485",24,2,"100",-0.752055516444714,0.370005246208427,1,0
"13486",25,2,"100",-0.752055516444714,0.370005246208427,1,1
"13487",26,2,"100",-0.752055516444714,0.370005246208427,1,0
"13488",27,2,"100",-0.752055516444714,0.370005246208427,1,0
"13489",28,2,"100",-0.752055516444714,0.370005246208427,1,1
"13490",29,2,"100",-0.752055516444714,0.370005246208427,1,1
"13491",30,2,"100",-0.752055516444714,0.370005246208427,1,0
"13492",1,3,"100",0.580358867313111,0.984191240382849,1,1
"13493",2,3,"100",0.580358867313111,0.984191240382849,1,0
"13494",3,3,"100",0.580358867313111,0.984191240382849,1,0
"13495",4,3,"100",0.580358867313111,0.984191240382849,1,1
"13496",5,3,"100",0.580358867313111,0.984191240382849,1,0
"13497",6,3,"100",0.580358867313111,0.984191240382849,1,1
"13498",7,3,"100",0.580358867313111,0.984191240382849,1,1
"13499",8,3,"100",0.580358867313111,0.984191240382849,1,1
"13500",9,3,"100",0.580358867313111,0.984191240382849,1,0
"13501",10,3,"100",0.580358867313111,0.984191240382849,1,0
"13502",11,3,"100",0.580358867313111,0.984191240382849,1,0
"13503",12,3,"100",0.580358867313111,0.984191240382849,1,0
"13504",13,3,"100",0.580358867313111,0.984191240382849,1,1
"13505",14,3,"100",0.580358867313111,0.984191240382849,1,1
"13506",15,3,"100",0.580358867313111,0.984191240382849,1,0
"13507",16,3,"100",0.580358867313111,0.984191240382849,1,0
"13508",17,3,"100",0.580358867313111,0.984191240382849,1,0
"13509",18,3,"100",0.580358867313111,0.984191240382849,1,0
"13510",19,3,"100",0.580358867313111,0.984191240382849,1,0
"13511",20,3,"100",0.580358867313111,0.984191240382849,1,0
"13512",21,3,"100",0.580358867313111,0.984191240382849,1,0
"13513",22,3,"100",0.580358867313111,0.984191240382849,1,0
"13514",23,3,"100",0.580358867313111,0.984191240382849,1,0
"13515",24,3,"100",0.580358867313111,0.984191240382849,1,0
"13516",25,3,"100",0.580358867313111,0.984191240382849,1,1
"13517",26,3,"100",0.580358867313111,0.984191240382849,1,0
"13518",27,3,"100",0.580358867313111,0.984191240382849,1,0
"13519",28,3,"100",0.580358867313111,0.984191240382849,1,1
"13520",29,3,"100",0.580358867313111,0.984191240382849,1,1
"13521",30,3,"100",0.580358867313111,0.984191240382849,1,0
"13522",1,4,"100",-1.14579179936403,0.128950376322035,2,0
"13523",4,4,"100",-1.14579179936403,0.128950376322035,2,0
"13524",6,4,"100",-1.14579179936403,0.128950376322035,2,0
"13525",7,4,"100",-1.14579179936403,0.128950376322035,2,0
"13526",8,4,"100",-1.14579179936403,0.128950376322035,2,0
"13527",13,4,"100",-1.14579179936403,0.128950376322035,2,0
"13528",14,4,"100",-1.14579179936403,0.128950376322035,2,0
"13529",25,4,"100",-1.14579179936403,0.128950376322035,2,0
"13530",28,4,"100",-1.14579179936403,0.128950376322035,2,0
"13531",29,4,"100",-1.14579179936403,0.128950376322035,2,0
"13532",1,5,"100",-0.85638995981327,0.289592320465151,2,0
"13533",4,5,"100",-0.85638995981327,0.289592320465151,2,0
"13534",6,5,"100",-0.85638995981327,0.289592320465151,2,0
"13535",7,5,"100",-0.85638995981327,0.289592320465151,2,0
"13536",8,5,"100",-0.85638995981327,0.289592320465151,2,0
"13537",13,5,"100",-0.85638995981327,0.289592320465151,2,0
"13538",14,5,"100",-0.85638995981327,0.289592320465151,2,0
"13539",25,5,"100",-0.85638995981327,0.289592320465151,2,0
"13540",28,5,"100",-0.85638995981327,0.289592320465151,2,0
"13541",29,5,"100",-0.85638995981327,0.289592320465151,2,0
"13542",1,6,"100",1.48636810911025,0.999326459310879,2,0
"13543",4,6,"100",1.48636810911025,0.999326459310879,2,0
"13544",6,6,"100",1.48636810911025,0.999326459310879,2,0
"13545",7,6,"100",1.48636810911025,0.999326459310879,2,0
"13546",8,6,"100",1.48636810911025,0.999326459310879,2,0
"13547",13,6,"100",1.48636810911025,0.999326459310879,2,0
"13548",14,6,"100",1.48636810911025,0.999326459310879,2,0
"13549",25,6,"100",1.48636810911025,0.999326459310879,2,0
"13550",28,6,"100",1.48636810911025,0.999326459310879,2,0
"13551",29,6,"100",1.48636810911025,0.999326459310879,2,0
