"","Dataset","ID","fate","t","x"
"1","1",1,0,2,-0.0359172719531299
"2","1",2,0,16,0.000781041489343739
"3","1",3,0,6,-0.0133705295030646
"4","1",4,0,1,-0.0833872179072249
"5","1",5,0,18,0.00562631699973192
"6","1",6,0,8,0.00543635191752404
"7","1",7,0,16,0.000781041489343739
"8","1",8,0,5,0.00518034249924358
"9","1",9,0,4,-0.000686411486121682
"10","1",10,0,6,-0.0133705295030646
"11","1",11,0,9,0.011222263962037
"12","1",12,0,3,-0.059912048940435
"13","1",13,0,10,0.00552406412899168
"14","1",14,0,1,-0.0833872179072249
"15","1",15,0,2,-0.0359172719531299
"16","1",16,0,13,0.0134913469267954
"17","1",17,0,38,-0.00436311828224434
"18","1",18,0,42,-0.000864091337816072
"19","1",19,0,1,-0.0833872179072249
"20","1",20,0,6,-0.0133705295030646
"21","1",21,0,1,-0.0833872179072249
"22","1",22,0,13,0.0134913469267954
"23","1",23,0,3,-0.059912048940435
"24","1",24,0,8,0.00543635191752404
"25","1",25,0,9,0.011222263962037
"26","1",26,0,3,-0.059912048940435
"27","1",27,0,13,0.0134913469267954
"28","1",28,0,12,0.0215136466541813
"29","1",29,0,25,0.00979730349474809
"30","1",30,0,3,-0.059912048940435
"31","2",1,0,1,0.0507164365556405
"32","2",2,0,8,0.00402055025963514
"33","2",3,0,2,-0.00707759793814464
"34","2",4,0,28,-0.00346405201714404
"35","2",5,0,5,0.013410106769122
"36","2",6,0,7,-0.00752545961878608
"37","2",7,0,14,-0.00453026549128712
"38","2",8,0,2,-0.00707759793814464
"39","2",9,0,11,0.00176194276140492
"40","2",10,0,6,0.0132680812678416
"41","2",11,0,4,0.0374610500772328
"42","2",12,0,23,1.20021614331411e-06
"43","2",13,0,5,0.013410106769122
"44","2",14,0,7,-0.00752545961878608
"45","2",15,0,9,0.00933280478700584
"46","2",16,0,2,-0.00707759793814464
"47","2",17,0,1,0.0507164365556405
"48","2",18,0,7,-0.00752545961878608
"49","2",19,0,19,0.00735830708902411
"50","2",20,0,9,0.00933280478700584
"51","2",21,0,5,0.013410106769122
"52","2",22,0,2,-0.00707759793814464
"53","2",23,0,2,-0.00707759793814464
"54","2",24,0,18,0.00137730033654896
"55","2",25,0,34,7.57818060952717e-05
"56","2",26,0,11,0.00176194276140492
"57","2",27,0,25,-0.000516607916345404
"58","2",28,0,1,0.0507164365556405
"59","2",29,0,10,0.00577786074951828
"60","2",30,0,4,0.0374610500772328
"61","3",1,0,2,-0.125801119835099
"62","3",2,0,16,-0.0283837199181199
"63","3",3,0,17,-0.0241160729633889
"64","3",4,0,5,-0.0605919436576078
"65","3",5,0,2,-0.125801119835099
"66","3",6,0,2,-0.125801119835099
"67","3",7,0,8,-0.06787694837384
"68","3",8,0,6,-0.067454030633292
"69","3",9,0,3,-0.0876155608533581
"70","3",10,0,2,-0.125801119835099
"71","3",11,0,15,-0.0282373036459665
"72","3",12,0,6,-0.067454030633292
"73","3",13,0,2,-0.125801119835099
"74","3",14,0,2,-0.125801119835099
"75","3",15,0,2,-0.125801119835099
"76","3",16,0,8,-0.06787694837384
"77","3",17,0,6,-0.067454030633292
"78","3",18,0,13,-0.038319294608712
"79","3",19,0,1,0.0349276958166446
"80","3",20,0,2,-0.125801119835099
"81","3",21,0,9,-0.0556884677161456
"82","3",22,0,8,-0.06787694837384
"83","3",23,0,5,-0.0605919436576078
"84","3",24,0,6,-0.067454030633292
"85","3",25,0,1,0.0349276958166446
"86","3",26,0,36,-0.00550344588961823
"87","3",27,0,11,-0.0498996569490177
"88","3",28,0,6,-0.067454030633292
"89","3",29,0,3,-0.0876155608533581
"90","3",30,0,10,-0.050670622701235
"91","4",1,0,1,-0.0494106526451523
"92","4",2,0,1,-0.0494106526451523
"93","4",3,0,8,0.000305004434007551
"94","4",4,0,2,-0.0465909691007737
"95","4",5,0,9,0.01409560260375
"96","4",6,0,6,-0.00666360913123597
"97","4",7,0,2,-0.0465909691007737
"98","4",8,0,5,0.0218577926909681
"99","4",9,0,18,0.0148583704498822
"100","4",10,0,6,-0.00666360913123597
"101","4",11,0,19,0.0157931563608764
"102","4",12,0,2,-0.0465909691007737
"103","4",13,0,14,0.0266329711325092
"104","4",14,0,4,0.0261771973742919
"105","4",15,0,2,-0.0465909691007737
"106","4",16,0,6,-0.00666360913123597
"107","4",17,0,6,-0.00666360913123597
"108","4",18,0,8,0.000305004434007551
"109","4",19,0,1,-0.0494106526451523
"110","4",20,0,16,0.0165797081658075
"111","4",21,0,7,0.00556067335548827
"112","4",22,0,15,0.015611916796627
"113","4",23,0,3,-0.0410122099085862
"114","4",24,0,12,0.021257800067111
"115","4",25,0,13,0.0149594053158006
"116","4",26,0,25,0.00467086233312017
"117","4",27,0,6,-0.00666360913123597
"118","4",28,0,6,-0.00666360913123597
"119","4",29,0,1,-0.0494106526451523
"120","4",30,0,5,0.0218577926909681
"121","5",1,0,4,0.0799518418791145
"122","5",2,0,5,0.0455701767371793
"123","5",3,0,17,-0.00647924534628762
"124","5",4,0,5,0.0455701767371793
"125","5",5,0,2,0.163917854759238
"126","5",6,0,19,-0.0132560051059964
"127","5",7,0,4,0.0799518418791145
"128","5",8,0,7,0.00525037251137891
"129","5",9,0,3,0.128278097687973
"130","5",10,0,19,-0.0132560051059964
"131","5",11,0,5,0.0455701767371793
"132","5",12,0,21,-0.00839932452088746
"133","5",13,0,4,0.0799518418791145
"134","5",14,0,16,-0.00898655205766716
"135","5",15,0,1,0.165153626287426
"136","5",16,0,6,0.0171515478247812
"137","5",17,0,6,0.0171515478247812
"138","5",18,0,4,0.0799518418791145
"139","5",19,0,2,0.163917854759238
"140","5",20,0,10,-0.0238330122563811
"141","5",21,0,4,0.0799518418791145
"142","5",22,0,26,-0.0172956749132593
"143","5",23,0,14,-0.0121751826918563
"144","5",24,0,5,0.0455701767371793
"145","5",25,0,4,0.0799518418791145
"146","5",26,0,7,0.00525037251137891
"147","5",27,0,6,0.0171515478247812
"148","5",28,0,20,-0.01205549094851
"149","5",29,0,21,-0.00839932452088746
"150","5",30,0,4,0.0799518418791145
"151","6",1,0,27,0.0109335881150562
"152","6",2,0,2,0.0687323530936408
"153","6",3,0,5,0.051119173276353
"154","6",4,0,27,0.0109335881150562
"155","6",5,0,3,-0.00398981706768745
"156","6",6,0,9,0.0218258379781575
"157","6",7,0,7,0.011529354878158
"158","6",8,0,10,0.0193598571496968
"159","6",9,0,25,0.0177638133195602
"160","6",10,0,3,-0.00398981706768745
"161","6",11,0,1,0.197972961563807
"162","6",12,0,11,0.0195688321892573
"163","6",13,0,45,-5.85951040774388e-18
"164","6",14,0,12,0.0210209610610906
"165","6",15,0,2,0.0687323530936408
"166","6",16,0,2,0.0687323530936408
"167","6",17,0,4,0.0404523191418063
"168","6",18,0,16,0.02456815995599
"169","6",19,0,7,0.011529354878158
"170","6",20,0,4,0.0404523191418063
"171","6",21,0,11,0.0195688321892573
"172","6",22,0,1,0.197972961563807
"173","6",23,0,19,0.0151967606548291
"174","6",24,0,2,0.0687323530936408
"175","6",25,0,9,0.0218258379781575
"176","6",26,0,31,-0.00350932916252064
"177","6",27,0,2,0.0687323530936408
"178","6",28,0,25,0.0177638133195602
"179","6",29,0,14,0.0165324547001193
"180","6",30,0,3,-0.00398981706768745
"181","7",1,0,9,-0.0371415902380783
"182","7",2,0,1,0.120708780602027
"183","7",3,0,19,-0.0143080440806995
"184","7",4,0,9,-0.0371415902380783
"185","7",5,0,5,0.00867452647632294
"186","7",6,0,6,-0.00482931493848069
"187","7",7,0,8,-0.0090207257032259
"188","7",8,0,11,-0.0371734485667283
"189","7",9,0,44,-0.00318152850572837
"190","7",10,0,4,0.061329089164593
"191","7",11,0,7,0.00313621418749881
"192","7",12,0,11,-0.0371734485667283
"193","7",13,0,5,0.00867452647632294
"194","7",14,0,22,-0.0158892541700359
"195","7",15,0,2,0.105834741892189
"196","7",16,0,8,-0.0090207257032259
"197","7",17,0,8,-0.0090207257032259
"198","7",18,0,6,-0.00482931493848069
"199","7",19,0,13,-0.0511153726311548
"200","7",20,0,1,0.120708780602027
"201","7",21,0,6,-0.00482931493848069
"202","7",22,0,26,-0.00903018226525273
"203","7",23,0,7,0.00313621418749881
"204","7",24,0,9,-0.0371415902380783
"205","7",25,0,2,0.105834741892189
"206","7",26,0,3,0.0599863030758535
"207","7",27,0,14,-0.0445234452768981
"208","7",28,0,3,0.0599863030758535
"209","7",29,0,4,0.061329089164593
"210","7",30,0,18,-0.0159713233016606
"211","8",1,0,29,-0.0243788663478279
"212","8",2,0,1,0.015928017647576
"213","8",3,0,2,0.0485859569368287
"214","8",4,0,12,-0.0324576205350483
"215","8",5,0,6,-0.00174442531241593
"216","8",6,0,13,-0.0386301141070742
"217","8",7,0,19,-0.0425664410433414
"218","8",8,0,3,-0.0111346338356402
"219","8",9,0,12,-0.0324576205350483
"220","8",10,0,2,0.0485859569368287
"221","8",11,0,30,-0.0244134918961026
"222","8",12,0,5,-0.00260364066098328
"223","8",13,0,5,-0.00260364066098328
"224","8",14,0,2,0.0485859569368287
"225","8",15,0,20,-0.0477527226584627
"226","8",16,0,7,-0.0121741662726183
"227","8",17,0,4,0.0329182070958435
"228","8",18,0,4,0.0329182070958435
"229","8",19,0,16,-0.0380612358324667
"230","8",20,0,16,-0.0380612358324667
"231","8",21,0,18,-0.0414476915413516
"232","8",22,0,8,-0.01947616424402
"233","8",23,0,3,-0.0111346338356402
"234","8",24,0,8,-0.01947616424402
"235","8",25,0,5,-0.00260364066098328
"236","8",26,0,22,-0.0482189488690304
"237","8",27,0,6,-0.00174442531241593
"238","8",28,0,7,-0.0121741662726183
"239","8",29,0,1,0.015928017647576
"240","8",30,0,15,-0.0463003841425919
"241","9",1,0,2,0.00866253068319068
"242","9",2,0,5,-0.00184940590284383
"243","9",3,0,28,0.0118145986166814
"244","9",4,0,5,-0.00184940590284383
"245","9",5,0,4,0.00992490567993354
"246","9",6,0,23,0.0256689571314971
"247","9",7,0,12,0.0279617407915293
"248","9",8,0,7,0.0159559292675982
"249","9",9,0,17,0.035680602291728
"250","9",10,0,8,0.0124598610855928
"251","9",11,0,8,0.0124598610855928
"252","9",12,0,7,0.0159559292675982
"253","9",13,0,4,0.00992490567993354
"254","9",14,0,5,-0.00184940590284383
"255","9",15,0,8,0.0124598610855928
"256","9",16,0,11,0.0330694656162868
"257","9",17,0,1,-0.0297546061247295
"258","9",18,0,11,0.0330694656162868
"259","9",19,0,3,0.0146323948118311
"260","9",20,0,8,0.0124598610855928
"261","9",21,0,5,-0.00184940590284383
"262","9",22,0,11,0.0330694656162868
"263","9",23,0,20,0.0190942178875647
"264","9",24,0,11,0.0330694656162868
"265","9",25,0,4,0.00992490567993354
"266","9",26,0,1,-0.0297546061247295
"267","9",27,0,11,0.0330694656162868
"268","9",28,0,4,0.00992490567993354
"269","9",29,0,1,-0.0297546061247295
"270","9",30,0,31,0.0112623352986886
"271","10",1,0,30,0.00320251238686904
"272","10",2,0,34,0.00188693180980047
"273","10",3,0,11,0.0193255805502793
"274","10",4,0,4,0.0209308231431344
"275","10",5,0,1,-0.0148899811395758
"276","10",6,0,2,-0.0457132906176315
"277","10",7,0,23,0.0253230570131687
"278","10",8,0,1,-0.0148899811395758
"279","10",9,0,6,0.00767313633417299
"280","10",10,0,1,-0.0148899811395758
"281","10",11,0,15,0.0230329556552214
"282","10",12,0,1,-0.0148899811395758
"283","10",13,0,9,0.0168597641393663
"284","10",14,0,4,0.0209308231431344
"285","10",15,0,10,0.0197624602856627
"286","10",16,0,1,-0.0148899811395758
"287","10",17,0,8,0.0128917007599981
"288","10",18,0,34,0.00188693180980047
"289","10",19,0,14,0.00827494549470997
"290","10",20,0,12,0.0202384994339033
"291","10",21,0,2,-0.0457132906176315
"292","10",22,0,6,0.00767313633417299
"293","10",23,0,6,0.00767313633417299
"294","10",24,0,9,0.0168597641393663
"295","10",25,0,1,-0.0148899811395758
"296","10",26,0,3,0.0123352078141569
"297","10",27,0,7,0.0152336558344437
"298","10",28,0,6,0.00767313633417299
"299","10",29,0,4,0.0209308231431344
"300","10",30,0,14,0.00827494549470997
"301","11",1,0,6,0.0581395234082697
"302","11",2,0,7,0.0508856413473231
"303","11",3,0,8,0.0564558132878195
"304","11",4,0,10,0.0492196813801933
"305","11",5,0,3,0.0403149576234139
"306","11",6,0,36,0.00368879535569488
"307","11",7,0,3,0.0403149576234139
"308","11",8,0,20,0.0237683187320505
"309","11",9,0,13,0.041453070162183
"310","11",10,0,7,0.0508856413473231
"311","11",11,0,8,0.0564558132878195
"312","11",12,0,11,0.0532253056803137
"313","11",13,0,12,0.0553876599892236
"314","11",14,0,8,0.0564558132878195
"315","11",15,0,16,0.0325190371909285
"316","11",16,0,20,0.0237683187320505
"317","11",17,0,7,0.0508856413473231
"318","11",18,0,18,0.0284471463713925
"319","11",19,0,5,0.0546036065336799
"320","11",20,0,2,0.057725770119001
"321","11",21,0,2,0.057725770119001
"322","11",22,0,7,0.0508856413473231
"323","11",23,0,2,0.057725770119001
"324","11",24,0,7,0.0508856413473231
"325","11",25,0,11,0.0532253056803137
"326","11",26,0,11,0.0532253056803137
"327","11",27,0,7,0.0508856413473231
"328","11",28,0,4,0.0626955872574315
"329","11",29,0,5,0.0546036065336799
"330","11",30,0,28,0.0123498927249161
"331","12",1,0,4,0.0518739121311233
"332","12",2,0,3,0.0160046049606871
"333","12",3,0,1,0.0120491267287445
"334","12",4,0,10,0.0273474668513094
"335","12",5,0,40,-0.00147820915511589
"336","12",6,0,10,0.0273474668513094
"337","12",7,0,15,0.00900909647199204
"338","12",8,0,6,0.0471167202650331
"339","12",9,0,1,0.0120491267287445
"340","12",10,0,4,0.0518739121311233
"341","12",11,0,2,0.0866026897135711
"342","12",12,0,3,0.0160046049606871
"343","12",13,0,8,0.0243112717628748
"344","12",14,0,11,0.0147842429822
"345","12",15,0,22,0.0229762590806406
"346","12",16,0,22,0.0229762590806406
"347","12",17,0,1,0.0120491267287445
"348","12",18,0,14,0.00974554023854441
"349","12",19,0,13,0.00991299825499391
"350","12",20,0,3,0.0160046049606871
"351","12",21,0,13,0.00991299825499391
"352","12",22,0,11,0.0147842429822
"353","12",23,0,3,0.0160046049606871
"354","12",24,0,14,0.00974554023854441
"355","12",25,0,6,0.0471167202650331
"356","12",26,0,14,0.00974554023854441
"357","12",27,0,25,0.00459307277721763
"358","12",28,0,16,0.0151790371707436
"359","12",29,0,11,0.0147842429822
"360","12",30,0,38,0.00304885004463585
"361","13",1,0,15,0.0225234863021263
"362","13",2,0,1,-0.0541316394919007
"363","13",3,0,5,-0.00222252701547621
"364","13",4,0,26,0.0134124540174453
"365","13",5,0,5,-0.00222252701547621
"366","13",6,0,3,-0.0197739820049825
"367","13",7,0,12,0.0363988716141103
"368","13",8,0,1,-0.0541316394919007
"369","13",9,0,2,-0.0952364418350913
"370","13",10,0,15,0.0225234863021263
"371","13",11,0,16,0.0139728296903153
"372","13",12,0,3,-0.0197739820049825
"373","13",13,0,12,0.0363988716141103
"374","13",14,0,3,-0.0197739820049825
"375","13",15,0,4,-3.40359798014014e-05
"376","13",16,0,3,-0.0197739820049825
"377","13",17,0,13,0.0330402243476567
"378","13",18,0,2,-0.0952364418350913
"379","13",19,0,16,0.0139728296903153
"380","13",20,0,33,0.0106025330023528
"381","13",21,0,5,-0.00222252701547621
"382","13",22,0,15,0.0225234863021263
"383","13",23,0,5,-0.00222252701547621
"384","13",24,0,1,-0.0541316394919007
"385","13",25,0,16,0.0139728296903153
"386","13",26,0,1,-0.0541316394919007
"387","13",27,0,14,0.0210505304137726
"388","13",28,0,9,0.0505393123866523
"389","13",29,0,16,0.0139728296903153
"390","13",30,0,5,-0.00222252701547621
"391","14",1,0,12,0.0122033656165134
"392","14",2,0,19,-0.00684754421950136
"393","14",3,0,2,0.0350020876964875
"394","14",4,0,1,0.0358387209661364
"395","14",5,0,9,0.033002209566386
"396","14",6,0,4,0.0312968757041037
"397","14",7,0,18,-0.00879404974401699
"398","14",8,0,10,0.0200965292775237
"399","14",9,0,5,0.0616597342415034
"400","14",10,0,20,-0.013371931041968
"401","14",11,0,6,0.0515799049246818
"402","14",12,0,1,0.0358387209661364
"403","14",13,0,1,0.0358387209661364
"404","14",14,0,18,-0.00879404974401699
"405","14",15,0,8,0.0417970539763359
"406","14",16,0,5,0.0616597342415034
"407","14",17,0,6,0.0515799049246818
"408","14",18,0,20,-0.013371931041968
"409","14",19,0,1,0.0358387209661364
"410","14",20,0,1,0.0358387209661364
"411","14",21,0,7,0.0553327690515166
"412","14",22,0,9,0.033002209566386
"413","14",23,0,6,0.0515799049246818
"414","14",24,0,3,0.00935543316562544
"415","14",25,0,2,0.0350020876964875
"416","14",26,0,7,0.0553327690515166
"417","14",27,0,3,0.00935543316562544
"418","14",28,0,21,-0.0121737985283033
"419","14",29,0,6,0.0515799049246818
"420","14",30,0,5,0.0616597342415034
"421","15",1,0,15,-0.0185496304609506
"422","15",2,0,16,-0.0199324471599551
"423","15",3,0,10,-0.0328797819747677
"424","15",4,0,5,-0.0457643030121611
"425","15",5,0,30,-0.0156453672944202
"426","15",6,0,9,-0.0172287879823088
"427","15",7,0,10,-0.0328797819747677
"428","15",8,0,9,-0.0172287879823088
"429","15",9,0,17,-0.0178452714741385
"430","15",10,0,14,-0.0279891729228454
"431","15",11,0,4,-0.0112907096888919
"432","15",12,0,14,-0.0279891729228454
"433","15",13,0,4,-0.0112907096888919
"434","15",14,0,5,-0.0457643030121611
"435","15",15,0,15,-0.0185496304609506
"436","15",16,0,5,-0.0457643030121611
"437","15",17,0,27,-0.0163836011458828
"438","15",18,0,10,-0.0328797819747677
"439","15",19,0,4,-0.0112907096888919
"440","15",20,0,17,-0.0178452714741385
"441","15",21,0,3,0.0237717649140015
"442","15",22,0,14,-0.0279891729228454
"443","15",23,0,9,-0.0172287879823088
"444","15",24,0,4,-0.0112907096888919
"445","15",25,0,5,-0.0457643030121611
"446","15",26,0,4,-0.0112907096888919
"447","15",27,0,5,-0.0457643030121611
"448","15",28,0,18,-0.0184883902538333
"449","15",29,0,2,0.0351863939602816
"450","15",30,0,3,0.0237717649140015
"451","16",1,0,10,0.0380548775752662
"452","16",2,0,6,0.0596713294803007
"453","16",3,0,12,0.0228935405168195
"454","16",4,0,31,0.0150489624410077
"455","16",5,0,17,0.0222671722365382
"456","16",6,0,19,0.0165724417680634
"457","16",7,0,4,0.0839934365438685
"458","16",8,0,1,0.108951566670164
"459","16",9,0,18,0.0164512757644513
"460","16",10,0,3,0.138483149305146
"461","16",11,0,4,0.0839934365438685
"462","16",12,0,2,0.150915738150804
"463","16",13,0,11,0.0234709155717562
"464","16",14,0,11,0.0234709155717562
"465","16",15,0,11,0.0234709155717562
"466","16",16,0,36,0.0193654427979273
"467","16",17,0,4,0.0839934365438685
"468","16",18,0,13,0.0127406217262334
"469","16",19,0,14,0.0176523477443273
"470","16",20,0,29,0.0152904403252788
"471","16",21,0,3,0.138483149305146
"472","16",22,0,18,0.0164512757644513
"473","16",23,0,5,0.073219793059144
"474","16",24,0,3,0.138483149305146
"475","16",25,0,32,0.0164636511918834
"476","16",26,0,31,0.0150489624410077
"477","16",27,0,4,0.0839934365438685
"478","16",28,0,13,0.0127406217262334
"479","16",29,0,16,0.0225517863027447
"480","16",30,0,8,0.056978202450065
"481","17",1,0,3,0.0851686675453198
"482","17",2,0,4,0.0352331875425625
"483","17",3,0,7,-0.015079702245701
"484","17",4,0,25,-0.0160201144372059
"485","17",5,0,2,0.0489334199624941
"486","17",6,0,6,0.00021413785122669
"487","17",7,0,1,-0.00045529823865003
"488","17",8,0,13,-0.0271016259791478
"489","17",9,0,13,-0.0271016259791478
"490","17",10,0,4,0.0352331875425625
"491","17",11,0,8,-0.0196476207614776
"492","17",12,0,7,-0.015079702245701
"493","17",13,0,7,-0.015079702245701
"494","17",14,0,6,0.00021413785122669
"495","17",15,0,6,0.00021413785122669
"496","17",16,0,13,-0.0271016259791478
"497","17",17,0,8,-0.0196476207614776
"498","17",18,0,6,0.00021413785122669
"499","17",19,0,14,-0.0210014559483556
"500","17",20,0,2,0.0489334199624941
"501","17",21,0,4,0.0352331875425625
"502","17",22,0,5,0.0146053784173985
"503","17",23,0,1,-0.00045529823865003
"504","17",24,0,20,-0.032274291093633
"505","17",25,0,38,0.00234202930727974
"506","17",26,0,5,0.0146053784173985
"507","17",27,0,11,-0.0351429139860571
"508","17",28,0,1,-0.00045529823865003
"509","17",29,0,1,-0.00045529823865003
"510","17",30,0,6,0.00021413785122669
"511","18",17,1,45,4.00913870003529e-18
"512","18",1,0,2,-0.0996894371129139
"513","18",2,0,3,-0.0923028076177669
"514","18",3,0,7,-0.0458285943665708
"515","18",4,0,10,-0.0499699633222636
"516","18",5,0,4,-0.0833823037360029
"517","18",6,0,17,-0.0278561549158434
"518","18",7,0,2,-0.0996894371129139
"519","18",8,0,19,-0.0241232622401186
"520","18",9,0,6,-0.043277887462631
"521","18",10,0,6,-0.043277887462631
"522","18",11,0,3,-0.0923028076177669
"523","18",12,0,11,-0.0339306783172672
"524","18",13,0,3,-0.0923028076177669
"525","18",14,0,6,-0.043277887462631
"526","18",15,0,4,-0.0833823037360029
"527","18",16,0,3,-0.0923028076177669
"528","18",18,0,5,-0.0455027547538861
"529","18",19,0,16,-0.026980522412826
"530","18",20,0,5,-0.0455027547538861
"531","18",21,0,8,-0.0615494521275045
"532","18",22,0,8,-0.0615494521275045
"533","18",23,0,7,-0.0458285943665708
"534","18",24,0,4,-0.0833823037360029
"535","18",25,0,4,-0.0833823037360029
"536","18",26,0,20,-0.028186129474647
"537","18",27,0,1,-0.11450202450464
"538","18",28,0,1,-0.11450202450464
"539","18",29,0,26,-0.02378304618159
"540","18",30,0,3,-0.0923028076177669
"541","19",1,0,21,-0.00298718576556502
"542","19",2,0,11,0.00361702633471471
"543","19",3,0,3,0.067629973729013
"544","19",4,0,5,-0.00892734052854058
"545","19",5,0,9,-0.0167415188638846
"546","19",6,0,6,0.0189261381423283
"547","19",7,0,5,-0.00892734052854058
"548","19",8,0,9,-0.0167415188638846
"549","19",9,0,1,0.172666232609524
"550","19",10,0,11,0.00361702633471471
"551","19",11,0,9,-0.0167415188638846
"552","19",12,0,1,0.172666232609524
"553","19",13,0,6,0.0189261381423283
"554","19",14,0,4,0.035144679789305
"555","19",15,0,4,0.035144679789305
"556","19",16,0,31,0.0204288243700816
"557","19",17,0,16,0.0107386807427981
"558","19",18,0,2,0.142448593573384
"559","19",19,0,2,0.142448593573384
"560","19",20,0,3,0.067629973729013
"561","19",21,0,6,0.0189261381423283
"562","19",22,0,14,0.0176112166121126
"563","19",23,0,7,-0.00144357931752465
"564","19",24,0,5,-0.00892734052854058
"565","19",25,0,5,-0.00892734052854058
"566","19",26,0,7,-0.00144357931752465
"567","19",27,0,9,-0.0167415188638846
"568","19",28,0,24,0.00807359594179921
"569","19",29,0,9,-0.0167415188638846
"570","19",30,0,1,0.172666232609524
"571","20",1,0,24,0.0195752157000497
"572","20",2,0,1,-0.106108388007467
"573","20",3,0,5,0.00136250928698901
"574","20",4,0,6,-0.00219085177382133
"575","20",5,0,3,-0.024915497263055
"576","20",6,0,40,0.00300651713072156
"577","20",7,0,9,0.0157887399164247
"578","20",8,0,14,0.0357996866443063
"579","20",9,0,12,0.0296405081311094
"580","20",10,0,7,0.0196290314777314
"581","20",11,0,15,0.0291806091958203
"582","20",12,0,6,-0.00219085177382133
"583","20",13,0,19,0.0113350347934115
"584","20",14,0,12,0.0296405081311094
"585","20",15,0,13,0.0332051860499846
"586","20",16,0,8,0.0154679187186205
"587","20",17,0,8,0.0154679187186205
"588","20",18,0,9,0.0157887399164247
"589","20",19,0,15,0.0291806091958203
"590","20",20,0,25,0.0218634344394678
"591","20",21,0,17,0.026494107887823
"592","20",22,0,22,0.0153382584483313
"593","20",23,0,4,0.0108379313490117
"594","20",24,0,1,-0.106108388007467
"595","20",25,0,7,0.0196290314777314
"596","20",26,0,5,0.00136250928698901
"597","20",27,0,1,-0.106108388007467
"598","20",28,0,3,-0.024915497263055
"599","20",29,0,8,0.0154679187186205
"600","20",30,0,1,-0.106108388007467
"601","21",21,1,45,-9.25185853854297e-18
"602","21",1,0,4,0.0400345723905497
"603","21",2,0,6,0.000311681480468249
"604","21",3,0,6,0.000311681480468249
"605","21",4,0,7,-0.00438469865007791
"606","21",5,0,33,0.00711448525378532
"607","21",6,0,8,-0.00070345956125405
"608","21",7,0,5,0.00708342622244647
"609","21",8,0,4,0.0400345723905497
"610","21",9,0,4,0.0400345723905497
"611","21",10,0,10,0.0013398126057736
"612","21",11,0,2,-0.0409831270238631
"613","21",12,0,9,-0.00166912467341565
"614","21",13,0,2,-0.0409831270238631
"615","21",14,0,5,0.00708342622244647
"616","21",15,0,18,0.00578795541535192
"617","21",16,0,13,0.00825226552493088
"618","21",17,0,10,0.0013398126057736
"619","21",18,0,2,-0.0409831270238631
"620","21",19,0,3,-0.021864436187957
"621","21",20,0,12,0.00704203398160025
"622","21",22,0,5,0.00708342622244647
"623","21",23,0,5,0.00708342622244647
"624","21",24,0,2,-0.0409831270238631
"625","21",25,0,9,-0.00166912467341565
"626","21",26,0,31,0.0112714840665243
"627","21",27,0,3,-0.021864436187957
"628","21",28,0,1,-0.0904744450814032
"629","21",29,0,6,0.000311681480468249
"630","21",30,0,6,0.000311681480468249
"631","22",1,0,4,-0.0159344198641371
"632","22",2,0,28,0.00114667667994959
"633","22",3,0,2,-0.0371062656386844
"634","22",4,0,1,-0.128904781804056
"635","22",5,0,9,0.00627780533545802
"636","22",6,0,1,-0.128904781804056
"637","22",7,0,5,-0.00977855305912407
"638","22",8,0,24,-0.00509664461431968
"639","22",9,0,16,0.019095330361236
"640","22",10,0,1,-0.128904781804056
"641","22",11,0,5,-0.00977855305912407
"642","22",12,0,4,-0.0159344198641371
"643","22",13,0,6,0.02464952848023
"644","22",14,0,11,0.00560186395928252
"645","22",15,0,5,-0.00977855305912407
"646","22",16,0,20,0.00669570849099741
"647","22",17,0,1,-0.128904781804056
"648","22",18,0,13,0.00310146613273919
"649","22",19,0,7,0.0141642809264449
"650","22",20,0,22,-0.00494080093776124
"651","22",21,0,3,-0.0148780173965038
"652","22",22,0,2,-0.0371062656386844
"653","22",23,0,5,-0.00977855305912407
"654","22",24,0,4,-0.0159344198641371
"655","22",25,0,18,0.00867445030208795
"656","22",26,0,12,0.00516100143338332
"657","22",27,0,5,-0.00977855305912407
"658","22",28,0,3,-0.0148780173965038
"659","22",29,0,1,-0.128904781804056
"660","22",30,0,3,-0.0148780173965038
"661","23",28,1,45,-8.17247504237962e-18
"662","23",1,0,12,0.0444787057953719
"663","23",2,0,8,0.0190877291093558
"664","23",3,0,6,0.0377902190906839
"665","23",4,0,5,0.0185663994066789
"666","23",5,0,5,0.0185663994066789
"667","23",6,0,6,0.0377902190906839
"668","23",7,0,27,0.0114096826249459
"669","23",8,0,15,0.0492664532739123
"670","23",9,0,8,0.0190877291093558
"671","23",10,0,14,0.0494618177360742
"672","23",11,0,14,0.0494618177360742
"673","23",12,0,3,0.0805289585528726
"674","23",13,0,3,0.0805289585528726
"675","23",14,0,5,0.0185663994066789
"676","23",15,0,1,0.119337139591914
"677","23",16,0,1,0.119337139591914
"678","23",17,0,8,0.0190877291093558
"679","23",18,0,1,0.119337139591914
"680","23",19,0,12,0.0444787057953719
"681","23",20,0,8,0.0190877291093558
"682","23",21,0,18,0.044326882858575
"683","23",22,0,9,0.0321003913494247
"684","23",23,0,18,0.044326882858575
"685","23",24,0,3,0.0805289585528726
"686","23",25,0,2,0.1193016558149
"687","23",26,0,11,0.041992070610203
"688","23",27,0,1,0.119337139591914
"689","23",29,0,10,0.0520854201119881
"690","23",30,0,15,0.0492664532739123
"691","24",1,0,3,0.00691213864250566
"692","24",2,0,6,-0.0288172280668114
"693","24",3,0,2,0.0711842526331386
"694","24",4,0,1,0.0793064695727557
"695","24",5,0,10,-0.0100576783737412
"696","24",6,0,8,-0.00558439558470933
"697","24",7,0,9,-0.00359554399081423
"698","24",8,0,3,0.00691213864250566
"699","24",9,0,4,0.0121799669401801
"700","24",10,0,9,-0.00359554399081423
"701","24",11,0,23,0.000253282795271985
"702","24",12,0,2,0.0711842526331386
"703","24",13,0,3,0.00691213864250566
"704","24",14,0,15,0.00399603522373758
"705","24",15,0,7,-0.0119710939510745
"706","24",16,0,10,-0.0100576783737412
"707","24",17,0,6,-0.0288172280668114
"708","24",18,0,9,-0.00359554399081423
"709","24",19,0,6,-0.0288172280668114
"710","24",20,0,2,0.0711842526331386
"711","24",21,0,6,-0.0288172280668114
"712","24",22,0,20,0.0096194003231552
"713","24",23,0,1,0.0793064695727557
"714","24",24,0,10,-0.0100576783737412
"715","24",25,0,2,0.0711842526331386
"716","24",26,0,5,-0.00827357626834373
"717","24",27,0,5,-0.00827357626834373
"718","24",28,0,3,0.00691213864250566
"719","24",29,0,18,0.0173412903373938
"720","24",30,0,1,0.0793064695727557
"721","25",1,0,14,-0.019519355203526
"722","25",2,0,6,-0.00783895066013165
"723","25",3,0,14,-0.019519355203526
"724","25",4,0,12,-0.0213609553184898
"725","25",5,0,21,-0.00528938124482746
"726","25",6,0,1,0.045290954983254
"727","25",7,0,1,0.045290954983254
"728","25",8,0,6,-0.00783895066013165
"729","25",9,0,1,0.045290954983254
"730","25",10,0,12,-0.0213609553184898
"731","25",11,0,9,0.00556066037793561
"732","25",12,0,2,-0.0489055949883192
"733","25",13,0,11,0.00397901426490885
"734","25",14,0,16,-0.0151862753943821
"735","25",15,0,1,0.045290954983254
"736","25",16,0,19,-0.0162338805006938
"737","25",17,0,9,0.00556066037793561
"738","25",18,0,1,0.045290954983254
"739","25",19,0,10,0.00872397046536892
"740","25",20,0,3,-0.035566013097973
"741","25",21,0,23,-0.00176219724998347
"742","25",22,0,2,-0.0489055949883192
"743","25",23,0,10,0.00872397046536892
"744","25",24,0,6,-0.00783895066013165
"745","25",25,0,10,0.00872397046536892
"746","25",26,0,8,0.010764304666056
"747","25",27,0,7,-0.013785835102403
"748","25",28,0,11,0.00397901426490885
"749","25",29,0,11,0.00397901426490885
"750","25",30,0,18,-0.00842299331539451
"751","26",1,0,1,0.0937104646516439
"752","26",2,0,32,0.00535149013167609
"753","26",3,0,5,0.000862717865640007
"754","26",4,0,7,0.00145203842738686
"755","26",5,0,14,-0.0216111628457682
"756","26",6,0,7,0.00145203842738686
"757","26",7,0,7,0.00145203842738686
"758","26",8,0,16,-0.0135206697108684
"759","26",9,0,12,-0.0114894688740601
"760","26",10,0,4,-0.00553964902365763
"761","26",11,0,3,0.0309003113636464
"762","26",12,0,2,0.0679006274743134
"763","26",13,0,6,0.0344899300196562
"764","26",14,0,7,0.00145203842738686
"765","26",15,0,7,0.00145203842738686
"766","26",16,0,6,0.0344899300196562
"767","26",17,0,5,0.000862717865640007
"768","26",18,0,3,0.0309003113636464
"769","26",19,0,5,0.000862717865640007
"770","26",20,0,5,0.000862717865640007
"771","26",21,0,7,0.00145203842738686
"772","26",22,0,29,0.00931244210583887
"773","26",23,0,7,0.00145203842738686
"774","26",24,0,4,-0.00553964902365763
"775","26",25,0,19,-0.00767893796440054
"776","26",26,0,8,0.0181130512744597
"777","26",27,0,7,0.00145203842738686
"778","26",28,0,1,0.0937104646516439
"779","26",29,0,14,-0.0216111628457682
"780","26",30,0,14,-0.0216111628457682
"781","27",1,0,13,0.0253172478153024
"782","27",2,0,23,0.00330904779092183
"783","27",3,0,12,0.0334242464842343
"784","27",4,0,7,0.0893369565362558
"785","27",5,0,8,0.065418845773038
"786","27",6,0,11,0.0425206652894976
"787","27",7,0,1,0.0301400418102634
"788","27",8,0,11,0.0425206652894976
"789","27",9,0,13,0.0253172478153024
"790","27",10,0,14,0.0208916150910188
"791","27",11,0,1,0.0301400418102634
"792","27",12,0,6,0.0971296538825
"793","27",13,0,13,0.0253172478153024
"794","27",14,0,41,-0.000377803321575961
"795","27",15,0,4,0.0559235252437563
"796","27",16,0,25,0.00179504829051226
"797","27",17,0,6,0.0971296538825
"798","27",18,0,10,0.0570390899207096
"799","27",19,0,8,0.065418845773038
"800","27",20,0,10,0.0570390899207096
"801","27",21,0,23,0.00330904779092183
"802","27",22,0,19,0.006685439738507
"803","27",23,0,8,0.065418845773038
"804","27",24,0,26,0.000849874832031692
"805","27",25,0,4,0.0559235252437563
"806","27",26,0,15,0.0179065270432124
"807","27",27,0,14,0.0208916150910188
"808","27",28,0,22,0.00270273239197862
"809","27",29,0,22,0.00270273239197862
"810","27",30,0,3,0.0265906629794212
"811","28",1,0,1,-0.18808874444824
"812","28",2,0,8,-0.0206817466360381
"813","28",3,0,2,-0.0598938059169896
"814","28",4,0,8,-0.0206817466360381
"815","28",5,0,1,-0.18808874444824
"816","28",6,0,1,-0.18808874444824
"817","28",7,0,13,-0.00274914909883088
"818","28",8,0,2,-0.0598938059169896
"819","28",9,0,1,-0.18808874444824
"820","28",10,0,1,-0.18808874444824
"821","28",11,0,1,-0.18808874444824
"822","28",12,0,10,-0.00504830516740308
"823","28",13,0,8,-0.0206817466360381
"824","28",14,0,1,-0.18808874444824
"825","28",15,0,2,-0.0598938059169896
"826","28",16,0,8,-0.0206817466360381
"827","28",17,0,6,0.00253163872649881
"828","28",18,0,14,-0.016935986045477
"829","28",19,0,9,-0.00421212495689687
"830","28",20,0,15,-0.0197978873172522
"831","28",21,0,4,0.0155009053549717
"832","28",22,0,24,-0.0224177662117377
"833","28",23,0,17,-0.0134697239383535
"834","28",24,0,1,-0.18808874444824
"835","28",25,0,8,-0.0206817466360381
"836","28",26,0,4,0.0155009053549717
"837","28",27,0,15,-0.0197978873172522
"838","28",28,0,4,0.0155009053549717
"839","28",29,0,5,-0.000567431027471968
"840","28",30,0,2,-0.0598938059169896
"841","29",1,0,7,0.0389221168222413
"842","29",2,0,4,0.0390182868890917
"843","29",3,0,11,0.0275273062187496
"844","29",4,0,4,0.0390182868890917
"845","29",5,0,14,0.0516875660723563
"846","29",6,0,10,0.0246877385470727
"847","29",7,0,25,0.0355969058985148
"848","29",8,0,6,0.0359807931695042
"849","29",9,0,2,0.0514850230315612
"850","29",10,0,11,0.0275273062187496
"851","29",11,0,1,0.0899997698771052
"852","29",12,0,33,0.0178264230569419
"853","29",13,0,17,0.0557270275920756
"854","29",14,0,6,0.0359807931695042
"855","29",15,0,5,0.0408567166265556
"856","29",16,0,10,0.0246877385470727
"857","29",17,0,12,0.050659320769769
"858","29",18,0,5,0.0408567166265556
"859","29",19,0,4,0.0390182868890917
"860","29",20,0,5,0.0408567166265556
"861","29",21,0,6,0.0359807931695042
"862","29",22,0,10,0.0246877385470727
"863","29",23,0,8,0.0394010109889552
"864","29",24,0,3,0.0510298214076852
"865","29",25,0,10,0.0246877385470727
"866","29",26,0,4,0.0390182868890917
"867","29",27,0,4,0.0390182868890917
"868","29",28,0,4,0.0390182868890917
"869","29",29,0,14,0.0516875660723563
"870","29",30,0,2,0.0514850230315612
"871","30",1,0,10,0.0117780264100973
"872","30",2,0,14,-0.00854048415039567
"873","30",3,0,4,0.0410897851310003
"874","30",4,0,6,0.00471413444486582
"875","30",5,0,4,0.0410897851310003
"876","30",6,0,6,0.00471413444486582
"877","30",7,0,6,0.00471413444486582
"878","30",8,0,3,0.117854066383103
"879","30",9,0,5,0.0282399782006262
"880","30",10,0,18,-0.00764955789797937
"881","30",11,0,2,0.0768068022252879
"882","30",12,0,1,0.0642943245987916
"883","30",13,0,5,0.0282399782006262
"884","30",14,0,16,-0.00187556518434865
"885","30",15,0,3,0.117854066383103
"886","30",16,0,5,0.0282399782006262
"887","30",17,0,17,0.00384453015179603
"888","30",18,0,1,0.0642943245987916
"889","30",19,0,1,0.0642943245987916
"890","30",20,0,24,-0.00285194721427803
"891","30",21,0,10,0.0117780264100973
"892","30",22,0,10,0.0117780264100973
"893","30",23,0,4,0.0410897851310003
"894","30",24,0,37,0.000521999363691667
"895","30",25,0,7,0.013628317060632
"896","30",26,0,19,-0.00929245767602911
"897","30",27,0,3,0.117854066383103
"898","30",28,0,26,-0.00233992823692043
"899","30",29,0,6,0.00471413444486582
"900","30",30,0,4,0.0410897851310003
"901","31",1,0,11,0.0147891096530665
"902","31",2,0,2,0.0655182553248985
"903","31",3,0,40,0.00227383227833016
"904","31",4,0,15,-0.0154871661369312
"905","31",5,0,4,0.0750756989381175
"906","31",6,0,8,-0.0029408070055591
"907","31",7,0,22,0.00509148212300493
"908","31",8,0,11,0.0147891096530665
"909","31",9,0,12,-0.00127891337934158
"910","31",10,0,7,0.000684456492069449
"911","31",11,0,7,0.000684456492069449
"912","31",12,0,11,0.0147891096530665
"913","31",13,0,1,0.126758340734326
"914","31",14,0,12,-0.00127891337934158
"915","31",15,0,8,-0.0029408070055591
"916","31",16,0,2,0.0655182553248985
"917","31",17,0,31,0.00291843367994471
"918","31",18,0,5,-0.00356224695049264
"919","31",19,0,3,0.0849528566358958
"920","31",20,0,23,0.00964764131758011
"921","31",21,0,1,0.126758340734326
"922","31",22,0,5,-0.00356224695049264
"923","31",23,0,18,-0.0108122679474236
"924","31",24,0,3,0.0849528566358958
"925","31",25,0,28,0.00226334308989731
"926","31",26,0,4,0.0750756989381175
"927","31",27,0,6,0.0115219267872258
"928","31",28,0,1,0.126758340734326
"929","31",29,0,5,-0.00356224695049264
"930","31",30,0,17,-0.0126890185706137
"931","32",1,0,6,0.0411359798872896
"932","32",2,0,3,0.0562634079000958
"933","32",3,0,9,0.0610812894172509
"934","32",4,0,3,0.0562634079000958
"935","32",5,0,21,0.0211575747592493
"936","32",6,0,27,0.0126692731100613
"937","32",7,0,29,0.0193848658834629
"938","32",8,0,5,0.0411932126403383
"939","32",9,0,2,0.0311541006332075
"940","32",10,0,3,0.0562634079000958
"941","32",11,0,8,0.0429572415396409
"942","32",12,0,6,0.0411359798872896
"943","32",13,0,1,0.0810415082726462
"944","32",14,0,14,0.0205038482025362
"945","32",15,0,5,0.0411932126403383
"946","32",16,0,5,0.0411932126403383
"947","32",17,0,21,0.0211575747592493
"948","32",18,0,2,0.0311541006332075
"949","32",19,0,14,0.0205038482025362
"950","32",20,0,16,0.0210470164558277
"951","32",21,0,1,0.0810415082726462
"952","32",22,0,10,0.0500502202290101
"953","32",23,0,10,0.0500502202290101
"954","32",24,0,7,0.0244573979586767
"955","32",25,0,5,0.0411932126403383
"956","32",26,0,10,0.0500502202290101
"957","32",27,0,18,0.0168123221869121
"958","32",28,0,26,0.0191067592386445
"959","32",29,0,2,0.0311541006332075
"960","32",30,0,2,0.0311541006332075
"961","33",1,0,45,0
"962","33",2,0,3,-0.032630796118793
"963","33",3,0,15,-0.0163787817774384
"964","33",4,0,16,-0.0196821534721191
"965","33",5,0,2,-0.0721610729001566
"966","33",6,0,10,-0.00078156966090189
"967","33",7,0,6,0.0205631295962449
"968","33",8,0,6,0.0205631295962449
"969","33",9,0,1,-0.178314642620547
"970","33",10,0,5,0.0160966046185732
"971","33",11,0,15,-0.0163787817774384
"972","33",12,0,17,-0.014738104433422
"973","33",13,0,7,0.0244644421086671
"974","33",14,0,5,0.0160966046185732
"975","33",15,0,1,-0.178314642620547
"976","33",16,0,1,-0.178314642620547
"977","33",17,0,12,-0.00751616431992862
"978","33",18,0,16,-0.0196821534721191
"979","33",19,0,2,-0.0721610729001566
"980","33",20,0,1,-0.178314642620547
"981","33",21,0,9,0.0130547399766462
"982","33",22,0,8,0.0169426879514055
"983","33",23,0,3,-0.032630796118793
"984","33",24,0,1,-0.178314642620547
"985","33",25,0,15,-0.0163787817774384
"986","33",26,0,4,0.0121547295199716
"987","33",27,0,6,0.0205631295962449
"988","33",28,0,3,-0.032630796118793
"989","33",29,0,9,0.0130547399766462
"990","33",30,0,3,-0.032630796118793
"991","34",1,0,10,0.00474276200308182
"992","34",2,0,3,0.0450596190909249
"993","34",3,0,23,0.00123299010375505
"994","34",4,0,1,-0.100261991571972
"995","34",5,0,1,-0.100261991571972
"996","34",6,0,15,0.0188866461341967
"997","34",7,0,10,0.00474276200308182
"998","34",8,0,6,0.0389376648597478
"999","34",9,0,4,0.0305131900501851
"1000","34",10,0,8,0.0395861398729616
"1001","34",11,0,5,0.055084740916334
"1002","34",12,0,1,-0.100261991571972
"1003","34",13,0,2,-0.0457213048202345
"1004","34",14,0,5,0.055084740916334
"1005","34",15,0,7,0.0361354673975045
"1006","34",16,0,5,0.055084740916334
"1007","34",17,0,5,0.055084740916334
"1008","34",18,0,10,0.00474276200308182
"1009","34",19,0,1,-0.100261991571972
"1010","34",20,0,1,-0.100261991571972
"1011","34",21,0,6,0.0389376648597478
"1012","34",22,0,6,0.0389376648597478
"1013","34",23,0,4,0.0305131900501851
"1014","34",24,0,5,0.055084740916334
"1015","34",25,0,3,0.0450596190909249
"1016","34",26,0,6,0.0389376648597478
"1017","34",27,0,16,0.0142369069522179
"1018","34",28,0,14,0.0157066991263211
"1019","34",29,0,10,0.00474276200308182
"1020","34",30,0,4,0.0305131900501851
"1021","35",1,0,1,-0.114210953736042
"1022","35",2,0,6,0.0344260650163406
"1023","35",3,0,16,0.0214412700582552
"1024","35",4,0,1,-0.114210953736042
"1025","35",5,0,10,0.0330355360822132
"1026","35",6,0,14,0.0175080762277077
"1027","35",7,0,6,0.0344260650163406
"1028","35",8,0,1,-0.114210953736042
"1029","35",9,0,6,0.0344260650163406
"1030","35",10,0,1,-0.114210953736042
"1031","35",11,0,11,0.0226432872509404
"1032","35",12,0,2,-0.0644053853155125
"1033","35",13,0,1,-0.114210953736042
"1034","35",14,0,8,0.0312534978554058
"1035","35",15,0,1,-0.114210953736042
"1036","35",16,0,18,0.0120289636317281
"1037","35",17,0,10,0.0330355360822132
"1038","35",18,0,6,0.0344260650163406
"1039","35",19,0,12,0.00734954287806043
"1040","35",20,0,1,-0.114210953736042
"1041","35",21,0,23,0.0068667021859926
"1042","35",22,0,5,0.0220071004678835
"1043","35",23,0,11,0.0226432872509404
"1044","35",24,0,4,0.0442528225451884
"1045","35",25,0,3,0.0315814900806786
"1046","35",26,0,21,0.00490289284988907
"1047","35",27,0,3,0.0315814900806786
"1048","35",28,0,22,0.00472548255219689
"1049","35",29,0,15,0.0159254058001591
"1050","35",30,0,36,0.0111852953637313
"1051","36",1,0,7,0.00254204997830031
"1052","36",2,0,17,-0.0190350347936169
"1053","36",3,0,6,0.00897826247441371
"1054","36",4,0,7,0.00254204997830031
"1055","36",5,0,2,0.0901594599883068
"1056","36",6,0,6,0.00897826247441371
"1057","36",7,0,11,-0.0134788083795998
"1058","36",8,0,6,0.00897826247441371
"1059","36",9,0,17,-0.0190350347936169
"1060","36",10,0,1,0.119870101192826
"1061","36",11,0,9,-0.0145445951854287
"1062","36",12,0,9,-0.0145445951854287
"1063","36",13,0,9,-0.0145445951854287
"1064","36",14,0,6,0.00897826247441371
"1065","36",15,0,4,0.0405523286175876
"1066","36",16,0,13,-0.00939055137645468
"1067","36",17,0,2,0.0901594599883068
"1068","36",18,0,7,0.00254204997830031
"1069","36",19,0,11,-0.0134788083795998
"1070","36",20,0,3,0.0618855618424279
"1071","36",21,0,9,-0.0145445951854287
"1072","36",22,0,19,-0.0068478360432087
"1073","36",23,0,4,0.0405523286175876
"1074","36",24,0,19,-0.0068478360432087
"1075","36",25,0,1,0.119870101192826
"1076","36",26,0,3,0.0618855618424279
"1077","36",27,0,9,-0.0145445951854287
"1078","36",28,0,9,-0.0145445951854287
"1079","36",29,0,10,-0.00131162198731942
"1080","36",30,0,21,-0.00953988090974275
"1081","37",1,0,6,-0.000402134601287012
"1082","37",2,0,39,-0.000678973913005258
"1083","37",3,0,10,0.00431315071711825
"1084","37",4,0,8,-0.00621747572021057
"1085","37",5,0,35,0.00155670036313872
"1086","37",6,0,11,0.00883673005759689
"1087","37",7,0,5,0.0145730241592406
"1088","37",8,0,3,0.0419947097060056
"1089","37",9,0,5,0.0145730241592406
"1090","37",10,0,6,-0.000402134601287012
"1091","37",11,0,22,0.0125101909599535
"1092","37",12,0,10,0.00431315071711825
"1093","37",13,0,3,0.0419947097060056
"1094","37",14,0,1,-0.0629179936413855
"1095","37",15,0,13,0.0104010284874915
"1096","37",16,0,2,0.00519135790878197
"1097","37",17,0,34,-0.00268366021400109
"1098","37",18,0,17,0.0148968141135042
"1099","37",19,0,3,0.0419947097060056
"1100","37",20,0,20,0.0173134642623567
"1101","37",21,0,2,0.00519135790878197
"1102","37",22,0,20,0.0173134642623567
"1103","37",23,0,17,0.0148968141135042
"1104","37",24,0,22,0.0125101909599535
"1105","37",25,0,9,0.00537737642687125
"1106","37",26,0,5,0.0145730241592406
"1107","37",27,0,1,-0.0629179936413855
"1108","37",28,0,19,0.0216573743792508
"1109","37",29,0,2,0.00519135790878197
"1110","37",30,0,14,0.0088419620477179
"1111","38",3,1,45,-1.2335811384724e-18
"1112","38",1,0,8,-0.00728049105846374
"1113","38",2,0,15,-0.00076144078264097
"1114","38",4,0,4,-0.0253823900984609
"1115","38",5,0,12,-0.00346415123920002
"1116","38",6,0,15,-0.00076144078264097
"1117","38",7,0,10,0.00472081713789043
"1118","38",8,0,5,-0.0321193645829334
"1119","38",9,0,3,0.00910606062844537
"1120","38",10,0,2,-0.00686153827676732
"1121","38",11,0,3,0.00910606062844537
"1122","38",12,0,2,-0.00686153827676732
"1123","38",13,0,6,-0.0503208884836072
"1124","38",14,0,1,-0.180149892931266
"1125","38",15,0,21,0.017923360099054
"1126","38",16,0,4,-0.0253823900984609
"1127","38",17,0,5,-0.0321193645829334
"1128","38",18,0,13,-0.00779470451391642
"1129","38",19,0,2,-0.00686153827676732
"1130","38",20,0,18,0.00404453882607768
"1131","38",21,0,11,0.00600463352137578
"1132","38",22,0,6,-0.0503208884836072
"1133","38",23,0,12,-0.00346415123920002
"1134","38",24,0,24,0.00820948442082236
"1135","38",25,0,1,-0.180149892931266
"1136","38",26,0,4,-0.0253823900984609
"1137","38",27,0,5,-0.0321193645829334
"1138","38",28,0,6,-0.0503208884836072
"1139","38",29,0,1,-0.180149892931266
"1140","38",30,0,1,-0.180149892931266
"1141","39",1,0,11,-0.0375769179247909
"1142","39",2,0,9,-0.0275792950756513
"1143","39",3,0,2,-0.00390161204373668
"1144","39",4,0,3,-0.0416218724567169
"1145","39",5,0,13,-0.0254628470339165
"1146","39",6,0,36,0.00632458002107168
"1147","39",7,0,18,0.00758246281698385
"1148","39",8,0,10,-0.0342638349413592
"1149","39",9,0,2,-0.00390161204373668
"1150","39",10,0,2,-0.00390161204373668
"1151","39",11,0,12,-0.0276696129311582
"1152","39",12,0,18,0.00758246281698385
"1153","39",13,0,1,0.00939217197085442
"1154","39",14,0,10,-0.0342638349413592
"1155","39",15,0,12,-0.0276696129311582
"1156","39",16,0,8,-0.0332736675573356
"1157","39",17,0,7,-0.0148141082406729
"1158","39",18,0,1,0.00939217197085442
"1159","39",19,0,1,0.00939217197085442
"1160","39",20,0,4,-0.0333868976493144
"1161","39",21,0,5,-0.00668882419299378
"1162","39",22,0,3,-0.0416218724567169
"1163","39",23,0,3,-0.0416218724567169
"1164","39",24,0,24,0.022385029343258
"1165","39",25,0,2,-0.00390161204373668
"1166","39",26,0,1,0.00939217197085442
"1167","39",27,0,3,-0.0416218724567169
"1168","39",28,0,25,0.0187808805120204
"1169","39",29,0,5,-0.00668882419299378
"1170","39",30,0,1,0.00939217197085442
"1171","40",1,0,6,-0.0293814527256581
"1172","40",2,0,14,-0.0457705735571011
"1173","40",3,0,5,-0.0189349522703692
"1174","40",4,0,9,-0.0409798423181879
"1175","40",5,0,16,-0.0315492675329155
"1176","40",6,0,13,-0.0415226661793666
"1177","40",7,0,10,-0.0308638464872346
"1178","40",8,0,12,-0.0323990577114524
"1179","40",9,0,5,-0.0189349522703692
"1180","40",10,0,1,-0.0985791730832373
"1181","40",11,0,8,-0.0468348501718224
"1182","40",12,0,1,-0.0985791730832373
"1183","40",13,0,8,-0.0468348501718224
"1184","40",14,0,1,-0.0985791730832373
"1185","40",15,0,7,-0.0390486844484464
"1186","40",16,0,1,-0.0985791730832373
"1187","40",17,0,1,-0.0985791730832373
"1188","40",18,0,8,-0.0468348501718224
"1189","40",19,0,1,-0.0985791730832373
"1190","40",20,0,2,0.00414989809296786
"1191","40",21,0,1,-0.0985791730832373
"1192","40",22,0,4,-0.0197586233445782
"1193","40",23,0,6,-0.0293814527256581
"1194","40",24,0,3,-0.0224161472729328
"1195","40",25,0,14,-0.0457705735571011
"1196","40",26,0,7,-0.0390486844484464
"1197","40",27,0,8,-0.0468348501718224
"1198","40",28,0,6,-0.0293814527256581
"1199","40",29,0,1,-0.0985791730832373
"1200","40",30,0,16,-0.0315492675329155
"1201","41",1,0,2,-0.145449118522588
"1202","41",2,0,2,-0.145449118522588
"1203","41",3,0,4,-0.0419765662576089
"1204","41",4,0,34,-0.0111411600568091
"1205","41",5,0,2,-0.145449118522588
"1206","41",6,0,5,-0.03095831385894
"1207","41",7,0,29,-0.00901574382780824
"1208","41",8,0,15,-0.0275168351226107
"1209","41",9,0,11,-0.0165523196664906
"1210","41",10,0,29,-0.00901574382780824
"1211","41",11,0,8,-0.0259517153976458
"1212","41",12,0,1,-0.0131259362009959
"1213","41",13,0,11,-0.0165523196664906
"1214","41",14,0,1,-0.0131259362009959
"1215","41",15,0,2,-0.145449118522588
"1216","41",16,0,3,-0.0667808300777958
"1217","41",17,0,20,-0.0230422154035639
"1218","41",18,0,2,-0.145449118522588
"1219","41",19,0,6,-0.0437057034495889
"1220","41",20,0,1,-0.0131259362009959
"1221","41",21,0,3,-0.0667808300777958
"1222","41",22,0,6,-0.0437057034495889
"1223","41",23,0,3,-0.0667808300777958
"1224","41",24,0,1,-0.0131259362009959
"1225","41",25,0,6,-0.0437057034495889
"1226","41",26,0,3,-0.0667808300777958
"1227","41",27,0,15,-0.0275168351226107
"1228","41",28,0,2,-0.145449118522588
"1229","41",29,0,2,-0.145449118522588
"1230","41",30,0,2,-0.145449118522588
"1231","42",1,0,14,0.0244963782196892
"1232","42",2,0,6,0.0197747802059598
"1233","42",3,0,24,0.0260188244498101
"1234","42",4,0,7,0.0186071078700813
"1235","42",5,0,3,-0.00744085147220505
"1236","42",6,0,6,0.0197747802059598
"1237","42",7,0,20,0.0252030552463085
"1238","42",8,0,4,0.0165518481732582
"1239","42",9,0,6,0.0197747802059598
"1240","42",10,0,16,0.0138922657094638
"1241","42",11,0,11,0.0356065655324643
"1242","42",12,0,3,-0.00744085147220505
"1243","42",13,0,5,0.0582373402047131
"1244","42",14,0,4,0.0165518481732582
"1245","42",15,0,6,0.0197747802059598
"1246","42",16,0,14,0.0244963782196892
"1247","42",17,0,13,0.0340256555712025
"1248","42",18,0,2,-0.0254268126428034
"1249","42",19,0,3,-0.00744085147220505
"1250","42",20,0,16,0.0138922657094638
"1251","42",21,0,9,0.0131725000484448
"1252","42",22,0,6,0.0197747802059598
"1253","42",23,0,2,-0.0254268126428034
"1254","42",24,0,4,0.0165518481732582
"1255","42",25,0,6,0.0197747802059598
"1256","42",26,0,2,-0.0254268126428034
"1257","42",27,0,19,0.0245828588467582
"1258","42",28,0,23,0.0279011395543072
"1259","42",29,0,18,0.0265027217941292
"1260","42",30,0,6,0.0197747802059598
"1261","43",1,0,2,0.0280664216325615
"1262","43",2,0,13,-0.0116727272563407
"1263","43",3,0,2,0.0280664216325615
"1264","43",4,0,25,-0.00825971884568203
"1265","43",5,0,2,0.0280664216325615
"1266","43",6,0,15,-0.00165443611710082
"1267","43",7,0,10,0.00721604910798831
"1268","43",8,0,17,0.000794390760854185
"1269","43",9,0,4,0.00445460412299507
"1270","43",10,0,19,0.00328764791947827
"1271","43",11,0,4,0.00445460412299507
"1272","43",12,0,18,0.00866095984603084
"1273","43",13,0,25,-0.00825971884568203
"1274","43",14,0,7,-0.0118799966106595
"1275","43",15,0,6,-0.0206944850469294
"1276","43",16,0,3,0.0137865063487742
"1277","43",17,0,2,0.0280664216325615
"1278","43",18,0,3,0.0137865063487742
"1279","43",19,0,5,-0.0248587600997441
"1280","43",20,0,8,-2.2165671502896e-05
"1281","43",21,0,2,0.0280664216325615
"1282","43",22,0,2,0.0280664216325615
"1283","43",23,0,4,0.00445460412299507
"1284","43",24,0,1,0.0322683689779653
"1285","43",25,0,4,0.00445460412299507
"1286","43",26,0,11,0.0016598936111972
"1287","43",27,0,8,-2.2165671502896e-05
"1288","43",28,0,2,0.0280664216325615
"1289","43",29,0,3,0.0137865063487742
"1290","43",30,0,1,0.0322683689779653
"1291","44",1,0,14,-0.00318276370125766
"1292","44",2,0,28,0.0137024973871064
"1293","44",3,0,10,0.0116101788191367
"1294","44",4,0,19,-0.00434555802911208
"1295","44",5,0,7,-0.000253479860920328
"1296","44",6,0,11,0.00972672226493949
"1297","44",7,0,5,-0.0108562891674839
"1298","44",8,0,3,-0.00562149333417654
"1299","44",9,0,2,0.007539109542853
"1300","44",10,0,9,0.0041842804040632
"1301","44",11,0,1,0.0505428624078377
"1302","44",12,0,25,0.0124388543649289
"1303","44",13,0,1,0.0505428624078377
"1304","44",14,0,1,0.0505428624078377
"1305","44",15,0,8,0.00252291423095849
"1306","44",16,0,14,-0.00318276370125766
"1307","44",17,0,7,-0.000253479860920328
"1308","44",18,0,19,-0.00434555802911208
"1309","44",19,0,1,0.0505428624078377
"1310","44",20,0,7,-0.000253479860920328
"1311","44",21,0,3,-0.00562149333417654
"1312","44",22,0,11,0.00972672226493949
"1313","44",23,0,8,0.00252291423095849
"1314","44",24,0,12,-0.00409767114204154
"1315","44",25,0,5,-0.0108562891674839
"1316","44",26,0,8,0.00252291423095849
"1317","44",27,0,1,0.0505428624078377
"1318","44",28,0,17,-0.000142143528802795
"1319","44",29,0,22,0.000174742553940656
"1320","44",30,0,20,-0.00987811905729511
"1321","45",1,0,4,-0.0278727603883807
"1322","45",2,0,13,0.0172195700056936
"1323","45",3,0,5,-0.0269855798001429
"1324","45",4,0,6,-0.0297490550699807
"1325","45",5,0,2,0.0276308422048699
"1326","45",6,0,27,0.00781781468110687
"1327","45",7,0,1,-0.0533683407618633
"1328","45",8,0,3,-0.0530534688503021
"1329","45",9,0,2,0.0276308422048699
"1330","45",10,0,16,0.027164025092274
"1331","45",11,0,24,0.0106256023221715
"1332","45",12,0,1,-0.0533683407618633
"1333","45",13,0,2,0.0276308422048699
"1334","45",14,0,10,0.00169184396010638
"1335","45",15,0,3,-0.0530534688503021
"1336","45",16,0,20,0.0127561446239218
"1337","45",17,0,8,0.00168750979654939
"1338","45",18,0,3,-0.0530534688503021
"1339","45",19,0,39,0.000956466220285651
"1340","45",20,0,3,-0.0530534688503021
"1341","45",21,0,14,0.0190783065010062
"1342","45",22,0,3,-0.0530534688503021
"1343","45",23,0,1,-0.0533683407618633
"1344","45",24,0,7,-0.0071198318229081
"1345","45",25,0,2,0.0276308422048699
"1346","45",26,0,7,-0.0071198318229081
"1347","45",27,0,18,0.0196784907015027
"1348","45",28,0,10,0.00169184396010638
"1349","45",29,0,18,0.0196784907015027
"1350","45",30,0,6,-0.0297490550699807
"1351","46",1,0,5,0.0234234263654749
"1352","46",2,0,4,0.0478143019849254
"1353","46",3,0,13,-0.0287820706730202
"1354","46",4,0,15,-0.0331310481539713
"1355","46",5,0,11,-0.0164859833083234
"1356","46",6,0,13,-0.0287820706730202
"1357","46",7,0,2,0.0397517532563
"1358","46",8,0,2,0.0397517532563
"1359","46",9,0,4,0.0478143019849254
"1360","46",10,0,8,0.0163719558065437
"1361","46",11,0,2,0.0397517532563
"1362","46",12,0,9,-0.00443187705541829
"1363","46",13,0,3,0.0257885998007064
"1364","46",14,0,17,-0.0348209621322382
"1365","46",15,0,5,0.0234234263654749
"1366","46",16,0,3,0.0257885998007064
"1367","46",17,0,24,-0.0125793428028265
"1368","46",18,0,6,-0.00051996701803893
"1369","46",19,0,9,-0.00443187705541829
"1370","46",20,0,6,-0.00051996701803893
"1371","46",21,0,13,-0.0287820706730202
"1372","46",22,0,21,-0.0162843731224807
"1373","46",23,0,4,0.0478143019849254
"1374","46",24,0,6,-0.00051996701803893
"1375","46",25,0,6,-0.00051996701803893
"1376","46",26,0,13,-0.0287820706730202
"1377","46",27,0,2,0.0397517532563
"1378","46",28,0,7,0.00753968683586694
"1379","46",29,0,1,0.159395640937824
"1380","46",30,0,8,0.0163719558065437
"1381","47",1,0,4,-0.0399183314432543
"1382","47",2,0,4,-0.0399183314432543
"1383","47",3,0,1,-0.0755084581232878
"1384","47",4,0,2,-0.0853093016060857
"1385","47",5,0,7,-0.044814340233455
"1386","47",6,0,1,-0.0755084581232878
"1387","47",7,0,16,-0.0354780151551343
"1388","47",8,0,8,-0.050715836132713
"1389","47",9,0,2,-0.0853093016060857
"1390","47",10,0,1,-0.0755084581232878
"1391","47",11,0,44,1.54507196737917e-05
"1392","47",12,0,2,-0.0853093016060857
"1393","47",13,0,14,-0.0286651747481324
"1394","47",14,0,1,-0.0755084581232878
"1395","47",15,0,4,-0.0399183314432543
"1396","47",16,0,17,-0.0292832853581194
"1397","47",17,0,6,-0.0401507041118473
"1398","47",18,0,21,-0.0174078819762786
"1399","47",19,0,2,-0.0853093016060857
"1400","47",20,0,4,-0.0399183314432543
"1401","47",21,0,9,-0.0359582235246556
"1402","47",22,0,7,-0.044814340233455
"1403","47",23,0,18,-0.0287484798893028
"1404","47",24,0,4,-0.0399183314432543
"1405","47",25,0,2,-0.0853093016060857
"1406","47",26,0,1,-0.0755084581232878
"1407","47",27,0,7,-0.044814340233455
"1408","47",28,0,2,-0.0853093016060857
"1409","47",29,0,2,-0.0853093016060857
"1410","47",30,0,1,-0.0755084581232878
"1411","48",1,0,13,0.00591913379258925
"1412","48",2,0,1,-0.0940025895229656
"1413","48",3,0,4,0.0268501644849818
"1414","48",4,0,6,0.00795695025696542
"1415","48",5,0,11,-0.00502358468933785
"1416","48",6,0,2,-0.0326796791530657
"1417","48",7,0,3,0.0594235655485732
"1418","48",8,0,7,0.0214266079444518
"1419","48",9,0,15,0.00629488524113377
"1420","48",10,0,9,0.0192988692555121
"1421","48",11,0,13,0.00591913379258925
"1422","48",12,0,2,-0.0326796791530657
"1423","48",13,0,14,0.00318121479045614
"1424","48",14,0,9,0.0192988692555121
"1425","48",15,0,9,0.0192988692555121
"1426","48",16,0,4,0.0268501644849818
"1427","48",17,0,2,-0.0326796791530657
"1428","48",18,0,1,-0.0940025895229656
"1429","48",19,0,4,0.0268501644849818
"1430","48",20,0,7,0.0214266079444518
"1431","48",21,0,24,-0.0127725480298372
"1432","48",22,0,16,0.00106612327597569
"1433","48",23,0,8,0.0258327174517242
"1434","48",24,0,1,-0.0940025895229656
"1435","48",25,0,4,0.0268501644849818
"1436","48",26,0,9,0.0192988692555121
"1437","48",27,0,32,-0.000885927683669919
"1438","48",28,0,2,-0.0326796791530657
"1439","48",29,0,2,-0.0326796791530657
"1440","48",30,0,16,0.00106612327597569
"1441","49",1,0,6,0.0388542272655701
"1442","49",2,0,2,0.10970850648485
"1443","49",3,0,6,0.0388542272655701
"1444","49",4,0,8,0.0317745008864687
"1445","49",5,0,2,0.10970850648485
"1446","49",6,0,5,0.0565219098955708
"1447","49",7,0,6,0.0388542272655701
"1448","49",8,0,9,0.0120823495256219
"1449","49",9,0,5,0.0565219098955708
"1450","49",10,0,3,0.104687174655947
"1451","49",11,0,8,0.0317745008864687
"1452","49",12,0,3,0.104687174655947
"1453","49",13,0,7,0.0372064713000664
"1454","49",14,0,5,0.0565219098955708
"1455","49",15,0,2,0.10970850648485
"1456","49",16,0,9,0.0120823495256219
"1457","49",17,0,1,0.240352657548402
"1458","49",18,0,2,0.10970850648485
"1459","49",19,0,6,0.0388542272655701
"1460","49",20,0,31,0.00462741307674771
"1461","49",21,0,4,0.107330601459337
"1462","49",22,0,11,0.0260615306887168
"1463","49",23,0,5,0.0565219098955708
"1464","49",24,0,6,0.0388542272655701
"1465","49",25,0,2,0.10970850648485
"1466","49",26,0,5,0.0565219098955708
"1467","49",27,0,5,0.0565219098955708
"1468","49",28,0,16,0.0061926356977147
"1469","49",29,0,2,0.10970850648485
"1470","49",30,0,2,0.10970850648485
"1471","50",1,0,6,0.00845021949226289
"1472","50",2,0,1,-0.160929150045542
"1473","50",3,0,7,0.00851269703798995
"1474","50",4,0,5,0.0195156446392862
"1475","50",5,0,23,-0.00202085426448569
"1476","50",6,0,4,0.0245122290769038
"1477","50",7,0,9,0.00900870903206773
"1478","50",8,0,10,-0.00261726498106658
"1479","50",9,0,18,0.0075793792570281
"1480","50",10,0,15,0.00677275726913335
"1481","50",11,0,9,0.00900870903206773
"1482","50",12,0,18,0.0075793792570281
"1483","50",13,0,6,0.00845021949226289
"1484","50",14,0,13,0.0093434198601758
"1485","50",15,0,22,0.00541925576422899
"1486","50",16,0,1,-0.160929150045542
"1487","50",17,0,15,0.00677275726913335
"1488","50",18,0,1,-0.160929150045542
"1489","50",19,0,10,-0.00261726498106658
"1490","50",20,0,10,-0.00261726498106658
"1491","50",21,0,7,0.00851269703798995
"1492","50",22,0,22,0.00541925576422899
"1493","50",23,0,10,-0.00261726498106658
"1494","50",24,0,1,-0.160929150045542
"1495","50",25,0,1,-0.160929150045542
"1496","50",26,0,1,-0.160929150045542
"1497","50",27,0,18,0.0075793792570281
"1498","50",28,0,1,-0.160929150045542
"1499","50",29,0,17,0.0172029339371895
"1500","50",30,0,6,0.00845021949226289
"1501","51",1,0,14,-0.0236420836358902
"1502","51",2,0,2,0.0264145660332726
"1503","51",3,0,9,-0.011513151356301
"1504","51",4,0,10,-0.0216740293792109
"1505","51",5,0,2,0.0264145660332726
"1506","51",6,0,26,0.0157331943273346
"1507","51",7,0,5,0.00883714661584237
"1508","51",8,0,1,0.128698656043107
"1509","51",9,0,2,0.0264145660332726
"1510","51",10,0,4,-0.00798098409061928
"1511","51",11,0,7,-0.0219811770919865
"1512","51",12,0,2,0.0264145660332726
"1513","51",13,0,1,0.128698656043107
"1514","51",14,0,27,0.0126047497893075
"1515","51",15,0,19,0.000294678073153917
"1516","51",16,0,2,0.0264145660332726
"1517","51",17,0,9,-0.011513151356301
"1518","51",18,0,1,0.128698656043107
"1519","51",19,0,1,0.128698656043107
"1520","51",20,0,10,-0.0216740293792109
"1521","51",21,0,7,-0.0219811770919865
"1522","51",22,0,27,0.0126047497893075
"1523","51",23,0,12,-0.0183795806953317
"1524","51",24,0,4,-0.00798098409061928
"1525","51",25,0,7,-0.0219811770919865
"1526","51",26,0,10,-0.0216740293792109
"1527","51",27,0,2,0.0264145660332726
"1528","51",28,0,29,0.010275594480133
"1529","51",29,0,6,-0.00713963396664533
"1530","51",30,0,7,-0.0219811770919865
"1531","52",1,0,8,-0.0403470316169088
"1532","52",2,0,22,-0.024174842165441
"1533","52",3,0,1,-0.242302563657759
"1534","52",4,0,5,-0.033774233972027
"1535","52",5,0,5,-0.033774233972027
"1536","52",6,0,6,-0.0138659430549448
"1537","52",7,0,17,-0.0238497145328084
"1538","52",8,0,2,-0.0886307453929709
"1539","52",9,0,17,-0.0238497145328084
"1540","52",10,0,1,-0.242302563657759
"1541","52",11,0,15,-0.0225399624466873
"1542","52",12,0,13,-0.0208008138249962
"1543","52",13,0,13,-0.0208008138249962
"1544","52",14,0,3,-0.0842312514967907
"1545","52",15,0,14,-0.0251675039762777
"1546","52",16,0,6,-0.0138659430549448
"1547","52",17,0,5,-0.033774233972027
"1548","52",18,0,2,-0.0886307453929709
"1549","52",19,0,3,-0.0842312514967907
"1550","52",20,0,6,-0.0138659430549448
"1551","52",21,0,5,-0.033774233972027
"1552","52",22,0,4,-0.0446785471140348
"1553","52",23,0,1,-0.242302563657759
"1554","52",24,0,3,-0.0842312514967907
"1555","52",25,0,19,-0.0267536878872572
"1556","52",26,0,1,-0.242302563657759
"1557","52",27,0,8,-0.0403470316169088
"1558","52",28,0,2,-0.0886307453929709
"1559","52",29,0,1,-0.242302563657759
"1560","52",30,0,8,-0.0403470316169088
"1561","53",1,0,20,0.00161111938241517
"1562","53",2,0,10,-0.0163239560209048
"1563","53",3,0,7,-0.0406615744329704
"1564","53",4,0,3,0.0197781693193412
"1565","53",5,0,3,0.0197781693193412
"1566","53",6,0,13,-0.0119228986649329
"1567","53",7,0,7,-0.0406615744329704
"1568","53",8,0,5,-0.013040799863621
"1569","53",9,0,4,-0.0156232895925182
"1570","53",10,0,6,-0.0323969793936558
"1571","53",11,0,12,-0.0221162585180198
"1572","53",12,0,1,0.0434699623603106
"1573","53",13,0,5,-0.013040799863621
"1574","53",14,0,32,0.010855979474796
"1575","53",15,0,4,-0.0156232895925182
"1576","53",16,0,2,0.0475510113826564
"1577","53",17,0,4,-0.0156232895925182
"1578","53",18,0,11,-0.0183722341352024
"1579","53",19,0,6,-0.0323969793936558
"1580","53",20,0,13,-0.0119228986649329
"1581","53",21,0,4,-0.0156232895925182
"1582","53",22,0,29,0.00513863527596866
"1583","53",23,0,2,0.0475510113826564
"1584","53",24,0,4,-0.0156232895925182
"1585","53",25,0,3,0.0197781693193412
"1586","53",26,0,7,-0.0406615744329704
"1587","53",27,0,7,-0.0406615744329704
"1588","53",28,0,7,-0.0406615744329704
"1589","53",29,0,42,0.00310770630317846
"1590","53",30,0,1,0.0434699623603106
"1591","54",1,0,1,0.0913690777175454
"1592","54",2,0,15,0.05212104964615
"1593","54",3,0,9,0.0535268592235038
"1594","54",4,0,9,0.0535268592235038
"1595","54",5,0,4,0.105105634831933
"1596","54",6,0,6,0.0942507076277582
"1597","54",7,0,12,0.066402585929101
"1598","54",8,0,5,0.0851432686604469
"1599","54",9,0,2,0.114163283225382
"1600","54",10,0,2,0.114163283225382
"1601","54",11,0,14,0.0625908177110125
"1602","54",12,0,2,0.114163283225382
"1603","54",13,0,14,0.0625908177110125
"1604","54",14,0,4,0.105105634831933
"1605","54",15,0,5,0.0851432686604469
"1606","54",16,0,1,0.0913690777175454
"1607","54",17,0,3,0.128560507665677
"1608","54",18,0,11,0.0597821509634383
"1609","54",19,0,26,0.00999442833255179
"1610","54",20,0,29,0.015599165579358
"1611","54",21,0,9,0.0535268592235038
"1612","54",22,0,16,0.0370129178888044
"1613","54",23,0,43,0.0036474637231624
"1614","54",24,0,5,0.0851432686604469
"1615","54",25,0,4,0.105105634831933
"1616","54",26,0,2,0.114163283225382
"1617","54",27,0,5,0.0851432686604469
"1618","54",28,0,19,0.0374066742326305
"1619","54",29,0,7,0.0883164181538213
"1620","54",30,0,2,0.114163283225382
"1621","55",1,0,3,-0.00225518487321976
"1622","55",2,0,11,-0.0376894880160605
"1623","55",3,0,6,-0.0249971121856239
"1624","55",4,0,6,-0.0249971121856239
"1625","55",5,0,1,0.00831485227844287
"1626","55",6,0,4,-0.0430339045273188
"1627","55",7,0,13,-0.0384378157696041
"1628","55",8,0,4,-0.0430339045273188
"1629","55",9,0,2,-0.0225049225764497
"1630","55",10,0,5,-0.0265784265574611
"1631","55",11,0,22,-0.0178739048219469
"1632","55",12,0,4,-0.0430339045273188
"1633","55",13,0,7,-0.0361274103026482
"1634","55",14,0,20,-0.022627335791234
"1635","55",15,0,4,-0.0430339045273188
"1636","55",16,0,6,-0.0249971121856239
"1637","55",17,0,23,-0.00977413612648278
"1638","55",18,0,1,0.00831485227844287
"1639","55",19,0,4,-0.0430339045273188
"1640","55",20,0,28,-0.0104407927803687
"1641","55",21,0,2,-0.0225049225764497
"1642","55",22,0,7,-0.0361274103026482
"1643","55",23,0,9,-0.0165564143398333
"1644","55",24,0,14,-0.0311663898010305
"1645","55",25,0,7,-0.0361274103026482
"1646","55",26,0,8,-0.0132599599130416
"1647","55",27,0,1,0.00831485227844287
"1648","55",28,0,3,-0.00225518487321976
"1649","55",29,0,18,-0.0182451436877072
"1650","55",30,0,1,0.00831485227844287
"1651","56",1,0,3,0.0631193534950071
"1652","56",2,0,11,0.0305766573037822
"1653","56",3,0,2,0.0915082012413996
"1654","56",4,0,9,0.0220918366239219
"1655","56",5,0,39,-0.00365272454264996
"1656","56",6,0,1,0.19617036727003
"1657","56",7,0,4,0.020626109655173
"1658","56",8,0,6,-0.0138072226148259
"1659","56",9,0,18,0.00775164579160058
"1660","56",10,0,11,0.0305766573037822
"1661","56",11,0,2,0.0915082012413996
"1662","56",12,0,15,0.0207984806087708
"1663","56",13,0,38,-0.000276983769695055
"1664","56",14,0,16,0.0113397905446386
"1665","56",15,0,11,0.0305766573037822
"1666","56",16,0,2,0.0915082012413996
"1667","56",17,0,4,0.020626109655173
"1668","56",18,0,20,0.00667939528379421
"1669","56",19,0,5,0.0181241859178978
"1670","56",20,0,4,0.020626109655173
"1671","56",21,0,9,0.0220918366239219
"1672","56",22,0,5,0.0181241859178978
"1673","56",23,0,6,-0.0138072226148259
"1674","56",24,0,5,0.0181241859178978
"1675","56",25,0,1,0.19617036727003
"1676","56",26,0,14,0.0178804792962376
"1677","56",27,0,22,0.00310034448164152
"1678","56",28,0,10,0.0162780913359165
"1679","56",29,0,2,0.0915082012413996
"1680","56",30,0,8,0.0182932450259203
"1681","57",1,0,11,0.0233102928201184
"1682","57",2,0,14,0.00951441436588604
"1683","57",3,0,12,0.0121398151951933
"1684","57",4,0,4,-0.0106021506069139
"1685","57",5,0,12,0.0121398151951933
"1686","57",6,0,45,3.16105166733552e-18
"1687","57",7,0,23,0.0227336107138911
"1688","57",8,0,7,0.0141617142025641
"1689","57",9,0,3,0.000487706912618097
"1690","57",10,0,18,0.00595858438542037
"1691","57",11,0,4,-0.0106021506069139
"1692","57",12,0,13,0.0159205627693625
"1693","57",13,0,3,0.000487706912618097
"1694","57",14,0,35,0.0100022148445275
"1695","57",15,0,3,0.000487706912618097
"1696","57",16,0,15,0.0077442527527039
"1697","57",17,0,11,0.0233102928201184
"1698","57",18,0,12,0.0121398151951933
"1699","57",19,0,1,-0.00979959185806945
"1700","57",20,0,6,0.00856799687906172
"1701","57",21,0,5,-0.00516132659915128
"1702","57",22,0,35,0.0100022148445275
"1703","57",23,0,28,0.029559979725462
"1704","57",24,0,10,0.0243215157581393
"1705","57",25,0,1,-0.00979959185806945
"1706","57",26,0,6,0.00856799687906172
"1707","57",27,0,17,-0.00299110109279024
"1708","57",28,0,11,0.0233102928201184
"1709","57",29,0,3,0.000487706912618097
"1710","57",30,0,7,0.0141617142025641
"1711","58",1,0,3,-0.0332498170686427
"1712","58",2,0,3,-0.0332498170686427
"1713","58",3,0,1,0.034107571764297
"1714","58",4,0,3,-0.0332498170686427
"1715","58",5,0,3,-0.0332498170686427
"1716","58",6,0,1,0.034107571764297
"1717","58",7,0,7,-0.0614174300295021
"1718","58",8,0,12,-0.0552157350149231
"1719","58",9,0,2,-0.0530884759201401
"1720","58",10,0,30,-0.00465506267456116
"1721","58",11,0,16,-0.0494283618911868
"1722","58",12,0,18,-0.0427861411057049
"1723","58",13,0,1,0.034107571764297
"1724","58",14,0,4,-0.0322355589415991
"1725","58",15,0,1,0.034107571764297
"1726","58",16,0,2,-0.0530884759201401
"1727","58",17,0,2,-0.0530884759201401
"1728","58",18,0,11,-0.0425096424911068
"1729","58",19,0,6,-0.0608515376380024
"1730","58",20,0,2,-0.0530884759201401
"1731","58",21,0,28,-0.00317115183854056
"1732","58",22,0,16,-0.0494283618911868
"1733","58",23,0,11,-0.0425096424911068
"1734","58",24,0,1,0.034107571764297
"1735","58",25,0,3,-0.0332498170686427
"1736","58",26,0,2,-0.0530884759201401
"1737","58",27,0,11,-0.0425096424911068
"1738","58",28,0,8,-0.0569987434398586
"1739","58",29,0,2,-0.0530884759201401
"1740","58",30,0,2,-0.0530884759201401
"1741","59",22,1,45,3.08395284618099e-18
"1742","59",1,0,17,-0.0303366195352745
"1743","59",2,0,5,-0.00318751862990133
"1744","59",3,0,20,-0.0308888425660283
"1745","59",4,0,13,-0.0250871308031199
"1746","59",5,0,1,-0.054987223126547
"1747","59",6,0,2,-0.0127060822947958
"1748","59",7,0,1,-0.054987223126547
"1749","59",8,0,5,-0.00318751862990133
"1750","59",9,0,10,-0.0109862547507772
"1751","59",10,0,10,-0.0109862547507772
"1752","59",11,0,8,0.018458297742612
"1753","59",12,0,2,-0.0127060822947958
"1754","59",13,0,8,0.018458297742612
"1755","59",14,0,20,-0.0308888425660283
"1756","59",15,0,2,-0.0127060822947958
"1757","59",16,0,6,0.00962126198058449
"1758","59",17,0,3,-0.0117241134733243
"1759","59",18,0,16,-0.0305922131459621
"1760","59",19,0,5,-0.00318751862990133
"1761","59",20,0,2,-0.0127060822947958
"1762","59",21,0,8,0.018458297742612
"1763","59",23,0,5,-0.00318751862990133
"1764","59",24,0,26,-0.0267163218688232
"1765","59",25,0,4,-0.00417347310694337
"1766","59",26,0,13,-0.0250871308031199
"1767","59",27,0,1,-0.054987223126547
"1768","59",28,0,5,-0.00318751862990133
"1769","59",29,0,5,-0.00318751862990133
"1770","59",30,0,14,-0.0168544323607852
"1771","60",1,0,2,-0.0372856753843674
"1772","60",2,0,3,-0.0390558867009802
"1773","60",3,0,2,-0.0372856753843674
"1774","60",4,0,7,0.0423632998613219
"1775","60",5,0,7,0.0423632998613219
"1776","60",6,0,1,0.0102962263081642
"1777","60",7,0,13,0.0072472982149277
"1778","60",8,0,8,0.026034431953061
"1779","60",9,0,3,-0.0390558867009802
"1780","60",10,0,9,0.00937675461410207
"1781","60",11,0,21,0.00647898697457267
"1782","60",12,0,2,-0.0372856753843674
"1783","60",13,0,2,-0.0372856753843674
"1784","60",14,0,16,-0.0100702199817955
"1785","60",15,0,39,0.00447938125659534
"1786","60",16,0,6,0.0525024379541871
"1787","60",17,0,1,0.0102962263081642
"1788","60",18,0,14,-0.00319470052061837
"1789","60",19,0,33,0.0013462988877194
"1790","60",20,0,3,-0.0390558867009802
"1791","60",21,0,2,-0.0372856753843674
"1792","60",22,0,18,0.00579837502627265
"1793","60",23,0,24,0.0101405354784895
"1794","60",24,0,2,-0.0372856753843674
"1795","60",25,0,4,-0.0100384931832402
"1796","60",26,0,4,-0.0100384931832402
"1797","60",27,0,4,-0.0100384931832402
"1798","60",28,0,12,0.00739655260186264
"1799","60",29,0,3,-0.0390558867009802
"1800","60",30,0,8,0.026034431953061
"1801","61",20,1,45,0
"1802","61",1,0,3,0.00565724853316134
"1803","61",2,0,14,-0.03321276456533
"1804","61",3,0,2,-0.0247848928385259
"1805","61",4,0,6,-0.0333904349268602
"1806","61",5,0,6,-0.0333904349268602
"1807","61",6,0,14,-0.03321276456533
"1808","61",7,0,22,-0.00661519888554903
"1809","61",8,0,1,-0.00992828525247122
"1810","61",9,0,10,-0.0527753459634914
"1811","61",10,0,2,-0.0247848928385259
"1812","61",11,0,1,-0.00992828525247122
"1813","61",12,0,5,-0.0165333528065935
"1814","61",13,0,17,-0.0203055849226405
"1815","61",14,0,4,-0.0189276508289745
"1816","61",15,0,5,-0.0165333528065935
"1817","61",16,0,35,0.00487781982934608
"1818","61",17,0,3,0.00565724853316134
"1819","61",18,0,4,-0.0189276508289745
"1820","61",19,0,2,-0.0247848928385259
"1821","61",21,0,10,-0.0527753459634914
"1822","61",22,0,10,-0.0527753459634914
"1823","61",23,0,1,-0.00992828525247122
"1824","61",24,0,1,-0.00992828525247122
"1825","61",25,0,34,0.00214174799801195
"1826","61",26,0,7,-0.0368014718866594
"1827","61",27,0,5,-0.0165333528065935
"1828","61",28,0,7,-0.0368014718866594
"1829","61",29,0,8,-0.0323910796370266
"1830","61",30,0,9,-0.0427876510917282
"1831","62",1,0,13,0.0154138780949679
"1832","62",2,0,2,0.00747299282957119
"1833","62",3,0,1,0.0135175720011887
"1834","62",4,0,11,0.00704107714121914
"1835","62",5,0,31,0.00810451385090926
"1836","62",6,0,5,-0.0542223595433475
"1837","62",7,0,3,-0.0678681485676933
"1838","62",8,0,4,-0.0845301169395124
"1839","62",9,0,13,0.0154138780949679
"1840","62",10,0,7,-0.0250510537244699
"1841","62",11,0,2,0.00747299282957119
"1842","62",12,0,3,-0.0678681485676933
"1843","62",13,0,3,-0.0678681485676933
"1844","62",14,0,1,0.0135175720011887
"1845","62",15,0,19,0.0223926007897739
"1846","62",16,0,24,0.00914773379070875
"1847","62",17,0,1,0.0135175720011887
"1848","62",18,0,1,0.0135175720011887
"1849","62",19,0,13,0.0154138780949679
"1850","62",20,0,6,-0.0284423292639249
"1851","62",21,0,3,-0.0678681485676933
"1852","62",22,0,1,0.0135175720011887
"1853","62",23,0,16,0.0205501631420431
"1854","62",24,0,8,-0.0309976219562646
"1855","62",25,0,9,-0.00631601026800916
"1856","62",26,0,1,0.0135175720011887
"1857","62",27,0,23,0.00747201332085173
"1858","62",28,0,7,-0.0250510537244699
"1859","62",29,0,6,-0.0284423292639249
"1860","62",30,0,6,-0.0284423292639249
"1861","63",1,0,13,-0.0139438846373147
"1862","63",2,0,2,-0.0909335291699325
"1863","63",3,0,3,-0.100900210982592
"1864","63",4,0,14,-0.0210198259729652
"1865","63",5,0,2,-0.0909335291699325
"1866","63",6,0,23,-0.00228893484393803
"1867","63",7,0,7,-0.00910788729226877
"1868","63",8,0,3,-0.100900210982592
"1869","63",9,0,1,0.0669065536392651
"1870","63",10,0,22,-0.00369589022518672
"1871","63",11,0,18,-0.0051028865815918
"1872","63",12,0,1,0.0669065536392651
"1873","63",13,0,2,-0.0909335291699325
"1874","63",14,0,6,-0.0314161010905808
"1875","63",15,0,3,-0.100900210982592
"1876","63",16,0,2,-0.0909335291699325
"1877","63",17,0,2,-0.0909335291699325
"1878","63",18,0,1,0.0669065536392651
"1879","63",19,0,2,-0.0909335291699325
"1880","63",20,0,1,0.0669065536392651
"1881","63",21,0,2,-0.0909335291699325
"1882","63",22,0,3,-0.100900210982592
"1883","63",23,0,3,-0.100900210982592
"1884","63",24,0,14,-0.0210198259729652
"1885","63",25,0,14,-0.0210198259729652
"1886","63",26,0,4,-0.108648091154068
"1887","63",27,0,2,-0.0909335291699325
"1888","63",28,0,23,-0.00228893484393803
"1889","63",29,0,4,-0.108648091154068
"1890","63",30,0,16,-0.0101204637322819
"1891","64",6,1,45,1.85037170770859e-18
"1892","64",1,0,2,-0.0428171041257031
"1893","64",2,0,4,-0.0348269445284061
"1894","64",3,0,34,0.00899194934182672
"1895","64",4,0,2,-0.0428171041257031
"1896","64",5,0,12,-0.0280698356990773
"1897","64",7,0,12,-0.0280698356990773
"1898","64",8,0,26,5.06095113228041e-06
"1899","64",9,0,2,-0.0428171041257031
"1900","64",10,0,7,-0.0646964721932721
"1901","64",11,0,6,-0.0599930418191056
"1902","64",12,0,21,-0.023056621584714
"1903","64",13,0,9,-0.0417259793146539
"1904","64",14,0,5,-0.0411881660769192
"1905","64",15,0,2,-0.0428171041257031
"1906","64",16,0,1,0.00188691112423056
"1907","64",17,0,13,-0.0334646825343041
"1908","64",18,0,11,-0.0185771612509726
"1909","64",19,0,14,-0.0314553577966897
"1910","64",20,0,3,-0.0198706705834824
"1911","64",21,0,3,-0.0198706705834824
"1912","64",22,0,11,-0.0185771612509726
"1913","64",23,0,1,0.00188691112423056
"1914","64",24,0,16,-0.0363310641715387
"1915","64",25,0,6,-0.0599930418191056
"1916","64",26,0,7,-0.0646964721932721
"1917","64",27,0,11,-0.0185771612509726
"1918","64",28,0,1,0.00188691112423056
"1919","64",29,0,5,-0.0411881660769192
"1920","64",30,0,2,-0.0428171041257031
"1921","65",1,0,1,-0.280990995106543
"1922","65",2,0,9,-0.020691404250739
"1923","65",3,0,11,-0.0375312785710267
"1924","65",4,0,8,-0.0126590490408566
"1925","65",5,0,15,-0.0118038125586149
"1926","65",6,0,20,-0.0128863964537454
"1927","65",7,0,5,-0.0717148494654282
"1928","65",8,0,10,-0.045604071982655
"1929","65",9,0,6,-0.0554334388442559
"1930","65",10,0,1,-0.280990995106543
"1931","65",11,0,2,-0.165820514244448
"1932","65",12,0,10,-0.045604071982655
"1933","65",13,0,3,-0.133175998040971
"1934","65",14,0,5,-0.0717148494654282
"1935","65",15,0,4,-0.0991567515457238
"1936","65",16,0,4,-0.0991567515457238
"1937","65",17,0,1,-0.280990995106543
"1938","65",18,0,2,-0.165820514244448
"1939","65",19,0,4,-0.0991567515457238
"1940","65",20,0,22,-0.0159320950523592
"1941","65",21,0,17,-0.0132352627814722
"1942","65",22,0,20,-0.0128863964537454
"1943","65",23,0,11,-0.0375312785710267
"1944","65",24,0,3,-0.133175998040971
"1945","65",25,0,18,-0.00802964163159977
"1946","65",26,0,18,-0.00802964163159977
"1947","65",27,0,1,-0.280990995106543
"1948","65",28,0,19,-0.00860072152334988
"1949","65",29,0,1,-0.280990995106543
"1950","65",30,0,17,-0.0132352627814722
"1951","66",1,0,21,0.0276720262042694
"1952","66",2,0,29,0.0273004802044519
"1953","66",3,0,2,-0.0521563257953545
"1954","66",4,0,7,0.0157170410005013
"1955","66",5,0,11,0.0213182531030523
"1956","66",6,0,25,0.0204715463857794
"1957","66",7,0,1,-0.0609486437523297
"1958","66",8,0,10,0.00479944760037331
"1959","66",9,0,9,0.0110355875853624
"1960","66",10,0,1,-0.0609486437523297
"1961","66",11,0,9,0.0110355875853624
"1962","66",12,0,4,-0.0260491868572176
"1963","66",13,0,1,-0.0609486437523297
"1964","66",14,0,3,-0.0643341150271694
"1965","66",15,0,23,0.0222928599597789
"1966","66",16,0,28,0.0291398490274161
"1967","66",17,0,29,0.0273004802044519
"1968","66",18,0,1,-0.0609486437523297
"1969","66",19,0,12,0.0313447198745656
"1970","66",20,0,18,0.0321952082472957
"1971","66",21,0,14,0.0242312150470267
"1972","66",22,0,8,0.0182991102065141
"1973","66",23,0,14,0.0242312150470267
"1974","66",24,0,4,-0.0260491868572176
"1975","66",25,0,8,0.0182991102065141
"1976","66",26,0,13,0.0314667403046833
"1977","66",27,0,1,-0.0609486437523297
"1978","66",28,0,5,-0.0247568909313
"1979","66",29,0,1,-0.0609486437523297
"1980","66",30,0,6,-0.00567114569327846
"1981","67",1,0,12,0.0360402109683416
"1982","67",2,0,5,0.0964983432035809
"1983","67",3,0,11,0.0487366294190902
"1984","67",4,0,9,0.0757620143024337
"1985","67",5,0,4,0.0987168849583517
"1986","67",6,0,4,0.0987168849583517
"1987","67",7,0,16,0.0165985687343403
"1988","67",8,0,6,0.0890274527648434
"1989","67",9,0,19,0.00583787231874061
"1990","67",10,0,2,0.222888531506696
"1991","67",11,0,27,0.00173747994895826
"1992","67",12,0,17,0.00426551375239036
"1993","67",13,0,11,0.0487366294190902
"1994","67",14,0,13,0.0392451394555494
"1995","67",15,0,13,0.0392451394555494
"1996","67",16,0,6,0.0890274527648434
"1997","67",17,0,11,0.0487366294190902
"1998","67",18,0,4,0.0987168849583517
"1999","67",19,0,15,0.0258532387595134
"2000","67",20,0,6,0.0890274527648434
"2001","67",21,0,8,0.0873991799699437
"2002","67",22,0,6,0.0890274527648434
"2003","67",23,0,6,0.0890274527648434
"2004","67",24,0,45,-5.55111512312578e-18
"2005","67",25,0,10,0.0714046298773303
"2006","67",26,0,7,0.0935371599864594
"2007","67",27,0,17,0.00426551375239036
"2008","67",28,0,21,-0.000376053574671978
"2009","67",29,0,3,0.130009236140008
"2010","67",30,0,5,0.0964983432035809
"2011","68",1,0,10,0.0219165365177923
"2012","68",2,0,20,-5.67204381043296e-05
"2013","68",3,0,25,-0.0036787884894177
"2014","68",4,0,24,-0.00252466339122691
"2015","68",5,0,4,0.00902968385636325
"2016","68",6,0,11,0.0133550157103781
"2017","68",7,0,10,0.0219165365177923
"2018","68",8,0,11,0.0133550157103781
"2019","68",9,0,1,-0.133490604667889
"2020","68",10,0,6,0.0160887289128129
"2021","68",11,0,2,-0.0123489232179493
"2022","68",12,0,9,0.0204442472329255
"2023","68",13,0,4,0.00902968385636325
"2024","68",14,0,10,0.0219165365177923
"2025","68",15,0,20,-5.67204381043296e-05
"2026","68",16,0,15,0.00342728625656844
"2027","68",17,0,6,0.0160887289128129
"2028","68",18,0,20,-5.67204381043296e-05
"2029","68",19,0,19,0.0110542708066334
"2030","68",20,0,10,0.0219165365177923
"2031","68",21,0,1,-0.133490604667889
"2032","68",22,0,15,0.00342728625656844
"2033","68",23,0,1,-0.133490604667889
"2034","68",24,0,1,-0.133490604667889
"2035","68",25,0,40,0.00179424953994954
"2036","68",26,0,15,0.00342728625656844
"2037","68",27,0,1,-0.133490604667889
"2038","68",28,0,24,-0.00252466339122691
"2039","68",29,0,2,-0.0123489232179493
"2040","68",30,0,15,0.00342728625656844
"2041","69",1,0,5,0.0382428470513261
"2042","69",2,0,9,0.0296152381546722
"2043","69",3,0,2,-0.00771144883393947
"2044","69",4,0,1,-0.0564790977114231
"2045","69",5,0,2,-0.00771144883393947
"2046","69",6,0,14,0.0222898552705281
"2047","69",7,0,2,-0.00771144883393947
"2048","69",8,0,3,0.0114307697388933
"2049","69",9,0,7,0.0147030525039806
"2050","69",10,0,7,0.0147030525039806
"2051","69",11,0,1,-0.0564790977114231
"2052","69",12,0,11,0.0227640543364715
"2053","69",13,0,30,0.00782668490549308
"2054","69",14,0,18,0.027590968787254
"2055","69",15,0,6,0.0297869686758564
"2056","69",16,0,19,0.0231125755202718
"2057","69",17,0,8,0.00782690317286986
"2058","69",18,0,1,-0.0564790977114231
"2059","69",19,0,1,-0.0564790977114231
"2060","69",20,0,3,0.0114307697388933
"2061","69",21,0,4,0.0216603544936044
"2062","69",22,0,6,0.0297869686758564
"2063","69",23,0,17,0.0328066683056225
"2064","69",24,0,8,0.00782690317286986
"2065","69",25,0,13,0.0403417437366994
"2066","69",26,0,14,0.0222898552705281
"2067","69",27,0,9,0.0296152381546722
"2068","69",28,0,10,0.0299022091855781
"2069","69",29,0,11,0.0227640543364715
"2070","69",30,0,6,0.0297869686758564
"2071","70",1,0,5,-0.0132087842308238
"2072","70",2,0,1,-0.0820585002607472
"2073","70",3,0,6,-0.0258158094247431
"2074","70",4,0,2,-0.0451242941445735
"2075","70",5,0,3,-0.0055513370977947
"2076","70",6,0,3,-0.0055513370977947
"2077","70",7,0,8,-0.0163450180356578
"2078","70",8,0,11,-0.0215368648920966
"2079","70",9,0,2,-0.0451242941445735
"2080","70",10,0,12,-0.0334193159371204
"2081","70",11,0,4,-0.000606185372318998
"2082","70",12,0,1,-0.0820585002607472
"2083","70",13,0,6,-0.0258158094247431
"2084","70",14,0,12,-0.0334193159371204
"2085","70",15,0,16,-0.0198508787150444
"2086","70",16,0,6,-0.0258158094247431
"2087","70",17,0,5,-0.0132087842308238
"2088","70",18,0,6,-0.0258158094247431
"2089","70",19,0,9,-0.0104114410320097
"2090","70",20,0,20,-0.0115771777774696
"2091","70",21,0,4,-0.000606185372318998
"2092","70",22,0,11,-0.0215368648920966
"2093","70",23,0,6,-0.0258158094247431
"2094","70",24,0,1,-0.0820585002607472
"2095","70",25,0,2,-0.0451242941445735
"2096","70",26,0,7,-0.0305034210207426
"2097","70",27,0,11,-0.0215368648920966
"2098","70",28,0,4,-0.000606185372318998
"2099","70",29,0,6,-0.0258158094247431
"2100","70",30,0,9,-0.0104114410320097
"2101","71",1,0,11,-0.00123316536483748
"2102","71",2,0,9,0.00692650893662007
"2103","71",3,0,3,-0.0048263495970147
"2104","71",4,0,3,-0.0048263495970147
"2105","71",5,0,19,0.00328795988269236
"2106","71",6,0,20,0.00990813234565883
"2107","71",7,0,3,-0.0048263495970147
"2108","71",8,0,2,0.00278638707826035
"2109","71",9,0,1,0.0438914398613116
"2110","71",10,0,1,0.0438914398613116
"2111","71",11,0,7,-0.0212063893050221
"2112","71",12,0,2,0.00278638707826035
"2113","71",13,0,2,0.00278638707826035
"2114","71",14,0,19,0.00328795988269236
"2115","71",15,0,2,0.00278638707826035
"2116","71",16,0,5,-0.0556441635520337
"2117","71",17,0,23,0.00206592813159466
"2118","71",18,0,4,-0.00361328040821931
"2119","71",19,0,12,0.00154349502499286
"2120","71",20,0,5,-0.0556441635520337
"2121","71",21,0,2,0.00278638707826035
"2122","71",22,0,11,-0.00123316536483748
"2123","71",23,0,3,-0.0048263495970147
"2124","71",24,0,7,-0.0212063893050221
"2125","71",25,0,1,0.0438914398613116
"2126","71",26,0,7,-0.0212063893050221
"2127","71",27,0,10,-0.0102056366831739
"2128","71",28,0,3,-0.0048263495970147
"2129","71",29,0,12,0.00154349502499286
"2130","71",30,0,10,-0.0102056366831739
"2131","72",1,0,3,-0.0505214088309427
"2132","72",2,0,1,-0.0491259682452468
"2133","72",3,0,1,-0.0491259682452468
"2134","72",4,0,24,0.0293320720926597
"2135","72",5,0,5,0.0118688651482046
"2136","72",6,0,5,0.0118688651482046
"2137","72",7,0,22,0.0255534794073435
"2138","72",8,0,2,-0.0784024728307301
"2139","72",9,0,2,-0.0784024728307301
"2140","72",10,0,38,0.0149037582043713
"2141","72",11,0,1,-0.0491259682452468
"2142","72",12,0,40,0.00810475936725414
"2143","72",13,0,6,0.00740505036223228
"2144","72",14,0,1,-0.0491259682452468
"2145","72",15,0,2,-0.0784024728307301
"2146","72",16,0,20,0.0285244579982608
"2147","72",17,0,2,-0.0784024728307301
"2148","72",18,0,20,0.0285244579982608
"2149","72",19,0,1,-0.0491259682452468
"2150","72",20,0,1,-0.0491259682452468
"2151","72",21,0,13,0.0258752629781497
"2152","72",22,0,25,0.0361156317287982
"2153","72",23,0,2,-0.0784024728307301
"2154","72",24,0,11,0.0415530732194543
"2155","72",25,0,2,-0.0784024728307301
"2156","72",26,0,31,0.015412760383341
"2157","72",27,0,10,0.0460039456994463
"2158","72",28,0,1,-0.0491259682452468
"2159","72",29,0,22,0.0255534794073435
"2160","72",30,0,24,0.0293320720926597
"2161","73",1,0,1,-0.0213347572496687
"2162","73",2,0,5,0.0413883073447593
"2163","73",3,0,6,0.00911205087815922
"2164","73",4,0,6,0.00911205087815922
"2165","73",5,0,7,0.00236533956345501
"2166","73",6,0,30,-0.00795724884963807
"2167","73",7,0,6,0.00911205087815922
"2168","73",8,0,7,0.00236533956345501
"2169","73",9,0,7,0.00236533956345501
"2170","73",10,0,2,0.0166605631397017
"2171","73",11,0,1,-0.0213347572496687
"2172","73",12,0,3,0.0381279496023905
"2173","73",13,0,6,0.00911205087815922
"2174","73",14,0,7,0.00236533956345501
"2175","73",15,0,9,-0.0115324217242479
"2176","73",16,0,3,0.0381279496023905
"2177","73",17,0,6,0.00911205087815922
"2178","73",18,0,13,-0.0367058803697626
"2179","73",19,0,8,-0.0140781179645181
"2180","73",20,0,8,-0.0140781179645181
"2181","73",21,0,4,0.0456710234026574
"2182","73",22,0,2,0.0166605631397017
"2183","73",23,0,7,0.00236533956345501
"2184","73",24,0,4,0.0456710234026574
"2185","73",25,0,8,-0.0140781179645181
"2186","73",26,0,6,0.00911205087815922
"2187","73",27,0,2,0.0166605631397017
"2188","73",28,0,1,-0.0213347572496687
"2189","73",29,0,9,-0.0115324217242479
"2190","73",30,0,10,-0.011467613933254
"2191","74",28,1,45,1.2335811384724e-18
"2192","74",1,0,15,0.0291303233666029
"2193","74",2,0,2,0.0148195869614327
"2194","74",3,0,3,0.0207296906605575
"2195","74",4,0,2,0.0148195869614327
"2196","74",5,0,2,0.0148195869614327
"2197","74",6,0,4,-0.00984465462955387
"2198","74",7,0,4,-0.00984465462955387
"2199","74",8,0,1,0.139743608955758
"2200","74",9,0,3,0.0207296906605575
"2201","74",10,0,7,0.0330599498485091
"2202","74",11,0,14,0.0315604118837165
"2203","74",12,0,7,0.0330599498485091
"2204","74",13,0,8,0.0393853504107415
"2205","74",14,0,18,0.022486031271958
"2206","74",15,0,3,0.0207296906605575
"2207","74",16,0,23,0.0116281593885575
"2208","74",17,0,15,0.0291303233666029
"2209","74",18,0,18,0.022486031271958
"2210","74",19,0,12,0.047244020895271
"2211","74",20,0,3,0.0207296906605575
"2212","74",21,0,8,0.0393853504107415
"2213","74",22,0,2,0.0148195869614327
"2214","74",23,0,2,0.0148195869614327
"2215","74",24,0,14,0.0315604118837165
"2216","74",25,0,5,0.0177757910894638
"2217","74",26,0,5,0.0177757910894638
"2218","74",27,0,7,0.0330599498485091
"2219","74",29,0,11,0.0449139314609672
"2220","74",30,0,26,0.0124356046439022
"2221","75",1,0,8,-0.00572684303978128
"2222","75",2,0,1,-0.00236371334891098
"2223","75",3,0,3,0.0525036184435645
"2224","75",4,0,9,-0.0130057833923195
"2225","75",5,0,15,-0.0330780018204777
"2226","75",6,0,1,-0.00236371334891098
"2227","75",7,0,4,0.0271286309214796
"2228","75",8,0,18,-0.0260868193949198
"2229","75",9,0,10,-0.0164632059579125
"2230","75",10,0,14,-0.0199165186827304
"2231","75",11,0,4,0.0271286309214796
"2232","75",12,0,22,-0.0269201387371007
"2233","75",13,0,36,0.00372205088664568
"2234","75",14,0,2,0.048153101969829
"2235","75",15,0,18,-0.0260868193949198
"2236","75",16,0,1,-0.00236371334891098
"2237","75",17,0,2,0.048153101969829
"2238","75",18,0,6,-0.00365905920230409
"2239","75",19,0,6,-0.00365905920230409
"2240","75",20,0,4,0.0271286309214796
"2241","75",21,0,14,-0.0199165186827304
"2242","75",22,0,8,-0.00572684303978128
"2243","75",23,0,15,-0.0330780018204777
"2244","75",24,0,2,0.048153101969829
"2245","75",25,0,6,-0.00365905920230409
"2246","75",26,0,12,-0.0170488838304517
"2247","75",27,0,4,0.0271286309214796
"2248","75",28,0,12,-0.0170488838304517
"2249","75",29,0,25,-0.00757208015445094
"2250","75",30,0,29,0.00249241184743105
"2251","76",1,0,7,0.017250580453634
"2252","76",2,0,2,0.0134436345954357
"2253","76",3,0,19,0.00248599044203042
"2254","76",4,0,12,0.00896274550221672
"2255","76",5,0,1,-0.118273766532649
"2256","76",6,0,31,-0.00472467021884063
"2257","76",7,0,4,0.0357917807041983
"2258","76",8,0,2,0.0134436345954357
"2259","76",9,0,1,-0.118273766532649
"2260","76",10,0,1,-0.118273766532649
"2261","76",11,0,18,0.00355197900656088
"2262","76",12,0,12,0.00896274550221672
"2263","76",13,0,18,0.00355197900656088
"2264","76",14,0,3,0.0412036990673112
"2265","76",15,0,14,0.0132087291718486
"2266","76",16,0,13,0.00649964891337637
"2267","76",17,0,4,0.0357917807041983
"2268","76",18,0,22,0.00525091732972379
"2269","76",19,0,1,-0.118273766532649
"2270","76",20,0,9,0.0113088520650307
"2271","76",21,0,1,-0.118273766532649
"2272","76",22,0,6,0.0256096814041423
"2273","76",23,0,2,0.0134436345954357
"2274","76",24,0,1,-0.118273766532649
"2275","76",25,0,6,0.0256096814041423
"2276","76",26,0,1,-0.118273766532649
"2277","76",27,0,17,0.0078733211237141
"2278","76",28,0,21,0.00644449419832676
"2279","76",29,0,6,0.0256096814041423
"2280","76",30,0,14,0.0132087291718486
"2281","77",29,1,45,1.85037170770859e-18
"2282","77",1,0,18,0.00137208574636801
"2283","77",2,0,24,-0.00602251652902576
"2284","77",3,0,15,-0.0111418761808698
"2285","77",4,0,5,-0.0225283064162193
"2286","77",5,0,5,-0.0225283064162193
"2287","77",6,0,1,-0.153658022360677
"2288","77",7,0,19,0.00125689778347231
"2289","77",8,0,4,0.0251514344914811
"2290","77",9,0,28,-0.0075133686263884
"2291","77",10,0,16,0.00330806351629583
"2292","77",11,0,7,-0.0202026554841576
"2293","77",12,0,13,-0.00138642771498628
"2294","77",13,0,1,-0.153658022360677
"2295","77",14,0,1,-0.153658022360677
"2296","77",15,0,19,0.00125689778347231
"2297","77",16,0,1,-0.153658022360677
"2298","77",17,0,4,0.0251514344914811
"2299","77",18,0,26,-0.00947168015856309
"2300","77",19,0,14,-0.00356662849339385
"2301","77",20,0,2,-0.101480814838304
"2302","77",21,0,8,-0.0239471352324082
"2303","77",22,0,22,0.00279385859704616
"2304","77",23,0,4,0.0251514344914811
"2305","77",24,0,1,-0.153658022360677
"2306","77",25,0,1,-0.153658022360677
"2307","77",26,0,5,-0.0225283064162193
"2308","77",27,0,5,-0.0225283064162193
"2309","77",28,0,22,0.00279385859704616
"2310","77",30,0,3,-0.0203638843163288
"2311","78",1,0,3,-0.0305619759026154
"2312","78",2,0,1,0.0246556918686452
"2313","78",3,0,8,-0.0156640922674197
"2314","78",4,0,2,-0.0464231640517178
"2315","78",5,0,13,0.0123373572085382
"2316","78",6,0,4,-0.0305383229689614
"2317","78",7,0,19,-0.00986009141494741
"2318","78",8,0,4,-0.0305383229689614
"2319","78",9,0,3,-0.0305619759026154
"2320","78",10,0,10,-0.0321217407724935
"2321","78",11,0,21,-0.013607388169173
"2322","78",12,0,9,-0.0151568966426591
"2323","78",13,0,10,-0.0321217407724935
"2324","78",14,0,3,-0.0305619759026154
"2325","78",15,0,3,-0.0305619759026154
"2326","78",16,0,19,-0.00986009141494741
"2327","78",17,0,5,0.00310515529698706
"2328","78",18,0,8,-0.0156640922674197
"2329","78",19,0,1,0.0246556918686452
"2330","78",20,0,4,-0.0305383229689614
"2331","78",21,0,7,-0.00923202742633739
"2332","78",22,0,32,-0.0067968481172654
"2333","78",23,0,18,0.00696130482967518
"2334","78",24,0,1,0.0246556918686452
"2335","78",25,0,2,-0.0464231640517178
"2336","78",26,0,4,-0.0305383229689614
"2337","78",27,0,7,-0.00923202742633739
"2338","78",28,0,6,0.00246405329032961
"2339","78",29,0,6,0.00246405329032961
"2340","78",30,0,10,-0.0321217407724935
"2341","79",1,0,6,-0.086172510126554
"2342","79",2,0,1,-0.0680730241282916
"2343","79",3,0,30,0.0133376881864151
"2344","79",4,0,7,-0.0668929213291363
"2345","79",5,0,1,-0.0680730241282916
"2346","79",6,0,4,-0.0745675925939594
"2347","79",7,0,9,-0.0420531995085394
"2348","79",8,0,3,-0.029724553242217
"2349","79",9,0,4,-0.0745675925939594
"2350","79",10,0,1,-0.0680730241282916
"2351","79",11,0,10,-0.0367681728410742
"2352","79",12,0,18,-0.0037416775968113
"2353","79",13,0,4,-0.0745675925939594
"2354","79",14,0,34,0.00855508461396206
"2355","79",15,0,1,-0.0680730241282916
"2356","79",16,0,3,-0.029724553242217
"2357","79",17,0,1,-0.0680730241282916
"2358","79",18,0,14,-0.0240129221133461
"2359","79",19,0,3,-0.029724553242217
"2360","79",20,0,12,-0.0430020099414903
"2361","79",21,0,6,-0.086172510126554
"2362","79",22,0,8,-0.0664816692465996
"2363","79",23,0,4,-0.0745675925939594
"2364","79",24,0,1,-0.0680730241282916
"2365","79",25,0,2,0.00456045182251562
"2366","79",26,0,11,-0.037835062518483
"2367","79",27,0,1,-0.0680730241282916
"2368","79",28,0,38,0.0107276470432913
"2369","79",29,0,12,-0.0430020099414903
"2370","79",30,0,2,0.00456045182251562
"2371","80",27,1,45,-2.46716227694479e-18
"2372","80",1,0,10,-5.21183764836397e-06
"2373","80",2,0,13,-0.00088199127125066
"2374","80",3,0,10,-5.21183764836397e-06
"2375","80",4,0,4,0.0301606621898556
"2376","80",5,0,8,0.009065314639366
"2377","80",6,0,34,0.00114805941297049
"2378","80",7,0,5,0.0109452232625079
"2379","80",8,0,9,0.00433048205962271
"2380","80",9,0,13,-0.00088199127125066
"2381","80",10,0,24,0.0141875854880715
"2382","80",11,0,3,0.00731962944710377
"2383","80",12,0,31,0.0100440434305177
"2384","80",13,0,5,0.0109452232625079
"2385","80",14,0,7,0.0353999110887122
"2386","80",15,0,18,-0.0110690958275428
"2387","80",16,0,3,0.00731962944710377
"2388","80",17,0,6,0.00545077349707657
"2389","80",18,0,18,-0.0110690958275428
"2390","80",19,0,8,0.009065314639366
"2391","80",20,0,25,0.0119747473114957
"2392","80",21,0,2,0.0185722833063016
"2393","80",22,0,10,-5.21183764836397e-06
"2394","80",23,0,22,0.00671355785109995
"2395","80",24,0,5,0.0109452232625079
"2396","80",25,0,12,0.011813063427969
"2397","80",26,0,6,0.00545077349707657
"2398","80",28,0,1,0.099537332468804
"2399","80",29,0,3,0.00731962944710377
"2400","80",30,0,10,-5.21183764836397e-06
"2401","81",1,0,2,-0.036926792728047
"2402","81",2,0,7,-0.00938842580451482
"2403","81",3,0,29,-0.013537815499998
"2404","81",4,0,7,-0.00938842580451482
"2405","81",5,0,11,-0.0194001034098696
"2406","81",6,0,5,-0.0242367935708556
"2407","81",7,0,1,-0.123140345296972
"2408","81",8,0,12,-0.0234871963661221
"2409","81",9,0,19,-0.0213572327858593
"2410","81",10,0,8,-0.010470456535011
"2411","81",11,0,2,-0.036926792728047
"2412","81",12,0,9,-0.00308026276506073
"2413","81",13,0,6,-0.00141660907893635
"2414","81",14,0,19,-0.0213572327858593
"2415","81",15,0,16,-0.0112507967626882
"2416","81",16,0,9,-0.00308026276506073
"2417","81",17,0,10,-0.0111398978771188
"2418","81",18,0,12,-0.0234871963661221
"2419","81",19,0,5,-0.0242367935708556
"2420","81",20,0,7,-0.00938842580451482
"2421","81",21,0,7,-0.00938842580451482
"2422","81",22,0,3,-0.0511902848694573
"2423","81",23,0,2,-0.036926792728047
"2424","81",24,0,10,-0.0111398978771188
"2425","81",25,0,5,-0.0242367935708556
"2426","81",26,0,13,-0.0250424193911981
"2427","81",27,0,23,-0.00514043794998754
"2428","81",28,0,6,-0.00141660907893635
"2429","81",29,0,2,-0.036926792728047
"2430","81",30,0,8,-0.010470456535011
"2431","82",1,0,5,-0.00521180855523218
"2432","82",2,0,13,0.0273786984873848
"2433","82",3,0,8,0.0299450197807206
"2434","82",4,0,10,0.0317226020455728
"2435","82",5,0,2,0.0831089215794503
"2436","82",6,0,1,0.0892433544360547
"2437","82",7,0,14,0.0128858705660183
"2438","82",8,0,14,0.0128858705660183
"2439","82",9,0,2,0.0831089215794503
"2440","82",10,0,6,0.00538454673482171
"2441","82",11,0,4,0.00524058217585459
"2442","82",12,0,2,0.0831089215794503
"2443","82",13,0,3,0.0721297501111322
"2444","82",14,0,4,0.00524058217585459
"2445","82",15,0,3,0.0721297501111322
"2446","82",16,0,5,-0.00521180855523218
"2447","82",17,0,13,0.0273786984873848
"2448","82",18,0,9,0.0294244562113329
"2449","82",19,0,22,-0.00277330940434546
"2450","82",20,0,21,0.00618678389725903
"2451","82",21,0,4,0.00524058217585459
"2452","82",22,0,16,0.00844944513735061
"2453","82",23,0,6,0.00538454673482171
"2454","82",24,0,7,0.0364200224485821
"2455","82",25,0,1,0.0892433544360547
"2456","82",26,0,8,0.0299450197807206
"2457","82",27,0,2,0.0831089215794503
"2458","82",28,0,9,0.0294244562113329
"2459","82",29,0,1,0.0892433544360547
"2460","82",30,0,1,0.0892433544360547
"2461","83",1,0,4,-0.0356051060192216
"2462","83",2,0,10,-0.0142208645597087
"2463","83",3,0,4,-0.0356051060192216
"2464","83",4,0,31,0.00680471638630958
"2465","83",5,0,37,-0.000267043593468506
"2466","83",6,0,14,-0.00838952388837338
"2467","83",7,0,2,0.0201419853262406
"2468","83",8,0,7,-0.030908746758252
"2469","83",9,0,24,-0.00210596700041437
"2470","83",10,0,9,-0.0335408167608224
"2471","83",11,0,1,-0.0486178915244802
"2472","83",12,0,6,-0.0228488101231091
"2473","83",13,0,3,-0.0458799758960262
"2474","83",14,0,15,-0.00556036518070176
"2475","83",15,0,7,-0.030908746758252
"2476","83",16,0,27,0.00157924904403821
"2477","83",17,0,3,-0.0458799758960262
"2478","83",18,0,5,-0.0131908783713945
"2479","83",19,0,3,-0.0458799758960262
"2480","83",20,0,3,-0.0458799758960262
"2481","83",21,0,16,-0.00401490541881453
"2482","83",22,0,17,-0.00844643944730636
"2483","83",23,0,4,-0.0356051060192216
"2484","83",24,0,20,-0.00767617319362607
"2485","83",25,0,18,-0.0105705720858282
"2486","83",26,0,1,-0.0486178915244802
"2487","83",27,0,16,-0.00401490541881453
"2488","83",28,0,2,0.0201419853262406
"2489","83",29,0,3,-0.0458799758960262
"2490","83",30,0,4,-0.0356051060192216
"2491","84",1,0,5,-0.0346256587920677
"2492","84",2,0,8,-0.0439413553608212
"2493","84",3,0,2,0.0124686839431445
"2494","84",4,0,20,-0.00352651989788728
"2495","84",5,0,6,-0.047952891402998
"2496","84",6,0,8,-0.0439413553608212
"2497","84",7,0,13,-0.00669289425145006
"2498","84",8,0,3,0.0165243323910915
"2499","84",9,0,10,-0.0317219472338426
"2500","84",10,0,22,-0.00873149846044419
"2501","84",11,0,17,-0.00331662677220517
"2502","84",12,0,6,-0.047952891402998
"2503","84",13,0,2,0.0124686839431445
"2504","84",14,0,7,-0.0271205526936359
"2505","84",15,0,11,-0.00557131805614143
"2506","84",16,0,11,-0.00557131805614143
"2507","84",17,0,5,-0.0346256587920677
"2508","84",18,0,5,-0.0346256587920677
"2509","84",19,0,5,-0.0346256587920677
"2510","84",20,0,4,0.0182267183582701
"2511","84",21,0,22,-0.00873149846044419
"2512","84",22,0,2,0.0124686839431445
"2513","84",23,0,2,0.0124686839431445
"2514","84",24,0,4,0.0182267183582701
"2515","84",25,0,5,-0.0346256587920677
"2516","84",26,0,25,-0.010339940089404
"2517","84",27,0,2,0.0124686839431445
"2518","84",28,0,11,-0.00557131805614143
"2519","84",29,0,1,0.0538545280327498
"2520","84",30,0,8,-0.0439413553608212
"2521","85",1,0,2,-0.0481601530587985
"2522","85",2,0,7,-0.0450382174182121
"2523","85",3,0,2,-0.0481601530587985
"2524","85",4,0,4,-0.0179021367464623
"2525","85",5,0,17,-0.0298224063490153
"2526","85",6,0,7,-0.0450382174182121
"2527","85",7,0,1,0.042496502568039
"2528","85",8,0,6,-0.0333611222595314
"2529","85",9,0,2,-0.0481601530587985
"2530","85",10,0,3,-0.00132713729617171
"2531","85",11,0,13,-0.0395852764633379
"2532","85",12,0,3,-0.00132713729617171
"2533","85",13,0,8,-0.0426875358925538
"2534","85",14,0,30,-0.00672594750214638
"2535","85",15,0,13,-0.0395852764633379
"2536","85",16,0,16,-0.0331097545118646
"2537","85",17,0,13,-0.0395852764633379
"2538","85",18,0,4,-0.0179021367464623
"2539","85",19,0,2,-0.0481601530587985
"2540","85",20,0,3,-0.00132713729617171
"2541","85",21,0,2,-0.0481601530587985
"2542","85",22,0,2,-0.0481601530587985
"2543","85",23,0,15,-0.0221401885240594
"2544","85",24,0,5,-0.0114666985599126
"2545","85",25,0,11,-0.0334753363491318
"2546","85",26,0,3,-0.00132713729617171
"2547","85",27,0,2,-0.0481601530587985
"2548","85",28,0,1,0.042496502568039
"2549","85",29,0,4,-0.0179021367464623
"2550","85",30,0,2,-0.0481601530587985
"2551","86",1,0,17,0.0312147125327358
"2552","86",2,0,1,-0.0712199310333468
"2553","86",3,0,2,-0.0224666227069529
"2554","86",4,0,3,-0.0218772894243766
"2555","86",5,0,35,-0.00167720089399432
"2556","86",6,0,10,0.00996168504367867
"2557","86",7,0,6,-0.00785896687262275
"2558","86",8,0,4,-0.0359063250294856
"2559","86",9,0,15,0.043527416926625
"2560","86",10,0,30,-0.00381298556535907
"2561","86",11,0,5,-0.0227996263853662
"2562","86",12,0,4,-0.0359063250294856
"2563","86",13,0,10,0.00996168504367867
"2564","86",14,0,1,-0.0712199310333468
"2565","86",15,0,3,-0.0218772894243766
"2566","86",16,0,2,-0.0224666227069529
"2567","86",17,0,14,0.0475782841258192
"2568","86",18,0,2,-0.0224666227069529
"2569","86",19,0,3,-0.0218772894243766
"2570","86",20,0,5,-0.0227996263853662
"2571","86",21,0,3,-0.0218772894243766
"2572","86",22,0,4,-0.0359063250294856
"2573","86",23,0,9,0.00495300469509613
"2574","86",24,0,6,-0.00785896687262275
"2575","86",25,0,6,-0.00785896687262275
"2576","86",26,0,1,-0.0712199310333468
"2577","86",27,0,26,0.0195393471722546
"2578","86",28,0,3,-0.0218772894243766
"2579","86",29,0,27,0.0156924660048239
"2580","86",30,0,8,-0.00660638581816818
"2581","87",1,0,12,0.0284017898136629
"2582","87",2,0,40,0.000743840943305025
"2583","87",3,0,3,-0.0219369625262541
"2584","87",4,0,10,0.00623546308310066
"2585","87",5,0,5,-0.00998668239960909
"2586","87",6,0,4,-0.0207696005528322
"2587","87",7,0,6,-0.0279620207059504
"2588","87",8,0,15,0.0134649776474249
"2589","87",9,0,6,-0.0279620207059504
"2590","87",10,0,1,0.0295631831274373
"2591","87",11,0,15,0.0134649776474249
"2592","87",12,0,1,0.0295631831274373
"2593","87",13,0,4,-0.0207696005528322
"2594","87",14,0,16,0.0136183079826405
"2595","87",15,0,2,0.0296171062563108
"2596","87",16,0,8,-0.0104467034965646
"2597","87",17,0,1,0.0295631831274373
"2598","87",18,0,2,0.0296171062563108
"2599","87",19,0,17,0.00567506751223333
"2600","87",20,0,1,0.0295631831274373
"2601","87",21,0,4,-0.0207696005528322
"2602","87",22,0,8,-0.0104467034965646
"2603","87",23,0,4,-0.0207696005528322
"2604","87",24,0,11,0.0177989517393111
"2605","87",25,0,1,0.0295631831274373
"2606","87",26,0,1,0.0295631831274373
"2607","87",27,0,6,-0.0279620207059504
"2608","87",28,0,15,0.0134649776474249
"2609","87",29,0,6,-0.0279620207059504
"2610","87",30,0,10,0.00623546308310066
"2611","88",1,0,6,0.0081855972304607
"2612","88",2,0,5,0.0198758886496085
"2613","88",3,0,4,0.00525473707975447
"2614","88",4,0,1,0.0222491348429607
"2615","88",5,0,19,0.0358549151268119
"2616","88",6,0,2,-0.0173328737112803
"2617","88",7,0,10,0.00260853333820023
"2618","88",8,0,20,0.0280832925163239
"2619","88",9,0,15,0.0420438706101683
"2620","88",10,0,1,0.0222491348429607
"2621","88",11,0,7,-0.01342728562415
"2622","88",12,0,1,0.0222491348429607
"2623","88",13,0,25,0.00990843978252383
"2624","88",14,0,9,-0.00418970324694401
"2625","88",15,0,14,0.038680676789481
"2626","88",16,0,41,-0.00326528257524255
"2627","88",17,0,7,-0.01342728562415
"2628","88",18,0,5,0.0198758886496085
"2629","88",19,0,20,0.0280832925163239
"2630","88",20,0,1,0.0222491348429607
"2631","88",21,0,11,0.012802009786537
"2632","88",22,0,21,0.0192634944514593
"2633","88",23,0,4,0.00525473707975447
"2634","88",24,0,2,-0.0173328737112803
"2635","88",25,0,7,-0.01342728562415
"2636","88",26,0,1,0.0222491348429607
"2637","88",27,0,25,0.00990843978252383
"2638","88",28,0,6,0.0081855972304607
"2639","88",29,0,10,0.00260853333820023
"2640","88",30,0,7,-0.01342728562415
"2641","89",1,0,7,0.024971761688433
"2642","89",2,0,5,0.0632049953233565
"2643","89",3,0,2,0.12555252758453
"2644","89",4,0,3,0.119590245543285
"2645","89",5,0,10,0.0153914782112519
"2646","89",6,0,4,0.101734200109042
"2647","89",7,0,12,0.0124544647036776
"2648","89",8,0,15,0.0237677411106241
"2649","89",9,0,6,0.0441886414485737
"2650","89",10,0,7,0.024971761688433
"2651","89",11,0,7,0.024971761688433
"2652","89",12,0,3,0.119590245543285
"2653","89",13,0,27,0.00149670096762625
"2654","89",14,0,9,0.0344610279356913
"2655","89",15,0,6,0.0441886414485737
"2656","89",16,0,1,0.0628718765002363
"2657","89",17,0,1,0.0628718765002363
"2658","89",18,0,6,0.0441886414485737
"2659","89",19,0,2,0.12555252758453
"2660","89",20,0,5,0.0632049953233565
"2661","89",21,0,5,0.0632049953233565
"2662","89",22,0,22,0.00919486909542899
"2663","89",23,0,4,0.101734200109042
"2664","89",24,0,9,0.0344610279356913
"2665","89",25,0,2,0.12555252758453
"2666","89",26,0,33,-0.00482482706142653
"2667","89",27,0,1,0.0628718765002363
"2668","89",28,0,14,0.0174282324449785
"2669","89",29,0,10,0.0153914782112519
"2670","89",30,0,25,0.000978264666004526
"2671","90",29,1,45,9.56025382316107e-18
"2672","90",1,0,11,-0.00150503415668426
"2673","90",2,0,7,-0.0339965368867595
"2674","90",3,0,2,0.0491856829868197
"2675","90",4,0,4,-0.0133825323085476
"2676","90",5,0,5,-0.0229312281365456
"2677","90",6,0,7,-0.0339965368867595
"2678","90",7,0,3,-0.0135528938405191
"2679","90",8,0,4,-0.0133825323085476
"2680","90",9,0,18,0.022325391182846
"2681","90",10,0,9,-0.00488565732547591
"2682","90",11,0,14,0.0210799674212549
"2683","90",12,0,7,-0.0339965368867595
"2684","90",13,0,3,-0.0135528938405191
"2685","90",14,0,7,-0.0339965368867595
"2686","90",15,0,3,-0.0135528938405191
"2687","90",16,0,2,0.0491856829868197
"2688","90",17,0,24,0.0219536561053229
"2689","90",18,0,20,0.0156746161807217
"2690","90",19,0,26,0.03094760791711
"2691","90",20,0,17,0.0222834523029105
"2692","90",21,0,5,-0.0229312281365456
"2693","90",22,0,5,-0.0229312281365456
"2694","90",23,0,4,-0.0133825323085476
"2695","90",24,0,5,-0.0229312281365456
"2696","90",25,0,1,0.109955170434393
"2697","90",26,0,3,-0.0135528938405191
"2698","90",27,0,5,-0.0229312281365456
"2699","90",28,0,5,-0.0229312281365456
"2700","90",30,0,10,-0.0146413293923964
"2701","91",1,0,10,0.00712532812128614
"2702","91",2,0,1,-0.00715367287248452
"2703","91",3,0,32,0.0125061504466244
"2704","91",4,0,2,0.0298286271891157
"2705","91",5,0,7,-0.0245277571812878
"2706","91",6,0,12,-0.000417639166274652
"2707","91",7,0,2,0.0298286271891157
"2708","91",8,0,3,0.000224472299674606
"2709","91",9,0,3,0.000224472299674606
"2710","91",10,0,11,0.0107823354601971
"2711","91",11,0,1,-0.00715367287248452
"2712","91",12,0,3,0.000224472299674606
"2713","91",13,0,5,-0.022962879183629
"2714","91",14,0,12,-0.000417639166274652
"2715","91",15,0,6,-0.00994282229093136
"2716","91",16,0,10,0.00712532812128614
"2717","91",17,0,12,-0.000417639166274652
"2718","91",18,0,3,0.000224472299674606
"2719","91",19,0,8,-0.0118155953202636
"2720","91",20,0,21,0.023589191145145
"2721","91",21,0,4,-0.0155658407917017
"2722","91",22,0,23,0.0230876251236531
"2723","91",23,0,3,0.000224472299674606
"2724","91",24,0,1,-0.00715367287248452
"2725","91",25,0,23,0.0230876251236531
"2726","91",26,0,11,0.0107823354601971
"2727","91",27,0,7,-0.0245277571812878
"2728","91",28,0,21,0.023589191145145
"2729","91",29,0,8,-0.0118155953202636
"2730","91",30,0,8,-0.0118155953202636
"2731","92",1,0,2,0.0180717863647789
"2732","92",2,0,12,0.0116086737535703
"2733","92",3,0,10,0.0106623216907487
"2734","92",4,0,11,0.00832252152670732
"2735","92",5,0,2,0.0180717863647789
"2736","92",6,0,22,0.0195824467279978
"2737","92",7,0,2,0.0180717863647789
"2738","92",8,0,2,0.0180717863647789
"2739","92",9,0,4,0.0191556797379714
"2740","92",10,0,2,0.0180717863647789
"2741","92",11,0,3,0.0207102026784366
"2742","92",12,0,4,0.0191556797379714
"2743","92",13,0,8,0.0214579831938196
"2744","92",14,0,11,0.00832252152670732
"2745","92",15,0,2,0.0180717863647789
"2746","92",16,0,8,0.0214579831938196
"2747","92",17,0,3,0.0207102026784366
"2748","92",18,0,3,0.0207102026784366
"2749","92",19,0,14,0.0162697345365948
"2750","92",20,0,15,0.01025186912931
"2751","92",21,0,6,0.0206329570838347
"2752","92",22,0,4,0.0191556797379714
"2753","92",23,0,2,0.0180717863647789
"2754","92",24,0,9,0.00802681873115944
"2755","92",25,0,6,0.0206329570838347
"2756","92",26,0,4,0.0191556797379714
"2757","92",27,0,12,0.0116086737535703
"2758","92",28,0,2,0.0180717863647789
"2759","92",29,0,22,0.0195824467279978
"2760","92",30,0,11,0.00832252152670732
"2761","93",1,0,4,0.0154270416761164
"2762","93",2,0,29,0.00801683684659887
"2763","93",3,0,9,0.00865056736460914
"2764","93",4,0,8,0.00858519311812934
"2765","93",5,0,12,0.0245518702855177
"2766","93",6,0,6,0.000847705570219464
"2767","93",7,0,6,0.000847705570219464
"2768","93",8,0,5,0.0376853992366533
"2769","93",9,0,2,0.0392683961520456
"2770","93",10,0,18,0.0316589695007563
"2771","93",11,0,35,0.0120088538122227
"2772","93",12,0,1,0.00288330019668282
"2773","93",13,0,1,0.00288330019668282
"2774","93",14,0,21,0.0208527446776984
"2775","93",15,0,11,0.0201702255828374
"2776","93",16,0,4,0.0154270416761164
"2777","93",17,0,4,0.0154270416761164
"2778","93",18,0,9,0.00865056736460914
"2779","93",19,0,15,0.0266955845632371
"2780","93",20,0,11,0.0201702255828374
"2781","93",21,0,22,0.0241485055675817
"2782","93",22,0,6,0.000847705570219464
"2783","93",23,0,20,0.0293401377877184
"2784","93",24,0,21,0.0208527446776984
"2785","93",25,0,5,0.0376853992366533
"2786","93",26,0,5,0.0376853992366533
"2787","93",27,0,4,0.0154270416761164
"2788","93",28,0,24,0.0269113167784589
"2789","93",29,0,8,0.00858519311812934
"2790","93",30,0,6,0.000847705570219464
"2791","94",1,0,6,0.0364947971995294
"2792","94",2,0,19,0.0160236125882484
"2793","94",3,0,4,-0.0147741120964391
"2794","94",4,0,3,0.0181011396606495
"2795","94",5,0,13,0.0310852004153364
"2796","94",6,0,7,0.03327826086707
"2797","94",7,0,4,-0.0147741120964391
"2798","94",8,0,2,-0.0566206365679161
"2799","94",9,0,2,-0.0566206365679161
"2800","94",10,0,2,-0.0566206365679161
"2801","94",11,0,11,0.0330446533616566
"2802","94",12,0,1,-0.0198196982376612
"2803","94",13,0,17,0.0290703621223664
"2804","94",14,0,16,0.0247081473113288
"2805","94",15,0,3,0.0181011396606495
"2806","94",16,0,4,-0.0147741120964391
"2807","94",17,0,1,-0.0198196982376612
"2808","94",18,0,8,0.026218656958804
"2809","94",19,0,7,0.03327826086707
"2810","94",20,0,4,-0.0147741120964391
"2811","94",21,0,1,-0.0198196982376612
"2812","94",22,0,8,0.026218656958804
"2813","94",23,0,5,0.0152030596091774
"2814","94",24,0,4,-0.0147741120964391
"2815","94",25,0,5,0.0152030596091774
"2816","94",26,0,3,0.0181011396606495
"2817","94",27,0,1,-0.0198196982376612
"2818","94",28,0,4,-0.0147741120964391
"2819","94",29,0,15,0.030572247592992
"2820","94",30,0,13,0.0310852004153364
"2821","95",1,0,17,-0.00704531432123406
"2822","95",2,0,3,-0.00502297471122048
"2823","95",3,0,2,-0.0414218844430771
"2824","95",4,0,16,-0.00531441215670899
"2825","95",5,0,11,0.0169013717117564
"2826","95",6,0,9,0.0243762671537232
"2827","95",7,0,12,0.0042890420360099
"2828","95",8,0,3,-0.00502297471122048
"2829","95",9,0,12,0.0042890420360099
"2830","95",10,0,1,-0.139466637673697
"2831","95",11,0,8,0.0190852492785204
"2832","95",12,0,12,0.0042890420360099
"2833","95",13,0,16,-0.00531441215670899
"2834","95",14,0,1,-0.139466637673697
"2835","95",15,0,7,0.00589814398045025
"2836","95",16,0,1,-0.139466637673697
"2837","95",17,0,13,-0.00678878091955487
"2838","95",18,0,41,-0.00669993695613769
"2839","95",19,0,2,-0.0414218844430771
"2840","95",20,0,4,-0.0151003075030358
"2841","95",21,0,12,0.0042890420360099
"2842","95",22,0,12,0.0042890420360099
"2843","95",23,0,1,-0.139466637673697
"2844","95",24,0,1,-0.139466637673697
"2845","95",25,0,15,-0.00303226314259199
"2846","95",26,0,1,-0.139466637673697
"2847","95",27,0,3,-0.00502297471122048
"2848","95",28,0,14,-0.0128936678594563
"2849","95",29,0,11,0.0169013717117564
"2850","95",30,0,4,-0.0151003075030358
"2851","96",1,0,5,-0.0310956102582955
"2852","96",2,0,3,-0.0025515942762493
"2853","96",3,0,3,-0.0025515942762493
"2854","96",4,0,14,-0.022125127696877
"2855","96",5,0,3,-0.0025515942762493
"2856","96",6,0,13,-0.0203490088500589
"2857","96",7,0,15,-0.0178977572059644
"2858","96",8,0,6,-0.0370347217205437
"2859","96",9,0,18,-0.00819435111422303
"2860","96",10,0,20,-0.0172755258745483
"2861","96",11,0,7,-0.0483775866768511
"2862","96",12,0,4,-0.0186065963693867
"2863","96",13,0,6,-0.0370347217205437
"2864","96",14,0,4,-0.0186065963693867
"2865","96",15,0,3,-0.0025515942762493
"2866","96",16,0,10,-0.00140215063408492
"2867","96",17,0,6,-0.0370347217205437
"2868","96",18,0,8,-0.0253522046641304
"2869","96",19,0,6,-0.0370347217205437
"2870","96",20,0,4,-0.0186065963693867
"2871","96",21,0,16,-0.0143139775309251
"2872","96",22,0,10,-0.00140215063408492
"2873","96",23,0,12,-0.0182895134368809
"2874","96",24,0,10,-0.00140215063408492
"2875","96",25,0,9,-0.000690800326765514
"2876","96",26,0,5,-0.0310956102582955
"2877","96",27,0,4,-0.0186065963693867
"2878","96",28,0,3,-0.0025515942762493
"2879","96",29,0,32,-0.0126935111193258
"2880","96",30,0,1,0.0365647377877729
"2881","97",1,0,9,-0.00558894594574529
"2882","97",2,0,8,0.00459585816888266
"2883","97",3,0,13,0.0178521753722257
"2884","97",4,0,1,0.0731304980099743
"2885","97",5,0,2,0.0169050244485415
"2886","97",6,0,1,0.0731304980099743
"2887","97",7,0,18,0.030862426473166
"2888","97",8,0,1,0.0731304980099743
"2889","97",9,0,1,0.0731304980099743
"2890","97",10,0,2,0.0169050244485415
"2891","97",11,0,4,-0.0163974322091299
"2892","97",12,0,5,0.0188602055665689
"2893","97",13,0,5,0.0188602055665689
"2894","97",14,0,8,0.00459585816888266
"2895","97",15,0,41,-0.0033723176280388
"2896","97",16,0,2,0.0169050244485415
"2897","97",17,0,11,0.0128002958486999
"2898","97",18,0,8,0.00459585816888266
"2899","97",19,0,8,0.00459585816888266
"2900","97",20,0,15,0.0136342226123283
"2901","97",21,0,7,0.0132202460134726
"2902","97",22,0,2,0.0169050244485415
"2903","97",23,0,4,-0.0163974322091299
"2904","97",24,0,9,-0.00558894594574529
"2905","97",25,0,9,-0.00558894594574529
"2906","97",26,0,12,0.0152051100512137
"2907","97",27,0,4,-0.0163974322091299
"2908","97",28,0,18,0.030862426473166
"2909","97",29,0,35,0.000244565251637675
"2910","97",30,0,2,0.0169050244485415
"2911","98",1,0,10,-0.0191901025598932
"2912","98",2,0,8,-0.0154495836869389
"2913","98",3,0,4,0.0261106594496919
"2914","98",4,0,5,0.0065275259901652
"2915","98",5,0,1,-0.0997308281706444
"2916","98",6,0,1,-0.0997308281706444
"2917","98",7,0,10,-0.0191901025598932
"2918","98",8,0,1,-0.0997308281706444
"2919","98",9,0,21,-0.0170261478878952
"2920","98",10,0,13,-0.0234727805780784
"2921","98",11,0,11,-0.0213550698111697
"2922","98",12,0,9,-0.0274802801594501
"2923","98",13,0,8,-0.0154495836869389
"2924","98",14,0,21,-0.0170261478878952
"2925","98",15,0,9,-0.0274802801594501
"2926","98",16,0,11,-0.0213550698111697
"2927","98",17,0,1,-0.0997308281706444
"2928","98",18,0,27,-0.00567314499178578
"2929","98",19,0,10,-0.0191901025598932
"2930","98",20,0,6,-0.0048147680187142
"2931","98",21,0,16,-0.0170247348158992
"2932","98",22,0,11,-0.0213550698111697
"2933","98",23,0,3,-0.00750487171443445
"2934","98",24,0,2,0.0155500178159667
"2935","98",25,0,13,-0.0234727805780784
"2936","98",26,0,2,0.0155500178159667
"2937","98",27,0,3,-0.00750487171443445
"2938","98",28,0,1,-0.0997308281706444
"2939","98",29,0,1,-0.0997308281706444
"2940","98",30,0,34,0.000423135497580952
"2941","99",1,0,21,-0.0222488296851054
"2942","99",2,0,11,-0.00763534406367458
"2943","99",3,0,16,-0.0104460650335878
"2944","99",4,0,7,0.00511006437472166
"2945","99",5,0,18,-0.00689082279505428
"2946","99",6,0,40,-0.0142515492375765
"2947","99",7,0,3,0.0558805724183096
"2948","99",8,0,11,-0.00763534406367458
"2949","99",9,0,19,-0.00827339432134471
"2950","99",10,0,5,-0.0107841891420983
"2951","99",11,0,3,0.0558805724183096
"2952","99",12,0,12,-0.0131452464378792
"2953","99",13,0,5,-0.0107841891420983
"2954","99",14,0,3,0.0558805724183096
"2955","99",15,0,9,-0.00655872350369791
"2956","99",16,0,4,0.000762143248826154
"2957","99",17,0,15,-0.011545359178654
"2958","99",18,0,13,-0.0148542288379392
"2959","99",19,0,4,0.000762143248826154
"2960","99",20,0,5,-0.0107841891420983
"2961","99",21,0,2,0.0770409928839266
"2962","99",22,0,4,0.000762143248826154
"2963","99",23,0,4,0.000762143248826154
"2964","99",24,0,18,-0.00689082279505428
"2965","99",25,0,8,-0.0164163182904958
"2966","99",26,0,13,-0.0148542288379392
"2967","99",27,0,7,0.00511006437472166
"2968","99",28,0,11,-0.00763534406367458
"2969","99",29,0,27,-0.0251713080949282
"2970","99",30,0,5,-0.0107841891420983
"2971","100",7,1,45,-2.46716227694479e-18
"2972","100",1,0,23,0.00390314810184061
"2973","100",2,0,13,-0.00103099744095781
"2974","100",3,0,3,-0.0263708166131654
"2975","100",4,0,1,0.0608555574014872
"2976","100",5,0,3,-0.0263708166131654
"2977","100",6,0,19,-0.00197521805627355
"2978","100",8,0,6,0.00664279306078237
"2979","100",9,0,9,0.0084067660491509
"2980","100",10,0,10,0.00217780078920217
"2981","100",11,0,6,0.00664279306078237
"2982","100",12,0,4,-0.0111498513755124
"2983","100",13,0,25,-0.00178629500572007
"2984","100",14,0,9,0.0084067660491509
"2985","100",15,0,1,0.0608555574014872
"2986","100",16,0,3,-0.0263708166131654
"2987","100",17,0,3,-0.0263708166131654
"2988","100",18,0,7,-0.0135158998475531
"2989","100",19,0,11,0.00760520774385973
"2990","100",20,0,3,-0.0263708166131654
"2991","100",21,0,22,0.006568785069283
"2992","100",22,0,10,0.00217780078920217
"2993","100",23,0,2,-0.00192972637848676
"2994","100",24,0,11,0.00760520774385973
"2995","100",25,0,22,0.006568785069283
"2996","100",26,0,4,-0.0111498513755124
"2997","100",27,0,3,-0.0263708166131654
"2998","100",28,0,18,0.00547180961102236
"2999","100",29,0,6,0.00664279306078237
"3000","100",30,0,34,0.00730839770347904
