"Nest_ID","Visit_date","Prev_date","interval","Fate_cat","Initiation_date","Stage","Year_located","Project_ID","UTM_E","UTM_N","UTM_datum_zone","Nest_Ht","Orientation"
"EMFWOR_NCAMC1-01A_2015","2015-06-22","2015-06-18",1,"success","2015-06-06","I",2015,"EM_FWOR",736223.852,4674241.706,"NAD83 10N",2.3,20
"EMFWOR_NCAMC1-01A_2015","2015-06-23","2015-06-22",2,"success","2015-06-06","N",2015,"EM_FWOR",736223.852,4674241.706,"NAD83 10N",2.3,20
"EMFWOR_NCAMC1-01A_2015","2015-07-01","2015-06-23",3,"success","2015-06-06","N",2015,"EM_FWOR",736223.852,4674241.706,"NAD83 10N",2.3,20
"EMFWOR_NCAMC1-01A_2015","2015-07-13","2015-07-01",4,"success","2015-06-06","N",2015,"EM_FWOR",736223.852,4674241.706,"NAD83 10N",2.3,20
"EMFWOR_NCAMC1-01A_2015","2015-07-22","2015-07-13",5,"success","2015-06-06","F",2015,"EM_FWOR",736223.852,4674241.706,"NAD83 10N",2.3,20
"EMFWOR_NCAMC1-01A_2017","2017-06-27","2017-06-24",1,"success","2017-05-23","N",2017,"EM_FWOR",736049.868,4674165.093,"NAD83 10N",4.5,140
"EMFWOR_NCAMC1-01A_2017","2017-06-29","2017-06-27",2,"success","2017-05-23","N",2017,"EM_FWOR",736049.868,4674165.093,"NAD83 10N",4.5,140
"EMFWOR_NCAMC1-01A_2017","2017-07-07","2017-06-29",3,"success","2017-05-23","F",2017,"EM_FWOR",736049.868,4674165.093,"NAD83 10N",4.5,140
"EMFWOR_NCAMC1-02A_2018","2018-07-02","2018-06-28",1,"success","2018-05-28","N",2018,"EM_FWOR",735854.022,4674500.782,"NAD83 10N",5.2,300
"EMFWOR_NCAMC1-02A_2018","2018-07-05","2018-07-02",2,"success","2018-05-28","N",2018,"EM_FWOR",735854.022,4674500.782,"NAD83 10N",5.2,300
"EMFWOR_NCAMC1-02A_2018","2018-07-09","2018-07-05",3,"success","2018-05-28","N",2018,"EM_FWOR",735854.022,4674500.782,"NAD83 10N",5.2,300
"EMFWOR_NCAMC1-02A_2018","2018-07-10","2018-07-09",4,"success","2018-05-28","N",2018,"EM_FWOR",735854.022,4674500.782,"NAD83 10N",5.2,300
"EMFWOR_NCAMC1-02A_2018","2018-07-11","2018-07-10",5,"success","2018-05-28","F",2018,"EM_FWOR",735854.022,4674500.782,"NAD83 10N",5.2,300
"EMFWOR_NCAMC1-02A_2019","2019-06-17","2019-06-13",1,"failure","2019-06-12","L",2019,"EM_FWOR",735854.022,4674500.782,"NAD83 10N",4.6,218
"EMFWOR_NCAMC1-02A_2019","2019-06-20","2019-06-17",2,"failure","2019-06-12","I",2019,"EM_FWOR",735854.022,4674500.782,"NAD83 10N",4.6,218
"EMFWOR_NCAMC1-02A_2019","2019-06-24","2019-06-20",3,"failure","2019-06-12","I",2019,"EM_FWOR",735854.022,4674500.782,"NAD83 10N",4.6,218
"EMFWOR_NCAMC1-02A_2019","2019-06-27","2019-06-24",4,"failure","2019-06-12","N",2019,"EM_FWOR",735854.022,4674500.782,"NAD83 10N",4.6,218
"EMFWOR_NCAMC1-02A_2019","2019-07-01","2019-06-27",5,"failure","2019-06-12","N",2019,"EM_FWOR",735854.022,4674500.782,"NAD83 10N",4.6,218
"EMFWOR_NCAMC1-09A_2015","2015-07-01","2015-06-25",1,"success","2015-06-06","N",2015,"EM_FWOR",734146.046,4674816.711,"NAD83 10N",2.9,108
"EMFWOR_NCAMC1-09A_2015","2015-07-08","2015-07-01",2,"success","2015-06-06","N",2015,"EM_FWOR",734146.046,4674816.711,"NAD83 10N",2.9,108
"EMFWOR_NCAMC1-09A_2015","2015-07-09","2015-07-08",3,"success","2015-06-06","N",2015,"EM_FWOR",734146.046,4674816.711,"NAD83 10N",2.9,108
"EMFWOR_NCAMC1-09A_2015","2015-07-14","2015-07-09",4,"success","2015-06-06","N",2015,"EM_FWOR",734146.046,4674816.711,"NAD83 10N",2.9,108
"EMFWOR_NCAMC1-09A_2015","2015-07-22","2015-07-14",5,"success","2015-06-06","F",2015,"EM_FWOR",734146.046,4674816.711,"NAD83 10N",2.9,108
"EMFWOR_NCAMC1-09A_2018","2018-06-07","2018-06-05",1,"success","2018-05-17","N",2018,"EM_FWOR",734142.735,4674992.744,"NAD83 10N",2.5,141
"EMFWOR_NCAMC1-09A_2018","2018-06-11","2018-06-07",2,"success","2018-05-17","N",2018,"EM_FWOR",734142.735,4674992.744,"NAD83 10N",2.5,141
"EMFWOR_NCAMC1-09A_2018","2018-06-18","2018-06-11",3,"success","2018-05-17","N",2018,"EM_FWOR",734142.735,4674992.744,"NAD83 10N",2.5,141
"EMFWOR_NCAMC1-09A_2018","2018-06-25","2018-06-18",4,"success","2018-05-17","N",2018,"EM_FWOR",734142.735,4674992.744,"NAD83 10N",2.5,141
"EMFWOR_NCAMC1-09A_2018","2018-07-02","2018-06-25",5,"success","2018-05-17","F",2018,"EM_FWOR",734142.735,4674992.744,"NAD83 10N",2.5,141
"EMFWOR_NCAMC1-10A_2017","2017-06-13","2017-06-08",1,"success","2017-05-14","N",2017,"EM_FWOR",734048.834,4675048.08,"NAD83 10N",1.5,109
"EMFWOR_NCAMC1-10A_2017","2017-06-24","2017-06-13",2,"success","2017-05-14","N",2017,"EM_FWOR",734048.834,4675048.08,"NAD83 10N",1.5,109
"EMFWOR_NCAMC1-10A_2017","2017-06-27","2017-06-24",3,"success","2017-05-14","F",2017,"EM_FWOR",734048.834,4675048.08,"NAD83 10N",1.5,109
"EMFWOR_NCAMC1-10A_2020","2020-07-08","2020-07-06",1,"success","2020-06-23","I",2020,"EM_FWOR",734082,4674837,"NAD83 10N",3.6,39
"EMFWOR_NCAMC1-10A_2020","2020-07-13","2020-07-08",2,"success","2020-06-23","N",2020,"EM_FWOR",734082,4674837,"NAD83 10N",3.6,39
"EMFWOR_NCAMC1-10A_2020","2020-07-15","2020-07-13",3,"success","2020-06-23","N",2020,"EM_FWOR",734082,4674837,"NAD83 10N",3.6,39
"EMFWOR_NCAMC1-10A_2020","2020-07-21","2020-07-15",4,"success","2020-06-23","N",2020,"EM_FWOR",734082,4674837,"NAD83 10N",3.6,39
"EMFWOR_NCAMC1-10A_2020","2020-07-24","2020-07-21",5,"success","2020-06-23","N",2020,"EM_FWOR",734082,4674837,"NAD83 10N",3.6,39
"EMFWOR_NCAMC1-10A_2020","2020-07-28","2020-07-24",6,"success","2020-06-23","N",2020,"EM_FWOR",734082,4674837,"NAD83 10N",3.6,39
"EMFWOR_NCAMC1-10A_2020","2020-07-30","2020-07-28",7,"success","2020-06-23","N",2020,"EM_FWOR",734082,4674837,"NAD83 10N",3.6,39
"EMFWOR_NCAMC1-10A_2020","2020-08-03","2020-07-30",8,"success","2020-06-23","N",2020,"EM_FWOR",734082,4674837,"NAD83 10N",3.6,39
"EMFWOR_NCAMC1-10A_2020","2020-08-06","2020-08-03",9,"success","2020-06-23","F",2020,"EM_FWOR",734082,4674837,"NAD83 10N",3.6,39
"EMFWOR_NCAMC2-10A_2018","2018-06-07","2018-06-05",1,"success","2018-05-23","I",2018,"EM_FWOR",734033.352,4673375.115,"NAD83 10N",3.9,82
"EMFWOR_NCAMC2-10A_2018","2018-06-11","2018-06-07",2,"success","2018-05-23","N",2018,"EM_FWOR",734033.352,4673375.115,"NAD83 10N",3.9,82
"EMFWOR_NCAMC2-10A_2018","2018-06-18","2018-06-11",3,"success","2018-05-23","N",2018,"EM_FWOR",734033.352,4673375.115,"NAD83 10N",3.9,82
"EMFWOR_NCAMC2-10A_2018","2018-06-25","2018-06-18",4,"success","2018-05-23","N",2018,"EM_FWOR",734033.352,4673375.115,"NAD83 10N",3.9,82
"EMFWOR_NCAMC2-10A_2018","2018-07-02","2018-06-25",5,"success","2018-05-23","N",2018,"EM_FWOR",734033.352,4673375.115,"NAD83 10N",3.9,82
"EMFWOR_NCAMC2-10A_2018","2018-07-05","2018-07-02",6,"success","2018-05-23","F",2018,"EM_FWOR",734033.352,4673375.115,"NAD83 10N",3.9,82
"EMFWOR_NCAMC2-10A_2019","2019-06-13","2019-06-10",1,"failure","2019-06-03","I",2019,"EM_FWOR",734033.352,4673375.115,"NAD83 10N",3.9,82
"EMFWOR_NCAMC2-10A_2019","2019-06-17","2019-06-13",2,"failure","2019-06-03","I",2019,"EM_FWOR",734033.352,4673375.115,"NAD83 10N",3.9,82
"EMFWOR_NCAMC2-10A_2019","2019-06-20","2019-06-17",3,"failure","2019-06-03","N",2019,"EM_FWOR",734033.352,4673375.115,"NAD83 10N",3.9,82
"EMFWOR_NCAMC2-10A_2019","2019-06-24","2019-06-20",4,"failure","2019-06-03","N",2019,"EM_FWOR",734033.352,4673375.115,"NAD83 10N",3.9,82
"EMFWOR_NCAMC2-10A_2019","2019-06-27","2019-06-24",5,"failure","2019-06-03","N",2019,"EM_FWOR",734033.352,4673375.115,"NAD83 10N",3.9,82
"EMFWOR_NCAMC2-10A_2019","2019-07-01","2019-06-27",6,"failure","2019-06-03","N",2019,"EM_FWOR",734033.352,4673375.115,"NAD83 10N",3.9,82
"EMFWOR_NCAMC2-10A_2019","2019-07-05","2019-07-01",7,"failure","2019-06-03","N",2019,"EM_FWOR",734033.352,4673375.115,"NAD83 10N",3.9,82
"EMFWOR_NCAMC3-08A_2018","2018-06-04","2018-05-31",1,"success","2018-05-20","I",2018,"EM_FWOR",736788.526,4672348.876,"NAD83 10N",3.1,51
"EMFWOR_NCAMC3-08A_2018","2018-06-07","2018-06-04",2,"success","2018-05-20","N",2018,"EM_FWOR",736788.526,4672348.876,"NAD83 10N",3.1,51
"EMFWOR_NCAMC3-08A_2018","2018-06-11","2018-06-07",3,"success","2018-05-20","N",2018,"EM_FWOR",736788.526,4672348.876,"NAD83 10N",3.1,51
"EMFWOR_NCAMC3-08A_2018","2018-06-18","2018-06-11",4,"success","2018-05-20","N",2018,"EM_FWOR",736788.526,4672348.876,"NAD83 10N",3.1,51
"EMFWOR_NCAMC3-08A_2018","2018-06-25","2018-06-18",5,"success","2018-05-20","N",2018,"EM_FWOR",736788.526,4672348.876,"NAD83 10N",3.1,51
"EMFWOR_NCAMC3-08A_2018","2018-07-02","2018-06-25",6,"success","2018-05-20","N",2018,"EM_FWOR",736788.526,4672348.876,"NAD83 10N",3.1,51
"EMFWOR_NCAMC3-08A_2018","2018-07-05","2018-07-02",7,"success","2018-05-20","F",2018,"EM_FWOR",736788.526,4672348.876,"NAD83 10N",3.1,51
"EMFWOR_NCAMC3-08A_2020","2020-06-05","2020-06-01",1,"success","2020-05-25","I",2020,"EM_FWOR",736840,4672331,"NAD83 10N",4.8,102
"EMFWOR_NCAMC3-08A_2020","2020-06-10","2020-06-05",2,"success","2020-05-25","I",2020,"EM_FWOR",736840,4672331,"NAD83 10N",4.8,102
"EMFWOR_NCAMC3-08A_2020","2020-06-18","2020-06-10",3,"success","2020-05-25","N",2020,"EM_FWOR",736840,4672331,"NAD83 10N",4.8,102
"EMFWOR_NCAMC3-08A_2020","2020-06-23","2020-06-18",4,"success","2020-05-25","N",2020,"EM_FWOR",736840,4672331,"NAD83 10N",4.8,102
"EMFWOR_NCAMC3-08A_2020","2020-06-29","2020-06-23",5,"success","2020-05-25","N",2020,"EM_FWOR",736840,4672331,"NAD83 10N",4.8,102
"EMFWOR_NCAMC3-08A_2020","2020-07-01","2020-06-29",6,"success","2020-05-25","N",2020,"EM_FWOR",736840,4672331,"NAD83 10N",4.8,102
"EMFWOR_NCAMC3-08A_2020","2020-07-07","2020-07-01",7,"success","2020-05-25","N",2020,"EM_FWOR",736840,4672331,"NAD83 10N",4.8,102
"EMFWOR_NCAMC3-08A_2020","2020-07-09","2020-07-07",8,"success","2020-05-25","N",2020,"EM_FWOR",736840,4672331,"NAD83 10N",4.8,102
"EMFWOR_NCAMC3-08A_2020","2020-07-13","2020-07-09",9,"success","2020-05-25","F",2020,"EM_FWOR",736840,4672331,"NAD83 10N",4.8,102
"EMFWOR_NCAMC4-01A_2018","2018-07-02","2018-06-28",1,"success","2018-06-03","N",2018,"EM_FWOR",730466.081,4670801.226,"NAD83 10N",3.1,2
"EMFWOR_NCAMC4-01A_2018","2018-07-05","2018-07-02",2,"success","2018-06-03","N",2018,"EM_FWOR",730466.081,4670801.226,"NAD83 10N",3.1,2
"EMFWOR_NCAMC4-01A_2018","2018-07-09","2018-07-05",3,"success","2018-06-03","N",2018,"EM_FWOR",730466.081,4670801.226,"NAD83 10N",3.1,2
"EMFWOR_NCAMC4-01A_2018","2018-07-12","2018-07-09",4,"success","2018-06-03","N",2018,"EM_FWOR",730466.081,4670801.226,"NAD83 10N",3.1,2
"EMFWOR_NCAMC4-01A_2018","2018-07-16","2018-07-12",5,"success","2018-06-03","F",2018,"EM_FWOR",730466.081,4670801.226,"NAD83 10N",3.1,2
"EMFWOR_NCAMC4-01A_2020","2020-06-16","2020-06-10",1,"failure","2020-99-99","I",2020,"EM_FWOR",730397,4670730,"NAD83 10N",1.7,90
"EMFWOR_NCAMC4-01A_2020","2020-06-22","2020-06-16",2,"failure","2020-99-99","I",2020,"EM_FWOR",730397,4670730,"NAD83 10N",1.7,90
"EMFWOR_NCAMC4-07A_2016","2016-07-07","2016-07-05",1,"success","2016-05-29","N",2016,"EM_FWOR",731297.83,4672241.124,"NAD83 10N",1.7,322
"EMFWOR_NCAMC4-07A_2016","2016-07-08","2016-07-07",2,"success","2016-05-29","N",2016,"EM_FWOR",731297.83,4672241.124,"NAD83 10N",1.7,322
"EMFWOR_NCAMC4-07A_2016","2016-07-11","2016-07-08",3,"success","2016-05-29","F",2016,"EM_FWOR",731297.83,4672241.124,"NAD83 10N",1.7,322
"EMFWOR_NCAMC4-07A_2018","2018-06-26","2018-06-20",1,"success","2018-05-23","N",2018,"EM_FWOR",731201.49,4672312.908,"NAD83 10N",1.7,156
"EMFWOR_NCAMC4-07A_2018","2018-07-02","2018-06-26",2,"success","2018-05-23","N",2018,"EM_FWOR",731201.49,4672312.908,"NAD83 10N",1.7,156
"EMFWOR_NCAMC4-07A_2018","2018-07-05","2018-07-02",3,"success","2018-05-23","F",2018,"EM_FWOR",731201.49,4672312.908,"NAD83 10N",1.7,156
"EMFWOR_NCAMC4-07A_2019","2019-06-10","2019-06-06",1,"success","2019-05-26","I",2019,"EM_FWOR",731273.206,4672499.492,"NAD83 10N",3.9,194
"EMFWOR_NCAMC4-07A_2019","2019-06-13","2019-06-10",2,"success","2019-05-26","N",2019,"EM_FWOR",731273.206,4672499.492,"NAD83 10N",3.9,194
"EMFWOR_NCAMC4-07A_2019","2019-06-17","2019-06-13",3,"success","2019-05-26","N",2019,"EM_FWOR",731273.206,4672499.492,"NAD83 10N",3.9,194
"EMFWOR_NCAMC4-07A_2019","2019-06-20","2019-06-17",4,"success","2019-05-26","N",2019,"EM_FWOR",731273.206,4672499.492,"NAD83 10N",3.9,194
"EMFWOR_NCAMC4-07A_2019","2019-06-24","2019-06-20",5,"success","2019-05-26","N",2019,"EM_FWOR",731273.206,4672499.492,"NAD83 10N",3.9,194
"EMFWOR_NCAMC4-07A_2019","2019-06-27","2019-06-24",6,"success","2019-05-26","N",2019,"EM_FWOR",731273.206,4672499.492,"NAD83 10N",3.9,194
"EMFWOR_NCAMC4-07A_2019","2019-07-01","2019-06-27",7,"success","2019-05-26","N",2019,"EM_FWOR",731273.206,4672499.492,"NAD83 10N",3.9,194
"EMFWOR_NCAMC4-07A_2019","2019-07-05","2019-07-01",8,"success","2019-05-26","N",2019,"EM_FWOR",731273.206,4672499.492,"NAD83 10N",3.9,194
"EMFWOR_NCAMC4-07A_2019","2019-07-08","2019-07-05",9,"success","2019-05-26","N",2019,"EM_FWOR",731273.206,4672499.492,"NAD83 10N",3.9,194
"EMFWOR_NCAMC4-07A_2019","2019-07-11","2019-07-08",10,"success","2019-05-26","F",2019,"EM_FWOR",731273.206,4672499.492,"NAD83 10N",3.9,194
"EMFWOR_NCAMC4-09A_2020","2020-06-10","2020-06-05",1,"failure","2020-05-31","I",2020,"EM_FWOR",731999,4672899,"NAD83 10N",2.1,220
"EMFWOR_NCAMC4-09A_2020","2020-06-16","2020-06-10",2,"failure","2020-05-31","I",2020,"EM_FWOR",731999,4672899,"NAD83 10N",2.1,220
"EMFWOR_NCAMC4-10A_2016","2016-07-07","2016-07-05",1,"success","2016-06-01","N",2016,"EM_FWOR",732175.477,4672535.133,"NAD83 10N",4.6,359
"EMFWOR_NCAMC4-10A_2016","2016-07-08","2016-07-07",2,"success","2016-06-01","N",2016,"EM_FWOR",732175.477,4672535.133,"NAD83 10N",4.6,359
"EMFWOR_NCAMC4-10A_2016","2016-07-11","2016-07-08",3,"success","2016-06-01","N",2016,"EM_FWOR",732175.477,4672535.133,"NAD83 10N",4.6,359
"EMFWOR_NCAMC4-10A_2016","2016-07-13","2016-07-11",4,"success","2016-06-01","F",2016,"EM_FWOR",732175.477,4672535.133,"NAD83 10N",4.6,359
"EMFWOR_NCAMC4-10A_2018","2018-07-02","2018-06-28",1,"success","2018-05-22","F",2018,"EM_FWOR",732060.31,4672999.402,"NAD83 10N",1.7,32
"EMFWOR_NCAMC4-10A_2018","2018-07-03","2018-07-02",2,"success","2018-05-22","F",2018,"EM_FWOR",732060.31,4672999.402,"NAD83 10N",1.7,32
"EMFWOR_NCAMC4-10B_2018","2018-05-29","2018-05-24",1,"success","2018-05-22","I",2018,"EM_FWOR",732577.857,4672536.684,"NAD83 10N",2.5,80
"EMFWOR_NCAMC4-10B_2018","2018-06-01","2018-05-29",2,"success","2018-05-22","I",2018,"EM_FWOR",732577.857,4672536.684,"NAD83 10N",2.5,80
"EMFWOR_NCAMC4-10B_2018","2018-06-04","2018-06-01",3,"success","2018-05-22","I",2018,"EM_FWOR",732577.857,4672536.684,"NAD83 10N",2.5,80
"EMFWOR_NCAMC4-10B_2018","2018-06-07","2018-06-04",4,"success","2018-05-22","I",2018,"EM_FWOR",732577.857,4672536.684,"NAD83 10N",2.5,80
"EMFWOR_NCAMC4-10B_2018","2018-06-11","2018-06-07",5,"success","2018-05-22","N",2018,"EM_FWOR",732577.857,4672536.684,"NAD83 10N",2.5,80
"EMFWOR_NCAMC4-10B_2018","2018-06-20","2018-06-11",6,"success","2018-05-22","N",2018,"EM_FWOR",732577.857,4672536.684,"NAD83 10N",2.5,80
"EMFWOR_NCAMC4-10B_2018","2018-06-25","2018-06-20",7,"success","2018-05-22","N",2018,"EM_FWOR",732577.857,4672536.684,"NAD83 10N",2.5,80
"EMFWOR_NCAMC4-10B_2018","2018-07-02","2018-06-25",8,"success","2018-05-22","N",2018,"EM_FWOR",732577.857,4672536.684,"NAD83 10N",2.5,80
"EMFWOR_NCAMC4-10B_2018","2018-07-05","2018-07-02",9,"success","2018-05-22","F",2018,"EM_FWOR",732577.857,4672536.684,"NAD83 10N",2.5,80
"EMFWOR_NCAMC5-01A_2015","2015-06-23","2015-06-18",1,"success","2015-05-30","N",2015,"EM_FWOR",731236.877,4673698.091,"NAD83 10N",2.4,136
"EMFWOR_NCAMC5-01A_2015","2015-07-01","2015-06-23",2,"success","2015-05-30","N",2015,"EM_FWOR",731236.877,4673698.091,"NAD83 10N",2.4,136
"EMFWOR_NCAMC5-01A_2015","2015-07-08","2015-07-01",3,"success","2015-05-30","N",2015,"EM_FWOR",731236.877,4673698.091,"NAD83 10N",2.4,136
"EMFWOR_NCAMC5-01A_2015","2015-07-09","2015-07-08",4,"success","2015-05-30","N",2015,"EM_FWOR",731236.877,4673698.091,"NAD83 10N",2.4,136
"EMFWOR_NCAMC5-01A_2015","2015-07-14","2015-07-09",5,"success","2015-05-30","F",2015,"EM_FWOR",731236.877,4673698.091,"NAD83 10N",2.4,136
"EMFWOR_NCAMC5-01A_2017","2017-06-03","2017-05-31",1,"failure","2017-05-12","N",2017,"EM_FWOR",731257.358,4673696.147,"NAD83 10N",2.4,198
"EMFWOR_NCAMC5-01A_2017","2017-06-08","2017-06-03",2,"failure","2017-05-12","N",2017,"EM_FWOR",731257.358,4673696.147,"NAD83 10N",2.4,198
"EMFWOR_NCAMC5-01A_2017","2017-06-13","2017-06-08",3,"failure","2017-05-12","N",2017,"EM_FWOR",731257.358,4673696.147,"NAD83 10N",2.4,198
"EMFWOR_NCAMC5-01A_2017","2017-06-21","2017-06-13",4,"failure","2017-05-12","N",2017,"EM_FWOR",731257.358,4673696.147,"NAD83 10N",2.4,198
"EMFWOR_NCAMC5-01A_2017","2017-06-24","2017-06-21",5,"failure","2017-05-12","N",2017,"EM_FWOR",731257.358,4673696.147,"NAD83 10N",2.4,198
"EMFWOR_NCAMC5-01A_2018","2018-06-01","2018-05-29",1,"success","2018-05-20","I",2018,"EM_FWOR",731242.445,4673678.932,"NAD83 10N",7.3,243
"EMFWOR_NCAMC5-01A_2018","2018-06-04","2018-06-01",2,"success","2018-05-20","I",2018,"EM_FWOR",731242.445,4673678.932,"NAD83 10N",7.3,243
"EMFWOR_NCAMC5-01A_2018","2018-06-07","2018-06-04",3,"success","2018-05-20","N",2018,"EM_FWOR",731242.445,4673678.932,"NAD83 10N",7.3,243
"EMFWOR_NCAMC5-01A_2018","2018-06-11","2018-06-07",4,"success","2018-05-20","N",2018,"EM_FWOR",731242.445,4673678.932,"NAD83 10N",7.3,243
"EMFWOR_NCAMC5-01A_2018","2018-06-18","2018-06-11",5,"success","2018-05-20","N",2018,"EM_FWOR",731242.445,4673678.932,"NAD83 10N",7.3,243
"EMFWOR_NCAMC5-01A_2018","2018-06-25","2018-06-18",6,"success","2018-05-20","N",2018,"EM_FWOR",731242.445,4673678.932,"NAD83 10N",7.3,243
"EMFWOR_NCAMC5-01A_2018","2018-07-02","2018-06-25",7,"success","2018-05-20","N",2018,"EM_FWOR",731242.445,4673678.932,"NAD83 10N",7.3,243
"EMFWOR_NCAMC5-01A_2018","2018-07-05","2018-07-02",8,"success","2018-05-20","F",2018,"EM_FWOR",731242.445,4673678.932,"NAD83 10N",7.3,243
"EMFWOR_NCAMC5-01A_2020","2020-06-10","2020-06-09",1,"failure","2020-06-09","L",2020,"EM_FWOR",731252,4673876,"NAD83 10N",1.5,175
"EMFWOR_NCAMC5-01A_2020","2020-06-19","2020-06-10",2,"failure","2020-06-09","I",2020,"EM_FWOR",731252,4673876,"NAD83 10N",1.5,175
"EMFWOR_NCAMC5-01A_2020","2020-06-23","2020-06-19",3,"failure","2020-06-09","I",2020,"EM_FWOR",731252,4673876,"NAD83 10N",1.5,175
"EMFWOR_NCAMC5-01A_2020","2020-06-29","2020-06-23",4,"failure","2020-06-09","I",2020,"EM_FWOR",731252,4673876,"NAD83 10N",1.5,175
"EMFWOR_NCAMC5-01A_2020","2020-07-01","2020-06-29",5,"failure","2020-06-09","I",2020,"EM_FWOR",731252,4673876,"NAD83 10N",1.5,175
"EMFWOR_NCAMC5-01A_2020","2020-07-02","2020-07-01",6,"failure","2020-06-09","I",2020,"EM_FWOR",731252,4673876,"NAD83 10N",1.5,175
"EMFWOR_NCAMC7-06A_2015","2015-06-19","2015-06-16",1,"success","2015-06-01","N",2015,"EM_FWOR",730509.493,4676247.396,"NAD83 10N",1.7,191
"EMFWOR_NCAMC7-06A_2015","2015-06-23","2015-06-19",2,"success","2015-06-01","N",2015,"EM_FWOR",730509.493,4676247.396,"NAD83 10N",1.7,191
"EMFWOR_NCAMC7-06A_2015","2015-07-01","2015-06-23",3,"success","2015-06-01","N",2015,"EM_FWOR",730509.493,4676247.396,"NAD83 10N",1.7,191
"EMFWOR_NCAMC7-06A_2015","2015-07-08","2015-07-01",4,"success","2015-06-01","N",2015,"EM_FWOR",730509.493,4676247.396,"NAD83 10N",1.7,191
"EMFWOR_NCAMC7-06A_2015","2015-07-09","2015-07-08",5,"success","2015-06-01","N",2015,"EM_FWOR",730509.493,4676247.396,"NAD83 10N",1.7,191
"EMFWOR_NCAMC7-06A_2015","2015-07-14","2015-07-09",6,"success","2015-06-01","N",2015,"EM_FWOR",730509.493,4676247.396,"NAD83 10N",1.7,191
"EMFWOR_NCAMC7-06A_2015","2015-07-22","2015-07-14",7,"success","2015-06-01","F",2015,"EM_FWOR",730509.493,4676247.396,"NAD83 10N",1.7,191
"EMFWOR_NCAMC7-06A_2018","2018-06-26","2018-06-18",1,"success","2018-05-28","N",2018,"EM_FWOR",730511.661,4676215.028,"NAD83 10N",7.5,272
"EMFWOR_NCAMC7-06A_2018","2018-07-02","2018-06-26",2,"success","2018-05-28","N",2018,"EM_FWOR",730511.661,4676215.028,"NAD83 10N",7.5,272
"EMFWOR_NCAMC7-06A_2018","2018-07-09","2018-07-02",3,"success","2018-05-28","N",2018,"EM_FWOR",730511.661,4676215.028,"NAD83 10N",7.5,272
"EMFWOR_NCAMC7-06A_2018","2018-07-10","2018-07-09",4,"success","2018-05-28","F",2018,"EM_FWOR",730511.661,4676215.028,"NAD83 10N",7.5,272
"EMFWOR_NCAMC7-06A_2020","2020-06-30","2020-06-25",1,"success","2020-05-24","N",2020,"EM_FWOR",730512,4676306,"NAD83 10N",4,330
"EMFWOR_NCAMC7-06A_2020","2020-07-02","2020-06-30",2,"success","2020-05-24","N",2020,"EM_FWOR",730512,4676306,"NAD83 10N",4,330
"EMFWOR_NCAMC7-06A_2020","2020-07-06","2020-07-02",3,"success","2020-05-24","F",2020,"EM_FWOR",730512,4676306,"NAD83 10N",4,330
"EMFWOR_NCAMC8-06A_2016","2016-07-05","2016-07-01",1,"success","2016-06-05","N",2016,"EM_FWOR",730136.1,4674072.146,"NAD83 10N",3.8,255
"EMFWOR_NCAMC8-06A_2016","2016-07-08","2016-07-05",2,"success","2016-06-05","N",2016,"EM_FWOR",730136.1,4674072.146,"NAD83 10N",3.8,255
"EMFWOR_NCAMC8-06A_2016","2016-07-11","2016-07-08",3,"success","2016-06-05","N",2016,"EM_FWOR",730136.1,4674072.146,"NAD83 10N",3.8,255
"EMFWOR_NCAMC8-06A_2016","2016-07-13","2016-07-11",4,"success","2016-06-05","N",2016,"EM_FWOR",730136.1,4674072.146,"NAD83 10N",3.8,255
"EMFWOR_NCAMC8-06A_2016","2016-07-15","2016-07-13",5,"success","2016-06-05","N",2016,"EM_FWOR",730136.1,4674072.146,"NAD83 10N",3.8,255
"EMFWOR_NCAMC8-06A_2016","2016-07-18","2016-07-15",6,"success","2016-06-05","F",2016,"EM_FWOR",730136.1,4674072.146,"NAD83 10N",3.8,255
"EMFWOR_NCAMC8-07A_2017","2017-06-03","2017-05-31",1,"success","2017-05-22","I",2017,"EM_FWOR",730403.539,4674257.705,"NAD83 10N",1.8,322
"EMFWOR_NCAMC8-07A_2017","2017-06-06","2017-06-03",2,"success","2017-05-22","I",2017,"EM_FWOR",730403.539,4674257.705,"NAD83 10N",1.8,322
"EMFWOR_NCAMC8-07A_2017","2017-06-08","2017-06-06",3,"success","2017-05-22","I",2017,"EM_FWOR",730403.539,4674257.705,"NAD83 10N",1.8,322
"EMFWOR_NCAMC8-07A_2017","2017-06-13","2017-06-08",4,"success","2017-05-22","N",2017,"EM_FWOR",730403.539,4674257.705,"NAD83 10N",1.8,322
"EMFWOR_NCAMC8-07A_2017","2017-06-20","2017-06-13",5,"success","2017-05-22","N",2017,"EM_FWOR",730403.539,4674257.705,"NAD83 10N",1.8,322
"EMFWOR_NCAMC8-07A_2017","2017-06-27","2017-06-20",6,"success","2017-05-22","N",2017,"EM_FWOR",730403.539,4674257.705,"NAD83 10N",1.8,322
"EMFWOR_NCAMC8-07A_2017","2017-06-30","2017-06-27",7,"success","2017-05-22","N",2017,"EM_FWOR",730403.539,4674257.705,"NAD83 10N",1.8,322
"EMFWOR_NCAMC8-07A_2017","2017-07-07","2017-06-30",8,"success","2017-05-22","F",2017,"EM_FWOR",730403.539,4674257.705,"NAD83 10N",1.8,322
"EMFWOR_NCAMC8-07A_2018","2018-06-01","2018-05-29",1,"success","2018-05-23","I",2018,"EM_FWOR",730403.539,4674257.705,"NAD83 10N",1.8,322
"EMFWOR_NCAMC8-07A_2018","2018-06-04","2018-06-01",2,"success","2018-05-23","I",2018,"EM_FWOR",730403.539,4674257.705,"NAD83 10N",1.8,322
"EMFWOR_NCAMC8-07A_2018","2018-06-07","2018-06-04",3,"success","2018-05-23","I",2018,"EM_FWOR",730403.539,4674257.705,"NAD83 10N",1.8,322
"EMFWOR_NCAMC8-07A_2018","2018-06-11","2018-06-07",4,"success","2018-05-23","N",2018,"EM_FWOR",730403.539,4674257.705,"NAD83 10N",1.8,322
"EMFWOR_NCAMC8-07A_2018","2018-06-20","2018-06-11",5,"success","2018-05-23","N",2018,"EM_FWOR",730403.539,4674257.705,"NAD83 10N",1.8,322
"EMFWOR_NCAMC8-07A_2018","2018-06-26","2018-06-20",6,"success","2018-05-23","N",2018,"EM_FWOR",730403.539,4674257.705,"NAD83 10N",1.8,322
"EMFWOR_NCAMC8-07A_2018","2018-07-02","2018-06-26",7,"success","2018-05-23","N",2018,"EM_FWOR",730403.539,4674257.705,"NAD83 10N",1.8,322
"EMFWOR_NCAMC8-07A_2018","2018-07-06","2018-07-02",8,"success","2018-05-23","F",2018,"EM_FWOR",730403.539,4674257.705,"NAD83 10N",1.8,322
"EMFWOR_NCAMC8-07A_2019","2019-06-10","2019-06-06",1,"failure","2019-99-99","I",2019,"EM_FWOR",730403.539,4674257.705,"NAD83 10N",1.8,322
"EMFWOR_NCAMC8-09A_2019","2019-07-18","2019-07-15",1,"success","2019-06-23","N",2019,"EM_FWOR",730382.053,4674717.222,"NAD83 10N",4,322
"EMFWOR_NCAMC8-09A_2019","2019-07-22","2019-07-18",2,"success","2019-06-23","N",2019,"EM_FWOR",730382.053,4674717.222,"NAD83 10N",4,322
"EMFWOR_NCAMC8-09A_2019","2019-07-25","2019-07-22",3,"success","2019-06-23","N",2019,"EM_FWOR",730382.053,4674717.222,"NAD83 10N",4,322
"EMFWOR_NCAMC8-09A_2019","2019-07-29","2019-07-25",4,"success","2019-06-23","N",2019,"EM_FWOR",730382.053,4674717.222,"NAD83 10N",4,322
"EMFWOR_NCAMC8-09A_2019","2019-08-01","2019-07-29",5,"success","2019-06-23","N",2019,"EM_FWOR",730382.053,4674717.222,"NAD83 10N",4,322
"EMFWOR_NCAMC8-09A_2019","2019-08-05","2019-08-01",6,"success","2019-06-23","F",2019,"EM_FWOR",730382.053,4674717.222,"NAD83 10N",4,322
"EMFWOR_NCAMC8-09A_2020","2020-06-11","2020-06-08",1,"success","2020-06-01","I",2020,"EM_FWOR",730393,4674912,"NAD83 10N",2.4,333
"EMFWOR_NCAMC8-09A_2020","2020-06-16","2020-06-11",2,"success","2020-06-01","I",2020,"EM_FWOR",730393,4674912,"NAD83 10N",2.4,333
"EMFWOR_NCAMC8-09A_2020","2020-06-23","2020-06-16",3,"success","2020-06-01","N",2020,"EM_FWOR",730393,4674912,"NAD83 10N",2.4,333
"EMFWOR_NCAMC8-09A_2020","2020-06-29","2020-06-23",4,"success","2020-06-01","N",2020,"EM_FWOR",730393,4674912,"NAD83 10N",2.4,333
"EMFWOR_NCAMC8-09A_2020","2020-07-01","2020-06-29",5,"success","2020-06-01","N",2020,"EM_FWOR",730393,4674912,"NAD83 10N",2.4,333
"EMFWOR_NCAMC8-09A_2020","2020-07-06","2020-07-01",6,"success","2020-06-01","N",2020,"EM_FWOR",730393,4674912,"NAD83 10N",2.4,333
"EMFWOR_NCAMC8-09A_2020","2020-07-08","2020-07-06",7,"success","2020-06-01","N",2020,"EM_FWOR",730393,4674912,"NAD83 10N",2.4,333
"EMFWOR_NCAMC8-09A_2020","2020-07-10","2020-07-08",8,"success","2020-06-01","N",2020,"EM_FWOR",730393,4674912,"NAD83 10N",2.4,333
"EMFWOR_NCAMC8-09A_2020","2020-07-13","2020-07-10",9,"success","2020-06-01","N",2020,"EM_FWOR",730393,4674912,"NAD83 10N",2.4,333
"EMFWOR_NCAMC8-09A_2020","2020-07-15","2020-07-13",10,"success","2020-06-01","F",2020,"EM_FWOR",730393,4674912,"NAD83 10N",2.4,333
"EMFWOR_NLFTT2-01A_2017","2017-07-11","2017-06-29",1,"success","2017-06-05","N",2017,"EM_FWOR",726668.276,4684345.878,"NAD83 10N",5.6,310
"EMFWOR_NLFTT2-01A_2017","2017-07-17","2017-07-11",2,"success","2017-06-05","N",2017,"EM_FWOR",726668.276,4684345.878,"NAD83 10N",5.6,310
"EMFWOR_NLFTT2-01A_2017","2017-07-20","2017-07-17",3,"success","2017-06-05","F",2017,"EM_FWOR",726668.276,4684345.878,"NAD83 10N",5.6,310
"EMFWOR_NLFTT2-01A_2018","2018-06-15","2018-06-07",1,"success","2018-05-30","I",2018,"EM_FWOR",726414.789,4683130.505,"NAD83 10N",4.2,330
"EMFWOR_NLFTT2-01A_2018","2018-06-19","2018-06-15",2,"success","2018-05-30","N",2018,"EM_FWOR",726414.789,4683130.505,"NAD83 10N",4.2,330
"EMFWOR_NLFTT2-01A_2018","2018-06-27","2018-06-19",3,"success","2018-05-30","N",2018,"EM_FWOR",726414.789,4683130.505,"NAD83 10N",4.2,330
"EMFWOR_NLFTT2-01A_2018","2018-07-06","2018-06-27",4,"success","2018-05-30","N",2018,"EM_FWOR",726414.789,4683130.505,"NAD83 10N",4.2,330
"EMFWOR_NLFTT2-01A_2018","2018-07-10","2018-07-06",5,"success","2018-05-30","N",2018,"EM_FWOR",726414.789,4683130.505,"NAD83 10N",4.2,330
"EMFWOR_NLFTT2-01A_2018","2018-07-12","2018-07-10",6,"success","2018-05-30","N",2018,"EM_FWOR",726414.789,4683130.505,"NAD83 10N",4.2,330
"EMFWOR_NLFTT2-01A_2018","2018-07-16","2018-07-12",7,"success","2018-05-30","F",2018,"EM_FWOR",726414.789,4683130.505,"NAD83 10N",4.2,330
"EMFWOR_NLFTT2-01B_2018","2018-06-19","2018-06-15",1,"success","2018-06-06","I",2018,"EM_FWOR",726661.143,4684325.227,"NAD83 10N",7.4,312
"EMFWOR_NLFTT2-01B_2018","2018-06-27","2018-06-19",2,"success","2018-06-06","N",2018,"EM_FWOR",726661.143,4684325.227,"NAD83 10N",7.4,312
"EMFWOR_NLFTT2-01B_2018","2018-07-06","2018-06-27",3,"success","2018-06-06","N",2018,"EM_FWOR",726661.143,4684325.227,"NAD83 10N",7.4,312
"EMFWOR_NLFTT2-01B_2018","2018-07-10","2018-07-06",4,"success","2018-06-06","N",2018,"EM_FWOR",726661.143,4684325.227,"NAD83 10N",7.4,312
"EMFWOR_NLFTT2-01B_2018","2018-07-12","2018-07-10",5,"success","2018-06-06","N",2018,"EM_FWOR",726661.143,4684325.227,"NAD83 10N",7.4,312
"EMFWOR_NLFTT2-01B_2018","2018-07-16","2018-07-12",6,"success","2018-06-06","N",2018,"EM_FWOR",726661.143,4684325.227,"NAD83 10N",7.4,312
"EMFWOR_NLFTT2-01B_2018","2018-07-18","2018-07-16",7,"success","2018-06-06","N",2018,"EM_FWOR",726661.143,4684325.227,"NAD83 10N",7.4,312
"EMFWOR_NLFTT2-01B_2018","2018-07-19","2018-07-18",8,"success","2018-06-06","N",2018,"EM_FWOR",726661.143,4684325.227,"NAD83 10N",7.4,312
"EMFWOR_NLFTT2-01B_2018","2018-07-23","2018-07-19",9,"success","2018-06-06","F",2018,"EM_FWOR",726661.143,4684325.227,"NAD83 10N",7.4,312
"EMFWOR_NLILT1-07A_2019","2019-07-08","2019-07-05",1,"success","2019-06-16","N",2019,"EM_FWOR",729458.748,4700330.137,"NAD83 10N",4.2,197
"EMFWOR_NLILT1-07A_2019","2019-07-11","2019-07-08",2,"success","2019-06-16","N",2019,"EM_FWOR",729458.748,4700330.137,"NAD83 10N",4.2,197
"EMFWOR_NLILT1-07A_2019","2019-07-15","2019-07-11",3,"success","2019-06-16","N",2019,"EM_FWOR",729458.748,4700330.137,"NAD83 10N",4.2,197
"EMFWOR_NLILT1-07A_2019","2019-07-18","2019-07-15",4,"success","2019-06-16","N",2019,"EM_FWOR",729458.748,4700330.137,"NAD83 10N",4.2,197
"EMFWOR_NLILT1-07A_2019","2019-07-22","2019-07-18",5,"success","2019-06-16","N",2019,"EM_FWOR",729458.748,4700330.137,"NAD83 10N",4.2,197
"EMFWOR_NLILT1-07A_2019","2019-07-25","2019-07-22",6,"success","2019-06-16","N",2019,"EM_FWOR",729458.748,4700330.137,"NAD83 10N",4.2,197
"EMFWOR_NLILT1-07A_2019","2019-07-29","2019-07-25",7,"success","2019-06-16","F",2019,"EM_FWOR",729458.748,4700330.137,"NAD83 10N",4.2,197
"EMFWOR_NLILT1-07A_2020","2020-07-07","2020-06-30",1,"success","2020-06-14","N",2020,"EM_FWOR",729508,4700434,"NAD83 10N",2.6,204
"EMFWOR_NLILT1-07A_2020","2020-07-09","2020-07-07",2,"success","2020-06-14","N",2020,"EM_FWOR",729508,4700434,"NAD83 10N",2.6,204
"EMFWOR_NLILT1-07A_2020","2020-07-13","2020-07-09",3,"success","2020-06-14","N",2020,"EM_FWOR",729508,4700434,"NAD83 10N",2.6,204
"EMFWOR_NLILT1-07A_2020","2020-07-16","2020-07-13",4,"success","2020-06-14","N",2020,"EM_FWOR",729508,4700434,"NAD83 10N",2.6,204
"EMFWOR_NLILT1-07A_2020","2020-07-21","2020-07-16",5,"success","2020-06-14","N",2020,"EM_FWOR",729508,4700434,"NAD83 10N",2.6,204
"EMFWOR_NLILT1-07A_2020","2020-07-24","2020-07-21",6,"success","2020-06-14","N",2020,"EM_FWOR",729508,4700434,"NAD83 10N",2.6,204
"EMFWOR_NLILT1-07A_2020","2020-07-27","2020-07-24",7,"success","2020-06-14","F",2020,"EM_FWOR",729508,4700434,"NAD83 10N",2.6,204
"EMFWOR_NLILT1-08A_2021","2021-07-14","2021-07-07",1,"success","2021-06-12","N",2021,"EM_FWOR",729808,4700372,"NAD83 10N",2.5,109
"EMFWOR_NLILT1-08A_2021","2021-07-20","2021-07-14",2,"success","2021-06-12","N",2021,"EM_FWOR",729808,4700372,"NAD83 10N",2.5,109
"EMFWOR_NLILT1-08A_2021","2021-07-23","2021-07-20",3,"success","2021-06-12","N",2021,"EM_FWOR",729808,4700372,"NAD83 10N",2.5,109
"EMFWOR_NLILT1-08A_2021","2021-07-26","2021-07-23",4,"success","2021-06-12","F",2021,"EM_FWOR",729808,4700372,"NAD83 10N",2.5,109
"EMFWOR_NLILT1-10A_2016","2016-07-01","2016-06-28",1,"success","2016-06-11","N",2016,"EM_FWOR",730457.564,4700147.578,"NAD83 10N",3.9,65
"EMFWOR_NLILT1-10A_2016","2016-07-06","2016-07-01",2,"success","2016-06-11","N",2016,"EM_FWOR",730457.564,4700147.578,"NAD83 10N",3.9,65
"EMFWOR_NLILT1-10A_2016","2016-07-11","2016-07-06",3,"success","2016-06-11","N",2016,"EM_FWOR",730457.564,4700147.578,"NAD83 10N",3.9,65
"EMFWOR_NLILT1-10A_2016","2016-07-14","2016-07-11",4,"success","2016-06-11","N",2016,"EM_FWOR",730457.564,4700147.578,"NAD83 10N",3.9,65
"EMFWOR_NLILT1-10A_2016","2016-07-18","2016-07-14",5,"success","2016-06-11","N",2016,"EM_FWOR",730457.564,4700147.578,"NAD83 10N",3.9,65
"EMFWOR_NLILT1-10A_2016","2016-07-21","2016-07-18",6,"success","2016-06-11","N",2016,"EM_FWOR",730457.564,4700147.578,"NAD83 10N",3.9,65
"EMFWOR_NLILT1-10A_2016","2016-07-25","2016-07-21",7,"success","2016-06-11","F",2016,"EM_FWOR",730457.564,4700147.578,"NAD83 10N",3.9,65
"EMFWOR_NLILT3-04A_2020","2020-07-07","2020-06-30",1,"failure","2020-06-07","N",2020,"EM_FWOR",730355,4696043,"NAD83 10N",2,133
"EMFWOR_NLILT3-04A_2020","2020-07-09","2020-07-07",2,"failure","2020-06-07","N",2020,"EM_FWOR",730355,4696043,"NAD83 10N",2,133
"EMFWOR_NLILT3-10A_2017","2017-07-11","2017-06-29",1,"success","2017-06-02","N",2017,"EM_FWOR",731286.483,4696186.746,"NAD83 10N",2.6,252
"EMFWOR_NLILT3-10A_2017","2017-07-17","2017-07-11",2,"success","2017-06-02","F",2017,"EM_FWOR",731286.483,4696186.746,"NAD83 10N",2.6,252
"EMFWOR_NLILT3-10A_2018","2018-06-05","2018-05-30",1,"success","2018-05-30","I",2018,"EM_FWOR",731275.3,4696079.92,"NAD83 10N",1.5,113
"EMFWOR_NLILT3-10A_2018","2018-06-15","2018-06-05",2,"success","2018-05-30","I",2018,"EM_FWOR",731275.3,4696079.92,"NAD83 10N",1.5,113
"EMFWOR_NLILT3-10A_2018","2018-06-19","2018-06-15",3,"success","2018-05-30","N",2018,"EM_FWOR",731275.3,4696079.92,"NAD83 10N",1.5,113
"EMFWOR_NLILT3-10A_2018","2018-06-27","2018-06-19",4,"success","2018-05-30","N",2018,"EM_FWOR",731275.3,4696079.92,"NAD83 10N",1.5,113
"EMFWOR_NLILT3-10A_2018","2018-07-06","2018-06-27",5,"success","2018-05-30","N",2018,"EM_FWOR",731275.3,4696079.92,"NAD83 10N",1.5,113
"EMFWOR_NLILT3-10A_2018","2018-07-09","2018-07-06",6,"success","2018-05-30","N",2018,"EM_FWOR",731275.3,4696079.92,"NAD83 10N",1.5,113
"EMFWOR_NLILT3-10A_2018","2018-07-12","2018-07-09",7,"success","2018-05-30","F",2018,"EM_FWOR",731275.3,4696079.92,"NAD83 10N",1.5,113
"EMFWOR_NMUDT1-05A_2015","2015-06-18","2015-06-12",1,"success","2015-05-29","N",2015,"EM_FWOR",728522.566,4683118.158,"NAD83 10N",7.5,188
"EMFWOR_NMUDT1-05A_2015","2015-06-23","2015-06-18",2,"success","2015-05-29","N",2015,"EM_FWOR",728522.566,4683118.158,"NAD83 10N",7.5,188
"EMFWOR_NMUDT1-05A_2015","2015-07-01","2015-06-23",3,"success","2015-05-29","N",2015,"EM_FWOR",728522.566,4683118.158,"NAD83 10N",7.5,188
"EMFWOR_NMUDT1-05A_2015","2015-07-08","2015-07-01",4,"success","2015-05-29","N",2015,"EM_FWOR",728522.566,4683118.158,"NAD83 10N",7.5,188
"EMFWOR_NMUDT1-05A_2015","2015-07-10","2015-07-08",5,"success","2015-05-29","N",2015,"EM_FWOR",728522.566,4683118.158,"NAD83 10N",7.5,188
"EMFWOR_NMUDT1-05A_2015","2015-07-13","2015-07-10",6,"success","2015-05-29","F",2015,"EM_FWOR",728522.566,4683118.158,"NAD83 10N",7.5,188
"EMFWOR_NMUDT1-05A_2016","2016-06-28","2016-06-23",1,"success","2016-06-05","N",2016,"EM_FWOR",728522.566,4683118.158,"NAD83 10N",7.5,188
"EMFWOR_NMUDT1-05A_2016","2016-07-01","2016-06-28",2,"success","2016-06-05","N",2016,"EM_FWOR",728522.566,4683118.158,"NAD83 10N",7.5,188
"EMFWOR_NMUDT1-05A_2016","2016-07-06","2016-07-01",3,"success","2016-06-05","N",2016,"EM_FWOR",728522.566,4683118.158,"NAD83 10N",7.5,188
"EMFWOR_NMUDT1-05A_2016","2016-07-08","2016-07-06",4,"success","2016-06-05","N",2016,"EM_FWOR",728522.566,4683118.158,"NAD83 10N",7.5,188
"EMFWOR_NMUDT1-05A_2016","2016-07-11","2016-07-08",5,"success","2016-06-05","N",2016,"EM_FWOR",728522.566,4683118.158,"NAD83 10N",7.5,188
"EMFWOR_NMUDT1-05A_2016","2016-07-14","2016-07-11",6,"success","2016-06-05","N",2016,"EM_FWOR",728522.566,4683118.158,"NAD83 10N",7.5,188
"EMFWOR_NMUDT1-05A_2016","2016-07-15","2016-07-14",7,"success","2016-06-05","N",2016,"EM_FWOR",728522.566,4683118.158,"NAD83 10N",7.5,188
"EMFWOR_NMUDT1-05A_2016","2016-07-18","2016-07-15",8,"success","2016-06-05","N",2016,"EM_FWOR",728522.566,4683118.158,"NAD83 10N",7.5,188
"EMFWOR_NMUDT1-05A_2016","2016-07-19","2016-07-18",9,"success","2016-06-05","F",2016,"EM_FWOR",728522.566,4683118.158,"NAD83 10N",7.5,188
"EMFWOR_NMUDT1-05A_2018","2018-06-27","2018-06-19",1,"failure","2018-99-99","I",2018,"EM_FWOR",728264.557,4683067.425,"NAD83 10N",2.5,232
"EMFWOR_NMUDT1-05A_2020","2020-06-22","2020-06-18",1,"success","2020-06-13","I",2020,"EM_FWOR",728472,4683164,"NAD83 10N",3.2,324
"EMFWOR_NMUDT1-05A_2020","2020-06-25","2020-06-22",2,"success","2020-06-13","I",2020,"EM_FWOR",728472,4683164,"NAD83 10N",3.2,324
"EMFWOR_NMUDT1-05A_2020","2020-06-29","2020-06-25",3,"success","2020-06-13","I",2020,"EM_FWOR",728472,4683164,"NAD83 10N",3.2,324
"EMFWOR_NMUDT1-05A_2020","2020-07-02","2020-06-29",4,"success","2020-06-13","N",2020,"EM_FWOR",728472,4683164,"NAD83 10N",3.2,324
"EMFWOR_NMUDT1-05A_2020","2020-07-07","2020-07-02",5,"success","2020-06-13","N",2020,"EM_FWOR",728472,4683164,"NAD83 10N",3.2,324
"EMFWOR_NMUDT1-05A_2020","2020-07-09","2020-07-07",6,"success","2020-06-13","N",2020,"EM_FWOR",728472,4683164,"NAD83 10N",3.2,324
"EMFWOR_NMUDT1-05A_2020","2020-07-13","2020-07-09",7,"success","2020-06-13","N",2020,"EM_FWOR",728472,4683164,"NAD83 10N",3.2,324
"EMFWOR_NMUDT1-05A_2020","2020-07-16","2020-07-13",8,"success","2020-06-13","N",2020,"EM_FWOR",728472,4683164,"NAD83 10N",3.2,324
"EMFWOR_NMUDT1-05A_2020","2020-07-21","2020-07-16",9,"success","2020-06-13","N",2020,"EM_FWOR",728472,4683164,"NAD83 10N",3.2,324
"EMFWOR_NMUDT1-05A_2020","2020-07-24","2020-07-21",10,"success","2020-06-13","N",2020,"EM_FWOR",728472,4683164,"NAD83 10N",3.2,324
"EMFWOR_NMUDT1-05A_2020","2020-07-27","2020-07-24",11,"success","2020-06-13","F",2020,"EM_FWOR",728472,4683164,"NAD83 10N",3.2,324
"EMFWOR_NMUDT1-05A_2021","2021-07-07","2021-07-06",1,"failure","2021-07-03","I",2021,"EM_FWOR",728472,4683164,"NAD83 10N",3.2,324
"EMFWOR_NMUDT1-05A_2021","2021-07-14","2021-07-07",2,"failure","2021-07-03","I",2021,"EM_FWOR",728472,4683164,"NAD83 10N",3.2,324
"EMFWOR_NMUDT1-05A_2021","2021-07-20","2021-07-14",3,"failure","2021-07-03","I",2021,"EM_FWOR",728472,4683164,"NAD83 10N",3.2,324
"EMFWOR_NMUDT1-05A_2021","2021-07-23","2021-07-20",4,"failure","2021-07-03","I",2021,"EM_FWOR",728472,4683164,"NAD83 10N",3.2,324
"EMFWOR_NPINT1-03A_2018","2018-06-27","2018-06-19",1,"failure","2018-99-99","I",2018,"EM_FWOR",731016.747,4687980.468,"NAD83 10N",6.1,180
"EMFWOR_NRIMT1-01A_2015","2015-06-23","2015-06-15",1,"failure","2015-06-05","N",2015,"EM_FWOR",726400.536,4695188.174,"NAD83 10N",1.9,185
"EMFWOR_NRIMT1-01A_2015","2015-07-06","2015-06-23",2,"failure","2015-06-05","N",2015,"EM_FWOR",726400.536,4695188.174,"NAD83 10N",1.9,185
"EMFWOR_NRIMT1-01A_2015","2015-07-13","2015-07-06",3,"failure","2015-06-05","N",2015,"EM_FWOR",726400.536,4695188.174,"NAD83 10N",1.9,185
"EMFWOR_NRIMT1-01A_2016","2016-07-01","2016-06-28",1,"failure","2016-99-99","N",2016,"EM_FWOR",726611.095,4695073.646,"NAD83 10N",1,153
"EMFWOR_NRIMT1-01A_2016","2016-07-06","2016-07-01",2,"failure","2016-99-99","N",2016,"EM_FWOR",726611.095,4695073.646,"NAD83 10N",1,153
"EMFWOR_NSWRC2-09A_2016","2016-07-11","2016-07-07",1,"success","2016-06-01","N",2016,"EM_FWOR",735690.246,4659189.282,"NAD83 10N",3.6,258
"EMFWOR_NSWRC2-09A_2016","2016-07-13","2016-07-11",2,"success","2016-06-01","N",2016,"EM_FWOR",735690.246,4659189.282,"NAD83 10N",3.6,258
"EMFWOR_NSWRC2-09A_2016","2016-07-15","2016-07-13",3,"success","2016-06-01","F",2016,"EM_FWOR",735690.246,4659189.282,"NAD83 10N",3.6,258
"EMFWOR_NSWRC2-09A_2017","2017-06-24","2017-06-23",1,"success","2017-05-27","N",2017,"EM_FWOR",735690.246,4659189.282,"NAD83 10N",3.6,258
"EMFWOR_NSWRC2-09A_2017","2017-06-27","2017-06-24",2,"success","2017-05-27","N",2017,"EM_FWOR",735690.246,4659189.282,"NAD83 10N",3.6,258
"EMFWOR_NSWRC2-09A_2017","2017-07-06","2017-06-27",3,"success","2017-05-27","N",2017,"EM_FWOR",735690.246,4659189.282,"NAD83 10N",3.6,258
"EMFWOR_NSWRC2-09A_2017","2017-07-10","2017-07-06",4,"success","2017-05-27","F",2017,"EM_FWOR",735690.246,4659189.282,"NAD83 10N",3.6,258
"EMFWOR_NSWRC2-09A_2018","2018-06-18","2018-06-13",1,"success","2018-05-19","N",2018,"EM_FWOR",735690.246,4659189.282,"NAD83 10N",3.6,258
"EMFWOR_NSWRC2-09A_2018","2018-06-25","2018-06-18",2,"success","2018-05-19","N",2018,"EM_FWOR",735690.246,4659189.282,"NAD83 10N",3.6,258
"EMFWOR_NSWRC2-09A_2018","2018-07-02","2018-06-25",3,"success","2018-05-19","F",2018,"EM_FWOR",735690.246,4659189.282,"NAD83 10N",3.6,258
"EMFWOR_NSWRC2-10A_2015","2015-06-23","2015-06-16",1,"failure","2015-06-05","N",2015,"EM_FWOR",733979.221,4662771.227,"NAD83 10N",2.3,158
"EMFWOR_NSWRC2-10A_2015","2015-07-07","2015-06-23",2,"failure","2015-06-05","N",2015,"EM_FWOR",733979.221,4662771.227,"NAD83 10N",2.3,158
"EMFWOR_NSWRC3-03A_2019","2019-06-20","2019-06-17",1,"success","2019-06-05","I",2019,"EM_FWOR",738257.193,4659559.049,"NAD83 10N",3.2,342
"EMFWOR_NSWRC3-03A_2019","2019-06-24","2019-06-20",2,"success","2019-06-05","N",2019,"EM_FWOR",738257.193,4659559.049,"NAD83 10N",3.2,342
"EMFWOR_NSWRC3-03A_2019","2019-06-27","2019-06-24",3,"success","2019-06-05","N",2019,"EM_FWOR",738257.193,4659559.049,"NAD83 10N",3.2,342
"EMFWOR_NSWRC3-03A_2019","2019-07-01","2019-06-27",4,"success","2019-06-05","N",2019,"EM_FWOR",738257.193,4659559.049,"NAD83 10N",3.2,342
"EMFWOR_NSWRC3-03A_2019","2019-07-05","2019-07-01",5,"success","2019-06-05","N",2019,"EM_FWOR",738257.193,4659559.049,"NAD83 10N",3.2,342
"EMFWOR_NSWRC3-03A_2019","2019-07-08","2019-07-05",6,"success","2019-06-05","N",2019,"EM_FWOR",738257.193,4659559.049,"NAD83 10N",3.2,342
"EMFWOR_NSWRC3-03A_2019","2019-07-11","2019-07-08",7,"success","2019-06-05","N",2019,"EM_FWOR",738257.193,4659559.049,"NAD83 10N",3.2,342
"EMFWOR_NSWRC3-03A_2019","2019-07-15","2019-07-11",8,"success","2019-06-05","N",2019,"EM_FWOR",738257.193,4659559.049,"NAD83 10N",3.2,342
"EMFWOR_NSWRC3-03A_2019","2019-07-17","2019-07-15",9,"success","2019-06-05","N",2019,"EM_FWOR",738257.193,4659559.049,"NAD83 10N",3.2,342
"EMFWOR_NSWRC3-03A_2019","2019-07-19","2019-07-17",10,"success","2019-06-05","F",2019,"EM_FWOR",738257.193,4659559.049,"NAD83 10N",3.2,342
"EMFWOR_NSWRC3-03A_2020","2020-06-10","2020-06-09",1,"success","2020-05-29","I",2020,"EM_FWOR",738218,4659661,"NAD83 10N",8.7,90
"EMFWOR_NSWRC3-03A_2020","2020-06-17","2020-06-10",2,"success","2020-05-29","N",2020,"EM_FWOR",738218,4659661,"NAD83 10N",8.7,90
"EMFWOR_NSWRC3-03A_2020","2020-06-24","2020-06-17",3,"success","2020-05-29","N",2020,"EM_FWOR",738218,4659661,"NAD83 10N",8.7,90
"EMFWOR_NSWRC3-03A_2020","2020-06-30","2020-06-24",4,"success","2020-05-29","N",2020,"EM_FWOR",738218,4659661,"NAD83 10N",8.7,90
"EMFWOR_NSWRC3-03A_2020","2020-07-06","2020-06-30",5,"success","2020-05-29","N",2020,"EM_FWOR",738218,4659661,"NAD83 10N",8.7,90
"EMFWOR_NSWRC3-03A_2020","2020-07-08","2020-07-06",6,"success","2020-05-29","N",2020,"EM_FWOR",738218,4659661,"NAD83 10N",8.7,90
"EMFWOR_NSWRC3-03A_2020","2020-07-13","2020-07-08",7,"success","2020-05-29","F",2020,"EM_FWOR",738218,4659661,"NAD83 10N",8.7,90
"EMFWOR_NSWRC3-03B_2018","2018-07-02","2018-06-28",1,"success","2018-06-14","N",2018,"EM_FWOR",738313.038,4659500.136,"NAD83 10N",6.7,214
"EMFWOR_NSWRC3-03B_2018","2018-07-09","2018-07-02",2,"success","2018-06-14","N",2018,"EM_FWOR",738313.038,4659500.136,"NAD83 10N",6.7,214
"EMFWOR_NSWRC3-03B_2018","2018-07-16","2018-07-09",3,"success","2018-06-14","N",2018,"EM_FWOR",738313.038,4659500.136,"NAD83 10N",6.7,214
"EMFWOR_NSWRC3-03B_2018","2018-07-23","2018-07-16",4,"success","2018-06-14","N",2018,"EM_FWOR",738313.038,4659500.136,"NAD83 10N",6.7,214
"EMFWOR_NSWRC3-03B_2018","2018-07-26","2018-07-23",5,"success","2018-06-14","N",2018,"EM_FWOR",738313.038,4659500.136,"NAD83 10N",6.7,214
"EMFWOR_NSWRC3-03B_2018","2018-07-30","2018-07-26",6,"success","2018-06-14","F",2018,"EM_FWOR",738313.038,4659500.136,"NAD83 10N",6.7,214
"EMFWOR_NSWRC3-04A_2016","2016-06-29","2016-06-27",1,"success","2016-06-01","N",2016,"EM_FWOR",740281.912,4658618.442,"NAD83 10N",1.35,105
"EMFWOR_NSWRC3-04A_2016","2016-07-05","2016-06-29",2,"success","2016-06-01","N",2016,"EM_FWOR",740281.912,4658618.442,"NAD83 10N",1.35,105
"EMFWOR_NSWRC3-04A_2016","2016-07-07","2016-07-05",3,"success","2016-06-01","N",2016,"EM_FWOR",740281.912,4658618.442,"NAD83 10N",1.35,105
"EMFWOR_NSWRC3-04A_2016","2016-07-11","2016-07-07",4,"success","2016-06-01","N",2016,"EM_FWOR",740281.912,4658618.442,"NAD83 10N",1.35,105
"EMFWOR_NSWRC3-04A_2016","2016-07-13","2016-07-11",5,"success","2016-06-01","N",2016,"EM_FWOR",740281.912,4658618.442,"NAD83 10N",1.35,105
"EMFWOR_NSWRC3-04A_2016","2016-07-14","2016-07-13",6,"success","2016-06-01","F",2016,"EM_FWOR",740281.912,4658618.442,"NAD83 10N",1.35,105
"EMFWOR_NSWRC3-04A_2016","2016-07-15","2016-07-14",7,"success","2016-06-01","F",2016,"EM_FWOR",740281.912,4658618.442,"NAD83 10N",1.35,105
"EMFWOR_NSWRC3-04A_2018","2018-06-07","2018-06-04",1,"success","2018-05-22","I",2018,"EM_FWOR",740282.109,4658624.905,"NAD83 10N",2.3,188
"EMFWOR_NSWRC3-04A_2018","2018-06-11","2018-06-07",2,"success","2018-05-22","N",2018,"EM_FWOR",740282.109,4658624.905,"NAD83 10N",2.3,188
"EMFWOR_NSWRC3-04A_2018","2018-06-18","2018-06-11",3,"success","2018-05-22","N",2018,"EM_FWOR",740282.109,4658624.905,"NAD83 10N",2.3,188
"EMFWOR_NSWRC3-04A_2018","2018-06-25","2018-06-18",4,"success","2018-05-22","N",2018,"EM_FWOR",740282.109,4658624.905,"NAD83 10N",2.3,188
"EMFWOR_NSWRC3-04A_2018","2018-07-02","2018-06-25",5,"success","2018-05-22","N",2018,"EM_FWOR",740282.109,4658624.905,"NAD83 10N",2.3,188
"EMFWOR_NSWRC3-04A_2018","2018-07-05","2018-07-02",6,"success","2018-05-22","F",2018,"EM_FWOR",740282.109,4658624.905,"NAD83 10N",2.3,188
"EMFWOR_NSWRC3-04A_2020","2020-06-30","2020-06-24",1,"success","2020-06-05","N",2020,"EM_FWOR",740285,4658504,"NAD83 10N",2.2,48
"EMFWOR_NSWRC3-04A_2020","2020-07-06","2020-06-30",2,"success","2020-06-05","N",2020,"EM_FWOR",740285,4658504,"NAD83 10N",2.2,48
"EMFWOR_NSWRC3-04A_2020","2020-07-08","2020-07-06",3,"success","2020-06-05","N",2020,"EM_FWOR",740285,4658504,"NAD83 10N",2.2,48
"EMFWOR_NSWRC3-04A_2020","2020-07-13","2020-07-08",4,"success","2020-06-05","N",2020,"EM_FWOR",740285,4658504,"NAD83 10N",2.2,48
"EMFWOR_NSWRC3-04A_2020","2020-07-14","2020-07-13",5,"success","2020-06-05","N",2020,"EM_FWOR",740285,4658504,"NAD83 10N",2.2,48
"EMFWOR_NSWRC3-04A_2020","2020-07-15","2020-07-14",6,"success","2020-06-05","N",2020,"EM_FWOR",740285,4658504,"NAD83 10N",2.2,48
"EMFWOR_NSWRC3-04A_2020","2020-07-16","2020-07-15",7,"success","2020-06-05","N",2020,"EM_FWOR",740285,4658504,"NAD83 10N",2.2,48
"EMFWOR_NSWRC3-04A_2020","2020-07-21","2020-07-16",8,"success","2020-06-05","F",2020,"EM_FWOR",740285,4658504,"NAD83 10N",2.2,48
"EMFWOR_NSWRC3-09A_2016","2016-06-27","2016-06-24",1,"success","2016-05-26","N",2016,"EM_FWOR",738426.913,4660909.512,"NAD83 10N",10.9,198
"EMFWOR_NSWRC3-09A_2016","2016-06-29","2016-06-27",2,"success","2016-05-26","N",2016,"EM_FWOR",738426.913,4660909.512,"NAD83 10N",10.9,198
"EMFWOR_NSWRC3-09A_2016","2016-07-01","2016-06-29",3,"success","2016-05-26","N",2016,"EM_FWOR",738426.913,4660909.512,"NAD83 10N",10.9,198
"EMFWOR_NSWRC3-09A_2016","2016-07-05","2016-07-01",4,"success","2016-05-26","N",2016,"EM_FWOR",738426.913,4660909.512,"NAD83 10N",10.9,198
"EMFWOR_NSWRC3-09A_2016","2016-07-07","2016-07-05",5,"success","2016-05-26","F",2016,"EM_FWOR",738426.913,4660909.512,"NAD83 10N",10.9,198
"EMFWOR_NSWRC3-09A_2016","2016-07-08","2016-07-07",6,"success","2016-05-26","F",2016,"EM_FWOR",738426.913,4660909.512,"NAD83 10N",10.9,198
"EMFWOR_NSWRC3-09A_2018","2018-06-25","2018-06-18",1,"success","2018-05-25","N",2018,"EM_FWOR",738609.202,4661027.134,"NAD83 10N",16.3,215
"EMFWOR_NSWRC3-09A_2018","2018-07-02","2018-06-25",2,"success","2018-05-25","N",2018,"EM_FWOR",738609.202,4661027.134,"NAD83 10N",16.3,215
"EMFWOR_NSWRC3-09A_2018","2018-07-05","2018-07-02",3,"success","2018-05-25","N",2018,"EM_FWOR",738609.202,4661027.134,"NAD83 10N",16.3,215
"EMFWOR_NSWRC3-09A_2018","2018-07-09","2018-07-05",4,"success","2018-05-25","F",2018,"EM_FWOR",738609.202,4661027.134,"NAD83 10N",16.3,215
"EMFWOR_NSWRC3-09A_2019","2019-06-20","2019-06-17",1,"failure","2019-05-24","N",2019,"EM_FWOR",738530.636,4661148.149,"NAD83 10N",2.9,24
"EMFWOR_NSWRC3-09A_2019","2019-06-24","2019-06-20",2,"failure","2019-05-24","N",2019,"EM_FWOR",738530.636,4661148.149,"NAD83 10N",2.9,24
"EMFWOR_NSWRC3-09A_2019","2019-06-27","2019-06-24",3,"failure","2019-05-24","N",2019,"EM_FWOR",738530.636,4661148.149,"NAD83 10N",2.9,24
"EMFWOR_NSWRC3-09A_2019","2019-07-01","2019-06-27",4,"failure","2019-05-24","N",2019,"EM_FWOR",738530.636,4661148.149,"NAD83 10N",2.9,24
"EMMAOR_NCLIFFC1-07A_2015","2015-07-02","2015-06-29",1,"success","2015-05-27","N",2015,"EM_MAOR",373282.571,4881225.709,"NAD83 11N",2.4,12
"EMMAOR_NCLIFFC1-07A_2015","2015-07-10","2015-07-02",2,"success","2015-05-27","F",2015,"EM_MAOR",373282.571,4881225.709,"NAD83 11N",2.4,12
"EMMAOR_NCLIFFC1-07A_2019","2019-06-27","2019-06-14",1,"success","2019-05-25","N",2019,"EM_MAOR",373282.571,4881225.709,"NAD83 11N",3,273
"EMMAOR_NCLIFFC1-07A_2019","2019-07-03","2019-06-27",2,"success","2019-05-25","N",2019,"EM_MAOR",373282.571,4881225.709,"NAD83 11N",3,273
"EMMAOR_NCLIFFC1-07A_2019","2019-07-09","2019-07-03",3,"success","2019-05-25","F",2019,"EM_MAOR",373282.571,4881225.709,"NAD83 11N",3,273
"EMMAOR_NCLIFFC1-08A_2016","2016-07-07","2016-07-05",1,"success","2016-06-02","N",2016,"EM_MAOR",373124.548,4880770.683,"NAD83 11N",1.25,26
"EMMAOR_NCLIFFC1-08A_2016","2016-07-12","2016-07-07",2,"success","2016-06-02","N",2016,"EM_MAOR",373124.548,4880770.683,"NAD83 11N",1.25,26
"EMMAOR_NCLIFFC1-08A_2016","2016-07-14","2016-07-12",3,"success","2016-06-02","F",2016,"EM_MAOR",373124.548,4880770.683,"NAD83 11N",1.25,26
"EMMAOR_NCLIFFC1-08A_2017","2017-06-21","2017-06-15",1,"success","2017-05-29","N",2017,"EM_MAOR",373075.225,4880340.346,"NAD83 11N",3.6,160
"EMMAOR_NCLIFFC1-08A_2017","2017-06-26","2017-06-21",2,"success","2017-05-29","N",2017,"EM_MAOR",373075.225,4880340.346,"NAD83 11N",3.6,160
"EMMAOR_NCLIFFC1-08A_2017","2017-06-27","2017-06-26",3,"success","2017-05-29","N",2017,"EM_MAOR",373075.225,4880340.346,"NAD83 11N",3.6,160
"EMMAOR_NCLIFFC1-08A_2017","2017-06-29","2017-06-27",4,"success","2017-05-29","N",2017,"EM_MAOR",373075.225,4880340.346,"NAD83 11N",3.6,160
"EMMAOR_NCLIFFC1-08A_2017","2017-07-05","2017-06-29",5,"success","2017-05-29","N",2017,"EM_MAOR",373075.225,4880340.346,"NAD83 11N",3.6,160
"EMMAOR_NCLIFFC1-08A_2017","2017-07-12","2017-07-05",6,"success","2017-05-29","N",2017,"EM_MAOR",373075.225,4880340.346,"NAD83 11N",3.6,160
"EMMAOR_NCLIFFC1-08A_2017","2017-07-19","2017-07-12",7,"success","2017-05-29","F",2017,"EM_MAOR",373075.225,4880340.346,"NAD83 11N",3.6,160
"EMMAOR_NCLIFFC1-08A_2019","2019-06-27","2019-06-14",1,"success","2019-06-02","N",2019,"EM_MAOR",373075.225,4880340.346,"NAD83 11N",3.6,160
"EMMAOR_NCLIFFC1-08A_2019","2019-07-03","2019-06-27",2,"success","2019-06-02","N",2019,"EM_MAOR",373075.225,4880340.346,"NAD83 11N",3.6,160
"EMMAOR_NCLIFFC1-08A_2019","2019-07-09","2019-07-03",3,"success","2019-06-02","N",2019,"EM_MAOR",373075.225,4880340.346,"NAD83 11N",3.6,160
"EMMAOR_NCLIFFC1-08A_2019","2019-07-11","2019-07-09",4,"success","2019-06-02","N",2019,"EM_MAOR",373075.225,4880340.346,"NAD83 11N",3.6,160
"EMMAOR_NCLIFFC1-08A_2019","2019-07-12","2019-07-11",5,"success","2019-06-02","N",2019,"EM_MAOR",373075.225,4880340.346,"NAD83 11N",3.6,160
"EMMAOR_NCLIFFC1-08A_2019","2019-07-19","2019-07-12",6,"success","2019-06-02","F",2019,"EM_MAOR",373075.225,4880340.346,"NAD83 11N",3.6,160
"EMMAOR_NCLIFFC1-08B_2017","2017-06-21","2017-06-15",1,"success","2017-05-25","N",2017,"EM_MAOR",373124.548,4880770.683,"NAD83 11N",1.25,26
"EMMAOR_NCLIFFC1-08B_2017","2017-06-26","2017-06-21",2,"success","2017-05-25","N",2017,"EM_MAOR",373124.548,4880770.683,"NAD83 11N",1.25,26
"EMMAOR_NCLIFFC1-08B_2017","2017-06-27","2017-06-26",3,"success","2017-05-25","N",2017,"EM_MAOR",373124.548,4880770.683,"NAD83 11N",1.25,26
"EMMAOR_NCLIFFC1-08B_2017","2017-06-29","2017-06-27",4,"success","2017-05-25","N",2017,"EM_MAOR",373124.548,4880770.683,"NAD83 11N",1.25,26
"EMMAOR_NCLIFFC1-08B_2017","2017-07-05","2017-06-29",5,"success","2017-05-25","N",2017,"EM_MAOR",373124.548,4880770.683,"NAD83 11N",1.25,26
"EMMAOR_NCLIFFC1-08B_2017","2017-07-12","2017-07-05",6,"success","2017-05-25","F",2017,"EM_MAOR",373124.548,4880770.683,"NAD83 11N",1.25,26
"EMMAOR_NCLIFFC2-04A_2017","2017-07-05","2017-06-27",1,"success","2017-05-26","N",2017,"EM_MAOR",374052.527,4877547.94,"NAD83 11N",1.5,128
"EMMAOR_NCLIFFC2-04A_2017","2017-07-12","2017-07-05",2,"success","2017-05-26","F",2017,"EM_MAOR",374052.527,4877547.94,"NAD83 11N",1.5,128
"EMMAOR_NCLIFFC2-06A_2019","2019-07-03","2019-06-27",1,"success","2019-05-24","N",2019,"EM_MAOR",374460.998,4876877.559,"NAD83 11N",1.8,35
"EMMAOR_NCLIFFC2-06A_2019","2019-07-09","2019-07-03",2,"success","2019-05-24","F",2019,"EM_MAOR",374460.998,4876877.559,"NAD83 11N",1.8,35
"EMMAOR_NCLIFFC2-07A_2015","2015-06-29","2015-06-15",1,"success","2015-05-25","N",2015,"EM_MAOR",374889.838,4876541.643,"NAD83 11N",1.9,286
"EMMAOR_NCLIFFC2-07A_2015","2015-07-10","2015-06-29",2,"success","2015-05-25","F",2015,"EM_MAOR",374889.838,4876541.643,"NAD83 11N",1.9,286
"EMMAOR_NCLIFFC2-08A_2019","2019-07-03","2019-06-27",1,"success","2019-05-19","F",2019,"EM_MAOR",375172.094,4876639.819,"NAD83 11N",1.1,251
"EMMAOR_NCLIFFC2-10A_2017","2017-07-05","2017-06-29",1,"success","2017-05-21","F",2017,"EM_MAOR",376022.398,4877089.051,"NAD83 11N",2.9,24
"EMMAOR_NCUBT1-10A_2016","2016-06-17","2016-06-15",1,"failure","2016-05-29","N",2016,"EM_MAOR",347457.452,4888208.178,"NAD83 11N",1.5,196
"EMMAOR_NCUBT1-10A_2016","2016-06-20","2016-06-17",2,"failure","2016-05-29","N",2016,"EM_MAOR",347457.452,4888208.178,"NAD83 11N",1.5,196
"EMMAOR_NCUBT1-10A_2016","2016-06-24","2016-06-20",3,"failure","2016-05-29","N",2016,"EM_MAOR",347457.452,4888208.178,"NAD83 11N",1.5,196
"EMMAOR_NCUBT1-10A_2016","2016-06-27","2016-06-24",4,"failure","2016-05-29","N",2016,"EM_MAOR",347457.452,4888208.178,"NAD83 11N",1.5,196
"EMMAOR_NCUBT1-10A_2016","2016-07-08","2016-06-27",5,"failure","2016-05-29","N",2016,"EM_MAOR",347457.452,4888208.178,"NAD83 11N",1.5,196
"EMMAOR_NCUBT2-02A_2016","2016-06-27","2016-06-24",1,"failure","2016-06-06","N",2016,"EM_MAOR",345533.728,4888895.778,"NAD83 11N",2.5,122
"EMMAOR_NCUBT2-02A_2016","2016-06-29","2016-06-27",2,"failure","2016-06-06","N",2016,"EM_MAOR",345533.728,4888895.778,"NAD83 11N",2.5,122
"EMMAOR_NCUBT2-02A_2016","2016-07-08","2016-06-29",3,"failure","2016-06-06","N",2016,"EM_MAOR",345533.728,4888895.778,"NAD83 11N",2.5,122
"EMMAOR_NCUBT2-02A_2021","2021-06-10","2021-06-07",1,"success","2021-05-19","N",2021,"EM_MAOR",345182,4888785,"NAD83 11N",0.95,14
"EMMAOR_NCUBT2-02A_2021","2021-06-18","2021-06-10",2,"success","2021-05-19","N",2021,"EM_MAOR",345182,4888785,"NAD83 11N",0.95,14
"EMMAOR_NCUBT2-02A_2021","2021-06-24","2021-06-18",3,"success","2021-05-19","N",2021,"EM_MAOR",345182,4888785,"NAD83 11N",0.95,14
"EMMAOR_NCUBT2-02A_2021","2021-06-28","2021-06-24",4,"success","2021-05-19","N",2021,"EM_MAOR",345182,4888785,"NAD83 11N",0.95,14
"EMMAOR_NCUBT2-02A_2021","2021-06-30","2021-06-28",5,"success","2021-05-19","N",2021,"EM_MAOR",345182,4888785,"NAD83 11N",0.95,14
"EMMAOR_NCUBT2-02A_2021","2021-07-02","2021-06-30",6,"success","2021-05-19","N",2021,"EM_MAOR",345182,4888785,"NAD83 11N",0.95,14
"EMMAOR_NCUBT2-02A_2021","2021-07-04","2021-07-02",7,"success","2021-05-19","F",2021,"EM_MAOR",345182,4888785,"NAD83 11N",0.95,14
"EMMAOR_NCUBT2-03A_2015","2015-06-16","2015-06-01",1,"failure","2015-99-99","N",2015,"EM_MAOR",345633.804,4888525.007,"NAD83 11N",1.7,210
"EMMAOR_NCUBT2-03A_2015","2015-06-29","2015-06-16",2,"failure","2015-99-99","N",2015,"EM_MAOR",345633.804,4888525.007,"NAD83 11N",1.7,210
"EMMAOR_NCUBT2-03A_2015","2015-07-02","2015-06-29",3,"failure","2015-99-99","N",2015,"EM_MAOR",345633.804,4888525.007,"NAD83 11N",1.7,210
"EMMAOR_NCUBT2-08A_2019","2019-06-25","2019-06-20",1,"success","2019-05-24","N",2019,"EM_MAOR",346130.672,4887726.859,"NAD83 11N",2.2,148
"EMMAOR_NCUBT2-08A_2019","2019-06-27","2019-06-25",2,"success","2019-05-24","N",2019,"EM_MAOR",346130.672,4887726.859,"NAD83 11N",2.2,148
"EMMAOR_NCUBT2-08A_2019","2019-07-02","2019-06-27",3,"success","2019-05-24","N",2019,"EM_MAOR",346130.672,4887726.859,"NAD83 11N",2.2,148
"EMMAOR_NCUBT2-08A_2019","2019-07-09","2019-07-02",4,"success","2019-05-24","F",2019,"EM_MAOR",346130.672,4887726.859,"NAD83 11N",2.2,148
"EMMAOR_NCUBT2-10A_2015","2015-07-02","2015-06-30",1,"failure","2015-99-99","N",2015,"EM_MAOR",346153.224,4887334.899,"NAD83 11N",3.5,90
"EMMAOR_NCUBT2-10A_2015","2015-07-06","2015-07-02",2,"failure","2015-99-99","N",2015,"EM_MAOR",346153.224,4887334.899,"NAD83 11N",3.5,90
"EMMAOR_NCUBT2-10A_2015","2015-07-08","2015-07-06",3,"failure","2015-99-99","N",2015,"EM_MAOR",346153.224,4887334.899,"NAD83 11N",3.5,90
"EMMAOR_NCUBT2-10A_2016","2016-06-27","2016-06-24",1,"failure","2016-06-07","N",2016,"EM_MAOR",346005.164,4886997.165,"NAD83 11N",1.5,70
"EMMAOR_NCUBT2-10A_2016","2016-06-29","2016-06-27",2,"failure","2016-06-07","N",2016,"EM_MAOR",346005.164,4886997.165,"NAD83 11N",1.5,70
"EMMAOR_NCUBT2-10A_2016","2016-07-08","2016-06-29",3,"failure","2016-06-07","N",2016,"EM_MAOR",346005.164,4886997.165,"NAD83 11N",1.5,70
"EMMAOR_NCUBT2-10A_2016","2016-07-12","2016-07-08",4,"failure","2016-06-07","N",2016,"EM_MAOR",346005.164,4886997.165,"NAD83 11N",1.5,70
"EMMAOR_NCUBT2-10A_2017","2017-06-21","2017-06-12",1,"success","2017-05-27","N",2017,"EM_MAOR",345919.93,4887247.563,"NAD83 11N",1.7,145
"EMMAOR_NCUBT2-10A_2017","2017-06-27","2017-06-21",2,"success","2017-05-27","N",2017,"EM_MAOR",345919.93,4887247.563,"NAD83 11N",1.7,145
"EMMAOR_NCUBT2-10A_2017","2017-07-06","2017-06-27",3,"success","2017-05-27","N",2017,"EM_MAOR",345919.93,4887247.563,"NAD83 11N",1.7,145
"EMMAOR_NCUBT2-10A_2017","2017-07-12","2017-07-06",4,"success","2017-05-27","F",2017,"EM_MAOR",345919.93,4887247.563,"NAD83 11N",1.7,145
"EMMAOR_NCUBT2-10A_2021","2021-06-02","2021-05-25",1,"success","2021-05-24","I",2021,"EM_MAOR",345837,4887269,"NAD83 11N",2.55,160
"EMMAOR_NCUBT2-10A_2021","2021-06-10","2021-06-02",2,"success","2021-05-24","N",2021,"EM_MAOR",345837,4887269,"NAD83 11N",2.55,160
"EMMAOR_NCUBT2-10A_2021","2021-06-18","2021-06-10",3,"success","2021-05-24","N",2021,"EM_MAOR",345837,4887269,"NAD83 11N",2.55,160
"EMMAOR_NCUBT2-10A_2021","2021-06-24","2021-06-18",4,"success","2021-05-24","N",2021,"EM_MAOR",345837,4887269,"NAD83 11N",2.55,160
"EMMAOR_NCUBT2-10A_2021","2021-06-28","2021-06-24",5,"success","2021-05-24","N",2021,"EM_MAOR",345837,4887269,"NAD83 11N",2.55,160
"EMMAOR_NCUBT2-10A_2021","2021-06-30","2021-06-28",6,"success","2021-05-24","N",2021,"EM_MAOR",345837,4887269,"NAD83 11N",2.55,160
"EMMAOR_NCUBT2-10A_2021","2021-07-02","2021-06-30",7,"success","2021-05-24","F",2021,"EM_MAOR",345837,4887269,"NAD83 11N",2.55,160
"EMMAOR_NDUGC1-01A_2015","2015-06-18","2015-06-08",1,"success","2015-05-26","N",2015,"EM_MAOR",390639.002,4895431.191,"NAD83 11N",1.5,55
"EMMAOR_NDUGC1-01A_2015","2015-07-01","2015-06-18",2,"success","2015-05-26","N",2015,"EM_MAOR",390639.002,4895431.191,"NAD83 11N",1.5,55
"EMMAOR_NDUGC1-01A_2015","2015-07-14","2015-07-01",3,"success","2015-05-26","F",2015,"EM_MAOR",390639.002,4895431.191,"NAD83 11N",1.5,55
"EMMAOR_NDUGC1-01A_2016","2016-06-06","2016-06-02",1,"success","2016-05-22","I",2016,"EM_MAOR",390639.002,4895431.191,"NAD83 11N",2.7,258
"EMMAOR_NDUGC1-01A_2016","2016-06-20","2016-06-06",2,"success","2016-05-22","N",2016,"EM_MAOR",390639.002,4895431.191,"NAD83 11N",2.7,258
"EMMAOR_NDUGC1-01A_2016","2016-06-23","2016-06-20",3,"success","2016-05-22","N",2016,"EM_MAOR",390639.002,4895431.191,"NAD83 11N",2.7,258
"EMMAOR_NDUGC1-01A_2016","2016-06-28","2016-06-23",4,"success","2016-05-22","N",2016,"EM_MAOR",390639.002,4895431.191,"NAD83 11N",2.7,258
"EMMAOR_NDUGC1-01A_2016","2016-07-06","2016-06-28",5,"success","2016-05-22","F",2016,"EM_MAOR",390639.002,4895431.191,"NAD83 11N",2.7,258
"EMMAOR_NDUGC1-01A_2016","2016-07-11","2016-07-06",6,"success","2016-05-22","F",2016,"EM_MAOR",390639.002,4895431.191,"NAD83 11N",2.7,258
"EMMAOR_NDUGC1-01A_2017","2017-06-28","2017-06-20",1,"success","2017-05-18","N",2017,"EM_MAOR",390532.025,4895392.237,"NAD83 11N",1.8,33
"EMMAOR_NDUGC1-01A_2017","2017-07-03","2017-06-28",2,"success","2017-05-18","F",2017,"EM_MAOR",390532.025,4895392.237,"NAD83 11N",1.8,33
"EMMAOR_NDUGC1-05A_2017","2017-06-28","2017-06-20",1,"success","2017-05-27","N",2017,"EM_MAOR",391552.765,4895312.544,"NAD83 11N",2.4,238
"EMMAOR_NDUGC1-05A_2017","2017-07-03","2017-06-28",2,"success","2017-05-27","N",2017,"EM_MAOR",391552.765,4895312.544,"NAD83 11N",2.4,238
"EMMAOR_NDUGC1-05A_2017","2017-07-13","2017-07-03",3,"success","2017-05-27","F",2017,"EM_MAOR",391552.765,4895312.544,"NAD83 11N",2.4,238
"EMMAOR_NDUGC1-06A_2017","2017-05-25","2017-05-24",1,"failure","2017-05-19","I",2017,"EM_MAOR",390400.722,4893620.775,"NAD83 11N",2.75,72
"EMMAOR_NDUGC1-06A_2017","2017-06-06","2017-05-25",2,"failure","2017-05-19","N",2017,"EM_MAOR",390400.722,4893620.775,"NAD83 11N",2.75,72
"EMMAOR_NDUGC1-06A_2017","2017-06-13","2017-06-06",3,"failure","2017-05-19","N",2017,"EM_MAOR",390400.722,4893620.775,"NAD83 11N",2.75,72
"EMMAOR_NDUGC1-06A_2017","2017-06-16","2017-06-13",4,"failure","2017-05-19","N",2017,"EM_MAOR",390400.722,4893620.775,"NAD83 11N",2.75,72
"EMMAOR_NDUGC1-06A_2017","2017-06-20","2017-06-16",5,"failure","2017-05-19","N",2017,"EM_MAOR",390400.722,4893620.775,"NAD83 11N",2.75,72
"EMMAOR_NDUGC1-06B_2017","2017-06-20","2017-06-16",1,"success","2017-05-19","N",2017,"EM_MAOR",391317.859,4894027.772,"NAD83 11N",2.5,302
"EMMAOR_NDUGC1-06B_2017","2017-06-28","2017-06-20",2,"success","2017-05-19","N",2017,"EM_MAOR",391317.859,4894027.772,"NAD83 11N",2.5,302
"EMMAOR_NDUGC1-06B_2017","2017-07-03","2017-06-28",3,"success","2017-05-19","F",2017,"EM_MAOR",391317.859,4894027.772,"NAD83 11N",2.5,302
"EMMAOR_NDUGC1-10A_2016","2016-07-06","2016-06-28",1,"success","2016-06-11","N",2016,"EM_MAOR",392209.915,4895522.643,"NAD83 11N",1.3,58
"EMMAOR_NDUGC1-10A_2016","2016-07-11","2016-07-06",2,"success","2016-06-11","N",2016,"EM_MAOR",392209.915,4895522.643,"NAD83 11N",1.3,58
"EMMAOR_NDUGC1-10A_2016","2016-07-14","2016-07-11",3,"success","2016-06-11","N",2016,"EM_MAOR",392209.915,4895522.643,"NAD83 11N",1.3,58
"EMMAOR_NDUGC1-10A_2016","2016-07-20","2016-07-14",4,"success","2016-06-11","N",2016,"EM_MAOR",392209.915,4895522.643,"NAD83 11N",1.3,58
"EMMAOR_NDUGC1-10A_2016","2016-07-21","2016-07-20",5,"success","2016-06-11","N",2016,"EM_MAOR",392209.915,4895522.643,"NAD83 11N",1.3,58
"EMMAOR_NDUGC1-10A_2016","2016-07-25","2016-07-21",6,"success","2016-06-11","F",2016,"EM_MAOR",392209.915,4895522.643,"NAD83 11N",1.3,58
"EMMAOR_NELKT1-05A_2015","2015-06-23","2015-06-18",1,"success","2015-05-28","N",2015,"EM_MAOR",382947.617,4886290.213,"NAD83 11N",1.4,152
"EMMAOR_NELKT1-05A_2015","2015-07-06","2015-06-23",2,"success","2015-05-28","N",2015,"EM_MAOR",382947.617,4886290.213,"NAD83 11N",1.4,152
"EMMAOR_NELKT1-05A_2015","2015-07-08","2015-07-06",3,"success","2015-05-28","N",2015,"EM_MAOR",382947.617,4886290.213,"NAD83 11N",1.4,152
"EMMAOR_NELKT1-05A_2015","2015-07-14","2015-07-08",4,"success","2015-05-28","F",2015,"EM_MAOR",382947.617,4886290.213,"NAD83 11N",1.4,152
"EMMAOR_NELKT2-01A_2021","2021-07-07","2021-07-01",1,"failure","2021-99-99","I",2021,"EM_MAOR",387253,4893917,"NAD83 11N",3,76
"EMMAOR_NELKT2-01A_2021","2021-07-09","2021-07-07",2,"failure","2021-99-99","I",2021,"EM_MAOR",387253,4893917,"NAD83 11N",3,76
"EMMAOR_NELKT2-01A_2021","2021-07-12","2021-07-09",3,"failure","2021-99-99","I",2021,"EM_MAOR",387253,4893917,"NAD83 11N",3,76
"EMMAOR_NELKT2-01A_2021","2021-07-20","2021-07-12",4,"failure","2021-99-99","I",2021,"EM_MAOR",387253,4893917,"NAD83 11N",3,76
"EMMAOR_NELKT2-02A_2015","2015-07-07","2015-07-01",1,"success","2015-05-31","N",2015,"EM_MAOR",387014.282,4892729.184,"NAD83 11N",5.6,100
"EMMAOR_NELKT2-02A_2015","2015-07-08","2015-07-07",2,"success","2015-05-31","N",2015,"EM_MAOR",387014.282,4892729.184,"NAD83 11N",5.6,100
"EMMAOR_NELKT2-02A_2015","2015-07-14","2015-07-08",3,"success","2015-05-31","F",2015,"EM_MAOR",387014.282,4892729.184,"NAD83 11N",5.6,100
"EMMAOR_NELKT2-02A_2021","2021-06-21","2021-06-17",1,"success","2021-05-28","N",2021,"EM_MAOR",387138,4892693,"NAD83 11N",1.6,224
"EMMAOR_NELKT2-02A_2021","2021-07-01","2021-06-21",2,"success","2021-05-28","N",2021,"EM_MAOR",387138,4892693,"NAD83 11N",1.6,224
"EMMAOR_NELKT2-02A_2021","2021-07-07","2021-07-01",3,"success","2021-05-28","N",2021,"EM_MAOR",387138,4892693,"NAD83 11N",1.6,224
"EMMAOR_NELKT2-02A_2021","2021-07-08","2021-07-07",4,"success","2021-05-28","N",2021,"EM_MAOR",387138,4892693,"NAD83 11N",1.6,224
"EMMAOR_NELKT2-02A_2021","2021-07-09","2021-07-08",5,"success","2021-05-28","N",2021,"EM_MAOR",387138,4892693,"NAD83 11N",1.6,224
"EMMAOR_NELKT2-02A_2021","2021-07-12","2021-07-09",6,"success","2021-05-28","F",2021,"EM_MAOR",387138,4892693,"NAD83 11N",1.6,224
"EMMAOR_NELKT2-04A_2016","2016-06-28","2016-06-23",1,"success","2016-05-27","N",2016,"EM_MAOR",384832.738,4890913.384,"NAD83 11N",0.7,207
"EMMAOR_NELKT2-04A_2016","2016-07-06","2016-06-28",2,"success","2016-05-27","N",2016,"EM_MAOR",384832.738,4890913.384,"NAD83 11N",0.7,207
"EMMAOR_NELKT2-04A_2016","2016-07-11","2016-07-06",3,"success","2016-05-27","F",2016,"EM_MAOR",384832.738,4890913.384,"NAD83 11N",0.7,207
"EMMAOR_NELKT2-04A_2017","2017-06-13","2017-06-08",1,"success","2017-05-21","N",2017,"EM_MAOR",384832.738,4890913.384,"NAD83 11N",0.7,207
"EMMAOR_NELKT2-04A_2017","2017-06-21","2017-06-13",2,"success","2017-05-21","N",2017,"EM_MAOR",384832.738,4890913.384,"NAD83 11N",0.7,207
"EMMAOR_NELKT2-04A_2017","2017-06-26","2017-06-21",3,"success","2017-05-21","N",2017,"EM_MAOR",384832.738,4890913.384,"NAD83 11N",0.7,207
"EMMAOR_NELKT2-04A_2017","2017-06-28","2017-06-26",4,"success","2017-05-21","N",2017,"EM_MAOR",384832.738,4890913.384,"NAD83 11N",0.7,207
"EMMAOR_NELKT2-04A_2017","2017-07-03","2017-06-28",5,"success","2017-05-21","N",2017,"EM_MAOR",384832.738,4890913.384,"NAD83 11N",0.7,207
"EMMAOR_NELKT2-04A_2017","2017-07-13","2017-07-03",6,"success","2017-05-21","F",2017,"EM_MAOR",384832.738,4890913.384,"NAD83 11N",0.7,207
"EMMAOR_NELKT2-05A_2019","2019-06-25","2019-06-21",1,"success","2019-05-25","N",2019,"EM_MAOR",387659.259,4892338.555,"NAD83 11N",1.1,49
"EMMAOR_NELKT2-05A_2019","2019-07-05","2019-06-25",2,"success","2019-05-25","N",2019,"EM_MAOR",387659.259,4892338.555,"NAD83 11N",1.1,49
"EMMAOR_NELKT2-05A_2019","2019-07-09","2019-07-05",3,"success","2019-05-25","F",2019,"EM_MAOR",387659.259,4892338.555,"NAD83 11N",1.1,49
"EMMAOR_NELKT2-06A_2015","2015-07-01","2015-06-18",1,"success","2015-05-23","N",2015,"EM_MAOR",387958.405,4891880.336,"NAD83 11N",2.2,30
"EMMAOR_NELKT2-06A_2015","2015-07-07","2015-07-01",2,"success","2015-05-23","F",2015,"EM_MAOR",387958.405,4891880.336,"NAD83 11N",2.2,30
"EMMAOR_NELKT2-06A_2017","2017-06-13","2017-06-06",1,"success","2017-05-17","N",2017,"EM_MAOR",387928.098,4891950.203,"NAD83 11N",2,148
"EMMAOR_NELKT2-06A_2017","2017-06-20","2017-06-13",2,"success","2017-05-17","N",2017,"EM_MAOR",387928.098,4891950.203,"NAD83 11N",2,148
"EMMAOR_NELKT2-06A_2017","2017-06-26","2017-06-20",3,"success","2017-05-17","N",2017,"EM_MAOR",387928.098,4891950.203,"NAD83 11N",2,148
"EMMAOR_NELKT2-06A_2017","2017-06-28","2017-06-26",4,"success","2017-05-17","N",2017,"EM_MAOR",387928.098,4891950.203,"NAD83 11N",2,148
"EMMAOR_NELKT2-06A_2017","2017-07-03","2017-06-28",5,"success","2017-05-17","F",2017,"EM_MAOR",387928.098,4891950.203,"NAD83 11N",2,148
"EMMAOR_NELKT2-07A_2021","2021-07-07","2021-07-01",1,"success","2021-05-28","N",2021,"EM_MAOR",388273,4892715,"NAD83 11N",1.3,110
"EMMAOR_NELKT2-07A_2021","2021-07-08","2021-07-07",2,"success","2021-05-28","N",2021,"EM_MAOR",388273,4892715,"NAD83 11N",1.3,110
"EMMAOR_NELKT2-07A_2021","2021-07-09","2021-07-08",3,"success","2021-05-28","F",2021,"EM_MAOR",388273,4892715,"NAD83 11N",1.3,110
"EMMAOR_NELKT2-10A_2019","2019-06-25","2019-06-21",1,"success","2019-05-29","N",2019,"EM_MAOR",388875.509,4891555.433,"NAD83 11N",3,277
"EMMAOR_NELKT2-10A_2019","2019-07-09","2019-06-25",2,"success","2019-05-29","N",2019,"EM_MAOR",388875.509,4891555.433,"NAD83 11N",3,277
"EMMAOR_NELKT2-10A_2019","2019-07-12","2019-07-09",3,"success","2019-05-29","F",2019,"EM_MAOR",388875.509,4891555.433,"NAD83 11N",3,277
"EMMAOR_NELKT3-01A_2017","2017-06-21","2017-06-15",1,"success","2017-05-26","N",2017,"EM_MAOR",381021.182,4891838.568,"NAD83 11N",7.7,230
"EMMAOR_NELKT3-01A_2017","2017-06-26","2017-06-21",2,"success","2017-05-26","N",2017,"EM_MAOR",381021.182,4891838.568,"NAD83 11N",7.7,230
"EMMAOR_NELKT3-01A_2017","2017-06-28","2017-06-26",3,"success","2017-05-26","N",2017,"EM_MAOR",381021.182,4891838.568,"NAD83 11N",7.7,230
"EMMAOR_NELKT3-01A_2017","2017-07-05","2017-06-28",4,"success","2017-05-26","N",2017,"EM_MAOR",381021.182,4891838.568,"NAD83 11N",7.7,230
"EMMAOR_NELKT3-01A_2017","2017-07-13","2017-07-05",5,"success","2017-05-26","F",2017,"EM_MAOR",381021.182,4891838.568,"NAD83 11N",7.7,230
"EMMAOR_NELKT3-03A_2014","2014-06-30","2014-06-05",1,"failure","2014-99-99","9",2014,"EM_MAOR",381515.93,4891692.458,"NAD83 11N",6.9,175
"EMMAOR_NELKT3-03A_2019","2019-06-27","2019-06-26",1,"failure","2019-06-08","N",2019,"EM_MAOR",381550.143,4891495.527,"NAD83 11N",2.3,281
"EMMAOR_NELKT3-03A_2019","2019-06-30","2019-06-27",2,"failure","2019-06-08","N",2019,"EM_MAOR",381550.143,4891495.527,"NAD83 11N",2.3,281
"EMMAOR_NELKT3-03A_2019","2019-07-01","2019-06-30",3,"failure","2019-06-08","N",2019,"EM_MAOR",381550.143,4891495.527,"NAD83 11N",2.3,281
"EMMAOR_NELKT3-08A_2021","2021-07-01","2021-06-25",1,"failure","2021-06-08","N",2021,"EM_MAOR",381079,4889752,"NAD83 11N",2.8,75
"EMMAOR_NELKT3-08A_2021","2021-07-07","2021-07-01",2,"failure","2021-06-08","N",2021,"EM_MAOR",381079,4889752,"NAD83 11N",2.8,75
"EMMAOR_NELKT3-08A_2021","2021-07-08","2021-07-07",3,"failure","2021-06-08","N",2021,"EM_MAOR",381079,4889752,"NAD83 11N",2.8,75
"EMMAOR_NELKT3-08A_2021","2021-07-09","2021-07-08",4,"failure","2021-06-08","N",2021,"EM_MAOR",381079,4889752,"NAD83 11N",2.8,75
"EMMAOR_NELKT3-08A_2021","2021-07-12","2021-07-09",5,"failure","2021-06-08","N",2021,"EM_MAOR",381079,4889752,"NAD83 11N",2.8,75
"EMMAOR_NFLAGC1-02A_2015","2015-07-06","2015-07-01",1,"success","2015-05-30","N",2015,"EM_MAOR",390793.838,4899518.43,"NAD83 11N",1.8,200
"EMMAOR_NFLAGC1-02A_2015","2015-07-08","2015-07-06",2,"success","2015-05-30","N",2015,"EM_MAOR",390793.838,4899518.43,"NAD83 11N",1.8,200
"EMMAOR_NFLAGC1-02A_2015","2015-07-14","2015-07-08",3,"success","2015-05-30","F",2015,"EM_MAOR",390793.838,4899518.43,"NAD83 11N",1.8,200
"EMMAOR_NFLAGC1-05A_2015","2015-07-01","2015-06-15",1,"failure","2015-06-07","I",2015,"EM_MAOR",390818.894,4898931.832,"NAD83 11N",4,145
"EMMAOR_NFLAGC1-05A_2019","2019-06-17","2019-06-05",1,"success","2019-05-30","N",2019,"EM_MAOR",390743.897,4899177.662,"NAD83 11N",3.4,9
"EMMAOR_NFLAGC1-05A_2019","2019-06-21","2019-06-17",2,"success","2019-05-30","N",2019,"EM_MAOR",390743.897,4899177.662,"NAD83 11N",3.4,9
"EMMAOR_NFLAGC1-05A_2019","2019-07-09","2019-06-21",3,"success","2019-05-30","N",2019,"EM_MAOR",390743.897,4899177.662,"NAD83 11N",3.4,9
"EMMAOR_NFLAGC1-05A_2019","2019-07-12","2019-07-09",4,"success","2019-05-30","N",2019,"EM_MAOR",390743.897,4899177.662,"NAD83 11N",3.4,9
"EMMAOR_NFLAGC1-05A_2019","2019-07-19","2019-07-12",5,"success","2019-05-30","F",2019,"EM_MAOR",390743.897,4899177.662,"NAD83 11N",3.4,9
"EMMAOR_NFLAGC1-06A_2016","2016-07-11","2016-07-06",1,"success","2016-06-04","N",2016,"EM_MAOR",390620.178,4898827.523,"NAD83 11N",1.7,104
"EMMAOR_NFLAGC1-06A_2016","2016-07-14","2016-07-11",2,"success","2016-06-04","N",2016,"EM_MAOR",390620.178,4898827.523,"NAD83 11N",1.7,104
"EMMAOR_NFLAGC1-06A_2016","2016-07-20","2016-07-14",3,"success","2016-06-04","F",2016,"EM_MAOR",390620.178,4898827.523,"NAD83 11N",1.7,104
"EMMAOR_NFLAGC1-06A_2016","2016-07-21","2016-07-20",4,"success","2016-06-04","F",2016,"EM_MAOR",390620.178,4898827.523,"NAD83 11N",1.7,104
"EMMAOR_NFLAGC1-06A_2017","2017-06-13","2017-06-06",1,"success","2017-05-25","N",2017,"EM_MAOR",390625.318,4898879.623,"NAD83 11N",4.2,340
"EMMAOR_NFLAGC1-06A_2017","2017-06-20","2017-06-13",2,"success","2017-05-25","N",2017,"EM_MAOR",390625.318,4898879.623,"NAD83 11N",4.2,340
"EMMAOR_NFLAGC1-06A_2017","2017-06-28","2017-06-20",3,"success","2017-05-25","N",2017,"EM_MAOR",390625.318,4898879.623,"NAD83 11N",4.2,340
"EMMAOR_NFLAGC1-06A_2017","2017-07-03","2017-06-28",4,"success","2017-05-25","N",2017,"EM_MAOR",390625.318,4898879.623,"NAD83 11N",4.2,340
"EMMAOR_NFLAGC1-06A_2017","2017-07-13","2017-07-03",5,"success","2017-05-25","F",2017,"EM_MAOR",390625.318,4898879.623,"NAD83 11N",4.2,340
"EMMAOR_NFLAGC1-07A_2014","2014-06-19","2014-06-10",1,"failure","2014-99-99","N",2014,"EM_MAOR",391229.25,4899148.852,"NAD83 11N",2.1,197
"EMMAOR_NFLAGC1-07A_2014","2014-07-08","2014-06-19",2,"failure","2014-99-99","N",2014,"EM_MAOR",391229.25,4899148.852,"NAD83 11N",2.1,197
"EMMAOR_NFLAGC1-08A_2015","2015-07-01","2015-06-10",1,"success","2015-05-24","N",2015,"EM_MAOR",391266.276,4898481.279,"NAD83 11N",9,224
"EMMAOR_NFLAGC1-08A_2015","2015-07-06","2015-07-01",2,"success","2015-05-24","N",2015,"EM_MAOR",391266.276,4898481.279,"NAD83 11N",9,224
"EMMAOR_NFLAGC1-08A_2015","2015-07-08","2015-07-06",3,"success","2015-05-24","F",2015,"EM_MAOR",391266.276,4898481.279,"NAD83 11N",9,224
"EMMAOR_NFLAGC2-03A_2019","2019-07-10","2019-07-01",1,"success","2019-06-05","N",2019,"EM_MAOR",393393.585,4892277.049,"NAD83 11N",6,262
"EMMAOR_NFLAGC2-03A_2019","2019-07-19","2019-07-10",2,"success","2019-06-05","F",2019,"EM_MAOR",393393.585,4892277.049,"NAD83 11N",6,262
"EMMAOR_NFLAGC2-06A_2019","2019-07-10","2019-07-09",1,"success","2019-06-12","N",2019,"EM_MAOR",393822.573,4891467.987,"NAD83 11N",12.3,19
"EMMAOR_NFLAGC2-06A_2019","2019-07-12","2019-07-10",2,"success","2019-06-12","N",2019,"EM_MAOR",393822.573,4891467.987,"NAD83 11N",12.3,19
"EMMAOR_NFLAGC2-06A_2019","2019-07-19","2019-07-12",3,"success","2019-06-12","N",2019,"EM_MAOR",393822.573,4891467.987,"NAD83 11N",12.3,19
"EMMAOR_NFLAGC2-06A_2019","2019-07-31","2019-07-19",4,"success","2019-06-12","F",2019,"EM_MAOR",393822.573,4891467.987,"NAD83 11N",12.3,19
"EMMAOR_NFLAGC2-10A_2015","2015-07-06","2015-06-08",1,"success","2015-05-26","N",2015,"EM_MAOR",393085.872,4890222.922,"NAD83 11N",1.95,182
"EMMAOR_NFLAGC2-10A_2015","2015-07-14","2015-07-06",2,"success","2015-05-26","F",2015,"EM_MAOR",393085.872,4890222.922,"NAD83 11N",1.95,182
"EMMAOR_NFLAGC2-10A_2019","2019-07-01","2019-06-21",1,"success","2019-05-27","N",2019,"EM_MAOR",392967.605,4890340.661,"NAD83 11N",7.5,283
"EMMAOR_NFLAGC2-10A_2019","2019-07-05","2019-07-01",2,"success","2019-05-27","N",2019,"EM_MAOR",392967.605,4890340.661,"NAD83 11N",7.5,283
"EMMAOR_NFLAGC2-10A_2019","2019-07-10","2019-07-05",3,"success","2019-05-27","F",2019,"EM_MAOR",392967.605,4890340.661,"NAD83 11N",7.5,283
"EMMAOR_NMDC1-07A_2017","2017-07-10","2017-06-26",1,"success","2017-05-21","F",2017,"EM_MAOR",347046.626,4850942.079,"NAD83 11N",2.8,230
"EMMAOR_NMDC2-04A_2019","2019-06-28","2019-06-20",1,"success","2019-06-01","N",2019,"EM_MAOR",348663.132,4852176.791,"NAD83 11N",2.2,182
"EMMAOR_NMDC2-04A_2019","2019-07-02","2019-06-28",2,"success","2019-06-01","N",2019,"EM_MAOR",348663.132,4852176.791,"NAD83 11N",2.2,182
"EMMAOR_NMDC2-04A_2019","2019-07-10","2019-07-02",3,"success","2019-06-01","N",2019,"EM_MAOR",348663.132,4852176.791,"NAD83 11N",2.2,182
"EMMAOR_NMDC2-04A_2019","2019-07-12","2019-07-10",4,"success","2019-06-01","N",2019,"EM_MAOR",348663.132,4852176.791,"NAD83 11N",2.2,182
"EMMAOR_NMDC2-04A_2019","2019-07-18","2019-07-12",5,"success","2019-06-01","F",2019,"EM_MAOR",348663.132,4852176.791,"NAD83 11N",2.2,182
"EMMAOR_NPAWT1-01A_2019","2019-06-25","2019-06-17",1,"failure","2019-05-30","N",2019,"EM_MAOR",348353.094,4885871.669,"NAD83 11N",2,291
"EMMAOR_NPAWT1-01A_2019","2019-07-03","2019-06-25",2,"failure","2019-05-30","N",2019,"EM_MAOR",348353.094,4885871.669,"NAD83 11N",2,291
"EMMAOR_NPAWT1-02A_2014","2014-06-25","2014-06-16",1,"failure","2014-99-99","9",2014,"EM_MAOR",349189.458,4883270.837,"NAD83 11N",3.4,91
"EMMAOR_NPAWT1-03A_2016","2016-06-07","2016-06-03",1,"success","2016-06-03","I",2016,"EM_MAOR",349106.633,4883555.622,"NAD83 11N",1.2,58
"EMMAOR_NPAWT1-03A_2016","2016-06-14","2016-06-07",2,"success","2016-06-03","I",2016,"EM_MAOR",349106.633,4883555.622,"NAD83 11N",1.2,58
"EMMAOR_NPAWT1-03A_2016","2016-06-15","2016-06-14",3,"success","2016-06-03","I",2016,"EM_MAOR",349106.633,4883555.622,"NAD83 11N",1.2,58
"EMMAOR_NPAWT1-03A_2016","2016-07-05","2016-06-15",4,"success","2016-06-03","N",2016,"EM_MAOR",349106.633,4883555.622,"NAD83 11N",1.2,58
"EMMAOR_NPAWT1-03A_2016","2016-07-08","2016-07-05",5,"success","2016-06-03","N",2016,"EM_MAOR",349106.633,4883555.622,"NAD83 11N",1.2,58
"EMMAOR_NPAWT1-03A_2016","2016-07-12","2016-07-08",6,"success","2016-06-03","N",2016,"EM_MAOR",349106.633,4883555.622,"NAD83 11N",1.2,58
"EMMAOR_NPAWT1-03A_2016","2016-07-14","2016-07-12",7,"success","2016-06-03","F",2016,"EM_MAOR",349106.633,4883555.622,"NAD83 11N",1.2,58
"EMMAOR_NPAWT1-03A_2017","2017-07-06","2017-06-27",1,"success","2017-05-28","N",2017,"EM_MAOR",349113.919,4883389.977,"NAD83 11N",4.9,155
"EMMAOR_NPAWT1-03A_2017","2017-07-12","2017-07-06",2,"success","2017-05-28","F",2017,"EM_MAOR",349113.919,4883389.977,"NAD83 11N",4.9,155
"EMMAOR_NPAWT1-03A_2019","2019-06-14","2019-05-30",1,"success","2019-05-17","N",2019,"EM_MAOR",349073.75,4883410.961,"NAD83 11N",1,53
"EMMAOR_NPAWT1-03A_2019","2019-06-25","2019-06-14",2,"success","2019-05-17","N",2019,"EM_MAOR",349073.75,4883410.961,"NAD83 11N",1,53
"EMMAOR_NPAWT1-03A_2019","2019-07-03","2019-06-25",3,"success","2019-05-17","F",2019,"EM_MAOR",349073.75,4883410.961,"NAD83 11N",1,53
"EMMAOR_NPAWT1-03A_2021","2021-06-08","2021-06-01",1,"success","2021-05-28","I",2021,"EM_MAOR",349078,4883312,"NAD83 11N",1.15,50
"EMMAOR_NPAWT1-03A_2021","2021-06-18","2021-06-08",2,"success","2021-05-28","N",2021,"EM_MAOR",349078,4883312,"NAD83 11N",1.15,50
"EMMAOR_NPAWT1-03A_2021","2021-06-24","2021-06-18",3,"success","2021-05-28","N",2021,"EM_MAOR",349078,4883312,"NAD83 11N",1.15,50
"EMMAOR_NPAWT1-03A_2021","2021-06-28","2021-06-24",4,"success","2021-05-28","N",2021,"EM_MAOR",349078,4883312,"NAD83 11N",1.15,50
"EMMAOR_NPAWT1-03A_2021","2021-07-06","2021-06-28",5,"success","2021-05-28","N",2021,"EM_MAOR",349078,4883312,"NAD83 11N",1.15,50
"EMMAOR_NPAWT1-03A_2021","2021-07-07","2021-07-06",6,"success","2021-05-28","N",2021,"EM_MAOR",349078,4883312,"NAD83 11N",1.15,50
"EMMAOR_NPAWT1-03A_2021","2021-07-08","2021-07-07",7,"success","2021-05-28","N",2021,"EM_MAOR",349078,4883312,"NAD83 11N",1.15,50
"EMMAOR_NPAWT1-03A_2021","2021-07-09","2021-07-08",8,"success","2021-05-28","F",2021,"EM_MAOR",349078,4883312,"NAD83 11N",1.15,50
"EMMAOR_NPAWT1-04A_2015","2015-06-30","2015-06-16",1,"failure","2015-06-10","N",2015,"EM_MAOR",349153.776,4883247.443,"NAD83 11N",3.2,259
"EMMAOR_NPAWT1-04A_2015","2015-07-02","2015-06-30",2,"failure","2015-06-10","N",2015,"EM_MAOR",349153.776,4883247.443,"NAD83 11N",3.2,259
"EMMAOR_NPAWT1-04A_2015","2015-07-06","2015-07-02",3,"failure","2015-06-10","N",2015,"EM_MAOR",349153.776,4883247.443,"NAD83 11N",3.2,259
"EMMAOR_NPAWT1-04A_2015","2015-07-08","2015-07-06",4,"failure","2015-06-10","N",2015,"EM_MAOR",349153.776,4883247.443,"NAD83 11N",3.2,259
"EMMAOR_NPAWT1-05A_2015","2015-07-02","2015-06-29",1,"success","2015-06-01","N",2015,"EM_MAOR",348535.365,4882608.059,"NAD83 11N",0.7,65
"EMMAOR_NPAWT1-05A_2015","2015-07-06","2015-07-02",2,"success","2015-06-01","N",2015,"EM_MAOR",348535.365,4882608.059,"NAD83 11N",0.7,65
"EMMAOR_NPAWT1-05A_2015","2015-07-07","2015-07-06",3,"success","2015-06-01","N",2015,"EM_MAOR",348535.365,4882608.059,"NAD83 11N",0.7,65
"EMMAOR_NPAWT1-05A_2015","2015-07-13","2015-07-07",4,"success","2015-06-01","N",2015,"EM_MAOR",348535.365,4882608.059,"NAD83 11N",0.7,65
"EMMAOR_NPAWT1-05A_2015","2015-07-14","2015-07-13",5,"success","2015-06-01","N",2015,"EM_MAOR",348535.365,4882608.059,"NAD83 11N",0.7,65
"EMMAOR_NPAWT1-05A_2019","2019-07-09","2019-07-03",1,"success","2019-05-25","F",2019,"EM_MAOR",348526.588,4882486.381,"NAD83 11N",1.8,188
"EMMAOR_NPAWT1-05A_2021","2021-06-24","2021-06-18",1,"success","2021-05-25","N",2021,"EM_MAOR",348809,4882576,"NAD83 11N",2.9,235
"EMMAOR_NPAWT1-05A_2021","2021-06-28","2021-06-24",2,"success","2021-05-25","N",2021,"EM_MAOR",348809,4882576,"NAD83 11N",2.9,235
"EMMAOR_NPAWT1-05A_2021","2021-07-06","2021-06-28",3,"success","2021-05-25","N",2021,"EM_MAOR",348809,4882576,"NAD83 11N",2.9,235
"EMMAOR_NPAWT1-05A_2021","2021-07-07","2021-07-06",4,"success","2021-05-25","F",2021,"EM_MAOR",348809,4882576,"NAD83 11N",2.9,235
"EMMAOR_NPAWT1-07A_2015","2015-07-06","2015-07-02",1,"failure","2015-99-99","N",2015,"EM_MAOR",348896.982,4882063.489,"NAD83 11N",2,12
"EMMAOR_NPAWT1-07A_2015","2015-07-08","2015-07-06",2,"failure","2015-99-99","N",2015,"EM_MAOR",348896.982,4882063.489,"NAD83 11N",2,12
"EMMAOR_NPAWT1-08A_2015","2015-06-29","2015-06-16",1,"success","2015-06-01","N",2015,"EM_MAOR",349865.329,4882589.179,"NAD83 11N",1.5,178
"EMMAOR_NPAWT1-08A_2015","2015-07-02","2015-06-29",2,"success","2015-06-01","N",2015,"EM_MAOR",349865.329,4882589.179,"NAD83 11N",1.5,178
"EMMAOR_NPAWT1-08A_2015","2015-07-06","2015-07-02",3,"success","2015-06-01","N",2015,"EM_MAOR",349865.329,4882589.179,"NAD83 11N",1.5,178
"EMMAOR_NPAWT1-08A_2015","2015-07-07","2015-07-06",4,"success","2015-06-01","N",2015,"EM_MAOR",349865.329,4882589.179,"NAD83 11N",1.5,178
"EMMAOR_NPAWT1-08A_2015","2015-07-13","2015-07-07",5,"success","2015-06-01","N",2015,"EM_MAOR",349865.329,4882589.179,"NAD83 11N",1.5,178
"EMMAOR_NPAWT1-08A_2015","2015-07-14","2015-07-13",6,"success","2015-06-01","F",2015,"EM_MAOR",349865.329,4882589.179,"NAD83 11N",1.5,178
"EMMAOR_NPAWT1-08A_2021","2021-07-13","2021-07-08",1,"success","2021-06-04","N",2021,"EM_MAOR",350163,4882643,"NAD83 11N",5,51
"EMMAOR_NPAWT1-08A_2021","2021-07-15","2021-07-13",2,"success","2021-06-04","N",2021,"EM_MAOR",350163,4882643,"NAD83 11N",5,51
"EMMAOR_NPAWT1-08A_2021","2021-07-16","2021-07-15",3,"success","2021-06-04","N",2021,"EM_MAOR",350163,4882643,"NAD83 11N",5,51
"EMMAOR_NPAWT1-08A_2021","2021-07-18","2021-07-16",4,"success","2021-06-04","F",2021,"EM_MAOR",350163,4882643,"NAD83 11N",5,51
"EMMAOR_NPAWT1-09A_2014","2014-06-25","2014-06-16",1,"failure","2014-99-99","9",2014,"EM_MAOR",349308.401,4882203.396,"NAD83 11N",1,232
"EMMAOR_NPAWT1-09A_2019","2019-06-25","2019-06-17",1,"success","2019-05-17","N",2019,"EM_MAOR",349653.836,4882294.659,"NAD83 11N",5.4,48
"EMMAOR_NPAWT1-09A_2019","2019-07-03","2019-06-25",2,"success","2019-05-17","F",2019,"EM_MAOR",349653.836,4882294.659,"NAD83 11N",5.4,48
"EMMAOR_NPRONGC1-01A_2019","2019-06-12","2019-06-06",1,"success","2019-05-20","N",2019,"EM_MAOR",349668.933,4886769.837,"NAD83 11N",1.7,283
"EMMAOR_NPRONGC1-01A_2019","2019-06-17","2019-06-12",2,"success","2019-05-20","N",2019,"EM_MAOR",349668.933,4886769.837,"NAD83 11N",1.7,283
"EMMAOR_NPRONGC1-01A_2019","2019-06-25","2019-06-17",3,"success","2019-05-20","N",2019,"EM_MAOR",349668.933,4886769.837,"NAD83 11N",1.7,283
"EMMAOR_NPRONGC1-01A_2019","2019-07-02","2019-06-25",4,"success","2019-05-20","N",2019,"EM_MAOR",349668.933,4886769.837,"NAD83 11N",1.7,283
"EMMAOR_NPRONGC1-01A_2019","2019-07-09","2019-07-02",5,"success","2019-05-20","F",2019,"EM_MAOR",349668.933,4886769.837,"NAD83 11N",1.7,283
"EMMAOR_NPRONGC2-01A_2015","2015-06-29","2015-06-02",1,"success","2015-05-27","N",2015,"EM_MAOR",352339.482,4887461.483,"NAD83 11N",1.65,244
"EMMAOR_NPRONGC2-01A_2015","2015-07-06","2015-06-29",2,"success","2015-05-27","N",2015,"EM_MAOR",352339.482,4887461.483,"NAD83 11N",1.65,244
"EMMAOR_NPRONGC2-01A_2015","2015-07-07","2015-07-06",3,"success","2015-05-27","F",2015,"EM_MAOR",352339.482,4887461.483,"NAD83 11N",1.65,244
"EMMAOR_NPRONGC2-01A_2019","2019-06-25","2019-06-13",1,"failure","2019-99-99","I",2019,"EM_MAOR",352375.871,4887585.366,"NAD83 11N",1.7,215
"EMMAOR_NPRONGC2-01A_2019","2019-07-02","2019-06-25",2,"failure","2019-99-99","I",2019,"EM_MAOR",352375.871,4887585.366,"NAD83 11N",1.7,215
"EMMAOR_NPRONGC2-08A_2019","2019-06-25","2019-06-13",1,"failure","2019-06-01","N",2019,"EM_MAOR",353234.03,4887485.011,"NAD83 11N",2.4,232
"EMMAOR_NPRONGC2-08A_2019","2019-07-02","2019-06-25",2,"failure","2019-06-01","N",2019,"EM_MAOR",353234.03,4887485.011,"NAD83 11N",2.4,232
"EMMAOR_NRATT1-03A_2017","2017-07-10","2017-06-30",1,"success","2017-05-30","N",2017,"EM_MAOR",352797.908,4848063.592,"NAD83 11N",1.9,274
"EMMAOR_NRATT1-03A_2017","2017-07-18","2017-07-10",2,"success","2017-05-30","F",2017,"EM_MAOR",352797.908,4848063.592,"NAD83 11N",1.9,274
"EMMAOR_NRATT1-07A_2016","2016-07-11","2016-07-05",1,"success","2016-05-27","F",2016,"EM_MAOR",353534.287,4847730.361,"NAD83 11N",1.8,356
"EMMAOR_NRATT1-07A_2016","2016-07-14","2016-07-11",2,"success","2016-05-27","F",2016,"EM_MAOR",353534.287,4847730.361,"NAD83 11N",1.8,356
"EMMAOR_NRATT1-10A_2015","2015-07-02","2015-06-25",1,"failure","2015-99-99","N",2015,"EM_MAOR",353460.279,4846902.468,"NAD83 11N",2,232
"EMMAOR_NRATT1-10A_2015","2015-07-07","2015-07-02",2,"failure","2015-99-99","N",2015,"EM_MAOR",353460.279,4846902.468,"NAD83 11N",2,232
"EMMAOR_NRATT1-10A_2016","2016-06-22","2016-06-20",1,"success","2016-05-27","N",2016,"EM_MAOR",353431.286,4846748.238,"NAD83 11N",1.5,109
"EMMAOR_NRATT1-10A_2016","2016-06-24","2016-06-22",2,"success","2016-05-27","N",2016,"EM_MAOR",353431.286,4846748.238,"NAD83 11N",1.5,109
"EMMAOR_NRATT1-10A_2016","2016-06-28","2016-06-24",3,"success","2016-05-27","N",2016,"EM_MAOR",353431.286,4846748.238,"NAD83 11N",1.5,109
"EMMAOR_NRATT1-10A_2016","2016-06-30","2016-06-28",4,"success","2016-05-27","N",2016,"EM_MAOR",353431.286,4846748.238,"NAD83 11N",1.5,109
"EMMAOR_NRATT1-10A_2016","2016-07-05","2016-06-30",5,"success","2016-05-27","N",2016,"EM_MAOR",353431.286,4846748.238,"NAD83 11N",1.5,109
"EMMAOR_NRATT1-10A_2016","2016-07-14","2016-07-05",6,"success","2016-05-27","F",2016,"EM_MAOR",353431.286,4846748.238,"NAD83 11N",1.5,109
"EMMAOR_NRATT1-10A_2017","2017-06-14","2017-06-08",1,"success","2017-05-26","N",2017,"EM_MAOR",353460.279,4846902.468,"NAD83 11N",2,232
"EMMAOR_NRATT1-10A_2017","2017-06-20","2017-06-14",2,"success","2017-05-26","N",2017,"EM_MAOR",353460.279,4846902.468,"NAD83 11N",2,232
"EMMAOR_NRATT1-10A_2017","2017-06-22","2017-06-20",3,"success","2017-05-26","N",2017,"EM_MAOR",353460.279,4846902.468,"NAD83 11N",2,232
"EMMAOR_NRATT1-10A_2017","2017-06-30","2017-06-22",4,"success","2017-05-26","N",2017,"EM_MAOR",353460.279,4846902.468,"NAD83 11N",2,232
"EMMAOR_NRATT1-10A_2017","2017-07-10","2017-06-30",5,"success","2017-05-26","F",2017,"EM_MAOR",353460.279,4846902.468,"NAD83 11N",2,232
"EMMAOR_NRATT2-10A_2017","2017-06-30","2017-06-20",1,"success","2017-05-27","N",2017,"EM_MAOR",351756.632,4844297.097,"NAD83 11N",3.7,350
"EMMAOR_NRATT2-10A_2017","2017-07-10","2017-06-30",2,"success","2017-05-27","F",2017,"EM_MAOR",351756.632,4844297.097,"NAD83 11N",3.7,350
"EMMAOR_NRATT2-10A_2019","2019-06-20","2019-06-06",1,"failure","2019-05-30","N",2019,"EM_MAOR",351709.674,4844259.953,"NAD83 11N",1.9,135
"EMMAOR_NRATT2-10A_2019","2019-06-28","2019-06-20",2,"failure","2019-05-30","N",2019,"EM_MAOR",351709.674,4844259.953,"NAD83 11N",1.9,135
"EMMAOR_NRATT2-10A_2019","2019-07-02","2019-06-28",3,"failure","2019-05-30","N",2019,"EM_MAOR",351709.674,4844259.953,"NAD83 11N",1.9,135
"EMMAOR_NSAGEC1-08A_2019","2019-07-03","2019-06-25",1,"success","2019-06-06","N",2019,"EM_MAOR",330529.985,4856206.835,"NAD83 11N",1.5,92
"EMMAOR_NSAGEC1-08A_2019","2019-07-10","2019-07-03",2,"success","2019-06-06","N",2019,"EM_MAOR",330529.985,4856206.835,"NAD83 11N",1.5,92
"EMMAOR_NSAGEC1-08A_2019","2019-07-12","2019-07-10",3,"success","2019-06-06","N",2019,"EM_MAOR",330529.985,4856206.835,"NAD83 11N",1.5,92
"EMMAOR_NSAGEC1-08A_2019","2019-07-18","2019-07-12",4,"success","2019-06-06","F",2019,"EM_MAOR",330529.985,4856206.835,"NAD83 11N",1.5,92
"EMMAOR_NSAGEC1-09A_2015","2015-06-22","2015-06-11",1,"failure","2015-05-29","N",2015,"EM_MAOR",329632.768,4856921.342,"NAD83 11N",1.1,18
"EMMAOR_NSAGEC1-09A_2015","2015-06-23","2015-06-22",2,"failure","2015-05-29","N",2015,"EM_MAOR",329632.768,4856921.342,"NAD83 11N",1.1,18
"EMMAOR_NSAGEC1-09A_2015","2015-07-02","2015-06-23",3,"failure","2015-05-29","N",2015,"EM_MAOR",329632.768,4856921.342,"NAD83 11N",1.1,18
"EMMAOR_NSAGEC1-09A_2015","2015-07-07","2015-07-02",4,"failure","2015-05-29","N",2015,"EM_MAOR",329632.768,4856921.342,"NAD83 11N",1.1,18
"EMMAOR_NSAGEC1-09A_2019","2019-07-03","2019-06-25",1,"success","2019-05-18","F",2019,"EM_MAOR",329517.852,4857106.555,"NAD83 11N",1.3,9
"EMMAOR_NSAGEC1-10A_2015","2015-06-22","2015-06-09",1,"failure","2015-05-28","N",2015,"EM_MAOR",330814.221,4856070.314,"NAD83 11N",0.8,101
"EMMAOR_NSAGEC1-10A_2015","2015-06-23","2015-06-22",2,"failure","2015-05-28","N",2015,"EM_MAOR",330814.221,4856070.314,"NAD83 11N",0.8,101
"EMMAOR_NSAGEC1-10A_2015","2015-07-02","2015-06-23",3,"failure","2015-05-28","N",2015,"EM_MAOR",330814.221,4856070.314,"NAD83 11N",0.8,101
"EMMAOR_NSAGEC1-10A_2015","2015-07-07","2015-07-02",4,"failure","2015-05-28","N",2015,"EM_MAOR",330814.221,4856070.314,"NAD83 11N",0.8,101
"EMMAOR_NSAGEC1-10A_2019","2019-07-03","2019-06-25",1,"success","2019-05-20","F",2019,"EM_MAOR",329982.535,4856957.158,"NAD83 11N",0.9,75
"EMMAOR_NSAGEC1-10B_2015","2015-07-02","2015-06-23",1,"success","2015-05-25","N",2015,"EM_MAOR",330264.429,4857145.252,"NAD83 11N",3.35,0
"EMMAOR_NSAGEC1-10B_2015","2015-07-07","2015-07-02",2,"success","2015-05-25","F",2015,"EM_MAOR",330264.429,4857145.252,"NAD83 11N",3.35,0
"EMMAOR_NUPCA1-04A_2016","2016-07-05","2016-06-28",1,"success","2016-05-27","N",2016,"EM_MAOR",363895.579,4848506.178,"NAD83 11N",12.5,127
"EMMAOR_NUPCA1-04A_2016","2016-07-11","2016-07-05",2,"success","2016-05-27","F",2016,"EM_MAOR",363895.579,4848506.178,"NAD83 11N",12.5,127
"EMMAOR_NUPCA1-04A_2017","2017-07-10","2017-06-27",1,"success","2017-05-23","F",2017,"EM_MAOR",363814.907,4848613.578,"NAD83 11N",1.7,222
"EMMAOR_NUPCA1-05A_2017","2017-06-14","2017-06-07",1,"success","2017-05-22","N",2017,"EM_MAOR",363865.878,4848256.718,"NAD83 11N",8.6,324
"EMMAOR_NUPCA1-05A_2017","2017-06-27","2017-06-14",2,"success","2017-05-22","N",2017,"EM_MAOR",363865.878,4848256.718,"NAD83 11N",8.6,324
"EMMAOR_NUPCA1-05A_2017","2017-07-10","2017-06-27",3,"success","2017-05-22","F",2017,"EM_MAOR",363865.878,4848256.718,"NAD83 11N",8.6,324
"EMMAOR_NUPCA1-08A_2017","2017-06-14","2017-06-07",1,"success","2017-05-22","N",2017,"EM_MAOR",364305.555,4847678.418,"NAD83 11N",2.1,144
"EMMAOR_NUPCA1-08A_2017","2017-06-27","2017-06-14",2,"success","2017-05-22","N",2017,"EM_MAOR",364305.555,4847678.418,"NAD83 11N",2.1,144
"EMMAOR_NUPCA1-08A_2017","2017-07-10","2017-06-27",3,"success","2017-05-22","F",2017,"EM_MAOR",364305.555,4847678.418,"NAD83 11N",2.1,144
"EMMAOR_NUPCB1-04A_2017","2017-06-14","2017-06-08",1,"success","2017-05-24","N",2017,"EM_MAOR",362519.688,4853667.145,"NAD83 11N",2.2,352
"EMMAOR_NUPCB1-04A_2017","2017-06-26","2017-06-14",2,"success","2017-05-24","N",2017,"EM_MAOR",362519.688,4853667.145,"NAD83 11N",2.2,352
"EMMAOR_NUPCB1-04A_2017","2017-07-10","2017-06-26",3,"success","2017-05-24","F",2017,"EM_MAOR",362519.688,4853667.145,"NAD83 11N",2.2,352
"EMMAOR_NUPCB1-07A_2017","2017-06-14","2017-06-08",1,"success","2017-06-01","I",2017,"EM_MAOR",362828.866,4852252.149,"NAD83 11N",2.9,226
"EMMAOR_NUPCB1-07A_2017","2017-06-26","2017-06-14",2,"success","2017-06-01","N",2017,"EM_MAOR",362828.866,4852252.149,"NAD83 11N",2.9,226
"EMMAOR_NUPCB1-07A_2017","2017-07-10","2017-06-26",3,"success","2017-06-01","N",2017,"EM_MAOR",362828.866,4852252.149,"NAD83 11N",2.9,226
"EMMAOR_NUPCB1-07A_2017","2017-07-18","2017-07-10",4,"success","2017-06-01","F",2017,"EM_MAOR",362828.866,4852252.149,"NAD83 11N",2.9,226
"EMMAOR_NUPCB1-07A_2019","2019-07-10","2019-06-28",1,"success","2019-05-30","N",2019,"EM_MAOR",362828.866,4852252.149,"NAD83 11N",2.9,226
"EMMAOR_NUPCB1-07A_2019","2019-07-12","2019-07-10",2,"success","2019-05-30","F",2019,"EM_MAOR",362828.866,4852252.149,"NAD83 11N",2.9,226
"EMMAOR_NWOLFC1-01A_2017","2017-07-05","2017-06-27",1,"success","2017-05-25","N",2017,"EM_MAOR",367088.285,4879992.787,"NAD83 11N",1.75,160
"EMMAOR_NWOLFC1-01A_2017","2017-07-11","2017-07-05",2,"success","2017-05-25","F",2017,"EM_MAOR",367088.285,4879992.787,"NAD83 11N",1.75,160
"EMMAOR_NWOLFC1-01A_2019","2019-06-12","2019-06-06",1,"success","2019-05-22","N",2019,"EM_MAOR",366985.59,4880001.914,"NAD83 11N",3.2,154
"EMMAOR_NWOLFC1-01A_2019","2019-06-18","2019-06-12",2,"success","2019-05-22","N",2019,"EM_MAOR",366985.59,4880001.914,"NAD83 11N",3.2,154
"EMMAOR_NWOLFC1-01A_2019","2019-06-27","2019-06-18",3,"success","2019-05-22","N",2019,"EM_MAOR",366985.59,4880001.914,"NAD83 11N",3.2,154
"EMMAOR_NWOLFC1-01A_2019","2019-07-03","2019-06-27",4,"success","2019-05-22","N",2019,"EM_MAOR",366985.59,4880001.914,"NAD83 11N",3.2,154
"EMMAOR_NWOLFC1-01A_2019","2019-07-09","2019-07-03",5,"success","2019-05-22","F",2019,"EM_MAOR",366985.59,4880001.914,"NAD83 11N",3.2,154
"EMMAOR_NWOLFC1-03A_2015","2015-06-22","2015-06-16",1,"success","2015-05-28","N",2015,"EM_MAOR",367281.861,4879188.367,"NAD83 11N",5.1,266
"EMMAOR_NWOLFC1-03A_2015","2015-06-30","2015-06-22",2,"success","2015-05-28","N",2015,"EM_MAOR",367281.861,4879188.367,"NAD83 11N",5.1,266
"EMMAOR_NWOLFC1-03A_2015","2015-07-07","2015-06-30",3,"success","2015-05-28","N",2015,"EM_MAOR",367281.861,4879188.367,"NAD83 11N",5.1,266
"EMMAOR_NWOLFC1-03A_2015","2015-07-10","2015-07-07",4,"success","2015-05-28","N",2015,"EM_MAOR",367281.861,4879188.367,"NAD83 11N",5.1,266
"EMMAOR_NWOLFC1-03A_2015","2015-07-13","2015-07-10",5,"success","2015-05-28","F",2015,"EM_MAOR",367281.861,4879188.367,"NAD83 11N",5.1,266
"EMMAOR_NWOLFC1-03A_2016","2016-07-05","2016-06-29",1,"success","2016-05-28","N",2016,"EM_MAOR",367317.396,4879557.212,"NAD83 11N",5.1,162
"EMMAOR_NWOLFC1-03A_2016","2016-07-07","2016-07-05",2,"success","2016-05-28","N",2016,"EM_MAOR",367317.396,4879557.212,"NAD83 11N",5.1,162
"EMMAOR_NWOLFC1-03A_2016","2016-07-12","2016-07-07",3,"success","2016-05-28","F",2016,"EM_MAOR",367317.396,4879557.212,"NAD83 11N",5.1,162
"EMMAOR_NWOLFC1-03A_2019","2019-06-27","2019-06-18",1,"success","2019-05-28","N",2019,"EM_MAOR",367147.885,4879574.644,"NAD83 11N",2.4,111
"EMMAOR_NWOLFC1-03A_2019","2019-07-09","2019-06-27",2,"success","2019-05-28","N",2019,"EM_MAOR",367147.885,4879574.644,"NAD83 11N",2.4,111
"EMMAOR_NWOLFC1-03A_2019","2019-07-11","2019-07-09",3,"success","2019-05-28","F",2019,"EM_MAOR",367147.885,4879574.644,"NAD83 11N",2.4,111
"EMMAOR_NWOLFC1-07A_2015","2015-06-22","2015-06-04",1,"success","2015-05-25","N",2015,"EM_MAOR",368392.155,4879271.611,"NAD83 11N",3.1,295
"EMMAOR_NWOLFC1-07A_2015","2015-06-30","2015-06-22",2,"success","2015-05-25","N",2015,"EM_MAOR",368392.155,4879271.611,"NAD83 11N",3.1,295
"EMMAOR_NWOLFC1-07A_2015","2015-07-07","2015-06-30",3,"success","2015-05-25","F",2015,"EM_MAOR",368392.155,4879271.611,"NAD83 11N",3.1,295
"EMMAOR_NWOLFC1-07A_2017","2017-06-27","2017-06-19",1,"success","2017-05-18","N",2017,"EM_MAOR",368392.155,4879271.611,"NAD83 11N",3.1,295
"EMMAOR_NWOLFC1-07A_2017","2017-07-05","2017-06-27",2,"success","2017-05-18","F",2017,"EM_MAOR",368392.155,4879271.611,"NAD83 11N",3.1,295
"EMMAOR_NWOLFC1-08A_2019","2019-06-26","2019-06-18",1,"failure","2019-05-17","N",2019,"EM_MAOR",368660.357,4879054.458,"NAD83 11N",3.5,40
"EMMAOR_NWOLFC2-01A_2017","2017-07-06","2017-06-29",1,"success","2017-05-23","F",2017,"EM_MAOR",369744.386,4878029.842,"NAD83 11N",3,106
"EMMAOR_NWOLFC2-02A_2015","2015-07-07","2015-06-30",1,"success","2015-05-28","N",2015,"EM_MAOR",369893.774,4877733.656,"NAD83 11N",9,173
"EMMAOR_NWOLFC2-02A_2015","2015-07-13","2015-07-07",2,"success","2015-05-28","F",2015,"EM_MAOR",369893.774,4877733.656,"NAD83 11N",9,173
"EMMAOR_NWOLFC2-03A_2016","2016-07-12","2016-07-07",1,"success","2016-05-30","F",2016,"EM_MAOR",369554.94,4877554.946,"NAD83 11N",1.5,99
"EMMAOR_NWOLFC2-08A_2017","2017-07-06","2017-06-29",1,"success","2017-05-21","F",2017,"EM_MAOR",370192.842,4876099.555,"NAD83 11N",4.1,330
"EMMAOR_NWOLFC2-09A_2015","2015-07-07","2015-06-22",1,"success","2015-06-01","N",2015,"EM_MAOR",370090.691,4875925.514,"NAD83 11N",1.8,251
"EMMAOR_NWOLFC2-09A_2015","2015-07-13","2015-07-07",2,"success","2015-06-01","N",2015,"EM_MAOR",370090.691,4875925.514,"NAD83 11N",1.8,251
"EMMAOR_NWOLFC2-09A_2016","2016-06-29","2016-06-27",1,"success","2016-05-27","N",2016,"EM_MAOR",370113.169,4876044.094,"NAD83 11N",2,216
"EMMAOR_NWOLFC2-09A_2016","2016-07-05","2016-06-29",2,"success","2016-05-27","N",2016,"EM_MAOR",370113.169,4876044.094,"NAD83 11N",2,216
"EMMAOR_NWOLFC2-09A_2016","2016-07-07","2016-07-05",3,"success","2016-05-27","F",2016,"EM_MAOR",370113.169,4876044.094,"NAD83 11N",2,216
"EMMAOR_NWOLFTA3-09A_2017","2017-07-12","2017-07-06",1,"success","2017-06-02","N",2017,"EM_MAOR",359165.343,4884300.744,"NAD83 11N",0.75,100
"EMMAOR_NWOLFTA3-09A_2017","2017-07-18","2017-07-12",2,"success","2017-06-02","F",2017,"EM_MAOR",359165.343,4884300.744,"NAD83 11N",0.75,100
"EMMAOR_NWOLFTB1-06A_2015","2015-06-22","2015-06-04",1,"failure","2015-06-01","N",2015,"EM_MAOR",364828.718,4884957.844,"NAD83 11N",1.75,159
"EMMAOR_NWOLFTB1-06A_2015","2015-06-29","2015-06-22",2,"failure","2015-06-01","N",2015,"EM_MAOR",364828.718,4884957.844,"NAD83 11N",1.75,159
"EMMAOR_NWOLFTB1-06A_2015","2015-07-02","2015-06-29",3,"failure","2015-06-01","N",2015,"EM_MAOR",364828.718,4884957.844,"NAD83 11N",1.75,159
"EMMAOR_NWOLFTB1-06A_2016","2016-06-15","2016-06-13",1,"failure","2016-05-26","N",2016,"EM_MAOR",365000.362,4884821.049,"NAD83 11N",1.3,20
"EMMAOR_NWOLFTB1-06A_2016","2016-06-20","2016-06-15",2,"failure","2016-05-26","N",2016,"EM_MAOR",365000.362,4884821.049,"NAD83 11N",1.3,20
"EMMAOR_NWOLFTB1-06A_2016","2016-06-23","2016-06-20",3,"failure","2016-05-26","N",2016,"EM_MAOR",365000.362,4884821.049,"NAD83 11N",1.3,20
"EMMAOR_NWOLFTB1-06A_2016","2016-06-27","2016-06-23",4,"failure","2016-05-26","N",2016,"EM_MAOR",365000.362,4884821.049,"NAD83 11N",1.3,20
"EMMAOR_NWOLFTB1-06A_2016","2016-07-08","2016-06-27",5,"failure","2016-05-26","N",2016,"EM_MAOR",365000.362,4884821.049,"NAD83 11N",1.3,20
"EMMAOR_NWOLFTB3-08A_2015","2015-07-10","2015-07-02",1,"failure","2015-06-13","N",2015,"EM_MAOR",365017.59,4883239.803,"NAD83 11N",2.7,346
"EMMAOR_NWOLFTB4-10A_2015","2015-06-24","2015-06-16",1,"failure","2015-05-28","N",2015,"EM_MAOR",364839.246,4880841.728,"NAD83 11N",1.2,108
"EMMAOR_NWOLFTB4-10A_2015","2015-07-07","2015-06-24",2,"failure","2015-05-28","N",2015,"EM_MAOR",364839.246,4880841.728,"NAD83 11N",1.2,108
"EMMAOR_NWOLFTB4-10A_2015","2015-07-08","2015-07-07",3,"failure","2015-05-28","N",2015,"EM_MAOR",364839.246,4880841.728,"NAD83 11N",1.2,108
"EMPAID_N1WS05A_2013","2013-07-08","2013-07-02",1,"success","2013-06-27","I",2013,"EM_PAID",547572.501198,4968534.83959,"NAD83 11N",2.5,147
"EMPAID_N1WS05A_2013","2013-07-11","2013-07-08",2,"success","2013-06-27","I",2013,"EM_PAID",547572.501198,4968534.83959,"NAD83 11N",2.5,147
"EMPAID_N1WS05A_2013","2013-07-15","2013-07-11",3,"success","2013-06-27","N",2013,"EM_PAID",547572.501198,4968534.83959,"NAD83 11N",2.5,147
"EMPAID_N1WS05A_2013","2013-07-16","2013-07-15",4,"success","2013-06-27","N",2013,"EM_PAID",547572.501198,4968534.83959,"NAD83 11N",2.5,147
"EMPAID_N1WS05A_2013","2013-07-17","2013-07-16",5,"success","2013-06-27","N",2013,"EM_PAID",547572.501198,4968534.83959,"NAD83 11N",2.5,147
"EMPAID_N1WS05A_2013","2013-07-23","2013-07-17",6,"success","2013-06-27","N",2013,"EM_PAID",547572.501198,4968534.83959,"NAD83 11N",2.5,147
"EMPAID_N1WS05A_2013","2013-07-29","2013-07-23",7,"success","2013-06-27","N",2013,"EM_PAID",547572.501198,4968534.83959,"NAD83 11N",2.5,147
"EMPAID_N1WS05A_2013","2013-08-01","2013-07-29",8,"success","2013-06-27","N",2013,"EM_PAID",547572.501198,4968534.83959,"NAD83 11N",2.5,147
"EMPAID_N1WS05A_2013","2013-08-05","2013-08-01",9,"success","2013-06-27","N",2013,"EM_PAID",547572.501198,4968534.83959,"NAD83 11N",2.5,147
"EMPAID_N1WS05A_2013","2013-08-08","2013-08-05",10,"success","2013-06-27","F",2013,"EM_PAID",547572.501198,4968534.83959,"NAD83 11N",2.5,147
"EMPAID_N1WS06A_2019","2019-06-21","2019-06-20",1,"success","2019-05-31","N",2019,"EM_PAID",546941.215,4968416.937,"NAD83 11N",1.75,212
"EMPAID_N1WS06A_2019","2019-06-26","2019-06-21",2,"success","2019-05-31","N",2019,"EM_PAID",546941.215,4968416.937,"NAD83 11N",1.75,212
"EMPAID_N1WS06A_2019","2019-07-02","2019-06-26",3,"success","2019-05-31","N",2019,"EM_PAID",546941.215,4968416.937,"NAD83 11N",1.75,212
"EMPAID_N1WS06A_2019","2019-07-05","2019-07-02",4,"success","2019-05-31","N",2019,"EM_PAID",546941.215,4968416.937,"NAD83 11N",1.75,212
"EMPAID_N1WS06A_2019","2019-07-08","2019-07-05",5,"success","2019-05-31","N",2019,"EM_PAID",546941.215,4968416.937,"NAD83 11N",1.75,212
"EMPAID_N1WS06A_2019","2019-07-09","2019-07-08",6,"success","2019-05-31","F",2019,"EM_PAID",546941.215,4968416.937,"NAD83 11N",1.75,212
"EMPAID_N1WS07A_2013","2013-06-12","2013-06-05",1,"failure","2013-05-26","N",2013,"EM_PAID",547569.331225,4967557.13888,"NAD83 11N",4.6,62
"EMPAID_N1WS07A_2013","2013-06-14","2013-06-12",2,"failure","2013-05-26","N",2013,"EM_PAID",547569.331225,4967557.13888,"NAD83 11N",4.6,62
"EMPAID_N1WS07A_2014","2014-06-12","2014-06-02",1,"success","2014-05-25","N",2014,"EM_PAID",547599.55,4967957.484,"NAD83 11N",3,268
"EMPAID_N1WS07A_2014","2014-06-17","2014-06-12",2,"success","2014-05-25","N",2014,"EM_PAID",547599.55,4967957.484,"NAD83 11N",3,268
"EMPAID_N1WS07A_2014","2014-06-24","2014-06-17",3,"success","2014-05-25","N",2014,"EM_PAID",547599.55,4967957.484,"NAD83 11N",3,268
"EMPAID_N1WS07A_2014","2014-07-02","2014-06-24",4,"success","2014-05-25","N",2014,"EM_PAID",547599.55,4967957.484,"NAD83 11N",3,268
"EMPAID_N1WS07A_2014","2014-07-08","2014-07-02",5,"success","2014-05-25","F",2014,"EM_PAID",547599.55,4967957.484,"NAD83 11N",3,268
"EMPAID_N1WS07A_2017","2017-06-27","2017-06-23",1,"failure","2017-06-22","I",2017,"EM_PAID",547380.732,4968175.97,"NAD83 11N",3.7,182
"EMPAID_N1WS07A_2017","2017-06-30","2017-06-27",2,"failure","2017-06-22","I",2017,"EM_PAID",547380.732,4968175.97,"NAD83 11N",3.7,182
"EMPAID_N1WS07A_2017","2017-07-03","2017-06-30",3,"failure","2017-06-22","I",2017,"EM_PAID",547380.732,4968175.97,"NAD83 11N",3.7,182
"EMPAID_N1WS07A_2017","2017-07-06","2017-07-03",4,"failure","2017-06-22","N",2017,"EM_PAID",547380.732,4968175.97,"NAD83 11N",3.7,182
"EMPAID_N1WS07A_2017","2017-07-07","2017-07-06",5,"failure","2017-06-22","N",2017,"EM_PAID",547380.732,4968175.97,"NAD83 11N",3.7,182
"EMPAID_N1WS07A_2017","2017-07-10","2017-07-07",6,"failure","2017-06-22","N",2017,"EM_PAID",547380.732,4968175.97,"NAD83 11N",3.7,182
"EMPAID_N1WS07A_2017","2017-07-12","2017-07-10",7,"failure","2017-06-22","N",2017,"EM_PAID",547380.732,4968175.97,"NAD83 11N",3.7,182
"EMPAID_N1WS07A_2017","2017-07-17","2017-07-12",8,"failure","2017-06-22","N",2017,"EM_PAID",547380.732,4968175.97,"NAD83 11N",3.7,182
"EMPAID_N1WS07A_2017","2017-07-18","2017-07-17",9,"failure","2017-06-22","N",2017,"EM_PAID",547380.732,4968175.97,"NAD83 11N",3.7,182
"EMPAID_N1WS07A_2018","2018-07-05","2018-07-02",1,"success","2018-05-28","N",2018,"EM_PAID",547507.647,4967828.486,"NAD83 11N",3.4,272
"EMPAID_N1WS07A_2018","2018-07-09","2018-07-05",2,"success","2018-05-28","F",2018,"EM_PAID",547507.647,4967828.486,"NAD83 11N",3.4,272
"EMPAID_N1WS07A_2019","2019-06-21","2019-06-20",1,"success","2019-05-27","N",2019,"EM_PAID",547258.735,4968170.555,"NAD83 11N",2.2,190
"EMPAID_N1WS07A_2019","2019-06-26","2019-06-21",2,"success","2019-05-27","N",2019,"EM_PAID",547258.735,4968170.555,"NAD83 11N",2.2,190
"EMPAID_N1WS07A_2019","2019-07-02","2019-06-26",3,"success","2019-05-27","N",2019,"EM_PAID",547258.735,4968170.555,"NAD83 11N",2.2,190
"EMPAID_N1WS07A_2019","2019-07-05","2019-07-02",4,"success","2019-05-27","N",2019,"EM_PAID",547258.735,4968170.555,"NAD83 11N",2.2,190
"EMPAID_N1WS07A_2019","2019-07-08","2019-07-05",5,"success","2019-05-27","F",2019,"EM_PAID",547258.735,4968170.555,"NAD83 11N",2.2,190
"EMPAID_N1WS09A_2017","2017-06-30","2017-06-27",1,"success","2017-05-26","N",2017,"EM_PAID",546363.336,4968014.082,"NAD83 11N",2.6,248
"EMPAID_N1WS09A_2017","2017-07-03","2017-06-30",2,"success","2017-05-26","N",2017,"EM_PAID",546363.336,4968014.082,"NAD83 11N",2.6,248
"EMPAID_N1WS09A_2017","2017-07-06","2017-07-03",3,"success","2017-05-26","F",2017,"EM_PAID",546363.336,4968014.082,"NAD83 11N",2.6,248
"EMPAID_N1WS09A_2018","2018-06-05","2018-05-30",1,"success","2018-05-29","I",2018,"EM_PAID",546155.786,4967880.704,"NAD83 11N",2.5,68
"EMPAID_N1WS09A_2018","2018-06-08","2018-06-05",2,"success","2018-05-29","I",2018,"EM_PAID",546155.786,4967880.704,"NAD83 11N",2.5,68
"EMPAID_N1WS09A_2018","2018-06-15","2018-06-08",3,"success","2018-05-29","N",2018,"EM_PAID",546155.786,4967880.704,"NAD83 11N",2.5,68
"EMPAID_N1WS09A_2018","2018-06-19","2018-06-15",4,"success","2018-05-29","N",2018,"EM_PAID",546155.786,4967880.704,"NAD83 11N",2.5,68
"EMPAID_N1WS09A_2018","2018-06-25","2018-06-19",5,"success","2018-05-29","N",2018,"EM_PAID",546155.786,4967880.704,"NAD83 11N",2.5,68
"EMPAID_N1WS09A_2018","2018-06-29","2018-06-25",6,"success","2018-05-29","N",2018,"EM_PAID",546155.786,4967880.704,"NAD83 11N",2.5,68
"EMPAID_N1WS09A_2018","2018-07-02","2018-06-29",7,"success","2018-05-29","N",2018,"EM_PAID",546155.786,4967880.704,"NAD83 11N",2.5,68
"EMPAID_N1WS09A_2018","2018-07-05","2018-07-02",8,"success","2018-05-29","N",2018,"EM_PAID",546155.786,4967880.704,"NAD83 11N",2.5,68
"EMPAID_N1WS09A_2018","2018-07-09","2018-07-05",9,"success","2018-05-29","N",2018,"EM_PAID",546155.786,4967880.704,"NAD83 11N",2.5,68
"EMPAID_N1WS09A_2018","2018-07-12","2018-07-09",10,"success","2018-05-29","F",2018,"EM_PAID",546155.786,4967880.704,"NAD83 11N",2.5,68
"EMPAID_N2WS05A_2017","2017-06-01","2017-05-25",1,"failure","2017-05-12","N",2017,"EM_PAID",547045.16,4972115.161,"NAD83 11N",1.5,223
"EMPAID_N2WS05A_2017","2017-06-07","2017-06-01",2,"failure","2017-05-12","N",2017,"EM_PAID",547045.16,4972115.161,"NAD83 11N",1.5,223
"EMPAID_N2WS05A_2017","2017-06-15","2017-06-07",3,"failure","2017-05-12","N",2017,"EM_PAID",547045.16,4972115.161,"NAD83 11N",1.5,223
"EMPAID_N2WS05A_2017","2017-06-20","2017-06-15",4,"failure","2017-05-12","N",2017,"EM_PAID",547045.16,4972115.161,"NAD83 11N",1.5,223
"EMPAID_NB-S01A_2014","2014-06-28","2014-06-26",1,"success","2014-06-06","N",2014,"EM_PAID",525879.374,4992272.229,"NAD83 11N",3.6,154
"EMPAID_NB-S01A_2014","2014-06-30","2014-06-28",2,"success","2014-06-06","N",2014,"EM_PAID",525879.374,4992272.229,"NAD83 11N",3.6,154
"EMPAID_NB-S01A_2014","2014-07-09","2014-06-30",3,"success","2014-06-06","N",2014,"EM_PAID",525879.374,4992272.229,"NAD83 11N",3.6,154
"EMPAID_NB-S01A_2014","2014-07-16","2014-07-09",4,"success","2014-06-06","F",2014,"EM_PAID",525879.374,4992272.229,"NAD83 11N",3.6,154
"EMPAID_NB-T01A_2016","2016-06-27","2016-06-23",1,"success","2016-05-30","N",2016,"EM_PAID",522468.361,4985622.447,"NAD83 11N",1.4,28
"EMPAID_NB-T01A_2016","2016-06-30","2016-06-27",2,"success","2016-05-30","N",2016,"EM_PAID",522468.361,4985622.447,"NAD83 11N",1.4,28
"EMPAID_NB-T01A_2016","2016-07-07","2016-06-30",3,"success","2016-05-30","N",2016,"EM_PAID",522468.361,4985622.447,"NAD83 11N",1.4,28
"EMPAID_NB-T01A_2016","2016-07-11","2016-07-07",4,"success","2016-05-30","F",2016,"EM_PAID",522468.361,4985622.447,"NAD83 11N",1.4,28
"EMPAID_NB-T01A_2018","2018-06-26","2018-06-20",1,"success","2018-05-25","N",2018,"EM_PAID",522877.664,4985720.725,"NAD83 11N",3.7,338
"EMPAID_NB-T01A_2018","2018-06-28","2018-06-26",2,"success","2018-05-25","N",2018,"EM_PAID",522877.664,4985720.725,"NAD83 11N",3.7,338
"EMPAID_NB-T01A_2018","2018-07-02","2018-06-28",3,"success","2018-05-25","N",2018,"EM_PAID",522877.664,4985720.725,"NAD83 11N",3.7,338
"EMPAID_NB-T01A_2018","2018-07-05","2018-07-02",4,"success","2018-05-25","F",2018,"EM_PAID",522877.664,4985720.725,"NAD83 11N",3.7,338
"EMPAID_NB-T01A_2019","2019-07-01","2019-06-25",1,"success","2019-05-23","N",2019,"EM_PAID",522547.973,4985345.247,"NAD83 11N",3.3,50
"EMPAID_NB-T01A_2019","2019-07-03","2019-07-01",2,"success","2019-05-23","F",2019,"EM_PAID",522547.973,4985345.247,"NAD83 11N",3.3,50
"EMPAID_NB-T01A_2019","2019-07-05","2019-07-03",3,"success","2019-05-23","F",2019,"EM_PAID",522547.973,4985345.247,"NAD83 11N",3.3,50
"EMPAID_NB-T02A_2015","2015-06-24","2015-06-17",1,"failure","2015-06-14","I",2015,"EM_PAID",522081.734,4985307.952,"NAD83 11N",1.3,331
"EMPAID_NB-T02A_2015","2015-06-30","2015-06-24",2,"failure","2015-06-14","N",2015,"EM_PAID",522081.734,4985307.952,"NAD83 11N",1.3,331
"EMPAID_NB-T02A_2015","2015-07-02","2015-06-30",3,"failure","2015-06-14","N",2015,"EM_PAID",522081.734,4985307.952,"NAD83 11N",1.3,331
"EMPAID_NB-T02A_2015","2015-07-06","2015-07-02",4,"failure","2015-06-14","N",2015,"EM_PAID",522081.734,4985307.952,"NAD83 11N",1.3,331
"EMPAID_NB-T02A_2015","2015-07-14","2015-07-06",5,"failure","2015-06-14","N",2015,"EM_PAID",522081.734,4985307.952,"NAD83 11N",1.3,331
"EMPAID_NB-T06A_2016","2016-06-23","2016-06-16",1,"success","2016-05-27","N",2016,"EM_PAID",521827.945,4984310.136,"NAD83 11N",3,356
"EMPAID_NB-T06A_2016","2016-06-27","2016-06-23",2,"success","2016-05-27","N",2016,"EM_PAID",521827.945,4984310.136,"NAD83 11N",3,356
"EMPAID_NB-T06A_2016","2016-06-30","2016-06-27",3,"success","2016-05-27","N",2016,"EM_PAID",521827.945,4984310.136,"NAD83 11N",3,356
"EMPAID_NB-T06A_2016","2016-07-11","2016-06-30",4,"success","2016-05-27","F",2016,"EM_PAID",521827.945,4984310.136,"NAD83 11N",3,356
"EMPAID_NB-T06A_2019","2019-06-25","2019-06-14",1,"failure","2019-99-99","I",2019,"EM_PAID",521845.712,4984278.545,"NAD83 11N",5,59
"EMPAID_NB-T08A_2012","2012-07-05","2012-07-03",1,"failure","2012-06-18","N",2012,"EM_PAID",522358.876,4983628.91,"NAD83 11N",2.5,48
"EMPAID_NB-T08A_2012","2012-07-08","2012-07-05",2,"failure","2012-06-18","N",2012,"EM_PAID",522358.876,4983628.91,"NAD83 11N",2.5,48
"EMPAID_NB-T10A_2012","2012-06-18","2012-06-15",1,"failure","2012-05-28","N",2012,"EM_PAID",521801.657,4982739.367,"NAD83 11N",2.6,65
"EMPAID_NB-T10A_2012","2012-06-21","2012-06-18",2,"failure","2012-05-28","N",2012,"EM_PAID",521801.657,4982739.367,"NAD83 11N",2.6,65
"EMPAID_NB-T10A_2013","2013-07-08","2013-07-03",1,"success","2013-06-01","N",2013,"EM_PAID",521970.083322,4982616.53278,"NAD83 11N",2,99
"EMPAID_NB-T10A_2013","2013-07-09","2013-07-08",2,"success","2013-06-01","N",2013,"EM_PAID",521970.083322,4982616.53278,"NAD83 11N",2,99
"EMPAID_NB-T10A_2013","2013-07-11","2013-07-09",3,"success","2013-06-01","F",2013,"EM_PAID",521970.083322,4982616.53278,"NAD83 11N",2,99
"EMPAID_NB-T10A_2014","2014-06-02","2014-06-01",1,"success","2014-06-01","L",2014,"EM_PAID",521934.332,4982550.943,"NAD83 11N",3,248
"EMPAID_NB-T10A_2014","2014-06-05","2014-06-02",2,"success","2014-06-01","I",2014,"EM_PAID",521934.332,4982550.943,"NAD83 11N",3,248
"EMPAID_NB-T10A_2014","2014-06-16","2014-06-05",3,"success","2014-06-01","I",2014,"EM_PAID",521934.332,4982550.943,"NAD83 11N",3,248
"EMPAID_NB-T10A_2014","2014-06-18","2014-06-16",4,"success","2014-06-01","N",2014,"EM_PAID",521934.332,4982550.943,"NAD83 11N",3,248
"EMPAID_NB-T10A_2014","2014-06-29","2014-06-18",5,"success","2014-06-01","N",2014,"EM_PAID",521934.332,4982550.943,"NAD83 11N",3,248
"EMPAID_NB-T10A_2014","2014-07-08","2014-06-29",6,"success","2014-06-01","N",2014,"EM_PAID",521934.332,4982550.943,"NAD83 11N",3,248
"EMPAID_NB-T10A_2014","2014-07-10","2014-07-08",7,"success","2014-06-01","N",2014,"EM_PAID",521934.332,4982550.943,"NAD83 11N",3,248
"EMPAID_NB-T10A_2014","2014-07-15","2014-07-10",8,"success","2014-06-01","F",2014,"EM_PAID",521934.332,4982550.943,"NAD83 11N",3,248
"EMPAID_NB-T10A_2014","2014-07-24","2014-07-15",9,"success","2014-06-01","F",2014,"EM_PAID",521934.332,4982550.943,"NAD83 11N",3,248
"EMPAID_NB-T10A_2017","2017-06-30","2017-06-26",1,"success","2017-05-28","N",2017,"EM_PAID",521729.21,4983181.896,"NAD83 11N",4,204
"EMPAID_NB-T10A_2017","2017-07-05","2017-06-30",2,"success","2017-05-28","N",2017,"EM_PAID",521729.21,4983181.896,"NAD83 11N",4,204
"EMPAID_NB-T10A_2017","2017-07-07","2017-07-05",3,"success","2017-05-28","F",2017,"EM_PAID",521729.21,4983181.896,"NAD83 11N",4,204
"EMPAID_NB-T10A_2018","2018-06-07","2018-06-04",1,"success","2018-05-29","I",2018,"EM_PAID",522031.606,4982582.414,"NAD83 11N",2.5,124
"EMPAID_NB-T10A_2018","2018-06-11","2018-06-07",2,"success","2018-05-29","I",2018,"EM_PAID",522031.606,4982582.414,"NAD83 11N",2.5,124
"EMPAID_NB-T10A_2018","2018-06-13","2018-06-11",3,"success","2018-05-29","I",2018,"EM_PAID",522031.606,4982582.414,"NAD83 11N",2.5,124
"EMPAID_NB-T10A_2018","2018-06-14","2018-06-13",4,"success","2018-05-29","N",2018,"EM_PAID",522031.606,4982582.414,"NAD83 11N",2.5,124
"EMPAID_NB-T10A_2018","2018-06-18","2018-06-14",5,"success","2018-05-29","N",2018,"EM_PAID",522031.606,4982582.414,"NAD83 11N",2.5,124
"EMPAID_NB-T10A_2018","2018-06-26","2018-06-18",6,"success","2018-05-29","N",2018,"EM_PAID",522031.606,4982582.414,"NAD83 11N",2.5,124
"EMPAID_NB-T10A_2018","2018-06-28","2018-06-26",7,"success","2018-05-29","N",2018,"EM_PAID",522031.606,4982582.414,"NAD83 11N",2.5,124
"EMPAID_NB-T10A_2018","2018-07-03","2018-06-28",8,"success","2018-05-29","N",2018,"EM_PAID",522031.606,4982582.414,"NAD83 11N",2.5,124
"EMPAID_NB-T10A_2018","2018-07-05","2018-07-03",9,"success","2018-05-29","N",2018,"EM_PAID",522031.606,4982582.414,"NAD83 11N",2.5,124
"EMPAID_NB-T10A_2018","2018-07-09","2018-07-05",10,"success","2018-05-29","N",2018,"EM_PAID",522031.606,4982582.414,"NAD83 11N",2.5,124
"EMPAID_NB-T10A_2018","2018-07-11","2018-07-09",11,"success","2018-05-29","N",2018,"EM_PAID",522031.606,4982582.414,"NAD83 11N",2.5,124
"EMPAID_NB-T10A_2018","2018-07-12","2018-07-11",12,"success","2018-05-29","F",2018,"EM_PAID",522031.606,4982582.414,"NAD83 11N",2.5,124
"EMPAID_NB-T10A_2019","2019-06-25","2019-06-13",1,"failure","2019-99-99","I",2019,"EM_PAID",521828.648,4982850.961,"NAD83 11N",2.4,225
"EMPAID_NB-U01A_2013","2013-06-21","2013-06-17",1,"success","2013-06-05","N",2013,"EM_PAID",529849.615186,4981770.05185,"NAD83 11N",1.8,139
"EMPAID_NB-U01A_2013","2013-06-25","2013-06-21",2,"success","2013-06-05","N",2013,"EM_PAID",529849.615186,4981770.05185,"NAD83 11N",1.8,139
"EMPAID_NB-U01A_2013","2013-06-27","2013-06-25",3,"success","2013-06-05","N",2013,"EM_PAID",529849.615186,4981770.05185,"NAD83 11N",1.8,139
"EMPAID_NB-U01A_2013","2013-07-03","2013-06-27",4,"success","2013-06-05","N",2013,"EM_PAID",529849.615186,4981770.05185,"NAD83 11N",1.8,139
"EMPAID_NB-U01A_2013","2013-07-04","2013-07-03",5,"success","2013-06-05","N",2013,"EM_PAID",529849.615186,4981770.05185,"NAD83 11N",1.8,139
"EMPAID_NB-U01A_2013","2013-07-08","2013-07-04",6,"success","2013-06-05","N",2013,"EM_PAID",529849.615186,4981770.05185,"NAD83 11N",1.8,139
"EMPAID_NB-U01A_2013","2013-07-10","2013-07-08",7,"success","2013-06-05","N",2013,"EM_PAID",529849.615186,4981770.05185,"NAD83 11N",1.8,139
"EMPAID_NB-U01A_2013","2013-07-11","2013-07-10",8,"success","2013-06-05","N",2013,"EM_PAID",529849.615186,4981770.05185,"NAD83 11N",1.8,139
"EMPAID_NB-U01A_2013","2013-07-15","2013-07-11",9,"success","2013-06-05","N",2013,"EM_PAID",529849.615186,4981770.05185,"NAD83 11N",1.8,139
"EMPAID_NB-U01A_2013","2013-07-17","2013-07-15",10,"success","2013-06-05","N",2013,"EM_PAID",529849.615186,4981770.05185,"NAD83 11N",1.8,139
"EMPAID_NB-U01A_2013","2013-07-20","2013-07-17",11,"success","2013-06-05","F",2013,"EM_PAID",529849.615186,4981770.05185,"NAD83 11N",1.8,139
"EMPAID_NB-U01A_2014","2014-06-05","2014-05-30",1,"success","2014-05-30","I",2014,"EM_PAID",529391.567,4981977.634,"NAD83 11N",2,145
"EMPAID_NB-U01A_2014","2014-06-09","2014-06-05",2,"success","2014-05-30","I",2014,"EM_PAID",529391.567,4981977.634,"NAD83 11N",2,145
"EMPAID_NB-U01A_2014","2014-06-13","2014-06-09",3,"success","2014-05-30","I",2014,"EM_PAID",529391.567,4981977.634,"NAD83 11N",2,145
"EMPAID_NB-U01A_2014","2014-06-19","2014-06-13",4,"success","2014-05-30","N",2014,"EM_PAID",529391.567,4981977.634,"NAD83 11N",2,145
"EMPAID_NB-U01A_2014","2014-06-23","2014-06-19",5,"success","2014-05-30","N",2014,"EM_PAID",529391.567,4981977.634,"NAD83 11N",2,145
"EMPAID_NB-U01A_2014","2014-07-01","2014-06-23",6,"success","2014-05-30","N",2014,"EM_PAID",529391.567,4981977.634,"NAD83 11N",2,145
"EMPAID_NB-U01A_2014","2014-07-07","2014-07-01",7,"success","2014-05-30","N",2014,"EM_PAID",529391.567,4981977.634,"NAD83 11N",2,145
"EMPAID_NB-U01A_2014","2014-07-10","2014-07-07",8,"success","2014-05-30","N",2014,"EM_PAID",529391.567,4981977.634,"NAD83 11N",2,145
"EMPAID_NB-U01A_2014","2014-07-15","2014-07-10",9,"success","2014-05-30","F",2014,"EM_PAID",529391.567,4981977.634,"NAD83 11N",2,145
"EMPAID_NB-U01A_2015","2015-06-01","2015-05-22",1,"success","2015-05-19","I",2015,"EM_PAID",529841.622,4981781.218,"NAD83 11N",1.4,16
"EMPAID_NB-U01A_2015","2015-06-04","2015-06-01",2,"success","2015-05-19","N",2015,"EM_PAID",529841.622,4981781.218,"NAD83 11N",1.4,16
"EMPAID_NB-U01A_2015","2015-06-09","2015-06-04",3,"success","2015-05-19","N",2015,"EM_PAID",529841.622,4981781.218,"NAD83 11N",1.4,16
"EMPAID_NB-U01A_2015","2015-06-11","2015-06-09",4,"success","2015-05-19","N",2015,"EM_PAID",529841.622,4981781.218,"NAD83 11N",1.4,16
"EMPAID_NB-U01A_2015","2015-06-16","2015-06-11",5,"success","2015-05-19","N",2015,"EM_PAID",529841.622,4981781.218,"NAD83 11N",1.4,16
"EMPAID_NB-U01A_2015","2015-06-23","2015-06-16",6,"success","2015-05-19","N",2015,"EM_PAID",529841.622,4981781.218,"NAD83 11N",1.4,16
"EMPAID_NB-U01A_2015","2015-06-29","2015-06-23",7,"success","2015-05-19","N",2015,"EM_PAID",529841.622,4981781.218,"NAD83 11N",1.4,16
"EMPAID_NB-U01A_2016","2016-06-17","2016-06-08",1,"failure","2016-06-04","I",2016,"EM_PAID",529699.566,4981856.285,"NAD83 11N",4.3,169
"EMPAID_NB-U02A_2012","2012-06-26","2012-06-21",1,"success","2012-05-27","N",2012,"EM_PAID",530819.66,4981275.417,"NAD83 11N",3.5,107
"EMPAID_NB-U02A_2012","2012-06-29","2012-06-26",2,"success","2012-05-27","N",2012,"EM_PAID",530819.66,4981275.417,"NAD83 11N",3.5,107
"EMPAID_NB-U02A_2012","2012-07-02","2012-06-29",3,"success","2012-05-27","N",2012,"EM_PAID",530819.66,4981275.417,"NAD83 11N",3.5,107
"EMPAID_NB-U02A_2012","2012-07-04","2012-07-02",4,"success","2012-05-27","N",2012,"EM_PAID",530819.66,4981275.417,"NAD83 11N",3.5,107
"EMPAID_NB-U02A_2012","2012-07-05","2012-07-04",5,"success","2012-05-27","N",2012,"EM_PAID",530819.66,4981275.417,"NAD83 11N",3.5,107
"EMPAID_NB-U02A_2012","2012-07-08","2012-07-05",6,"success","2012-05-27","F",2012,"EM_PAID",530819.66,4981275.417,"NAD83 11N",3.5,107
"EMPAID_NB-U02A_2013","2013-06-11","2013-06-04",1,"failure","2013-05-27","I",2013,"EM_PAID",530872.198514,4981188.31259,"NAD83 11N",16.9,50
"EMPAID_NB-U02A_2013","2013-06-14","2013-06-11",2,"failure","2013-05-27","I",2013,"EM_PAID",530872.198514,4981188.31259,"NAD83 11N",16.9,50
"EMPAID_NB-U02A_2013","2013-06-18","2013-06-14",3,"failure","2013-05-27","I",2013,"EM_PAID",530872.198514,4981188.31259,"NAD83 11N",16.9,50
"EMPAID_NB-U05A_2015","2015-06-30","2015-06-24",1,"failure","2015-06-17","I",2015,"EM_PAID",529553.243,4980656.013,"NAD83 11N",3.8,52
"EMPAID_NB-U05A_2015","2015-07-06","2015-06-30",2,"failure","2015-06-17","N",2015,"EM_PAID",529553.243,4980656.013,"NAD83 11N",3.8,52
"EMPAID_NB-U05A_2015","2015-07-13","2015-07-06",3,"failure","2015-06-17","N",2015,"EM_PAID",529553.243,4980656.013,"NAD83 11N",3.8,52
"EMPAID_NB-U05A_2015","2015-07-20","2015-07-13",4,"failure","2015-06-17","N",2015,"EM_PAID",529553.243,4980656.013,"NAD83 11N",3.8,52
"EMPAID_NBR01A_2018","2018-07-02","2018-06-29",1,"success","2018-05-26","N",2018,"EM_PAID",525437.512,4987395.417,"NAD83 11N",3.7,161
"EMPAID_NBR01A_2018","2018-07-09","2018-07-02",2,"success","2018-05-26","F",2018,"EM_PAID",525437.512,4987395.417,"NAD83 11N",3.7,161
"EMPAID_NBR04A_2013","2013-06-17","2013-06-13",1,"success","2013-06-12","I",2013,"EM_PAID",525405.374599,4988676.40622,"NAD83 11N",1.2,108
"EMPAID_NBR04A_2013","2013-06-24","2013-06-17",2,"success","2013-06-12","I",2013,"EM_PAID",525405.374599,4988676.40622,"NAD83 11N",1.2,108
"EMPAID_NBR04A_2013","2013-06-27","2013-06-24",3,"success","2013-06-12","N",2013,"EM_PAID",525405.374599,4988676.40622,"NAD83 11N",1.2,108
"EMPAID_NBR04A_2013","2013-07-02","2013-06-27",4,"success","2013-06-12","N",2013,"EM_PAID",525405.374599,4988676.40622,"NAD83 11N",1.2,108
"EMPAID_NBR04A_2013","2013-07-04","2013-07-02",5,"success","2013-06-12","N",2013,"EM_PAID",525405.374599,4988676.40622,"NAD83 11N",1.2,108
"EMPAID_NBR04A_2013","2013-07-08","2013-07-04",6,"success","2013-06-12","N",2013,"EM_PAID",525405.374599,4988676.40622,"NAD83 11N",1.2,108
"EMPAID_NBR04A_2013","2013-07-11","2013-07-08",7,"success","2013-06-12","N",2013,"EM_PAID",525405.374599,4988676.40622,"NAD83 11N",1.2,108
"EMPAID_NBR04A_2013","2013-07-15","2013-07-11",8,"success","2013-06-12","N",2013,"EM_PAID",525405.374599,4988676.40622,"NAD83 11N",1.2,108
"EMPAID_NBR04A_2013","2013-07-18","2013-07-15",9,"success","2013-06-12","N",2013,"EM_PAID",525405.374599,4988676.40622,"NAD83 11N",1.2,108
"EMPAID_NBR04A_2013","2013-07-22","2013-07-18",10,"success","2013-06-12","N",2013,"EM_PAID",525405.374599,4988676.40622,"NAD83 11N",1.2,108
"EMPAID_NBR04A_2013","2013-07-24","2013-07-22",11,"success","2013-06-12","F",2013,"EM_PAID",525405.374599,4988676.40622,"NAD83 11N",1.2,108
"EMPAID_NBWC01A_2012","2012-06-18","2012-06-15",1,"success","2012-05-26","N",2012,"EM_PAID",529415.98,4992622.232,"NAD83 11N",2.2,232
"EMPAID_NBWC01A_2012","2012-06-20","2012-06-18",2,"success","2012-05-26","N",2012,"EM_PAID",529415.98,4992622.232,"NAD83 11N",2.2,232
"EMPAID_NBWC01A_2012","2012-06-22","2012-06-20",3,"success","2012-05-26","N",2012,"EM_PAID",529415.98,4992622.232,"NAD83 11N",2.2,232
"EMPAID_NBWC01A_2012","2012-07-02","2012-06-22",4,"success","2012-05-26","N",2012,"EM_PAID",529415.98,4992622.232,"NAD83 11N",2.2,232
"EMPAID_NBWC01A_2012","2012-07-05","2012-07-02",5,"success","2012-05-26","N",2012,"EM_PAID",529415.98,4992622.232,"NAD83 11N",2.2,232
"EMPAID_NBWC01A_2012","2012-07-08","2012-07-05",6,"success","2012-05-26","F",2012,"EM_PAID",529415.98,4992622.232,"NAD83 11N",2.2,232
"EMPAID_NBWC01A_2013","2013-06-06","2013-06-04",1,"failure","2013-06-02","I",2013,"EM_PAID",529415.98,4992622.232,"NAD83 11N",1.8,20
"EMPAID_NBWC01A_2013","2013-06-12","2013-06-06",2,"failure","2013-06-02","I",2013,"EM_PAID",529415.98,4992622.232,"NAD83 11N",1.8,20
"EMPAID_NBWC01A_2013","2013-06-14","2013-06-12",3,"failure","2013-06-02","I",2013,"EM_PAID",529415.98,4992622.232,"NAD83 11N",1.8,20
"EMPAID_NBWC01A_2013","2013-06-17","2013-06-14",4,"failure","2013-06-02","N",2013,"EM_PAID",529415.98,4992622.232,"NAD83 11N",1.8,20
"EMPAID_NBWC01A_2013","2013-06-18","2013-06-17",5,"failure","2013-06-02","N",2013,"EM_PAID",529415.98,4992622.232,"NAD83 11N",1.8,20
"EMPAID_NBWC01A_2013","2013-06-23","2013-06-18",6,"failure","2013-06-02","N",2013,"EM_PAID",529415.98,4992622.232,"NAD83 11N",1.8,20
"EMPAID_NBWC01A_2013","2013-06-24","2013-06-23",7,"failure","2013-06-02","N",2013,"EM_PAID",529415.98,4992622.232,"NAD83 11N",1.8,20
"EMPAID_NBWC01A_2014","2014-06-03","2014-06-02",1,"success","2014-05-29","I",2014,"EM_PAID",529323.933,4992625.337,"NAD83 11N",2.3,212
"EMPAID_NBWC01A_2014","2014-06-13","2014-06-03",2,"success","2014-05-29","N",2014,"EM_PAID",529323.933,4992625.337,"NAD83 11N",2.3,212
"EMPAID_NBWC01A_2014","2014-06-18","2014-06-13",3,"success","2014-05-29","N",2014,"EM_PAID",529323.933,4992625.337,"NAD83 11N",2.3,212
"EMPAID_NBWC01A_2014","2014-06-26","2014-06-18",4,"success","2014-05-29","N",2014,"EM_PAID",529323.933,4992625.337,"NAD83 11N",2.3,212
"EMPAID_NBWC01A_2014","2014-06-30","2014-06-26",5,"success","2014-05-29","N",2014,"EM_PAID",529323.933,4992625.337,"NAD83 11N",2.3,212
"EMPAID_NBWC01A_2014","2014-07-04","2014-06-30",6,"success","2014-05-29","N",2014,"EM_PAID",529323.933,4992625.337,"NAD83 11N",2.3,212
"EMPAID_NBWC01A_2014","2014-07-06","2014-07-04",7,"success","2014-05-29","N",2014,"EM_PAID",529323.933,4992625.337,"NAD83 11N",2.3,212
"EMPAID_NBWC01A_2014","2014-07-07","2014-07-06",8,"success","2014-05-29","N",2014,"EM_PAID",529323.933,4992625.337,"NAD83 11N",2.3,212
"EMPAID_NBWC01A_2014","2014-07-09","2014-07-07",9,"success","2014-05-29","F",2014,"EM_PAID",529323.933,4992625.337,"NAD83 11N",2.3,212
"EMPAID_NBWC01A_2015","2015-06-04","2015-06-01",1,"failure","2015-05-30","I",2015,"EM_PAID",529472.012,4992309.81,"NAD83 11N",2.1,204
"EMPAID_NBWC01A_2015","2015-06-08","2015-06-04",2,"failure","2015-05-30","I",2015,"EM_PAID",529472.012,4992309.81,"NAD83 11N",2.1,204
"EMPAID_NBWC01A_2015","2015-06-10","2015-06-08",3,"failure","2015-05-30","I",2015,"EM_PAID",529472.012,4992309.81,"NAD83 11N",2.1,204
"EMPAID_NBWC01A_2015","2015-06-14","2015-06-10",4,"failure","2015-05-30","I",2015,"EM_PAID",529472.012,4992309.81,"NAD83 11N",2.1,204
"EMPAID_NBWC01A_2015","2015-06-18","2015-06-14",5,"failure","2015-05-30","I",2015,"EM_PAID",529472.012,4992309.81,"NAD83 11N",2.1,204
"EMPAID_NBWC01A_2015","2015-06-29","2015-06-18",6,"failure","2015-05-30","N",2015,"EM_PAID",529472.012,4992309.81,"NAD83 11N",2.1,204
"EMPAID_NBWC01A_2016","2016-06-17","2016-06-08",1,"success","2016-05-24","N",2016,"EM_PAID",529427.917,4992203.128,"NAD83 11N",1.7,146
"EMPAID_NBWC01A_2016","2016-06-21","2016-06-17",2,"success","2016-05-24","N",2016,"EM_PAID",529427.917,4992203.128,"NAD83 11N",1.7,146
"EMPAID_NBWC01A_2016","2016-06-29","2016-06-21",3,"success","2016-05-24","N",2016,"EM_PAID",529427.917,4992203.128,"NAD83 11N",1.7,146
"EMPAID_NBWC01A_2016","2016-07-06","2016-06-29",4,"success","2016-05-24","F",2016,"EM_PAID",529427.917,4992203.128,"NAD83 11N",1.7,146
"EMPAID_NBWC01A_2017","2017-07-05","2017-06-30",1,"success","2017-06-12","N",2017,"EM_PAID",529244.913,4993041.462,"NAD83 11N",3.4,174
"EMPAID_NBWC01A_2017","2017-07-10","2017-07-05",2,"success","2017-06-12","N",2017,"EM_PAID",529244.913,4993041.462,"NAD83 11N",3.4,174
"EMPAID_NBWC01A_2017","2017-07-12","2017-07-10",3,"success","2017-06-12","N",2017,"EM_PAID",529244.913,4993041.462,"NAD83 11N",3.4,174
"EMPAID_NBWC01A_2017","2017-07-17","2017-07-12",4,"success","2017-06-12","N",2017,"EM_PAID",529244.913,4993041.462,"NAD83 11N",3.4,174
"EMPAID_NBWC01A_2017","2017-07-20","2017-07-17",5,"success","2017-06-12","N",2017,"EM_PAID",529244.913,4993041.462,"NAD83 11N",3.4,174
"EMPAID_NBWC01A_2017","2017-07-21","2017-07-20",6,"success","2017-06-12","N",2017,"EM_PAID",529244.913,4993041.462,"NAD83 11N",3.4,174
"EMPAID_NBWC01A_2017","2017-07-24","2017-07-21",7,"success","2017-06-12","F",2017,"EM_PAID",529244.913,4993041.462,"NAD83 11N",3.4,174
"EMPAID_NBWC01A_2018","2018-06-04","2018-06-01",1,"failure","2018-05-29","I",2018,"EM_PAID",529447.259,4992430.737,"NAD83 11N",4.4,79
"EMPAID_NBWC01A_2018","2018-06-07","2018-06-04",2,"failure","2018-05-29","I",2018,"EM_PAID",529447.259,4992430.737,"NAD83 11N",4.4,79
"EMPAID_NCC02A_2019","2019-07-12","2019-07-11",1,"success","2019-06-05","N",2019,"EM_PAID",527103.888,4970488.882,"NAD83 11N",1,126
"EMPAID_NCC02A_2019","2019-07-15","2019-07-12",2,"success","2019-06-05","F",2019,"EM_PAID",527103.888,4970488.882,"NAD83 11N",1,126
"EMPAID_NCC07A_2013","2013-06-25","2013-06-21",1,"failure","2013-06-04","N",2013,"EM_PAID",528949.322401,4970965.98741,"NAD83 11N",3,28
"EMPAID_NCC07A_2013","2013-07-02","2013-06-25",2,"failure","2013-06-04","N",2013,"EM_PAID",528949.322401,4970965.98741,"NAD83 11N",3,28
"EMPAID_NCC08A_2014","2014-06-13","2014-06-03",1,"failure","2014-06-04","I",2014,"EM_PAID",528736.004,4971343.109,"NAD83 11N",1.7,26
"EMPAID_NCC08A_2014","2014-06-18","2014-06-13",2,"failure","2014-06-04","N",2014,"EM_PAID",528736.004,4971343.109,"NAD83 11N",1.7,26
"EMPAID_NCC10A_2019","2019-06-21","2019-06-19",1,"failure","2019-05-27","N",2019,"EM_PAID",529165.104,4972455.402,"NAD83 11N",1.4,97
"EMPAID_NCC10A_2019","2019-06-25","2019-06-21",2,"failure","2019-05-27","N",2019,"EM_PAID",529165.104,4972455.402,"NAD83 11N",1.4,97
"EMPAID_NCP09A_2012","2012-06-29","2012-06-21",1,"success","2012-05-27","N",2012,"EM_PAID",522409.617,4982363.481,"NAD83 11N",1.4,139
"EMPAID_NCP09A_2012","2012-07-03","2012-06-29",2,"success","2012-05-27","N",2012,"EM_PAID",522409.617,4982363.481,"NAD83 11N",1.4,139
"EMPAID_NCP09A_2012","2012-07-05","2012-07-03",3,"success","2012-05-27","N",2012,"EM_PAID",522409.617,4982363.481,"NAD83 11N",1.4,139
"EMPAID_NCP09A_2012","2012-07-08","2012-07-05",4,"success","2012-05-27","F",2012,"EM_PAID",522409.617,4982363.481,"NAD83 11N",1.4,139
"EMPAID_NCR01A_2012","2012-06-19","2012-06-15",1,"failure","2012-06-14","I",2012,"EM_PAID",525850.709,4974096.62,"NAD83 11N",1.1,270
"EMPAID_NCR01A_2012","2012-06-22","2012-06-19",2,"failure","2012-06-14","I",2012,"EM_PAID",525850.709,4974096.62,"NAD83 11N",1.1,270
"EMPAID_NCR01A_2012","2012-06-25","2012-06-22",3,"failure","2012-06-14","I",2012,"EM_PAID",525850.709,4974096.62,"NAD83 11N",1.1,270
"EMPAID_NCR01A_2012","2012-07-02","2012-06-25",4,"failure","2012-06-14","I",2012,"EM_PAID",525850.709,4974096.62,"NAD83 11N",1.1,270
"EMPAID_NCR01A_2012","2012-07-05","2012-07-02",5,"failure","2012-06-14","I",2012,"EM_PAID",525850.709,4974096.62,"NAD83 11N",1.1,270
"EMPAID_NCR07A_2012","2012-06-19","2012-06-15",1,"success","2012-05-23","N",2012,"EM_PAID",526823.504,4974737.136,"NAD83 11N",1.1,999
"EMPAID_NCR07A_2012","2012-06-22","2012-06-19",2,"success","2012-05-23","N",2012,"EM_PAID",526823.504,4974737.136,"NAD83 11N",1.1,999
"EMPAID_NCR07A_2012","2012-06-25","2012-06-22",3,"success","2012-05-23","N",2012,"EM_PAID",526823.504,4974737.136,"NAD83 11N",1.1,999
"EMPAID_NCR07A_2012","2012-06-26","2012-06-25",4,"success","2012-05-23","N",2012,"EM_PAID",526823.504,4974737.136,"NAD83 11N",1.1,999
"EMPAID_NCR07A_2012","2012-07-02","2012-06-26",5,"success","2012-05-23","N",2012,"EM_PAID",526823.504,4974737.136,"NAD83 11N",1.1,999
"EMPAID_NCR07A_2012","2012-07-05","2012-07-02",6,"success","2012-05-23","F",2012,"EM_PAID",526823.504,4974737.136,"NAD83 11N",1.1,999
"EMPAID_NCR07A_2013","2013-06-25","2013-06-19",1,"failure","2013-99-99","I",2013,"EM_PAID",526823.504,4974737.136,"NAD83 11N",1.5,999
"EMPAID_NCU04A_2013","2013-06-10","2013-06-07",1,"success","2013-06-07","L",2013,"EM_PAID",525672.487706,4991215.27858,"NAD83 11N",3.2,178
"EMPAID_NCU04A_2013","2013-06-13","2013-06-10",2,"success","2013-06-07","I",2013,"EM_PAID",525672.487706,4991215.27858,"NAD83 11N",3.2,178
"EMPAID_NCU04A_2013","2013-06-17","2013-06-13",3,"success","2013-06-07","I",2013,"EM_PAID",525672.487706,4991215.27858,"NAD83 11N",3.2,178
"EMPAID_NCU04A_2013","2013-06-21","2013-06-17",4,"success","2013-06-07","N",2013,"EM_PAID",525672.487706,4991215.27858,"NAD83 11N",3.2,178
"EMPAID_NCU04A_2013","2013-06-24","2013-06-21",5,"success","2013-06-07","N",2013,"EM_PAID",525672.487706,4991215.27858,"NAD83 11N",3.2,178
"EMPAID_NCU04A_2013","2013-06-26","2013-06-24",6,"success","2013-06-07","N",2013,"EM_PAID",525672.487706,4991215.27858,"NAD83 11N",3.2,178
"EMPAID_NCU04A_2013","2013-06-27","2013-06-26",7,"success","2013-06-07","N",2013,"EM_PAID",525672.487706,4991215.27858,"NAD83 11N",3.2,178
"EMPAID_NCU04A_2013","2013-07-01","2013-06-27",8,"success","2013-06-07","N",2013,"EM_PAID",525672.487706,4991215.27858,"NAD83 11N",3.2,178
"EMPAID_NCU04A_2013","2013-07-02","2013-07-01",9,"success","2013-06-07","N",2013,"EM_PAID",525672.487706,4991215.27858,"NAD83 11N",3.2,178
"EMPAID_NCU04A_2013","2013-07-03","2013-07-02",10,"success","2013-06-07","N",2013,"EM_PAID",525672.487706,4991215.27858,"NAD83 11N",3.2,178
"EMPAID_NCU04A_2013","2013-07-04","2013-07-03",11,"success","2013-06-07","N",2013,"EM_PAID",525672.487706,4991215.27858,"NAD83 11N",3.2,178
"EMPAID_NCU04A_2013","2013-07-08","2013-07-04",12,"success","2013-06-07","N",2013,"EM_PAID",525672.487706,4991215.27858,"NAD83 11N",3.2,178
"EMPAID_NCU04A_2013","2013-07-11","2013-07-08",13,"success","2013-06-07","N",2013,"EM_PAID",525672.487706,4991215.27858,"NAD83 11N",3.2,178
"EMPAID_NCU04A_2013","2013-07-15","2013-07-11",14,"success","2013-06-07","N",2013,"EM_PAID",525672.487706,4991215.27858,"NAD83 11N",3.2,178
"EMPAID_NCU04A_2013","2013-07-16","2013-07-15",15,"success","2013-06-07","N",2013,"EM_PAID",525672.487706,4991215.27858,"NAD83 11N",3.2,178
"EMPAID_NCU04A_2013","2013-07-17","2013-07-16",16,"success","2013-06-07","F",2013,"EM_PAID",525672.487706,4991215.27858,"NAD83 11N",3.2,178
"EMPAID_NCU05A_2015","2015-06-08","2015-06-04",1,"success","2015-05-29","I",2015,"EM_PAID",525250.883,4991544.695,"NAD83 11N",2.1,192
"EMPAID_NCU05A_2015","2015-06-10","2015-06-08",2,"success","2015-05-29","I",2015,"EM_PAID",525250.883,4991544.695,"NAD83 11N",2.1,192
"EMPAID_NCU05A_2015","2015-06-16","2015-06-10",3,"success","2015-05-29","N",2015,"EM_PAID",525250.883,4991544.695,"NAD83 11N",2.1,192
"EMPAID_NCU05A_2015","2015-06-24","2015-06-16",4,"success","2015-05-29","N",2015,"EM_PAID",525250.883,4991544.695,"NAD83 11N",2.1,192
"EMPAID_NCU05A_2015","2015-06-29","2015-06-24",5,"success","2015-05-29","N",2015,"EM_PAID",525250.883,4991544.695,"NAD83 11N",2.1,192
"EMPAID_NCU05A_2015","2015-07-06","2015-06-29",6,"success","2015-05-29","N",2015,"EM_PAID",525250.883,4991544.695,"NAD83 11N",2.1,192
"EMPAID_NCU05A_2015","2015-07-07","2015-07-06",7,"success","2015-05-29","N",2015,"EM_PAID",525250.883,4991544.695,"NAD83 11N",2.1,192
"EMPAID_NCU05A_2015","2015-07-10","2015-07-07",8,"success","2015-05-29","F",2015,"EM_PAID",525250.883,4991544.695,"NAD83 11N",2.1,192
"EMPAID_NCU05A_2016","2016-06-27","2016-06-23",1,"success","2016-06-07","N",2016,"EM_PAID",525250.883,4991544.695,"NAD83 11N",2.1,192
"EMPAID_NCU05A_2016","2016-07-11","2016-06-27",2,"success","2016-06-07","N",2016,"EM_PAID",525250.883,4991544.695,"NAD83 11N",2.1,192
"EMPAID_NCU05A_2016","2016-07-13","2016-07-11",3,"success","2016-06-07","N",2016,"EM_PAID",525250.883,4991544.695,"NAD83 11N",2.1,192
"EMPAID_NCU05A_2016","2016-07-14","2016-07-13",4,"success","2016-06-07","N",2016,"EM_PAID",525250.883,4991544.695,"NAD83 11N",2.1,192
"EMPAID_NCU05A_2016","2016-07-18","2016-07-14",5,"success","2016-06-07","F",2016,"EM_PAID",525250.883,4991544.695,"NAD83 11N",2.1,192
"EMPAID_NCU07A_2013","2013-06-04","2013-05-28",1,"success","2013-05-28","I",2013,"EM_PAID",524836.446292,4991607.84,"NAD83 11N",2.8,30
"EMPAID_NCU07A_2013","2013-06-07","2013-06-04",2,"success","2013-05-28","I",2013,"EM_PAID",524836.446292,4991607.84,"NAD83 11N",2.8,30
"EMPAID_NCU07A_2013","2013-06-10","2013-06-07",3,"success","2013-05-28","I",2013,"EM_PAID",524836.446292,4991607.84,"NAD83 11N",2.8,30
"EMPAID_NCU07A_2013","2013-06-13","2013-06-10",4,"success","2013-05-28","N",2013,"EM_PAID",524836.446292,4991607.84,"NAD83 11N",2.8,30
"EMPAID_NCU07A_2013","2013-06-17","2013-06-13",5,"success","2013-05-28","N",2013,"EM_PAID",524836.446292,4991607.84,"NAD83 11N",2.8,30
"EMPAID_NCU07A_2013","2013-06-21","2013-06-17",6,"success","2013-05-28","N",2013,"EM_PAID",524836.446292,4991607.84,"NAD83 11N",2.8,30
"EMPAID_NCU07A_2013","2013-06-24","2013-06-21",7,"success","2013-05-28","N",2013,"EM_PAID",524836.446292,4991607.84,"NAD83 11N",2.8,30
"EMPAID_NCU07A_2013","2013-06-26","2013-06-24",8,"success","2013-05-28","N",2013,"EM_PAID",524836.446292,4991607.84,"NAD83 11N",2.8,30
"EMPAID_NCU07A_2013","2013-07-01","2013-06-26",9,"success","2013-05-28","N",2013,"EM_PAID",524836.446292,4991607.84,"NAD83 11N",2.8,30
"EMPAID_NCU07A_2013","2013-07-03","2013-07-01",10,"success","2013-05-28","N",2013,"EM_PAID",524836.446292,4991607.84,"NAD83 11N",2.8,30
"EMPAID_NCU07A_2013","2013-07-04","2013-07-03",11,"success","2013-05-28","N",2013,"EM_PAID",524836.446292,4991607.84,"NAD83 11N",2.8,30
"EMPAID_NCU07A_2013","2013-07-08","2013-07-04",12,"success","2013-05-28","F",2013,"EM_PAID",524836.446292,4991607.84,"NAD83 11N",2.8,30
"EMPAID_NCU09A_2014","2014-07-09","2014-07-07",1,"failure","2014-07-01","I",2014,"EM_PAID",524266.215,4991423.259,"NAD83 11N",2.4,342
"EMPAID_NCU09A_2014","2014-07-17","2014-07-09",2,"failure","2014-07-01","N",2014,"EM_PAID",524266.215,4991423.259,"NAD83 11N",2.4,342
"EMPAID_NCU09A_2014","2014-07-18","2014-07-17",3,"failure","2014-07-01","N",2014,"EM_PAID",524266.215,4991423.259,"NAD83 11N",2.4,342
"EMPAID_NCU09A_2015","2015-06-10","2015-06-04",1,"success","2015-06-03","I",2015,"EM_PAID",524387.954,4991349.43,"NAD83 11N",2.2,194
"EMPAID_NCU09A_2015","2015-06-16","2015-06-10",2,"success","2015-06-03","I",2015,"EM_PAID",524387.954,4991349.43,"NAD83 11N",2.2,194
"EMPAID_NCU09A_2015","2015-06-17","2015-06-16",3,"success","2015-06-03","N",2015,"EM_PAID",524387.954,4991349.43,"NAD83 11N",2.2,194
"EMPAID_NCU09A_2015","2015-06-24","2015-06-17",4,"success","2015-06-03","N",2015,"EM_PAID",524387.954,4991349.43,"NAD83 11N",2.2,194
"EMPAID_NCU09A_2015","2015-07-06","2015-06-24",5,"success","2015-06-03","N",2015,"EM_PAID",524387.954,4991349.43,"NAD83 11N",2.2,194
"EMPAID_NCU09A_2015","2015-07-07","2015-07-06",6,"success","2015-06-03","N",2015,"EM_PAID",524387.954,4991349.43,"NAD83 11N",2.2,194
"EMPAID_NCU09A_2015","2015-07-10","2015-07-07",7,"success","2015-06-03","N",2015,"EM_PAID",524387.954,4991349.43,"NAD83 11N",2.2,194
"EMPAID_NCU09A_2015","2015-07-13","2015-07-10",8,"success","2015-06-03","N",2015,"EM_PAID",524387.954,4991349.43,"NAD83 11N",2.2,194
"EMPAID_NCU09A_2015","2015-07-16","2015-07-13",9,"success","2015-06-03","F",2015,"EM_PAID",524387.954,4991349.43,"NAD83 11N",2.2,194
"EMPAID_NCU10A_2012","2012-06-15","2012-06-12",1,"success","2012-05-23","N",2012,"EM_PAID",523940.244,4991313.052,"NAD83 11N",2,306
"EMPAID_NCU10A_2012","2012-06-18","2012-06-15",2,"success","2012-05-23","N",2012,"EM_PAID",523940.244,4991313.052,"NAD83 11N",2,306
"EMPAID_NCU10A_2012","2012-06-21","2012-06-18",3,"success","2012-05-23","N",2012,"EM_PAID",523940.244,4991313.052,"NAD83 11N",2,306
"EMPAID_NCU10A_2012","2012-06-28","2012-06-21",4,"success","2012-05-23","N",2012,"EM_PAID",523940.244,4991313.052,"NAD83 11N",2,306
"EMPAID_NCU10A_2012","2012-07-02","2012-06-28",5,"success","2012-05-23","N",2012,"EM_PAID",523940.244,4991313.052,"NAD83 11N",2,306
"EMPAID_NCU10A_2012","2012-07-04","2012-07-02",6,"success","2012-05-23","F",2012,"EM_PAID",523940.244,4991313.052,"NAD83 11N",2,306
"EMPAID_NCU10A_2013","2013-05-28","2013-05-22",1,"success","2013-05-22","I",2013,"EM_PAID",523993.681907,4991339.80794,"NAD83 11N",1.8,240
"EMPAID_NCU10A_2013","2013-06-04","2013-05-28",2,"success","2013-05-22","I",2013,"EM_PAID",523993.681907,4991339.80794,"NAD83 11N",1.8,240
"EMPAID_NCU10A_2013","2013-06-07","2013-06-04",3,"success","2013-05-22","N",2013,"EM_PAID",523993.681907,4991339.80794,"NAD83 11N",1.8,240
"EMPAID_NCU10A_2013","2013-06-10","2013-06-07",4,"success","2013-05-22","N",2013,"EM_PAID",523993.681907,4991339.80794,"NAD83 11N",1.8,240
"EMPAID_NCU10A_2013","2013-06-13","2013-06-10",5,"success","2013-05-22","N",2013,"EM_PAID",523993.681907,4991339.80794,"NAD83 11N",1.8,240
"EMPAID_NCU10A_2013","2013-06-17","2013-06-13",6,"success","2013-05-22","N",2013,"EM_PAID",523993.681907,4991339.80794,"NAD83 11N",1.8,240
"EMPAID_NCU10A_2013","2013-06-21","2013-06-17",7,"success","2013-05-22","N",2013,"EM_PAID",523993.681907,4991339.80794,"NAD83 11N",1.8,240
"EMPAID_NCU10A_2013","2013-06-24","2013-06-21",8,"success","2013-05-22","N",2013,"EM_PAID",523993.681907,4991339.80794,"NAD83 11N",1.8,240
"EMPAID_NCU10A_2013","2013-06-26","2013-06-24",9,"success","2013-05-22","N",2013,"EM_PAID",523993.681907,4991339.80794,"NAD83 11N",1.8,240
"EMPAID_NCU10A_2013","2013-06-27","2013-06-26",10,"success","2013-05-22","N",2013,"EM_PAID",523993.681907,4991339.80794,"NAD83 11N",1.8,240
"EMPAID_NCU10A_2013","2013-07-01","2013-06-27",11,"success","2013-05-22","N",2013,"EM_PAID",523993.681907,4991339.80794,"NAD83 11N",1.8,240
"EMPAID_NCU10A_2013","2013-07-02","2013-07-01",12,"success","2013-05-22","N",2013,"EM_PAID",523993.681907,4991339.80794,"NAD83 11N",1.8,240
"EMPAID_NCU10A_2013","2013-07-03","2013-07-02",13,"success","2013-05-22","F",2013,"EM_PAID",523993.681907,4991339.80794,"NAD83 11N",1.8,240
"EMPAID_NCU10A_2014","2014-06-04","2014-05-31",1,"success","2014-05-26","I",2014,"EM_PAID",523798.25,4991608.64,"NAD83 11N",4.4,78
"EMPAID_NCU10A_2014","2014-06-09","2014-06-04",2,"success","2014-05-26","I",2014,"EM_PAID",523798.25,4991608.64,"NAD83 11N",4.4,78
"EMPAID_NCU10A_2014","2014-06-11","2014-06-09",3,"success","2014-05-26","N",2014,"EM_PAID",523798.25,4991608.64,"NAD83 11N",4.4,78
"EMPAID_NCU10A_2014","2014-06-26","2014-06-11",4,"success","2014-05-26","N",2014,"EM_PAID",523798.25,4991608.64,"NAD83 11N",4.4,78
"EMPAID_NCU10A_2014","2014-06-28","2014-06-26",5,"success","2014-05-26","N",2014,"EM_PAID",523798.25,4991608.64,"NAD83 11N",4.4,78
"EMPAID_NCU10A_2014","2014-06-30","2014-06-28",6,"success","2014-05-26","N",2014,"EM_PAID",523798.25,4991608.64,"NAD83 11N",4.4,78
"EMPAID_NCU10A_2014","2014-07-07","2014-06-30",7,"success","2014-05-26","N",2014,"EM_PAID",523798.25,4991608.64,"NAD83 11N",4.4,78
"EMPAID_NCU10A_2014","2014-07-09","2014-07-07",8,"success","2014-05-26","F",2014,"EM_PAID",523798.25,4991608.64,"NAD83 11N",4.4,78
"EMPAID_NCU10A_2015","2015-05-29","2015-05-19",1,"success","2015-05-16","I",2015,"EM_PAID",523648.562,4991592.813,"NAD83 11N",4.5,152
"EMPAID_NCU10A_2015","2015-06-03","2015-05-29",2,"success","2015-05-16","N",2015,"EM_PAID",523648.562,4991592.813,"NAD83 11N",4.5,152
"EMPAID_NCU10A_2015","2015-06-08","2015-06-03",3,"success","2015-05-16","N",2015,"EM_PAID",523648.562,4991592.813,"NAD83 11N",4.5,152
"EMPAID_NCU10A_2015","2015-06-10","2015-06-08",4,"success","2015-05-16","N",2015,"EM_PAID",523648.562,4991592.813,"NAD83 11N",4.5,152
"EMPAID_NCU10A_2015","2015-06-16","2015-06-10",5,"success","2015-05-16","N",2015,"EM_PAID",523648.562,4991592.813,"NAD83 11N",4.5,152
"EMPAID_NCU10A_2015","2015-06-23","2015-06-16",6,"success","2015-05-16","N",2015,"EM_PAID",523648.562,4991592.813,"NAD83 11N",4.5,152
"EMPAID_NCU10A_2015","2015-06-29","2015-06-23",7,"success","2015-05-16","F",2015,"EM_PAID",523648.562,4991592.813,"NAD83 11N",4.5,152
"EMPAID_NCU10A_2018","2018-07-03","2018-06-26",1,"success","2018-06-20","I",2018,"EM_PAID",523591.748,4989451.194,"NAD83 11N",2.5,248
"EMPAID_NCU10A_2018","2018-07-09","2018-07-03",2,"success","2018-06-20","N",2018,"EM_PAID",523591.748,4989451.194,"NAD83 11N",2.5,248
"EMPAID_NCU10A_2018","2018-07-12","2018-07-09",3,"success","2018-06-20","N",2018,"EM_PAID",523591.748,4989451.194,"NAD83 11N",2.5,248
"EMPAID_NCU10A_2018","2018-07-16","2018-07-12",4,"success","2018-06-20","N",2018,"EM_PAID",523591.748,4989451.194,"NAD83 11N",2.5,248
"EMPAID_NCU10A_2018","2018-07-19","2018-07-16",5,"success","2018-06-20","N",2018,"EM_PAID",523591.748,4989451.194,"NAD83 11N",2.5,248
"EMPAID_NCU10A_2018","2018-07-24","2018-07-19",6,"success","2018-06-20","N",2018,"EM_PAID",523591.748,4989451.194,"NAD83 11N",2.5,248
"EMPAID_NCU10A_2018","2018-07-26","2018-07-24",7,"success","2018-06-20","N",2018,"EM_PAID",523591.748,4989451.194,"NAD83 11N",2.5,248
"EMPAID_NCU10A_2018","2018-07-30","2018-07-26",8,"success","2018-06-20","F",2018,"EM_PAID",523591.748,4989451.194,"NAD83 11N",2.5,248
"EMPAID_NCU10A_2019","2019-06-27","2019-06-26",1,"success","2019-06-02","N",2019,"EM_PAID",523591.748,4989451.194,"NAD83 11N",2.8,228
"EMPAID_NCU10A_2019","2019-07-02","2019-06-27",2,"success","2019-06-02","N",2019,"EM_PAID",523591.748,4989451.194,"NAD83 11N",2.8,228
"EMPAID_NCU10A_2019","2019-07-09","2019-07-02",3,"success","2019-06-02","N",2019,"EM_PAID",523591.748,4989451.194,"NAD83 11N",2.8,228
"EMPAID_NCU10A_2019","2019-07-15","2019-07-09",4,"success","2019-06-02","F",2019,"EM_PAID",523591.748,4989451.194,"NAD83 11N",2.8,228
"EMPAID_NCW-A01A_2013","2013-06-13","2013-06-10",1,"success","2013-06-05","I",2013,"EM_PAID",550114.299017,4959633.27318,"NAD83 11N",4.6,100
"EMPAID_NCW-A01A_2013","2013-06-14","2013-06-13",2,"success","2013-06-05","I",2013,"EM_PAID",550114.299017,4959633.27318,"NAD83 11N",4.6,100
"EMPAID_NCW-A01A_2013","2013-06-18","2013-06-14",3,"success","2013-06-05","I",2013,"EM_PAID",550114.299017,4959633.27318,"NAD83 11N",4.6,100
"EMPAID_NCW-A01A_2013","2013-06-20","2013-06-18",4,"success","2013-06-05","N",2013,"EM_PAID",550114.299017,4959633.27318,"NAD83 11N",4.6,100
"EMPAID_NCW-A01A_2013","2013-06-23","2013-06-20",5,"success","2013-06-05","N",2013,"EM_PAID",550114.299017,4959633.27318,"NAD83 11N",4.6,100
"EMPAID_NCW-A01A_2013","2013-06-28","2013-06-23",6,"success","2013-06-05","N",2013,"EM_PAID",550114.299017,4959633.27318,"NAD83 11N",4.6,100
"EMPAID_NCW-A01A_2013","2013-07-02","2013-06-28",7,"success","2013-06-05","N",2013,"EM_PAID",550114.299017,4959633.27318,"NAD83 11N",4.6,100
"EMPAID_NCW-A01A_2013","2013-07-04","2013-07-02",8,"success","2013-06-05","N",2013,"EM_PAID",550114.299017,4959633.27318,"NAD83 11N",4.6,100
"EMPAID_NCW-A01A_2013","2013-07-08","2013-07-04",9,"success","2013-06-05","N",2013,"EM_PAID",550114.299017,4959633.27318,"NAD83 11N",4.6,100
"EMPAID_NCW-A01A_2013","2013-07-11","2013-07-08",10,"success","2013-06-05","N",2013,"EM_PAID",550114.299017,4959633.27318,"NAD83 11N",4.6,100
"EMPAID_NCW-A01A_2013","2013-07-15","2013-07-11",11,"success","2013-06-05","N",2013,"EM_PAID",550114.299017,4959633.27318,"NAD83 11N",4.6,100
"EMPAID_NCW-A01A_2013","2013-07-17","2013-07-15",12,"success","2013-06-05","F",2013,"EM_PAID",550114.299017,4959633.27318,"NAD83 11N",4.6,100
"EMPAID_NCW-A01A_2014","2014-06-10","2014-06-03",1,"failure","2014-06-02","I",2014,"EM_PAID",551658.314,4959449.845,"NAD83 11N",1.1,230
"EMPAID_NCW-A01A_2014","2014-06-16","2014-06-10",2,"failure","2014-06-02","N",2014,"EM_PAID",551658.314,4959449.845,"NAD83 11N",1.1,230
"EMPAID_NCW-A01A_2014","2014-06-20","2014-06-16",3,"failure","2014-06-02","N",2014,"EM_PAID",551658.314,4959449.845,"NAD83 11N",1.1,230
"EMPAID_NCW-A01A_2015","2015-05-31","2015-05-28",1,"failure","2015-05-23","I",2015,"EM_PAID",551476.921,4959454.632,"NAD83 11N",2.2,31
"EMPAID_NCW-A01A_2015","2015-06-03","2015-05-31",2,"failure","2015-05-23","I",2015,"EM_PAID",551476.921,4959454.632,"NAD83 11N",2.2,31
"EMPAID_NCW-A01A_2015","2015-06-12","2015-06-03",3,"failure","2015-05-23","N",2015,"EM_PAID",551476.921,4959454.632,"NAD83 11N",2.2,31
"EMPAID_NCW-A01A_2017","2017-06-30","2017-06-28",1,"failure","2017-99-99","I",2017,"EM_PAID",551765.057,4960085.09,"NAD83 11N",3.5,267
"EMPAID_NCW-A01A_2017","2017-07-03","2017-06-30",2,"failure","2017-99-99","I",2017,"EM_PAID",551765.057,4960085.09,"NAD83 11N",3.5,267
"EMPAID_NCW-A01A_2017","2017-07-06","2017-07-03",3,"failure","2017-99-99","I",2017,"EM_PAID",551765.057,4960085.09,"NAD83 11N",3.5,267
"EMPAID_NCW-A01A_2017","2017-07-07","2017-07-06",4,"failure","2017-99-99","I",2017,"EM_PAID",551765.057,4960085.09,"NAD83 11N",3.5,267
"EMPAID_NCW-A01A_2017","2017-07-10","2017-07-07",5,"failure","2017-99-99","I",2017,"EM_PAID",551765.057,4960085.09,"NAD83 11N",3.5,267
"EMPAID_NCW-A01A_2018","2018-06-08","2018-06-05",1,"failure","2018-05-30","I",2018,"EM_PAID",550355.378,4959539.434,"NAD83 11N",1.8,144
"EMPAID_NCW-A01A_2018","2018-06-13","2018-06-08",2,"failure","2018-05-30","I",2018,"EM_PAID",550355.378,4959539.434,"NAD83 11N",1.8,144
"EMPAID_NCW-A01A_2018","2018-06-19","2018-06-13",3,"failure","2018-05-30","N",2018,"EM_PAID",550355.378,4959539.434,"NAD83 11N",1.8,144
"EMPAID_NCW-A01A_2018","2018-06-21","2018-06-19",4,"failure","2018-05-30","N",2018,"EM_PAID",550355.378,4959539.434,"NAD83 11N",1.8,144
"EMPAID_NCW-A01A_2018","2018-06-25","2018-06-21",5,"failure","2018-05-30","N",2018,"EM_PAID",550355.378,4959539.434,"NAD83 11N",1.8,144
"EMPAID_NCW-A01B_2013","2013-06-13","2013-06-12",1,"success","2013-06-03","I",2013,"EM_PAID",551539.386512,4959565.98498,"NAD83 11N",4.1,273
"EMPAID_NCW-A01B_2013","2013-06-14","2013-06-13",2,"success","2013-06-03","I",2013,"EM_PAID",551539.386512,4959565.98498,"NAD83 11N",4.1,273
"EMPAID_NCW-A01B_2013","2013-06-18","2013-06-14",3,"success","2013-06-03","I",2013,"EM_PAID",551539.386512,4959565.98498,"NAD83 11N",4.1,273
"EMPAID_NCW-A01B_2013","2013-06-20","2013-06-18",4,"success","2013-06-03","N",2013,"EM_PAID",551539.386512,4959565.98498,"NAD83 11N",4.1,273
"EMPAID_NCW-A01B_2013","2013-06-23","2013-06-20",5,"success","2013-06-03","N",2013,"EM_PAID",551539.386512,4959565.98498,"NAD83 11N",4.1,273
"EMPAID_NCW-A01B_2013","2013-06-28","2013-06-23",6,"success","2013-06-03","N",2013,"EM_PAID",551539.386512,4959565.98498,"NAD83 11N",4.1,273
"EMPAID_NCW-A01B_2013","2013-07-02","2013-06-28",7,"success","2013-06-03","N",2013,"EM_PAID",551539.386512,4959565.98498,"NAD83 11N",4.1,273
"EMPAID_NCW-A01B_2013","2013-07-04","2013-07-02",8,"success","2013-06-03","N",2013,"EM_PAID",551539.386512,4959565.98498,"NAD83 11N",4.1,273
"EMPAID_NCW-A01B_2013","2013-07-08","2013-07-04",9,"success","2013-06-03","N",2013,"EM_PAID",551539.386512,4959565.98498,"NAD83 11N",4.1,273
"EMPAID_NCW-A01B_2013","2013-07-11","2013-07-08",10,"success","2013-06-03","N",2013,"EM_PAID",551539.386512,4959565.98498,"NAD83 11N",4.1,273
"EMPAID_NCW-A01B_2013","2013-07-15","2013-07-11",11,"success","2013-06-03","F",2013,"EM_PAID",551539.386512,4959565.98498,"NAD83 11N",4.1,273
"EMPAID_NCW-A01B_2015","2015-07-14","2015-07-08",1,"success","2015-06-15","N",2015,"EM_PAID",551373.257,4959628.404,"NAD83 11N",6.3,284
"EMPAID_NCW-A01B_2015","2015-07-15","2015-07-14",2,"success","2015-06-15","N",2015,"EM_PAID",551373.257,4959628.404,"NAD83 11N",6.3,284
"EMPAID_NCW-A01B_2015","2015-07-16","2015-07-15",3,"success","2015-06-15","N",2015,"EM_PAID",551373.257,4959628.404,"NAD83 11N",6.3,284
"EMPAID_NCW-A01B_2015","2015-07-20","2015-07-16",4,"success","2015-06-15","N",2015,"EM_PAID",551373.257,4959628.404,"NAD83 11N",6.3,284
"EMPAID_NCW-A01B_2015","2015-07-21","2015-07-20",5,"success","2015-06-15","N",2015,"EM_PAID",551373.257,4959628.404,"NAD83 11N",6.3,284
"EMPAID_NCW-A01B_2015","2015-07-23","2015-07-21",6,"success","2015-06-15","N",2015,"EM_PAID",551373.257,4959628.404,"NAD83 11N",6.3,284
"EMPAID_NCW-A01B_2015","2015-07-24","2015-07-23",7,"success","2015-06-15","N",2015,"EM_PAID",551373.257,4959628.404,"NAD83 11N",6.3,284
"EMPAID_NCW-A01B_2015","2015-07-27","2015-07-24",8,"success","2015-06-15","F",2015,"EM_PAID",551373.257,4959628.404,"NAD83 11N",6.3,284
"EMPAID_NCW-A01B_2018","2018-07-09","2018-07-05",1,"failure","2018-06-30","I",2018,"EM_PAID",551961.396,4959943.022,"NAD83 11N",4.6,29
"EMPAID_NCW-A01B_2018","2018-07-12","2018-07-09",2,"failure","2018-06-30","I",2018,"EM_PAID",551961.396,4959943.022,"NAD83 11N",4.6,29
"EMPAID_NCW-A02A_2019","2019-06-21","2019-06-13",1,"success","2019-05-25","N",2019,"EM_PAID",550293.353,4959169.85,"NAD83 11N",2.2,293
"EMPAID_NCW-A02A_2019","2019-06-27","2019-06-21",2,"success","2019-05-25","N",2019,"EM_PAID",550293.353,4959169.85,"NAD83 11N",2.2,293
"EMPAID_NCW-A02A_2019","2019-07-03","2019-06-27",3,"success","2019-05-25","N",2019,"EM_PAID",550293.353,4959169.85,"NAD83 11N",2.2,293
"EMPAID_NCW-A02A_2019","2019-07-05","2019-07-03",4,"success","2019-05-25","N",2019,"EM_PAID",550293.353,4959169.85,"NAD83 11N",2.2,293
"EMPAID_NCW-A02A_2019","2019-07-08","2019-07-05",5,"success","2019-05-25","F",2019,"EM_PAID",550293.353,4959169.85,"NAD83 11N",2.2,293
"EMPAID_NCW-A03A_2012","2012-06-06","2012-05-30",1,"success","2012-05-27","I",2012,"EM_PAID",550509.987,4958785.505,"NAD83 11N",3,119
"EMPAID_NCW-A03A_2012","2012-06-11","2012-06-06",2,"success","2012-05-27","N",2012,"EM_PAID",550509.987,4958785.505,"NAD83 11N",3,119
"EMPAID_NCW-A03A_2012","2012-06-14","2012-06-11",3,"success","2012-05-27","N",2012,"EM_PAID",550509.987,4958785.505,"NAD83 11N",3,119
"EMPAID_NCW-A03A_2012","2012-06-19","2012-06-14",4,"success","2012-05-27","N",2012,"EM_PAID",550509.987,4958785.505,"NAD83 11N",3,119
"EMPAID_NCW-A03A_2012","2012-06-22","2012-06-19",5,"success","2012-05-27","N",2012,"EM_PAID",550509.987,4958785.505,"NAD83 11N",3,119
"EMPAID_NCW-A03A_2012","2012-06-25","2012-06-22",6,"success","2012-05-27","N",2012,"EM_PAID",550509.987,4958785.505,"NAD83 11N",3,119
"EMPAID_NCW-A03A_2012","2012-07-02","2012-06-25",7,"success","2012-05-27","N",2012,"EM_PAID",550509.987,4958785.505,"NAD83 11N",3,119
"EMPAID_NCW-A03A_2012","2012-07-05","2012-07-02",8,"success","2012-05-27","N",2012,"EM_PAID",550509.987,4958785.505,"NAD83 11N",3,119
"EMPAID_NCW-A03A_2012","2012-07-09","2012-07-05",9,"success","2012-05-27","F",2012,"EM_PAID",550509.987,4958785.505,"NAD83 11N",3,119
"EMPAID_NCW-A03A_2016","2016-05-26","2016-05-23",1,"success","2016-05-23","L",2016,"EM_PAID",550509.987,4958785.505,"NAD83 11N",1.2,22
"EMPAID_NCW-A03A_2016","2016-05-30","2016-05-26",2,"success","2016-05-23","I",2016,"EM_PAID",550509.987,4958785.505,"NAD83 11N",1.2,22
"EMPAID_NCW-A03A_2016","2016-06-07","2016-05-30",3,"success","2016-05-23","N",2016,"EM_PAID",550509.987,4958785.505,"NAD83 11N",1.2,22
"EMPAID_NCW-A03A_2016","2016-06-10","2016-06-07",4,"success","2016-05-23","N",2016,"EM_PAID",550509.987,4958785.505,"NAD83 11N",1.2,22
"EMPAID_NCW-A03A_2016","2016-06-15","2016-06-10",5,"success","2016-05-23","N",2016,"EM_PAID",550509.987,4958785.505,"NAD83 11N",1.2,22
"EMPAID_NCW-A03A_2016","2016-06-21","2016-06-15",6,"success","2016-05-23","N",2016,"EM_PAID",550509.987,4958785.505,"NAD83 11N",1.2,22
"EMPAID_NCW-A03A_2016","2016-06-24","2016-06-21",7,"success","2016-05-23","N",2016,"EM_PAID",550509.987,4958785.505,"NAD83 11N",1.2,22
"EMPAID_NCW-A03A_2016","2016-06-28","2016-06-24",8,"success","2016-05-23","N",2016,"EM_PAID",550509.987,4958785.505,"NAD83 11N",1.2,22
"EMPAID_NCW-A03A_2016","2016-06-30","2016-06-28",9,"success","2016-05-23","N",2016,"EM_PAID",550509.987,4958785.505,"NAD83 11N",1.2,22
"EMPAID_NCW-A03A_2016","2016-07-05","2016-06-30",10,"success","2016-05-23","F",2016,"EM_PAID",550509.987,4958785.505,"NAD83 11N",1.2,22
"EMPAID_NCW-A03A_2017","2017-06-27","2017-06-23",1,"failure","2017-06-20","I",2017,"EM_PAID",550748.206,4958841.687,"NAD83 11N",2,272
"EMPAID_NCW-A03A_2017","2017-06-30","2017-06-27",2,"failure","2017-06-20","I",2017,"EM_PAID",550748.206,4958841.687,"NAD83 11N",2,272
"EMPAID_NCW-A03A_2017","2017-07-07","2017-06-30",3,"failure","2017-06-20","I",2017,"EM_PAID",550748.206,4958841.687,"NAD83 11N",2,272
"EMPAID_NCW-A04A_2018","2018-06-08","2018-06-05",1,"failure","2018-06-02","I",2018,"EM_PAID",550719.628,4958475.82,"NAD83 11N",1.3,339
"EMPAID_NCW-A04A_2018","2018-06-13","2018-06-08",2,"failure","2018-06-02","I",2018,"EM_PAID",550719.628,4958475.82,"NAD83 11N",1.3,339
"EMPAID_NCW-A04A_2019","2019-06-13","2019-06-06",1,"success","2019-06-05","I",2019,"EM_PAID",550785.284,4958579.188,"NAD83 11N",2.5,258
"EMPAID_NCW-A04A_2019","2019-06-21","2019-06-13",2,"success","2019-06-05","N",2019,"EM_PAID",550785.284,4958579.188,"NAD83 11N",2.5,258
"EMPAID_NCW-A04A_2019","2019-06-27","2019-06-21",3,"success","2019-06-05","N",2019,"EM_PAID",550785.284,4958579.188,"NAD83 11N",2.5,258
"EMPAID_NCW-A04A_2019","2019-07-03","2019-06-27",4,"success","2019-06-05","N",2019,"EM_PAID",550785.284,4958579.188,"NAD83 11N",2.5,258
"EMPAID_NCW-A04A_2019","2019-07-09","2019-07-03",5,"success","2019-06-05","N",2019,"EM_PAID",550785.284,4958579.188,"NAD83 11N",2.5,258
"EMPAID_NCW-A04A_2019","2019-07-11","2019-07-09",6,"success","2019-06-05","N",2019,"EM_PAID",550785.284,4958579.188,"NAD83 11N",2.5,258
"EMPAID_NCW-A04A_2019","2019-07-15","2019-07-11",7,"success","2019-06-05","N",2019,"EM_PAID",550785.284,4958579.188,"NAD83 11N",2.5,258
"EMPAID_NCW-A04A_2019","2019-07-16","2019-07-15",8,"success","2019-06-05","N",2019,"EM_PAID",550785.284,4958579.188,"NAD83 11N",2.5,258
"EMPAID_NCW-A04A_2019","2019-07-17","2019-07-16",9,"success","2019-06-05","F",2019,"EM_PAID",550785.284,4958579.188,"NAD83 11N",2.5,258
"EMPAID_NCW-A05A_2017","2017-06-16","2017-06-14",1,"success","2017-06-05","I",2017,"EM_PAID",550880.687,4958130.095,"NAD83 11N",2.3,142
"EMPAID_NCW-A05A_2017","2017-06-19","2017-06-16",2,"success","2017-06-05","N",2017,"EM_PAID",550880.687,4958130.095,"NAD83 11N",2.3,142
"EMPAID_NCW-A05A_2017","2017-06-26","2017-06-19",3,"success","2017-06-05","N",2017,"EM_PAID",550880.687,4958130.095,"NAD83 11N",2.3,142
"EMPAID_NCW-A05A_2017","2017-06-30","2017-06-26",4,"success","2017-06-05","N",2017,"EM_PAID",550880.687,4958130.095,"NAD83 11N",2.3,142
"EMPAID_NCW-A05A_2017","2017-07-06","2017-06-30",5,"success","2017-06-05","N",2017,"EM_PAID",550880.687,4958130.095,"NAD83 11N",2.3,142
"EMPAID_NCW-A05A_2017","2017-07-10","2017-07-06",6,"success","2017-06-05","N",2017,"EM_PAID",550880.687,4958130.095,"NAD83 11N",2.3,142
"EMPAID_NCW-A05A_2017","2017-07-18","2017-07-10",7,"success","2017-06-05","F",2017,"EM_PAID",550880.687,4958130.095,"NAD83 11N",2.3,142
"EMPAID_NCW-A07A_2018","2018-07-05","2018-06-27",1,"success","2018-05-29","N",2018,"EM_PAID",551757.102,4959044.424,"NAD83 11N",1.9,106
"EMPAID_NCW-A07A_2018","2018-07-12","2018-07-05",2,"success","2018-05-29","F",2018,"EM_PAID",551757.102,4959044.424,"NAD83 11N",1.9,106
"EMPAID_NCW-A07A_2019","2019-06-21","2019-06-13",1,"success","2019-06-03","N",2019,"EM_PAID",551852.804,4959088.629,"NAD83 11N",1.7,134
"EMPAID_NCW-A07A_2019","2019-06-27","2019-06-21",2,"success","2019-06-03","N",2019,"EM_PAID",551852.804,4959088.629,"NAD83 11N",1.7,134
"EMPAID_NCW-A07A_2019","2019-07-03","2019-06-27",3,"success","2019-06-03","N",2019,"EM_PAID",551852.804,4959088.629,"NAD83 11N",1.7,134
"EMPAID_NCW-A07A_2019","2019-07-08","2019-07-03",4,"success","2019-06-03","N",2019,"EM_PAID",551852.804,4959088.629,"NAD83 11N",1.7,134
"EMPAID_NCW-A07A_2019","2019-07-11","2019-07-08",5,"success","2019-06-03","N",2019,"EM_PAID",551852.804,4959088.629,"NAD83 11N",1.7,134
"EMPAID_NCW-A07A_2019","2019-07-15","2019-07-11",6,"success","2019-06-03","F",2019,"EM_PAID",551852.804,4959088.629,"NAD83 11N",1.7,134
"EMPAID_NCW-B02A_2019","2019-06-24","2019-06-13",1,"success","2019-06-01","N",2019,"EM_PAID",551776.945,4957611.463,"NAD83 11N",4.8,167
"EMPAID_NCW-B02A_2019","2019-06-28","2019-06-24",2,"success","2019-06-01","N",2019,"EM_PAID",551776.945,4957611.463,"NAD83 11N",4.8,167
"EMPAID_NCW-B02A_2019","2019-07-03","2019-06-28",3,"success","2019-06-01","N",2019,"EM_PAID",551776.945,4957611.463,"NAD83 11N",4.8,167
"EMPAID_NCW-B02A_2019","2019-07-09","2019-07-03",4,"success","2019-06-01","N",2019,"EM_PAID",551776.945,4957611.463,"NAD83 11N",4.8,167
"EMPAID_NCW-B02A_2019","2019-07-11","2019-07-09",5,"success","2019-06-01","N",2019,"EM_PAID",551776.945,4957611.463,"NAD83 11N",4.8,167
"EMPAID_NCW-B02A_2019","2019-07-15","2019-07-11",6,"success","2019-06-01","F",2019,"EM_PAID",551776.945,4957611.463,"NAD83 11N",4.8,167
"EMPAID_NCW-B03A_2017","2017-06-26","2017-06-21",1,"success","2017-05-26","N",2017,"EM_PAID",551836.1,4957548.659,"NAD83 11N",3,16
"EMPAID_NCW-B03A_2017","2017-06-30","2017-06-26",2,"success","2017-05-26","N",2017,"EM_PAID",551836.1,4957548.659,"NAD83 11N",3,16
"EMPAID_NCW-B03A_2017","2017-07-03","2017-06-30",3,"success","2017-05-26","N",2017,"EM_PAID",551836.1,4957548.659,"NAD83 11N",3,16
"EMPAID_NCW-B03A_2017","2017-07-06","2017-07-03",4,"success","2017-05-26","F",2017,"EM_PAID",551836.1,4957548.659,"NAD83 11N",3,16
"EMPAID_NCW-B04A_2016","2016-06-27","2016-06-21",1,"success","2016-06-13","I",2016,"EM_PAID",552127.301,4957971.349,"NAD83 11N",3,282
"EMPAID_NCW-B04A_2016","2016-07-05","2016-06-27",2,"success","2016-06-13","N",2016,"EM_PAID",552127.301,4957971.349,"NAD83 11N",3,282
"EMPAID_NCW-B04A_2016","2016-07-13","2016-07-05",3,"success","2016-06-13","N",2016,"EM_PAID",552127.301,4957971.349,"NAD83 11N",3,282
"EMPAID_NCW-B04A_2016","2016-07-18","2016-07-13",4,"success","2016-06-13","N",2016,"EM_PAID",552127.301,4957971.349,"NAD83 11N",3,282
"EMPAID_NCW-B04A_2016","2016-07-20","2016-07-18",5,"success","2016-06-13","N",2016,"EM_PAID",552127.301,4957971.349,"NAD83 11N",3,282
"EMPAID_NCW-B04A_2016","2016-07-25","2016-07-20",6,"success","2016-06-13","N",2016,"EM_PAID",552127.301,4957971.349,"NAD83 11N",3,282
"EMPAID_NCW-B04A_2016","2016-07-27","2016-07-25",7,"success","2016-06-13","F",2016,"EM_PAID",552127.301,4957971.349,"NAD83 11N",3,282
"EMPAID_NCW-B04A_2018","2018-06-25","2018-06-18",1,"success","2018-06-07","N",2018,"EM_PAID",552209.808,4957932.504,"NAD83 11N",3,238
"EMPAID_NCW-B04A_2018","2018-07-05","2018-06-25",2,"success","2018-06-07","N",2018,"EM_PAID",552209.808,4957932.504,"NAD83 11N",3,238
"EMPAID_NCW-B04A_2018","2018-07-09","2018-07-05",3,"success","2018-06-07","N",2018,"EM_PAID",552209.808,4957932.504,"NAD83 11N",3,238
"EMPAID_NCW-B04A_2018","2018-07-12","2018-07-09",4,"success","2018-06-07","N",2018,"EM_PAID",552209.808,4957932.504,"NAD83 11N",3,238
"EMPAID_NCW-B04A_2018","2018-07-16","2018-07-12",5,"success","2018-06-07","N",2018,"EM_PAID",552209.808,4957932.504,"NAD83 11N",3,238
"EMPAID_NCW-B04A_2018","2018-07-18","2018-07-16",6,"success","2018-06-07","F",2018,"EM_PAID",552209.808,4957932.504,"NAD83 11N",3,238
"EMPAID_NCW-D04A_2015","2015-05-31","2015-05-22",1,"success","2015-05-13","N",2015,"EM_PAID",548322.704,4956021.103,"NAD83 11N",4,6
"EMPAID_NCW-D04A_2015","2015-06-03","2015-05-31",2,"success","2015-05-13","N",2015,"EM_PAID",548322.704,4956021.103,"NAD83 11N",4,6
"EMPAID_NCW-D04A_2015","2015-06-09","2015-06-03",3,"success","2015-05-13","N",2015,"EM_PAID",548322.704,4956021.103,"NAD83 11N",4,6
"EMPAID_NCW-D04A_2015","2015-06-14","2015-06-09",4,"success","2015-05-13","N",2015,"EM_PAID",548322.704,4956021.103,"NAD83 11N",4,6
"EMPAID_NCW-D04A_2015","2015-06-24","2015-06-14",5,"success","2015-05-13","F",2015,"EM_PAID",548322.704,4956021.103,"NAD83 11N",4,6
"EMPAID_NCW-D04A_2016","2016-06-27","2016-06-24",1,"success","2016-05-29","N",2016,"EM_PAID",548413.399,4956222.51,"NAD83 11N",3.5,74
"EMPAID_NCW-D04A_2016","2016-07-05","2016-06-27",2,"success","2016-05-29","N",2016,"EM_PAID",548413.399,4956222.51,"NAD83 11N",3.5,74
"EMPAID_NCW-D04A_2016","2016-07-12","2016-07-05",3,"success","2016-05-29","F",2016,"EM_PAID",548413.399,4956222.51,"NAD83 11N",3.5,74
"EMPAID_NCW-D04A_2017","2017-06-08","2017-05-30",1,"success","2017-05-14","N",2017,"EM_PAID",548147.376,4956600.53,"NAD83 11N",2,250
"EMPAID_NCW-D04A_2017","2017-06-13","2017-06-08",2,"success","2017-05-14","N",2017,"EM_PAID",548147.376,4956600.53,"NAD83 11N",2,250
"EMPAID_NCW-D04A_2017","2017-06-16","2017-06-13",3,"success","2017-05-14","N",2017,"EM_PAID",548147.376,4956600.53,"NAD83 11N",2,250
"EMPAID_NCW-D04A_2017","2017-06-19","2017-06-16",4,"success","2017-05-14","N",2017,"EM_PAID",548147.376,4956600.53,"NAD83 11N",2,250
"EMPAID_NCW-D04A_2017","2017-06-21","2017-06-19",5,"success","2017-05-14","N",2017,"EM_PAID",548147.376,4956600.53,"NAD83 11N",2,250
"EMPAID_NCW-D04A_2017","2017-06-27","2017-06-21",6,"success","2017-05-14","F",2017,"EM_PAID",548147.376,4956600.53,"NAD83 11N",2,250
"EMPAID_NCW-D06A_2014","2014-07-03","2014-06-23",1,"success","2014-05-25","N",2014,"EM_PAID",548769.269,4956245.75,"NAD83 11N",3.3,76
"EMPAID_NCW-D06A_2014","2014-07-07","2014-07-03",2,"success","2014-05-25","F",2014,"EM_PAID",548769.269,4956245.75,"NAD83 11N",3.3,76
"EMPAID_NCW-D09A_2012","2012-07-05","2012-06-20",1,"success","2012-05-27","N",2012,"EM_PAID",548817.118,4955986.319,"NAD83 11N",6.6,170
"EMPAID_NCW-D09A_2012","2012-07-10","2012-07-05",2,"success","2012-05-27","F",2012,"EM_PAID",548817.118,4955986.319,"NAD83 11N",6.6,170
"EMPAID_NCW-D09A_2013","2013-07-30","2013-07-25",1,"success","2013-06-28","N",2013,"EM_PAID",549114.210454,4955975.57601,"NAD83 11N",1.6,279
"EMPAID_NCW-D09A_2013","2013-08-01","2013-07-30",2,"success","2013-06-28","N",2013,"EM_PAID",549114.210454,4955975.57601,"NAD83 11N",1.6,279
"EMPAID_NCW-D09A_2013","2013-08-05","2013-08-01",3,"success","2013-06-28","N",2013,"EM_PAID",549114.210454,4955975.57601,"NAD83 11N",1.6,279
"EMPAID_NCW-D09A_2013","2013-08-08","2013-08-05",4,"success","2013-06-28","F",2013,"EM_PAID",549114.210454,4955975.57601,"NAD83 11N",1.6,279
"EMPAID_NCW-D10A_2013","2013-06-07","2013-06-06",1,"failure","2013-05-26","I",2013,"EM_PAID",549355.028947,4955879.37987,"NAD83 11N",3.6,330
"EMPAID_NCW-D10A_2013","2013-06-10","2013-06-07",2,"failure","2013-05-26","I",2013,"EM_PAID",549355.028947,4955879.37987,"NAD83 11N",3.6,330
"EMPAID_NCW-D10A_2013","2013-06-13","2013-06-10",3,"failure","2013-05-26","N",2013,"EM_PAID",549355.028947,4955879.37987,"NAD83 11N",3.6,330
"EMPAID_NCW-D10A_2013","2013-06-14","2013-06-13",4,"failure","2013-05-26","N",2013,"EM_PAID",549355.028947,4955879.37987,"NAD83 11N",3.6,330
"EMPAID_NCW-D10A_2013","2013-06-18","2013-06-14",5,"failure","2013-05-26","N",2013,"EM_PAID",549355.028947,4955879.37987,"NAD83 11N",3.6,330
"EMPAID_NCW-D10A_2016","2016-07-07","2016-06-30",1,"success","2016-06-08","N",2016,"EM_PAID",549349.456,4955761.912,"NAD83 11N",9.8,180
"EMPAID_NCW-D10A_2016","2016-07-12","2016-07-07",2,"success","2016-06-08","N",2016,"EM_PAID",549349.456,4955761.912,"NAD83 11N",9.8,180
"EMPAID_NCW-D10A_2016","2016-07-14","2016-07-12",3,"success","2016-06-08","N",2016,"EM_PAID",549349.456,4955761.912,"NAD83 11N",9.8,180
"EMPAID_NCW-D10A_2016","2016-07-20","2016-07-14",4,"success","2016-06-08","F",2016,"EM_PAID",549349.456,4955761.912,"NAD83 11N",9.8,180
"EMPAID_NCW-D10A_2017","2017-05-30","2017-05-22",1,"success","2017-05-11","N",2017,"EM_PAID",549345.282,4955938.501,"NAD83 11N",2.1,318
"EMPAID_NCW-D10A_2017","2017-06-07","2017-05-30",2,"success","2017-05-11","N",2017,"EM_PAID",549345.282,4955938.501,"NAD83 11N",2.1,318
"EMPAID_NCW-D10A_2017","2017-06-10","2017-06-07",3,"success","2017-05-11","N",2017,"EM_PAID",549345.282,4955938.501,"NAD83 11N",2.1,318
"EMPAID_NCW-D10A_2017","2017-06-16","2017-06-10",4,"success","2017-05-11","N",2017,"EM_PAID",549345.282,4955938.501,"NAD83 11N",2.1,318
"EMPAID_NCW-D10A_2017","2017-06-19","2017-06-16",5,"success","2017-05-11","N",2017,"EM_PAID",549345.282,4955938.501,"NAD83 11N",2.1,318
"EMPAID_NCW-D10A_2017","2017-06-22","2017-06-19",6,"success","2017-05-11","F",2017,"EM_PAID",549345.282,4955938.501,"NAD83 11N",2.1,318
"EMPAID_NCW-E03A_2017","2017-06-16","2017-06-13",1,"success","2017-06-03","I",2017,"EM_PAID",552340.599,4956581.862,"NAD83 11N",2.5,130
"EMPAID_NCW-E03A_2017","2017-06-21","2017-06-16",2,"success","2017-06-03","N",2017,"EM_PAID",552340.599,4956581.862,"NAD83 11N",2.5,130
"EMPAID_NCW-E03A_2017","2017-06-23","2017-06-21",3,"success","2017-06-03","N",2017,"EM_PAID",552340.599,4956581.862,"NAD83 11N",2.5,130
"EMPAID_NCW-E03A_2017","2017-06-26","2017-06-23",4,"success","2017-06-03","N",2017,"EM_PAID",552340.599,4956581.862,"NAD83 11N",2.5,130
"EMPAID_NCW-E03A_2017","2017-06-30","2017-06-26",5,"success","2017-06-03","N",2017,"EM_PAID",552340.599,4956581.862,"NAD83 11N",2.5,130
"EMPAID_NCW-E03A_2017","2017-07-06","2017-06-30",6,"success","2017-06-03","N",2017,"EM_PAID",552340.599,4956581.862,"NAD83 11N",2.5,130
"EMPAID_NCW-E03A_2017","2017-07-10","2017-07-06",7,"success","2017-06-03","N",2017,"EM_PAID",552340.599,4956581.862,"NAD83 11N",2.5,130
"EMPAID_NCW-E03A_2017","2017-07-12","2017-07-10",8,"success","2017-06-03","N",2017,"EM_PAID",552340.599,4956581.862,"NAD83 11N",2.5,130
"EMPAID_NCW-E03A_2017","2017-07-17","2017-07-12",9,"success","2017-06-03","F",2017,"EM_PAID",552340.599,4956581.862,"NAD83 11N",2.5,130
"EMPAID_NCW-E03A_2017","2017-07-18","2017-07-17",10,"success","2017-06-03","F",2017,"EM_PAID",552340.599,4956581.862,"NAD83 11N",2.5,130
"EMPAID_NCW-G02A_2019","2019-07-03","2019-06-18",1,"success","2019-05-22","F",2019,"EM_PAID",551221.868,4950535.674,"NAD83 11N",8.4,178
"EMPAID_NDL03A_2013","2013-06-06","2013-06-04",1,"success","2013-06-03","L",2013,"EM_PAID",529422.611,4979791.125,"NAD83 11N",6.7,70
"EMPAID_NDL03A_2013","2013-06-11","2013-06-06",2,"success","2013-06-03","I",2013,"EM_PAID",529422.611,4979791.125,"NAD83 11N",6.7,70
"EMPAID_NDL03A_2013","2013-06-14","2013-06-11",3,"success","2013-06-03","I",2013,"EM_PAID",529422.611,4979791.125,"NAD83 11N",6.7,70
"EMPAID_NDL03A_2013","2013-06-17","2013-06-14",4,"success","2013-06-03","N",2013,"EM_PAID",529422.611,4979791.125,"NAD83 11N",6.7,70
"EMPAID_NDL03A_2013","2013-06-21","2013-06-17",5,"success","2013-06-03","N",2013,"EM_PAID",529422.611,4979791.125,"NAD83 11N",6.7,70
"EMPAID_NDL03A_2013","2013-06-25","2013-06-21",6,"success","2013-06-03","N",2013,"EM_PAID",529422.611,4979791.125,"NAD83 11N",6.7,70
"EMPAID_NDL03A_2013","2013-06-27","2013-06-25",7,"success","2013-06-03","N",2013,"EM_PAID",529422.611,4979791.125,"NAD83 11N",6.7,70
"EMPAID_NDL03A_2013","2013-07-04","2013-06-27",8,"success","2013-06-03","N",2013,"EM_PAID",529422.611,4979791.125,"NAD83 11N",6.7,70
"EMPAID_NDL03A_2013","2013-07-08","2013-07-04",9,"success","2013-06-03","N",2013,"EM_PAID",529422.611,4979791.125,"NAD83 11N",6.7,70
"EMPAID_NDL03A_2013","2013-07-11","2013-07-08",10,"success","2013-06-03","N",2013,"EM_PAID",529422.611,4979791.125,"NAD83 11N",6.7,70
"EMPAID_NDL03A_2013","2013-07-15","2013-07-11",11,"success","2013-06-03","F",2013,"EM_PAID",529422.611,4979791.125,"NAD83 11N",6.7,70
"EMPAID_NDL03A_2014","2014-06-05","2014-05-30",1,"failure","2014-05-28","I",2014,"EM_PAID",529422.611,4979791.125,"NAD83 11N",3.2,42
"EMPAID_NDL03A_2014","2014-06-11","2014-06-05",2,"failure","2014-05-28","N",2014,"EM_PAID",529422.611,4979791.125,"NAD83 11N",3.2,42
"EMPAID_NDL03A_2014","2014-06-13","2014-06-11",3,"failure","2014-05-28","N",2014,"EM_PAID",529422.611,4979791.125,"NAD83 11N",3.2,42
"EMPAID_NDL03A_2014","2014-06-23","2014-06-13",4,"failure","2014-05-28","N",2014,"EM_PAID",529422.611,4979791.125,"NAD83 11N",3.2,42
"EMPAID_NDL03A_2014","2014-06-25","2014-06-23",5,"failure","2014-05-28","N",2014,"EM_PAID",529422.611,4979791.125,"NAD83 11N",3.2,42
"EMPAID_NDL04A_2018","2018-06-26","2018-06-22",1,"success","2018-05-29","N",2018,"EM_PAID",529425.022,4979806.666,"NAD83 11N",5.7,123
"EMPAID_NDL04A_2018","2018-07-03","2018-06-26",2,"success","2018-05-29","N",2018,"EM_PAID",529425.022,4979806.666,"NAD83 11N",5.7,123
"EMPAID_NDL04A_2018","2018-07-05","2018-07-03",3,"success","2018-05-29","N",2018,"EM_PAID",529425.022,4979806.666,"NAD83 11N",5.7,123
"EMPAID_NDL04A_2018","2018-07-09","2018-07-05",4,"success","2018-05-29","F",2018,"EM_PAID",529425.022,4979806.666,"NAD83 11N",5.7,123
"EMPAID_NDL08A_2014","2014-06-25","2014-06-19",1,"success","2014-05-31","N",2014,"EM_PAID",531159.947,4981185.695,"NAD83 11N",2.9,307
"EMPAID_NDL08A_2014","2014-07-01","2014-06-25",2,"success","2014-05-31","N",2014,"EM_PAID",531159.947,4981185.695,"NAD83 11N",2.9,307
"EMPAID_NDL08A_2014","2014-07-08","2014-07-01",3,"success","2014-05-31","N",2014,"EM_PAID",531159.947,4981185.695,"NAD83 11N",2.9,307
"EMPAID_NDL08A_2014","2014-07-15","2014-07-08",4,"success","2014-05-31","F",2014,"EM_PAID",531159.947,4981185.695,"NAD83 11N",2.9,307
"EMPAID_NDL08A_2015","2015-06-09","2015-06-04",1,"success","2015-05-24","N",2015,"EM_PAID",530749.435,4981068.656,"NAD83 11N",1.2,148
"EMPAID_NDL08A_2015","2015-06-11","2015-06-09",2,"success","2015-05-24","N",2015,"EM_PAID",530749.435,4981068.656,"NAD83 11N",1.2,148
"EMPAID_NDL08A_2015","2015-06-16","2015-06-11",3,"success","2015-05-24","N",2015,"EM_PAID",530749.435,4981068.656,"NAD83 11N",1.2,148
"EMPAID_NDL08A_2015","2015-06-23","2015-06-16",4,"success","2015-05-24","N",2015,"EM_PAID",530749.435,4981068.656,"NAD83 11N",1.2,148
"EMPAID_NDL08A_2015","2015-06-29","2015-06-23",5,"success","2015-05-24","N",2015,"EM_PAID",530749.435,4981068.656,"NAD83 11N",1.2,148
"EMPAID_NDL08A_2015","2015-07-02","2015-06-29",6,"success","2015-05-24","N",2015,"EM_PAID",530749.435,4981068.656,"NAD83 11N",1.2,148
"EMPAID_NDL08A_2015","2015-07-06","2015-07-02",7,"success","2015-05-24","F",2015,"EM_PAID",530749.435,4981068.656,"NAD83 11N",1.2,148
"EMPAID_NDL08A_2017","2017-07-05","2017-06-30",1,"success","2017-05-29","N",2017,"EM_PAID",530723.544,4981236.618,"NAD83 11N",2,167
"EMPAID_NDL08A_2017","2017-07-07","2017-07-05",2,"success","2017-05-29","N",2017,"EM_PAID",530723.544,4981236.618,"NAD83 11N",2,167
"EMPAID_NDL08A_2017","2017-07-10","2017-07-07",3,"success","2017-05-29","F",2017,"EM_PAID",530723.544,4981236.618,"NAD83 11N",2,167
"EMPAID_NDL10A_2018","2018-06-11","2018-06-07",1,"failure","2018-06-04","I",2018,"EM_PAID",530210.802,4981502.412,"NAD83 11N",2.5,165
"EMPAID_NDL10A_2018","2018-06-12","2018-06-11",2,"failure","2018-06-04","I",2018,"EM_PAID",530210.802,4981502.412,"NAD83 11N",2.5,165
"EMPAID_NDL10A_2018","2018-06-20","2018-06-12",3,"failure","2018-06-04","N",2018,"EM_PAID",530210.802,4981502.412,"NAD83 11N",2.5,165
"EMPAID_NDL10A_2018","2018-06-27","2018-06-20",4,"failure","2018-06-04","N",2018,"EM_PAID",530210.802,4981502.412,"NAD83 11N",2.5,165
"EMPAID_NDL10A_2018","2018-07-03","2018-06-27",5,"failure","2018-06-04","N",2018,"EM_PAID",530210.802,4981502.412,"NAD83 11N",2.5,165
"EMPAID_NEFW01A_2018","2018-06-05","2018-05-30",1,"success","2018-05-27","I",2018,"EM_PAID",550248.096,4966329.36,"NAD83 11N",3.2,61
"EMPAID_NEFW01A_2018","2018-06-08","2018-06-05",2,"success","2018-05-27","I",2018,"EM_PAID",550248.096,4966329.36,"NAD83 11N",3.2,61
"EMPAID_NEFW01A_2018","2018-06-13","2018-06-08",3,"success","2018-05-27","N",2018,"EM_PAID",550248.096,4966329.36,"NAD83 11N",3.2,61
"EMPAID_NEFW01A_2018","2018-06-19","2018-06-13",4,"success","2018-05-27","N",2018,"EM_PAID",550248.096,4966329.36,"NAD83 11N",3.2,61
"EMPAID_NEFW01A_2018","2018-06-25","2018-06-19",5,"success","2018-05-27","N",2018,"EM_PAID",550248.096,4966329.36,"NAD83 11N",3.2,61
"EMPAID_NEFW01A_2018","2018-07-02","2018-06-25",6,"success","2018-05-27","N",2018,"EM_PAID",550248.096,4966329.36,"NAD83 11N",3.2,61
"EMPAID_NEFW01A_2018","2018-07-05","2018-07-02",7,"success","2018-05-27","N",2018,"EM_PAID",550248.096,4966329.36,"NAD83 11N",3.2,61
"EMPAID_NEFW01A_2018","2018-07-09","2018-07-05",8,"success","2018-05-27","F",2018,"EM_PAID",550248.096,4966329.36,"NAD83 11N",3.2,61
"EMPAID_NLC-R09A_2014","2014-06-19","2014-06-11",1,"success","2014-06-06","I",2014,"EM_PAID",530898.009,4983362.481,"NAD83 11N",1.1,309
"EMPAID_NLC-R09A_2014","2014-06-23","2014-06-19",2,"success","2014-06-06","N",2014,"EM_PAID",530898.009,4983362.481,"NAD83 11N",1.1,309
"EMPAID_NLC-R09A_2014","2014-06-25","2014-06-23",3,"success","2014-06-06","N",2014,"EM_PAID",530898.009,4983362.481,"NAD83 11N",1.1,309
"EMPAID_NLC-R09A_2014","2014-07-06","2014-06-25",4,"success","2014-06-06","N",2014,"EM_PAID",530898.009,4983362.481,"NAD83 11N",1.1,309
"EMPAID_NLC-R09A_2014","2014-07-08","2014-07-06",5,"success","2014-06-06","N",2014,"EM_PAID",530898.009,4983362.481,"NAD83 11N",1.1,309
"EMPAID_NLC-R09A_2014","2014-07-10","2014-07-08",6,"success","2014-06-06","N",2014,"EM_PAID",530898.009,4983362.481,"NAD83 11N",1.1,309
"EMPAID_NLC-R09A_2014","2014-07-15","2014-07-10",7,"success","2014-06-06","N",2014,"EM_PAID",530898.009,4983362.481,"NAD83 11N",1.1,309
"EMPAID_NLC-R09A_2014","2014-07-21","2014-07-15",8,"success","2014-06-06","F",2014,"EM_PAID",530898.009,4983362.481,"NAD83 11N",1.1,309
"EMPAID_NLC-R10A_2012","2012-06-02","2012-05-29",1,"success","2012-05-26","I",2012,"EM_PAID",530751.989,4983204.262,"NAD83 11N",1.6,310
"EMPAID_NLC-R10A_2012","2012-06-06","2012-06-02",2,"success","2012-05-26","I",2012,"EM_PAID",530751.989,4983204.262,"NAD83 11N",1.6,310
"EMPAID_NLC-R10A_2012","2012-06-12","2012-06-06",3,"success","2012-05-26","N",2012,"EM_PAID",530751.989,4983204.262,"NAD83 11N",1.6,310
"EMPAID_NLC-R10A_2012","2012-06-15","2012-06-12",4,"success","2012-05-26","N",2012,"EM_PAID",530751.989,4983204.262,"NAD83 11N",1.6,310
"EMPAID_NLC-R10A_2012","2012-06-18","2012-06-15",5,"success","2012-05-26","N",2012,"EM_PAID",530751.989,4983204.262,"NAD83 11N",1.6,310
"EMPAID_NLC-R10A_2012","2012-06-21","2012-06-18",6,"success","2012-05-26","N",2012,"EM_PAID",530751.989,4983204.262,"NAD83 11N",1.6,310
"EMPAID_NLC-R10A_2012","2012-06-26","2012-06-21",7,"success","2012-05-26","N",2012,"EM_PAID",530751.989,4983204.262,"NAD83 11N",1.6,310
"EMPAID_NLC-R10A_2012","2012-06-27","2012-06-26",8,"success","2012-05-26","N",2012,"EM_PAID",530751.989,4983204.262,"NAD83 11N",1.6,310
"EMPAID_NLC-R10A_2012","2012-06-28","2012-06-27",9,"success","2012-05-26","N",2012,"EM_PAID",530751.989,4983204.262,"NAD83 11N",1.6,310
"EMPAID_NLC-R10A_2012","2012-07-03","2012-06-28",10,"success","2012-05-26","N",2012,"EM_PAID",530751.989,4983204.262,"NAD83 11N",1.6,310
"EMPAID_NLC-R10A_2012","2012-07-05","2012-07-03",11,"success","2012-05-26","N",2012,"EM_PAID",530751.989,4983204.262,"NAD83 11N",1.6,310
"EMPAID_NLC-R10A_2012","2012-07-08","2012-07-05",12,"success","2012-05-26","F",2012,"EM_PAID",530751.989,4983204.262,"NAD83 11N",1.6,310
"EMPAID_NLC03A_2017","2017-06-16","2017-06-06",1,"failure","2017-06-02","I",2017,"EM_PAID",531176.812,4983103.215,"NAD83 11N",2.3,258
"EMPAID_NLC03A_2017","2017-06-20","2017-06-16",2,"failure","2017-06-02","I",2017,"EM_PAID",531176.812,4983103.215,"NAD83 11N",2.3,258
"EMPAID_NLC03A_2017","2017-06-23","2017-06-20",3,"failure","2017-06-02","I",2017,"EM_PAID",531176.812,4983103.215,"NAD83 11N",2.3,258
"EMPAID_NLC04A_2013","2013-06-11","2013-06-06",1,"success","2013-06-04","I",2013,"EM_PAID",530845.880796,4983227.26952,"NAD83 11N",2.3,69
"EMPAID_NLC04A_2013","2013-06-14","2013-06-11",2,"success","2013-06-04","I",2013,"EM_PAID",530845.880796,4983227.26952,"NAD83 11N",2.3,69
"EMPAID_NLC04A_2013","2013-06-18","2013-06-14",3,"success","2013-06-04","N",2013,"EM_PAID",530845.880796,4983227.26952,"NAD83 11N",2.3,69
"EMPAID_NLC04A_2013","2013-06-21","2013-06-18",4,"success","2013-06-04","N",2013,"EM_PAID",530845.880796,4983227.26952,"NAD83 11N",2.3,69
"EMPAID_NLC04A_2013","2013-06-25","2013-06-21",5,"success","2013-06-04","N",2013,"EM_PAID",530845.880796,4983227.26952,"NAD83 11N",2.3,69
"EMPAID_NLC04A_2013","2013-06-27","2013-06-25",6,"success","2013-06-04","N",2013,"EM_PAID",530845.880796,4983227.26952,"NAD83 11N",2.3,69
"EMPAID_NLC04A_2013","2013-07-02","2013-06-27",7,"success","2013-06-04","N",2013,"EM_PAID",530845.880796,4983227.26952,"NAD83 11N",2.3,69
"EMPAID_NLC04A_2013","2013-07-04","2013-07-02",8,"success","2013-06-04","N",2013,"EM_PAID",530845.880796,4983227.26952,"NAD83 11N",2.3,69
"EMPAID_NLC04A_2013","2013-07-08","2013-07-04",9,"success","2013-06-04","N",2013,"EM_PAID",530845.880796,4983227.26952,"NAD83 11N",2.3,69
"EMPAID_NLC04A_2013","2013-07-10","2013-07-08",10,"success","2013-06-04","N",2013,"EM_PAID",530845.880796,4983227.26952,"NAD83 11N",2.3,69
"EMPAID_NLC04A_2013","2013-07-11","2013-07-10",11,"success","2013-06-04","N",2013,"EM_PAID",530845.880796,4983227.26952,"NAD83 11N",2.3,69
"EMPAID_NLC04A_2013","2013-07-15","2013-07-11",12,"success","2013-06-04","F",2013,"EM_PAID",530845.880796,4983227.26952,"NAD83 11N",2.3,69
"EMPAID_NLC05A_2015","2015-07-02","2015-06-30",1,"success","2015-05-30","N",2015,"EM_PAID",530585.827,4982794.511,"NAD83 11N",2,227
"EMPAID_NLC05A_2015","2015-07-06","2015-07-02",2,"success","2015-05-30","N",2015,"EM_PAID",530585.827,4982794.511,"NAD83 11N",2,227
"EMPAID_NLC05A_2015","2015-07-13","2015-07-06",3,"success","2015-05-30","F",2015,"EM_PAID",530585.827,4982794.511,"NAD83 11N",2,227
"EMPAID_NLC05A_2016","2016-06-21","2016-06-17",1,"failure","2016-06-13","I",2016,"EM_PAID",530800.825,4982990.133,"NAD83 11N",1.6,230
"EMPAID_NPM09A_2013","2013-06-14","2013-06-11",1,"success","2013-06-08","I",2013,"EM_PAID",527684.65982,4968624.1517,"NAD83 11N",2.6,234
"EMPAID_NPM09A_2013","2013-06-18","2013-06-14",2,"success","2013-06-08","I",2013,"EM_PAID",527684.65982,4968624.1517,"NAD83 11N",2.6,234
"EMPAID_NPM09A_2013","2013-06-25","2013-06-18",3,"success","2013-06-08","N",2013,"EM_PAID",527684.65982,4968624.1517,"NAD83 11N",2.6,234
"EMPAID_NPM09A_2013","2013-07-01","2013-06-25",4,"success","2013-06-08","N",2013,"EM_PAID",527684.65982,4968624.1517,"NAD83 11N",2.6,234
"EMPAID_NPM09A_2013","2013-07-04","2013-07-01",5,"success","2013-06-08","N",2013,"EM_PAID",527684.65982,4968624.1517,"NAD83 11N",2.6,234
"EMPAID_NPM09A_2013","2013-07-08","2013-07-04",6,"success","2013-06-08","N",2013,"EM_PAID",527684.65982,4968624.1517,"NAD83 11N",2.6,234
"EMPAID_NPM09A_2013","2013-07-11","2013-07-08",7,"success","2013-06-08","N",2013,"EM_PAID",527684.65982,4968624.1517,"NAD83 11N",2.6,234
"EMPAID_NPM09A_2013","2013-07-15","2013-07-11",8,"success","2013-06-08","N",2013,"EM_PAID",527684.65982,4968624.1517,"NAD83 11N",2.6,234
"EMPAID_NPM09A_2013","2013-07-16","2013-07-15",9,"success","2013-06-08","N",2013,"EM_PAID",527684.65982,4968624.1517,"NAD83 11N",2.6,234
"EMPAID_NPM09A_2013","2013-07-18","2013-07-16",10,"success","2013-06-08","F",2013,"EM_PAID",527684.65982,4968624.1517,"NAD83 11N",2.6,234
"EMPAID_NPM09A_2014","2014-06-16","2014-06-02",1,"failure","2014-05-29","N",2014,"EM_PAID",527425.092,4968695.772,"NAD83 11N",1.7,222
"EMPAID_NSF02A_2015","2015-05-31","2015-05-28",1,"success","2015-05-19","I",2015,"EM_PAID",550466.694,4957536.369,"NAD83 11N",1.3,32
"EMPAID_NSF02A_2015","2015-06-03","2015-05-31",2,"success","2015-05-19","I",2015,"EM_PAID",550466.694,4957536.369,"NAD83 11N",1.3,32
"EMPAID_NSF02A_2015","2015-06-12","2015-06-03",3,"success","2015-05-19","N",2015,"EM_PAID",550466.694,4957536.369,"NAD83 11N",1.3,32
"EMPAID_NSF02A_2015","2015-06-15","2015-06-12",4,"success","2015-05-19","N",2015,"EM_PAID",550466.694,4957536.369,"NAD83 11N",1.3,32
"EMPAID_NSF02A_2015","2015-06-24","2015-06-15",5,"success","2015-05-19","N",2015,"EM_PAID",550466.694,4957536.369,"NAD83 11N",1.3,32
"EMPAID_NSF02A_2015","2015-06-29","2015-06-24",6,"success","2015-05-19","N",2015,"EM_PAID",550466.694,4957536.369,"NAD83 11N",1.3,32
"EMPAID_NSF02A_2015","2015-06-30","2015-06-29",7,"success","2015-05-19","N",2015,"EM_PAID",550466.694,4957536.369,"NAD83 11N",1.3,32
"EMPAID_NSF02A_2016","2016-05-30","2016-05-25",1,"success","2016-05-18","I",2016,"EM_PAID",550504.649,4956764.463,"NAD83 11N",2.2,141
"EMPAID_NSF02A_2016","2016-06-07","2016-05-30",2,"success","2016-05-18","N",2016,"EM_PAID",550504.649,4956764.463,"NAD83 11N",2.2,141
"EMPAID_NSF02A_2016","2016-06-09","2016-06-07",3,"success","2016-05-18","N",2016,"EM_PAID",550504.649,4956764.463,"NAD83 11N",2.2,141
"EMPAID_NSF02A_2016","2016-06-15","2016-06-09",4,"success","2016-05-18","N",2016,"EM_PAID",550504.649,4956764.463,"NAD83 11N",2.2,141
"EMPAID_NSF02A_2016","2016-06-21","2016-06-15",5,"success","2016-05-18","N",2016,"EM_PAID",550504.649,4956764.463,"NAD83 11N",2.2,141
"EMPAID_NSF02A_2016","2016-06-24","2016-06-21",6,"success","2016-05-18","N",2016,"EM_PAID",550504.649,4956764.463,"NAD83 11N",2.2,141
"EMPAID_NSF02A_2016","2016-06-27","2016-06-24",7,"success","2016-05-18","N",2016,"EM_PAID",550504.649,4956764.463,"NAD83 11N",2.2,141
"EMPAID_NSF02A_2016","2016-06-30","2016-06-27",8,"success","2016-05-18","F",2016,"EM_PAID",550504.649,4956764.463,"NAD83 11N",2.2,141
"EMPAID_NSF04A_2012","2012-06-22","2012-06-19",1,"success","2012-05-30","N",2012,"EM_PAID",550503.181,4957885.985,"NAD83 11N",3.3,1
"EMPAID_NSF04A_2012","2012-06-25","2012-06-22",2,"success","2012-05-30","N",2012,"EM_PAID",550503.181,4957885.985,"NAD83 11N",3.3,1
"EMPAID_NSF04A_2012","2012-07-02","2012-06-25",3,"success","2012-05-30","N",2012,"EM_PAID",550503.181,4957885.985,"NAD83 11N",3.3,1
"EMPAID_NSF04A_2012","2012-07-05","2012-07-02",4,"success","2012-05-30","N",2012,"EM_PAID",550503.181,4957885.985,"NAD83 11N",3.3,1
"EMPAID_NSF04A_2012","2012-07-09","2012-07-05",5,"success","2012-05-30","N",2012,"EM_PAID",550503.181,4957885.985,"NAD83 11N",3.3,1
"EMPAID_NSF04A_2012","2012-07-10","2012-07-09",6,"success","2012-05-30","F",2012,"EM_PAID",550503.181,4957885.985,"NAD83 11N",3.3,1
"EMPAID_NSF05A_2016","2016-06-10","2016-06-07",1,"success","2016-06-06","I",2016,"EM_PAID",550603.382,4958267.065,"NAD83 11N",1.4,330
"EMPAID_NSF05A_2016","2016-06-21","2016-06-10",2,"success","2016-06-06","I",2016,"EM_PAID",550603.382,4958267.065,"NAD83 11N",1.4,330
"EMPAID_NSF05A_2016","2016-06-24","2016-06-21",3,"success","2016-06-06","N",2016,"EM_PAID",550603.382,4958267.065,"NAD83 11N",1.4,330
"EMPAID_NSF05A_2016","2016-06-28","2016-06-24",4,"success","2016-06-06","N",2016,"EM_PAID",550603.382,4958267.065,"NAD83 11N",1.4,330
"EMPAID_NSF05A_2016","2016-06-30","2016-06-28",5,"success","2016-06-06","N",2016,"EM_PAID",550603.382,4958267.065,"NAD83 11N",1.4,330
"EMPAID_NSF05A_2016","2016-07-05","2016-06-30",6,"success","2016-06-06","N",2016,"EM_PAID",550603.382,4958267.065,"NAD83 11N",1.4,330
"EMPAID_NSF05A_2016","2016-07-11","2016-07-05",7,"success","2016-06-06","N",2016,"EM_PAID",550603.382,4958267.065,"NAD83 11N",1.4,330
"EMPAID_NSF05A_2016","2016-07-14","2016-07-11",8,"success","2016-06-06","N",2016,"EM_PAID",550603.382,4958267.065,"NAD83 11N",1.4,330
"EMPAID_NSF05A_2016","2016-07-18","2016-07-14",9,"success","2016-06-06","F",2016,"EM_PAID",550603.382,4958267.065,"NAD83 11N",1.4,330
"EMPAID_NSF07A_2014","2014-06-12","2014-06-10",1,"success","2014-05-27","N",2014,"EM_PAID",550948.811,4957895.218,"NAD83 11N",2.3,284
"EMPAID_NSF07A_2014","2014-06-16","2014-06-12",2,"success","2014-05-27","N",2014,"EM_PAID",550948.811,4957895.218,"NAD83 11N",2.3,284
"EMPAID_NSF07A_2014","2014-06-27","2014-06-16",3,"success","2014-05-27","N",2014,"EM_PAID",550948.811,4957895.218,"NAD83 11N",2.3,284
"EMPAID_NSF07A_2014","2014-07-03","2014-06-27",4,"success","2014-05-27","N",2014,"EM_PAID",550948.811,4957895.218,"NAD83 11N",2.3,284
"EMPAID_NSF07A_2014","2014-07-07","2014-07-03",5,"success","2014-05-27","N",2014,"EM_PAID",550948.811,4957895.218,"NAD83 11N",2.3,284
"EMPAID_NSF07A_2014","2014-07-09","2014-07-07",6,"success","2014-05-27","F",2014,"EM_PAID",550948.811,4957895.218,"NAD83 11N",2.3,284
"EMPAID_NSF07A_2015","2015-05-31","2015-05-28",1,"success","2015-05-19","I",2015,"EM_PAID",550897.52,4957839.761,"NAD83 11N",3,82
"EMPAID_NSF07A_2015","2015-06-03","2015-05-31",2,"success","2015-05-19","I",2015,"EM_PAID",550897.52,4957839.761,"NAD83 11N",3,82
"EMPAID_NSF07A_2015","2015-06-12","2015-06-03",3,"success","2015-05-19","N",2015,"EM_PAID",550897.52,4957839.761,"NAD83 11N",3,82
"EMPAID_NSF07A_2015","2015-06-24","2015-06-12",4,"success","2015-05-19","N",2015,"EM_PAID",550897.52,4957839.761,"NAD83 11N",3,82
"EMPAID_NSF07A_2015","2015-06-29","2015-06-24",5,"success","2015-05-19","F",2015,"EM_PAID",550897.52,4957839.761,"NAD83 11N",3,82
"EMPAID_NSF07A_2016","2016-05-30","2016-05-25",1,"success","2016-05-21","I",2016,"EM_PAID",550948.811,4957895.218,"NAD83 11N",5.5,184
"EMPAID_NSF07A_2016","2016-06-07","2016-05-30",2,"success","2016-05-21","N",2016,"EM_PAID",550948.811,4957895.218,"NAD83 11N",5.5,184
"EMPAID_NSF07A_2016","2016-06-09","2016-06-07",3,"success","2016-05-21","N",2016,"EM_PAID",550948.811,4957895.218,"NAD83 11N",5.5,184
"EMPAID_NSF07A_2016","2016-06-15","2016-06-09",4,"success","2016-05-21","N",2016,"EM_PAID",550948.811,4957895.218,"NAD83 11N",5.5,184
"EMPAID_NSF07A_2016","2016-06-21","2016-06-15",5,"success","2016-05-21","N",2016,"EM_PAID",550948.811,4957895.218,"NAD83 11N",5.5,184
"EMPAID_NSF07A_2016","2016-06-24","2016-06-21",6,"success","2016-05-21","N",2016,"EM_PAID",550948.811,4957895.218,"NAD83 11N",5.5,184
"EMPAID_NSF07A_2016","2016-06-27","2016-06-24",7,"success","2016-05-21","N",2016,"EM_PAID",550948.811,4957895.218,"NAD83 11N",5.5,184
"EMPAID_NSF07A_2016","2016-06-30","2016-06-27",8,"success","2016-05-21","N",2016,"EM_PAID",550948.811,4957895.218,"NAD83 11N",5.5,184
"EMPAID_NSF07A_2016","2016-07-05","2016-06-30",9,"success","2016-05-21","F",2016,"EM_PAID",550948.811,4957895.218,"NAD83 11N",5.5,184
"EMPAID_NSF08A_2013","2013-06-20","2013-06-13",1,"success","2013-06-12","I",2013,"EM_PAID",551006.964782,4958098.45638,"NAD83 11N",1.8,261
"EMPAID_NSF08A_2013","2013-06-23","2013-06-20",2,"success","2013-06-12","I",2013,"EM_PAID",551006.964782,4958098.45638,"NAD83 11N",1.8,261
"EMPAID_NSF08A_2013","2013-06-27","2013-06-23",3,"success","2013-06-12","N",2013,"EM_PAID",551006.964782,4958098.45638,"NAD83 11N",1.8,261
"EMPAID_NSF08A_2013","2013-07-02","2013-06-27",4,"success","2013-06-12","N",2013,"EM_PAID",551006.964782,4958098.45638,"NAD83 11N",1.8,261
"EMPAID_NSF08A_2013","2013-07-04","2013-07-02",5,"success","2013-06-12","N",2013,"EM_PAID",551006.964782,4958098.45638,"NAD83 11N",1.8,261
"EMPAID_NSF08A_2013","2013-07-08","2013-07-04",6,"success","2013-06-12","N",2013,"EM_PAID",551006.964782,4958098.45638,"NAD83 11N",1.8,261
"EMPAID_NSF08A_2013","2013-07-11","2013-07-08",7,"success","2013-06-12","N",2013,"EM_PAID",551006.964782,4958098.45638,"NAD83 11N",1.8,261
"EMPAID_NSF08A_2013","2013-07-15","2013-07-11",8,"success","2013-06-12","N",2013,"EM_PAID",551006.964782,4958098.45638,"NAD83 11N",1.8,261
"EMPAID_NSF08A_2013","2013-07-17","2013-07-15",9,"success","2013-06-12","N",2013,"EM_PAID",551006.964782,4958098.45638,"NAD83 11N",1.8,261
"EMPAID_NSF08A_2013","2013-07-22","2013-07-17",10,"success","2013-06-12","N",2013,"EM_PAID",551006.964782,4958098.45638,"NAD83 11N",1.8,261
"EMPAID_NSF08A_2013","2013-07-25","2013-07-22",11,"success","2013-06-12","F",2013,"EM_PAID",551006.964782,4958098.45638,"NAD83 11N",1.8,261
"EMPAID_NSF08A_2017","2017-06-05","2017-05-30",1,"failure","2017-05-26","I",2017,"EM_PAID",550652.572,4956740.645,"NAD83 11N",2.8,340
"EMPAID_NSF09A_2014","2014-06-10","2014-06-05",1,"failure","2014-06-03","I",2014,"EM_PAID",550525.586,4958510.784,"NAD83 11N",0.7,110
"EMPAID_NSF09A_2014","2014-06-17","2014-06-10",2,"failure","2014-06-03","N",2014,"EM_PAID",550525.586,4958510.784,"NAD83 11N",0.7,110
"EMPAID_NSF09A_2015","2015-06-24","2015-06-16",1,"success","2015-05-17","N",2015,"EM_PAID",550159.138,4958704.414,"NAD83 11N",2,136
"EMPAID_NSF09A_2015","2015-06-29","2015-06-24",2,"success","2015-05-17","F",2015,"EM_PAID",550159.138,4958704.414,"NAD83 11N",2,136
"EMPAID_NSF09A_2017","2017-06-07","2017-05-30",1,"success","2017-05-24","I",2017,"EM_PAID",550553.933,4958520.83,"NAD83 11N",2.2,129
"EMPAID_NSF09A_2017","2017-06-10","2017-06-07",2,"success","2017-05-24","N",2017,"EM_PAID",550553.933,4958520.83,"NAD83 11N",2.2,129
"EMPAID_NSF09A_2017","2017-06-16","2017-06-10",3,"success","2017-05-24","N",2017,"EM_PAID",550553.933,4958520.83,"NAD83 11N",2.2,129
"EMPAID_NSF09A_2017","2017-06-21","2017-06-16",4,"success","2017-05-24","N",2017,"EM_PAID",550553.933,4958520.83,"NAD83 11N",2.2,129
"EMPAID_NSF09A_2017","2017-06-26","2017-06-21",5,"success","2017-05-24","N",2017,"EM_PAID",550553.933,4958520.83,"NAD83 11N",2.2,129
"EMPAID_NSF09A_2017","2017-06-30","2017-06-26",6,"success","2017-05-24","N",2017,"EM_PAID",550553.933,4958520.83,"NAD83 11N",2.2,129
"EMPAID_NSF09A_2017","2017-07-03","2017-06-30",7,"success","2017-05-24","N",2017,"EM_PAID",550553.933,4958520.83,"NAD83 11N",2.2,129
"EMPAID_NSF09A_2017","2017-07-06","2017-07-03",8,"success","2017-05-24","F",2017,"EM_PAID",550553.933,4958520.83,"NAD83 11N",2.2,129
"EMPAID_NSG08A_2014","2014-06-20","2014-06-11",1,"failure","2014-05-25","N",2014,"EM_PAID",523508.656,4986648.726,"NAD83 11N",16,89
"EMPAID_NSG09A_2015","2015-06-25","2015-06-19",1,"success","2015-06-12","I",2015,"EM_PAID",523410.16,4986202.024,"NAD83 11N",4,345
"EMPAID_NSG09A_2015","2015-06-30","2015-06-25",2,"success","2015-06-12","N",2015,"EM_PAID",523410.16,4986202.024,"NAD83 11N",4,345
"EMPAID_NSG09A_2015","2015-07-01","2015-06-30",3,"success","2015-06-12","N",2015,"EM_PAID",523410.16,4986202.024,"NAD83 11N",4,345
"EMPAID_NSG09A_2015","2015-07-02","2015-07-01",4,"success","2015-06-12","N",2015,"EM_PAID",523410.16,4986202.024,"NAD83 11N",4,345
"EMPAID_NSG09A_2015","2015-07-06","2015-07-02",5,"success","2015-06-12","N",2015,"EM_PAID",523410.16,4986202.024,"NAD83 11N",4,345
"EMPAID_NSG09A_2015","2015-07-13","2015-07-06",6,"success","2015-06-12","N",2015,"EM_PAID",523410.16,4986202.024,"NAD83 11N",4,345
"EMPAID_NSG09A_2015","2015-07-16","2015-07-13",7,"success","2015-06-12","N",2015,"EM_PAID",523410.16,4986202.024,"NAD83 11N",4,345
"EMPAID_NSG09A_2015","2015-07-20","2015-07-16",8,"success","2015-06-12","N",2015,"EM_PAID",523410.16,4986202.024,"NAD83 11N",4,345
"EMPAID_NSG09A_2015","2015-07-21","2015-07-20",9,"success","2015-06-12","N",2015,"EM_PAID",523410.16,4986202.024,"NAD83 11N",4,345
"EMPAID_NSG09A_2015","2015-07-22","2015-07-21",10,"success","2015-06-12","N",2015,"EM_PAID",523410.16,4986202.024,"NAD83 11N",4,345
"EMPAID_NSG09A_2015","2015-07-24","2015-07-22",11,"success","2015-06-12","F",2015,"EM_PAID",523410.16,4986202.024,"NAD83 11N",4,345
"EMPAID_NSG10A_2012","2012-06-18","2012-06-15",1,"success","2012-05-22","N",2012,"EM_PAID",523512.26,4985816.999,"NAD83 11N",5.4,262
"EMPAID_NSG10A_2012","2012-06-21","2012-06-18",2,"success","2012-05-22","N",2012,"EM_PAID",523512.26,4985816.999,"NAD83 11N",5.4,262
"EMPAID_NSG10A_2012","2012-06-26","2012-06-21",3,"success","2012-05-22","N",2012,"EM_PAID",523512.26,4985816.999,"NAD83 11N",5.4,262
"EMPAID_NSG10A_2012","2012-06-29","2012-06-26",4,"success","2012-05-22","N",2012,"EM_PAID",523512.26,4985816.999,"NAD83 11N",5.4,262
"EMPAID_NSG10A_2012","2012-07-03","2012-06-29",5,"success","2012-05-22","F",2012,"EM_PAID",523512.26,4985816.999,"NAD83 11N",5.4,262
"EMPAID_NSG10A_2013","2013-06-17","2013-06-13",1,"failure","2013-06-09","I",2013,"EM_PAID",523399.151331,4985907.25187,"NAD83 11N",2.2,324
"EMPAID_NSG10A_2013","2013-06-21","2013-06-17",2,"failure","2013-06-09","I",2013,"EM_PAID",523399.151331,4985907.25187,"NAD83 11N",2.2,324
"EMPAID_NSG10A_2013","2013-06-25","2013-06-21",3,"failure","2013-06-09","N",2013,"EM_PAID",523399.151331,4985907.25187,"NAD83 11N",2.2,324
"EMPAID_NSG10A_2013","2013-06-27","2013-06-25",4,"failure","2013-06-09","N",2013,"EM_PAID",523399.151331,4985907.25187,"NAD83 11N",2.2,324
"EMPAID_NSG10A_2013","2013-07-02","2013-06-27",5,"failure","2013-06-09","N",2013,"EM_PAID",523399.151331,4985907.25187,"NAD83 11N",2.2,324
"EMPAID_NSG10A_2014","2014-06-20","2014-06-11",1,"success","2014-06-01","N",2014,"EM_PAID",523648.616,4985968.842,"NAD83 11N",1.7,343
"EMPAID_NSG10A_2014","2014-06-29","2014-06-20",2,"success","2014-06-01","N",2014,"EM_PAID",523648.616,4985968.842,"NAD83 11N",1.7,343
"EMPAID_NSG10A_2014","2014-07-08","2014-06-29",3,"success","2014-06-01","N",2014,"EM_PAID",523648.616,4985968.842,"NAD83 11N",1.7,343
"EMPAID_NSG10A_2014","2014-07-10","2014-07-08",4,"success","2014-06-01","N",2014,"EM_PAID",523648.616,4985968.842,"NAD83 11N",1.7,343
"EMPAID_NSG10A_2014","2014-07-15","2014-07-10",5,"success","2014-06-01","F",2014,"EM_PAID",523648.616,4985968.842,"NAD83 11N",1.7,343
"EMPAID_NSG10A_2014","2014-07-24","2014-07-15",6,"success","2014-06-01","F",2014,"EM_PAID",523648.616,4985968.842,"NAD83 11N",1.7,343
"EMPAID_NSG10A_2015","2015-05-19","2015-05-15",1,"failure","2015-05-14","I",2015,"EM_PAID",523299.254,4986047.809,"NAD83 11N",1.9,76
"EMPAID_NSG10A_2015","2015-05-29","2015-05-19",2,"failure","2015-05-14","N",2015,"EM_PAID",523299.254,4986047.809,"NAD83 11N",1.9,76
"EMPAID_NSG10A_2015","2015-06-03","2015-05-29",3,"failure","2015-05-14","N",2015,"EM_PAID",523299.254,4986047.809,"NAD83 11N",1.9,76
"EMPAID_NSG10A_2016","2016-05-29","2016-05-22",1,"failure","2016-05-21","I",2016,"EM_PAID",523278.425,4986126.398,"NAD83 11N",1.9,260
"EMPAID_NSG10A_2016","2016-06-06","2016-05-29",2,"failure","2016-05-21","N",2016,"EM_PAID",523278.425,4986126.398,"NAD83 11N",1.9,260
"EMPAID_NSG10A_2016","2016-06-08","2016-06-06",3,"failure","2016-05-21","N",2016,"EM_PAID",523278.425,4986126.398,"NAD83 11N",1.9,260
"EMPAID_NSG10A_2016","2016-06-16","2016-06-08",4,"failure","2016-05-21","N",2016,"EM_PAID",523278.425,4986126.398,"NAD83 11N",1.9,260
"EMPAID_NSG10A_2016","2016-06-21","2016-06-16",5,"failure","2016-05-21","N",2016,"EM_PAID",523278.425,4986126.398,"NAD83 11N",1.9,260
"EMPAID_NSG10A_2017","2017-06-28","2017-06-23",1,"failure","2017-05-23","N",2017,"EM_PAID",523467.229,4986039.328,"NAD83 11N",2.5,145
"EMPAID_NSG10A_2017","2017-06-30","2017-06-28",2,"failure","2017-05-23","N",2017,"EM_PAID",523467.229,4986039.328,"NAD83 11N",2.5,145
"EMPAID_NSG10A_2019","2019-06-26","2019-06-12",1,"success","2019-05-31","N",2019,"EM_PAID",524038.756,4986190.011,"NAD83 11N",3.8,250
"EMPAID_NSG10A_2019","2019-07-01","2019-06-26",2,"success","2019-05-31","N",2019,"EM_PAID",524038.756,4986190.011,"NAD83 11N",3.8,250
"EMPAID_NSG10A_2019","2019-07-08","2019-07-01",3,"success","2019-05-31","N",2019,"EM_PAID",524038.756,4986190.011,"NAD83 11N",3.8,250
"EMPAID_NSG10A_2019","2019-07-09","2019-07-08",4,"success","2019-05-31","N",2019,"EM_PAID",524038.756,4986190.011,"NAD83 11N",3.8,250
"EMPAID_NSG10A_2019","2019-07-10","2019-07-09",5,"success","2019-05-31","N",2019,"EM_PAID",524038.756,4986190.011,"NAD83 11N",3.8,250
"EMPAID_NSG10A_2019","2019-07-11","2019-07-10",6,"success","2019-05-31","N",2019,"EM_PAID",524038.756,4986190.011,"NAD83 11N",3.8,250
"EMPAID_NSG10A_2019","2019-07-12","2019-07-11",7,"success","2019-05-31","F",2019,"EM_PAID",524038.756,4986190.011,"NAD83 11N",3.8,250
"EMPAID_NWM03A_2013","2013-06-11","2013-06-06",1,"success","2013-05-28","I",2013,"EM_PAID",525885.408687,4967347.8372,"NAD83 11N",3.4,184
"EMPAID_NWM03A_2013","2013-06-14","2013-06-11",2,"success","2013-05-28","N",2013,"EM_PAID",525885.408687,4967347.8372,"NAD83 11N",3.4,184
"EMPAID_NWM03A_2013","2013-06-18","2013-06-14",3,"success","2013-05-28","N",2013,"EM_PAID",525885.408687,4967347.8372,"NAD83 11N",3.4,184
"EMPAID_NWM03A_2013","2013-06-21","2013-06-18",4,"success","2013-05-28","N",2013,"EM_PAID",525885.408687,4967347.8372,"NAD83 11N",3.4,184
"EMPAID_NWM03A_2013","2013-06-25","2013-06-21",5,"success","2013-05-28","N",2013,"EM_PAID",525885.408687,4967347.8372,"NAD83 11N",3.4,184
"EMPAID_NWM03A_2013","2013-07-04","2013-06-25",6,"success","2013-05-28","N",2013,"EM_PAID",525885.408687,4967347.8372,"NAD83 11N",3.4,184
"EMPAID_NWM03A_2013","2013-07-08","2013-07-04",7,"success","2013-05-28","N",2013,"EM_PAID",525885.408687,4967347.8372,"NAD83 11N",3.4,184
"EMPAID_NWM03A_2013","2013-07-09","2013-07-08",8,"success","2013-05-28","N",2013,"EM_PAID",525885.408687,4967347.8372,"NAD83 11N",3.4,184
"EMPAID_NWM03A_2013","2013-07-11","2013-07-09",9,"success","2013-05-28","F",2013,"EM_PAID",525885.408687,4967347.8372,"NAD83 11N",3.4,184
"EMPAID_NWM03A_2014","2014-06-22","2014-06-13",1,"success","2014-05-28","N",2014,"EM_PAID",525949.399,4967362.244,"NAD83 11N",2.9,134
"EMPAID_NWM03A_2014","2014-06-23","2014-06-22",2,"success","2014-05-28","N",2014,"EM_PAID",525949.399,4967362.244,"NAD83 11N",2.9,134
"EMPAID_NWM03A_2014","2014-07-01","2014-06-23",3,"success","2014-05-28","N",2014,"EM_PAID",525949.399,4967362.244,"NAD83 11N",2.9,134
"EMPAID_NWM03A_2014","2014-07-02","2014-07-01",4,"success","2014-05-28","N",2014,"EM_PAID",525949.399,4967362.244,"NAD83 11N",2.9,134
"EMPAID_NWM03A_2014","2014-07-07","2014-07-02",5,"success","2014-05-28","N",2014,"EM_PAID",525949.399,4967362.244,"NAD83 11N",2.9,134
"EMPAID_NWM03A_2014","2014-07-09","2014-07-07",6,"success","2014-05-28","N",2014,"EM_PAID",525949.399,4967362.244,"NAD83 11N",2.9,134
"EMPAID_NWM03A_2014","2014-07-11","2014-07-09",7,"success","2014-05-28","F",2014,"EM_PAID",525949.399,4967362.244,"NAD83 11N",2.9,134
"EMPAID_NWM03A_2015","2015-06-22","2015-06-11",1,"success","2015-05-26","N",2015,"EM_PAID",525861.334,4967210.543,"NAD83 11N",2.3,334
"EMPAID_NWM03A_2015","2015-06-29","2015-06-22",2,"success","2015-05-26","N",2015,"EM_PAID",525861.334,4967210.543,"NAD83 11N",2.3,334
"EMPAID_NWM03A_2015","2015-07-03","2015-06-29",3,"success","2015-05-26","N",2015,"EM_PAID",525861.334,4967210.543,"NAD83 11N",2.3,334
"EMPAID_NWM03A_2015","2015-07-06","2015-07-03",4,"success","2015-05-26","N",2015,"EM_PAID",525861.334,4967210.543,"NAD83 11N",2.3,334
"EMPAID_NWM03A_2015","2015-07-08","2015-07-06",5,"success","2015-05-26","N",2015,"EM_PAID",525861.334,4967210.543,"NAD83 11N",2.3,334
"EMPAID_NWM03A_2015","2015-07-13","2015-07-08",6,"success","2015-05-26","F",2015,"EM_PAID",525861.334,4967210.543,"NAD83 11N",2.3,334
"EMPAID_NWM03A_2016","2016-06-21","2016-06-17",1,"failure","2016-06-11","I",2016,"EM_PAID",525759.617,4967389.38,"NAD83 11N",2.4,62
"EMPAID_NWM03A_2016","2016-06-29","2016-06-21",2,"failure","2016-06-11","N",2016,"EM_PAID",525759.617,4967389.38,"NAD83 11N",2.4,62
"EMPAID_NWM03A_2016","2016-07-06","2016-06-29",3,"failure","2016-06-11","N",2016,"EM_PAID",525759.617,4967389.38,"NAD83 11N",2.4,62
"EMPAID_NWM03A_2017","2017-06-19","2017-06-16",1,"success","2017-06-03","N",2017,"EM_PAID",526013.009,4967326.547,"NAD83 11N",10.5,72
"EMPAID_NWM03A_2017","2017-06-27","2017-06-19",2,"success","2017-06-03","N",2017,"EM_PAID",526013.009,4967326.547,"NAD83 11N",10.5,72
"EMPAID_NWM03A_2017","2017-06-30","2017-06-27",3,"success","2017-06-03","N",2017,"EM_PAID",526013.009,4967326.547,"NAD83 11N",10.5,72
"EMPAID_NWM03A_2017","2017-07-06","2017-06-30",4,"success","2017-06-03","N",2017,"EM_PAID",526013.009,4967326.547,"NAD83 11N",10.5,72
"EMPAID_NWM03A_2017","2017-07-10","2017-07-06",5,"success","2017-06-03","N",2017,"EM_PAID",526013.009,4967326.547,"NAD83 11N",10.5,72
"EMPAID_NWM03A_2017","2017-07-13","2017-07-10",6,"success","2017-06-03","N",2017,"EM_PAID",526013.009,4967326.547,"NAD83 11N",10.5,72
"EMPAID_NWM03A_2017","2017-07-18","2017-07-13",7,"success","2017-06-03","F",2017,"EM_PAID",526013.009,4967326.547,"NAD83 11N",10.5,72
"EMPAID_NWM03A_2018","2018-06-18","2018-06-13",1,"success","2018-05-26","N",2018,"EM_PAID",525821.764,4967334.289,"NAD83 11N",3.5,117
"EMPAID_NWM03A_2018","2018-06-26","2018-06-18",2,"success","2018-05-26","N",2018,"EM_PAID",525821.764,4967334.289,"NAD83 11N",3.5,117
"EMPAID_NWM03A_2018","2018-07-03","2018-06-26",3,"success","2018-05-26","N",2018,"EM_PAID",525821.764,4967334.289,"NAD83 11N",3.5,117
"EMPAID_NWM03A_2018","2018-07-05","2018-07-03",4,"success","2018-05-26","N",2018,"EM_PAID",525821.764,4967334.289,"NAD83 11N",3.5,117
"EMPAID_NWM03A_2018","2018-07-09","2018-07-05",5,"success","2018-05-26","F",2018,"EM_PAID",525821.764,4967334.289,"NAD83 11N",3.5,117
"EMPAID_NWM03A_2019","2019-06-25","2019-06-19",1,"success","2019-06-08","N",2019,"EM_PAID",525828.888,4967410.06,"NAD83 11N",2,166
"EMPAID_NWM03A_2019","2019-07-01","2019-06-25",2,"success","2019-06-08","N",2019,"EM_PAID",525828.888,4967410.06,"NAD83 11N",2,166
"EMPAID_NWM03A_2019","2019-07-09","2019-07-01",3,"success","2019-06-08","N",2019,"EM_PAID",525828.888,4967410.06,"NAD83 11N",2,166
"EMPAID_NWM03A_2019","2019-07-15","2019-07-09",4,"success","2019-06-08","N",2019,"EM_PAID",525828.888,4967410.06,"NAD83 11N",2,166
"EMPAID_NWM03A_2019","2019-07-16","2019-07-15",5,"success","2019-06-08","N",2019,"EM_PAID",525828.888,4967410.06,"NAD83 11N",2,166
"EMPAID_NWM03A_2019","2019-07-17","2019-07-16",6,"success","2019-06-08","N",2019,"EM_PAID",525828.888,4967410.06,"NAD83 11N",2,166
"EMPAID_NWM03A_2019","2019-07-18","2019-07-17",7,"success","2019-06-08","F",2019,"EM_PAID",525828.888,4967410.06,"NAD83 11N",2,166
"EMPAID_NWM06A_2015","2015-07-08","2015-07-06",1,"success","2015-06-06","N",2015,"EM_PAID",526272.606,4968415.121,"NAD83 11N",0.8,353
"EMPAID_NWM06A_2015","2015-07-13","2015-07-08",2,"success","2015-06-06","N",2015,"EM_PAID",526272.606,4968415.121,"NAD83 11N",0.8,353
"EMPAID_NWM06A_2015","2015-07-15","2015-07-13",3,"success","2015-06-06","N",2015,"EM_PAID",526272.606,4968415.121,"NAD83 11N",0.8,353
"EMPAID_NWM06A_2015","2015-07-16","2015-07-15",4,"success","2015-06-06","F",2015,"EM_PAID",526272.606,4968415.121,"NAD83 11N",0.8,353
"EMPAID_NWM07A_2012","2012-07-03","2012-06-28",1,"success","2012-05-26","N",2012,"EM_PAID",525786.933,4967395.199,"NAD83 11N",3.3,158
"EMPAID_NWM07A_2012","2012-07-05","2012-07-03",2,"success","2012-05-26","F",2012,"EM_PAID",525786.933,4967395.199,"NAD83 11N",3.3,158
"EMPAID_NWRF-L08A_2015","2015-06-25","2015-06-17",1,"success","2015-05-17","N",2015,"EM_PAID",548317.937,4971638.122,"NAD83 11N",2.5,263
"EMPAID_NWRF-L08A_2015","2015-06-26","2015-06-25",2,"success","2015-05-17","N",2015,"EM_PAID",548317.937,4971638.122,"NAD83 11N",2.5,263
"EMPAID_NWRF-L08A_2015","2015-06-29","2015-06-26",3,"success","2015-05-17","F",2015,"EM_PAID",548317.937,4971638.122,"NAD83 11N",2.5,263
"EMPAID_NWRF-M06A_2013","2013-07-02","2013-06-28",1,"success","2013-06-06","N",2013,"EM_PAID",549879.555528,4971410.2225,"NAD83 11N",7.1,335
"EMPAID_NWRF-M06A_2013","2013-07-08","2013-07-02",2,"success","2013-06-06","N",2013,"EM_PAID",549879.555528,4971410.2225,"NAD83 11N",7.1,335
"EMPAID_NWRF-M06A_2013","2013-07-11","2013-07-08",3,"success","2013-06-06","N",2013,"EM_PAID",549879.555528,4971410.2225,"NAD83 11N",7.1,335
"EMPAID_NWRF-M06A_2013","2013-07-15","2013-07-11",4,"success","2013-06-06","N",2013,"EM_PAID",549879.555528,4971410.2225,"NAD83 11N",7.1,335
"EMPAID_NWRF-M06A_2013","2013-07-18","2013-07-15",5,"success","2013-06-06","F",2013,"EM_PAID",549879.555528,4971410.2225,"NAD83 11N",7.1,335
"EMPAID_NWRF-M06A_2015","2015-06-05","2015-06-02",1,"success","2015-05-28","I",2015,"EM_PAID",550057.014,4971157.211,"NAD83 11N",3,200
"EMPAID_NWRF-M06A_2015","2015-06-09","2015-06-05",2,"success","2015-05-28","I",2015,"EM_PAID",550057.014,4971157.211,"NAD83 11N",3,200
"EMPAID_NWRF-M06A_2015","2015-06-12","2015-06-09",3,"success","2015-05-28","I",2015,"EM_PAID",550057.014,4971157.211,"NAD83 11N",3,200
"EMPAID_NWRF-M06A_2015","2015-06-14","2015-06-12",4,"success","2015-05-28","N",2015,"EM_PAID",550057.014,4971157.211,"NAD83 11N",3,200
"EMPAID_NWRF-M06A_2015","2015-06-25","2015-06-14",5,"success","2015-05-28","N",2015,"EM_PAID",550057.014,4971157.211,"NAD83 11N",3,200
"EMPAID_NWRF-M06A_2015","2015-06-26","2015-06-25",6,"success","2015-05-28","N",2015,"EM_PAID",550057.014,4971157.211,"NAD83 11N",3,200
"EMPAID_NWRF-M06A_2015","2015-07-01","2015-06-26",7,"success","2015-05-28","N",2015,"EM_PAID",550057.014,4971157.211,"NAD83 11N",3,200
"EMPAID_NWRF-M06A_2015","2015-07-06","2015-07-01",8,"success","2015-05-28","N",2015,"EM_PAID",550057.014,4971157.211,"NAD83 11N",3,200
"EMPAID_NWRF-M06A_2015","2015-07-09","2015-07-06",9,"success","2015-05-28","F",2015,"EM_PAID",550057.014,4971157.211,"NAD83 11N",3,200
"EMPAID_NWRF-M06A_2016","2016-06-13","2016-06-03",1,"success","2016-05-28","N",2016,"EM_PAID",550181.435,4971209.707,"NAD83 11N",2.1,270
"EMPAID_NWRF-M06A_2016","2016-06-20","2016-06-13",2,"success","2016-05-28","N",2016,"EM_PAID",550181.435,4971209.707,"NAD83 11N",2.1,270
"EMPAID_NWRF-M06A_2016","2016-06-29","2016-06-20",3,"success","2016-05-28","N",2016,"EM_PAID",550181.435,4971209.707,"NAD83 11N",2.1,270
"EMPAID_NWRF-M06A_2016","2016-07-06","2016-06-29",4,"success","2016-05-28","N",2016,"EM_PAID",550181.435,4971209.707,"NAD83 11N",2.1,270
"EMPAID_NWRF-M06A_2016","2016-07-12","2016-07-06",5,"success","2016-05-28","F",2016,"EM_PAID",550181.435,4971209.707,"NAD83 11N",2.1,270
"EMPAID_NWRF-M08A_2019","2019-07-03","2019-06-26",1,"success","2019-06-05","N",2019,"EM_PAID",550530.356,4970338.646,"NAD83 11N",7.4,15
"EMPAID_NWRF-M08A_2019","2019-07-08","2019-07-03",2,"success","2019-06-05","N",2019,"EM_PAID",550530.356,4970338.646,"NAD83 11N",7.4,15
"EMPAID_NWRF-M08A_2019","2019-07-15","2019-07-08",3,"success","2019-06-05","N",2019,"EM_PAID",550530.356,4970338.646,"NAD83 11N",7.4,15
"EMPAID_NWRF-M08A_2019","2019-07-16","2019-07-15",4,"success","2019-06-05","N",2019,"EM_PAID",550530.356,4970338.646,"NAD83 11N",7.4,15
"EMPAID_NWRF-M08A_2019","2019-07-17","2019-07-16",5,"success","2019-06-05","N",2019,"EM_PAID",550530.356,4970338.646,"NAD83 11N",7.4,15
"EMPAID_NWRF-M08A_2019","2019-07-18","2019-07-17",6,"success","2019-06-05","N",2019,"EM_PAID",550530.356,4970338.646,"NAD83 11N",7.4,15
"EMPAID_NWRF-M08A_2019","2019-07-22","2019-07-18",7,"success","2019-06-05","F",2019,"EM_PAID",550530.356,4970338.646,"NAD83 11N",7.4,15
"EMPAID_NWRF-M09A_2018","2018-06-20","2018-06-13",1,"success","2018-06-10","I",2018,"EM_PAID",550469.074,4970091.851,"NAD83 11N",4.3,50
"EMPAID_NWRF-M09A_2018","2018-06-22","2018-06-20",2,"success","2018-06-10","I",2018,"EM_PAID",550469.074,4970091.851,"NAD83 11N",4.3,50
"EMPAID_NWRF-M09A_2018","2018-06-29","2018-06-22",3,"success","2018-06-10","N",2018,"EM_PAID",550469.074,4970091.851,"NAD83 11N",4.3,50
"EMPAID_NWRF-M09A_2018","2018-07-05","2018-06-29",4,"success","2018-06-10","N",2018,"EM_PAID",550469.074,4970091.851,"NAD83 11N",4.3,50
"EMPAID_NWRF-M09A_2018","2018-07-09","2018-07-05",5,"success","2018-06-10","N",2018,"EM_PAID",550469.074,4970091.851,"NAD83 11N",4.3,50
"EMPAID_NWRF-M09A_2018","2018-07-12","2018-07-09",6,"success","2018-06-10","N",2018,"EM_PAID",550469.074,4970091.851,"NAD83 11N",4.3,50
"EMPAID_NWRF-M09A_2018","2018-07-16","2018-07-12",7,"success","2018-06-10","N",2018,"EM_PAID",550469.074,4970091.851,"NAD83 11N",4.3,50
"EMPAID_NWRF-M09A_2018","2018-07-19","2018-07-16",8,"success","2018-06-10","N",2018,"EM_PAID",550469.074,4970091.851,"NAD83 11N",4.3,50
"EMPAID_NWRF-M09A_2018","2018-07-23","2018-07-19",9,"success","2018-06-10","F",2018,"EM_PAID",550469.074,4970091.851,"NAD83 11N",4.3,50
