"Nest_ID","Fate_cat","Visit_date","Prev_date","interval","Initiation_date","Year_located","Project_ID","Nest_Ht","Orientation","Trees_2550","Trees_50","tmax","ppt"
"EMFWOR_NCAMC1-01A_2015","success","2015-06-22","2015-06-18",1,"2015-06-06",2015,"EM_FWOR",2.3,20,33.3333333333333,17.5,24.7076000213623,0
"EMFWOR_NCAMC1-01A_2015","success","2015-06-23","2015-06-22",2,"2015-06-06",2015,"EM_FWOR",2.3,20,33.3333333333333,17.5,24.3439998626709,0
"EMFWOR_NCAMC1-01A_2015","success","2015-07-01","2015-06-23",3,"2015-06-06",2015,"EM_FWOR",2.3,20,33.3333333333333,17.5,29.9986248016357,0
"EMFWOR_NCAMC1-01A_2015","success","2015-07-13","2015-07-01",4,"2015-06-06",2015,"EM_FWOR",2.3,20,33.3333333333333,17.5,25.380499680837,3.21824995428324
"EMFWOR_NCAMC1-01A_2015","success","2015-07-22","2015-07-13",5,"2015-06-06",2015,"EM_FWOR",2.3,20,33.3333333333333,17.5,24.8373330434163,1.20011107126872
"EMFWOR_NCAMC1-01A_2017","success","2017-06-27","2017-06-24",1,"2017-05-23",2017,"EM_FWOR",4.5,140,50,15,28.7914996147156,0
"EMFWOR_NCAMC1-01A_2017","success","2017-06-29","2017-06-27",2,"2017-05-23",2017,"EM_FWOR",4.5,140,50,15,24.0275001525879,0
"EMFWOR_NCAMC1-01A_2017","success","2017-07-07","2017-06-29",3,"2017-05-23",2017,"EM_FWOR",4.5,140,50,15,27.7896254062653,0
"EMFWOR_NCAMC1-02A_2018","success","2018-07-02","2018-06-28",1,"2018-05-28",2018,"EM_FWOR",5.2,300,191.666666666667,17.5,23.3549999237061,0
"EMFWOR_NCAMC1-02A_2018","success","2018-07-05","2018-07-02",2,"2018-05-28",2018,"EM_FWOR",5.2,300,191.666666666667,17.5,22.9673328399658,0
"EMFWOR_NCAMC1-02A_2018","success","2018-07-09","2018-07-05",3,"2018-05-28",2018,"EM_FWOR",5.2,300,191.666666666667,17.5,25.191499710083,0
"EMFWOR_NCAMC1-02A_2018","success","2018-07-10","2018-07-09",4,"2018-05-28",2018,"EM_FWOR",5.2,300,191.666666666667,17.5,27.2999992370605,0
"EMFWOR_NCAMC1-02A_2018","success","2018-07-11","2018-07-10",5,"2018-05-28",2018,"EM_FWOR",5.2,300,191.666666666667,17.5,25.7849998474121,0
"EMFWOR_NCAMC1-02A_2019","failure","2019-06-17","2019-06-13",1,"2019-06-12",2019,"EM_FWOR",4.6,218,191.666666666667,17.5,25.3274002075195,0
"EMFWOR_NCAMC1-02A_2019","failure","2019-06-20","2019-06-17",2,"2019-06-12",2019,"EM_FWOR",4.6,218,191.666666666667,17.5,24.1863333384196,0
"EMFWOR_NCAMC1-02A_2019","failure","2019-06-24","2019-06-20",3,"2019-06-12",2019,"EM_FWOR",4.6,218,191.666666666667,17.5,17.667249917984,0
"EMFWOR_NCAMC1-02A_2019","failure","2019-06-27","2019-06-24",4,"2019-06-12",2019,"EM_FWOR",4.6,218,191.666666666667,17.5,19.1306667327881,0
"EMFWOR_NCAMC1-02A_2019","failure","2019-07-01","2019-06-27",5,"2019-06-12",2019,"EM_FWOR",4.6,218,191.666666666667,17.5,19.6607501506806,0
"EMFWOR_NCAMC1-09A_2015","success","2015-07-01","2015-06-25",1,"2015-06-06",2015,"EM_FWOR",2.9,108,8.33333333333333,5,31.1077139718192,0
"EMFWOR_NCAMC1-09A_2015","success","2015-07-08","2015-07-01",2,"2015-06-06",2015,"EM_FWOR",2.9,108,8.33333333333333,5,30.1108570098877,2.5374285706452
"EMFWOR_NCAMC1-09A_2015","success","2015-07-09","2015-07-08",3,"2015-06-06",2015,"EM_FWOR",2.9,108,8.33333333333333,5,19.2210006713867,5.89799976348877
"EMFWOR_NCAMC1-09A_2015","success","2015-07-14","2015-07-09",4,"2015-06-06",2015,"EM_FWOR",2.9,108,8.33333333333333,5,21.6573997497559,2.59840002059936
"EMFWOR_NCAMC1-09A_2015","success","2015-07-22","2015-07-14",5,"2015-06-06",2015,"EM_FWOR",2.9,108,8.33333333333333,5,26.0738749504089,1.03937494754791
"EMFWOR_NCAMC1-09A_2018","success","2018-06-07","2018-06-05",1,"2018-05-17",2018,"EM_FWOR",2.5,141,0,0,21.6753330230713,0
"EMFWOR_NCAMC1-09A_2018","success","2018-06-11","2018-06-07",2,"2018-05-17",2018,"EM_FWOR",2.5,141,0,0,16.618499994278,1.65225002169609
"EMFWOR_NCAMC1-09A_2018","success","2018-06-18","2018-06-11",3,"2018-05-17",2018,"EM_FWOR",2.5,141,0,0,19.7265716280256,0.906999979700362
"EMFWOR_NCAMC1-09A_2018","success","2018-06-25","2018-06-18",4,"2018-05-17",2018,"EM_FWOR",2.5,141,0,0,23.0417143957956,0.362714290618897
"EMFWOR_NCAMC1-09A_2018","success","2018-07-02","2018-06-25",5,"2018-05-17",2018,"EM_FWOR",2.5,141,0,0,24.6525715419224,0
"EMFWOR_NCAMC1-10A_2017","success","2017-06-13","2017-06-08",1,"2017-05-14",2017,"EM_FWOR",1.5,109,8.33333333333333,5,13.2893331050873,3.95516657829284
"EMFWOR_NCAMC1-10A_2017","success","2017-06-24","2017-06-13",2,"2017-05-14",2017,"EM_FWOR",1.5,109,8.33333333333333,5,24.3950907967307,0
"EMFWOR_NCAMC1-10A_2017","success","2017-06-27","2017-06-24",3,"2017-05-14",2017,"EM_FWOR",1.5,109,8.33333333333333,5,29.9616661071777,0
"EMFWOR_NCAMC1-10A_2020","success","2020-07-08","2020-07-06",1,"2020-06-23",2020,"EM_FWOR",3.6,39,41.6666666666667,10,24.5799999237061,0
"EMFWOR_NCAMC1-10A_2020","success","2020-07-13","2020-07-08",2,"2020-06-23",2020,"EM_FWOR",3.6,39,41.6666666666667,10,27.093399810791,0
"EMFWOR_NCAMC1-10A_2020","success","2020-07-15","2020-07-13",3,"2020-06-23",2020,"EM_FWOR",3.6,39,41.6666666666667,10,26.7969999313354,0
"EMFWOR_NCAMC1-10A_2020","success","2020-07-21","2020-07-15",4,"2020-06-23",2020,"EM_FWOR",3.6,39,41.6666666666667,10,30.570333480835,0
"EMFWOR_NCAMC1-10A_2020","success","2020-07-24","2020-07-21",5,"2020-06-23",2020,"EM_FWOR",3.6,39,41.6666666666667,10,28.9999993642171,0
"EMFWOR_NCAMC1-10A_2020","success","2020-07-28","2020-07-24",6,"2020-06-23",2020,"EM_FWOR",3.6,39,41.6666666666667,10,29.6992497444153,0
"EMFWOR_NCAMC1-10A_2020","success","2020-07-30","2020-07-28",7,"2020-06-23",2020,"EM_FWOR",3.6,39,41.6666666666667,10,30.293999671936,0
"EMFWOR_NCAMC1-10A_2020","success","2020-08-03","2020-07-30",8,"2020-06-23",2020,"EM_FWOR",3.6,39,41.6666666666667,10,30.397500038147,0
"EMFWOR_NCAMC1-10A_2020","success","2020-08-06","2020-08-03",9,"2020-06-23",2020,"EM_FWOR",3.6,39,41.6666666666667,10,28.4406661987305,0.270333329836528
"EMFWOR_NCAMC2-10A_2018","success","2018-06-07","2018-06-05",1,"2018-05-23",2018,"EM_FWOR",3.9,82,91.6666666666667,7.5,20.3716672261556,0
"EMFWOR_NCAMC2-10A_2018","success","2018-06-11","2018-06-07",2,"2018-05-23",2018,"EM_FWOR",3.9,82,91.6666666666667,7.5,15.3942501544952,1.72674995660782
"EMFWOR_NCAMC2-10A_2018","success","2018-06-18","2018-06-11",3,"2018-05-23",2018,"EM_FWOR",3.9,82,91.6666666666667,7.5,18.3144286019461,0.95828572341374
"EMFWOR_NCAMC2-10A_2018","success","2018-06-25","2018-06-18",4,"2018-05-23",2018,"EM_FWOR",3.9,82,91.6666666666667,7.5,21.6475711550031,0.393857138497489
"EMFWOR_NCAMC2-10A_2018","success","2018-07-02","2018-06-25",5,"2018-05-23",2018,"EM_FWOR",3.9,82,91.6666666666667,7.5,23.2000002179827,0
"EMFWOR_NCAMC2-10A_2018","success","2018-07-05","2018-07-02",6,"2018-05-23",2018,"EM_FWOR",3.9,82,91.6666666666667,7.5,22.2993329366048,0
"EMFWOR_NCAMC2-10A_2019","failure","2019-06-13","2019-06-10",1,"2019-06-03",2019,"EM_FWOR",3.9,82,91.6666666666667,7.5,24.4349999427796,0
"EMFWOR_NCAMC2-10A_2019","failure","2019-06-17","2019-06-13",2,"2019-06-03",2019,"EM_FWOR",3.9,82,91.6666666666667,7.5,23.7674999237061,0
"EMFWOR_NCAMC2-10A_2019","failure","2019-06-20","2019-06-17",3,"2019-06-03",2019,"EM_FWOR",3.9,82,91.6666666666667,7.5,23.3079999287923,0
"EMFWOR_NCAMC2-10A_2019","failure","2019-06-24","2019-06-20",4,"2019-06-03",2019,"EM_FWOR",3.9,82,91.6666666666667,7.5,16.868250131607,0
"EMFWOR_NCAMC2-10A_2019","failure","2019-06-27","2019-06-24",5,"2019-06-03",2019,"EM_FWOR",3.9,82,91.6666666666667,7.5,18.1606667836507,0
"EMFWOR_NCAMC2-10A_2019","failure","2019-07-01","2019-06-27",6,"2019-06-03",2019,"EM_FWOR",3.9,82,91.6666666666667,7.5,18.8227498531342,0
"EMFWOR_NCAMC2-10A_2019","failure","2019-07-05","2019-07-01",7,"2019-06-03",2019,"EM_FWOR",3.9,82,91.6666666666667,7.5,19.8870000839234,0
"EMFWOR_NCAMC3-08A_2018","success","2018-06-04","2018-05-31",1,"2018-05-20",2018,"EM_FWOR",3.1,51,75,0,19.0784000396729,0.114400005340576
"EMFWOR_NCAMC3-08A_2018","success","2018-06-07","2018-06-04",2,"2018-05-20",2018,"EM_FWOR",3.1,51,75,0,21.2173334757487,0
"EMFWOR_NCAMC3-08A_2018","success","2018-06-11","2018-06-07",3,"2018-05-20",2018,"EM_FWOR",3.1,51,75,0,16.1977503299713,1.64524994790554
"EMFWOR_NCAMC3-08A_2018","success","2018-06-18","2018-06-11",4,"2018-05-20",2018,"EM_FWOR",3.1,51,75,0,19.1468572616577,0.888571424143654
"EMFWOR_NCAMC3-08A_2018","success","2018-06-25","2018-06-18",5,"2018-05-20",2018,"EM_FWOR",3.1,51,75,0,22.4520000730242,0.333714280809674
"EMFWOR_NCAMC3-08A_2018","success","2018-07-02","2018-06-25",6,"2018-05-20",2018,"EM_FWOR",3.1,51,75,0,23.9924286433629,0
"EMFWOR_NCAMC3-08A_2018","success","2018-07-05","2018-07-02",7,"2018-05-20",2018,"EM_FWOR",3.1,51,75,0,22.9673328399658,0
"EMFWOR_NCAMC3-08A_2020","success","2020-06-05","2020-06-01",1,"2020-05-25",2020,"EM_FWOR",4.8,102,33.3333333333333,5,21.243200302124,0.151400005817413
"EMFWOR_NCAMC3-08A_2020","success","2020-06-10","2020-06-05",2,"2020-05-25",2020,"EM_FWOR",4.8,102,33.3333333333333,5,14.7996000289917,1.1845999956131
"EMFWOR_NCAMC3-08A_2020","success","2020-06-18","2020-06-10",3,"2020-05-25",2020,"EM_FWOR",4.8,102,33.3333333333333,5,16.1772499084473,1.80475004017353
"EMFWOR_NCAMC3-08A_2020","success","2020-06-23","2020-06-18",4,"2020-05-25",2020,"EM_FWOR",4.8,102,33.3333333333333,5,24.3920001983643,0
"EMFWOR_NCAMC3-08A_2020","success","2020-06-29","2020-06-23",5,"2020-05-25",2020,"EM_FWOR",4.8,102,33.3333333333333,5,25.6846664746603,0.0701666673024495
"EMFWOR_NCAMC3-08A_2020","success","2020-07-01","2020-06-29",6,"2020-05-25",2020,"EM_FWOR",4.8,102,33.3333333333333,5,18.797999382019,0
"EMFWOR_NCAMC3-08A_2020","success","2020-07-07","2020-07-01",7,"2020-05-25",2020,"EM_FWOR",4.8,102,33.3333333333333,5,23.1666663487752,0
"EMFWOR_NCAMC3-08A_2020","success","2020-07-09","2020-07-07",8,"2020-05-25",2020,"EM_FWOR",4.8,102,33.3333333333333,5,22.7130002975464,0
"EMFWOR_NCAMC3-08A_2020","success","2020-07-13","2020-07-09",9,"2020-05-25",2020,"EM_FWOR",4.8,102,33.3333333333333,5,26.6777496337891,0
"EMFWOR_NCAMC4-01A_2018","success","2018-07-02","2018-06-28",1,"2018-06-03",2018,"EM_FWOR",3.1,2,75,20,21.8554000854492,0
"EMFWOR_NCAMC4-01A_2018","success","2018-07-05","2018-07-02",2,"2018-06-03",2018,"EM_FWOR",3.1,2,75,20,21.6416664123535,0
"EMFWOR_NCAMC4-01A_2018","success","2018-07-09","2018-07-05",3,"2018-06-03",2018,"EM_FWOR",3.1,2,75,20,23.8829998970032,0
"EMFWOR_NCAMC4-01A_2018","success","2018-07-12","2018-07-09",4,"2018-06-03",2018,"EM_FWOR",3.1,2,75,20,26.0080000559489,0
"EMFWOR_NCAMC4-01A_2018","success","2018-07-16","2018-07-12",5,"2018-06-03",2018,"EM_FWOR",3.1,2,75,20,28.1564993858338,1.5422500371933
"EMFWOR_NCAMC4-01A_2020","failure","2020-06-16","2020-06-10",1,"2020-99-99",2020,"EM_FWOR",1.7,90,50,15,15.9911428860256,4.13128566741944
"EMFWOR_NCAMC4-01A_2020","failure","2020-06-22","2020-06-16",2,"2020-99-99",2020,"EM_FWOR",1.7,90,50,15,18.5608336130778,0.447666684786478
"EMFWOR_NCAMC4-07A_2016","success","2016-07-07","2016-07-05",1,"2016-05-29",2016,"EM_FWOR",1.7,322,66.6666666666667,0,21.8659998575847,0
"EMFWOR_NCAMC4-07A_2016","success","2016-07-08","2016-07-07",2,"2016-05-29",2016,"EM_FWOR",1.7,322,66.6666666666667,0,23.4599990844727,0
"EMFWOR_NCAMC4-07A_2016","success","2016-07-11","2016-07-08",3,"2016-05-29",2016,"EM_FWOR",1.7,322,66.6666666666667,0,15.5186665852865,2.40533328056335
"EMFWOR_NCAMC4-07A_2018","success","2018-06-26","2018-06-20",1,"2018-05-23",2018,"EM_FWOR",1.7,156,83.3333333333333,2.5,22.7387142181396,0
"EMFWOR_NCAMC4-07A_2018","success","2018-07-02","2018-06-26",2,"2018-05-23",2018,"EM_FWOR",1.7,156,83.3333333333333,2.5,22.2210000356038,0
"EMFWOR_NCAMC4-07A_2018","success","2018-07-05","2018-07-02",3,"2018-05-23",2018,"EM_FWOR",1.7,156,83.3333333333333,2.5,21.6416664123535,0
"EMFWOR_NCAMC4-07A_2019","success","2019-06-10","2019-06-06",1,"2019-05-26",2019,"EM_FWOR",3.9,194,66.6666666666667,20,15.0152000427246,0.154799997806549
"EMFWOR_NCAMC4-07A_2019","success","2019-06-13","2019-06-10",2,"2019-05-26",2019,"EM_FWOR",3.9,194,66.6666666666667,20,25.3679993947347,0
"EMFWOR_NCAMC4-07A_2019","success","2019-06-17","2019-06-13",3,"2019-05-26",2019,"EM_FWOR",3.9,194,66.6666666666667,20,23.0300002098083,0
"EMFWOR_NCAMC4-07A_2019","success","2019-06-20","2019-06-17",4,"2019-05-26",2019,"EM_FWOR",3.9,194,66.6666666666667,20,22.5006663004557,0
"EMFWOR_NCAMC4-07A_2019","success","2019-06-24","2019-06-20",5,"2019-05-26",2019,"EM_FWOR",3.9,194,66.6666666666667,20,16.178750038147,0
"EMFWOR_NCAMC4-07A_2019","success","2019-06-27","2019-06-24",6,"2019-05-26",2019,"EM_FWOR",3.9,194,66.6666666666667,20,17.4163335164388,0
"EMFWOR_NCAMC4-07A_2019","success","2019-07-01","2019-06-27",7,"2019-05-26",2019,"EM_FWOR",3.9,194,66.6666666666667,20,18.1625003814697,0
"EMFWOR_NCAMC4-07A_2019","success","2019-07-05","2019-07-01",8,"2019-05-26",2019,"EM_FWOR",3.9,194,66.6666666666667,20,19.268500328064,0
"EMFWOR_NCAMC4-07A_2019","success","2019-07-08","2019-07-05",9,"2019-05-26",2019,"EM_FWOR",3.9,194,66.6666666666667,20,22.6236667633057,0
"EMFWOR_NCAMC4-07A_2019","success","2019-07-11","2019-07-08",10,"2019-05-26",2019,"EM_FWOR",3.9,194,66.6666666666667,20,22.3939997355143,0
"EMFWOR_NCAMC4-09A_2020","failure","2020-06-10","2020-06-05",1,"2020-05-31",2020,"EM_FWOR",2.1,220,116.666666666667,7.5,14.8190000851949,1.33483332395554
"EMFWOR_NCAMC4-09A_2020","failure","2020-06-16","2020-06-10",2,"2020-05-31",2020,"EM_FWOR",2.1,220,116.666666666667,7.5,15.631666580836,4.81983327865601
"EMFWOR_NCAMC4-10A_2016","success","2016-07-07","2016-07-05",1,"2016-06-01",2016,"EM_FWOR",4.6,359,8.33333333333333,15,21.8659998575847,0
"EMFWOR_NCAMC4-10A_2016","success","2016-07-08","2016-07-07",2,"2016-06-01",2016,"EM_FWOR",4.6,359,8.33333333333333,15,23.4599990844727,0
"EMFWOR_NCAMC4-10A_2016","success","2016-07-11","2016-07-08",3,"2016-06-01",2016,"EM_FWOR",4.6,359,8.33333333333333,15,15.5186665852865,2.40533328056335
"EMFWOR_NCAMC4-10A_2016","success","2016-07-13","2016-07-11",4,"2016-06-01",2016,"EM_FWOR",4.6,359,8.33333333333333,15,19.4354991912842,0
"EMFWOR_NCAMC4-10A_2018","success","2018-07-02","2018-06-28",1,"2018-05-22",2018,"EM_FWOR",1.7,32,91.6666666666667,2.5,21.8554000854492,0
"EMFWOR_NCAMC4-10A_2018","success","2018-07-03","2018-07-02",2,"2018-05-22",2018,"EM_FWOR",1.7,32,91.6666666666667,2.5,21.8640003204346,0
"EMFWOR_NCAMC4-10B_2018","success","2018-05-29","2018-05-24",1,"2018-05-22",2018,"EM_FWOR",2.5,80,8.33333333333333,0,16.0650002161662,5.1966667175293
"EMFWOR_NCAMC4-10B_2018","success","2018-06-01","2018-05-29",2,"2018-05-22",2018,"EM_FWOR",2.5,80,8.33333333333333,0,16.5113331476847,0.200000007947286
"EMFWOR_NCAMC4-10B_2018","success","2018-06-04","2018-06-01",3,"2018-05-22",2018,"EM_FWOR",2.5,80,8.33333333333333,0,21.2986666361491,0
"EMFWOR_NCAMC4-10B_2018","success","2018-06-07","2018-06-04",4,"2018-05-22",2018,"EM_FWOR",2.5,80,8.33333333333333,0,20.3716672261556,0
"EMFWOR_NCAMC4-10B_2018","success","2018-06-11","2018-06-07",5,"2018-05-22",2018,"EM_FWOR",2.5,80,8.33333333333333,0,15.3942501544952,1.72674995660782
"EMFWOR_NCAMC4-10B_2018","success","2018-06-20","2018-06-11",6,"2018-05-22",2018,"EM_FWOR",2.5,80,8.33333333333333,0,17.877222167121,1.0516666703754
"EMFWOR_NCAMC4-10B_2018","success","2018-06-25","2018-06-20",7,"2018-05-22",2018,"EM_FWOR",2.5,80,8.33333333333333,0,23.7677997589111,0
"EMFWOR_NCAMC4-10B_2018","success","2018-07-02","2018-06-25",8,"2018-05-22",2018,"EM_FWOR",2.5,80,8.33333333333333,0,23.2000002179827,0
"EMFWOR_NCAMC4-10B_2018","success","2018-07-05","2018-07-02",9,"2018-05-22",2018,"EM_FWOR",2.5,80,8.33333333333333,0,22.2993329366048,0
"EMFWOR_NCAMC5-01A_2015","success","2015-06-23","2015-06-18",1,"2015-05-30",2015,"EM_FWOR",2.4,136,16.6666666666667,2.5,23.1095002492269,0
"EMFWOR_NCAMC5-01A_2015","success","2015-07-01","2015-06-23",2,"2015-05-30",2015,"EM_FWOR",2.4,136,16.6666666666667,2.5,28.4093749523163,0
"EMFWOR_NCAMC5-01A_2015","success","2015-07-08","2015-07-01",3,"2015-05-30",2015,"EM_FWOR",2.4,136,16.6666666666667,2.5,27.9112851279122,2.76571433884756
"EMFWOR_NCAMC5-01A_2015","success","2015-07-09","2015-07-08",4,"2015-05-30",2015,"EM_FWOR",2.4,136,16.6666666666667,2.5,17.6110000610352,7.83500003814697
"EMFWOR_NCAMC5-01A_2015","success","2015-07-14","2015-07-09",5,"2015-05-30",2015,"EM_FWOR",2.4,136,16.6666666666667,2.5,19.6842002868653,2.44779996871948
"EMFWOR_NCAMC5-01A_2017","failure","2017-06-03","2017-05-31",1,"2017-05-12",2017,"EM_FWOR",2.4,198,33.3333333333333,12.5,18.739000082016,1.60325002670288
"EMFWOR_NCAMC5-01A_2017","failure","2017-06-08","2017-06-03",2,"2017-05-12",2017,"EM_FWOR",2.4,198,33.3333333333333,12.5,21.0363998413086,0
"EMFWOR_NCAMC5-01A_2017","failure","2017-06-13","2017-06-08",3,"2017-05-12",2017,"EM_FWOR",2.4,198,33.3333333333333,12.5,9.18239994049073,5.36360003948212
"EMFWOR_NCAMC5-01A_2017","failure","2017-06-21","2017-06-13",4,"2017-05-12",2017,"EM_FWOR",2.4,198,33.3333333333333,12.5,21.6937500238419,0
"EMFWOR_NCAMC5-01A_2017","failure","2017-06-24","2017-06-21",5,"2017-05-12",2017,"EM_FWOR",2.4,198,33.3333333333333,12.5,23.5746663411459,0
"EMFWOR_NCAMC5-01A_2018","success","2018-06-01","2018-05-29",1,"2018-05-20",2018,"EM_FWOR",7.3,243,25,2.5,16.6089997291565,0.15174999833107
"EMFWOR_NCAMC5-01A_2018","success","2018-06-04","2018-06-01",2,"2018-05-20",2018,"EM_FWOR",7.3,243,25,2.5,20.7193336486817,0
"EMFWOR_NCAMC5-01A_2018","success","2018-06-07","2018-06-04",3,"2018-05-20",2018,"EM_FWOR",7.3,243,25,2.5,19.7183335622152,0
"EMFWOR_NCAMC5-01A_2018","success","2018-06-11","2018-06-07",4,"2018-05-20",2018,"EM_FWOR",7.3,243,25,2.5,14.8564999103546,1.93274998664856
"EMFWOR_NCAMC5-01A_2018","success","2018-06-18","2018-06-11",5,"2018-05-20",2018,"EM_FWOR",7.3,243,25,2.5,17.6717141015189,1.19128574484161
"EMFWOR_NCAMC5-01A_2018","success","2018-06-25","2018-06-18",6,"2018-05-20",2018,"EM_FWOR",7.3,243,25,2.5,21.0518571308681,0.53828569820949
"EMFWOR_NCAMC5-01A_2018","success","2018-07-02","2018-06-25",7,"2018-05-20",2018,"EM_FWOR",7.3,243,25,2.5,22.4845714569092,0
"EMFWOR_NCAMC5-01A_2018","success","2018-07-05","2018-07-02",8,"2018-05-20",2018,"EM_FWOR",7.3,243,25,2.5,21.6416664123535,0
"EMFWOR_NCAMC5-01A_2020","failure","2020-06-10","2020-06-09",1,"2020-06-09",2020,"EM_FWOR",1.5,175,66.6666666666667,22.5,14.8870005607605,0.854499995708465
"EMFWOR_NCAMC5-01A_2020","failure","2020-06-19","2020-06-10",2,"2020-06-09",2020,"EM_FWOR",1.5,175,66.6666666666667,22.5,15.0234445465936,3.51166664229499
"EMFWOR_NCAMC5-01A_2020","failure","2020-06-23","2020-06-19",3,"2020-06-09",2020,"EM_FWOR",1.5,175,66.6666666666667,22.5,23.9547500610351,0
"EMFWOR_NCAMC5-01A_2020","failure","2020-06-29","2020-06-23",4,"2020-06-09",2020,"EM_FWOR",1.5,175,66.6666666666667,22.5,24.0070001284281,0.0540000001589457
"EMFWOR_NCAMC5-01A_2020","failure","2020-07-01","2020-06-29",5,"2020-06-09",2020,"EM_FWOR",1.5,175,66.6666666666667,22.5,17.5369997024536,0
"EMFWOR_NCAMC5-01A_2020","failure","2020-07-02","2020-07-01",6,"2020-06-09",2020,"EM_FWOR",1.5,175,66.6666666666667,22.5,19.0900001525879,0
"EMFWOR_NCAMC7-06A_2015","success","2015-06-19","2015-06-16",1,"2015-06-01",2015,"EM_FWOR",1.7,191,91.6666666666667,5,26.0332503318786,0
"EMFWOR_NCAMC7-06A_2015","success","2015-06-23","2015-06-19",2,"2015-06-01",2015,"EM_FWOR",1.7,191,91.6666666666667,5,23.7590003013611,0
"EMFWOR_NCAMC7-06A_2015","success","2015-07-01","2015-06-23",3,"2015-06-01",2015,"EM_FWOR",1.7,191,91.6666666666667,5,29.9594993591309,0
"EMFWOR_NCAMC7-06A_2015","success","2015-07-08","2015-07-01",4,"2015-06-01",2015,"EM_FWOR",1.7,191,91.6666666666667,5,29.6354282924107,2.62671426364354
"EMFWOR_NCAMC7-06A_2015","success","2015-07-09","2015-07-08",5,"2015-06-01",2015,"EM_FWOR",1.7,191,91.6666666666667,5,18.6669998168945,7.18400001525879
"EMFWOR_NCAMC7-06A_2015","success","2015-07-14","2015-07-09",6,"2015-06-01",2015,"EM_FWOR",1.7,191,91.6666666666667,5,21.139400100708,2.41319997310638
"EMFWOR_NCAMC7-06A_2015","success","2015-07-22","2015-07-14",7,"2015-06-01",2015,"EM_FWOR",1.7,191,91.6666666666667,5,25.5424997806549,0.75237500667572
"EMFWOR_NCAMC7-06A_2018","success","2018-06-26","2018-06-18",1,"2018-05-28",2018,"EM_FWOR",7.5,272,100,7.5,21.4237777921889,1.12711111704509
"EMFWOR_NCAMC7-06A_2018","success","2018-07-02","2018-06-26",2,"2018-05-28",2018,"EM_FWOR",7.5,272,100,7.5,23.8831666310628,0
"EMFWOR_NCAMC7-06A_2018","success","2018-07-09","2018-07-02",3,"2018-05-28",2018,"EM_FWOR",7.5,272,100,7.5,24.5167140960693,0
"EMFWOR_NCAMC7-06A_2018","success","2018-07-10","2018-07-09",4,"2018-05-28",2018,"EM_FWOR",7.5,272,100,7.5,27.5009994506836,0
"EMFWOR_NCAMC7-06A_2020","success","2020-06-30","2020-06-25",1,"2020-05-24",2020,"EM_FWOR",4,330,16.6666666666667,5,23.6853334108988,0.0520000010728837
"EMFWOR_NCAMC7-06A_2020","success","2020-07-02","2020-06-30",2,"2020-05-24",2020,"EM_FWOR",4,330,16.6666666666667,5,20.47350025177,0
"EMFWOR_NCAMC7-06A_2020","success","2020-07-06","2020-07-02",3,"2020-05-24",2020,"EM_FWOR",4,330,16.6666666666667,5,23.6124997138977,0
"EMFWOR_NCAMC8-06A_2016","success","2016-07-05","2016-07-01",1,"2016-06-05",2016,"EM_FWOR",3.8,255,66.6666666666667,2.5,25.609599685669,0
"EMFWOR_NCAMC8-06A_2016","success","2016-07-08","2016-07-05",2,"2016-06-05",2016,"EM_FWOR",3.8,255,66.6666666666667,2.5,21.9606660207113,0
"EMFWOR_NCAMC8-06A_2016","success","2016-07-11","2016-07-08",3,"2016-06-05",2016,"EM_FWOR",3.8,255,66.6666666666667,2.5,15.5186665852865,2.40533328056335
"EMFWOR_NCAMC8-06A_2016","success","2016-07-13","2016-07-11",4,"2016-06-05",2016,"EM_FWOR",3.8,255,66.6666666666667,2.5,19.4354991912842,0
"EMFWOR_NCAMC8-06A_2016","success","2016-07-15","2016-07-13",5,"2016-06-05",2016,"EM_FWOR",3.8,255,66.6666666666667,2.5,25.7379999160767,0
"EMFWOR_NCAMC8-06A_2016","success","2016-07-18","2016-07-15",6,"2016-06-05",2016,"EM_FWOR",3.8,255,66.6666666666667,2.5,23.4976666768392,0
"EMFWOR_NCAMC8-07A_2017","success","2017-06-03","2017-05-31",1,"2017-05-22",2017,"EM_FWOR",1.8,322,25,2.5,18.739000082016,1.60325002670288
"EMFWOR_NCAMC8-07A_2017","success","2017-06-06","2017-06-03",2,"2017-05-22",2017,"EM_FWOR",1.8,322,25,2.5,20.0699996948242,0
"EMFWOR_NCAMC8-07A_2017","success","2017-06-08","2017-06-06",3,"2017-05-22",2017,"EM_FWOR",1.8,322,25,2.5,22.4860000610351,0
"EMFWOR_NCAMC8-07A_2017","success","2017-06-13","2017-06-08",4,"2017-05-22",2017,"EM_FWOR",1.8,322,25,2.5,9.18239994049073,5.36360003948212
"EMFWOR_NCAMC8-07A_2017","success","2017-06-20","2017-06-13",5,"2017-05-22",2017,"EM_FWOR",1.8,322,25,2.5,20.8214287076678,0
"EMFWOR_NCAMC8-07A_2017","success","2017-06-27","2017-06-20",6,"2017-05-22",2017,"EM_FWOR",1.8,322,25,2.5,25.9074284689767,0
"EMFWOR_NCAMC8-07A_2017","success","2017-06-30","2017-06-27",7,"2017-05-22",2017,"EM_FWOR",1.8,322,25,2.5,22.5773328145345,0
"EMFWOR_NCAMC8-07A_2017","success","2017-07-07","2017-06-30",8,"2017-05-22",2017,"EM_FWOR",1.8,322,25,2.5,26.9691429138184,0
"EMFWOR_NCAMC8-07A_2018","success","2018-06-01","2018-05-29",1,"2018-05-23",2018,"EM_FWOR",1.8,322,25,2.5,16.6089997291565,0.15174999833107
"EMFWOR_NCAMC8-07A_2018","success","2018-06-04","2018-06-01",2,"2018-05-23",2018,"EM_FWOR",1.8,322,25,2.5,20.7193336486817,0
"EMFWOR_NCAMC8-07A_2018","success","2018-06-07","2018-06-04",3,"2018-05-23",2018,"EM_FWOR",1.8,322,25,2.5,19.7183335622152,0
"EMFWOR_NCAMC8-07A_2018","success","2018-06-11","2018-06-07",4,"2018-05-23",2018,"EM_FWOR",1.8,322,25,2.5,14.8564999103546,1.93274998664856
"EMFWOR_NCAMC8-07A_2018","success","2018-06-20","2018-06-11",5,"2018-05-23",2018,"EM_FWOR",1.8,322,25,2.5,17.2754442426893,1.34522223348419
"EMFWOR_NCAMC8-07A_2018","success","2018-06-26","2018-06-20",6,"2018-05-23",2018,"EM_FWOR",1.8,322,25,2.5,23.275333404541,0
"EMFWOR_NCAMC8-07A_2018","success","2018-07-02","2018-06-26",7,"2018-05-23",2018,"EM_FWOR",1.8,322,25,2.5,22.2210000356038,0
"EMFWOR_NCAMC8-07A_2018","success","2018-07-06","2018-07-02",8,"2018-05-23",2018,"EM_FWOR",1.8,322,25,2.5,22.200249671936,0
"EMFWOR_NCAMC8-07A_2019","failure","2019-06-10","2019-06-06",1,"2019-99-99",2019,"EM_FWOR",1.8,322,25,2.5,15.0152000427246,0.154799997806549
"EMFWOR_NCAMC8-09A_2019","success","2019-07-18","2019-07-15",1,"2019-06-23",2019,"EM_FWOR",4,322,25,0,24.8477501869202,0
"EMFWOR_NCAMC8-09A_2019","success","2019-07-22","2019-07-18",2,"2019-06-23",2019,"EM_FWOR",4,322,25,0,26.509250164032,0
"EMFWOR_NCAMC8-09A_2019","success","2019-07-25","2019-07-22",3,"2019-06-23",2019,"EM_FWOR",4,322,25,0,27.8546663920085,0
"EMFWOR_NCAMC8-09A_2019","success","2019-07-29","2019-07-25",4,"2019-06-23",2019,"EM_FWOR",4,322,25,0,28.906500339508,0
"EMFWOR_NCAMC8-09A_2019","success","2019-08-01","2019-07-29",5,"2019-06-23",2019,"EM_FWOR",4,322,25,0,27.5603326161702,0
"EMFWOR_NCAMC8-09A_2019","success","2019-08-05","2019-08-01",6,"2019-06-23",2019,"EM_FWOR",4,322,25,0,28.2244997024536,0
"EMFWOR_NCAMC8-09A_2020","success","2020-06-11","2020-06-08",1,"2020-06-01",2020,"EM_FWOR",2.4,333,66.6666666666667,7.5,15.0394996404648,0.886250019073485
"EMFWOR_NCAMC8-09A_2020","success","2020-06-16","2020-06-11",2,"2020-06-01",2020,"EM_FWOR",2.4,333,66.6666666666667,7.5,16.1463998794556,4.26060009002685
"EMFWOR_NCAMC8-09A_2020","success","2020-06-23","2020-06-16",3,"2020-06-01",2020,"EM_FWOR",2.4,333,66.6666666666667,7.5,21.1931430271693,0.317714282444546
"EMFWOR_NCAMC8-09A_2020","success","2020-06-29","2020-06-23",4,"2020-06-01",2020,"EM_FWOR",2.4,333,66.6666666666667,7.5,25.7526666323344,0.0520000010728837
"EMFWOR_NCAMC8-09A_2020","success","2020-07-01","2020-06-29",5,"2020-06-01",2020,"EM_FWOR",2.4,333,66.6666666666667,7.5,19.22350025177,0
"EMFWOR_NCAMC8-09A_2020","success","2020-07-06","2020-07-01",6,"2020-06-01",2020,"EM_FWOR",2.4,333,66.6666666666667,7.5,23.0281997680664,0
"EMFWOR_NCAMC8-09A_2020","success","2020-07-08","2020-07-06",7,"2020-06-01",2020,"EM_FWOR",2.4,333,66.6666666666667,7.5,23.7454996109009,0
"EMFWOR_NCAMC8-09A_2020","success","2020-07-10","2020-07-08",8,"2020-06-01",2020,"EM_FWOR",2.4,333,66.6666666666667,7.5,24.7679996490479,0
"EMFWOR_NCAMC8-09A_2020","success","2020-07-13","2020-07-10",9,"2020-06-01",2020,"EM_FWOR",2.4,333,66.6666666666667,7.5,27.6083329518636,0
"EMFWOR_NCAMC8-09A_2020","success","2020-07-15","2020-07-13",10,"2020-06-01",2020,"EM_FWOR",2.4,333,66.6666666666667,7.5,26.191499710083,0
"EMFWOR_NLFTT2-01A_2017","success","2017-07-11","2017-06-29",1,"2017-06-05",2017,"EM_FWOR",5.6,310,58.3333333333333,0,25.7788463005653,0
"EMFWOR_NLFTT2-01A_2017","success","2017-07-17","2017-07-11",2,"2017-06-05",2017,"EM_FWOR",5.6,310,58.3333333333333,0,25.7915000915527,0
"EMFWOR_NLFTT2-01A_2017","success","2017-07-20","2017-07-17",3,"2017-06-05",2017,"EM_FWOR",5.6,310,58.3333333333333,0,24.0006669362386,0
"EMFWOR_NLFTT2-01A_2018","success","2018-06-15","2018-06-07",1,"2018-05-30",2018,"EM_FWOR",4.2,330,16.6666666666667,17.5,18.1101110246446,0.88299998972151
"EMFWOR_NLFTT2-01A_2018","success","2018-06-19","2018-06-15",2,"2018-05-30",2018,"EM_FWOR",4.2,330,16.6666666666667,17.5,13.9765000343323,2.76974999904632
"EMFWOR_NLFTT2-01A_2018","success","2018-06-27","2018-06-19",3,"2018-05-30",2018,"EM_FWOR",4.2,330,16.6666666666667,17.5,23.0677497386932,0
"EMFWOR_NLFTT2-01A_2018","success","2018-07-06","2018-06-27",4,"2018-05-30",2018,"EM_FWOR",4.2,330,16.6666666666667,17.5,22.267110824585,0
"EMFWOR_NLFTT2-01A_2018","success","2018-07-10","2018-07-06",5,"2018-05-30",2018,"EM_FWOR",4.2,330,16.6666666666667,17.5,24.5062499046326,0
"EMFWOR_NLFTT2-01A_2018","success","2018-07-12","2018-07-10",6,"2018-05-30",2018,"EM_FWOR",4.2,330,16.6666666666667,17.5,26.228500366211,0
"EMFWOR_NLFTT2-01A_2018","success","2018-07-16","2018-07-12",7,"2018-05-30",2018,"EM_FWOR",4.2,330,16.6666666666667,17.5,28.331000328064,1.07949995994568
"EMFWOR_NLFTT2-01B_2018","success","2018-06-19","2018-06-15",1,"2018-06-06",2018,"EM_FWOR",7.4,312,41.6666666666667,5,14.8330001831054,2.58059994578362
"EMFWOR_NLFTT2-01B_2018","success","2018-06-27","2018-06-19",2,"2018-06-06",2018,"EM_FWOR",7.4,312,41.6666666666667,5,22.3038747310638,0
"EMFWOR_NLFTT2-01B_2018","success","2018-07-06","2018-06-27",3,"2018-06-06",2018,"EM_FWOR",7.4,312,41.6666666666667,5,21.5316666497125,0
"EMFWOR_NLFTT2-01B_2018","success","2018-07-10","2018-07-06",4,"2018-06-06",2018,"EM_FWOR",7.4,312,41.6666666666667,5,23.5757503509521,0
"EMFWOR_NLFTT2-01B_2018","success","2018-07-12","2018-07-10",5,"2018-06-06",2018,"EM_FWOR",7.4,312,41.6666666666667,5,25.5909996032715,0
"EMFWOR_NLFTT2-01B_2018","success","2018-07-16","2018-07-12",6,"2018-06-06",2018,"EM_FWOR",7.4,312,41.6666666666667,5,27.5329999923706,1.07424998283386
"EMFWOR_NLFTT2-01B_2018","success","2018-07-18","2018-07-16",7,"2018-06-06",2018,"EM_FWOR",7.4,312,41.6666666666667,5,27.3719997406006,0
"EMFWOR_NLFTT2-01B_2018","success","2018-07-19","2018-07-18",8,"2018-06-06",2018,"EM_FWOR",7.4,312,41.6666666666667,5,28.1459999084473,0
"EMFWOR_NLFTT2-01B_2018","success","2018-07-23","2018-07-19",9,"2018-06-06",2018,"EM_FWOR",7.4,312,41.6666666666667,5,27.2097506523133,0
"EMFWOR_NLILT1-07A_2019","success","2019-07-08","2019-07-05",1,"2019-06-16",2019,"EM_FWOR",4.2,197,8.33333333333333,7.5,21.5077495574951,0
"EMFWOR_NLILT1-07A_2019","success","2019-07-11","2019-07-08",2,"2019-06-16",2019,"EM_FWOR",4.2,197,8.33333333333333,7.5,21.7740001678467,0
"EMFWOR_NLILT1-07A_2019","success","2019-07-15","2019-07-11",3,"2019-06-16",2019,"EM_FWOR",4.2,197,8.33333333333333,7.5,24.8742499351502,0
"EMFWOR_NLILT1-07A_2019","success","2019-07-18","2019-07-15",4,"2019-06-16",2019,"EM_FWOR",4.2,197,8.33333333333333,7.5,22.1223328908285,0
"EMFWOR_NLILT1-07A_2019","success","2019-07-22","2019-07-18",5,"2019-06-16",2019,"EM_FWOR",4.2,197,8.33333333333333,7.5,24.2840003967285,0
"EMFWOR_NLILT1-07A_2019","success","2019-07-25","2019-07-22",6,"2019-06-16",2019,"EM_FWOR",4.2,197,8.33333333333333,7.5,25.5416666666667,0
"EMFWOR_NLILT1-07A_2019","success","2019-07-29","2019-07-25",7,"2019-06-16",2019,"EM_FWOR",4.2,197,8.33333333333333,7.5,26.6347498893738,0
"EMFWOR_NLILT1-07A_2020","success","2020-07-07","2020-06-30",1,"2020-06-14",2020,"EM_FWOR",2.6,204,0,5,20.2827498912811,0
"EMFWOR_NLILT1-07A_2020","success","2020-07-09","2020-07-07",2,"2020-06-14",2020,"EM_FWOR",2.6,204,0,5,21.0690002441406,0
"EMFWOR_NLILT1-07A_2020","success","2020-07-13","2020-07-09",3,"2020-06-14",2020,"EM_FWOR",2.6,204,0,5,24.6367502212524,0
"EMFWOR_NLILT1-07A_2020","success","2020-07-16","2020-07-13",4,"2020-06-14",2020,"EM_FWOR",2.6,204,0,5,24.8669999440511,0
"EMFWOR_NLILT1-07A_2020","success","2020-07-21","2020-07-16",5,"2020-06-14",2020,"EM_FWOR",2.6,204,0,5,28.1662002563477,0
"EMFWOR_NLILT1-07A_2020","success","2020-07-24","2020-07-21",6,"2020-06-14",2020,"EM_FWOR",2.6,204,0,5,26.369000116984,0.0180000004669031
"EMFWOR_NLILT1-07A_2020","success","2020-07-27","2020-07-24",7,"2020-06-14",2020,"EM_FWOR",2.6,204,0,5,26.8193333943685,0
"EMFWOR_NLILT1-08A_2021","success","2021-07-14","2021-07-07",1,"2021-06-12",2021,"EM_FWOR",2.5,109,33.3333333333333,2.5,30.328498840332,0
"EMFWOR_NLILT1-08A_2021","success","2021-07-20","2021-07-14",2,"2021-06-12",2021,"EM_FWOR",2.5,109,33.3333333333333,2.5,27.8224830627441,0
"EMFWOR_NLILT1-08A_2021","success","2021-07-23","2021-07-20",3,"2021-06-12",2021,"EM_FWOR",2.5,109,33.3333333333333,2.5,26.7299327850342,0
"EMFWOR_NLILT1-08A_2021","success","2021-07-26","2021-07-23",4,"2021-06-12",2021,"EM_FWOR",2.5,109,33.3333333333333,2.5,29.6956653594971,0
"EMFWOR_NLILT1-10A_2016","success","2016-07-01","2016-06-28",1,"2016-06-11",2016,"EM_FWOR",3.9,65,25,45,26.2915000915527,0
"EMFWOR_NLILT1-10A_2016","success","2016-07-06","2016-07-01",2,"2016-06-11",2016,"EM_FWOR",3.9,65,25,45,24.2534000396729,0
"EMFWOR_NLILT1-10A_2016","success","2016-07-11","2016-07-06",3,"2016-06-11",2016,"EM_FWOR",3.9,65,25,45,17.8321996688843,0.975799980363809
"EMFWOR_NLILT1-10A_2016","success","2016-07-14","2016-07-11",4,"2016-06-11",2016,"EM_FWOR",3.9,65,25,45,20.7160002390544,0
"EMFWOR_NLILT1-10A_2016","success","2016-07-18","2016-07-14",5,"2016-06-11",2016,"EM_FWOR",3.9,65,25,45,23.8552503585816,0
"EMFWOR_NLILT1-10A_2016","success","2016-07-21","2016-07-18",6,"2016-06-11",2016,"EM_FWOR",3.9,65,25,45,21.1270001729329,0
"EMFWOR_NLILT1-10A_2016","success","2016-07-25","2016-07-21",7,"2016-06-11",2016,"EM_FWOR",3.9,65,25,45,25.0017499923706,0
"EMFWOR_NLILT3-04A_2020","failure","2020-07-07","2020-06-30",1,"2020-06-07",2020,"EM_FWOR",2,133,25,20,20.1560002565384,0
"EMFWOR_NLILT3-04A_2020","failure","2020-07-09","2020-07-07",2,"2020-06-07",2020,"EM_FWOR",2,133,25,20,20.9594993591309,0
"EMFWOR_NLILT3-10A_2017","success","2017-07-11","2017-06-29",1,"2017-06-02",2017,"EM_FWOR",2.6,252,33.3333333333333,15,25.8980770111084,0
"EMFWOR_NLILT3-10A_2017","success","2017-07-17","2017-07-11",2,"2017-06-02",2017,"EM_FWOR",2.6,252,33.3333333333333,15,25.8238334655762,0
"EMFWOR_NLILT3-10A_2018","success","2018-06-05","2018-05-30",1,"2018-05-30",2018,"EM_FWOR",1.5,113,41.6666666666667,20,18.4022857121059,0.308857145054
"EMFWOR_NLILT3-10A_2018","success","2018-06-15","2018-06-05",2,"2018-05-30",2018,"EM_FWOR",1.5,113,41.6666666666667,20,17.7192001342773,1.59219994954765
"EMFWOR_NLILT3-10A_2018","success","2018-06-19","2018-06-15",3,"2018-05-30",2018,"EM_FWOR",1.5,113,41.6666666666667,20,14.2607500553131,8.27025005221366
"EMFWOR_NLILT3-10A_2018","success","2018-06-27","2018-06-19",4,"2018-05-30",2018,"EM_FWOR",1.5,113,41.6666666666667,20,22.5938746929169,0
"EMFWOR_NLILT3-10A_2018","success","2018-07-06","2018-06-27",5,"2018-05-30",2018,"EM_FWOR",1.5,113,41.6666666666667,20,21.8218888176812,0
"EMFWOR_NLILT3-10A_2018","success","2018-07-09","2018-07-06",6,"2018-05-30",2018,"EM_FWOR",1.5,113,41.6666666666667,20,23.1656665802002,0
"EMFWOR_NLILT3-10A_2018","success","2018-07-12","2018-07-09",7,"2018-05-30",2018,"EM_FWOR",1.5,113,41.6666666666667,20,25.6889998118083,0
"EMFWOR_NMUDT1-05A_2015","success","2015-06-18","2015-06-12",1,"2015-05-29",2015,"EM_FWOR",7.5,188,8.33333333333333,0,23.9079998561314,0
"EMFWOR_NMUDT1-05A_2015","success","2015-06-23","2015-06-18",2,"2015-05-29",2015,"EM_FWOR",7.5,188,8.33333333333333,0,22.6078002929687,0
"EMFWOR_NMUDT1-05A_2015","success","2015-07-01","2015-06-23",3,"2015-05-29",2015,"EM_FWOR",7.5,188,8.33333333333333,0,28.2178750038147,0
"EMFWOR_NMUDT1-05A_2015","success","2015-07-08","2015-07-01",4,"2015-05-29",2015,"EM_FWOR",7.5,188,8.33333333333333,0,27.8950001852853,2.53971426827567
"EMFWOR_NMUDT1-05A_2015","success","2015-07-10","2015-07-08",5,"2015-05-29",2015,"EM_FWOR",7.5,188,8.33333333333333,0,19.2770004272461,7.12100005149841
"EMFWOR_NMUDT1-05A_2015","success","2015-07-13","2015-07-10",6,"2015-05-29",2015,"EM_FWOR",7.5,188,8.33333333333333,0,18.6873327891032,1.84166661898295
"EMFWOR_NMUDT1-05A_2016","success","2016-06-28","2016-06-23",1,"2016-06-05",2016,"EM_FWOR",7.5,188,8.33333333333333,0,22.5423332850138,0
"EMFWOR_NMUDT1-05A_2016","success","2016-07-01","2016-06-28",2,"2016-06-05",2016,"EM_FWOR",7.5,188,8.33333333333333,0,26.3700002034505,0
"EMFWOR_NMUDT1-05A_2016","success","2016-07-06","2016-07-01",3,"2016-06-05",2016,"EM_FWOR",7.5,188,8.33333333333333,0,24.5953998565674,0
"EMFWOR_NMUDT1-05A_2016","success","2016-07-08","2016-07-06",4,"2016-06-05",2016,"EM_FWOR",7.5,188,8.33333333333333,0,22.0290002822876,0
"EMFWOR_NMUDT1-05A_2016","success","2016-07-11","2016-07-08",5,"2016-06-05",2016,"EM_FWOR",7.5,188,8.33333333333333,0,15.3703336715698,2.07499996821086
"EMFWOR_NMUDT1-05A_2016","success","2016-07-14","2016-07-11",6,"2016-06-05",2016,"EM_FWOR",7.5,188,8.33333333333333,0,20.9013334910075,0
"EMFWOR_NMUDT1-05A_2016","success","2016-07-15","2016-07-14",7,"2016-06-05",2016,"EM_FWOR",7.5,188,8.33333333333333,0,26.9379997253418,0
"EMFWOR_NMUDT1-05A_2016","success","2016-07-18","2016-07-15",8,"2016-06-05",2016,"EM_FWOR",7.5,188,8.33333333333333,0,23.2096659342448,0
"EMFWOR_NMUDT1-05A_2016","success","2016-07-19","2016-07-18",9,"2016-06-05",2016,"EM_FWOR",7.5,188,8.33333333333333,0,20.3479995727539,0
"EMFWOR_NMUDT1-05A_2018","failure","2018-06-27","2018-06-19",1,"2018-99-99",2018,"EM_FWOR",2.5,232,33.3333333333333,0,21.9077775743273,0.398444440629747
"EMFWOR_NMUDT1-05A_2020","success","2020-06-22","2020-06-18",1,"2020-06-13",2020,"EM_FWOR",3.2,324,0,0,20.729400062561,0
"EMFWOR_NMUDT1-05A_2020","success","2020-06-25","2020-06-22",2,"2020-06-13",2020,"EM_FWOR",3.2,324,0,0,27.2050005594889,0
"EMFWOR_NMUDT1-05A_2020","success","2020-06-29","2020-06-25",3,"2020-06-13",2020,"EM_FWOR",3.2,324,0,0,22.5064995288849,0.0862499997019767
"EMFWOR_NMUDT1-05A_2020","success","2020-07-02","2020-06-29",4,"2020-06-13",2020,"EM_FWOR",3.2,324,0,0,18.2076663970947,0
"EMFWOR_NMUDT1-05A_2020","success","2020-07-07","2020-07-02",5,"2020-06-13",2020,"EM_FWOR",3.2,324,0,0,22.5303997039795,0
"EMFWOR_NMUDT1-05A_2020","success","2020-07-09","2020-07-07",6,"2020-06-13",2020,"EM_FWOR",3.2,324,0,0,21.6855001449585,0
"EMFWOR_NMUDT1-05A_2020","success","2020-07-13","2020-07-09",7,"2020-06-13",2020,"EM_FWOR",3.2,324,0,0,25.3852500915527,0
"EMFWOR_NMUDT1-05A_2020","success","2020-07-16","2020-07-13",8,"2020-06-13",2020,"EM_FWOR",3.2,324,0,0,25.3093331654867,0
"EMFWOR_NMUDT1-05A_2020","success","2020-07-21","2020-07-16",9,"2020-06-13",2020,"EM_FWOR",3.2,324,0,0,28.8720001220703,0
"EMFWOR_NMUDT1-05A_2020","success","2020-07-24","2020-07-21",10,"2020-06-13",2020,"EM_FWOR",3.2,324,0,0,27.0136661529541,0
"EMFWOR_NMUDT1-05A_2020","success","2020-07-27","2020-07-24",11,"2020-06-13",2020,"EM_FWOR",3.2,324,0,0,27.3686669667562,0
"EMFWOR_NMUDT1-05A_2021","failure","2021-07-07","2021-07-06",1,"2021-07-03",2021,"EM_FWOR",3.2,324,0,0,30.3355989456177,0
"EMFWOR_NMUDT1-05A_2021","failure","2021-07-14","2021-07-07",2,"2021-07-03",2021,"EM_FWOR",3.2,324,0,0,30.4513277326311,0
"EMFWOR_NMUDT1-05A_2021","failure","2021-07-20","2021-07-14",3,"2021-07-03",2021,"EM_FWOR",3.2,324,0,0,28.0260826746623,0
"EMFWOR_NMUDT1-05A_2021","failure","2021-07-23","2021-07-20",4,"2021-07-03",2021,"EM_FWOR",3.2,324,0,0,26.915532430013,0
"EMFWOR_NPINT1-03A_2018","failure","2018-06-27","2018-06-19",1,"2018-99-99",2018,"EM_FWOR",6.1,180,8.33333333333333,25,21.5105553732978,0.530333307054308
"EMFWOR_NRIMT1-01A_2015","failure","2015-06-23","2015-06-15",1,"2015-06-05",2015,"EM_FWOR",1.9,185,16.6666666666667,10,24.2374445597331,0
"EMFWOR_NRIMT1-01A_2015","failure","2015-07-06","2015-06-23",2,"2015-06-05",2015,"EM_FWOR",1.9,185,16.6666666666667,10,29.4202304253211,0.682999986868637
"EMFWOR_NRIMT1-01A_2015","failure","2015-07-13","2015-07-06",3,"2015-06-05",2015,"EM_FWOR",1.9,185,16.6666666666667,10,21.7692857469831,3.79342864240919
"EMFWOR_NRIMT1-01A_2016","failure","2016-07-01","2016-06-28",1,"2016-99-99",2016,"EM_FWOR",1,153,50,37.5,27.0809998512268,0
"EMFWOR_NRIMT1-01A_2016","failure","2016-07-06","2016-07-01",2,"2016-99-99",2016,"EM_FWOR",1,153,50,37.5,25.0013999938965,0
"EMFWOR_NSWRC2-09A_2016","success","2016-07-11","2016-07-07",1,"2016-06-01",2016,"EM_FWOR",3.6,258,16.6666666666667,5,17.7100002288818,1.2481999874115
"EMFWOR_NSWRC2-09A_2016","success","2016-07-13","2016-07-11",2,"2016-06-01",2016,"EM_FWOR",3.6,258,16.6666666666667,5,18.6050004959107,0
"EMFWOR_NSWRC2-09A_2016","success","2016-07-15","2016-07-13",3,"2016-06-01",2016,"EM_FWOR",3.6,258,16.6666666666667,5,24.8760004043579,0
"EMFWOR_NSWRC2-09A_2017","success","2017-06-24","2017-06-23",1,"2017-05-27",2017,"EM_FWOR",3.6,258,16.6666666666667,5,23.4490003585816,0
"EMFWOR_NSWRC2-09A_2017","success","2017-06-27","2017-06-24",2,"2017-05-27",2017,"EM_FWOR",3.6,258,16.6666666666667,5,26.8693332672119,0
"EMFWOR_NSWRC2-09A_2017","success","2017-07-06","2017-06-27",3,"2017-05-27",2017,"EM_FWOR",3.6,258,16.6666666666667,5,24.6378888024224,0
"EMFWOR_NSWRC2-09A_2017","success","2017-07-10","2017-07-06",4,"2017-05-27",2017,"EM_FWOR",3.6,258,16.6666666666667,5,28.1057500839234,0
"EMFWOR_NSWRC2-09A_2018","success","2018-06-18","2018-06-13",1,"2018-05-19",2018,"EM_FWOR",3.6,258,16.6666666666667,5,17.5511666933695,1.60499995450179
"EMFWOR_NSWRC2-09A_2018","success","2018-06-25","2018-06-18",2,"2018-05-19",2018,"EM_FWOR",3.6,258,16.6666666666667,5,20.4867146355765,0.284857136862619
"EMFWOR_NSWRC2-09A_2018","success","2018-07-02","2018-06-25",3,"2018-05-19",2018,"EM_FWOR",3.6,258,16.6666666666667,5,22.1368574414935,0
"EMFWOR_NSWRC2-10A_2015","failure","2015-06-23","2015-06-16",1,"2015-06-05",2015,"EM_FWOR",2.3,158,58.3333333333333,22.5,24.6612498760223,0
"EMFWOR_NSWRC2-10A_2015","failure","2015-07-07","2015-06-23",2,"2015-06-05",2015,"EM_FWOR",2.3,158,58.3333333333333,22.5,29.7387142181396,0.809785696012633
"EMFWOR_NSWRC3-03A_2019","success","2019-06-20","2019-06-17",1,"2019-06-05",2019,"EM_FWOR",3.2,342,8.33333333333333,17.5,22.2732501029968,0
"EMFWOR_NSWRC3-03A_2019","success","2019-06-24","2019-06-20",2,"2019-06-05",2019,"EM_FWOR",3.2,342,8.33333333333333,17.5,15.2699999809265,0
"EMFWOR_NSWRC3-03A_2019","success","2019-06-27","2019-06-24",3,"2019-06-05",2019,"EM_FWOR",3.2,342,8.33333333333333,17.5,16.8123327891032,0
"EMFWOR_NSWRC3-03A_2019","success","2019-07-01","2019-06-27",4,"2019-06-05",2019,"EM_FWOR",3.2,342,8.33333333333333,17.5,17.2454993724823,0
"EMFWOR_NSWRC3-03A_2019","success","2019-07-05","2019-07-01",5,"2019-06-05",2019,"EM_FWOR",3.2,342,8.33333333333333,17.5,18.6262502670288,0
"EMFWOR_NSWRC3-03A_2019","success","2019-07-08","2019-07-05",6,"2019-06-05",2019,"EM_FWOR",3.2,342,8.33333333333333,17.5,21.8593330383301,0
"EMFWOR_NSWRC3-03A_2019","success","2019-07-11","2019-07-08",7,"2019-06-05",2019,"EM_FWOR",3.2,342,8.33333333333333,17.5,21.7556667327881,0.455000003178913
"EMFWOR_NSWRC3-03A_2019","success","2019-07-15","2019-07-11",8,"2019-06-05",2019,"EM_FWOR",3.2,342,8.33333333333333,17.5,25.0772500038147,0
"EMFWOR_NSWRC3-03A_2019","success","2019-07-17","2019-07-15",9,"2019-06-05",2019,"EM_FWOR",3.2,342,8.33333333333333,17.5,21.5834999084473,0
"EMFWOR_NSWRC3-03A_2019","success","2019-07-19","2019-07-17",10,"2019-06-05",2019,"EM_FWOR",3.2,342,8.33333333333333,17.5,22.3035001754761,0
"EMFWOR_NSWRC3-03A_2020","success","2020-06-10","2020-06-09",1,"2020-05-29",2020,"EM_FWOR",8.7,90,66.6666666666667,20,13.1944999694824,0.660000026226045
"EMFWOR_NSWRC3-03A_2020","success","2020-06-17","2020-06-10",2,"2020-05-29",2020,"EM_FWOR",8.7,90,66.6666666666667,20,13.7472857747759,5.12214291095734
"EMFWOR_NSWRC3-03A_2020","success","2020-06-24","2020-06-17",3,"2020-05-29",2020,"EM_FWOR",8.7,90,66.6666666666667,20,21.5610002790179,0
"EMFWOR_NSWRC3-03A_2020","success","2020-06-30","2020-06-24",4,"2020-05-29",2020,"EM_FWOR",8.7,90,66.6666666666667,20,21.2653334935506,0.0559999992450078
"EMFWOR_NSWRC3-03A_2020","success","2020-07-06","2020-06-30",5,"2020-05-29",2020,"EM_FWOR",8.7,90,66.6666666666667,20,20.1078335444132,0.16783332824707
"EMFWOR_NSWRC3-03A_2020","success","2020-07-08","2020-07-06",6,"2020-05-29",2020,"EM_FWOR",8.7,90,66.6666666666667,20,21.3020000457763,0
"EMFWOR_NSWRC3-03A_2020","success","2020-07-13","2020-07-08",7,"2020-05-29",2020,"EM_FWOR",8.7,90,66.6666666666667,20,24.0864002227783,0
"EMFWOR_NSWRC3-03B_2018","success","2018-07-02","2018-06-28",1,"2018-06-14",2018,"EM_FWOR",6.7,214,25,12.5,21.431600189209,0
"EMFWOR_NSWRC3-03B_2018","success","2018-07-09","2018-07-02",2,"2018-06-14",2018,"EM_FWOR",6.7,214,25,12.5,22.4652859824044,0
"EMFWOR_NSWRC3-03B_2018","success","2018-07-16","2018-07-09",3,"2018-06-14",2018,"EM_FWOR",6.7,214,25,12.5,26.5852857317243,1.29000002997262
"EMFWOR_NSWRC3-03B_2018","success","2018-07-23","2018-07-16",4,"2018-06-14",2018,"EM_FWOR",6.7,214,25,12.5,27.0692860739572,0.137142854077475
"EMFWOR_NSWRC3-03B_2018","success","2018-07-26","2018-07-23",5,"2018-06-14",2018,"EM_FWOR",6.7,214,25,12.5,28.460999806722,0.308000008265177
"EMFWOR_NSWRC3-03B_2018","success","2018-07-30","2018-07-26",6,"2018-06-14",2018,"EM_FWOR",6.7,214,25,12.5,28.352499961853,0
"EMFWOR_NSWRC3-04A_2016","success","2016-06-29","2016-06-27",1,"2016-06-01",2016,"EM_FWOR",1.35,105,116.666666666667,15,27.4559993743896,0
"EMFWOR_NSWRC3-04A_2016","success","2016-07-05","2016-06-29",2,"2016-06-01",2016,"EM_FWOR",1.35,105,116.666666666667,15,26.3171666463216,0
"EMFWOR_NSWRC3-04A_2016","success","2016-07-07","2016-07-05",3,"2016-06-01",2016,"EM_FWOR",1.35,105,116.666666666667,15,21.460000038147,0
"EMFWOR_NSWRC3-04A_2016","success","2016-07-11","2016-07-07",4,"2016-06-01",2016,"EM_FWOR",1.35,105,116.666666666667,15,18.0527503490448,1.01875001192093
"EMFWOR_NSWRC3-04A_2016","success","2016-07-13","2016-07-11",5,"2016-06-01",2016,"EM_FWOR",1.35,105,116.666666666667,15,19.6560001373291,0
"EMFWOR_NSWRC3-04A_2016","success","2016-07-14","2016-07-13",6,"2016-06-01",2016,"EM_FWOR",1.35,105,116.666666666667,15,24.507999420166,0
"EMFWOR_NSWRC3-04A_2016","success","2016-07-15","2016-07-14",7,"2016-06-01",2016,"EM_FWOR",1.35,105,116.666666666667,15,27.4559993743896,0
"EMFWOR_NSWRC3-04A_2018","success","2018-06-07","2018-06-04",1,"2018-05-22",2018,"EM_FWOR",2.3,188,150,25,21.2972502708435,0.167250007390976
"EMFWOR_NSWRC3-04A_2018","success","2018-06-11","2018-06-07",2,"2018-05-22",2018,"EM_FWOR",2.3,188,150,25,15.4515001773834,1.46424999088049
"EMFWOR_NSWRC3-04A_2018","success","2018-06-18","2018-06-11",3,"2018-05-22",2018,"EM_FWOR",2.3,188,150,25,18.2547142846244,1.17700001597404
"EMFWOR_NSWRC3-04A_2018","success","2018-06-25","2018-06-18",4,"2018-05-22",2018,"EM_FWOR",2.3,188,150,25,21.445000239781,0.339142867497036
"EMFWOR_NSWRC3-04A_2018","success","2018-07-02","2018-06-25",5,"2018-05-22",2018,"EM_FWOR",2.3,188,150,25,23.1087136949812,0
"EMFWOR_NSWRC3-04A_2018","success","2018-07-05","2018-07-02",6,"2018-05-22",2018,"EM_FWOR",2.3,188,150,25,22.2453333536784,0
"EMFWOR_NSWRC3-04A_2020","success","2020-06-30","2020-06-24",1,"2020-06-05",2020,"EM_FWOR",2.2,48,175,12.5,23.3818573270525,0.0562857134001596
"EMFWOR_NSWRC3-04A_2020","success","2020-07-06","2020-06-30",2,"2020-06-05",2020,"EM_FWOR",2.2,48,175,12.5,21.2191664377848,0.0296666671832403
"EMFWOR_NSWRC3-04A_2020","success","2020-07-08","2020-07-06",3,"2020-06-05",2020,"EM_FWOR",2.2,48,175,12.5,22.4390001296997,0
"EMFWOR_NSWRC3-04A_2020","success","2020-07-13","2020-07-08",4,"2020-06-05",2020,"EM_FWOR",2.2,48,175,12.5,25.2506000518799,0
"EMFWOR_NSWRC3-04A_2020","success","2020-07-14","2020-07-13",5,"2020-06-05",2020,"EM_FWOR",2.2,48,175,12.5,24.4729995727539,0
"EMFWOR_NSWRC3-04A_2020","success","2020-07-15","2020-07-14",6,"2020-06-05",2020,"EM_FWOR",2.2,48,175,12.5,25.3169994354248,0
"EMFWOR_NSWRC3-04A_2020","success","2020-07-16","2020-07-15",7,"2020-06-05",2020,"EM_FWOR",2.2,48,175,12.5,26.6420001983643,0
"EMFWOR_NSWRC3-04A_2020","success","2020-07-21","2020-07-16",8,"2020-06-05",2020,"EM_FWOR",2.2,48,175,12.5,29.2266002655029,0
"EMFWOR_NSWRC3-09A_2016","success","2016-06-27","2016-06-24",1,"2016-05-26",2016,"EM_FWOR",10.9,198,16.6666666666667,27.5,24.0824999809265,0
"EMFWOR_NSWRC3-09A_2016","success","2016-06-29","2016-06-27",2,"2016-05-26",2016,"EM_FWOR",10.9,198,16.6666666666667,27.5,29.7560005187988,0
"EMFWOR_NSWRC3-09A_2016","success","2016-07-01","2016-06-29",3,"2016-05-26",2016,"EM_FWOR",10.9,198,16.6666666666667,27.5,28.8295001983643,0
"EMFWOR_NSWRC3-09A_2016","success","2016-07-05","2016-07-01",4,"2016-05-26",2016,"EM_FWOR",10.9,198,16.6666666666667,27.5,28.0837502479553,0
"EMFWOR_NSWRC3-09A_2016","success","2016-07-07","2016-07-05",5,"2016-05-26",2016,"EM_FWOR",10.9,198,16.6666666666667,27.5,23.6440000534058,0
"EMFWOR_NSWRC3-09A_2016","success","2016-07-08","2016-07-07",6,"2016-05-26",2016,"EM_FWOR",10.9,198,16.6666666666667,27.5,25.8199996948242,0
"EMFWOR_NSWRC3-09A_2018","success","2018-06-25","2018-06-18",1,"2018-05-25",2018,"EM_FWOR",16.3,215,58.3333333333333,22.5,22.0551248788834,1.04174998402595
"EMFWOR_NSWRC3-09A_2018","success","2018-07-02","2018-06-25",2,"2018-05-25",2018,"EM_FWOR",16.3,215,58.3333333333333,22.5,25.0715713500977,0
"EMFWOR_NSWRC3-09A_2018","success","2018-07-05","2018-07-02",3,"2018-05-25",2018,"EM_FWOR",16.3,215,58.3333333333333,22.5,24.292999903361,0
"EMFWOR_NSWRC3-09A_2018","success","2018-07-09","2018-07-05",4,"2018-05-25",2018,"EM_FWOR",16.3,215,58.3333333333333,22.5,26.5374999046326,0
"EMFWOR_NSWRC3-09A_2019","failure","2019-06-20","2019-06-17",1,"2019-05-24",2019,"EM_FWOR",2.9,24,33.3333333333333,35,25.3597502708435,0
"EMFWOR_NSWRC3-09A_2019","failure","2019-06-24","2019-06-20",2,"2019-05-24",2019,"EM_FWOR",2.9,24,33.3333333333333,35,18.5507500171661,0
"EMFWOR_NSWRC3-09A_2019","failure","2019-06-27","2019-06-24",3,"2019-05-24",2019,"EM_FWOR",2.9,24,33.3333333333333,35,20.3030001322428,0
"EMFWOR_NSWRC3-09A_2019","failure","2019-07-01","2019-06-27",4,"2019-05-24",2019,"EM_FWOR",2.9,24,33.3333333333333,35,20.6637496948242,0
"EMMAOR_NCLIFFC1-07A_2015","success","2015-07-02","2015-06-29",1,"2015-05-27",2015,"EM_MAOR",2.4,12,116.666666666667,7.5,32.9565010070801,0.094999998807907
"EMMAOR_NCLIFFC1-07A_2015","success","2015-07-10","2015-07-02",2,"2015-05-27",2015,"EM_MAOR",2.4,12,116.666666666667,7.5,29.5518748760223,0.338124990463257
"EMMAOR_NCLIFFC1-07A_2019","success","2019-06-27","2019-06-14",1,"2019-05-25",2019,"EM_MAOR",3,273,66.6666666666667,5,20.8517143385751,0.0717857139451163
"EMMAOR_NCLIFFC1-07A_2019","success","2019-07-03","2019-06-27",2,"2019-05-25",2019,"EM_MAOR",3,273,66.6666666666667,5,21.3885002136231,0.332666657244166
"EMMAOR_NCLIFFC1-07A_2019","success","2019-07-09","2019-07-03",3,"2019-05-25",2019,"EM_MAOR",3,273,66.6666666666667,5,22.8771667480469,0
"EMMAOR_NCLIFFC1-08A_2016","success","2016-07-07","2016-07-05",1,"2016-06-02",2016,"EM_MAOR",1.25,26,41.6666666666667,15,22.1976668039958,0.00200000001738469
"EMMAOR_NCLIFFC1-08A_2016","success","2016-07-12","2016-07-07",2,"2016-06-02",2016,"EM_MAOR",1.25,26,41.6666666666667,15,19.5853996276856,1.87799997329712
"EMMAOR_NCLIFFC1-08A_2016","success","2016-07-14","2016-07-12",3,"2016-06-02",2016,"EM_MAOR",1.25,26,41.6666666666667,15,23.477499961853,0.497000008821487
"EMMAOR_NCLIFFC1-08A_2017","success","2017-06-21","2017-06-15",1,"2017-05-29",2017,"EM_MAOR",3.6,160,0,7.5,22.8945717130389,0.64300000667572
"EMMAOR_NCLIFFC1-08A_2017","success","2017-06-26","2017-06-21",2,"2017-05-29",2017,"EM_MAOR",3.6,160,0,7.5,26.8049999237061,0
"EMMAOR_NCLIFFC1-08A_2017","success","2017-06-27","2017-06-26",3,"2017-05-29",2017,"EM_MAOR",3.6,160,0,7.5,29.1350002288818,1.75600004196167
"EMMAOR_NCLIFFC1-08A_2017","success","2017-06-29","2017-06-27",4,"2017-05-29",2017,"EM_MAOR",3.6,160,0,7.5,24.7634992599488,0
"EMMAOR_NCLIFFC1-08A_2017","success","2017-07-05","2017-06-29",5,"2017-05-29",2017,"EM_MAOR",3.6,160,0,7.5,28.5496667226156,0
"EMMAOR_NCLIFFC1-08A_2017","success","2017-07-12","2017-07-05",6,"2017-05-29",2017,"EM_MAOR",3.6,160,0,7.5,31.073999949864,0
"EMMAOR_NCLIFFC1-08A_2017","success","2017-07-19","2017-07-12",7,"2017-05-29",2017,"EM_MAOR",3.6,160,0,7.5,30.0859998975481,0
"EMMAOR_NCLIFFC1-08A_2019","success","2019-06-27","2019-06-14",1,"2019-06-02",2019,"EM_MAOR",3.6,160,0,7.5,20.8517143385751,0.0717857139451163
"EMMAOR_NCLIFFC1-08A_2019","success","2019-07-03","2019-06-27",2,"2019-06-02",2019,"EM_MAOR",3.6,160,0,7.5,21.3885002136231,0.332666657244166
"EMMAOR_NCLIFFC1-08A_2019","success","2019-07-09","2019-07-03",3,"2019-06-02",2019,"EM_MAOR",3.6,160,0,7.5,22.8771667480469,0
"EMMAOR_NCLIFFC1-08A_2019","success","2019-07-11","2019-07-09",4,"2019-06-02",2019,"EM_MAOR",3.6,160,0,7.5,25.8004999160766,0
"EMMAOR_NCLIFFC1-08A_2019","success","2019-07-12","2019-07-11",5,"2019-06-02",2019,"EM_MAOR",3.6,160,0,7.5,28.2800006866455,0
"EMMAOR_NCLIFFC1-08A_2019","success","2019-07-19","2019-07-12",6,"2019-06-02",2019,"EM_MAOR",3.6,160,0,7.5,25.9378572191511,0.665142859731402
"EMMAOR_NCLIFFC1-08B_2017","success","2017-06-21","2017-06-15",1,"2017-05-25",2017,"EM_MAOR",1.25,26,41.6666666666667,15,22.8945717130389,0.64300000667572
"EMMAOR_NCLIFFC1-08B_2017","success","2017-06-26","2017-06-21",2,"2017-05-25",2017,"EM_MAOR",1.25,26,41.6666666666667,15,26.8049999237061,0
"EMMAOR_NCLIFFC1-08B_2017","success","2017-06-27","2017-06-26",3,"2017-05-25",2017,"EM_MAOR",1.25,26,41.6666666666667,15,29.1350002288818,1.75600004196167
"EMMAOR_NCLIFFC1-08B_2017","success","2017-06-29","2017-06-27",4,"2017-05-25",2017,"EM_MAOR",1.25,26,41.6666666666667,15,24.7634992599488,0
"EMMAOR_NCLIFFC1-08B_2017","success","2017-07-05","2017-06-29",5,"2017-05-25",2017,"EM_MAOR",1.25,26,41.6666666666667,15,28.5496667226156,0
"EMMAOR_NCLIFFC1-08B_2017","success","2017-07-12","2017-07-05",6,"2017-05-25",2017,"EM_MAOR",1.25,26,41.6666666666667,15,31.073999949864,0
"EMMAOR_NCLIFFC2-04A_2017","success","2017-07-05","2017-06-27",1,"2017-05-26",2017,"EM_MAOR",1.5,128,66.6666666666667,5,26.935666402181,0.154555559158326
"EMMAOR_NCLIFFC2-04A_2017","success","2017-07-12","2017-07-05",2,"2017-05-26",2017,"EM_MAOR",1.5,128,66.6666666666667,5,30.2031421661377,0
"EMMAOR_NCLIFFC2-06A_2019","success","2019-07-03","2019-06-27",1,"2019-05-24",2019,"EM_MAOR",1.8,35,50,10,20.4925714220319,0.406857132911682
"EMMAOR_NCLIFFC2-06A_2019","success","2019-07-09","2019-07-03",2,"2019-05-24",2019,"EM_MAOR",1.8,35,50,10,21.9749997456868,0
"EMMAOR_NCLIFFC2-07A_2015","success","2015-06-29","2015-06-15",1,"2015-05-25",2015,"EM_MAOR",1.9,286,41.6666666666667,7.5,27.625266901652,0.0548666656017303
"EMMAOR_NCLIFFC2-07A_2015","success","2015-07-10","2015-06-29",2,"2015-05-25",2015,"EM_MAOR",1.9,286,41.6666666666667,7.5,30.339636369185,0.242818182164972
"EMMAOR_NCLIFFC2-08A_2019","success","2019-07-03","2019-06-27",1,"2019-05-19",2019,"EM_MAOR",1.1,251,108.333333333333,10,21.4895717075893,0.38328571348185
"EMMAOR_NCLIFFC2-10A_2017","success","2017-07-05","2017-06-29",1,"2017-05-21",2017,"EM_MAOR",2.9,24,25,2.5,27.9057143075126,0
"EMMAOR_NCUBT1-10A_2016","failure","2016-06-17","2016-06-15",1,"2016-05-29",2016,"EM_MAOR",1.5,196,91.6666666666667,2.5,11.7573331197103,3.31766661008199
"EMMAOR_NCUBT1-10A_2016","failure","2016-06-20","2016-06-17",2,"2016-05-29",2016,"EM_MAOR",1.5,196,91.6666666666667,2.5,16.1989997227986,1.22866666316986
"EMMAOR_NCUBT1-10A_2016","failure","2016-06-24","2016-06-20",3,"2016-05-29",2016,"EM_MAOR",1.5,196,91.6666666666667,2.5,24.4349999427795,0
"EMMAOR_NCUBT1-10A_2016","failure","2016-06-27","2016-06-24",4,"2016-05-29",2016,"EM_MAOR",1.5,196,91.6666666666667,2.5,23.0213330586751,0
"EMMAOR_NCUBT1-10A_2016","failure","2016-07-08","2016-06-27",5,"2016-05-29",2016,"EM_MAOR",1.5,196,91.6666666666667,2.5,26.3629091436213,0
"EMMAOR_NCUBT2-02A_2016","failure","2016-06-27","2016-06-24",1,"2016-06-06",2016,"EM_MAOR",2.5,122,100,10,22.7684998512268,0
"EMMAOR_NCUBT2-02A_2016","failure","2016-06-29","2016-06-27",2,"2016-06-06",2016,"EM_MAOR",2.5,122,100,10,30.1180000305176,0
"EMMAOR_NCUBT2-02A_2016","failure","2016-07-08","2016-06-29",3,"2016-06-06",2016,"EM_MAOR",2.5,122,100,10,25.5284445020888,0
"EMMAOR_NCUBT2-02A_2021","success","2021-06-10","2021-06-07",1,"2021-05-19",2021,"EM_MAOR",0.95,14,58.3333333333333,27.5,16.3585495948791,0.172949999570847
"EMMAOR_NCUBT2-02A_2021","success","2021-06-18","2021-06-10",2,"2021-05-19",2021,"EM_MAOR",0.95,14,58.3333333333333,27.5,22.3832495212555,0.233849997865036
"EMMAOR_NCUBT2-02A_2021","success","2021-06-24","2021-06-18",3,"2021-05-19",2021,"EM_MAOR",0.95,14,58.3333333333333,27.5,28.2772156397502,0.682149970593551
"EMMAOR_NCUBT2-02A_2021","success","2021-06-28","2021-06-24",4,"2021-05-19",2021,"EM_MAOR",0.95,14,58.3333333333333,27.5,30.0055494308472,0
"EMMAOR_NCUBT2-02A_2021","success","2021-06-30","2021-06-28",5,"2021-05-19",2021,"EM_MAOR",0.95,14,58.3333333333333,27.5,34.3952007293701,0
"EMMAOR_NCUBT2-02A_2021","success","2021-07-02","2021-06-30",6,"2021-05-19",2021,"EM_MAOR",0.95,14,58.3333333333333,27.5,33.1964988708496,0.0471499972045422
"EMMAOR_NCUBT2-02A_2021","success","2021-07-04","2021-07-02",7,"2021-05-19",2021,"EM_MAOR",0.95,14,58.3333333333333,27.5,32.9745502471924,0
"EMMAOR_NCUBT2-03A_2015","failure","2015-06-16","2015-06-01",1,"2015-99-99",2015,"EM_MAOR",1.7,210,66.6666666666667,0,23.6436251401901,0.224000006914139
"EMMAOR_NCUBT2-03A_2015","failure","2015-06-29","2015-06-16",2,"2015-99-99",2015,"EM_MAOR",1.7,210,66.6666666666667,0,27.6543075854962,0.00592307703426251
"EMMAOR_NCUBT2-03A_2015","failure","2015-07-02","2015-06-29",3,"2015-99-99",2015,"EM_MAOR",1.7,210,66.6666666666667,0,32.1686668395996,0
"EMMAOR_NCUBT2-08A_2019","success","2019-06-25","2019-06-20",1,"2019-05-24",2019,"EM_MAOR",2.2,148,16.6666666666667,7.5,16.6495000521342,0.0550000021855037
"EMMAOR_NCUBT2-08A_2019","success","2019-06-27","2019-06-25",2,"2019-05-24",2019,"EM_MAOR",2.2,148,16.6666666666667,7.5,20.03600025177,1.29949995875359
"EMMAOR_NCUBT2-08A_2019","success","2019-07-02","2019-06-27",3,"2019-05-24",2019,"EM_MAOR",2.2,148,16.6666666666667,7.5,21.5482002258301,0.138200002908707
"EMMAOR_NCUBT2-08A_2019","success","2019-07-09","2019-07-02",4,"2019-05-24",2019,"EM_MAOR",2.2,148,16.6666666666667,7.5,22.5774285452706,0.706857119287763
"EMMAOR_NCUBT2-10A_2015","failure","2015-07-02","2015-06-30",1,"2015-99-99",2015,"EM_MAOR",3.5,90,75,0,32.1686668395996,0
"EMMAOR_NCUBT2-10A_2015","failure","2015-07-06","2015-07-02",2,"2015-99-99",2015,"EM_MAOR",3.5,90,75,0,30.9652500152588,0
"EMMAOR_NCUBT2-10A_2015","failure","2015-07-08","2015-07-06",3,"2015-99-99",2015,"EM_MAOR",3.5,90,75,0,28.3170003890991,0
"EMMAOR_NCUBT2-10A_2016","failure","2016-06-27","2016-06-24",1,"2016-06-07",2016,"EM_MAOR",1.5,70,8.33333333333333,5,22.7684998512268,0
"EMMAOR_NCUBT2-10A_2016","failure","2016-06-29","2016-06-27",2,"2016-06-07",2016,"EM_MAOR",1.5,70,8.33333333333333,5,30.1180000305176,0
"EMMAOR_NCUBT2-10A_2016","failure","2016-07-08","2016-06-29",3,"2016-06-07",2016,"EM_MAOR",1.5,70,8.33333333333333,5,25.5284445020888,0
"EMMAOR_NCUBT2-10A_2016","failure","2016-07-12","2016-07-08",4,"2016-06-07",2016,"EM_MAOR",1.5,70,8.33333333333333,5,17.883999824524,2.46574999392033
"EMMAOR_NCUBT2-10A_2017","success","2017-06-21","2017-06-12",1,"2017-05-27",2017,"EM_MAOR",1.7,145,91.6666666666667,7.5,19.9839000701904,0.409500005841256
"EMMAOR_NCUBT2-10A_2017","success","2017-06-27","2017-06-21",2,"2017-05-27",2017,"EM_MAOR",1.7,145,91.6666666666667,7.5,26.869166692098,0.42899998029073
"EMMAOR_NCUBT2-10A_2017","success","2017-07-06","2017-06-27",3,"2017-05-27",2017,"EM_MAOR",1.7,145,91.6666666666667,7.5,28.0458886888292,0
"EMMAOR_NCUBT2-10A_2017","success","2017-07-12","2017-07-06",4,"2017-05-27",2017,"EM_MAOR",1.7,145,91.6666666666667,7.5,30.7439997990926,0
"EMMAOR_NCUBT2-10A_2021","success","2021-06-02","2021-05-25",1,"2021-05-24",2021,"EM_MAOR",2.55,160,16.6666666666667,7.5,19.4238775041368,1.03537773889386
"EMMAOR_NCUBT2-10A_2021","success","2021-06-10","2021-06-02",2,"2021-05-24",2021,"EM_MAOR",2.55,160,16.6666666666667,7.5,21.7179870605469,0.338799998164176
"EMMAOR_NCUBT2-10A_2021","success","2021-06-18","2021-06-10",3,"2021-05-24",2021,"EM_MAOR",2.55,160,16.6666666666667,7.5,22.3832495212555,0.233849997865036
"EMMAOR_NCUBT2-10A_2021","success","2021-06-24","2021-06-18",4,"2021-05-24",2021,"EM_MAOR",2.55,160,16.6666666666667,7.5,28.2772156397502,0.682149970593551
"EMMAOR_NCUBT2-10A_2021","success","2021-06-28","2021-06-24",5,"2021-05-24",2021,"EM_MAOR",2.55,160,16.6666666666667,7.5,30.0055494308472,0
"EMMAOR_NCUBT2-10A_2021","success","2021-06-30","2021-06-28",6,"2021-05-24",2021,"EM_MAOR",2.55,160,16.6666666666667,7.5,34.3952007293701,0
"EMMAOR_NCUBT2-10A_2021","success","2021-07-02","2021-06-30",7,"2021-05-24",2021,"EM_MAOR",2.55,160,16.6666666666667,7.5,33.1964988708496,0.0471499972045422
"EMMAOR_NDUGC1-01A_2015","success","2015-06-18","2015-06-08",1,"2015-05-26",2015,"EM_MAOR",1.5,55,58.3333333333333,5,26.1259091117165,0
"EMMAOR_NDUGC1-01A_2015","success","2015-07-01","2015-06-18",2,"2015-05-26",2015,"EM_MAOR",1.5,55,58.3333333333333,5,28.7440769488995,0.144769233006698
"EMMAOR_NDUGC1-01A_2015","success","2015-07-14","2015-07-01",3,"2015-05-26",2015,"EM_MAOR",1.5,55,58.3333333333333,5,27.6025386223426,1.75653848052025
"EMMAOR_NDUGC1-01A_2016","success","2016-06-06","2016-06-02",1,"2016-05-22",2016,"EM_MAOR",2.7,258,41.6666666666667,10,26.7751998901367,0
"EMMAOR_NDUGC1-01A_2016","success","2016-06-20","2016-06-06",2,"2016-05-22",2016,"EM_MAOR",2.7,258,41.6666666666667,10,19.3937858854021,1.29749998024532
"EMMAOR_NDUGC1-01A_2016","success","2016-06-23","2016-06-20",3,"2016-05-22",2016,"EM_MAOR",2.7,258,41.6666666666667,10,25.8736667633056,0
"EMMAOR_NDUGC1-01A_2016","success","2016-06-28","2016-06-23",4,"2016-05-22",2016,"EM_MAOR",2.7,258,41.6666666666667,10,24.7526000976563,0.244600009918212
"EMMAOR_NDUGC1-01A_2016","success","2016-07-06","2016-06-28",5,"2016-05-22",2016,"EM_MAOR",2.7,258,41.6666666666667,10,27.564374923706,0
"EMMAOR_NDUGC1-01A_2016","success","2016-07-11","2016-07-06",6,"2016-05-22",2016,"EM_MAOR",2.7,258,41.6666666666667,10,19.98600025177,1.57579998970032
"EMMAOR_NDUGC1-01A_2017","success","2017-06-28","2017-06-20",1,"2017-05-18",2017,"EM_MAOR",1.8,33,41.6666666666667,15,27.6663335164388,0.457333346207937
"EMMAOR_NDUGC1-01A_2017","success","2017-07-03","2017-06-28",2,"2017-05-18",2017,"EM_MAOR",1.8,33,41.6666666666667,15,26.9045997619629,0
"EMMAOR_NDUGC1-05A_2017","success","2017-06-28","2017-06-20",1,"2017-05-27",2017,"EM_MAOR",2.4,238,50,5,27.6663335164388,0.457333346207937
"EMMAOR_NDUGC1-05A_2017","success","2017-07-03","2017-06-28",2,"2017-05-27",2017,"EM_MAOR",2.4,238,50,5,26.9045997619629,0
"EMMAOR_NDUGC1-05A_2017","success","2017-07-13","2017-07-03",3,"2017-05-27",2017,"EM_MAOR",2.4,238,50,5,30.9312995910644,0
"EMMAOR_NDUGC1-06A_2017","failure","2017-05-25","2017-05-24",1,"2017-05-19",2017,"EM_MAOR",2.75,72,83.3333333333333,30,21.5,0
"EMMAOR_NDUGC1-06A_2017","failure","2017-06-06","2017-05-25",2,"2017-05-19",2017,"EM_MAOR",2.75,72,83.3333333333333,30,21.026750087738,0.48899998764197
"EMMAOR_NDUGC1-06A_2017","failure","2017-06-13","2017-06-06",3,"2017-05-19",2017,"EM_MAOR",2.75,72,83.3333333333333,30,16.7882858003889,2.3082857472556
"EMMAOR_NDUGC1-06A_2017","failure","2017-06-16","2017-06-13",4,"2017-05-19",2017,"EM_MAOR",2.75,72,83.3333333333333,30,17.0019995371501,0.571666677792867
"EMMAOR_NDUGC1-06A_2017","failure","2017-06-20","2017-06-16",5,"2017-05-19",2017,"EM_MAOR",2.75,72,83.3333333333333,30,23.6532497406006,0.745500028133392
"EMMAOR_NDUGC1-06B_2017","success","2017-06-20","2017-06-16",1,"2017-05-19",2017,"EM_MAOR",2.5,302,0,7.5,22.1719997406006,0.939400029182434
"EMMAOR_NDUGC1-06B_2017","success","2017-06-28","2017-06-20",2,"2017-05-19",2017,"EM_MAOR",2.5,302,0,7.5,27.2518751621246,0.141750000417233
"EMMAOR_NDUGC1-06B_2017","success","2017-07-03","2017-06-28",3,"2017-05-19",2017,"EM_MAOR",2.5,302,0,7.5,26.9045997619629,0
"EMMAOR_NDUGC1-10A_2016","success","2016-07-06","2016-06-28",1,"2016-06-11",2016,"EM_MAOR",1.3,58,8.33333333333333,7.5,27.0603332519531,0
"EMMAOR_NDUGC1-10A_2016","success","2016-07-11","2016-07-06",2,"2016-06-11",2016,"EM_MAOR",1.3,58,8.33333333333333,7.5,19.0754003524781,1.56660003662109
"EMMAOR_NDUGC1-10A_2016","success","2016-07-14","2016-07-11",3,"2016-06-11",2016,"EM_MAOR",1.3,58,8.33333333333333,7.5,21.0270004272461,0.599666667481264
"EMMAOR_NDUGC1-10A_2016","success","2016-07-20","2016-07-14",4,"2016-06-11",2016,"EM_MAOR",1.3,58,8.33333333333333,7.5,24.5245002110799,0.0736666669448217
"EMMAOR_NDUGC1-10A_2016","success","2016-07-21","2016-07-20",5,"2016-06-11",2016,"EM_MAOR",1.3,58,8.33333333333333,7.5,26.1620006561279,0
"EMMAOR_NDUGC1-10A_2016","success","2016-07-25","2016-07-21",6,"2016-06-11",2016,"EM_MAOR",1.3,58,8.33333333333333,7.5,27.0939998626709,0
"EMMAOR_NELKT1-05A_2015","success","2015-06-23","2015-06-18",1,"2015-05-28",2015,"EM_MAOR",1.4,152,100,12.5,24.2975002924601,0.223333338896433
"EMMAOR_NELKT1-05A_2015","success","2015-07-06","2015-06-23",2,"2015-05-28",2015,"EM_MAOR",1.4,152,100,12.5,30.9362311730018,0.0414615365175101
"EMMAOR_NELKT1-05A_2015","success","2015-07-08","2015-07-06",3,"2015-05-28",2015,"EM_MAOR",1.4,152,100,12.5,28.0019998550415,0.160500004887581
"EMMAOR_NELKT1-05A_2015","success","2015-07-14","2015-07-08",4,"2015-05-28",2015,"EM_MAOR",1.4,152,100,12.5,22.545999844869,3.56850000222524
"EMMAOR_NELKT2-01A_2021","failure","2021-07-07","2021-07-01",1,"2021-99-99",2021,"EM_MAOR",3,76,33.3333333333333,0,31.5788421630859,0.0975142802510943
"EMMAOR_NELKT2-01A_2021","failure","2021-07-09","2021-07-07",2,"2021-99-99",2021,"EM_MAOR",3,76,33.3333333333333,0,28.8711490631104,0
"EMMAOR_NELKT2-01A_2021","failure","2021-07-12","2021-07-09",3,"2021-99-99",2021,"EM_MAOR",3,76,33.3333333333333,0,31.7151991526286,0
"EMMAOR_NELKT2-01A_2021","failure","2021-07-20","2021-07-12",4,"2021-99-99",2021,"EM_MAOR",3,76,33.3333333333333,0,29.6706867218018,0
"EMMAOR_NELKT2-02A_2015","success","2015-07-07","2015-07-01",1,"2015-05-31",2015,"EM_MAOR",5.6,100,50,2.5,31.0531430925642,0
"EMMAOR_NELKT2-02A_2015","success","2015-07-08","2015-07-07",2,"2015-05-31",2015,"EM_MAOR",5.6,100,50,2.5,28.746000289917,0.47299998998642
"EMMAOR_NELKT2-02A_2015","success","2015-07-14","2015-07-08",3,"2015-05-31",2015,"EM_MAOR",5.6,100,50,2.5,22.861499786377,3.58316669861475
"EMMAOR_NELKT2-02A_2021","success","2021-06-21","2021-06-17",1,"2021-05-28",2021,"EM_MAOR",1.6,224,33.3333333333333,2.5,27.3897190093994,0
"EMMAOR_NELKT2-02A_2021","success","2021-07-01","2021-06-21",2,"2021-05-28",2021,"EM_MAOR",1.6,224,33.3333333333333,2.5,30.1529291152954,0.191279995441437
"EMMAOR_NELKT2-02A_2021","success","2021-07-07","2021-07-01",3,"2021-05-28",2021,"EM_MAOR",1.6,224,33.3333333333333,2.5,32.5045324961344,0.104766666889191
"EMMAOR_NELKT2-02A_2021","success","2021-07-08","2021-07-07",4,"2021-05-28",2021,"EM_MAOR",1.6,224,33.3333333333333,2.5,29.3477993011475,0
"EMMAOR_NELKT2-02A_2021","success","2021-07-09","2021-07-08",5,"2021-05-28",2021,"EM_MAOR",1.6,224,33.3333333333333,2.5,30.3867988586426,0
"EMMAOR_NELKT2-02A_2021","success","2021-07-12","2021-07-09",6,"2021-05-28",2021,"EM_MAOR",1.6,224,33.3333333333333,2.5,32.7969315846761,0
"EMMAOR_NELKT2-04A_2016","success","2016-06-28","2016-06-23",1,"2016-05-27",2016,"EM_MAOR",0.7,207,25,27.5,23.6630001068115,0.00166666662941376
"EMMAOR_NELKT2-04A_2016","success","2016-07-06","2016-06-28",2,"2016-05-27",2016,"EM_MAOR",0.7,207,25,27.5,26.3677499294281,0
"EMMAOR_NELKT2-04A_2016","success","2016-07-11","2016-07-06",3,"2016-05-27",2016,"EM_MAOR",0.7,207,25,27.5,18.422799873352,1.95739998817444
"EMMAOR_NELKT2-04A_2017","success","2017-06-13","2017-06-08",1,"2017-05-21",2017,"EM_MAOR",0.7,207,25,27.5,13.6476666132609,2.41100001335144
"EMMAOR_NELKT2-04A_2017","success","2017-06-21","2017-06-13",2,"2017-05-21",2017,"EM_MAOR",0.7,207,25,27.5,20.8159999847412,0.80875001847744
"EMMAOR_NELKT2-04A_2017","success","2017-06-26","2017-06-21",3,"2017-05-21",2017,"EM_MAOR",0.7,207,25,27.5,25.6885997772217,0.00020000000949949
"EMMAOR_NELKT2-04A_2017","success","2017-06-28","2017-06-26",4,"2017-05-21",2017,"EM_MAOR",0.7,207,25,27.5,26.5314998626709,0.768499970436095
"EMMAOR_NELKT2-04A_2017","success","2017-07-03","2017-06-28",5,"2017-05-21",2017,"EM_MAOR",0.7,207,25,27.5,25.6568000793457,0
"EMMAOR_NELKT2-04A_2017","success","2017-07-13","2017-07-03",6,"2017-05-21",2017,"EM_MAOR",0.7,207,25,27.5,29.4687995910644,0
"EMMAOR_NELKT2-05A_2019","success","2019-06-25","2019-06-21",1,"2019-05-25",2019,"EM_MAOR",1.1,49,25,10,16.2708003997803,0
"EMMAOR_NELKT2-05A_2019","success","2019-07-05","2019-06-25",2,"2019-05-25",2019,"EM_MAOR",1.1,49,25,10,20.8026998519898,0.315300004184246
"EMMAOR_NELKT2-05A_2019","success","2019-07-09","2019-07-05",3,"2019-05-25",2019,"EM_MAOR",1.1,49,25,10,23.6129999160767,0
"EMMAOR_NELKT2-06A_2015","success","2015-07-01","2015-06-18",1,"2015-05-23",2015,"EM_MAOR",2.2,30,83.3333333333333,5,28.2096429552351,0.14271428329604
"EMMAOR_NELKT2-06A_2015","success","2015-07-07","2015-07-01",2,"2015-05-23",2015,"EM_MAOR",2.2,30,83.3333333333333,5,30.9821669260661,0
"EMMAOR_NELKT2-06A_2017","success","2017-06-13","2017-06-06",1,"2017-05-17",2017,"EM_MAOR",2,148,83.3333333333333,0,16.7548750638962,1.86250001192093
"EMMAOR_NELKT2-06A_2017","success","2017-06-20","2017-06-13",2,"2017-05-17",2017,"EM_MAOR",2,148,83.3333333333333,0,20.5864286422729,0.84500002861023
"EMMAOR_NELKT2-06A_2017","success","2017-06-26","2017-06-20",3,"2017-05-17",2017,"EM_MAOR",2,148,83.3333333333333,0,26.9183333714803,0
"EMMAOR_NELKT2-06A_2017","success","2017-06-28","2017-06-26",4,"2017-05-17",2017,"EM_MAOR",2,148,83.3333333333333,0,27.4759998321533,0.69700002670288
"EMMAOR_NELKT2-06A_2017","success","2017-07-03","2017-06-28",5,"2017-05-17",2017,"EM_MAOR",2,148,83.3333333333333,0,26.5869998931885,0
"EMMAOR_NELKT2-07A_2021","success","2021-07-07","2021-07-01",1,"2021-05-28",2021,"EM_MAOR",1.3,110,8.33333333333333,2.5,32.5909418378557,0.0898000001907349
"EMMAOR_NELKT2-07A_2021","success","2021-07-08","2021-07-07",2,"2021-05-28",2021,"EM_MAOR",1.3,110,8.33333333333333,2.5,29.3477993011475,0
"EMMAOR_NELKT2-07A_2021","success","2021-07-09","2021-07-08",3,"2021-05-28",2021,"EM_MAOR",1.3,110,8.33333333333333,2.5,30.3867988586426,0
"EMMAOR_NELKT2-10A_2019","success","2019-06-25","2019-06-21",1,"2019-05-29",2019,"EM_MAOR",3,277,25,0,17.6500001907349,0
"EMMAOR_NELKT2-10A_2019","success","2019-07-09","2019-06-25",2,"2019-05-29",2019,"EM_MAOR",3,277,25,0,23.0506428309849,0.215571429048265
"EMMAOR_NELKT2-10A_2019","success","2019-07-12","2019-07-09",3,"2019-05-29",2019,"EM_MAOR",3,277,25,0,27.7873331705729,0
"EMMAOR_NELKT3-01A_2017","success","2017-06-21","2017-06-15",1,"2017-05-26",2017,"EM_MAOR",7.7,230,58.3333333333333,35,21.4292858668736,0.889571462358747
"EMMAOR_NELKT3-01A_2017","success","2017-06-26","2017-06-21",2,"2017-05-26",2017,"EM_MAOR",7.7,230,58.3333333333333,35,25.4795997619629,0.00179999992251396
"EMMAOR_NELKT3-01A_2017","success","2017-06-28","2017-06-26",3,"2017-05-26",2017,"EM_MAOR",7.7,230,58.3333333333333,35,26.2495002746582,0.80750000476837
"EMMAOR_NELKT3-01A_2017","success","2017-07-05","2017-06-28",4,"2017-05-26",2017,"EM_MAOR",7.7,230,58.3333333333333,35,26.3321432386126,0
"EMMAOR_NELKT3-01A_2017","success","2017-07-13","2017-07-05",5,"2017-05-26",2017,"EM_MAOR",7.7,230,58.3333333333333,35,29.4189999103546,0
"EMMAOR_NELKT3-03A_2014","failure","2014-06-30","2014-06-05",1,"2014-99-99",2014,"EM_MAOR",6.9,175,125,10,18.769961467156,0.442576925552343
"EMMAOR_NELKT3-03A_2019","failure","2019-06-27","2019-06-26",1,"2019-06-08",2019,"EM_MAOR",2.3,281,116.666666666667,25,19.4990005493164,0.333500004315283
"EMMAOR_NELKT3-03A_2019","failure","2019-06-30","2019-06-27",2,"2019-06-08",2019,"EM_MAOR",2.3,281,116.666666666667,25,18.289000193278,0.32466666897138
"EMMAOR_NELKT3-03A_2019","failure","2019-07-01","2019-06-30",3,"2019-06-08",2019,"EM_MAOR",2.3,281,116.666666666667,25,22.5939998626709,0
"EMMAOR_NELKT3-08A_2021","failure","2021-07-01","2021-06-25",1,"2021-06-08",2021,"EM_MAOR",2.8,75,0,47.5,29.723927634103,0
"EMMAOR_NELKT3-08A_2021","failure","2021-07-07","2021-07-01",2,"2021-06-08",2021,"EM_MAOR",2.8,75,0,47.5,31.2469984690348,0.0864833295345307
"EMMAOR_NELKT3-08A_2021","failure","2021-07-08","2021-07-07",3,"2021-06-08",2021,"EM_MAOR",2.8,75,0,47.5,28.1756992340088,0
"EMMAOR_NELKT3-08A_2021","failure","2021-07-09","2021-07-08",4,"2021-06-08",2021,"EM_MAOR",2.8,75,0,47.5,29.125,0
"EMMAOR_NELKT3-08A_2021","failure","2021-07-12","2021-07-09",5,"2021-06-08",2021,"EM_MAOR",2.8,75,0,47.5,31.7889995574951,0
"EMMAOR_NFLAGC1-02A_2015","success","2015-07-06","2015-07-01",1,"2015-05-30",2015,"EM_MAOR",1.8,200,66.6666666666667,20,31.2450008392334,0
"EMMAOR_NFLAGC1-02A_2015","success","2015-07-08","2015-07-06",2,"2015-05-30",2015,"EM_MAOR",1.8,200,66.6666666666667,20,28.7560005187988,0.195500001311302
"EMMAOR_NFLAGC1-02A_2015","success","2015-07-14","2015-07-08",3,"2015-05-30",2015,"EM_MAOR",1.8,200,66.6666666666667,20,22.6430002848307,3.6933332880338
"EMMAOR_NFLAGC1-05A_2015","failure","2015-07-01","2015-06-15",1,"2015-06-07",2015,"EM_MAOR",4,145,41.6666666666667,7.5,27.1967056498808,0.190764704171349
"EMMAOR_NFLAGC1-05A_2019","success","2019-06-17","2019-06-05",1,"2019-05-30",2019,"EM_MAOR",3.4,9,16.6666666666667,10,20.7910000727727,1.22100000198071
"EMMAOR_NFLAGC1-05A_2019","success","2019-06-21","2019-06-17",2,"2019-05-30",2019,"EM_MAOR",3.4,9,16.6666666666667,10,18.9627499580383,0
"EMMAOR_NFLAGC1-05A_2019","success","2019-07-09","2019-06-21",3,"2019-05-30",2019,"EM_MAOR",3.4,9,16.6666666666667,10,20.4255556000604,0.228999998394607
"EMMAOR_NFLAGC1-05A_2019","success","2019-07-12","2019-07-09",4,"2019-05-30",2019,"EM_MAOR",3.4,9,16.6666666666667,10,26.1186669667562,0
"EMMAOR_NFLAGC1-05A_2019","success","2019-07-19","2019-07-12",5,"2019-05-30",2019,"EM_MAOR",3.4,9,16.6666666666667,10,25.332428250994,0.711428599698203
"EMMAOR_NFLAGC1-06A_2016","success","2016-07-11","2016-07-06",1,"2016-06-04",2016,"EM_MAOR",1.7,104,25,17.5,19.7719999949137,1.2494999965032
"EMMAOR_NFLAGC1-06A_2016","success","2016-07-14","2016-07-11",2,"2016-06-04",2016,"EM_MAOR",1.7,104,25,17.5,21.3913332621257,0.780666669209797
"EMMAOR_NFLAGC1-06A_2016","success","2016-07-20","2016-07-14",3,"2016-06-04",2016,"EM_MAOR",1.7,104,25,17.5,24.7833334604899,0.118666668732961
"EMMAOR_NFLAGC1-06A_2016","success","2016-07-21","2016-07-20",4,"2016-06-04",2016,"EM_MAOR",1.7,104,25,17.5,26.5799999237061,0
"EMMAOR_NFLAGC1-06A_2017","success","2017-06-13","2017-06-06",1,"2017-05-25",2017,"EM_MAOR",4.2,340,58.3333333333333,20,16.7572500705719,2.28074991703034
"EMMAOR_NFLAGC1-06A_2017","success","2017-06-20","2017-06-13",2,"2017-05-25",2017,"EM_MAOR",4.2,340,58.3333333333333,20,20.1348571777344,0.689428567886353
"EMMAOR_NFLAGC1-06A_2017","success","2017-06-28","2017-06-20",3,"2017-05-25",2017,"EM_MAOR",4.2,340,58.3333333333333,20,26.6279997825623,0.198874995112419
"EMMAOR_NFLAGC1-06A_2017","success","2017-07-03","2017-06-28",4,"2017-05-25",2017,"EM_MAOR",4.2,340,58.3333333333333,20,26.3021999359131,0
"EMMAOR_NFLAGC1-06A_2017","success","2017-07-13","2017-07-03",5,"2017-05-25",2017,"EM_MAOR",4.2,340,58.3333333333333,20,30.3580001831055,0
"EMMAOR_NFLAGC1-07A_2014","failure","2014-06-19","2014-06-10",1,"2014-99-99",2014,"EM_MAOR",2.1,197,25,5,16.7852999687195,0.707200002670288
"EMMAOR_NFLAGC1-07A_2014","failure","2014-07-08","2014-06-19",2,"2014-99-99",2014,"EM_MAOR",2.1,197,25,5,24.4493682259008,0.655736844790609
"EMMAOR_NFLAGC1-08A_2015","success","2015-07-01","2015-06-10",1,"2015-05-24",2015,"EM_MAOR",9,224,33.3333333333333,22.5,26.5707270882346,0.147409089586951
"EMMAOR_NFLAGC1-08A_2015","success","2015-07-06","2015-07-01",2,"2015-05-24",2015,"EM_MAOR",9,224,33.3333333333333,22.5,31.2502010345459,0
"EMMAOR_NFLAGC1-08A_2015","success","2015-07-08","2015-07-06",3,"2015-05-24",2015,"EM_MAOR",9,224,33.3333333333333,22.5,28.7560005187988,0.195500001311302
"EMMAOR_NFLAGC2-03A_2019","success","2019-07-10","2019-07-01",1,"2019-06-05",2019,"EM_MAOR",6,262,75,10,23.2876996994019,0.129200005531311
"EMMAOR_NFLAGC2-03A_2019","success","2019-07-19","2019-07-10",2,"2019-06-05",2019,"EM_MAOR",6,262,75,10,26.4815555148654,0.579222211407291
"EMMAOR_NFLAGC2-06A_2019","success","2019-07-10","2019-07-09",1,"2019-06-12",2019,"EM_MAOR",12.3,19,50,12.5,23.5024995803833,0
"EMMAOR_NFLAGC2-06A_2019","success","2019-07-12","2019-07-10",2,"2019-06-12",2019,"EM_MAOR",12.3,19,50,12.5,27.8544998168945,0
"EMMAOR_NFLAGC2-06A_2019","success","2019-07-19","2019-07-12",3,"2019-06-12",2019,"EM_MAOR",12.3,19,50,12.5,26.0892857142857,0.744714271809374
"EMMAOR_NFLAGC2-06A_2019","success","2019-07-31","2019-07-19",4,"2019-06-12",2019,"EM_MAOR",12.3,19,50,12.5,28.4808333714803,0
"EMMAOR_NFLAGC2-10A_2015","success","2015-07-06","2015-06-08",1,"2015-05-26",2015,"EM_MAOR",1.95,182,133.333333333333,20,28.4281726047911,0.0333448283631226
"EMMAOR_NFLAGC2-10A_2015","success","2015-07-14","2015-07-06",2,"2015-05-26",2015,"EM_MAOR",1.95,182,133.333333333333,20,24.8332500457764,3.01900002360344
"EMMAOR_NFLAGC2-10A_2019","success","2019-07-01","2019-06-21",1,"2019-05-27",2019,"EM_MAOR",7.5,283,50,20,19.0452728271484,0.178181816231121
"EMMAOR_NFLAGC2-10A_2019","success","2019-07-05","2019-07-01",2,"2019-05-27",2019,"EM_MAOR",7.5,283,50,20,21.696249961853,0.323000013828277
"EMMAOR_NFLAGC2-10A_2019","success","2019-07-10","2019-07-05",3,"2019-05-27",2019,"EM_MAOR",7.5,283,50,20,24.3267993927002,0
"EMMAOR_NMDC1-07A_2017","success","2017-07-10","2017-06-26",1,"2017-05-21",2017,"EM_MAOR",2.8,230,83.3333333333333,7.5,29.4275333404541,0.07946666876475
"EMMAOR_NMDC2-04A_2019","success","2019-06-28","2019-06-20",1,"2019-06-01",2019,"EM_MAOR",2.2,182,16.6666666666667,22.5,15.8637777964274,0.213666670852237
"EMMAOR_NMDC2-04A_2019","success","2019-07-02","2019-06-28",2,"2019-06-01",2019,"EM_MAOR",2.2,182,16.6666666666667,22.5,21.2572503089905,0
"EMMAOR_NMDC2-04A_2019","success","2019-07-10","2019-07-02",3,"2019-06-01",2019,"EM_MAOR",2.2,182,16.6666666666667,22.5,20.8461248874664,0.233249998593237
"EMMAOR_NMDC2-04A_2019","success","2019-07-12","2019-07-10",4,"2019-06-01",2019,"EM_MAOR",2.2,182,16.6666666666667,22.5,26.1380004882812,0
"EMMAOR_NMDC2-04A_2019","success","2019-07-18","2019-07-12",5,"2019-06-01",2019,"EM_MAOR",2.2,182,16.6666666666667,22.5,24.4231669108073,1.03333334128062
"EMMAOR_NPAWT1-01A_2019","failure","2019-06-25","2019-06-17",1,"2019-05-30",2019,"EM_MAOR",2,291,58.3333333333333,30,19.3438890245226,0.0381111105283101
"EMMAOR_NPAWT1-01A_2019","failure","2019-07-03","2019-06-25",2,"2019-05-30",2019,"EM_MAOR",2,291,58.3333333333333,30,20.9966249465942,0.823500003665685
"EMMAOR_NPAWT1-02A_2014","failure","2014-06-25","2014-06-16",1,"2014-99-99",2014,"EM_MAOR",3.4,91,175,27.5,19.0416997909546,0.142000004649162
"EMMAOR_NPAWT1-03A_2016","success","2016-06-07","2016-06-03",1,"2016-06-03",2016,"EM_MAOR",1.2,58,33.3333333333333,10,26.8664001464844,0
"EMMAOR_NPAWT1-03A_2016","success","2016-06-14","2016-06-07",2,"2016-06-03",2016,"EM_MAOR",1.2,58,33.3333333333333,10,20.847142628261,0.423571416309902
"EMMAOR_NPAWT1-03A_2016","success","2016-06-15","2016-06-14",3,"2016-06-03",2016,"EM_MAOR",1.2,58,33.3333333333333,10,11.585000038147,0.430000007152557
"EMMAOR_NPAWT1-03A_2016","success","2016-07-05","2016-06-15",4,"2016-06-03",2016,"EM_MAOR",1.2,58,33.3333333333333,10,22.8510999679565,0.814700001478195
"EMMAOR_NPAWT1-03A_2016","success","2016-07-08","2016-07-05",5,"2016-06-03",2016,"EM_MAOR",1.2,58,33.3333333333333,10,22.0180002848308,0
"EMMAOR_NPAWT1-03A_2016","success","2016-07-12","2016-07-08",6,"2016-06-03",2016,"EM_MAOR",1.2,58,33.3333333333333,10,17.6912503242492,2.44549995660782
"EMMAOR_NPAWT1-03A_2016","success","2016-07-14","2016-07-12",7,"2016-06-03",2016,"EM_MAOR",1.2,58,33.3333333333333,10,23.0370006561279,0
"EMMAOR_NPAWT1-03A_2017","success","2017-07-06","2017-06-27",1,"2017-05-28",2017,"EM_MAOR",4.9,155,8.33333333333333,10,27.7017000198364,0.230100011825562
"EMMAOR_NPAWT1-03A_2017","success","2017-07-12","2017-07-06",2,"2017-05-28",2017,"EM_MAOR",4.9,155,8.33333333333333,10,30.4330002466838,0
"EMMAOR_NPAWT1-03A_2019","success","2019-06-14","2019-05-30",1,"2019-05-17",2019,"EM_MAOR",1,53,0,5,19.5439373850822,1.00950002297759
"EMMAOR_NPAWT1-03A_2019","success","2019-06-25","2019-06-14",2,"2019-05-17",2019,"EM_MAOR",1,53,0,5,19.6199091131037,0.0292727269909598
"EMMAOR_NPAWT1-03A_2019","success","2019-07-03","2019-06-25",3,"2019-05-17",2019,"EM_MAOR",1,53,0,5,20.3880002498627,0.828874994069338
"EMMAOR_NPAWT1-03A_2021","success","2021-06-08","2021-06-01",1,"2021-05-28",2021,"EM_MAOR",1.15,50,108.333333333333,2.5,23.6705495119095,0.485312491655349
"EMMAOR_NPAWT1-03A_2021","success","2021-06-18","2021-06-08",2,"2021-05-28",2021,"EM_MAOR",1.15,50,108.333333333333,2.5,20.9397793769837,0.134289991855621
"EMMAOR_NPAWT1-03A_2021","success","2021-06-24","2021-06-18",3,"2021-05-28",2021,"EM_MAOR",1.15,50,108.333333333333,2.5,27.8168325424194,0.574816654125849
"EMMAOR_NPAWT1-03A_2021","success","2021-06-28","2021-06-24",4,"2021-05-28",2021,"EM_MAOR",1.15,50,108.333333333333,2.5,29.5851740837097,0
"EMMAOR_NPAWT1-03A_2021","success","2021-07-06","2021-06-28",5,"2021-05-28",2021,"EM_MAOR",1.15,50,108.333333333333,2.5,32.72913646698,0
"EMMAOR_NPAWT1-03A_2021","success","2021-07-07","2021-07-06",6,"2021-05-28",2021,"EM_MAOR",1.15,50,108.333333333333,2.5,34.027099609375,0
"EMMAOR_NPAWT1-03A_2021","success","2021-07-08","2021-07-07",7,"2021-05-28",2021,"EM_MAOR",1.15,50,108.333333333333,2.5,29.0443992614746,0
"EMMAOR_NPAWT1-03A_2021","success","2021-07-09","2021-07-08",8,"2021-05-28",2021,"EM_MAOR",1.15,50,108.333333333333,2.5,29.8276996612549,0
"EMMAOR_NPAWT1-04A_2015","failure","2015-06-30","2015-06-16",1,"2015-06-10",2015,"EM_MAOR",3.2,259,25,37.5,27.36506690979,0.101399997870127
"EMMAOR_NPAWT1-04A_2015","failure","2015-07-02","2015-06-30",2,"2015-06-10",2015,"EM_MAOR",3.2,259,25,37.5,31.9394998550415,0
"EMMAOR_NPAWT1-04A_2015","failure","2015-07-06","2015-07-02",3,"2015-06-10",2015,"EM_MAOR",3.2,259,25,37.5,30.7204995155334,0
"EMMAOR_NPAWT1-04A_2015","failure","2015-07-08","2015-07-06",4,"2015-06-10",2015,"EM_MAOR",3.2,259,25,37.5,27.9519996643067,0
"EMMAOR_NPAWT1-05A_2015","success","2015-07-02","2015-06-29",1,"2015-06-01",2015,"EM_MAOR",0.7,65,83.3333333333333,0,32.1960000991821,0.171749994158745
"EMMAOR_NPAWT1-05A_2015","success","2015-07-06","2015-07-02",2,"2015-06-01",2015,"EM_MAOR",0.7,65,83.3333333333333,0,30.7204995155334,0
"EMMAOR_NPAWT1-05A_2015","success","2015-07-07","2015-07-06",3,"2015-06-01",2015,"EM_MAOR",0.7,65,83.3333333333333,0,27.6229991912842,0
"EMMAOR_NPAWT1-05A_2015","success","2015-07-13","2015-07-07",4,"2015-06-01",2015,"EM_MAOR",0.7,65,83.3333333333333,0,23.8585001627604,5.43516677618028
"EMMAOR_NPAWT1-05A_2015","success","2015-07-14","2015-07-13",5,"2015-06-01",2015,"EM_MAOR",0.7,65,83.3333333333333,0,20.2040004730225,0.531000018119812
"EMMAOR_NPAWT1-05A_2019","success","2019-07-09","2019-07-03",1,"2019-05-25",2019,"EM_MAOR",1.8,188,66.6666666666667,10,21.8584289550781,0.604428580829075
"EMMAOR_NPAWT1-05A_2021","success","2021-06-24","2021-06-18",1,"2021-05-25",2021,"EM_MAOR",2.9,235,41.6666666666667,10,27.6356563568115,0.492699989250728
"EMMAOR_NPAWT1-05A_2021","success","2021-06-28","2021-06-24",2,"2021-05-25",2021,"EM_MAOR",2.9,235,41.6666666666667,10,29.5851740837097,0
"EMMAOR_NPAWT1-05A_2021","success","2021-07-06","2021-06-28",3,"2021-05-25",2021,"EM_MAOR",2.9,235,41.6666666666667,10,32.72913646698,0
"EMMAOR_NPAWT1-05A_2021","success","2021-07-07","2021-07-06",4,"2021-05-25",2021,"EM_MAOR",2.9,235,41.6666666666667,10,34.027099609375,0
"EMMAOR_NPAWT1-07A_2015","failure","2015-07-06","2015-07-02",1,"2015-99-99",2015,"EM_MAOR",2,12,50,7.5,31.0875995635986,0
"EMMAOR_NPAWT1-07A_2015","failure","2015-07-08","2015-07-06",2,"2015-99-99",2015,"EM_MAOR",2,12,50,7.5,27.9519996643067,0
"EMMAOR_NPAWT1-08A_2015","success","2015-06-29","2015-06-16",1,"2015-06-01",2015,"EM_MAOR",1.5,178,16.6666666666667,65,27.0799288068499,0.108642854860851
"EMMAOR_NPAWT1-08A_2015","success","2015-07-02","2015-06-29",2,"2015-06-01",2015,"EM_MAOR",1.5,178,16.6666666666667,65,31.7453333536784,0
"EMMAOR_NPAWT1-08A_2015","success","2015-07-06","2015-07-02",3,"2015-06-01",2015,"EM_MAOR",1.5,178,16.6666666666667,65,30.7204995155334,0
"EMMAOR_NPAWT1-08A_2015","success","2015-07-07","2015-07-06",4,"2015-06-01",2015,"EM_MAOR",1.5,178,16.6666666666667,65,27.6229991912842,0
"EMMAOR_NPAWT1-08A_2015","success","2015-07-13","2015-07-07",5,"2015-06-01",2015,"EM_MAOR",1.5,178,16.6666666666667,65,23.8585001627604,5.43516677618028
"EMMAOR_NPAWT1-08A_2015","success","2015-07-14","2015-07-13",6,"2015-06-01",2015,"EM_MAOR",1.5,178,16.6666666666667,65,20.2040004730225,0.531000018119812
"EMMAOR_NPAWT1-08A_2021","success","2021-07-13","2021-07-08",1,"2021-06-04",2021,"EM_MAOR",5,51,158.333333333333,12.5,31.5963659286499,0
"EMMAOR_NPAWT1-08A_2021","success","2021-07-15","2021-07-13",2,"2021-06-04",2021,"EM_MAOR",5,51,158.333333333333,12.5,31.4702997207642,0
"EMMAOR_NPAWT1-08A_2021","success","2021-07-16","2021-07-15",3,"2021-06-04",2021,"EM_MAOR",5,51,158.333333333333,12.5,29.1052989959717,0
"EMMAOR_NPAWT1-08A_2021","success","2021-07-18","2021-07-16",4,"2021-06-04",2021,"EM_MAOR",5,51,158.333333333333,12.5,28.6156492233277,0
"EMMAOR_NPAWT1-09A_2014","failure","2014-06-25","2014-06-16",1,"2014-99-99",2014,"EM_MAOR",1,232,166.666666666667,0,19.0416997909546,0.142000004649162
"EMMAOR_NPAWT1-09A_2019","success","2019-06-25","2019-06-17",1,"2019-05-17",2019,"EM_MAOR",5.4,48,58.3333333333333,7.5,18.764333513048,0.0357777774333953
"EMMAOR_NPAWT1-09A_2019","success","2019-07-03","2019-06-25",2,"2019-05-17",2019,"EM_MAOR",5.4,48,58.3333333333333,7.5,20.3880002498627,0.828874994069338
"EMMAOR_NPRONGC1-01A_2019","success","2019-06-12","2019-06-06",1,"2019-05-20",2019,"EM_MAOR",1.7,283,16.6666666666667,12.5,18.0065712247576,1.50685708863395
"EMMAOR_NPRONGC1-01A_2019","success","2019-06-17","2019-06-12",2,"2019-05-20",2019,"EM_MAOR",1.7,283,16.6666666666667,12.5,25.1986000061035,0.553200006484986
"EMMAOR_NPRONGC1-01A_2019","success","2019-06-25","2019-06-17",3,"2019-05-20",2019,"EM_MAOR",1.7,283,16.6666666666667,12.5,18.5956251621246,0.0428749993443489
"EMMAOR_NPRONGC1-01A_2019","success","2019-07-02","2019-06-25",4,"2019-05-20",2019,"EM_MAOR",1.7,283,16.6666666666667,12.5,21.2322856358119,0.439857138054711
"EMMAOR_NPRONGC1-01A_2019","success","2019-07-09","2019-07-02",5,"2019-05-20",2019,"EM_MAOR",1.7,283,16.6666666666667,12.5,22.6358571733747,0.686857155391147
"EMMAOR_NPRONGC2-01A_2015","success","2015-06-29","2015-06-02",1,"2015-05-27",2015,"EM_MAOR",1.65,244,91.6666666666667,2.5,25.2833929743086,0.179285717861993
"EMMAOR_NPRONGC2-01A_2015","success","2015-07-06","2015-06-29",2,"2015-05-27",2015,"EM_MAOR",1.65,244,91.6666666666667,2.5,31.4217142377581,0
"EMMAOR_NPRONGC2-01A_2015","success","2015-07-07","2015-07-06",3,"2015-05-27",2015,"EM_MAOR",1.65,244,91.6666666666667,2.5,27.9890003204346,0
"EMMAOR_NPRONGC2-01A_2019","failure","2019-06-25","2019-06-13",1,"2019-99-99",2019,"EM_MAOR",1.7,215,41.6666666666667,0,20.9210769946759,0.276846158962984
"EMMAOR_NPRONGC2-01A_2019","failure","2019-07-02","2019-06-25",2,"2019-99-99",2019,"EM_MAOR",1.7,215,41.6666666666667,0,20.9552858897618,0.435714287417275
"EMMAOR_NPRONGC2-08A_2019","failure","2019-06-25","2019-06-13",1,"2019-06-01",2019,"EM_MAOR",2.4,232,75,10,20.9210769946759,0.276846158962984
"EMMAOR_NPRONGC2-08A_2019","failure","2019-07-02","2019-06-25",2,"2019-06-01",2019,"EM_MAOR",2.4,232,75,10,20.9552858897618,0.435714287417275
"EMMAOR_NRATT1-03A_2017","success","2017-07-10","2017-06-30",1,"2017-05-30",2017,"EM_MAOR",1.9,274,75,37.5,29.543272712014,0
"EMMAOR_NRATT1-03A_2017","success","2017-07-18","2017-07-10",2,"2017-05-30",2017,"EM_MAOR",1.9,274,75,37.5,28.2907502651214,0
"EMMAOR_NRATT1-07A_2016","success","2016-07-11","2016-07-05",1,"2016-05-27",2016,"EM_MAOR",1.8,356,108.333333333333,2.5,20.420142854963,0.95842857020242
"EMMAOR_NRATT1-07A_2016","success","2016-07-14","2016-07-11",2,"2016-05-27",2016,"EM_MAOR",1.8,356,108.333333333333,2.5,22.2506663004557,0
"EMMAOR_NRATT1-10A_2015","failure","2015-07-02","2015-06-25",1,"2015-99-99",2015,"EM_MAOR",2,232,75,25,31.5634999275208,0
"EMMAOR_NRATT1-10A_2015","failure","2015-07-07","2015-07-02",2,"2015-99-99",2015,"EM_MAOR",2,232,75,25,30.0217998504639,0
"EMMAOR_NRATT1-10A_2016","success","2016-06-22","2016-06-20",1,"2016-05-27",2016,"EM_MAOR",1.5,109,108.333333333333,27.5,23.3126665751139,0
"EMMAOR_NRATT1-10A_2016","success","2016-06-24","2016-06-22",2,"2016-05-27",2016,"EM_MAOR",1.5,109,108.333333333333,27.5,24.4095001220703,0
"EMMAOR_NRATT1-10A_2016","success","2016-06-28","2016-06-24",3,"2016-05-27",2016,"EM_MAOR",1.5,109,108.333333333333,27.5,24.8109998703003,0
"EMMAOR_NRATT1-10A_2016","success","2016-06-30","2016-06-28",4,"2016-05-27",2016,"EM_MAOR",1.5,109,108.333333333333,27.5,31.0515003204345,0
"EMMAOR_NRATT1-10A_2016","success","2016-07-05","2016-06-30",5,"2016-05-27",2016,"EM_MAOR",1.5,109,108.333333333333,27.5,26.8914001464844,0
"EMMAOR_NRATT1-10A_2016","success","2016-07-14","2016-07-05",6,"2016-05-27",2016,"EM_MAOR",1.5,109,108.333333333333,27.5,20.7721110449897,0.745444443490771
"EMMAOR_NRATT1-10A_2017","success","2017-06-14","2017-06-08",1,"2017-05-26",2017,"EM_MAOR",2,232,75,25,14.9329997471401,0.910285719803402
"EMMAOR_NRATT1-10A_2017","success","2017-06-20","2017-06-14",2,"2017-05-26",2017,"EM_MAOR",2,232,75,25,22.2760003407796,0.247833331425985
"EMMAOR_NRATT1-10A_2017","success","2017-06-22","2017-06-20",3,"2017-05-26",2017,"EM_MAOR",2,232,75,25,26.6785001754761,0
"EMMAOR_NRATT1-10A_2017","success","2017-06-30","2017-06-22",4,"2017-05-26",2017,"EM_MAOR",2,232,75,25,26.379499912262,0.0794999971985818
"EMMAOR_NRATT1-10A_2017","success","2017-07-10","2017-06-30",5,"2017-05-26",2017,"EM_MAOR",2,232,75,25,31.040899848938,0
"EMMAOR_NRATT2-10A_2017","success","2017-06-30","2017-06-20",1,"2017-05-27",2017,"EM_MAOR",3.7,350,41.6666666666667,27.5,26.9634546800093,0.192999996922233
"EMMAOR_NRATT2-10A_2017","success","2017-07-10","2017-06-30",2,"2017-05-27",2017,"EM_MAOR",3.7,350,41.6666666666667,27.5,31.040899848938,0
"EMMAOR_NRATT2-10A_2019","failure","2019-06-20","2019-06-06",1,"2019-05-30",2019,"EM_MAOR",1.9,135,75,5,20.8444665908813,0.85199999610583
"EMMAOR_NRATT2-10A_2019","failure","2019-06-28","2019-06-20",2,"2019-05-30",2019,"EM_MAOR",1.9,135,75,5,17.025624871254,0.195875003933907
"EMMAOR_NRATT2-10A_2019","failure","2019-07-02","2019-06-28",3,"2019-05-30",2019,"EM_MAOR",1.9,135,75,5,22.5570001602173,0
"EMMAOR_NSAGEC1-08A_2019","success","2019-07-03","2019-06-25",1,"2019-06-06",2019,"EM_MAOR",1.5,92,41.6666666666667,12.5,21.7831111484104,0.442111101415423
"EMMAOR_NSAGEC1-08A_2019","success","2019-07-10","2019-07-03",2,"2019-06-06",2019,"EM_MAOR",1.5,92,41.6666666666667,12.5,23.7688571384975,0.000142857149642493
"EMMAOR_NSAGEC1-08A_2019","success","2019-07-12","2019-07-10",3,"2019-06-06",2019,"EM_MAOR",1.5,92,41.6666666666667,12.5,28.7760000228882,0
"EMMAOR_NSAGEC1-08A_2019","success","2019-07-18","2019-07-12",4,"2019-06-06",2019,"EM_MAOR",1.5,92,41.6666666666667,12.5,26.8276662826538,0.938166638215383
"EMMAOR_NSAGEC1-09A_2015","failure","2015-06-22","2015-06-11",1,"2015-05-29",2015,"EM_MAOR",1.1,18,50,17.5,25.5164999961853,0.0359166661898295
"EMMAOR_NSAGEC1-09A_2015","failure","2015-06-23","2015-06-22",2,"2015-05-29",2015,"EM_MAOR",1.1,18,50,17.5,26.0879993438721,0
"EMMAOR_NSAGEC1-09A_2015","failure","2015-07-02","2015-06-23",3,"2015-05-29",2015,"EM_MAOR",1.1,18,50,17.5,32.1227775149875,0.057222220632765
"EMMAOR_NSAGEC1-09A_2015","failure","2015-07-07","2015-07-02",4,"2015-05-29",2015,"EM_MAOR",1.1,18,50,17.5,31.259599685669,0
"EMMAOR_NSAGEC1-09A_2019","success","2019-07-03","2019-06-25",1,"2019-05-18",2019,"EM_MAOR",1.3,9,16.6666666666667,7.5,21.7831111484104,0.442111101415423
"EMMAOR_NSAGEC1-10A_2015","failure","2015-06-22","2015-06-09",1,"2015-05-28",2015,"EM_MAOR",0.8,101,0,35,26.286285672869,0.0307857138769967
"EMMAOR_NSAGEC1-10A_2015","failure","2015-06-23","2015-06-22",2,"2015-05-28",2015,"EM_MAOR",0.8,101,0,35,26.0879993438721,0
"EMMAOR_NSAGEC1-10A_2015","failure","2015-07-02","2015-06-23",3,"2015-05-28",2015,"EM_MAOR",0.8,101,0,35,32.1227775149875,0.057222220632765
"EMMAOR_NSAGEC1-10A_2015","failure","2015-07-07","2015-07-02",4,"2015-05-28",2015,"EM_MAOR",0.8,101,0,35,31.259599685669,0
"EMMAOR_NSAGEC1-10A_2019","success","2019-07-03","2019-06-25",1,"2019-05-20",2019,"EM_MAOR",0.9,75,91.6666666666667,10,21.7831111484104,0.442111101415423
"EMMAOR_NSAGEC1-10B_2015","success","2015-07-02","2015-06-23",1,"2015-05-25",2015,"EM_MAOR",3.35,0,75,15,31.519299697876,0.0514999985694885
"EMMAOR_NSAGEC1-10B_2015","success","2015-07-07","2015-07-02",2,"2015-05-25",2015,"EM_MAOR",3.35,0,75,15,31.259599685669,0
"EMMAOR_NUPCA1-04A_2016","success","2016-07-05","2016-06-28",1,"2016-05-27",2016,"EM_MAOR",12.5,127,58.3333333333333,12.5,28.6771249771118,0
"EMMAOR_NUPCA1-04A_2016","success","2016-07-11","2016-07-05",2,"2016-05-27",2016,"EM_MAOR",12.5,127,58.3333333333333,12.5,20.2935002644857,1.64449997742971
"EMMAOR_NUPCA1-04A_2017","success","2017-07-10","2017-06-27",1,"2017-05-23",2017,"EM_MAOR",1.7,222,33.3333333333333,22.5,29.5787857600621,0.0812142831938607
"EMMAOR_NUPCA1-05A_2017","success","2017-06-14","2017-06-07",1,"2017-05-22",2017,"EM_MAOR",8.6,324,0,10,16.8186247348786,0.753624998033047
"EMMAOR_NUPCA1-05A_2017","success","2017-06-27","2017-06-14",2,"2017-05-22",2017,"EM_MAOR",8.6,324,0,10,25.1260000375601,0.244000003888057
"EMMAOR_NUPCA1-05A_2017","success","2017-07-10","2017-06-27",3,"2017-05-22",2017,"EM_MAOR",8.6,324,0,10,29.6333847045898,0
"EMMAOR_NUPCA1-08A_2017","success","2017-06-14","2017-06-07",1,"2017-05-22",2017,"EM_MAOR",2.1,144,41.6666666666667,20,17.9617500305176,0.56675000116229
"EMMAOR_NUPCA1-08A_2017","success","2017-06-27","2017-06-14",2,"2017-05-22",2017,"EM_MAOR",2.1,144,41.6666666666667,20,26.3473842327411,0.226461534316723
"EMMAOR_NUPCA1-08A_2017","success","2017-07-10","2017-06-27",3,"2017-05-22",2017,"EM_MAOR",2.1,144,41.6666666666667,20,30.776307619535,0
"EMMAOR_NUPCB1-04A_2017","success","2017-06-14","2017-06-08",1,"2017-05-24",2017,"EM_MAOR",2.2,352,25,25,15.1611426217216,1.09285714796611
"EMMAOR_NUPCB1-04A_2017","success","2017-06-26","2017-06-14",2,"2017-05-24",2017,"EM_MAOR",2.2,352,25,25,24.5266666412354,0.175583337123196
"EMMAOR_NUPCB1-04A_2017","success","2017-07-10","2017-06-26",3,"2017-05-24",2017,"EM_MAOR",2.2,352,25,25,29.2501430511475,0.0862857103347779
"EMMAOR_NUPCB1-07A_2017","success","2017-06-14","2017-06-08",1,"2017-06-01",2017,"EM_MAOR",2.9,226,58.3333333333333,12.5,15.5038569314139,0.861285712037768
"EMMAOR_NUPCB1-07A_2017","success","2017-06-26","2017-06-14",2,"2017-06-01",2017,"EM_MAOR",2.9,226,58.3333333333333,12.5,24.8140834172567,0.169583340485891
"EMMAOR_NUPCB1-07A_2017","success","2017-07-10","2017-06-26",3,"2017-06-01",2017,"EM_MAOR",2.9,226,58.3333333333333,12.5,29.5787857600621,0.0812142831938607
"EMMAOR_NUPCB1-07A_2017","success","2017-07-18","2017-07-10",4,"2017-06-01",2017,"EM_MAOR",2.9,226,58.3333333333333,12.5,29.3413751125336,0
"EMMAOR_NUPCB1-07A_2019","success","2019-07-10","2019-06-28",1,"2019-05-30",2019,"EM_MAOR",2.9,226,58.3333333333333,12.5,21.6428461074829,0.185923076592959
"EMMAOR_NUPCB1-07A_2019","success","2019-07-12","2019-07-10",2,"2019-05-30",2019,"EM_MAOR",2.9,226,58.3333333333333,12.5,27.3689994812012,0
"EMMAOR_NWOLFC1-01A_2017","success","2017-07-05","2017-06-27",1,"2017-05-25",2017,"EM_MAOR",1.75,160,91.6666666666667,5,27.8285554250082,0.165999995337592
"EMMAOR_NWOLFC1-01A_2017","success","2017-07-11","2017-07-05",2,"2017-05-25",2017,"EM_MAOR",1.75,160,91.6666666666667,5,31.7804997762044,0
"EMMAOR_NWOLFC1-01A_2019","success","2019-06-12","2019-06-06",1,"2019-05-22",2019,"EM_MAOR",3.2,154,41.6666666666667,5,18.2365715844291,1.17428569708552
"EMMAOR_NWOLFC1-01A_2019","success","2019-06-18","2019-06-12",2,"2019-05-22",2019,"EM_MAOR",3.2,154,41.6666666666667,5,25.2793337504069,0.978333314259847
"EMMAOR_NWOLFC1-01A_2019","success","2019-06-27","2019-06-18",3,"2019-05-22",2019,"EM_MAOR",3.2,154,41.6666666666667,5,18.6486666997274,0.135000003708733
"EMMAOR_NWOLFC1-01A_2019","success","2019-07-03","2019-06-27",4,"2019-05-22",2019,"EM_MAOR",3.2,154,41.6666666666667,5,21.3611666361491,0.299000004927317
"EMMAOR_NWOLFC1-01A_2019","success","2019-07-09","2019-07-03",5,"2019-05-22",2019,"EM_MAOR",3.2,154,41.6666666666667,5,22.8093334833781,0
"EMMAOR_NWOLFC1-03A_2015","success","2015-06-22","2015-06-16",1,"2015-05-28",2015,"EM_MAOR",5.1,266,33.3333333333333,17.5,25.4028568267822,0.0798571450369699
"EMMAOR_NWOLFC1-03A_2015","success","2015-06-30","2015-06-22",2,"2015-05-28",2015,"EM_MAOR",5.1,266,33.3333333333333,17.5,30.5185000896454,0.0507499985396863
"EMMAOR_NWOLFC1-03A_2015","success","2015-07-07","2015-06-30",3,"2015-05-28",2015,"EM_MAOR",5.1,266,33.3333333333333,17.5,31.3957143511091,0
"EMMAOR_NWOLFC1-03A_2015","success","2015-07-10","2015-07-07",4,"2015-05-28",2015,"EM_MAOR",5.1,266,33.3333333333333,17.5,27.1666666666667,1.00799995660782
"EMMAOR_NWOLFC1-03A_2015","success","2015-07-13","2015-07-10",5,"2015-05-28",2015,"EM_MAOR",5.1,266,33.3333333333333,17.5,21.9046662648519,6.79900002479552
"EMMAOR_NWOLFC1-03A_2016","success","2016-07-05","2016-06-29",1,"2016-05-28",2016,"EM_MAOR",5.1,162,33.3333333333333,22.5,28.16428565979,0
"EMMAOR_NWOLFC1-03A_2016","success","2016-07-07","2016-07-05",2,"2016-05-28",2016,"EM_MAOR",5.1,162,33.3333333333333,22.5,21.6575002670289,0
"EMMAOR_NWOLFC1-03A_2016","success","2016-07-12","2016-07-07",3,"2016-05-28",2016,"EM_MAOR",5.1,162,33.3333333333333,22.5,19.5958002090454,1.6731999874115
"EMMAOR_NWOLFC1-03A_2019","success","2019-06-27","2019-06-18",1,"2019-05-28",2019,"EM_MAOR",2.4,111,50,0,19.2060000419617,0.12150000333786
"EMMAOR_NWOLFC1-03A_2019","success","2019-07-09","2019-06-27",2,"2019-05-28",2019,"EM_MAOR",2.4,111,50,0,22.0852500597636,0.149500002463658
"EMMAOR_NWOLFC1-03A_2019","success","2019-07-11","2019-07-09",3,"2019-05-28",2019,"EM_MAOR",2.4,111,50,0,25.9685001373291,0.351999998092651
"EMMAOR_NWOLFC1-07A_2015","success","2015-06-22","2015-06-04",1,"2015-05-25",2015,"EM_MAOR",3.1,295,0,5,23.5669473346911,0.0682631574178997
"EMMAOR_NWOLFC1-07A_2015","success","2015-06-30","2015-06-22",2,"2015-05-25",2015,"EM_MAOR",3.1,295,0,5,29.293999671936,0.0648749992251396
"EMMAOR_NWOLFC1-07A_2015","success","2015-07-07","2015-06-30",3,"2015-05-25",2015,"EM_MAOR",3.1,295,0,5,30.3798569270543,0
"EMMAOR_NWOLFC1-07A_2017","success","2017-06-27","2017-06-19",1,"2017-05-18",2017,"EM_MAOR",3.1,295,0,5,26.8872225019667,0.526999986833995
"EMMAOR_NWOLFC1-07A_2017","success","2017-07-05","2017-06-27",2,"2017-05-18",2017,"EM_MAOR",3.1,295,0,5,26.602499961853,0
"EMMAOR_NWOLFC1-08A_2019","failure","2019-06-26","2019-06-18",1,"2019-05-17",2019,"EM_MAOR",3.5,40,75,25,17.9258889092339,0.0476666655805376
"EMMAOR_NWOLFC2-01A_2017","success","2017-07-06","2017-06-29",1,"2017-05-23",2017,"EM_MAOR",3,106,66.6666666666667,2.5,27.3156249523163,0
"EMMAOR_NWOLFC2-02A_2015","success","2015-07-07","2015-06-30",1,"2015-05-28",2015,"EM_MAOR",9,173,8.33333333333333,27.5,30.4409997463226,0
"EMMAOR_NWOLFC2-02A_2015","success","2015-07-13","2015-07-07",2,"2015-05-28",2015,"EM_MAOR",9,173,8.33333333333333,27.5,23.4064998626709,3.78949995835622
"EMMAOR_NWOLFC2-03A_2016","success","2016-07-12","2016-07-07",1,"2016-05-30",2016,"EM_MAOR",1.5,99,66.6666666666667,15,18.8133333524068,1.51983332633972
"EMMAOR_NWOLFC2-08A_2017","success","2017-07-06","2017-06-29",1,"2017-05-21",2017,"EM_MAOR",4.1,330,25,12.5,27.3156249523163,0
"EMMAOR_NWOLFC2-09A_2015","success","2015-07-07","2015-06-22",1,"2015-06-01",2015,"EM_MAOR",1.8,251,25,25,29.4162497520447,0.0804999992251396
"EMMAOR_NWOLFC2-09A_2015","success","2015-07-13","2015-07-07",2,"2015-06-01",2015,"EM_MAOR",1.8,251,25,25,23.4064998626709,3.78949995835622
"EMMAOR_NWOLFC2-09A_2016","success","2016-06-29","2016-06-27",1,"2016-05-27",2016,"EM_MAOR",2,216,75,22.5,29.1889998118083,0
"EMMAOR_NWOLFC2-09A_2016","success","2016-07-05","2016-06-29",2,"2016-05-27",2016,"EM_MAOR",2,216,75,22.5,26.8058331807455,0
"EMMAOR_NWOLFC2-09A_2016","success","2016-07-07","2016-07-05",3,"2016-05-27",2016,"EM_MAOR",2,216,75,22.5,20.6520004272461,0
"EMMAOR_NWOLFTA3-09A_2017","success","2017-07-12","2017-07-06",1,"2017-06-02",2017,"EM_MAOR",0.75,100,108.333333333333,27.5,30.1969999585833,0
"EMMAOR_NWOLFTA3-09A_2017","success","2017-07-18","2017-07-12",2,"2017-06-02",2017,"EM_MAOR",0.75,100,108.333333333333,27.5,29.3213335673014,0
"EMMAOR_NWOLFTB1-06A_2015","failure","2015-06-22","2015-06-04",1,"2015-06-01",2015,"EM_MAOR",1.75,159,16.6666666666667,12.5,23.4214735533062,0.0673684226839166
"EMMAOR_NWOLFTB1-06A_2015","failure","2015-06-29","2015-06-22",2,"2015-06-01",2015,"EM_MAOR",1.75,159,16.6666666666667,12.5,28.8325715746198,0.0805714300700596
"EMMAOR_NWOLFTB1-06A_2015","failure","2015-07-02","2015-06-29",3,"2015-06-01",2015,"EM_MAOR",1.75,159,16.6666666666667,12.5,31.2716668446859,0
"EMMAOR_NWOLFTB1-06A_2016","failure","2016-06-15","2016-06-13",1,"2016-05-26",2016,"EM_MAOR",1.3,20,25,5,16.60666624705,0.42733331521352
"EMMAOR_NWOLFTB1-06A_2016","failure","2016-06-20","2016-06-15",2,"2016-05-26",2016,"EM_MAOR",1.3,20,25,5,13.229400062561,3.07899994850159
"EMMAOR_NWOLFTB1-06A_2016","failure","2016-06-23","2016-06-20",3,"2016-05-26",2016,"EM_MAOR",1.3,20,25,5,23.8456662495931,0
"EMMAOR_NWOLFTB1-06A_2016","failure","2016-06-27","2016-06-23",4,"2016-05-26",2016,"EM_MAOR",1.3,20,25,5,21.2567496299744,0
"EMMAOR_NWOLFTB1-06A_2016","failure","2016-07-08","2016-06-27",5,"2016-05-26",2016,"EM_MAOR",1.3,20,25,5,25.3452729311856,0.0489090897820213
"EMMAOR_NWOLFTB3-08A_2015","failure","2015-07-10","2015-07-02",1,"2015-06-13",2015,"EM_MAOR",2.7,346,41.6666666666667,10,28.2229999966092,0.33166666328907
"EMMAOR_NWOLFTB4-10A_2015","failure","2015-06-24","2015-06-16",1,"2015-05-28",2015,"EM_MAOR",1.2,108,25,0,24.6591110229492,0.0856666697396172
"EMMAOR_NWOLFTB4-10A_2015","failure","2015-07-07","2015-06-24",2,"2015-05-28",2015,"EM_MAOR",1.2,108,25,0,31.0018460200383,0.0463846142475422
"EMMAOR_NWOLFTB4-10A_2015","failure","2015-07-08","2015-07-07",3,"2015-05-28",2015,"EM_MAOR",1.2,108,25,0,28.3889999389648,0
"EMPAID_N1WS05A_2013","success","2013-07-08","2013-07-02",1,"2013-06-27",2013,"EM_PAID",2.5,147,116.666666666667,15,32.6647139957973,0
"EMPAID_N1WS05A_2013","success","2013-07-11","2013-07-08",2,"2013-06-27",2013,"EM_PAID",2.5,147,116.666666666667,15,32.3443330128988,0
"EMPAID_N1WS05A_2013","success","2013-07-15","2013-07-11",3,"2013-06-27",2013,"EM_PAID",2.5,147,116.666666666667,15,28.5077495574951,0
"EMPAID_N1WS05A_2013","success","2013-07-16","2013-07-15",4,"2013-06-27",2013,"EM_PAID",2.5,147,116.666666666667,15,34.2360000610352,0
"EMPAID_N1WS05A_2013","success","2013-07-17","2013-07-16",5,"2013-06-27",2013,"EM_PAID",2.5,147,116.666666666667,15,33.859001159668,0
"EMPAID_N1WS05A_2013","success","2013-07-23","2013-07-17",6,"2013-06-27",2013,"EM_PAID",2.5,147,116.666666666667,15,33.6408335367839,0
"EMPAID_N1WS05A_2013","success","2013-07-29","2013-07-23",7,"2013-06-27",2013,"EM_PAID",2.5,147,116.666666666667,15,33.3603340784708,0
"EMPAID_N1WS05A_2013","success","2013-08-01","2013-07-29",8,"2013-06-27",2013,"EM_PAID",2.5,147,116.666666666667,15,30.281333287557,0
"EMPAID_N1WS05A_2013","success","2013-08-05","2013-08-01",9,"2013-06-27",2013,"EM_PAID",2.5,147,116.666666666667,15,27.2237496376037,0.62075001001358
"EMPAID_N1WS05A_2013","success","2013-08-08","2013-08-05",10,"2013-06-27",2013,"EM_PAID",2.5,147,116.666666666667,15,31.7319997151693,0
"EMPAID_N1WS06A_2019","success","2019-06-21","2019-06-20",1,"2019-05-31",2019,"EM_PAID",1.75,212,8.33333333333333,40,16.9190001487732,0.360500007867813
"EMPAID_N1WS06A_2019","success","2019-06-26","2019-06-21",2,"2019-05-31",2019,"EM_PAID",1.75,212,8.33333333333333,40,19.9055995941162,0.167999994754791
"EMPAID_N1WS06A_2019","success","2019-07-02","2019-06-26",3,"2019-05-31",2019,"EM_PAID",1.75,212,8.33333333333333,40,24.7326666514079,0
"EMPAID_N1WS06A_2019","success","2019-07-05","2019-07-02",4,"2019-05-31",2019,"EM_PAID",1.75,212,8.33333333333333,40,24.283000310262,0
"EMPAID_N1WS06A_2019","success","2019-07-08","2019-07-05",5,"2019-05-31",2019,"EM_PAID",1.75,212,8.33333333333333,40,27.9796670277913,0
"EMPAID_N1WS06A_2019","success","2019-07-09","2019-07-08",6,"2019-05-31",2019,"EM_PAID",1.75,212,8.33333333333333,40,23.1000003814697,0
"EMPAID_N1WS07A_2013","failure","2013-06-12","2013-06-05",1,"2013-05-26",2013,"EM_PAID",4.6,62,8.33333333333333,7.5,27.0706248283386,0
"EMPAID_N1WS07A_2013","failure","2013-06-14","2013-06-12",2,"2013-05-26",2013,"EM_PAID",4.6,62,8.33333333333333,7.5,20.4694995880126,1.32199996709824
"EMPAID_N1WS07A_2014","success","2014-06-12","2014-06-02",1,"2014-05-25",2014,"EM_PAID",3,268,0,10,24.8059090701016,0.0614545453678478
"EMPAID_N1WS07A_2014","success","2014-06-17","2014-06-12",2,"2014-05-25",2014,"EM_PAID",3,268,0,10,18.6076000213623,1.22399997711182
"EMPAID_N1WS07A_2014","success","2014-06-24","2014-06-17",3,"2014-05-25",2014,"EM_PAID",3,268,0,10,22.2190002713885,0.794428561414992
"EMPAID_N1WS07A_2014","success","2014-07-02","2014-06-24",4,"2014-05-25",2014,"EM_PAID",3,268,0,10,23.3133749961853,1.24674997478724
"EMPAID_N1WS07A_2014","success","2014-07-08","2014-07-02",5,"2014-05-25",2014,"EM_PAID",3,268,0,10,32.9875008265178,0
"EMPAID_N1WS07A_2017","failure","2017-06-27","2017-06-23",1,"2017-06-22",2017,"EM_PAID",3.7,182,16.6666666666667,27.5,28.9286003112793,0.025400000717491
"EMPAID_N1WS07A_2017","failure","2017-06-30","2017-06-27",2,"2017-06-22",2017,"EM_PAID",3.7,182,16.6666666666667,27.5,25.611333211263,0.592666665712993
"EMPAID_N1WS07A_2017","failure","2017-07-03","2017-06-30",3,"2017-06-22",2017,"EM_PAID",3.7,182,16.6666666666667,27.5,30.404333114624,0
"EMPAID_N1WS07A_2017","failure","2017-07-06","2017-07-03",4,"2017-06-22",2017,"EM_PAID",3.7,182,16.6666666666667,27.5,32.9983329772949,0
"EMPAID_N1WS07A_2017","failure","2017-07-07","2017-07-06",5,"2017-06-22",2017,"EM_PAID",3.7,182,16.6666666666667,27.5,34.9640007019043,0
"EMPAID_N1WS07A_2017","failure","2017-07-10","2017-07-07",6,"2017-06-22",2017,"EM_PAID",3.7,182,16.6666666666667,27.5,35.6100006103516,0
"EMPAID_N1WS07A_2017","failure","2017-07-12","2017-07-10",7,"2017-06-22",2017,"EM_PAID",3.7,182,16.6666666666667,27.5,29.7299995422363,0
"EMPAID_N1WS07A_2017","failure","2017-07-17","2017-07-12",8,"2017-06-22",2017,"EM_PAID",3.7,182,16.6666666666667,27.5,32.5816005706787,0
"EMPAID_N1WS07A_2017","failure","2017-07-18","2017-07-17",9,"2017-06-22",2017,"EM_PAID",3.7,182,16.6666666666667,27.5,29.7609996795654,0
"EMPAID_N1WS07A_2018","success","2018-07-05","2018-07-02",1,"2018-05-28",2018,"EM_PAID",3.4,272,0,5,24.0787496566772,0.00749999983236193
"EMPAID_N1WS07A_2018","success","2018-07-09","2018-07-05",2,"2018-05-28",2018,"EM_PAID",3.4,272,0,5,31.156750202179,0
"EMPAID_N1WS07A_2019","success","2019-06-21","2019-06-20",1,"2019-05-27",2019,"EM_PAID",2.2,190,33.3333333333333,30,16.9190001487732,0.360500007867813
"EMPAID_N1WS07A_2019","success","2019-06-26","2019-06-21",2,"2019-05-27",2019,"EM_PAID",2.2,190,33.3333333333333,30,19.9055995941162,0.167999994754791
"EMPAID_N1WS07A_2019","success","2019-07-02","2019-06-26",3,"2019-05-27",2019,"EM_PAID",2.2,190,33.3333333333333,30,24.7326666514079,0
"EMPAID_N1WS07A_2019","success","2019-07-05","2019-07-02",4,"2019-05-27",2019,"EM_PAID",2.2,190,33.3333333333333,30,24.283000310262,0
"EMPAID_N1WS07A_2019","success","2019-07-08","2019-07-05",5,"2019-05-27",2019,"EM_PAID",2.2,190,33.3333333333333,30,27.9796670277913,0
"EMPAID_N1WS09A_2017","success","2017-06-30","2017-06-27",1,"2017-05-26",2017,"EM_PAID",2.6,248,25,2.5,27.2550001144409,0.475250000134111
"EMPAID_N1WS09A_2017","success","2017-07-03","2017-06-30",2,"2017-05-26",2017,"EM_PAID",2.6,248,25,2.5,30.404333114624,0
"EMPAID_N1WS09A_2017","success","2017-07-06","2017-07-03",3,"2017-05-26",2017,"EM_PAID",2.6,248,25,2.5,32.9983329772949,0
"EMPAID_N1WS09A_2018","success","2018-06-05","2018-05-30",1,"2018-05-29",2018,"EM_PAID",2.5,68,16.6666666666667,15,21.7340000697545,3.29257146162646
"EMPAID_N1WS09A_2018","success","2018-06-08","2018-06-05",2,"2018-05-29",2018,"EM_PAID",2.5,68,16.6666666666667,15,25.2176666259766,0.55133334795634
"EMPAID_N1WS09A_2018","success","2018-06-15","2018-06-08",3,"2018-05-29",2018,"EM_PAID",2.5,68,16.6666666666667,15,20.9834285463605,1.14657144035612
"EMPAID_N1WS09A_2018","success","2018-06-19","2018-06-15",4,"2018-05-29",2018,"EM_PAID",2.5,68,16.6666666666667,15,18.8347499370575,0.953749984502793
"EMPAID_N1WS09A_2018","success","2018-06-25","2018-06-19",5,"2018-05-29",2018,"EM_PAID",2.5,68,16.6666666666667,15,23.796833674113,1.6831667025884
"EMPAID_N1WS09A_2018","success","2018-06-29","2018-06-25",6,"2018-05-29",2018,"EM_PAID",2.5,68,16.6666666666667,15,25.8017501831055,0
"EMPAID_N1WS09A_2018","success","2018-07-02","2018-06-29",7,"2018-05-29",2018,"EM_PAID",2.5,68,16.6666666666667,15,23.691666285197,0
"EMPAID_N1WS09A_2018","success","2018-07-05","2018-07-02",8,"2018-05-29",2018,"EM_PAID",2.5,68,16.6666666666667,15,23.7306664784749,0.00999999977648257
"EMPAID_N1WS09A_2018","success","2018-07-09","2018-07-05",9,"2018-05-29",2018,"EM_PAID",2.5,68,16.6666666666667,15,31.156750202179,0
"EMPAID_N1WS09A_2018","success","2018-07-12","2018-07-09",10,"2018-05-29",2018,"EM_PAID",2.5,68,16.6666666666667,15,30.5050004323324,0
"EMPAID_N2WS05A_2017","failure","2017-06-01","2017-05-25",1,"2017-05-12",2017,"EM_PAID",1.5,223,33.3333333333333,15,21.8890000581741,0.526000007987022
"EMPAID_N2WS05A_2017","failure","2017-06-07","2017-06-01",2,"2017-05-12",2017,"EM_PAID",1.5,223,33.3333333333333,15,22.2013336817423,2.95949992040793
"EMPAID_N2WS05A_2017","failure","2017-06-15","2017-06-07",3,"2017-05-12",2017,"EM_PAID",1.5,223,33.3333333333333,15,17.1854999065399,2.38975003361702
"EMPAID_N2WS05A_2017","failure","2017-06-20","2017-06-15",4,"2017-05-12",2017,"EM_PAID",1.5,223,33.3333333333333,15,20.5552000045776,0.975999975204468
"EMPAID_NB-S01A_2014","success","2014-06-28","2014-06-26",1,"2014-06-06",2014,"EM_PAID",3.6,154,0,15,17.8766670227051,4.64566673835119
"EMPAID_NB-S01A_2014","success","2014-06-30","2014-06-28",2,"2014-06-06",2014,"EM_PAID",3.6,154,0,15,19.3804998397827,0
"EMPAID_NB-S01A_2014","success","2014-07-09","2014-06-30",3,"2014-06-06",2014,"EM_PAID",3.6,154,0,15,29.9856669108073,0
"EMPAID_NB-S01A_2014","success","2014-07-16","2014-07-09",4,"2014-06-06",2014,"EM_PAID",3.6,154,0,15,31.3497142791748,0.133571428912027
"EMPAID_NB-T01A_2016","success","2016-06-27","2016-06-23",1,"2016-05-30",2016,"EM_PAID",1.4,28,41.6666666666667,7.5,23.7643997192383,0
"EMPAID_NB-T01A_2016","success","2016-06-30","2016-06-27",2,"2016-05-30",2016,"EM_PAID",1.4,28,41.6666666666667,7.5,32.4989999135335,0
"EMPAID_NB-T01A_2016","success","2016-07-07","2016-06-30",3,"2016-05-30",2016,"EM_PAID",1.4,28,41.6666666666667,7.5,26.5197140829904,0
"EMPAID_NB-T01A_2016","success","2016-07-11","2016-07-07",4,"2016-05-30",2016,"EM_PAID",1.4,28,41.6666666666667,7.5,18.9000000953674,7.721750035882
"EMPAID_NB-T01A_2018","success","2018-06-26","2018-06-20",1,"2018-05-25",2018,"EM_PAID",3.7,338,0,2.5,21.8085716792515,1.89728571687426
"EMPAID_NB-T01A_2018","success","2018-06-28","2018-06-26",2,"2018-05-25",2018,"EM_PAID",3.7,338,0,2.5,24.1105003356933,0
"EMPAID_NB-T01A_2018","success","2018-07-02","2018-06-28",3,"2018-05-25",2018,"EM_PAID",3.7,338,0,2.5,21.0520000457764,0
"EMPAID_NB-T01A_2018","success","2018-07-05","2018-07-02",4,"2018-05-25",2018,"EM_PAID",3.7,338,0,2.5,21.6500002543132,0
"EMPAID_NB-T01A_2019","success","2019-07-01","2019-06-25",1,"2019-05-23",2019,"EM_PAID",3.3,50,75,2.5,21.4370000021798,0.162285719599043
"EMPAID_NB-T01A_2019","success","2019-07-03","2019-07-01",2,"2019-05-23",2019,"EM_PAID",3.3,50,75,2.5,24.6659994125366,0
"EMPAID_NB-T01A_2019","success","2019-07-05","2019-07-03",3,"2019-05-23",2019,"EM_PAID",3.3,50,75,2.5,22.6675004959107,0
"EMPAID_NB-T02A_2015","failure","2015-06-24","2015-06-17",1,"2015-06-14",2015,"EM_PAID",1.3,331,50,0,26.0329999923706,0.280375003814697
"EMPAID_NB-T02A_2015","failure","2015-06-30","2015-06-24",2,"2015-06-14",2015,"EM_PAID",1.3,331,50,0,33.2496662139893,0
"EMPAID_NB-T02A_2015","failure","2015-07-02","2015-06-30",3,"2015-06-14",2015,"EM_PAID",1.3,331,50,0,33.5384998321533,0
"EMPAID_NB-T02A_2015","failure","2015-07-06","2015-07-02",4,"2015-06-14",2015,"EM_PAID",1.3,331,50,0,32.5875000953674,0
"EMPAID_NB-T02A_2015","failure","2015-07-14","2015-07-06",5,"2015-06-14",2015,"EM_PAID",1.3,331,50,0,26.2627499103546,3.04362505674363
"EMPAID_NB-T06A_2016","success","2016-06-23","2016-06-16",1,"2016-05-27",2016,"EM_PAID",3,356,16.6666666666667,2.5,20.6163750886917,2.38087501004339
"EMPAID_NB-T06A_2016","success","2016-06-27","2016-06-23",2,"2016-05-27",2016,"EM_PAID",3,356,16.6666666666667,2.5,24.0462498664856,0
"EMPAID_NB-T06A_2016","success","2016-06-30","2016-06-27",3,"2016-05-27",2016,"EM_PAID",3,356,16.6666666666667,2.5,33.8260002136231,0
"EMPAID_NB-T06A_2016","success","2016-07-11","2016-06-30",4,"2016-05-27",2016,"EM_PAID",3,356,16.6666666666667,2.5,24.7963635704734,2.587000050328
"EMPAID_NB-T06A_2019","failure","2019-06-25","2019-06-14",1,"2019-99-99",2019,"EM_PAID",5,59,16.6666666666667,5,22.0537501176198,0
"EMPAID_NB-T08A_2012","failure","2012-07-05","2012-07-03",1,"2012-06-18",2012,"EM_PAID",2.5,48,50,2.5,26.2786661783854,0
"EMPAID_NB-T08A_2012","failure","2012-07-08","2012-07-05",2,"2012-06-18",2012,"EM_PAID",2.5,48,50,2.5,32.3626658121745,0
"EMPAID_NB-T10A_2012","failure","2012-06-18","2012-06-15",1,"2012-05-28",2012,"EM_PAID",2.6,65,25,15,24.5599999427795,0
"EMPAID_NB-T10A_2012","failure","2012-06-21","2012-06-18",2,"2012-05-28",2012,"EM_PAID",2.6,65,25,15,18.1203333536784,1.45933326085409
"EMPAID_NB-T10A_2013","success","2013-07-08","2013-07-03",1,"2013-06-01",2013,"EM_PAID",2,99,50,5,31.1331669489543,0
"EMPAID_NB-T10A_2013","success","2013-07-09","2013-07-08",2,"2013-06-01",2013,"EM_PAID",2,99,50,5,30.0100002288818,0
"EMPAID_NB-T10A_2013","success","2013-07-11","2013-07-09",3,"2013-06-01",2013,"EM_PAID",2,99,50,5,32.998498916626,0
"EMPAID_NB-T10A_2014","success","2014-06-02","2014-06-01",1,"2014-06-01",2014,"EM_PAID",3,248,66.6666666666667,2.5,22.0025005340577,0
"EMPAID_NB-T10A_2014","success","2014-06-05","2014-06-02",2,"2014-06-01",2014,"EM_PAID",3,248,66.6666666666667,2.5,25.1550000508626,0
"EMPAID_NB-T10A_2014","success","2014-06-16","2014-06-05",3,"2014-06-01",2014,"EM_PAID",3,248,66.6666666666667,2.5,22.1420000249689,0.652636351910504
"EMPAID_NB-T10A_2014","success","2014-06-18","2014-06-16",4,"2014-06-01",2014,"EM_PAID",3,248,66.6666666666667,2.5,11.9270000457763,2.90000000596046
"EMPAID_NB-T10A_2014","success","2014-06-29","2014-06-18",5,"2014-06-01",2014,"EM_PAID",3,248,66.6666666666667,2.5,22.6359090805054,1.34027273275635
"EMPAID_NB-T10A_2014","success","2014-07-08","2014-06-29",6,"2014-06-01",2014,"EM_PAID",3,248,66.6666666666667,2.5,30.6077779134115,0
"EMPAID_NB-T10A_2014","success","2014-07-10","2014-07-08",7,"2014-06-01",2014,"EM_PAID",3,248,66.6666666666667,2.5,31.5639991760254,0
"EMPAID_NB-T10A_2014","success","2014-07-15","2014-07-10",8,"2014-06-01",2014,"EM_PAID",3,248,66.6666666666667,2.5,34.717399597168,0.162999999523163
"EMPAID_NB-T10A_2014","success","2014-07-24","2014-07-15",9,"2014-06-01",2014,"EM_PAID",3,248,66.6666666666667,2.5,30.7252224816216,0.363111098607381
"EMPAID_NB-T10A_2017","success","2017-06-30","2017-06-26",1,"2017-05-28",2017,"EM_PAID",4,204,16.6666666666667,7.5,27.7865997314453,0
"EMPAID_NB-T10A_2017","success","2017-07-05","2017-06-30",2,"2017-05-28",2017,"EM_PAID",4,204,16.6666666666667,7.5,30.5313999176025,0
"EMPAID_NB-T10A_2017","success","2017-07-07","2017-07-05",3,"2017-05-28",2017,"EM_PAID",4,204,16.6666666666667,7.5,34.8094997406005,0
"EMPAID_NB-T10A_2018","success","2018-06-07","2018-06-04",1,"2018-05-29",2018,"EM_PAID",2.5,124,83.3333333333333,10,23.7607498168945,0.17450000345707
"EMPAID_NB-T10A_2018","success","2018-06-11","2018-06-07",2,"2018-05-29",2018,"EM_PAID",2.5,124,83.3333333333333,10,19.1412501335144,2.96474993228912
"EMPAID_NB-T10A_2018","success","2018-06-13","2018-06-11",3,"2018-05-29",2018,"EM_PAID",2.5,124,83.3333333333333,10,18.7940006256104,0
"EMPAID_NB-T10A_2018","success","2018-06-14","2018-06-13",4,"2018-05-29",2018,"EM_PAID",2.5,124,83.3333333333333,10,26.5219993591309,0
"EMPAID_NB-T10A_2018","success","2018-06-18","2018-06-14",5,"2018-05-29",2018,"EM_PAID",2.5,124,83.3333333333333,10,18.6579999923706,0.357499986886977
"EMPAID_NB-T10A_2018","success","2018-06-26","2018-06-18",6,"2018-05-29",2018,"EM_PAID",2.5,124,83.3333333333333,10,22.0897500514984,2.116625033319
"EMPAID_NB-T10A_2018","success","2018-06-28","2018-06-26",7,"2018-05-29",2018,"EM_PAID",2.5,124,83.3333333333333,10,25.2904996871949,0
"EMPAID_NB-T10A_2018","success","2018-07-03","2018-06-28",8,"2018-05-29",2018,"EM_PAID",2.5,124,83.3333333333333,10,22.064400100708,0
"EMPAID_NB-T10A_2018","success","2018-07-05","2018-07-03",9,"2018-05-29",2018,"EM_PAID",2.5,124,83.3333333333333,10,23.1850004196167,0
"EMPAID_NB-T10A_2018","success","2018-07-09","2018-07-05",10,"2018-05-29",2018,"EM_PAID",2.5,124,83.3333333333333,10,29.2350001335144,0
"EMPAID_NB-T10A_2018","success","2018-07-11","2018-07-09",11,"2018-05-29",2018,"EM_PAID",2.5,124,83.3333333333333,10,30.2770004272461,0
"EMPAID_NB-T10A_2018","success","2018-07-12","2018-07-11",12,"2018-05-29",2018,"EM_PAID",2.5,124,83.3333333333333,10,28.3680000305176,0
"EMPAID_NB-T10A_2019","failure","2019-06-25","2019-06-13",1,"2019-99-99",2019,"EM_PAID",2.4,225,33.3333333333333,7.5,22.4738462154682,0
"EMPAID_NB-U01A_2013","success","2013-06-21","2013-06-17",1,"2013-06-05",2013,"EM_PAID",1.8,139,41.6666666666667,12.5,21.0805997848511,4.58100004196167
"EMPAID_NB-U01A_2013","success","2013-06-25","2013-06-21",2,"2013-06-05",2013,"EM_PAID",1.8,139,41.6666666666667,12.5,18.407499551773,3.0952499806881
"EMPAID_NB-U01A_2013","success","2013-06-27","2013-06-25",3,"2013-06-05",2013,"EM_PAID",1.8,139,41.6666666666667,12.5,16.7330002784729,4.81900012493134
"EMPAID_NB-U01A_2013","success","2013-07-03","2013-06-27",4,"2013-06-05",2013,"EM_PAID",1.8,139,41.6666666666667,12.5,33.6041660308838,0
"EMPAID_NB-U01A_2013","success","2013-07-04","2013-07-03",5,"2013-06-05",2013,"EM_PAID",1.8,139,41.6666666666667,12.5,32.3209991455078,0
"EMPAID_NB-U01A_2013","success","2013-07-08","2013-07-04",6,"2013-06-05",2013,"EM_PAID",1.8,139,41.6666666666667,12.5,28.8484997749329,0
"EMPAID_NB-U01A_2013","success","2013-07-10","2013-07-08",7,"2013-06-05",2013,"EM_PAID",1.8,139,41.6666666666667,12.5,30.5284996032715,0
"EMPAID_NB-U01A_2013","success","2013-07-11","2013-07-10",8,"2013-06-05",2013,"EM_PAID",1.8,139,41.6666666666667,12.5,33.1020011901855,0
"EMPAID_NB-U01A_2013","success","2013-07-15","2013-07-11",9,"2013-06-05",2013,"EM_PAID",1.8,139,41.6666666666667,12.5,27.1079998016357,0
"EMPAID_NB-U01A_2013","success","2013-07-17","2013-07-15",10,"2013-06-05",2013,"EM_PAID",1.8,139,41.6666666666667,12.5,33.045000076294,0.751500010490415
"EMPAID_NB-U01A_2013","success","2013-07-20","2013-07-17",11,"2013-06-05",2013,"EM_PAID",1.8,139,41.6666666666667,12.5,32.7416674296061,0
"EMPAID_NB-U01A_2014","success","2014-06-05","2014-05-30",1,"2014-05-30",2014,"EM_PAID",2,145,100,17.5,22.1728570120675,0
"EMPAID_NB-U01A_2014","success","2014-06-09","2014-06-05",2,"2014-05-30",2014,"EM_PAID",2,145,100,17.5,23.5067501068115,0
"EMPAID_NB-U01A_2014","success","2014-06-13","2014-06-09",3,"2014-05-30",2014,"EM_PAID",2,145,100,17.5,24.3850002288819,0.285999998450279
"EMPAID_NB-U01A_2014","success","2014-06-19","2014-06-13",4,"2014-05-30",2014,"EM_PAID",2,145,100,17.5,13.8816665013631,2.38416670759519
"EMPAID_NB-U01A_2014","success","2014-06-23","2014-06-19",5,"2014-05-30",2014,"EM_PAID",2,145,100,17.5,24.450249671936,0.0144999995827675
"EMPAID_NB-U01A_2014","success","2014-07-01","2014-06-23",6,"2014-05-30",2014,"EM_PAID",2,145,100,17.5,22.4596247673034,1.55324997007847
"EMPAID_NB-U01A_2014","success","2014-07-07","2014-07-01",7,"2014-05-30",2014,"EM_PAID",2,145,100,17.5,31.8005002339681,0
"EMPAID_NB-U01A_2014","success","2014-07-10","2014-07-07",8,"2014-05-30",2014,"EM_PAID",2,145,100,17.5,31.2916660308838,0
"EMPAID_NB-U01A_2014","success","2014-07-15","2014-07-10",9,"2014-05-30",2014,"EM_PAID",2,145,100,17.5,34.0360000610351,0.0653999984264374
"EMPAID_NB-U01A_2015","success","2015-06-01","2015-05-22",1,"2015-05-19",2015,"EM_PAID",1.4,16,83.3333333333333,12.5,20.8654545870694,1.12927274761552
"EMPAID_NB-U01A_2015","success","2015-06-04","2015-06-01",2,"2015-05-19",2015,"EM_PAID",1.4,16,83.3333333333333,12.5,18.3089993794759,5.50600010156631
"EMPAID_NB-U01A_2015","success","2015-06-09","2015-06-04",3,"2015-05-19",2015,"EM_PAID",1.4,16,83.3333333333333,12.5,26.0659999847412,0
"EMPAID_NB-U01A_2015","success","2015-06-11","2015-06-09",4,"2015-05-19",2015,"EM_PAID",1.4,16,83.3333333333333,12.5,30.0019998550415,0
"EMPAID_NB-U01A_2015","success","2015-06-16","2015-06-11",5,"2015-05-19",2015,"EM_PAID",1.4,16,83.3333333333333,12.5,25.5040000915527,0
"EMPAID_NB-U01A_2015","success","2015-06-23","2015-06-16",6,"2015-05-19",2015,"EM_PAID",1.4,16,83.3333333333333,12.5,26.7122859954834,0.201142861108695
"EMPAID_NB-U01A_2015","success","2015-06-29","2015-06-23",7,"2015-05-19",2015,"EM_PAID",1.4,16,83.3333333333333,12.5,32.903166770935,0
"EMPAID_NB-U01A_2016","failure","2016-06-17","2016-06-08",1,"2016-06-04",2016,"EM_PAID",4.3,169,100,10,19.7281998634338,2.89430004358291
"EMPAID_NB-U02A_2012","success","2012-06-26","2012-06-21",1,"2012-05-27",2012,"EM_PAID",3.5,107,16.6666666666667,22.5,25.707999865214,0.102999995152156
"EMPAID_NB-U02A_2012","success","2012-06-29","2012-06-26",2,"2012-05-27",2012,"EM_PAID",3.5,107,16.6666666666667,22.5,21.707000096639,3.14733336865902
"EMPAID_NB-U02A_2012","success","2012-07-02","2012-06-29",3,"2012-05-27",2012,"EM_PAID",3.5,107,16.6666666666667,22.5,26.4383335113525,0
"EMPAID_NB-U02A_2012","success","2012-07-04","2012-07-02",4,"2012-05-27",2012,"EM_PAID",3.5,107,16.6666666666667,22.5,25.2595005035401,0
"EMPAID_NB-U02A_2012","success","2012-07-05","2012-07-04",5,"2012-05-27",2012,"EM_PAID",3.5,107,16.6666666666667,22.5,26.7970008850098,0
"EMPAID_NB-U02A_2012","success","2012-07-08","2012-07-05",6,"2012-05-27",2012,"EM_PAID",3.5,107,16.6666666666667,22.5,31.7046674092611,0
"EMPAID_NB-U02A_2013","failure","2013-06-11","2013-06-04",1,"2013-05-27",2013,"EM_PAID",16.9,50,33.3333333333333,12.5,25.5209996700287,0
"EMPAID_NB-U02A_2013","failure","2013-06-14","2013-06-11",2,"2013-05-27",2013,"EM_PAID",16.9,50,33.3333333333333,12.5,20.4740002950033,0.887666662534077
"EMPAID_NB-U02A_2013","failure","2013-06-18","2013-06-14",3,"2013-05-27",2013,"EM_PAID",16.9,50,33.3333333333333,12.5,24.4927496910095,0
"EMPAID_NB-U05A_2015","failure","2015-06-30","2015-06-24",1,"2015-06-17",2015,"EM_PAID",3.8,52,33.3333333333333,5,32.0431434086391,0
"EMPAID_NB-U05A_2015","failure","2015-07-06","2015-06-30",2,"2015-06-17",2015,"EM_PAID",3.8,52,33.3333333333333,5,32.4828338623047,0
"EMPAID_NB-U05A_2015","failure","2015-07-13","2015-07-06",3,"2015-06-17",2015,"EM_PAID",3.8,52,33.3333333333333,5,26.1244286128453,3.64000007084438
"EMPAID_NB-U05A_2015","failure","2015-07-20","2015-07-13",4,"2015-06-17",2015,"EM_PAID",3.8,52,33.3333333333333,5,24.6802858625139,0.812714321272714
"EMPAID_NBR01A_2018","success","2018-07-02","2018-06-29",1,"2018-05-26",2018,"EM_PAID",3.7,161,8.33333333333333,0,21.5230002403259,0
"EMPAID_NBR01A_2018","success","2018-07-09","2018-07-02",2,"2018-05-26",2018,"EM_PAID",3.7,161,8.33333333333333,0,25.8319999149868,0
"EMPAID_NBR04A_2013","success","2013-06-17","2013-06-13",1,"2013-06-12",2013,"EM_PAID",1.2,108,33.3333333333333,12.5,21.5794002532959,0.44280002117157
"EMPAID_NBR04A_2013","success","2013-06-24","2013-06-17",2,"2013-06-12",2013,"EM_PAID",1.2,108,33.3333333333333,12.5,18.8362855911255,3.52328573805945
"EMPAID_NBR04A_2013","success","2013-06-27","2013-06-24",3,"2013-06-12",2013,"EM_PAID",1.2,108,33.3333333333333,12.5,16.8090000152588,6.8216664791107
"EMPAID_NBR04A_2013","success","2013-07-02","2013-06-27",4,"2013-06-12",2013,"EM_PAID",1.2,108,33.3333333333333,12.5,33.0158004760742,0
"EMPAID_NBR04A_2013","success","2013-07-04","2013-07-02",5,"2013-06-12",2013,"EM_PAID",1.2,108,33.3333333333333,12.5,33.9769992828369,0
"EMPAID_NBR04A_2013","success","2013-07-08","2013-07-04",6,"2013-06-12",2013,"EM_PAID",1.2,108,33.3333333333333,12.5,28.7562499046326,0
"EMPAID_NBR04A_2013","success","2013-07-11","2013-07-08",7,"2013-06-12",2013,"EM_PAID",1.2,108,33.3333333333333,12.5,31.3203328450521,0
"EMPAID_NBR04A_2013","success","2013-07-15","2013-07-11",8,"2013-06-12",2013,"EM_PAID",1.2,108,33.3333333333333,12.5,26.9482498168946,0
"EMPAID_NBR04A_2013","success","2013-07-18","2013-07-15",9,"2013-06-12",2013,"EM_PAID",1.2,108,33.3333333333333,12.5,32.1590003967285,0.550333340962727
"EMPAID_NBR04A_2013","success","2013-07-22","2013-07-18",10,"2013-06-12",2013,"EM_PAID",1.2,108,33.3333333333333,12.5,33.4424991607666,0
"EMPAID_NBR04A_2013","success","2013-07-24","2013-07-22",11,"2013-06-12",2013,"EM_PAID",1.2,108,33.3333333333333,12.5,33.5634994506836,0
"EMPAID_NBWC01A_2012","success","2012-06-18","2012-06-15",1,"2012-05-26",2012,"EM_PAID",2.2,232,0,2.5,22.7564997673034,0
"EMPAID_NBWC01A_2012","success","2012-06-20","2012-06-18",2,"2012-05-26",2012,"EM_PAID",2.2,232,0,2.5,13.9045000076294,2.10249996185303
"EMPAID_NBWC01A_2012","success","2012-06-22","2012-06-20",3,"2012-05-26",2012,"EM_PAID",2.2,232,0,2.5,24.7259998321533,0
"EMPAID_NBWC01A_2012","success","2012-07-02","2012-06-22",4,"2012-05-26",2012,"EM_PAID",2.2,232,0,2.5,23.3202998161316,0.972300012211781
"EMPAID_NBWC01A_2012","success","2012-07-05","2012-07-02",5,"2012-05-26",2012,"EM_PAID",2.2,232,0,2.5,24.6529998779297,0
"EMPAID_NBWC01A_2012","success","2012-07-08","2012-07-05",6,"2012-05-26",2012,"EM_PAID",2.2,232,0,2.5,30.5053342183431,0
"EMPAID_NBWC01A_2013","failure","2013-06-06","2013-06-04",1,"2013-06-02",2013,"EM_PAID",1.8,20,0,2.5,21.4479999542236,0
"EMPAID_NBWC01A_2013","failure","2013-06-12","2013-06-06",2,"2013-06-02",2013,"EM_PAID",1.8,20,0,2.5,24.8940000534058,0
"EMPAID_NBWC01A_2013","failure","2013-06-14","2013-06-12",3,"2013-06-02",2013,"EM_PAID",1.8,20,0,2.5,18.0430002212524,1.61549997329712
"EMPAID_NBWC01A_2013","failure","2013-06-17","2013-06-14",4,"2013-06-02",2013,"EM_PAID",1.8,20,0,2.5,21.988333384196,0
"EMPAID_NBWC01A_2013","failure","2013-06-18","2013-06-17",5,"2013-06-02",2013,"EM_PAID",1.8,20,0,2.5,26.3419990539551,0
"EMPAID_NBWC01A_2013","failure","2013-06-23","2013-06-18",6,"2013-06-02",2013,"EM_PAID",1.8,20,0,2.5,15.4132001876831,5.01899981498718
"EMPAID_NBWC01A_2013","failure","2013-06-24","2013-06-23",7,"2013-06-02",2013,"EM_PAID",1.8,20,0,2.5,20.8509998321533,0.656000018119812
"EMPAID_NBWC01A_2014","success","2014-06-03","2014-06-02",1,"2014-05-29",2014,"EM_PAID",2.3,212,0,5,22.9385004043579,0
"EMPAID_NBWC01A_2014","success","2014-06-13","2014-06-03",2,"2014-05-29",2014,"EM_PAID",2.3,212,0,5,22.5081998825073,0.143599998950958
"EMPAID_NBWC01A_2014","success","2014-06-18","2014-06-13",3,"2014-05-29",2014,"EM_PAID",2.3,212,0,5,12.6743999481201,2.81980001926422
"EMPAID_NBWC01A_2014","success","2014-06-26","2014-06-18",4,"2014-05-29",2014,"EM_PAID",2.3,212,0,5,21.9163749217987,0.428249999880791
"EMPAID_NBWC01A_2014","success","2014-06-30","2014-06-26",5,"2014-05-29",2014,"EM_PAID",2.3,212,0,5,18.4154996871948,3.07474994659424
"EMPAID_NBWC01A_2014","success","2014-07-04","2014-06-30",6,"2014-05-29",2014,"EM_PAID",2.3,212,0,5,29.0317502021789,0
"EMPAID_NBWC01A_2014","success","2014-07-06","2014-07-04",7,"2014-05-29",2014,"EM_PAID",2.3,212,0,5,30.2664995193482,0
"EMPAID_NBWC01A_2014","success","2014-07-07","2014-07-06",8,"2014-05-29",2014,"EM_PAID",2.3,212,0,5,32.1059989929199,0
"EMPAID_NBWC01A_2014","success","2014-07-09","2014-07-07",9,"2014-05-29",2014,"EM_PAID",2.3,212,0,5,31.844500541687,0
"EMPAID_NBWC01A_2015","failure","2015-06-04","2015-06-01",1,"2015-05-30",2015,"EM_PAID",2.1,204,41.6666666666667,2.5,18.9869999885559,4.55099999904633
"EMPAID_NBWC01A_2015","failure","2015-06-08","2015-06-04",2,"2015-05-30",2015,"EM_PAID",2.1,204,41.6666666666667,2.5,23.3447499275208,0
"EMPAID_NBWC01A_2015","failure","2015-06-10","2015-06-08",3,"2015-05-30",2015,"EM_PAID",2.1,204,41.6666666666667,2.5,30.3794994354249,0.0040000001899898
"EMPAID_NBWC01A_2015","failure","2015-06-14","2015-06-10",4,"2015-05-30",2015,"EM_PAID",2.1,204,41.6666666666667,2.5,24.6160001754761,0
"EMPAID_NBWC01A_2015","failure","2015-06-18","2015-06-14",5,"2015-05-30",2015,"EM_PAID",2.1,204,41.6666666666667,2.5,25.209499835968,0
"EMPAID_NBWC01A_2015","failure","2015-06-29","2015-06-18",6,"2015-05-30",2015,"EM_PAID",2.1,204,41.6666666666667,2.5,28.5095455863259,0.187909098850055
"EMPAID_NBWC01A_2016","success","2016-06-17","2016-06-08",1,"2016-05-24",2016,"EM_PAID",1.7,146,8.33333333333333,30,18.3666000366211,3.39160000383854
"EMPAID_NBWC01A_2016","success","2016-06-21","2016-06-17",2,"2016-05-24",2016,"EM_PAID",1.7,146,8.33333333333333,30,20.7437496185302,0.47749999165535
"EMPAID_NBWC01A_2016","success","2016-06-29","2016-06-21",3,"2016-05-24",2016,"EM_PAID",1.7,146,8.33333333333333,30,25.0929996967316,0
"EMPAID_NBWC01A_2016","success","2016-07-06","2016-06-29",4,"2016-05-24",2016,"EM_PAID",1.7,146,8.33333333333333,30,27.3808569226946,0
"EMPAID_NBWC01A_2017","success","2017-07-05","2017-06-30",1,"2017-06-12",2017,"EM_PAID",3.4,174,25,0,27.83966700236,0
"EMPAID_NBWC01A_2017","success","2017-07-10","2017-07-05",2,"2017-06-12",2017,"EM_PAID",3.4,174,25,0,33.3945999145508,0
"EMPAID_NBWC01A_2017","success","2017-07-12","2017-07-10",3,"2017-06-12",2017,"EM_PAID",3.4,174,25,0,27.1805000305175,0
"EMPAID_NBWC01A_2017","success","2017-07-17","2017-07-12",4,"2017-06-12",2017,"EM_PAID",3.4,174,25,0,30.6013996124268,0
"EMPAID_NBWC01A_2017","success","2017-07-20","2017-07-17",5,"2017-06-12",2017,"EM_PAID",3.4,174,25,0,28.9093335469564,0
"EMPAID_NBWC01A_2017","success","2017-07-21","2017-07-20",6,"2017-06-12",2017,"EM_PAID",3.4,174,25,0,26.9939994812012,0
"EMPAID_NBWC01A_2017","success","2017-07-24","2017-07-21",7,"2017-06-12",2017,"EM_PAID",3.4,174,25,0,30.2250010172526,0
"EMPAID_NBWC01A_2018","failure","2018-06-04","2018-06-01",1,"2018-05-29",2018,"EM_PAID",4.4,79,16.6666666666667,2.5,17.587500333786,3.06574991345404
"EMPAID_NBWC01A_2018","failure","2018-06-07","2018-06-04",2,"2018-05-29",2018,"EM_PAID",4.4,79,16.6666666666667,2.5,20.9866669972738,0
"EMPAID_NCC02A_2019","success","2019-07-12","2019-07-11",1,"2019-06-05",2019,"EM_PAID",1,126,58.3333333333333,2.5,27.763500213623,0
"EMPAID_NCC02A_2019","success","2019-07-15","2019-07-12",2,"2019-06-05",2019,"EM_PAID",1,126,58.3333333333333,2.5,29.8720003763834,0.591000000635783
"EMPAID_NCC07A_2013","failure","2013-06-25","2013-06-21",1,"2013-06-04",2013,"EM_PAID",3,28,75,5,18.0963998794555,2.82820006012917
"EMPAID_NCC07A_2013","failure","2013-07-02","2013-06-25",2,"2013-06-04",2013,"EM_PAID",3,28,75,5,29.2215709686279,1.42557142462049
"EMPAID_NCC08A_2014","failure","2014-06-13","2014-06-03",1,"2014-06-04",2014,"EM_PAID",1.7,26,66.6666666666667,10,24.7840000499379,0.0568181811408563
"EMPAID_NCC08A_2014","failure","2014-06-18","2014-06-13",2,"2014-06-04",2014,"EM_PAID",1.7,26,66.6666666666667,10,15.0313999176025,2.16959998607635
"EMPAID_NCC10A_2019","failure","2019-06-21","2019-06-19",1,"2019-05-27",2019,"EM_PAID",1.4,97,50,2.5,19.2446667353312,0.183999995390574
"EMPAID_NCC10A_2019","failure","2019-06-25","2019-06-21",2,"2019-05-27",2019,"EM_PAID",1.4,97,50,2.5,17.982250213623,0.278499998152256
"EMPAID_NCP09A_2012","success","2012-06-29","2012-06-21",1,"2012-05-27",2012,"EM_PAID",1.4,139,8.33333333333333,0,24.759444448683,0.870888898149133
"EMPAID_NCP09A_2012","success","2012-07-03","2012-06-29",2,"2012-05-27",2012,"EM_PAID",1.4,139,8.33333333333333,0,27.539749622345,0
"EMPAID_NCP09A_2012","success","2012-07-05","2012-07-03",3,"2012-05-27",2012,"EM_PAID",1.4,139,8.33333333333333,0,24.8199996948242,0
"EMPAID_NCP09A_2012","success","2012-07-08","2012-07-05",4,"2012-05-27",2012,"EM_PAID",1.4,139,8.33333333333333,0,32.3626658121745,0
"EMPAID_NCR01A_2012","failure","2012-06-19","2012-06-15",1,"2012-06-14",2012,"EM_PAID",1.1,270,33.3333333333333,10,22.3028003692627,0.379999995231628
"EMPAID_NCR01A_2012","failure","2012-06-22","2012-06-19",2,"2012-06-14",2012,"EM_PAID",1.1,270,33.3333333333333,10,22.457999865214,0
"EMPAID_NCR01A_2012","failure","2012-06-25","2012-06-22",3,"2012-06-14",2012,"EM_PAID",1.1,270,33.3333333333333,10,25.3910001118978,0
"EMPAID_NCR01A_2012","failure","2012-07-02","2012-06-25",4,"2012-06-14",2012,"EM_PAID",1.1,270,33.3333333333333,10,24.4828566142491,1.5058570759637
"EMPAID_NCR01A_2012","failure","2012-07-05","2012-07-02",5,"2012-06-14",2012,"EM_PAID",1.1,270,33.3333333333333,10,25.8696664174398,0
"EMPAID_NCR07A_2012","success","2012-06-19","2012-06-15",1,"2012-05-23",2012,"EM_PAID",1.1,999,8.33333333333333,27.5,22.3028003692627,0.379999995231628
"EMPAID_NCR07A_2012","success","2012-06-22","2012-06-19",2,"2012-05-23",2012,"EM_PAID",1.1,999,8.33333333333333,27.5,22.457999865214,0
"EMPAID_NCR07A_2012","success","2012-06-25","2012-06-22",3,"2012-05-23",2012,"EM_PAID",1.1,999,8.33333333333333,27.5,25.3910001118978,0
"EMPAID_NCR07A_2012","success","2012-06-26","2012-06-25",4,"2012-05-23",2012,"EM_PAID",1.1,999,8.33333333333333,27.5,26.136999130249,1.34700000286102
"EMPAID_NCR07A_2012","success","2012-07-02","2012-06-26",5,"2012-05-23",2012,"EM_PAID",1.1,999,8.33333333333333,27.5,24.2071661949158,1.53233325481415
"EMPAID_NCR07A_2012","success","2012-07-05","2012-07-02",6,"2012-05-23",2012,"EM_PAID",1.1,999,8.33333333333333,27.5,25.8696664174398,0
"EMPAID_NCR07A_2013","failure","2013-06-25","2013-06-19",1,"2013-99-99",2013,"EM_PAID",1.5,999,8.33333333333333,27.5,17.6038571766445,5.22157149655478
"EMPAID_NCU04A_2013","success","2013-06-10","2013-06-07",1,"2013-06-07",2013,"EM_PAID",3.2,178,16.6666666666667,17.5,25.4664998054504,0
"EMPAID_NCU04A_2013","success","2013-06-13","2013-06-10",2,"2013-06-07",2013,"EM_PAID",3.2,178,16.6666666666667,17.5,21.5846665700277,0.38866666952769
"EMPAID_NCU04A_2013","success","2013-06-17","2013-06-13",3,"2013-06-07",2013,"EM_PAID",3.2,178,16.6666666666667,17.5,20.3012499809265,0.344249993562697
"EMPAID_NCU04A_2013","success","2013-06-21","2013-06-17",4,"2013-06-07",2013,"EM_PAID",3.2,178,16.6666666666667,17.5,17.6899998188019,5.98175020515918
"EMPAID_NCU04A_2013","success","2013-06-24","2013-06-21",5,"2013-06-07",2013,"EM_PAID",3.2,178,16.6666666666667,17.5,17.1763334274292,0.476333320140839
"EMPAID_NCU04A_2013","success","2013-06-26","2013-06-24",6,"2013-06-07",2013,"EM_PAID",3.2,178,16.6666666666667,17.5,14.6929998397828,9.05699992179868
"EMPAID_NCU04A_2013","success","2013-06-27","2013-06-26",7,"2013-06-07",2013,"EM_PAID",3.2,178,16.6666666666667,17.5,17.5249996185303,3.01099991798401
"EMPAID_NCU04A_2013","success","2013-07-01","2013-06-27",8,"2013-06-07",2013,"EM_PAID",3.2,178,16.6666666666667,17.5,30.5745000839234,0
"EMPAID_NCU04A_2013","success","2013-07-02","2013-07-01",9,"2013-06-07",2013,"EM_PAID",3.2,178,16.6666666666667,17.5,35.6189994812012,0
"EMPAID_NCU04A_2013","success","2013-07-03","2013-07-02",10,"2013-06-07",2013,"EM_PAID",3.2,178,16.6666666666667,17.5,34.1699981689453,0
"EMPAID_NCU04A_2013","success","2013-07-04","2013-07-03",11,"2013-06-07",2013,"EM_PAID",3.2,178,16.6666666666667,17.5,30.9050006866455,0
"EMPAID_NCU04A_2013","success","2013-07-08","2013-07-04",12,"2013-06-07",2013,"EM_PAID",3.2,178,16.6666666666667,17.5,27.3429999351501,0
"EMPAID_NCU04A_2013","success","2013-07-11","2013-07-08",13,"2013-06-07",2013,"EM_PAID",3.2,178,16.6666666666667,17.5,29.8443336486816,0
"EMPAID_NCU04A_2013","success","2013-07-15","2013-07-11",14,"2013-06-07",2013,"EM_PAID",3.2,178,16.6666666666667,17.5,25.5824999809265,0
"EMPAID_NCU04A_2013","success","2013-07-16","2013-07-15",15,"2013-06-07",2013,"EM_PAID",3.2,178,16.6666666666667,17.5,31.6149997711182,0
"EMPAID_NCU04A_2013","success","2013-07-17","2013-07-16",16,"2013-06-07",2013,"EM_PAID",3.2,178,16.6666666666667,17.5,31.2740001678467,2.68400001525879
"EMPAID_NCU05A_2015","success","2015-06-08","2015-06-04",1,"2015-05-29",2015,"EM_PAID",2.1,192,0,10,21.6718002319336,0.00560000017285346
"EMPAID_NCU05A_2015","success","2015-06-10","2015-06-08",2,"2015-05-29",2015,"EM_PAID",2.1,192,0,10,30.0725002288818,0
"EMPAID_NCU05A_2015","success","2015-06-16","2015-06-10",3,"2015-05-29",2015,"EM_PAID",2.1,192,0,10,24.2031663258871,0
"EMPAID_NCU05A_2015","success","2015-06-24","2015-06-16",4,"2015-05-29",2015,"EM_PAID",2.1,192,0,10,25.0924999713898,0.310624986886979
"EMPAID_NCU05A_2015","success","2015-06-29","2015-06-24",5,"2015-05-29",2015,"EM_PAID",2.1,192,0,10,32.2674003601074,0
"EMPAID_NCU05A_2015","success","2015-07-06","2015-06-29",6,"2015-05-29",2015,"EM_PAID",2.1,192,0,10,32.0848568507603,0
"EMPAID_NCU05A_2015","success","2015-07-07","2015-07-06",7,"2015-05-29",2015,"EM_PAID",2.1,192,0,10,29.5559997558594,0
"EMPAID_NCU05A_2015","success","2015-07-10","2015-07-07",8,"2015-05-29",2015,"EM_PAID",2.1,192,0,10,27.4253330230713,0.968000014623007
"EMPAID_NCU05A_2016","success","2016-06-27","2016-06-23",1,"2016-06-07",2016,"EM_PAID",2.1,192,0,10,22.8568000793457,0
"EMPAID_NCU05A_2016","success","2016-07-11","2016-06-27",2,"2016-06-07",2016,"EM_PAID",2.1,192,0,10,24.7271427427019,2.269714312894
"EMPAID_NCU05A_2016","success","2016-07-13","2016-07-11",3,"2016-06-07",2016,"EM_PAID",2.1,192,0,10,18.1219997406006,0.9200000166893
"EMPAID_NCU05A_2016","success","2016-07-14","2016-07-13",4,"2016-06-07",2016,"EM_PAID",2.1,192,0,10,23.4720001220703,0
"EMPAID_NCU05A_2016","success","2016-07-18","2016-07-14",5,"2016-06-07",2016,"EM_PAID",2.1,192,0,10,24.9797501564026,0
"EMPAID_NCU07A_2013","success","2013-06-04","2013-05-28",1,"2013-05-28",2013,"EM_PAID",2.8,30,8.33333333333333,30,14.3142498731613,3.10199993103743
"EMPAID_NCU07A_2013","success","2013-06-07","2013-06-04",2,"2013-05-28",2013,"EM_PAID",2.8,30,8.33333333333333,30,23.7580000559489,0
"EMPAID_NCU07A_2013","success","2013-06-10","2013-06-07",3,"2013-05-28",2013,"EM_PAID",2.8,30,8.33333333333333,30,25.2143332163493,0
"EMPAID_NCU07A_2013","success","2013-06-13","2013-06-10",4,"2013-05-28",2013,"EM_PAID",2.8,30,8.33333333333333,30,21.5846665700277,0.38866666952769
"EMPAID_NCU07A_2013","success","2013-06-17","2013-06-13",5,"2013-05-28",2013,"EM_PAID",2.8,30,8.33333333333333,30,20.3012499809265,0.344249993562697
"EMPAID_NCU07A_2013","success","2013-06-21","2013-06-17",6,"2013-05-28",2013,"EM_PAID",2.8,30,8.33333333333333,30,17.6899998188019,5.98175020515918
"EMPAID_NCU07A_2013","success","2013-06-24","2013-06-21",7,"2013-05-28",2013,"EM_PAID",2.8,30,8.33333333333333,30,17.1763334274292,0.476333320140839
"EMPAID_NCU07A_2013","success","2013-06-26","2013-06-24",8,"2013-05-28",2013,"EM_PAID",2.8,30,8.33333333333333,30,14.6929998397828,9.05699992179868
"EMPAID_NCU07A_2013","success","2013-07-01","2013-06-26",9,"2013-05-28",2013,"EM_PAID",2.8,30,8.33333333333333,30,27.9645999908447,0.602199983596802
"EMPAID_NCU07A_2013","success","2013-07-03","2013-07-01",10,"2013-05-28",2013,"EM_PAID",2.8,30,8.33333333333333,30,34.8944988250732,0
"EMPAID_NCU07A_2013","success","2013-07-04","2013-07-03",11,"2013-05-28",2013,"EM_PAID",2.8,30,8.33333333333333,30,30.9050006866455,0
"EMPAID_NCU07A_2013","success","2013-07-08","2013-07-04",12,"2013-05-28",2013,"EM_PAID",2.8,30,8.33333333333333,30,27.3429999351501,0
"EMPAID_NCU09A_2014","failure","2014-07-09","2014-07-07",1,"2014-07-01",2014,"EM_PAID",2.4,342,8.33333333333333,2.5,33.2759997049967,0
"EMPAID_NCU09A_2014","failure","2014-07-17","2014-07-09",2,"2014-07-01",2014,"EM_PAID",2.4,342,8.33333333333333,2.5,33.1147501468659,0.101874999701977
"EMPAID_NCU09A_2014","failure","2014-07-18","2014-07-17",3,"2014-07-01",2014,"EM_PAID",2.4,342,8.33333333333333,2.5,33.1150016784668,0
"EMPAID_NCU09A_2015","success","2015-06-10","2015-06-04",1,"2015-06-03",2015,"EM_PAID",2.2,194,8.33333333333333,7.5,25.5684280395508,0
"EMPAID_NCU09A_2015","success","2015-06-16","2015-06-10",2,"2015-06-03",2015,"EM_PAID",2.2,194,8.33333333333333,7.5,25.8585001627604,0
"EMPAID_NCU09A_2015","success","2015-06-17","2015-06-16",3,"2015-06-03",2015,"EM_PAID",2.2,194,8.33333333333333,7.5,27.3680000305176,0
"EMPAID_NCU09A_2015","success","2015-06-24","2015-06-17",4,"2015-06-03",2015,"EM_PAID",2.2,194,8.33333333333333,7.5,26.6821428026472,0.361142873764039
"EMPAID_NCU09A_2015","success","2015-07-06","2015-06-24",5,"2015-06-03",2015,"EM_PAID",2.2,194,8.33333333333333,7.5,33.7995834350586,0
"EMPAID_NCU09A_2015","success","2015-07-07","2015-07-06",6,"2015-06-03",2015,"EM_PAID",2.2,194,8.33333333333333,7.5,31.048999786377,0
"EMPAID_NCU09A_2015","success","2015-07-10","2015-07-07",7,"2015-06-03",2015,"EM_PAID",2.2,194,8.33333333333333,7.5,29.1766668955485,0.81433335940043
"EMPAID_NCU09A_2015","success","2015-07-13","2015-07-10",8,"2015-06-03",2015,"EM_PAID",2.2,194,8.33333333333333,7.5,24.9206663767497,5.21166658401489
"EMPAID_NCU09A_2015","success","2015-07-16","2015-07-13",9,"2015-06-03",2015,"EM_PAID",2.2,194,8.33333333333333,7.5,25.5486666361491,1.11499999960264
"EMPAID_NCU10A_2012","success","2012-06-15","2012-06-12",1,"2012-05-23",2012,"EM_PAID",2,306,25,20,22.2287502288819,1.19924998283386
"EMPAID_NCU10A_2012","success","2012-06-18","2012-06-15",2,"2012-05-23",2012,"EM_PAID",2,306,25,20,24.5336666107178,0
"EMPAID_NCU10A_2012","success","2012-06-21","2012-06-18",3,"2012-05-23",2012,"EM_PAID",2,306,25,20,17.7596664428711,1.91000000635783
"EMPAID_NCU10A_2012","success","2012-06-28","2012-06-21",4,"2012-05-23",2012,"EM_PAID",2,306,25,20,23.9398572104318,1.13271427154541
"EMPAID_NCU10A_2012","success","2012-07-02","2012-06-28",5,"2012-05-23",2012,"EM_PAID",2,306,25,20,27.0042500495911,0
"EMPAID_NCU10A_2012","success","2012-07-04","2012-07-02",6,"2012-05-23",2012,"EM_PAID",2,306,25,20,25.272500038147,0
"EMPAID_NCU10A_2013","success","2013-05-28","2013-05-22",1,"2013-05-22",2013,"EM_PAID",1.8,240,16.6666666666667,27.5,13.4611430849348,3.2852857198034
"EMPAID_NCU10A_2013","success","2013-06-04","2013-05-28",2,"2013-05-22",2013,"EM_PAID",1.8,240,16.6666666666667,27.5,16.103428704398,2.26885708740779
"EMPAID_NCU10A_2013","success","2013-06-07","2013-06-04",3,"2013-05-22",2013,"EM_PAID",1.8,240,16.6666666666667,27.5,25.2566661834717,0
"EMPAID_NCU10A_2013","success","2013-06-10","2013-06-07",4,"2013-05-22",2013,"EM_PAID",1.8,240,16.6666666666667,27.5,26.8020000457764,0
"EMPAID_NCU10A_2013","success","2013-06-13","2013-06-10",5,"2013-05-22",2013,"EM_PAID",1.8,240,16.6666666666667,27.5,23.0426667531331,0.389333327611287
"EMPAID_NCU10A_2013","success","2013-06-17","2013-06-13",6,"2013-05-22",2013,"EM_PAID",1.8,240,16.6666666666667,27.5,21.9452500343323,0.210250005126
"EMPAID_NCU10A_2013","success","2013-06-21","2013-06-17",7,"2013-05-22",2013,"EM_PAID",1.8,240,16.6666666666667,27.5,19.2252497673035,5.99949994683265
"EMPAID_NCU10A_2013","success","2013-06-24","2013-06-21",8,"2013-05-22",2013,"EM_PAID",1.8,240,16.6666666666667,27.5,18.7126668294271,0.322333325942357
"EMPAID_NCU10A_2013","success","2013-06-26","2013-06-24",9,"2013-05-22",2013,"EM_PAID",1.8,240,16.6666666666667,27.5,16.1875,8.67999982833862
"EMPAID_NCU10A_2013","success","2013-06-27","2013-06-26",10,"2013-05-22",2013,"EM_PAID",1.8,240,16.6666666666667,27.5,18.6159992218018,3.16199994087219
"EMPAID_NCU10A_2013","success","2013-07-01","2013-06-27",11,"2013-05-22",2013,"EM_PAID",1.8,240,16.6666666666667,27.5,32.1525001525879,0
"EMPAID_NCU10A_2013","success","2013-07-02","2013-07-01",12,"2013-05-22",2013,"EM_PAID",1.8,240,16.6666666666667,27.5,37.1119995117188,0
"EMPAID_NCU10A_2013","success","2013-07-03","2013-07-02",13,"2013-05-22",2013,"EM_PAID",1.8,240,16.6666666666667,27.5,35.8699989318848,0
"EMPAID_NCU10A_2014","success","2014-06-04","2014-05-31",1,"2014-05-26",2014,"EM_PAID",4.4,78,8.33333333333333,15,22.4545997619629,0
"EMPAID_NCU10A_2014","success","2014-06-09","2014-06-04",2,"2014-05-26",2014,"EM_PAID",4.4,78,8.33333333333333,15,23.5493999481201,0
"EMPAID_NCU10A_2014","success","2014-06-11","2014-06-09",3,"2014-05-26",2014,"EM_PAID",4.4,78,8.33333333333333,15,24.2695007324219,0.57599997520447
"EMPAID_NCU10A_2014","success","2014-06-26","2014-06-11",4,"2014-05-26",2014,"EM_PAID",4.4,78,8.33333333333333,15,20.3316001256307,1.18826665083567
"EMPAID_NCU10A_2014","success","2014-06-28","2014-06-26",5,"2014-05-26",2014,"EM_PAID",4.4,78,8.33333333333333,15,18.4734992980957,6.79499983787536
"EMPAID_NCU10A_2014","success","2014-06-30","2014-06-28",6,"2014-05-26",2014,"EM_PAID",4.4,78,8.33333333333333,15,21.0594997406006,0
"EMPAID_NCU10A_2014","success","2014-07-07","2014-06-30",7,"2014-05-26",2014,"EM_PAID",4.4,78,8.33333333333333,15,31.2067143576486,0
"EMPAID_NCU10A_2014","success","2014-07-09","2014-07-07",8,"2014-05-26",2014,"EM_PAID",4.4,78,8.33333333333333,15,33.1239986419678,0
"EMPAID_NCU10A_2015","success","2015-05-29","2015-05-19",1,"2015-05-16",2015,"EM_PAID",4.5,152,25,15,18.5237272435969,1.63027274608612
"EMPAID_NCU10A_2015","success","2015-06-03","2015-05-29",2,"2015-05-16",2015,"EM_PAID",4.5,152,25,15,21.654599571228,3.65639995336533
"EMPAID_NCU10A_2015","success","2015-06-08","2015-06-03",3,"2015-05-16",2015,"EM_PAID",4.5,152,25,15,23.1695995330811,0
"EMPAID_NCU10A_2015","success","2015-06-10","2015-06-08",4,"2015-05-16",2015,"EM_PAID",4.5,152,25,15,31.5654993057251,0
"EMPAID_NCU10A_2015","success","2015-06-16","2015-06-10",5,"2015-05-16",2015,"EM_PAID",4.5,152,25,15,25.8585001627604,0
"EMPAID_NCU10A_2015","success","2015-06-23","2015-06-16",6,"2015-05-16",2015,"EM_PAID",4.5,152,25,15,26.7067143576486,0.361142873764039
"EMPAID_NCU10A_2015","success","2015-06-29","2015-06-23",7,"2015-05-16",2015,"EM_PAID",4.5,152,25,15,32.8921664555867,0
"EMPAID_NCU10A_2018","success","2018-07-03","2018-06-26",1,"2018-06-20",2018,"EM_PAID",2.5,248,50,2.5,21.9515001773834,0
"EMPAID_NCU10A_2018","success","2018-07-09","2018-07-03",2,"2018-06-20",2018,"EM_PAID",2.5,248,50,2.5,26.19700050354,0
"EMPAID_NCU10A_2018","success","2018-07-12","2018-07-09",3,"2018-06-20",2018,"EM_PAID",2.5,248,50,2.5,28.6333338419596,0
"EMPAID_NCU10A_2018","success","2018-07-16","2018-07-12",4,"2018-06-20",2018,"EM_PAID",2.5,248,50,2.5,31.5550003051758,0
"EMPAID_NCU10A_2018","success","2018-07-19","2018-07-16",5,"2018-06-20",2018,"EM_PAID",2.5,248,50,2.5,31.6313330332438,0
"EMPAID_NCU10A_2018","success","2018-07-24","2018-07-19",6,"2018-06-20",2018,"EM_PAID",2.5,248,50,2.5,29.6290000915527,0
"EMPAID_NCU10A_2018","success","2018-07-26","2018-07-24",7,"2018-06-20",2018,"EM_PAID",2.5,248,50,2.5,33.7840003967285,0
"EMPAID_NCU10A_2018","success","2018-07-30","2018-07-26",8,"2018-06-20",2018,"EM_PAID",2.5,248,50,2.5,31.6409997940064,0
"EMPAID_NCU10A_2019","success","2019-06-27","2019-06-26",1,"2019-06-02",2019,"EM_PAID",2.8,228,50,2.5,21.6110000610352,0.56800001859665
"EMPAID_NCU10A_2019","success","2019-07-02","2019-06-27",2,"2019-06-02",2019,"EM_PAID",2.8,228,50,2.5,22.9403999328613,0
"EMPAID_NCU10A_2019","success","2019-07-09","2019-07-02",3,"2019-06-02",2019,"EM_PAID",2.8,228,50,2.5,23.7700001852853,0
"EMPAID_NCU10A_2019","success","2019-07-15","2019-07-09",4,"2019-06-02",2019,"EM_PAID",2.8,228,50,2.5,28.0071668624878,0
"EMPAID_NCW-A01A_2013","success","2013-06-13","2013-06-10",1,"2013-06-05",2013,"EM_PAID",4.6,100,16.6666666666667,2.5,26.767499923706,0.146249994635582
"EMPAID_NCW-A01A_2013","success","2013-06-14","2013-06-13",2,"2013-06-05",2013,"EM_PAID",4.6,100,16.6666666666667,2.5,18.7430000305176,0.953000009059906
"EMPAID_NCW-A01A_2013","success","2013-06-18","2013-06-14",3,"2013-06-05",2013,"EM_PAID",4.6,100,16.6666666666667,2.5,25.7729997634887,0
"EMPAID_NCW-A01A_2013","success","2013-06-20","2013-06-18",4,"2013-06-05",2013,"EM_PAID",4.6,100,16.6666666666667,2.5,19.861499786377,6.5860002040863
"EMPAID_NCW-A01A_2013","success","2013-06-23","2013-06-20",5,"2013-06-05",2013,"EM_PAID",4.6,100,16.6666666666667,2.5,16.7656669616699,1.05666665236155
"EMPAID_NCW-A01A_2013","success","2013-06-28","2013-06-23",6,"2013-06-05",2013,"EM_PAID",4.6,100,16.6666666666667,2.5,21.3973997116089,6.35439999103546
"EMPAID_NCW-A01A_2013","success","2013-07-02","2013-06-28",7,"2013-06-05",2013,"EM_PAID",4.6,100,16.6666666666667,2.5,35.7312498092652,0
"EMPAID_NCW-A01A_2013","success","2013-07-04","2013-07-02",8,"2013-06-05",2013,"EM_PAID",4.6,100,16.6666666666667,2.5,35.5515003204345,0
"EMPAID_NCW-A01A_2013","success","2013-07-08","2013-07-04",9,"2013-06-05",2013,"EM_PAID",4.6,100,16.6666666666667,2.5,30.5595006942749,0
"EMPAID_NCW-A01A_2013","success","2013-07-11","2013-07-08",10,"2013-06-05",2013,"EM_PAID",4.6,100,16.6666666666667,2.5,32.5500005086263,0
"EMPAID_NCW-A01A_2013","success","2013-07-15","2013-07-11",11,"2013-06-05",2013,"EM_PAID",4.6,100,16.6666666666667,2.5,28.8159995079041,0
"EMPAID_NCW-A01A_2013","success","2013-07-17","2013-07-15",12,"2013-06-05",2013,"EM_PAID",4.6,100,16.6666666666667,2.5,34.9005012512207,0
"EMPAID_NCW-A01A_2014","failure","2014-06-10","2014-06-03",1,"2014-06-02",2014,"EM_PAID",1.1,230,16.6666666666667,22.5,24.0862500667572,0.059749998152256
"EMPAID_NCW-A01A_2014","failure","2014-06-16","2014-06-10",2,"2014-06-02",2014,"EM_PAID",1.1,230,16.6666666666667,22.5,19.5870000521342,0.565833350022633
"EMPAID_NCW-A01A_2014","failure","2014-06-20","2014-06-16",3,"2014-06-02",2014,"EM_PAID",1.1,230,16.6666666666667,22.5,13.962500333786,2.04299999773502
"EMPAID_NCW-A01A_2015","failure","2015-05-31","2015-05-28",1,"2015-05-23",2015,"EM_PAID",2.2,31,108.333333333333,17.5,20.7209997177124,0.386500000953675
"EMPAID_NCW-A01A_2015","failure","2015-06-03","2015-05-31",2,"2015-05-23",2015,"EM_PAID",2.2,31,108.333333333333,17.5,21.4963334401449,2.4003332455953
"EMPAID_NCW-A01A_2015","failure","2015-06-12","2015-06-03",3,"2015-05-23",2015,"EM_PAID",2.2,31,108.333333333333,17.5,26.2814445495605,0.888222244050768
"EMPAID_NCW-A01A_2017","failure","2017-06-30","2017-06-28",1,"2017-99-99",2017,"EM_PAID",3.5,267,8.33333333333333,27.5,24.53533299764,2.09733325242996
"EMPAID_NCW-A01A_2017","failure","2017-07-03","2017-06-30",2,"2017-99-99",2017,"EM_PAID",3.5,267,8.33333333333333,27.5,28.7759997049967,0
"EMPAID_NCW-A01A_2017","failure","2017-07-06","2017-07-03",3,"2017-99-99",2017,"EM_PAID",3.5,267,8.33333333333333,27.5,31.6036669413249,0
"EMPAID_NCW-A01A_2017","failure","2017-07-07","2017-07-06",4,"2017-99-99",2017,"EM_PAID",3.5,267,8.33333333333333,27.5,33.8699989318848,0
"EMPAID_NCW-A01A_2017","failure","2017-07-10","2017-07-07",5,"2017-99-99",2017,"EM_PAID",3.5,267,8.33333333333333,27.5,34.1306660970052,0
"EMPAID_NCW-A01A_2018","failure","2018-06-08","2018-06-05",1,"2018-05-30",2018,"EM_PAID",1.8,144,25,0,25.3929996490479,0.374500006437303
"EMPAID_NCW-A01A_2018","failure","2018-06-13","2018-06-08",2,"2018-05-30",2018,"EM_PAID",1.8,144,25,0,19.6526002883911,1.45739999972284
"EMPAID_NCW-A01A_2018","failure","2018-06-19","2018-06-13",3,"2018-05-30",2018,"EM_PAID",1.8,144,25,0,20.2799998919169,0.71316668887933
"EMPAID_NCW-A01A_2018","failure","2018-06-21","2018-06-19",4,"2018-05-30",2018,"EM_PAID",1.8,144,25,0,22.2054996490479,1.35799998044968
"EMPAID_NCW-A01A_2018","failure","2018-06-25","2018-06-21",5,"2018-05-30",2018,"EM_PAID",1.8,144,25,0,24.2032499313354,2.48099994659424
"EMPAID_NCW-A01B_2013","success","2013-06-13","2013-06-12",1,"2013-06-03",2013,"EM_PAID",4.1,273,8.33333333333333,45,23.0644998550415,0.214000001549721
"EMPAID_NCW-A01B_2013","success","2013-06-14","2013-06-13",2,"2013-06-03",2013,"EM_PAID",4.1,273,8.33333333333333,45,17.4629993438721,0.725000023841858
"EMPAID_NCW-A01B_2013","success","2013-06-18","2013-06-14",3,"2013-06-03",2013,"EM_PAID",4.1,273,8.33333333333333,45,24.504499912262,0
"EMPAID_NCW-A01B_2013","success","2013-06-20","2013-06-18",4,"2013-06-03",2013,"EM_PAID",4.1,273,8.33333333333333,45,18.3270001411438,5.12099993228912
"EMPAID_NCW-A01B_2013","success","2013-06-23","2013-06-20",5,"2013-06-03",2013,"EM_PAID",4.1,273,8.33333333333333,45,15.1193332672119,1.51133330663045
"EMPAID_NCW-A01B_2013","success","2013-06-28","2013-06-23",6,"2013-06-03",2013,"EM_PAID",4.1,273,8.33333333333333,45,19.8038000106812,7.09379973411559
"EMPAID_NCW-A01B_2013","success","2013-07-02","2013-06-28",7,"2013-06-03",2013,"EM_PAID",4.1,273,8.33333333333333,45,34.6225004196167,0
"EMPAID_NCW-A01B_2013","success","2013-07-04","2013-07-02",8,"2013-06-03",2013,"EM_PAID",4.1,273,8.33333333333333,45,34.3920001983642,0
"EMPAID_NCW-A01B_2013","success","2013-07-08","2013-07-04",9,"2013-06-03",2013,"EM_PAID",4.1,273,8.33333333333333,45,29.2595000267029,0
"EMPAID_NCW-A01B_2013","success","2013-07-11","2013-07-08",10,"2013-06-03",2013,"EM_PAID",4.1,273,8.33333333333333,45,31.2040011088053,0
"EMPAID_NCW-A01B_2013","success","2013-07-15","2013-07-11",11,"2013-06-03",2013,"EM_PAID",4.1,273,8.33333333333333,45,27.5522499084473,0
"EMPAID_NCW-A01B_2015","success","2015-07-14","2015-07-08",1,"2015-06-15",2015,"EM_PAID",6.3,284,208.333333333333,20,25.2575716291155,4.89728566578456
"EMPAID_NCW-A01B_2015","success","2015-07-15","2015-07-14",2,"2015-06-15",2015,"EM_PAID",6.3,284,208.333333333333,20,25.6849994659424,0.256999999284744
"EMPAID_NCW-A01B_2015","success","2015-07-16","2015-07-15",3,"2015-06-15",2015,"EM_PAID",6.3,284,208.333333333333,20,25.8360004425049,0
"EMPAID_NCW-A01B_2015","success","2015-07-20","2015-07-16",4,"2015-06-15",2015,"EM_PAID",6.3,284,208.333333333333,20,25.2557501792908,0
"EMPAID_NCW-A01B_2015","success","2015-07-21","2015-07-20",5,"2015-06-15",2015,"EM_PAID",6.3,284,208.333333333333,20,30.5930004119873,0
"EMPAID_NCW-A01B_2015","success","2015-07-23","2015-07-21",6,"2015-06-15",2015,"EM_PAID",6.3,284,208.333333333333,20,27.8715000152588,0.0054999999701977
"EMPAID_NCW-A01B_2015","success","2015-07-24","2015-07-23",7,"2015-06-15",2015,"EM_PAID",6.3,284,208.333333333333,20,25.6730003356934,0
"EMPAID_NCW-A01B_2015","success","2015-07-27","2015-07-24",8,"2015-06-15",2015,"EM_PAID",6.3,284,208.333333333333,20,25.687334060669,0
"EMPAID_NCW-A01B_2018","failure","2018-07-09","2018-07-05",1,"2018-06-30",2018,"EM_PAID",4.6,29,8.33333333333333,25,29.2622005462646,0
"EMPAID_NCW-A01B_2018","failure","2018-07-12","2018-07-09",2,"2018-06-30",2018,"EM_PAID",4.6,29,8.33333333333333,25,29.6353340148926,0
"EMPAID_NCW-A02A_2019","success","2019-06-21","2019-06-13",1,"2019-05-25",2019,"EM_PAID",2.2,293,50,22.5,25.0516667895847,0.180777771605386
"EMPAID_NCW-A02A_2019","success","2019-06-27","2019-06-21",2,"2019-05-25",2019,"EM_PAID",2.2,293,50,22.5,20.7668334643046,0.139000001053015
"EMPAID_NCW-A02A_2019","success","2019-07-03","2019-06-27",3,"2019-05-25",2019,"EM_PAID",2.2,293,50,22.5,24.8508332570394,0.0485000014305115
"EMPAID_NCW-A02A_2019","success","2019-07-05","2019-07-03",4,"2019-05-25",2019,"EM_PAID",2.2,293,50,22.5,24.3264999389649,0
"EMPAID_NCW-A02A_2019","success","2019-07-08","2019-07-05",5,"2019-05-25",2019,"EM_PAID",2.2,293,50,22.5,28.2139994303385,0
"EMPAID_NCW-A03A_2012","success","2012-06-06","2012-05-30",1,"2012-05-27",2012,"EM_PAID",3,119,16.6666666666667,10,22.0785001516342,1.31849997118115
"EMPAID_NCW-A03A_2012","success","2012-06-11","2012-06-06",2,"2012-05-27",2012,"EM_PAID",3,119,16.6666666666667,10,15.1639999389648,1.44859996140003
"EMPAID_NCW-A03A_2012","success","2012-06-14","2012-06-11",3,"2012-05-27",2012,"EM_PAID",3,119,16.6666666666667,10,22.6533336639404,1.20866669217746
"EMPAID_NCW-A03A_2012","success","2012-06-19","2012-06-14",4,"2012-05-27",2012,"EM_PAID",3,119,16.6666666666667,10,23.6418003082275,0.122200000286102
"EMPAID_NCW-A03A_2012","success","2012-06-22","2012-06-19",5,"2012-05-27",2012,"EM_PAID",3,119,16.6666666666667,10,23.2906665802002,0
"EMPAID_NCW-A03A_2012","success","2012-06-25","2012-06-22",6,"2012-05-27",2012,"EM_PAID",3,119,16.6666666666667,10,26.8606669108073,0
"EMPAID_NCW-A03A_2012","success","2012-07-02","2012-06-25",7,"2012-05-27",2012,"EM_PAID",3,119,16.6666666666667,10,25.8138568060739,1.35442859785897
"EMPAID_NCW-A03A_2012","success","2012-07-05","2012-07-02",8,"2012-05-27",2012,"EM_PAID",3,119,16.6666666666667,10,27.5303338368734,0
"EMPAID_NCW-A03A_2012","success","2012-07-09","2012-07-05",9,"2012-05-27",2012,"EM_PAID",3,119,16.6666666666667,10,33.932249546051,0.209499999880791
"EMPAID_NCW-A03A_2016","success","2016-05-26","2016-05-23",1,"2016-05-23",2016,"EM_PAID",1.2,22,16.6666666666667,10,15.178750038147,1.61475004255772
"EMPAID_NCW-A03A_2016","success","2016-05-30","2016-05-26",2,"2016-05-23",2016,"EM_PAID",1.2,22,16.6666666666667,10,19.2234997749329,0
"EMPAID_NCW-A03A_2016","success","2016-06-07","2016-05-30",3,"2016-05-23",2016,"EM_PAID",1.2,22,16.6666666666667,10,26.8971252441406,0.379875004291535
"EMPAID_NCW-A03A_2016","success","2016-06-10","2016-06-07",4,"2016-05-23",2016,"EM_PAID",1.2,22,16.6666666666667,10,28.7706661224365,1.33233332633972
"EMPAID_NCW-A03A_2016","success","2016-06-15","2016-06-10",5,"2016-05-23",2016,"EM_PAID",1.2,22,16.6666666666667,10,20.8165998458862,0.840999972820281
"EMPAID_NCW-A03A_2016","success","2016-06-21","2016-06-15",6,"2016-05-23",2016,"EM_PAID",1.2,22,16.6666666666667,10,19.7431667645772,2.62200003862381
"EMPAID_NCW-A03A_2016","success","2016-06-24","2016-06-21",7,"2016-05-23",2016,"EM_PAID",1.2,22,16.6666666666667,10,26.8803335825602,0
"EMPAID_NCW-A03A_2016","success","2016-06-28","2016-06-24",8,"2016-05-23",2016,"EM_PAID",1.2,22,16.6666666666667,10,26.566249370575,0
"EMPAID_NCW-A03A_2016","success","2016-06-30","2016-06-28",9,"2016-05-23",2016,"EM_PAID",1.2,22,16.6666666666667,10,34.3875007629395,0
"EMPAID_NCW-A03A_2016","success","2016-07-05","2016-06-30",10,"2016-05-23",2016,"EM_PAID",1.2,22,16.6666666666667,10,30.1274002075195,0
"EMPAID_NCW-A03A_2017","failure","2017-06-27","2017-06-23",1,"2017-06-20",2017,"EM_PAID",2,272,8.33333333333333,20,28.9058006286621,0.150999999046326
"EMPAID_NCW-A03A_2017","failure","2017-06-30","2017-06-27",2,"2017-06-20",2017,"EM_PAID",2,272,8.33333333333333,20,25.9096666971843,1.05133332312107
"EMPAID_NCW-A03A_2017","failure","2017-07-07","2017-06-30",3,"2017-06-20",2017,"EM_PAID",2,272,8.33333333333333,20,32.1164286477225,0
"EMPAID_NCW-A04A_2018","failure","2018-06-08","2018-06-05",1,"2018-06-02",2018,"EM_PAID",1.3,339,16.6666666666667,12.5,25.3929996490479,0.374500006437303
"EMPAID_NCW-A04A_2018","failure","2018-06-13","2018-06-08",2,"2018-06-02",2018,"EM_PAID",1.3,339,16.6666666666667,12.5,19.6526002883911,1.45739999972284
"EMPAID_NCW-A04A_2019","success","2019-06-13","2019-06-06",1,"2019-06-05",2019,"EM_PAID",2.5,258,50,5,21.0862501859665,1.64349994435907
"EMPAID_NCW-A04A_2019","success","2019-06-21","2019-06-13",2,"2019-06-05",2019,"EM_PAID",2.5,258,50,5,24.6292501688004,0.152624994516372
"EMPAID_NCW-A04A_2019","success","2019-06-27","2019-06-21",3,"2019-06-05",2019,"EM_PAID",2.5,258,50,5,20.7668334643046,0.139000001053015
"EMPAID_NCW-A04A_2019","success","2019-07-03","2019-06-27",4,"2019-06-05",2019,"EM_PAID",2.5,258,50,5,24.8508332570394,0.0485000014305115
"EMPAID_NCW-A04A_2019","success","2019-07-09","2019-07-03",5,"2019-06-05",2019,"EM_PAID",2.5,258,50,5,26.0676663716634,0
"EMPAID_NCW-A04A_2019","success","2019-07-11","2019-07-09",6,"2019-06-05",2019,"EM_PAID",2.5,258,50,5,27.6709995269776,0
"EMPAID_NCW-A04A_2019","success","2019-07-15","2019-07-11",7,"2019-06-05",2019,"EM_PAID",2.5,258,50,5,31.686249256134,0.729999989271165
"EMPAID_NCW-A04A_2019","success","2019-07-16","2019-07-15",8,"2019-06-05",2019,"EM_PAID",2.5,258,50,5,27.9689998626709,2.25500011444092
"EMPAID_NCW-A04A_2019","success","2019-07-17","2019-07-16",9,"2019-06-05",2019,"EM_PAID",2.5,258,50,5,25.548999786377,0
"EMPAID_NCW-A05A_2017","success","2017-06-16","2017-06-14",1,"2017-06-05",2017,"EM_PAID",2.3,142,8.33333333333333,12.5,17.120000521342,1.13599999745687
"EMPAID_NCW-A05A_2017","success","2017-06-19","2017-06-16",2,"2017-06-05",2017,"EM_PAID",2.3,142,8.33333333333333,12.5,20.6456667582194,0.869333346684773
"EMPAID_NCW-A05A_2017","success","2017-06-26","2017-06-19",3,"2017-06-05",2017,"EM_PAID",2.3,142,8.33333333333333,12.5,28.5597147260393,0.182857138769967
"EMPAID_NCW-A05A_2017","success","2017-06-30","2017-06-26",4,"2017-06-05",2017,"EM_PAID",2.3,142,8.33333333333333,12.5,27.6137504577637,0.788499992340802
"EMPAID_NCW-A05A_2017","success","2017-07-06","2017-06-30",5,"2017-06-05",2017,"EM_PAID",2.3,142,8.33333333333333,12.5,31.6158336003622,0
"EMPAID_NCW-A05A_2017","success","2017-07-10","2017-07-06",6,"2017-06-05",2017,"EM_PAID",2.3,142,8.33333333333333,12.5,35.4779996871948,0
"EMPAID_NCW-A05A_2017","success","2017-07-18","2017-07-10",7,"2017-06-05",2017,"EM_PAID",2.3,142,8.33333333333333,12.5,31.6201255321503,0.0778749994933605
"EMPAID_NCW-A07A_2018","success","2018-07-05","2018-06-27",1,"2018-05-29",2018,"EM_PAID",1.9,106,41.6666666666667,7.5,23.0428890652127,0
"EMPAID_NCW-A07A_2018","success","2018-07-12","2018-07-05",2,"2018-05-29",2018,"EM_PAID",1.9,106,41.6666666666667,7.5,29.6512862614223,0
"EMPAID_NCW-A07A_2019","success","2019-06-21","2019-06-13",1,"2019-06-03",2019,"EM_PAID",1.7,134,16.6666666666667,12.5,23.754778014289,0.284222225348155
"EMPAID_NCW-A07A_2019","success","2019-06-27","2019-06-21",2,"2019-06-03",2019,"EM_PAID",1.7,134,16.6666666666667,12.5,19.2765000661214,0.429333329200743
"EMPAID_NCW-A07A_2019","success","2019-07-03","2019-06-27",3,"2019-06-03",2019,"EM_PAID",1.7,134,16.6666666666667,12.5,23.5851666132609,0.148000001907349
"EMPAID_NCW-A07A_2019","success","2019-07-08","2019-07-03",4,"2019-06-03",2019,"EM_PAID",1.7,134,16.6666666666667,12.5,25.2562000274658,0
"EMPAID_NCW-A07A_2019","success","2019-07-11","2019-07-08",5,"2019-06-03",2019,"EM_PAID",1.7,134,16.6666666666667,12.5,24.6443335215251,0
"EMPAID_NCW-A07A_2019","success","2019-07-15","2019-07-11",6,"2019-06-03",2019,"EM_PAID",1.7,134,16.6666666666667,12.5,30.5775003433228,0.94700002670288
"EMPAID_NCW-B02A_2019","success","2019-06-24","2019-06-13",1,"2019-06-01",2019,"EM_PAID",4.8,167,25,17.5,21.6049164930979,0.49549999833107
"EMPAID_NCW-B02A_2019","success","2019-06-28","2019-06-24",2,"2019-06-01",2019,"EM_PAID",4.8,167,25,17.5,20.6172494888306,0.28125
"EMPAID_NCW-B02A_2019","success","2019-07-03","2019-06-28",3,"2019-06-01",2019,"EM_PAID",4.8,167,25,17.5,23.6934001922608,0
"EMPAID_NCW-B02A_2019","success","2019-07-09","2019-07-03",4,"2019-06-01",2019,"EM_PAID",4.8,167,25,17.5,24.1578337351481,0
"EMPAID_NCW-B02A_2019","success","2019-07-11","2019-07-09",5,"2019-06-01",2019,"EM_PAID",4.8,167,25,17.5,25.603500366211,0
"EMPAID_NCW-B02A_2019","success","2019-07-15","2019-07-11",6,"2019-06-01",2019,"EM_PAID",4.8,167,25,17.5,30.0747499465942,0.977499961853028
"EMPAID_NCW-B03A_2017","success","2017-06-26","2017-06-21",1,"2017-05-26",2017,"EM_PAID",3,16,0,55,26.5318333307902,0.442500015099843
"EMPAID_NCW-B03A_2017","success","2017-06-30","2017-06-26",2,"2017-05-26",2017,"EM_PAID",3,16,0,55,25.6594996452332,1.83100005984307
"EMPAID_NCW-B03A_2017","success","2017-07-03","2017-06-30",3,"2017-05-26",2017,"EM_PAID",3,16,0,55,28.3073329925537,0
"EMPAID_NCW-B03A_2017","success","2017-07-06","2017-07-03",4,"2017-05-26",2017,"EM_PAID",3,16,0,55,31.1496664683024,0
"EMPAID_NCW-B04A_2016","success","2016-06-27","2016-06-21",1,"2016-06-13",2016,"EM_PAID",3,282,8.33333333333333,50,24.4994286128453,0.58800002506801
"EMPAID_NCW-B04A_2016","success","2016-07-05","2016-06-27",2,"2016-06-13",2016,"EM_PAID",3,282,8.33333333333333,50,30.194750547409,0
"EMPAID_NCW-B04A_2016","success","2016-07-13","2016-07-05",3,"2016-06-13",2016,"EM_PAID",3,282,8.33333333333333,50,19.9078750610351,3.71924991160631
"EMPAID_NCW-B04A_2016","success","2016-07-18","2016-07-13",4,"2016-06-13",2016,"EM_PAID",3,282,8.33333333333333,50,26.0889999389649,0.0976000010967254
"EMPAID_NCW-B04A_2016","success","2016-07-20","2016-07-18",5,"2016-06-13",2016,"EM_PAID",3,282,8.33333333333333,50,27.6084995269776,0
"EMPAID_NCW-B04A_2016","success","2016-07-25","2016-07-20",6,"2016-06-13",2016,"EM_PAID",3,282,8.33333333333333,50,28.1075996398926,0.230999994277954
"EMPAID_NCW-B04A_2016","success","2016-07-27","2016-07-25",7,"2016-06-13",2016,"EM_PAID",3,282,8.33333333333333,50,32.2110004425049,0
"EMPAID_NCW-B04A_2018","success","2018-06-25","2018-06-18",1,"2018-06-07",2018,"EM_PAID",3,238,16.6666666666667,37.5,20.1121250391007,2.32750001549721
"EMPAID_NCW-B04A_2018","success","2018-07-05","2018-06-25",2,"2018-06-07",2018,"EM_PAID",3,238,16.6666666666667,37.5,23.2664001464844,0
"EMPAID_NCW-B04A_2018","success","2018-07-09","2018-07-05",3,"2018-06-07",2018,"EM_PAID",3,238,16.6666666666667,37.5,29.6632504463196,0
"EMPAID_NCW-B04A_2018","success","2018-07-12","2018-07-09",4,"2018-06-07",2018,"EM_PAID",3,238,16.6666666666667,37.5,29.6353340148926,0
"EMPAID_NCW-B04A_2018","success","2018-07-16","2018-07-12",5,"2018-06-07",2018,"EM_PAID",3,238,16.6666666666667,37.5,32.1150002479553,0
"EMPAID_NCW-B04A_2018","success","2018-07-18","2018-07-16",6,"2018-06-07",2018,"EM_PAID",3,238,16.6666666666667,37.5,31.6709995269775,0
"EMPAID_NCW-D04A_2015","success","2015-05-31","2015-05-22",1,"2015-05-13",2015,"EM_PAID",4,6,41.6666666666667,25,21.8931999206543,1.14760000631213
"EMPAID_NCW-D04A_2015","success","2015-06-03","2015-05-31",2,"2015-05-13",2015,"EM_PAID",4,6,41.6666666666667,25,23.5873336791992,3.01233339309692
"EMPAID_NCW-D04A_2015","success","2015-06-09","2015-06-03",3,"2015-05-13",2015,"EM_PAID",4,6,41.6666666666667,25,26.3421665827433,0.713833332061768
"EMPAID_NCW-D04A_2015","success","2015-06-14","2015-06-09",4,"2015-05-13",2015,"EM_PAID",4,6,41.6666666666667,25,28.6859996795654,0
"EMPAID_NCW-D04A_2015","success","2015-06-24","2015-06-14",5,"2015-05-13",2015,"EM_PAID",4,6,41.6666666666667,25,28.0406002044678,0
"EMPAID_NCW-D04A_2016","success","2016-06-27","2016-06-24",1,"2016-05-29",2016,"EM_PAID",3.5,74,33.3333333333333,37.5,25.0590000152588,0
"EMPAID_NCW-D04A_2016","success","2016-07-05","2016-06-27",2,"2016-05-29",2016,"EM_PAID",3.5,74,33.3333333333333,37.5,32.083999633789,0
"EMPAID_NCW-D04A_2016","success","2016-07-12","2016-07-05",3,"2016-05-29",2016,"EM_PAID",3.5,74,33.3333333333333,37.5,21.8854285648891,3.42871422852788
"EMPAID_NCW-D04A_2017","success","2017-06-08","2017-05-30",1,"2017-05-14",2017,"EM_PAID",2,250,25,2.5,26.0315999984741,1.35909998714924
"EMPAID_NCW-D04A_2017","success","2017-06-13","2017-06-08",2,"2017-05-14",2017,"EM_PAID",2,250,25,2.5,17.2828001022339,3.63020000457764
"EMPAID_NCW-D04A_2017","success","2017-06-16","2017-06-13",3,"2017-05-14",2017,"EM_PAID",2,250,25,2.5,17.5193335215251,1.12533330917358
"EMPAID_NCW-D04A_2017","success","2017-06-19","2017-06-16",4,"2017-05-14",2017,"EM_PAID",2,250,25,2.5,21.0166664123535,0.87933333714803
"EMPAID_NCW-D04A_2017","success","2017-06-21","2017-06-19",5,"2017-05-14",2017,"EM_PAID",2,250,25,2.5,31.1415004730225,0.28549998998642
"EMPAID_NCW-D04A_2017","success","2017-06-27","2017-06-21",6,"2017-05-14",2017,"EM_PAID",2,250,25,2.5,28.6948331197103,0.138000001509984
"EMPAID_NCW-D06A_2014","success","2014-07-03","2014-06-23",1,"2014-05-25",2014,"EM_PAID",3.3,76,33.3333333333333,17.5,25.3922727758234,0.91936363957145
"EMPAID_NCW-D06A_2014","success","2014-07-07","2014-07-03",2,"2014-05-25",2014,"EM_PAID",3.3,76,33.3333333333333,17.5,33.2699995040894,0
"EMPAID_NCW-D09A_2012","success","2012-07-05","2012-06-20",1,"2012-05-27",2012,"EM_PAID",6.6,170,NA,NA,26.1874375343323,0.626125007867813
"EMPAID_NCW-D09A_2012","success","2012-07-10","2012-07-05",2,"2012-05-27",2012,"EM_PAID",6.6,170,NA,NA,34.6718002319336,0.185199999809265
"EMPAID_NCW-D09A_2013","success","2013-07-30","2013-07-25",1,"2013-06-28",2013,"EM_PAID",1.6,279,133.333333333333,2.5,32.8509998321533,0
"EMPAID_NCW-D09A_2013","success","2013-08-01","2013-07-30",2,"2013-06-28",2013,"EM_PAID",1.6,279,133.333333333333,2.5,32.018500328064,0
"EMPAID_NCW-D09A_2013","success","2013-08-05","2013-08-01",3,"2013-06-28",2013,"EM_PAID",1.6,279,133.333333333333,2.5,28.1960000991821,0.475250005722045
"EMPAID_NCW-D09A_2013","success","2013-08-08","2013-08-05",4,"2013-06-28",2013,"EM_PAID",1.6,279,133.333333333333,2.5,33.0513331095378,0
"EMPAID_NCW-D10A_2013","failure","2013-06-07","2013-06-06",1,"2013-05-26",2013,"EM_PAID",3.6,330,25,10,28.3289995193482,0
"EMPAID_NCW-D10A_2013","failure","2013-06-10","2013-06-07",2,"2013-05-26",2013,"EM_PAID",3.6,330,25,10,28.6193339029948,0
"EMPAID_NCW-D10A_2013","failure","2013-06-13","2013-06-10",3,"2013-05-26",2013,"EM_PAID",3.6,330,25,10,26.2390003204346,0.170666674772898
"EMPAID_NCW-D10A_2013","failure","2013-06-14","2013-06-13",4,"2013-05-26",2013,"EM_PAID",3.6,330,25,10,19.0179996490479,0.898999989032745
"EMPAID_NCW-D10A_2013","failure","2013-06-18","2013-06-14",5,"2013-05-26",2013,"EM_PAID",3.6,330,25,10,26.0202498435974,0
"EMPAID_NCW-D10A_2016","success","2016-07-07","2016-06-30",1,"2016-06-08",2016,"EM_PAID",9.8,180,58.3333333333333,12.5,29.5558743476868,0
"EMPAID_NCW-D10A_2016","success","2016-07-12","2016-07-07",2,"2016-06-08",2016,"EM_PAID",9.8,180,58.3333333333333,12.5,20.9642002105713,4.80019991993903
"EMPAID_NCW-D10A_2016","success","2016-07-14","2016-07-12",3,"2016-06-08",2016,"EM_PAID",9.8,180,58.3333333333333,12.5,24.0480003356934,0.226999998092652
"EMPAID_NCW-D10A_2016","success","2016-07-20","2016-07-14",4,"2016-06-08",2016,"EM_PAID",9.8,180,58.3333333333333,12.5,28.7749999364217,0
"EMPAID_NCW-D10A_2017","success","2017-05-30","2017-05-22",1,"2017-05-11",2017,"EM_PAID",2.1,318,50,2.5,22.8384444978502,0.286888874239391
"EMPAID_NCW-D10A_2017","success","2017-06-07","2017-05-30",2,"2017-05-11",2017,"EM_PAID",2.1,318,50,2.5,25.156124830246,1.69074998423457
"EMPAID_NCW-D10A_2017","success","2017-06-10","2017-06-07",3,"2017-05-11",2017,"EM_PAID",2.1,318,50,2.5,23.1986668904623,2.24133324623108
"EMPAID_NCW-D10A_2017","success","2017-06-16","2017-06-10",4,"2017-05-11",2017,"EM_PAID",2.1,318,50,2.5,16.7378334999085,2.46716670195262
"EMPAID_NCW-D10A_2017","success","2017-06-19","2017-06-16",5,"2017-05-11",2017,"EM_PAID",2.1,318,50,2.5,21.0166664123535,0.87933333714803
"EMPAID_NCW-D10A_2017","success","2017-06-22","2017-06-19",6,"2017-05-11",2017,"EM_PAID",2.1,318,50,2.5,29.5846672058105,0.190333326657613
"EMPAID_NCW-E03A_2017","success","2017-06-16","2017-06-13",1,"2017-06-03",2017,"EM_PAID",2.5,130,33.3333333333333,12.5,14.6755001544952,2.2482500076294
"EMPAID_NCW-E03A_2017","success","2017-06-21","2017-06-16",2,"2017-06-03",2017,"EM_PAID",2.5,130,33.3333333333333,12.5,22.6873996734619,1.58019995689392
"EMPAID_NCW-E03A_2017","success","2017-06-23","2017-06-21",3,"2017-06-03",2017,"EM_PAID",2.5,130,33.3333333333333,12.5,23.5979995727539,0
"EMPAID_NCW-E03A_2017","success","2017-06-26","2017-06-23",4,"2017-06-03",2017,"EM_PAID",2.5,130,33.3333333333333,12.5,27.4926668802897,0.885000030199687
"EMPAID_NCW-E03A_2017","success","2017-06-30","2017-06-26",5,"2017-06-03",2017,"EM_PAID",2.5,130,33.3333333333333,12.5,25.6594996452332,1.83100005984307
"EMPAID_NCW-E03A_2017","success","2017-07-06","2017-06-30",6,"2017-06-03",2017,"EM_PAID",2.5,130,33.3333333333333,12.5,29.728499730428,0
"EMPAID_NCW-E03A_2017","success","2017-07-10","2017-07-06",7,"2017-06-03",2017,"EM_PAID",2.5,130,33.3333333333333,12.5,33.5917501449585,0
"EMPAID_NCW-E03A_2017","success","2017-07-12","2017-07-10",8,"2017-06-03",2017,"EM_PAID",2.5,130,33.3333333333333,12.5,27.7889995574951,0
"EMPAID_NCW-E03A_2017","success","2017-07-17","2017-07-12",9,"2017-06-03",2017,"EM_PAID",2.5,130,33.3333333333333,12.5,31.1856002807617,0.61800000667572
"EMPAID_NCW-E03A_2017","success","2017-07-18","2017-07-17",10,"2017-06-03",2017,"EM_PAID",2.5,130,33.3333333333333,12.5,28.4050006866455,0
"EMPAID_NCW-G02A_2019","success","2019-07-03","2019-06-18",1,"2019-05-22",2019,"EM_PAID",8.4,178,0,0,21.4760625958443,0.31462500616908
"EMPAID_NDL03A_2013","success","2013-06-06","2013-06-04",1,"2013-06-03",2013,"EM_PAID",6.7,70,0,5,21.8343334197998,0
"EMPAID_NDL03A_2013","success","2013-06-11","2013-06-06",2,"2013-06-03",2013,"EM_PAID",6.7,70,0,5,26.1053997039795,0
"EMPAID_NDL03A_2013","success","2013-06-14","2013-06-11",3,"2013-06-03",2013,"EM_PAID",6.7,70,0,5,19.4109999338786,0.876999974250793
"EMPAID_NDL03A_2013","success","2013-06-17","2013-06-14",4,"2013-06-03",2013,"EM_PAID",6.7,70,0,5,22.3746668497721,0
"EMPAID_NDL03A_2013","success","2013-06-21","2013-06-17",5,"2013-06-03",2013,"EM_PAID",6.7,70,0,5,18.2895002365112,5.96274998784065
"EMPAID_NDL03A_2013","success","2013-06-25","2013-06-21",6,"2013-06-03",2013,"EM_PAID",6.7,70,0,5,17.368499994278,3.26899991929532
"EMPAID_NDL03A_2013","success","2013-06-27","2013-06-25",7,"2013-06-03",2013,"EM_PAID",6.7,70,0,5,15.9010000228882,5.16750013828277
"EMPAID_NDL03A_2013","success","2013-07-04","2013-06-27",8,"2013-06-03",2013,"EM_PAID",6.7,70,0,5,32.4341430664062,0
"EMPAID_NDL03A_2013","success","2013-07-08","2013-07-04",9,"2013-06-03",2013,"EM_PAID",6.7,70,0,5,27.968249797821,0
"EMPAID_NDL03A_2013","success","2013-07-11","2013-07-08",10,"2013-06-03",2013,"EM_PAID",6.7,70,0,5,30.4063339233399,0
"EMPAID_NDL03A_2013","success","2013-07-15","2013-07-11",11,"2013-06-03",2013,"EM_PAID",6.7,70,0,5,26.272750377655,0
"EMPAID_NDL03A_2014","failure","2014-06-05","2014-05-30",1,"2014-05-28",2014,"EM_PAID",3.2,42,0,5,21.1351430075509,0.000142857149642493
"EMPAID_NDL03A_2014","failure","2014-06-11","2014-06-05",2,"2014-05-28",2014,"EM_PAID",3.2,42,0,5,22.6299997965495,0.0605000009139378
"EMPAID_NDL03A_2014","failure","2014-06-13","2014-06-11",3,"2014-05-28",2014,"EM_PAID",3.2,42,0,5,23.5885000228882,0.316000014543533
"EMPAID_NDL03A_2014","failure","2014-06-23","2014-06-13",4,"2014-05-28",2014,"EM_PAID",3.2,42,0,5,17.0193001747132,1.41820000708103
"EMPAID_NDL03A_2014","failure","2014-06-25","2014-06-23",5,"2014-05-28",2014,"EM_PAID",3.2,42,0,5,25.6564998626709,0
"EMPAID_NDL04A_2018","success","2018-06-26","2018-06-22",1,"2018-05-29",2018,"EM_PAID",5.7,123,8.33333333333333,10,21.9204002380371,1.60879998207092
"EMPAID_NDL04A_2018","success","2018-07-03","2018-06-26",2,"2018-05-29",2018,"EM_PAID",5.7,123,8.33333333333333,10,21.6398574284145,0
"EMPAID_NDL04A_2018","success","2018-07-05","2018-07-03",3,"2018-05-29",2018,"EM_PAID",5.7,123,8.33333333333333,10,22.0219993591309,0.00449999980628491
"EMPAID_NDL04A_2018","success","2018-07-09","2018-07-05",4,"2018-05-29",2018,"EM_PAID",5.7,123,8.33333333333333,10,28.0989995002747,0
"EMPAID_NDL08A_2014","success","2014-06-25","2014-06-19",1,"2014-05-31",2014,"EM_PAID",2.9,307,16.6666666666667,15,23.5402855191912,0.257714292832783
"EMPAID_NDL08A_2014","success","2014-07-01","2014-06-25",2,"2014-05-31",2014,"EM_PAID",2.9,307,16.6666666666667,15,20.9344997406006,2.07099996010463
"EMPAID_NDL08A_2014","success","2014-07-08","2014-07-01",3,"2014-05-31",2014,"EM_PAID",2.9,307,16.6666666666667,15,31.806857245309,0
"EMPAID_NDL08A_2014","success","2014-07-15","2014-07-08",4,"2014-05-31",2014,"EM_PAID",2.9,307,16.6666666666667,15,33.1728570120675,0.0467142845903124
"EMPAID_NDL08A_2015","success","2015-06-09","2015-06-04",1,"2015-05-24",2015,"EM_PAID",1.2,148,8.33333333333333,0,24.6843331654867,0.0848333338896433
"EMPAID_NDL08A_2015","success","2015-06-11","2015-06-09",2,"2015-05-24",2015,"EM_PAID",1.2,148,8.33333333333333,0,30.0019998550415,0
"EMPAID_NDL08A_2015","success","2015-06-16","2015-06-11",3,"2015-05-24",2015,"EM_PAID",1.2,148,8.33333333333333,0,25.5040000915527,0
"EMPAID_NDL08A_2015","success","2015-06-23","2015-06-16",4,"2015-05-24",2015,"EM_PAID",1.2,148,8.33333333333333,0,26.7122859954834,0.201142861108695
"EMPAID_NDL08A_2015","success","2015-06-29","2015-06-23",5,"2015-05-24",2015,"EM_PAID",1.2,148,8.33333333333333,0,32.903166770935,0
"EMPAID_NDL08A_2015","success","2015-07-02","2015-06-29",6,"2015-05-24",2015,"EM_PAID",1.2,148,8.33333333333333,0,34.1609992980957,0
"EMPAID_NDL08A_2015","success","2015-07-06","2015-07-02",7,"2015-05-24",2015,"EM_PAID",1.2,148,8.33333333333333,0,33.0767493247986,0
"EMPAID_NDL08A_2017","success","2017-07-05","2017-06-30",1,"2017-05-29",2017,"EM_PAID",2,167,16.6666666666667,5,28.9410003026326,0
"EMPAID_NDL08A_2017","success","2017-07-07","2017-07-05",2,"2017-05-29",2017,"EM_PAID",2,167,16.6666666666667,5,34.1490001678467,0
"EMPAID_NDL08A_2017","success","2017-07-10","2017-07-07",3,"2017-05-29",2017,"EM_PAID",2,167,16.6666666666667,5,34.7173334757487,0
"EMPAID_NDL10A_2018","failure","2018-06-11","2018-06-07",1,"2018-06-04",2018,"EM_PAID",2.5,165,183.333333333333,12.5,20.0526000976563,2.28539996743202
"EMPAID_NDL10A_2018","failure","2018-06-12","2018-06-11",2,"2018-06-04",2018,"EM_PAID",2.5,165,183.333333333333,12.5,15.2679996490479,0.177000001072884
"EMPAID_NDL10A_2018","failure","2018-06-20","2018-06-12",3,"2018-06-04",2018,"EM_PAID",2.5,165,183.333333333333,12.5,19.46875,0.931625023949891
"EMPAID_NDL10A_2018","failure","2018-06-27","2018-06-20",4,"2018-06-04",2018,"EM_PAID",2.5,165,183.333333333333,12.5,22.9697140284947,1.53914288112095
"EMPAID_NDL10A_2018","failure","2018-07-03","2018-06-27",5,"2018-06-04",2018,"EM_PAID",2.5,165,183.333333333333,12.5,22.5241667429606,0
"EMPAID_NEFW01A_2018","success","2018-06-05","2018-05-30",1,"2018-05-27",2018,"EM_PAID",3.2,61,16.6666666666667,22.5,22.2144283567156,2.92857148817607
"EMPAID_NEFW01A_2018","success","2018-06-08","2018-06-05",2,"2018-05-27",2018,"EM_PAID",3.2,61,16.6666666666667,22.5,25.6443335215251,0.462000012397767
"EMPAID_NEFW01A_2018","success","2018-06-13","2018-06-08",3,"2018-05-27",2018,"EM_PAID",3.2,61,16.6666666666667,22.5,20.2131999969482,1.44060001671314
"EMPAID_NEFW01A_2018","success","2018-06-19","2018-06-13",4,"2018-05-27",2018,"EM_PAID",3.2,61,16.6666666666667,22.5,20.7835001945496,0.689666683475176
"EMPAID_NEFW01A_2018","success","2018-06-25","2018-06-19",5,"2018-05-27",2018,"EM_PAID",3.2,61,16.6666666666667,22.5,23.8356666564941,1.72166667381922
"EMPAID_NEFW01A_2018","success","2018-07-02","2018-06-25",6,"2018-05-27",2018,"EM_PAID",3.2,61,16.6666666666667,22.5,25.2979997907366,0
"EMPAID_NEFW01A_2018","success","2018-07-05","2018-07-02",7,"2018-05-27",2018,"EM_PAID",3.2,61,16.6666666666667,22.5,24.0493329366048,0
"EMPAID_NEFW01A_2018","success","2018-07-09","2018-07-05",8,"2018-05-27",2018,"EM_PAID",3.2,61,16.6666666666667,22.5,31.2880001068115,0
"EMPAID_NLC-R09A_2014","success","2014-06-19","2014-06-11",1,"2014-06-06",2014,"EM_PAID",1.1,309,83.3333333333333,7.5,17.1768887837728,1.71655558215247
"EMPAID_NLC-R09A_2014","success","2014-06-23","2014-06-19",2,"2014-06-06",2014,"EM_PAID",1.1,309,83.3333333333333,7.5,24.450249671936,0.0144999995827675
"EMPAID_NLC-R09A_2014","success","2014-06-25","2014-06-23",3,"2014-06-06",2014,"EM_PAID",1.1,309,83.3333333333333,7.5,27.0349998474121,0
"EMPAID_NLC-R09A_2014","success","2014-07-06","2014-06-25",4,"2014-06-06",2014,"EM_PAID",1.1,309,83.3333333333333,7.5,25.7401816628196,1.12963634187525
"EMPAID_NLC-R09A_2014","success","2014-07-08","2014-07-06",5,"2014-06-06",2014,"EM_PAID",1.1,309,83.3333333333333,7.5,32.5565004348755,0
"EMPAID_NLC-R09A_2014","success","2014-07-10","2014-07-08",6,"2014-06-06",2014,"EM_PAID",1.1,309,83.3333333333333,7.5,31.0149993896485,0
"EMPAID_NLC-R09A_2014","success","2014-07-15","2014-07-10",7,"2014-06-06",2014,"EM_PAID",1.1,309,83.3333333333333,7.5,34.0360000610351,0.0653999984264374
"EMPAID_NLC-R09A_2014","success","2014-07-21","2014-07-15",8,"2014-06-06",2014,"EM_PAID",1.1,309,83.3333333333333,7.5,31.413332939148,0
"EMPAID_NLC-R10A_2012","success","2012-06-02","2012-05-29",1,"2012-05-26",2012,"EM_PAID",1.6,310,0,7.5,21.3513999938965,0.0255400002002716
"EMPAID_NLC-R10A_2012","success","2012-06-06","2012-06-02",2,"2012-05-26",2012,"EM_PAID",1.6,310,0,7.5,18.5009999275207,3.91149994730949
"EMPAID_NLC-R10A_2012","success","2012-06-12","2012-06-06",3,"2012-05-26",2012,"EM_PAID",1.6,310,0,7.5,15.2511666615804,0.594333330790201
"EMPAID_NLC-R10A_2012","success","2012-06-15","2012-06-12",4,"2012-05-26",2012,"EM_PAID",1.6,310,0,7.5,21.9796663920085,1.46000003814697
"EMPAID_NLC-R10A_2012","success","2012-06-18","2012-06-15",5,"2012-05-26",2012,"EM_PAID",1.6,310,0,7.5,24.4993330637614,0
"EMPAID_NLC-R10A_2012","success","2012-06-21","2012-06-18",6,"2012-05-26",2012,"EM_PAID",1.6,310,0,7.5,17.625,1.01333332061768
"EMPAID_NLC-R10A_2012","success","2012-06-26","2012-06-21",7,"2012-05-26",2012,"EM_PAID",1.6,310,0,7.5,26.3923999786377,0.123599994182587
"EMPAID_NLC-R10A_2012","success","2012-06-27","2012-06-26",8,"2012-05-26",2012,"EM_PAID",1.6,310,0,7.5,14.0620002746582,9.19600009918213
"EMPAID_NLC-R10A_2012","success","2012-06-28","2012-06-27",9,"2012-05-26",2012,"EM_PAID",1.6,310,0,7.5,22.6469993591309,0.24600000679493
"EMPAID_NLC-R10A_2012","success","2012-07-03","2012-06-28",10,"2012-05-26",2012,"EM_PAID",1.6,310,0,7.5,27.2674003601074,0
"EMPAID_NLC-R10A_2012","success","2012-07-05","2012-07-03",11,"2012-05-26",2012,"EM_PAID",1.6,310,0,7.5,24.3530006408692,0
"EMPAID_NLC-R10A_2012","success","2012-07-08","2012-07-05",12,"2012-05-26",2012,"EM_PAID",1.6,310,0,7.5,31.7046674092611,0
"EMPAID_NLC03A_2017","failure","2017-06-16","2017-06-06",1,"2017-06-02",2017,"EM_PAID",2.3,258,116.666666666667,10,18.313363422047,2.38309093429284
"EMPAID_NLC03A_2017","failure","2017-06-20","2017-06-16",2,"2017-06-02",2017,"EM_PAID",2.3,258,116.666666666667,10,21.9274997711182,0.372999995946885
"EMPAID_NLC03A_2017","failure","2017-06-23","2017-06-20",3,"2017-06-02",2017,"EM_PAID",2.3,258,116.666666666667,10,25.0913327534994,0
"EMPAID_NLC04A_2013","success","2013-06-11","2013-06-06",1,"2013-06-04",2013,"EM_PAID",2.3,69,0,15,26.8916664123535,0
"EMPAID_NLC04A_2013","success","2013-06-14","2013-06-11",2,"2013-06-04",2013,"EM_PAID",2.3,69,0,15,20.4740002950033,0.887666662534077
"EMPAID_NLC04A_2013","success","2013-06-18","2013-06-14",3,"2013-06-04",2013,"EM_PAID",2.3,69,0,15,24.4927496910095,0
"EMPAID_NLC04A_2013","success","2013-06-21","2013-06-18",4,"2013-06-04",2013,"EM_PAID",2.3,69,0,15,16.4279998143514,7.63500006993611
"EMPAID_NLC04A_2013","success","2013-06-25","2013-06-21",5,"2013-06-04",2013,"EM_PAID",2.3,69,0,15,18.407499551773,3.0952499806881
"EMPAID_NLC04A_2013","success","2013-06-27","2013-06-25",6,"2013-06-04",2013,"EM_PAID",2.3,69,0,15,16.7330002784729,4.81900012493134
"EMPAID_NLC04A_2013","success","2013-07-02","2013-06-27",7,"2013-06-04",2013,"EM_PAID",2.3,69,0,15,33.1953994750977,0
"EMPAID_NLC04A_2013","success","2013-07-04","2013-07-02",8,"2013-06-04",2013,"EM_PAID",2.3,69,0,15,33.9844989776611,0
"EMPAID_NLC04A_2013","success","2013-07-08","2013-07-04",9,"2013-06-04",2013,"EM_PAID",2.3,69,0,15,28.8484997749329,0
"EMPAID_NLC04A_2013","success","2013-07-10","2013-07-08",10,"2013-06-04",2013,"EM_PAID",2.3,69,0,15,30.5284996032715,0
"EMPAID_NLC04A_2013","success","2013-07-11","2013-07-10",11,"2013-06-04",2013,"EM_PAID",2.3,69,0,15,33.1020011901855,0
"EMPAID_NLC04A_2013","success","2013-07-15","2013-07-11",12,"2013-06-04",2013,"EM_PAID",2.3,69,0,15,27.1079998016357,0
"EMPAID_NLC05A_2015","success","2015-07-02","2015-06-30",1,"2015-05-30",2015,"EM_PAID",2,227,8.33333333333333,5,34.1609992980957,0
"EMPAID_NLC05A_2015","success","2015-07-06","2015-07-02",2,"2015-05-30",2015,"EM_PAID",2,227,8.33333333333333,5,33.0767493247986,0
"EMPAID_NLC05A_2015","success","2015-07-13","2015-07-06",3,"2015-05-30",2015,"EM_PAID",2,227,8.33333333333333,5,27.0894284929548,3.39357147897993
"EMPAID_NLC05A_2016","failure","2016-06-21","2016-06-17",1,"2016-06-13",2016,"EM_PAID",1.6,230,25,2.5,19.7153999328613,1.55880001783371
"EMPAID_NPM09A_2013","success","2013-06-14","2013-06-11",1,"2013-06-08",2013,"EM_PAID",2.6,234,8.33333333333333,5,21.5659999847412,0.596500009298325
"EMPAID_NPM09A_2013","success","2013-06-18","2013-06-14",2,"2013-06-08",2013,"EM_PAID",2.6,234,8.33333333333333,5,23.991750240326,0
"EMPAID_NPM09A_2013","success","2013-06-25","2013-06-18",3,"2013-06-08",2013,"EM_PAID",2.6,234,8.33333333333333,5,16.9512859072004,5.28457125595638
"EMPAID_NPM09A_2013","success","2013-07-01","2013-06-25",4,"2013-06-08",2013,"EM_PAID",2.6,234,8.33333333333333,5,26.5140002568563,1.83133335908254
"EMPAID_NPM09A_2013","success","2013-07-04","2013-07-01",5,"2013-06-08",2013,"EM_PAID",2.6,234,8.33333333333333,5,34.48099899292,0
"EMPAID_NPM09A_2013","success","2013-07-08","2013-07-04",6,"2013-06-08",2013,"EM_PAID",2.6,234,8.33333333333333,5,28.4184999465942,0
"EMPAID_NPM09A_2013","success","2013-07-11","2013-07-08",7,"2013-06-08",2013,"EM_PAID",2.6,234,8.33333333333333,5,30.8083343505859,0
"EMPAID_NPM09A_2013","success","2013-07-15","2013-07-11",8,"2013-06-08",2013,"EM_PAID",2.6,234,8.33333333333333,5,26.7202506065369,0
"EMPAID_NPM09A_2013","success","2013-07-16","2013-07-15",9,"2013-06-08",2013,"EM_PAID",2.6,234,8.33333333333333,5,32.5929985046387,0
"EMPAID_NPM09A_2013","success","2013-07-18","2013-07-16",10,"2013-06-08",2013,"EM_PAID",2.6,234,8.33333333333333,5,31.5830001831055,1.05350005626678
"EMPAID_NPM09A_2014","failure","2014-06-16","2014-06-02",1,"2014-05-29",2014,"EM_PAID",1.7,222,8.33333333333333,15,21.8005997975667,0.416000000635783
"EMPAID_NSF02A_2015","success","2015-05-31","2015-05-28",1,"2015-05-19",2015,"EM_PAID",1.3,32,25,17.5,22.6032495498657,0.148499999195337
"EMPAID_NSF02A_2015","success","2015-06-03","2015-05-31",2,"2015-05-19",2015,"EM_PAID",1.3,32,25,17.5,23.5873336791992,3.01233339309692
"EMPAID_NSF02A_2015","success","2015-06-12","2015-06-03",3,"2015-05-19",2015,"EM_PAID",1.3,32,25,17.5,27.7892220815023,0.475888888041179
"EMPAID_NSF02A_2015","success","2015-06-15","2015-06-12",4,"2015-05-19",2015,"EM_PAID",1.3,32,25,17.5,25.7453333536784,0
"EMPAID_NSF02A_2015","success","2015-06-24","2015-06-15",5,"2015-05-19",2015,"EM_PAID",1.3,32,25,17.5,28.2833334604899,0
"EMPAID_NSF02A_2015","success","2015-06-29","2015-06-24",6,"2015-05-19",2015,"EM_PAID",1.3,32,25,17.5,34.9013996124268,0.119400000572205
"EMPAID_NSF02A_2015","success","2015-06-30","2015-06-29",7,"2015-05-19",2015,"EM_PAID",1.3,32,25,17.5,36.6469993591309,0
"EMPAID_NSF02A_2016","success","2016-05-30","2016-05-25",1,"2016-05-18",2016,"EM_PAID",2.2,141,8.33333333333333,52.5,19.2784996032715,0.158499995867411
"EMPAID_NSF02A_2016","success","2016-06-07","2016-05-30",2,"2016-05-18",2016,"EM_PAID",2.2,141,8.33333333333333,52.5,27.2541244029999,0.344375014305115
"EMPAID_NSF02A_2016","success","2016-06-09","2016-06-07",3,"2016-05-18",2016,"EM_PAID",2.2,141,8.33333333333333,52.5,31.3039999008179,1.94900000095367
"EMPAID_NSF02A_2016","success","2016-06-15","2016-06-09",4,"2016-05-18",2016,"EM_PAID",2.2,141,8.33333333333333,52.5,21.7881668408712,0.633333335320155
"EMPAID_NSF02A_2016","success","2016-06-21","2016-06-15",5,"2016-05-18",2016,"EM_PAID",2.2,141,8.33333333333333,52.5,20.1620003382365,2.53749996423721
"EMPAID_NSF02A_2016","success","2016-06-24","2016-06-21",6,"2016-05-18",2016,"EM_PAID",2.2,141,8.33333333333333,52.5,27.2670001983643,0
"EMPAID_NSF02A_2016","success","2016-06-27","2016-06-24",7,"2016-05-18",2016,"EM_PAID",2.2,141,8.33333333333333,52.5,24.417999903361,0
"EMPAID_NSF02A_2016","success","2016-06-30","2016-06-27",8,"2016-05-18",2016,"EM_PAID",2.2,141,8.33333333333333,52.5,34.6459999084472,0
"EMPAID_NSF04A_2012","success","2012-06-22","2012-06-19",1,"2012-05-30",2012,"EM_PAID",3.3,1,25,15,21.7579998970032,0
"EMPAID_NSF04A_2012","success","2012-06-25","2012-06-22",2,"2012-05-30",2012,"EM_PAID",3.3,1,25,15,26.8606669108073,0
"EMPAID_NSF04A_2012","success","2012-07-02","2012-06-25",3,"2012-05-30",2012,"EM_PAID",3.3,1,25,15,25.8138568060739,1.35442859785897
"EMPAID_NSF04A_2012","success","2012-07-05","2012-07-02",4,"2012-05-30",2012,"EM_PAID",3.3,1,25,15,27.5303338368734,0
"EMPAID_NSF04A_2012","success","2012-07-09","2012-07-05",5,"2012-05-30",2012,"EM_PAID",3.3,1,25,15,33.932249546051,0.209499999880791
"EMPAID_NSF04A_2012","success","2012-07-10","2012-07-09",6,"2012-05-30",2012,"EM_PAID",3.3,1,25,15,35.8969993591309,0
"EMPAID_NSF05A_2016","success","2016-06-10","2016-06-07",1,"2016-06-06",2016,"EM_PAID",1.4,330,25,25,29.7532496452331,1.75900000333786
"EMPAID_NSF05A_2016","success","2016-06-21","2016-06-10",2,"2016-06-06",2016,"EM_PAID",1.4,330,25,25,20.231090892445,1.81245455416766
"EMPAID_NSF05A_2016","success","2016-06-24","2016-06-21",3,"2016-06-06",2016,"EM_PAID",1.4,330,25,25,26.8803335825602,0
"EMPAID_NSF05A_2016","success","2016-06-28","2016-06-24",4,"2016-06-06",2016,"EM_PAID",1.4,330,25,25,26.566249370575,0
"EMPAID_NSF05A_2016","success","2016-06-30","2016-06-28",5,"2016-06-06",2016,"EM_PAID",1.4,330,25,25,34.3875007629395,0
"EMPAID_NSF05A_2016","success","2016-07-05","2016-06-30",6,"2016-06-06",2016,"EM_PAID",1.4,330,25,25,30.1274002075195,0
"EMPAID_NSF05A_2016","success","2016-07-11","2016-07-05",7,"2016-06-06",2016,"EM_PAID",1.4,330,25,25,22.1343332926432,4.15799995263417
"EMPAID_NSF05A_2016","success","2016-07-14","2016-07-11",8,"2016-06-06",2016,"EM_PAID",1.4,330,25,25,21.5509999593099,0.333333323399226
"EMPAID_NSF05A_2016","success","2016-07-18","2016-07-14",9,"2016-06-06",2016,"EM_PAID",1.4,330,25,25,28.0857501029968,0
"EMPAID_NSF07A_2014","success","2014-06-12","2014-06-10",1,"2014-05-27",2014,"EM_PAID",2.3,284,8.33333333333333,20,25.4613335927327,0
"EMPAID_NSF07A_2014","success","2014-06-16","2014-06-12",2,"2014-05-27",2014,"EM_PAID",2.3,284,8.33333333333333,20,19.4187498092651,0.989499986171722
"EMPAID_NSF07A_2014","success","2014-06-27","2014-06-16",3,"2014-05-27",2014,"EM_PAID",2.3,284,8.33333333333333,20,21.4392726204612,1.00599999319423
"EMPAID_NSF07A_2014","success","2014-07-03","2014-06-27",4,"2014-05-27",2014,"EM_PAID",2.3,284,8.33333333333333,20,25.534166653951,0.989333311716715
"EMPAID_NSF07A_2014","success","2014-07-07","2014-07-03",5,"2014-05-27",2014,"EM_PAID",2.3,284,8.33333333333333,20,32.9395003318786,0
"EMPAID_NSF07A_2014","success","2014-07-09","2014-07-07",6,"2014-05-27",2014,"EM_PAID",2.3,284,8.33333333333333,20,33.5799999237061,0
"EMPAID_NSF07A_2015","success","2015-05-31","2015-05-28",1,"2015-05-19",2015,"EM_PAID",3,82,8.33333333333333,10,22.1814999580383,0.356000006198883
"EMPAID_NSF07A_2015","success","2015-06-03","2015-05-31",2,"2015-05-19",2015,"EM_PAID",3,82,8.33333333333333,10,23.1280002593994,3.27366669972738
"EMPAID_NSF07A_2015","success","2015-06-12","2015-06-03",3,"2015-05-19",2015,"EM_PAID",3,82,8.33333333333333,10,27.4496663411458,0.506888892915514
"EMPAID_NSF07A_2015","success","2015-06-24","2015-06-12",4,"2015-05-19",2015,"EM_PAID",3,82,8.33333333333333,10,27.2995831171671,0
"EMPAID_NSF07A_2015","success","2015-06-29","2015-06-24",5,"2015-05-19",2015,"EM_PAID",3,82,8.33333333333333,10,34.5676002502441,0.129799997806549
"EMPAID_NSF07A_2016","success","2016-05-30","2016-05-25",1,"2016-05-21",2016,"EM_PAID",5.5,184,16.6666666666667,20,18.9088331858317,0.13400000333786
"EMPAID_NSF07A_2016","success","2016-06-07","2016-05-30",2,"2016-05-21",2016,"EM_PAID",5.5,184,16.6666666666667,20,26.8971252441406,0.379875004291535
"EMPAID_NSF07A_2016","success","2016-06-09","2016-06-07",3,"2016-05-21",2016,"EM_PAID",5.5,184,16.6666666666667,20,30.950499534607,1.99849998950958
"EMPAID_NSF07A_2016","success","2016-06-15","2016-06-09",4,"2016-05-21",2016,"EM_PAID",5.5,184,16.6666666666667,20,21.4156664212545,0.700833310683568
"EMPAID_NSF07A_2016","success","2016-06-21","2016-06-15",5,"2016-05-21",2016,"EM_PAID",5.5,184,16.6666666666667,20,19.7431667645772,2.62200003862381
"EMPAID_NSF07A_2016","success","2016-06-24","2016-06-21",6,"2016-05-21",2016,"EM_PAID",5.5,184,16.6666666666667,20,26.8803335825602,0
"EMPAID_NSF07A_2016","success","2016-06-27","2016-06-24",7,"2016-05-21",2016,"EM_PAID",5.5,184,16.6666666666667,20,24.0549996693929,0
"EMPAID_NSF07A_2016","success","2016-06-30","2016-06-27",8,"2016-05-21",2016,"EM_PAID",5.5,184,16.6666666666667,20,34.2916666666667,0
"EMPAID_NSF07A_2016","success","2016-07-05","2016-06-30",9,"2016-05-21",2016,"EM_PAID",5.5,184,16.6666666666667,20,30.1274002075195,0
"EMPAID_NSF08A_2013","success","2013-06-20","2013-06-13",1,"2013-06-12",2013,"EM_PAID",1.8,261,8.33333333333333,12.5,23.1649997234344,1.83875004947185
"EMPAID_NSF08A_2013","success","2013-06-23","2013-06-20",2,"2013-06-12",2013,"EM_PAID",1.8,261,8.33333333333333,12.5,16.7656669616699,1.05666665236155
"EMPAID_NSF08A_2013","success","2013-06-27","2013-06-23",3,"2013-06-12",2013,"EM_PAID",1.8,261,8.33333333333333,12.5,19.2097494602204,7.94299998879432
"EMPAID_NSF08A_2013","success","2013-07-02","2013-06-27",4,"2013-06-12",2013,"EM_PAID",1.8,261,8.33333333333333,12.5,34.6145999908447,0
"EMPAID_NSF08A_2013","success","2013-07-04","2013-07-02",5,"2013-06-12",2013,"EM_PAID",1.8,261,8.33333333333333,12.5,35.5515003204345,0
"EMPAID_NSF08A_2013","success","2013-07-08","2013-07-04",6,"2013-06-12",2013,"EM_PAID",1.8,261,8.33333333333333,12.5,30.5595006942749,0
"EMPAID_NSF08A_2013","success","2013-07-11","2013-07-08",7,"2013-06-12",2013,"EM_PAID",1.8,261,8.33333333333333,12.5,32.5500005086263,0
"EMPAID_NSF08A_2013","success","2013-07-15","2013-07-11",8,"2013-06-12",2013,"EM_PAID",1.8,261,8.33333333333333,12.5,28.8159995079041,0
"EMPAID_NSF08A_2013","success","2013-07-17","2013-07-15",9,"2013-06-12",2013,"EM_PAID",1.8,261,8.33333333333333,12.5,34.9005012512207,0
"EMPAID_NSF08A_2013","success","2013-07-22","2013-07-17",10,"2013-06-12",2013,"EM_PAID",1.8,261,8.33333333333333,12.5,34.2643997192383,0
"EMPAID_NSF08A_2013","success","2013-07-25","2013-07-22",11,"2013-06-12",2013,"EM_PAID",1.8,261,8.33333333333333,12.5,34.7253328959147,0
"EMPAID_NSF08A_2017","failure","2017-06-05","2017-05-30",1,"2017-05-26",2017,"EM_PAID",2.8,340,25,22.5,25.9355713980539,1.8798571228981
"EMPAID_NSF09A_2014","failure","2014-06-10","2014-06-05",1,"2014-06-03",2014,"EM_PAID",0.7,110,0,10,25.1883331934611,0
"EMPAID_NSF09A_2014","failure","2014-06-17","2014-06-10",2,"2014-06-03",2014,"EM_PAID",0.7,110,0,10,20.1262855529785,0.689428559371403
"EMPAID_NSF09A_2015","success","2015-06-24","2015-06-16",1,"2015-05-17",2015,"EM_PAID",2,136,108.333333333333,15,27.9218885633681,0
"EMPAID_NSF09A_2015","success","2015-06-29","2015-06-24",2,"2015-05-17",2015,"EM_PAID",2,136,108.333333333333,15,34.5676002502441,0.129799997806549
"EMPAID_NSF09A_2017","success","2017-06-07","2017-05-30",1,"2017-05-24",2017,"EM_PAID",2.2,129,41.6666666666667,10,25.1790002187093,1.56122221777009
"EMPAID_NSF09A_2017","success","2017-06-10","2017-06-07",2,"2017-05-24",2017,"EM_PAID",2.2,129,41.6666666666667,10,22.9183330535888,2.18833343187968
"EMPAID_NSF09A_2017","success","2017-06-16","2017-06-10",3,"2017-05-24",2017,"EM_PAID",2.2,129,41.6666666666667,10,16.4143333435059,2.45600001017253
"EMPAID_NSF09A_2017","success","2017-06-21","2017-06-16",4,"2017-05-24",2017,"EM_PAID",2.2,129,41.6666666666667,10,24.7362003326416,0.626600003242492
"EMPAID_NSF09A_2017","success","2017-06-26","2017-06-21",5,"2017-05-24",2017,"EM_PAID",2.2,129,41.6666666666667,10,27.6348003387451,0.150999999046326
"EMPAID_NSF09A_2017","success","2017-06-30","2017-06-26",6,"2017-05-24",2017,"EM_PAID",2.2,129,41.6666666666667,10,27.6137504577637,0.788499992340802
"EMPAID_NSF09A_2017","success","2017-07-03","2017-06-30",7,"2017-05-24",2017,"EM_PAID",2.2,129,41.6666666666667,10,30.2376670837403,0
"EMPAID_NSF09A_2017","success","2017-07-06","2017-07-03",8,"2017-05-24",2017,"EM_PAID",2.2,129,41.6666666666667,10,32.9940001169841,0
"EMPAID_NSG08A_2014","failure","2014-06-20","2014-06-11",1,"2014-05-25",2014,"EM_PAID",16,89,83.3333333333333,2.5,16.9997000694275,1.70719994902611
"EMPAID_NSG09A_2015","success","2015-06-25","2015-06-19",1,"2015-06-12",2015,"EM_PAID",4,345,33.3333333333333,7.5,25.9675715310233,0.320428575788226
"EMPAID_NSG09A_2015","success","2015-06-30","2015-06-25",2,"2015-06-12",2015,"EM_PAID",4,345,33.3333333333333,7.5,34.5035995483398,0
"EMPAID_NSG09A_2015","success","2015-07-01","2015-06-30",3,"2015-06-12",2015,"EM_PAID",4,345,33.3333333333333,7.5,33.4799995422363,0
"EMPAID_NSG09A_2015","success","2015-07-02","2015-07-01",4,"2015-06-12",2015,"EM_PAID",4,345,33.3333333333333,7.5,33.5970001220703,0
"EMPAID_NSG09A_2015","success","2015-07-06","2015-07-02",5,"2015-06-12",2015,"EM_PAID",4,345,33.3333333333333,7.5,32.5875000953674,0
"EMPAID_NSG09A_2015","success","2015-07-13","2015-07-06",6,"2015-06-12",2015,"EM_PAID",4,345,33.3333333333333,7.5,26.8288571493966,2.99300006457738
"EMPAID_NSG09A_2015","success","2015-07-16","2015-07-13",7,"2015-06-12",2015,"EM_PAID",4,345,33.3333333333333,7.5,24.6966667175293,1.3110000093778
"EMPAID_NSG09A_2015","success","2015-07-20","2015-07-16",8,"2015-06-12",2015,"EM_PAID",4,345,33.3333333333333,7.5,26.0514998435974,0
"EMPAID_NSG09A_2015","success","2015-07-21","2015-07-20",9,"2015-06-12",2015,"EM_PAID",4,345,33.3333333333333,7.5,30.1000003814697,0
"EMPAID_NSG09A_2015","success","2015-07-22","2015-07-21",10,"2015-06-12",2015,"EM_PAID",4,345,33.3333333333333,7.5,29.2840003967285,0
"EMPAID_NSG09A_2015","success","2015-07-24","2015-07-22",11,"2015-06-12",2015,"EM_PAID",4,345,33.3333333333333,7.5,24.9840002059937,1.22150000929833
"EMPAID_NSG10A_2012","success","2012-06-18","2012-06-15",1,"2012-05-22",2012,"EM_PAID",5.4,262,41.6666666666667,2.5,23.3909997940063,0
"EMPAID_NSG10A_2012","success","2012-06-21","2012-06-18",2,"2012-05-22",2012,"EM_PAID",5.4,262,41.6666666666667,2.5,16.9620002110799,1.76666673024495
"EMPAID_NSG10A_2012","success","2012-06-26","2012-06-21",3,"2012-05-22",2012,"EM_PAID",5.4,262,41.6666666666667,2.5,25.5554000854492,0
"EMPAID_NSG10A_2012","success","2012-06-29","2012-06-26",4,"2012-05-22",2012,"EM_PAID",5.4,262,41.6666666666667,2.5,20.9033330281576,2.5870000521342
"EMPAID_NSG10A_2012","success","2012-07-03","2012-06-29",5,"2012-05-22",2012,"EM_PAID",5.4,262,41.6666666666667,2.5,26.4259996414184,0
"EMPAID_NSG10A_2013","failure","2013-06-17","2013-06-13",1,"2013-06-09",2013,"EM_PAID",2.2,324,0,0,21.0018005371094,0.412000000476838
"EMPAID_NSG10A_2013","failure","2013-06-21","2013-06-17",2,"2013-06-09",2013,"EM_PAID",2.2,324,0,0,18.5320003032684,6.14925009012223
"EMPAID_NSG10A_2013","failure","2013-06-25","2013-06-21",3,"2013-06-09",2013,"EM_PAID",2.2,324,0,0,17.7200002670288,3.18725004792214
"EMPAID_NSG10A_2013","failure","2013-06-27","2013-06-25",4,"2013-06-09",2013,"EM_PAID",2.2,324,0,0,16.1200003623963,4.41449999809265
"EMPAID_NSG10A_2013","failure","2013-07-02","2013-06-27",5,"2013-06-09",2013,"EM_PAID",2.2,324,0,0,32.4775997161865,0
"EMPAID_NSG10A_2014","success","2014-06-20","2014-06-11",1,"2014-06-01",2014,"EM_PAID",1.7,343,0,0,16.9997000694275,1.70719994902611
"EMPAID_NSG10A_2014","success","2014-06-29","2014-06-20",2,"2014-06-01",2014,"EM_PAID",1.7,343,0,0,22.306555642022,1.5532222158379
"EMPAID_NSG10A_2014","success","2014-07-08","2014-06-29",3,"2014-06-01",2014,"EM_PAID",1.7,343,0,0,29.5113334655762,0
"EMPAID_NSG10A_2014","success","2014-07-10","2014-07-08",4,"2014-06-01",2014,"EM_PAID",1.7,343,0,0,30.6234998703003,0
"EMPAID_NSG10A_2014","success","2014-07-15","2014-07-10",5,"2014-06-01",2014,"EM_PAID",1.7,343,0,0,33.5594005584717,0.178400003910065
"EMPAID_NSG10A_2014","success","2014-07-24","2014-07-15",6,"2014-06-01",2014,"EM_PAID",1.7,343,0,0,29.6658891042073,0.31388889418708
"EMPAID_NSG10A_2015","failure","2015-05-19","2015-05-15",1,"2015-05-14",2015,"EM_PAID",1.9,76,33.3333333333333,12.5,14.6147998809814,3.73119997382163
"EMPAID_NSG10A_2015","failure","2015-05-29","2015-05-19",2,"2015-05-14",2015,"EM_PAID",1.9,76,33.3333333333333,12.5,18.1605999946594,1.52030000686646
"EMPAID_NSG10A_2015","failure","2015-06-03","2015-05-29",3,"2015-05-14",2015,"EM_PAID",1.9,76,33.3333333333333,12.5,21.0906000137329,3.56679999232292
"EMPAID_NSG10A_2016","failure","2016-05-29","2016-05-22",1,"2016-05-21",2016,"EM_PAID",1.9,260,25,10,13.5283747911453,1.75537501275539
"EMPAID_NSG10A_2016","failure","2016-06-06","2016-05-29",2,"2016-05-21",2016,"EM_PAID",1.9,260,25,10,23.4547500610351,0
"EMPAID_NSG10A_2016","failure","2016-06-08","2016-06-06",3,"2016-05-21",2016,"EM_PAID",1.9,260,25,10,30.5950002670288,0
"EMPAID_NSG10A_2016","failure","2016-06-16","2016-06-08",4,"2016-05-21",2016,"EM_PAID",1.9,260,25,10,18.7597497701645,2.85674998164177
"EMPAID_NSG10A_2016","failure","2016-06-21","2016-06-16",5,"2016-05-21",2016,"EM_PAID",1.9,260,25,10,18.9613998413086,1.35179995000362
"EMPAID_NSG10A_2017","failure","2017-06-28","2017-06-23",1,"2017-05-23",2017,"EM_PAID",2.5,145,16.6666666666667,7.5,26.4413331349691,0
"EMPAID_NSG10A_2017","failure","2017-06-30","2017-06-28",2,"2017-05-23",2017,"EM_PAID",2.5,145,16.6666666666667,7.5,23.5430002212524,0
"EMPAID_NSG10A_2019","success","2019-06-26","2019-06-12",1,"2019-05-31",2019,"EM_PAID",3.8,250,0,0,21.5146668116252,0.0787333359320959
"EMPAID_NSG10A_2019","success","2019-07-01","2019-06-26",2,"2019-05-31",2019,"EM_PAID",3.8,250,0,0,22.0374000549316,0
"EMPAID_NSG10A_2019","success","2019-07-08","2019-07-01",3,"2019-05-31",2019,"EM_PAID",3.8,250,0,0,24.5485714503697,0
"EMPAID_NSG10A_2019","success","2019-07-09","2019-07-08",4,"2019-05-31",2019,"EM_PAID",3.8,250,0,0,21.238000869751,0
"EMPAID_NSG10A_2019","success","2019-07-10","2019-07-09",5,"2019-05-31",2019,"EM_PAID",3.8,250,0,0,24.5419998168945,0
"EMPAID_NSG10A_2019","success","2019-07-11","2019-07-10",6,"2019-05-31",2019,"EM_PAID",3.8,250,0,0,26.4090003967285,0
"EMPAID_NSG10A_2019","success","2019-07-12","2019-07-11",7,"2019-05-31",2019,"EM_PAID",3.8,250,0,0,28.1730003356934,0
"EMPAID_NWM03A_2013","success","2013-06-11","2013-06-06",1,"2013-05-28",2013,"EM_PAID",3.4,184,0,0,26.349500020345,0
"EMPAID_NWM03A_2013","success","2013-06-14","2013-06-11",2,"2013-05-28",2013,"EM_PAID",3.4,184,0,0,19.9420000712077,0.7953333457311
"EMPAID_NWM03A_2013","success","2013-06-18","2013-06-14",3,"2013-05-28",2013,"EM_PAID",3.4,184,0,0,23.991750240326,0
"EMPAID_NWM03A_2013","success","2013-06-21","2013-06-18",4,"2013-05-28",2013,"EM_PAID",3.4,184,0,0,15.8350003560384,7.8613330523173
"EMPAID_NWM03A_2013","success","2013-06-25","2013-06-21",5,"2013-05-28",2013,"EM_PAID",3.4,184,0,0,17.7885000705719,3.35199990868569
"EMPAID_NWM03A_2013","success","2013-07-04","2013-06-25",6,"2013-05-28",2013,"EM_PAID",3.4,184,0,0,29.1696665022109,1.22088890605503
"EMPAID_NWM03A_2013","success","2013-07-08","2013-07-04",7,"2013-05-28",2013,"EM_PAID",3.4,184,0,0,28.4184999465942,0
"EMPAID_NWM03A_2013","success","2013-07-09","2013-07-08",8,"2013-05-28",2013,"EM_PAID",3.4,184,0,0,28.4850006103516,0
"EMPAID_NWM03A_2013","success","2013-07-11","2013-07-09",9,"2013-05-28",2013,"EM_PAID",3.4,184,0,0,31.9700012207031,0
"EMPAID_NWM03A_2014","success","2014-06-22","2014-06-13",1,"2014-05-28",2014,"EM_PAID",2.9,134,16.6666666666667,5,17.4430997848511,1.39279996752739
"EMPAID_NWM03A_2014","success","2014-06-23","2014-06-22",2,"2014-05-28",2014,"EM_PAID",2.9,134,16.6666666666667,5,24.8190002441406,0
"EMPAID_NWM03A_2014","success","2014-07-01","2014-06-23",3,"2014-05-28",2014,"EM_PAID",2.9,134,16.6666666666667,5,21.76087474823,1.55787501484156
"EMPAID_NWM03A_2014","success","2014-07-02","2014-07-01",4,"2014-05-28",2014,"EM_PAID",2.9,134,16.6666666666667,5,29.4699993133545,0
"EMPAID_NWM03A_2014","success","2014-07-07","2014-07-02",5,"2014-05-28",2014,"EM_PAID",2.9,134,16.6666666666667,5,31.5568004608154,0
"EMPAID_NWM03A_2014","success","2014-07-09","2014-07-07",6,"2014-05-28",2014,"EM_PAID",2.9,134,16.6666666666667,5,32.2795009613038,0
"EMPAID_NWM03A_2014","success","2014-07-11","2014-07-09",7,"2014-05-28",2014,"EM_PAID",2.9,134,16.6666666666667,5,29.4694995880127,0
"EMPAID_NWM03A_2015","success","2015-06-22","2015-06-11",1,"2015-05-26",2015,"EM_PAID",2.3,334,0,0,25.7415835062663,0.0541666646798452
"EMPAID_NWM03A_2015","success","2015-06-29","2015-06-22",2,"2015-05-26",2015,"EM_PAID",2.3,334,0,0,31.3605714525495,0
"EMPAID_NWM03A_2015","success","2015-07-03","2015-06-29",3,"2015-05-26",2015,"EM_PAID",2.3,334,0,0,33.9347505569458,0
"EMPAID_NWM03A_2015","success","2015-07-06","2015-07-03",4,"2015-05-26",2015,"EM_PAID",2.3,334,0,0,31.8959999084473,0
"EMPAID_NWM03A_2015","success","2015-07-08","2015-07-06",5,"2015-05-26",2015,"EM_PAID",2.3,334,0,0,29.6510000228881,0
"EMPAID_NWM03A_2015","success","2015-07-13","2015-07-08",6,"2015-05-26",2015,"EM_PAID",2.3,334,0,0,25.1529998779297,5.24180011749268
"EMPAID_NWM03A_2016","failure","2016-06-21","2016-06-17",1,"2016-06-11",2016,"EM_PAID",2.4,62,41.6666666666667,7.5,19.3970001220703,1.62019999027252
"EMPAID_NWM03A_2016","failure","2016-06-29","2016-06-21",2,"2016-06-11",2016,"EM_PAID",2.4,62,41.6666666666667,7.5,25.9391248226166,0
"EMPAID_NWM03A_2016","failure","2016-07-06","2016-06-29",3,"2016-06-11",2016,"EM_PAID",2.4,62,41.6666666666667,7.5,28.0567144666399,0
"EMPAID_NWM03A_2017","success","2017-06-19","2017-06-16",1,"2017-06-03",2017,"EM_PAID",10.5,72,50,12.5,18.2442500591278,1.55275005102158
"EMPAID_NWM03A_2017","success","2017-06-27","2017-06-19",2,"2017-06-03",2017,"EM_PAID",10.5,72,50,12.5,27.0586249828339,0.0163749996572733
"EMPAID_NWM03A_2017","success","2017-06-30","2017-06-27",3,"2017-06-03",2017,"EM_PAID",10.5,72,50,12.5,24.3246669769287,0.24099999666214
"EMPAID_NWM03A_2017","success","2017-07-06","2017-06-30",4,"2017-06-03",2017,"EM_PAID",10.5,72,50,12.5,30.069499651591,0
"EMPAID_NWM03A_2017","success","2017-07-10","2017-07-06",5,"2017-06-03",2017,"EM_PAID",10.5,72,50,12.5,33.94225025177,0
"EMPAID_NWM03A_2017","success","2017-07-13","2017-07-10",6,"2017-06-03",2017,"EM_PAID",10.5,72,50,12.5,28.6043332417806,0
"EMPAID_NWM03A_2017","success","2017-07-18","2017-07-13",7,"2017-06-03",2017,"EM_PAID",10.5,72,50,12.5,30.8169994354248,0
"EMPAID_NWM03A_2018","success","2018-06-18","2018-06-13",1,"2018-05-26",2018,"EM_PAID",3.5,117,0,0,19.6498333613078,0.500833323846261
"EMPAID_NWM03A_2018","success","2018-06-26","2018-06-18",2,"2018-05-26",2018,"EM_PAID",3.5,117,0,0,21.2658752202988,1.95937499403954
"EMPAID_NWM03A_2018","success","2018-07-03","2018-06-26",3,"2018-05-26",2018,"EM_PAID",3.5,117,0,0,22.1811428070068,0
"EMPAID_NWM03A_2018","success","2018-07-05","2018-07-03",4,"2018-05-26",2018,"EM_PAID",3.5,117,0,0,22.4770002365112,0.020999999716878
"EMPAID_NWM03A_2018","success","2018-07-09","2018-07-05",5,"2018-05-26",2018,"EM_PAID",3.5,117,0,0,28.6300001144409,0
"EMPAID_NWM03A_2019","success","2019-06-25","2019-06-19",1,"2019-06-08",2019,"EM_PAID",2,166,25,0,17.9427141462054,0.248000000204359
"EMPAID_NWM03A_2019","success","2019-07-01","2019-06-25",2,"2019-06-08",2019,"EM_PAID",2,166,25,0,22.0713335673014,0.131166664883494
"EMPAID_NWM03A_2019","success","2019-07-09","2019-07-01",3,"2019-06-08",2019,"EM_PAID",2,166,25,0,24.153374671936,0
"EMPAID_NWM03A_2019","success","2019-07-15","2019-07-09",4,"2019-06-08",2019,"EM_PAID",2,166,25,0,28.2861668268839,0.315000000099341
"EMPAID_NWM03A_2019","success","2019-07-16","2019-07-15",5,"2019-06-08",2019,"EM_PAID",2,166,25,0,25.9740009307861,4.80999994277954
"EMPAID_NWM03A_2019","success","2019-07-17","2019-07-16",6,"2019-06-08",2019,"EM_PAID",2,166,25,0,23.886999130249,0
"EMPAID_NWM03A_2019","success","2019-07-18","2019-07-17",7,"2019-06-08",2019,"EM_PAID",2,166,25,0,24.7859992980957,0
"EMPAID_NWM06A_2015","success","2015-07-08","2015-07-06",1,"2015-06-06",2015,"EM_PAID",0.8,353,50,35,29.2160002390543,0
"EMPAID_NWM06A_2015","success","2015-07-13","2015-07-08",2,"2015-06-06",2015,"EM_PAID",0.8,353,50,35,25.1529998779297,5.24180011749268
"EMPAID_NWM06A_2015","success","2015-07-15","2015-07-13",3,"2015-06-06",2015,"EM_PAID",0.8,353,50,35,23.643500328064,2.80450001358986
"EMPAID_NWM06A_2015","success","2015-07-16","2015-07-15",4,"2015-06-06",2015,"EM_PAID",0.8,353,50,35,25.6229991912842,0
"EMPAID_NWM07A_2012","success","2012-07-03","2012-06-28",1,"2012-05-26",2012,"EM_PAID",3.3,158,8.33333333333333,2.5,25.9256671269735,0.241666674613953
"EMPAID_NWM07A_2012","success","2012-07-05","2012-07-03",2,"2012-05-26",2012,"EM_PAID",3.3,158,8.33333333333333,2.5,23.8704996109009,0
"EMPAID_NWRF-L08A_2015","success","2015-06-25","2015-06-17",1,"2015-05-17",2015,"EM_PAID",2.5,263,16.6666666666667,40,27.188222249349,0.0187777769234445
"EMPAID_NWRF-L08A_2015","success","2015-06-26","2015-06-25",2,"2015-05-17",2015,"EM_PAID",2.5,263,16.6666666666667,40,30.1730003356934,0
"EMPAID_NWRF-L08A_2015","success","2015-06-29","2015-06-26",3,"2015-05-17",2015,"EM_PAID",2.5,263,16.6666666666667,40,36.5690002441406,0
"EMPAID_NWRF-M06A_2013","success","2013-07-02","2013-06-28",1,"2013-06-06",2013,"EM_PAID",7.1,335,33.3333333333333,25,33.6633991241455,0
"EMPAID_NWRF-M06A_2013","success","2013-07-08","2013-07-02",2,"2013-06-06",2013,"EM_PAID",7.1,335,33.3333333333333,25,31.6054995854696,0
"EMPAID_NWRF-M06A_2013","success","2013-07-11","2013-07-08",3,"2013-06-06",2013,"EM_PAID",7.1,335,33.3333333333333,25,32.0873336791992,0
"EMPAID_NWRF-M06A_2013","success","2013-07-15","2013-07-11",4,"2013-06-06",2013,"EM_PAID",7.1,335,33.3333333333333,25,28.289999961853,0
"EMPAID_NWRF-M06A_2013","success","2013-07-18","2013-07-15",5,"2013-06-06",2013,"EM_PAID",7.1,335,33.3333333333333,25,33.3393325805664,0
"EMPAID_NWRF-M06A_2015","success","2015-06-05","2015-06-02",1,"2015-05-28",2015,"EM_PAID",3,200,8.33333333333333,42.5,21.589499950409,3.78324998915196
"EMPAID_NWRF-M06A_2015","success","2015-06-09","2015-06-05",2,"2015-05-28",2015,"EM_PAID",3,200,8.33333333333333,42.5,27.996500492096,0.00175000005401671
"EMPAID_NWRF-M06A_2015","success","2015-06-12","2015-06-09",3,"2015-05-28",2015,"EM_PAID",3,200,8.33333333333333,42.5,29.6746667226155,0
"EMPAID_NWRF-M06A_2015","success","2015-06-14","2015-06-12",4,"2015-05-28",2015,"EM_PAID",3,200,8.33333333333333,42.5,25.369999885559,0
"EMPAID_NWRF-M06A_2015","success","2015-06-25","2015-06-14",5,"2015-05-28",2015,"EM_PAID",3,200,8.33333333333333,42.5,27.7295454198664,0.000909090888771144
"EMPAID_NWRF-M06A_2015","success","2015-06-26","2015-06-25",6,"2015-05-28",2015,"EM_PAID",3,200,8.33333333333333,42.5,30.6189994812012,0.0500000007450581
"EMPAID_NWRF-M06A_2015","success","2015-07-01","2015-06-26",7,"2015-05-28",2015,"EM_PAID",3,200,8.33333333333333,42.5,36.6358001708984,0
"EMPAID_NWRF-M06A_2015","success","2015-07-06","2015-07-01",8,"2015-05-28",2015,"EM_PAID",3,200,8.33333333333333,42.5,33.4031993865967,0
"EMPAID_NWRF-M06A_2015","success","2015-07-09","2015-07-06",9,"2015-05-28",2015,"EM_PAID",3,200,8.33333333333333,42.5,30.1346664428711,2.28966665267944
"EMPAID_NWRF-M06A_2016","success","2016-06-13","2016-06-03",1,"2016-05-28",2016,"EM_PAID",2.1,270,16.6666666666667,20,26.4573636488481,0.646727258508856
"EMPAID_NWRF-M06A_2016","success","2016-06-20","2016-06-13",2,"2016-05-28",2016,"EM_PAID",2.1,270,16.6666666666667,20,17.9892854690552,3.07971425886665
"EMPAID_NWRF-M06A_2016","success","2016-06-29","2016-06-20",3,"2016-05-28",2016,"EM_PAID",2.1,270,16.6666666666667,20,27.6403335995144,0.0150000005960464
"EMPAID_NWRF-M06A_2016","success","2016-07-06","2016-06-29",4,"2016-05-28",2016,"EM_PAID",2.1,270,16.6666666666667,20,29.652428490775,0
"EMPAID_NWRF-M06A_2016","success","2016-07-12","2016-07-06",5,"2016-05-28",2016,"EM_PAID",2.1,270,16.6666666666667,20,21.0878332455953,4.11533320446809
"EMPAID_NWRF-M08A_2019","success","2019-07-03","2019-06-26",1,"2019-06-05",2019,"EM_PAID",7.4,15,25,2.5,24.160374879837,0.0437500008702046
"EMPAID_NWRF-M08A_2019","success","2019-07-08","2019-07-03",2,"2019-06-05",2019,"EM_PAID",7.4,15,25,2.5,26.2518001556397,0
"EMPAID_NWRF-M08A_2019","success","2019-07-15","2019-07-08",3,"2019-06-05",2019,"EM_PAID",7.4,15,25,2.5,28.8357140677316,0.464428561074394
"EMPAID_NWRF-M08A_2019","success","2019-07-16","2019-07-15",4,"2019-06-05",2019,"EM_PAID",7.4,15,25,2.5,27.6399993896484,3.21900010108948
"EMPAID_NWRF-M08A_2019","success","2019-07-17","2019-07-16",5,"2019-06-05",2019,"EM_PAID",7.4,15,25,2.5,25.1359996795654,0.0189999993890524
"EMPAID_NWRF-M08A_2019","success","2019-07-18","2019-07-17",6,"2019-06-05",2019,"EM_PAID",7.4,15,25,2.5,26.5939998626709,0
"EMPAID_NWRF-M08A_2019","success","2019-07-22","2019-07-18",7,"2019-06-05",2019,"EM_PAID",7.4,15,25,2.5,26.8912501335144,0
"EMPAID_NWRF-M09A_2018","success","2018-06-20","2018-06-13",1,"2018-06-10",2018,"EM_PAID",4.3,50,16.6666666666667,17.5,20.6371251344681,0.682124990969897
"EMPAID_NWRF-M09A_2018","success","2018-06-22","2018-06-20",2,"2018-06-10",2018,"EM_PAID",4.3,50,16.6666666666667,17.5,23.5240001678467,1.85799998044968
"EMPAID_NWRF-M09A_2018","success","2018-06-29","2018-06-22",3,"2018-06-10",2018,"EM_PAID",4.3,50,16.6666666666667,17.5,25.3768572126116,0.701285702841623
"EMPAID_NWRF-M09A_2018","success","2018-07-05","2018-06-29",4,"2018-06-10",2018,"EM_PAID",4.3,50,16.6666666666667,17.5,23.4828329086304,0
"EMPAID_NWRF-M09A_2018","success","2018-07-09","2018-07-05",5,"2018-06-10",2018,"EM_PAID",4.3,50,16.6666666666667,17.5,30.9247498512268,0
"EMPAID_NWRF-M09A_2018","success","2018-07-12","2018-07-09",6,"2018-06-10",2018,"EM_PAID",4.3,50,16.6666666666667,17.5,30.2423330942789,0
"EMPAID_NWRF-M09A_2018","success","2018-07-16","2018-07-12",7,"2018-06-10",2018,"EM_PAID",4.3,50,16.6666666666667,17.5,32.6715002059936,0
"EMPAID_NWRF-M09A_2018","success","2018-07-19","2018-07-16",8,"2018-06-10",2018,"EM_PAID",4.3,50,16.6666666666667,17.5,32.625,0
"EMPAID_NWRF-M09A_2018","success","2018-07-23","2018-07-19",9,"2018-06-10",2018,"EM_PAID",4.3,50,16.6666666666667,17.5,30.7969999313354,0
