"","Site","Year","Block","Trt","Plot","Tree_Number","Sp_code","Cond","DBH","CoreID","response","priorDBH","priorYear","PlotID","totalPlotBA_ha","priorBA","CanopyCover","maxVPD","minSWA"
"1","AS",2013,1,1,10,15,"PIPO",1,30.1,"AS_1_1_10_15","Live",24,2002,"AS_1_1_10",14.4771798095695,11.5948718036386,27.89801569,9.18597603696401,28.7797736397397
"2","AS",2019,1,1,10,15,"PIPO",1,32.8,"AS_1_1_10_15","Live",30.1,2013,"AS_1_1_10",16.4341471539726,14.4771798095695,35.0989847716667,8.43763578456808,61.3806850252443
"3","AS",2013,1,1,10,16,"PIPO",1,26.9,"AS_1_1_10_16","Live",20.8,2002,"AS_1_1_10",14.4771798095695,11.5948718036386,27.89801569,9.18597603696401,28.7797736397397
"4","AS",2019,1,1,10,16,"PIPO",1,29.9,"AS_1_1_10_16","Live",26.9,2013,"AS_1_1_10",16.4341471539726,14.4771798095695,35.0989847716667,8.43763578456808,61.3806850252443
"5","AS",2013,1,1,10,22,"PIPO",1,28.6,"AS_1_1_10_22","Live",28,2002,"AS_1_1_10",14.4771798095695,11.5948718036386,27.89801569,9.18597603696401,28.7797736397397
"6","AS",2019,1,1,10,22,"PIPO",1,28.9,"AS_1_1_10_22","Live",28.6,2013,"AS_1_1_10",16.4341471539726,14.4771798095695,35.0989847716667,8.43763578456808,61.3806850252443
"7","AS",2013,1,1,10,29,"PIPO",1,36,"AS_1_1_10_29","Live",31.8,2002,"AS_1_1_10",14.4771798095695,11.5948718036386,27.89801569,9.18597603696401,28.7797736397397
"8","AS",2019,1,1,10,29,"PIPO",1,37.5,"AS_1_1_10_29","Live",36,2013,"AS_1_1_10",16.4341471539726,14.4771798095695,35.0989847716667,8.43763578456808,61.3806850252443
"9","AS",2019,1,1,10,31,"PIPO",1,2.5,"AS_1_1_10_31","Live",1.6,2013,"AS_1_1_10",16.4341471539726,14.4771798095695,35.0989847716667,8.43763578456808,61.3806850252443
"10","AS",2019,1,1,10,33,"PIPO",2,2.5,"AS_1_1_10_33","Live",1.9,2013,"AS_1_1_10",16.4341471539726,14.4771798095695,35.0989847716667,8.43763578456808,61.3806850252443
"11","AS",2019,1,1,10,34,"PIPO",1,2.8,"AS_1_1_10_34","Live",1.7,2013,"AS_1_1_10",16.4341471539726,14.4771798095695,35.0989847716667,8.43763578456808,61.3806850252443
"12","AS",2019,1,1,10,35,"PIPO",1,2.7,"AS_1_1_10_35","Live",0.9,2013,"AS_1_1_10",16.4341471539726,14.4771798095695,35.0989847716667,8.43763578456808,61.3806850252443
"13","AS",2013,1,1,10,7,"PIPO",1,13.5,"AS_1_1_10_7","Live",11.5,2002,"AS_1_1_10",14.4771798095695,11.5948718036386,27.89801569,9.18597603696401,28.7797736397397
"14","AS",2019,1,1,10,7,"PIPO",1,14,"AS_1_1_10_7","Live",13.5,2013,"AS_1_1_10",16.4341471539726,14.4771798095695,35.0989847716667,8.43763578456808,61.3806850252443
"15","AS",2013,1,1,11,1,"PIPO",1,21,"AS_1_1_11_1","Live",17.6,2002,"AS_1_1_11",28.7663638405003,26.0327451227521,42.4886940454545,9.18597603696401,16.6236152168071
"16","AS",2019,1,1,11,1,"PIPO",1,22.6,"AS_1_1_11_1","Live",21,2013,"AS_1_1_11",29.9172930059331,28.7663638405003,44.30033841,8.43763578456808,58.5270075269957
"17","AS",2013,1,1,11,10,"PIPO",1,21.9,"AS_1_1_11_10","Live",18.2,2002,"AS_1_1_11",28.7663638405003,26.0327451227521,42.4886940454545,9.18597603696401,16.6236152168071
"18","AS",2019,1,1,11,10,"PIPO",1,22.5,"AS_1_1_11_10","Live",21.9,2013,"AS_1_1_11",29.9172930059331,28.7663638405003,44.30033841,8.43763578456808,58.5270075269957
"19","AS",2013,1,1,11,11,"PIPO",1,11.1,"AS_1_1_11_11","Live",9.8,2002,"AS_1_1_11",28.7663638405003,26.0327451227521,42.4886940454545,9.18597603696401,16.6236152168071
"20","AS",2019,1,1,11,11,"PIPO",1,11.4,"AS_1_1_11_11","Live",11.1,2013,"AS_1_1_11",29.9172930059331,28.7663638405003,44.30033841,8.43763578456808,58.5270075269957
"21","AS",2013,1,1,11,12,"PIPO",1,25.5,"AS_1_1_11_12","Live",22.2,2002,"AS_1_1_11",28.7663638405003,26.0327451227521,42.4886940454545,9.18597603696401,16.6236152168071
"22","AS",2019,1,1,11,12,"PIPO",1,25.8,"AS_1_1_11_12","Live",25.5,2013,"AS_1_1_11",29.9172930059331,28.7663638405003,44.30033841,8.43763578456808,58.5270075269957
"23","AS",2013,1,1,11,13,"PIPO",1,24.1,"AS_1_1_11_13","Live",21.2,2002,"AS_1_1_11",28.7663638405003,26.0327451227521,42.4886940454545,9.18597603696401,16.6236152168071
"24","AS",2019,1,1,11,13,"PIPO",1,25,"AS_1_1_11_13","Live",24.1,2013,"AS_1_1_11",29.9172930059331,28.7663638405003,44.30033841,8.43763578456808,58.5270075269957
"25","AS",2013,1,1,11,14,"PIPO",1,13.2,"AS_1_1_11_14","Live",12.1,2002,"AS_1_1_11",28.7663638405003,26.0327451227521,42.4886940454545,9.18597603696401,16.6236152168071
"26","AS",2019,1,1,11,14,"PIPO",1,13.8,"AS_1_1_11_14","Live",13.2,2013,"AS_1_1_11",29.9172930059331,28.7663638405003,44.30033841,8.43763578456808,58.5270075269957
"27","AS",2013,1,1,11,17,"PIPO",1,38.2,"AS_1_1_11_17","Live",36.6,2002,"AS_1_1_11",28.7663638405003,26.0327451227521,42.4886940454545,9.18597603696401,16.6236152168071
"28","AS",2019,1,1,11,17,"PIPO",1,38.7,"AS_1_1_11_17","Live",38.2,2013,"AS_1_1_11",29.9172930059331,28.7663638405003,44.30033841,8.43763578456808,58.5270075269957
"29","AS",2013,1,1,11,18,"PIPO",1,20.3,"AS_1_1_11_18","Live",17,2002,"AS_1_1_11",28.7663638405003,26.0327451227521,42.4886940454545,9.18597603696401,16.6236152168071
"30","AS",2019,1,1,11,18,"PIPO",1,20.4,"AS_1_1_11_18","Live",20.3,2013,"AS_1_1_11",29.9172930059331,28.7663638405003,44.30033841,8.43763578456808,58.5270075269957
"31","AS",2013,1,1,11,19,"PIPO",1,31.6,"AS_1_1_11_19","Live",28.9,2002,"AS_1_1_11",28.7663638405003,26.0327451227521,42.4886940454545,9.18597603696401,16.6236152168071
"32","AS",2019,1,1,11,19,"PIPO",1,32,"AS_1_1_11_19","Live",31.6,2013,"AS_1_1_11",29.9172930059331,28.7663638405003,44.30033841,8.43763578456808,58.5270075269957
"33","AS",2013,1,1,11,2,"PIPO",1,25.8,"AS_1_1_11_2","Live",22.9,2002,"AS_1_1_11",28.7663638405003,26.0327451227521,42.4886940454545,9.18597603696401,16.6236152168071
"34","AS",2019,1,1,11,2,"PIPO",1,27,"AS_1_1_11_2","Live",25.8,2013,"AS_1_1_11",29.9172930059331,28.7663638405003,44.30033841,8.43763578456808,58.5270075269957
"35","AS",2013,1,1,11,20,"PIPO",1,24.4,"AS_1_1_11_20","Live",21.8,2002,"AS_1_1_11",28.7663638405003,26.0327451227521,42.4886940454545,9.18597603696401,16.6236152168071
"36","AS",2019,1,1,11,20,"PIPO",1,25.5,"AS_1_1_11_20","Live",24.4,2013,"AS_1_1_11",29.9172930059331,28.7663638405003,44.30033841,8.43763578456808,58.5270075269957
"37","AS",2013,1,1,11,21,"PIPO",1,4.8,"AS_1_1_11_21","Live",3.7,2002,"AS_1_1_11",28.7663638405003,26.0327451227521,42.4886940454545,9.18597603696401,16.6236152168071
"38","AS",2019,1,1,11,21,"PIPO",1,5.5,"AS_1_1_11_21","Live",4.8,2013,"AS_1_1_11",29.9172930059331,28.7663638405003,44.30033841,8.43763578456808,58.5270075269957
"39","AS",2013,1,1,11,24,"PIPO",1,27.9,"AS_1_1_11_24","Live",25.2,2002,"AS_1_1_11",28.7663638405003,26.0327451227521,42.4886940454545,9.18597603696401,16.6236152168071
"40","AS",2019,1,1,11,24,"PIPO",1,28.3,"AS_1_1_11_24","Live",27.9,2013,"AS_1_1_11",29.9172930059331,28.7663638405003,44.30033841,8.43763578456808,58.5270075269957
"41","AS",2013,1,1,11,25,"PIPO",1,14.8,"AS_1_1_11_25","Live",13,2002,"AS_1_1_11",28.7663638405003,26.0327451227521,42.4886940454545,9.18597603696401,16.6236152168071
"42","AS",2019,1,1,11,25,"PIPO",1,14.3,"AS_1_1_11_25","Live",14.8,2013,"AS_1_1_11",29.9172930059331,28.7663638405003,44.30033841,8.43763578456808,58.5270075269957
"43","AS",2013,1,1,11,27,"PIPO",1,27.8,"AS_1_1_11_27","Live",24.9,2002,"AS_1_1_11",28.7663638405003,26.0327451227521,42.4886940454545,9.18597603696401,16.6236152168071
"44","AS",2019,1,1,11,27,"PIPO",1,28.5,"AS_1_1_11_27","Live",27.8,2013,"AS_1_1_11",29.9172930059331,28.7663638405003,44.30033841,8.43763578456808,58.5270075269957
"45","AS",2013,1,1,11,31,"PIPO",1,22.3,"AS_1_1_11_31","Live",19.2,2002,"AS_1_1_11",28.7663638405003,26.0327451227521,42.4886940454545,9.18597603696401,16.6236152168071
"46","AS",2019,1,1,11,31,"PIPO",1,23.3,"AS_1_1_11_31","Live",22.3,2013,"AS_1_1_11",29.9172930059331,28.7663638405003,44.30033841,8.43763578456808,58.5270075269957
"47","AS",2013,1,1,11,33,"PIPO",1,35,"AS_1_1_11_33","Live",32.9,2002,"AS_1_1_11",28.7663638405003,26.0327451227521,42.4886940454545,9.18597603696401,16.6236152168071
"48","AS",2019,1,1,11,33,"PIPO",1,35.6,"AS_1_1_11_33","Live",35,2013,"AS_1_1_11",29.9172930059331,28.7663638405003,44.30033841,8.43763578456808,58.5270075269957
"49","AS",2013,1,1,11,34,"PIPO",1,29.3,"AS_1_1_11_34","Live",26.8,2002,"AS_1_1_11",28.7663638405003,26.0327451227521,42.4886940454545,9.18597603696401,16.6236152168071
"50","AS",2019,1,1,11,34,"PIPO",1,29.7,"AS_1_1_11_34","Live",29.3,2013,"AS_1_1_11",29.9172930059331,28.7663638405003,44.30033841,8.43763578456808,58.5270075269957
"51","AS",2013,1,1,11,35,"PIPO",1,19,"AS_1_1_11_35","Live",18.5,2002,"AS_1_1_11",28.7663638405003,26.0327451227521,42.4886940454545,9.18597603696401,16.6236152168071
"52","AS",2019,1,1,11,35,"PIPO",1,19.7,"AS_1_1_11_35","Live",19,2013,"AS_1_1_11",29.9172930059331,28.7663638405003,44.30033841,8.43763578456808,58.5270075269957
"53","AS",2013,1,1,11,37,"PIPO",1,28.3,"AS_1_1_11_37","Live",25.2,2002,"AS_1_1_11",28.7663638405003,26.0327451227521,42.4886940454545,9.18597603696401,16.6236152168071
"54","AS",2019,1,1,11,37,"PIPO",1,29.8,"AS_1_1_11_37","Live",28.3,2013,"AS_1_1_11",29.9172930059331,28.7663638405003,44.30033841,8.43763578456808,58.5270075269957
"55","AS",2019,1,1,11,39,"PIPO",3,NA,"AS_1_1_11_39","Dead",6.3,2013,"AS_1_1_11",29.9172930059331,28.7663638405003,44.30033841,8.43763578456808,58.5270075269957
"56","AS",2013,1,1,11,4,"PIPO",1,12.7,"AS_1_1_11_4","Live",11,2002,"AS_1_1_11",28.7663638405003,26.0327451227521,42.4886940454545,9.18597603696401,16.6236152168071
"57","AS",2019,1,1,11,4,"PIPO",1,13.8,"AS_1_1_11_4","Live",12.7,2013,"AS_1_1_11",29.9172930059331,28.7663638405003,44.30033841,8.43763578456808,58.5270075269957
"58","AS",2013,1,1,11,5,"PIPO",1,29.7,"AS_1_1_11_5","Live",26.2,2002,"AS_1_1_11",28.7663638405003,26.0327451227521,42.4886940454545,9.18597603696401,16.6236152168071
"59","AS",2019,1,1,11,5,"PIPO",1,30.3,"AS_1_1_11_5","Live",29.7,2013,"AS_1_1_11",29.9172930059331,28.7663638405003,44.30033841,8.43763578456808,58.5270075269957
"60","AS",2013,1,1,11,6,"PIPO",1,18.4,"AS_1_1_11_6","Live",16.6,2002,"AS_1_1_11",28.7663638405003,26.0327451227521,42.4886940454545,9.18597603696401,16.6236152168071
"61","AS",2019,1,1,11,6,"PIPO",1,18.3,"AS_1_1_11_6","Live",18.4,2013,"AS_1_1_11",29.9172930059331,28.7663638405003,44.30033841,8.43763578456808,58.5270075269957
"62","AS",2013,1,1,11,7,"PIPO",1,8.6,"AS_1_1_11_7","Live",7.8,2002,"AS_1_1_11",28.7663638405003,26.0327451227521,42.4886940454545,9.18597603696401,16.6236152168071
"63","AS",2019,1,1,11,7,"PIPO",1,8.4,"AS_1_1_11_7","Live",8.6,2013,"AS_1_1_11",29.9172930059331,28.7663638405003,44.30033841,8.43763578456808,58.5270075269957
"64","AS",2013,1,1,11,9,"PIPO",1,23.6,"AS_1_1_11_9","Live",21.6,2002,"AS_1_1_11",28.7663638405003,26.0327451227521,42.4886940454545,9.18597603696401,16.6236152168071
"65","AS",2019,1,1,11,9,"PIPO",1,24,"AS_1_1_11_9","Live",23.6,2013,"AS_1_1_11",29.9172930059331,28.7663638405003,44.30033841,8.43763578456808,58.5270075269957
"66","AS",2013,1,1,12,1,"PIPO",1,28,"AS_1_1_12_1","Live",26.8,2002,"AS_1_1_12",46.0007203980335,43.19625387,50.9526710409091,9.18597603696401,14.2597878796766
"67","AS",2019,1,1,12,1,"PIPO",1,28.8,"AS_1_1_12_1","Live",28,2013,"AS_1_1_12",39.66564525,46.0007203980335,50.207044675,8.43763578456808,52.6876568695492
"68","AS",2013,1,1,12,10,"PIPO",1,8,"AS_1_1_12_10","Live",7.6,2002,"AS_1_1_12",46.0007203980335,43.19625387,50.9526710409091,9.18597603696401,14.2597878796766
"69","AS",2019,1,1,12,10,"PIPO",1,8,"AS_1_1_12_10","Live",8,2013,"AS_1_1_12",39.66564525,46.0007203980335,50.207044675,8.43763578456808,52.6876568695492
"70","AS",2013,1,1,12,100,"PIPO",1,14.7,"AS_1_1_12_100","Live",14.3,2002,"AS_1_1_12",46.0007203980335,43.19625387,50.9526710409091,9.18597603696401,14.2597878796766
"71","AS",2019,1,1,12,100,"PIPO",1,15,"AS_1_1_12_100","Live",14.7,2013,"AS_1_1_12",39.66564525,46.0007203980335,50.207044675,8.43763578456808,52.6876568695492
"72","AS",2013,1,1,12,101,"PIPO",1,25.2,"AS_1_1_12_101","Live",22.5,2002,"AS_1_1_12",46.0007203980335,43.19625387,50.9526710409091,9.18597603696401,14.2597878796766
"73","AS",2019,1,1,12,101,"PIPO",1,25.7,"AS_1_1_12_101","Live",25.2,2013,"AS_1_1_12",39.66564525,46.0007203980335,50.207044675,8.43763578456808,52.6876568695492
"74","AS",2013,1,1,12,102,"PIPO",3,NA,"AS_1_1_12_102","Dead",16,2002,"AS_1_1_12",46.0007203980335,43.19625387,50.9526710409091,9.18597603696401,14.2597878796766
"75","AS",2013,1,1,12,103,"PIPO",1,9.1,"AS_1_1_12_103","Live",7.9,2002,"AS_1_1_12",46.0007203980335,43.19625387,50.9526710409091,9.18597603696401,14.2597878796766
"76","AS",2019,1,1,12,103,"PIPO",1,9,"AS_1_1_12_103","Live",9.1,2013,"AS_1_1_12",39.66564525,46.0007203980335,50.207044675,8.43763578456808,52.6876568695492
"77","AS",2013,1,1,12,105,"PIPO",1,34,"AS_1_1_12_105","Live",34,2002,"AS_1_1_12",46.0007203980335,43.19625387,50.9526710409091,9.18597603696401,14.2597878796766
"78","AS",2019,1,1,12,105,"PIPO",1,34.1,"AS_1_1_12_105","Live",34,2013,"AS_1_1_12",39.66564525,46.0007203980335,50.207044675,8.43763578456808,52.6876568695492
"79","AS",2013,1,1,12,106,"PIPO",1,14.5,"AS_1_1_12_106","Live",13,2002,"AS_1_1_12",46.0007203980335,43.19625387,50.9526710409091,9.18597603696401,14.2597878796766
"80","AS",2019,1,1,12,106,"PIPO",1,14.9,"AS_1_1_12_106","Live",14.5,2013,"AS_1_1_12",39.66564525,46.0007203980335,50.207044675,8.43763578456808,52.6876568695492
"81","AS",2013,1,1,12,107,"PIPO",6,NA,"AS_1_1_12_107","Dead",6.8,2002,"AS_1_1_12",46.0007203980335,43.19625387,50.9526710409091,9.18597603696401,14.2597878796766
"82","AS",2013,1,1,12,108,"PIPO",1,15.1,"AS_1_1_12_108","Live",13.7,2002,"AS_1_1_12",46.0007203980335,43.19625387,50.9526710409091,9.18597603696401,14.2597878796766
"83","AS",2019,1,1,12,108,"PIPO",1,15.7,"AS_1_1_12_108","Live",15.1,2013,"AS_1_1_12",39.66564525,46.0007203980335,50.207044675,8.43763578456808,52.6876568695492
"84","AS",2013,1,1,12,109,"PIPO",1,5.7,"AS_1_1_12_109","Live",5.5,2002,"AS_1_1_12",46.0007203980335,43.19625387,50.9526710409091,9.18597603696401,14.2597878796766
"85","AS",2019,1,1,12,109,"PIPO",3,NA,"AS_1_1_12_109","Dead",5.7,2013,"AS_1_1_12",39.66564525,46.0007203980335,50.207044675,8.43763578456808,52.6876568695492
"86","AS",2013,1,1,12,110,"PIPO",1,10.2,"AS_1_1_12_110","Live",10,2002,"AS_1_1_12",46.0007203980335,43.19625387,50.9526710409091,9.18597603696401,14.2597878796766
"87","AS",2019,1,1,12,110,"PIPO",3,NA,"AS_1_1_12_110","Dead",10.2,2013,"AS_1_1_12",39.66564525,46.0007203980335,50.207044675,8.43763578456808,52.6876568695492
"88","AS",2013,1,1,12,111,"PIPO",1,19.9,"AS_1_1_12_111","Live",18.5,2002,"AS_1_1_12",46.0007203980335,43.19625387,50.9526710409091,9.18597603696401,14.2597878796766
"89","AS",2019,1,1,12,111,"PIPO",1,20.4,"AS_1_1_12_111","Live",19.9,2013,"AS_1_1_12",39.66564525,46.0007203980335,50.207044675,8.43763578456808,52.6876568695492
"90","AS",2013,1,1,12,112,"PIPO",1,12.8,"AS_1_1_12_112","Live",12.2,2002,"AS_1_1_12",46.0007203980335,43.19625387,50.9526710409091,9.18597603696401,14.2597878796766
"91","AS",2019,1,1,12,112,"PIPO",1,13.4,"AS_1_1_12_112","Live",12.8,2013,"AS_1_1_12",39.66564525,46.0007203980335,50.207044675,8.43763578456808,52.6876568695492
"92","AS",2019,1,1,12,114,"PIPO",1,22.3,"AS_1_1_12_114","Live",22,2013,"AS_1_1_12",39.66564525,46.0007203980335,50.207044675,8.43763578456808,52.6876568695492
"93","AS",2013,1,1,12,12,"PIPO",1,20.3,"AS_1_1_12_12","Live",18.7,2002,"AS_1_1_12",46.0007203980335,43.19625387,50.9526710409091,9.18597603696401,14.2597878796766
"94","AS",2019,1,1,12,12,"PIPO",1,21.3,"AS_1_1_12_12","Live",20.3,2013,"AS_1_1_12",39.66564525,46.0007203980335,50.207044675,8.43763578456808,52.6876568695492
"95","AS",2013,1,1,12,13,"PIPO",1,22.7,"AS_1_1_12_13","Live",20.9,2002,"AS_1_1_12",46.0007203980335,43.19625387,50.9526710409091,9.18597603696401,14.2597878796766
"96","AS",2019,1,1,12,13,"PIPO",1,23.4,"AS_1_1_12_13","Live",22.7,2013,"AS_1_1_12",39.66564525,46.0007203980335,50.207044675,8.43763578456808,52.6876568695492
"97","AS",2013,1,1,12,14,"PIPO",3,NA,"AS_1_1_12_14","Dead",5.1,2002,"AS_1_1_12",46.0007203980335,43.19625387,50.9526710409091,9.18597603696401,14.2597878796766
"98","AS",2013,1,1,12,16,"PIPO",1,15.5,"AS_1_1_12_16","Live",15.4,2002,"AS_1_1_12",46.0007203980335,43.19625387,50.9526710409091,9.18597603696401,14.2597878796766
"99","AS",2019,1,1,12,16,"PIPO",1,15.7,"AS_1_1_12_16","Live",15.5,2013,"AS_1_1_12",39.66564525,46.0007203980335,50.207044675,8.43763578456808,52.6876568695492
"100","AS",2013,1,1,12,17,"PIPO",1,9.9,"AS_1_1_12_17","Live",9.6,2002,"AS_1_1_12",46.0007203980335,43.19625387,50.9526710409091,9.18597603696401,14.2597878796766
"101","AS",2019,1,1,12,17,"PIPO",1,9.9,"AS_1_1_12_17","Live",9.9,2013,"AS_1_1_12",39.66564525,46.0007203980335,50.207044675,8.43763578456808,52.6876568695492
"102","AS",2013,1,1,12,18,"PIPO",1,9.4,"AS_1_1_12_18","Live",8.5,2002,"AS_1_1_12",46.0007203980335,43.19625387,50.9526710409091,9.18597603696401,14.2597878796766
"103","AS",2019,1,1,12,18,"PIPO",1,9.3,"AS_1_1_12_18","Live",9.4,2013,"AS_1_1_12",39.66564525,46.0007203980335,50.207044675,8.43763578456808,52.6876568695492
"104","AS",2013,1,1,12,19,"PIPO",1,6,"AS_1_1_12_19","Live",6.2,2002,"AS_1_1_12",46.0007203980335,43.19625387,50.9526710409091,9.18597603696401,14.2597878796766
"105","AS",2019,1,1,12,19,"PIPO",3,NA,"AS_1_1_12_19","Dead",6,2013,"AS_1_1_12",39.66564525,46.0007203980335,50.207044675,8.43763578456808,52.6876568695492
"106","AS",2013,1,1,12,20,"PIPO",1,6.2,"AS_1_1_12_20","Live",6,2002,"AS_1_1_12",46.0007203980335,43.19625387,50.9526710409091,9.18597603696401,14.2597878796766
"107","AS",2013,1,1,12,21,"PIPO",3,NA,"AS_1_1_12_21","Dead",4,2002,"AS_1_1_12",46.0007203980335,43.19625387,50.9526710409091,9.18597603696401,14.2597878796766
"108","AS",2013,1,1,12,22,"PIPO",1,8.6,"AS_1_1_12_22","Live",8.2,2002,"AS_1_1_12",46.0007203980335,43.19625387,50.9526710409091,9.18597603696401,14.2597878796766
"109","AS",2019,1,1,12,22,"PIPO",3,NA,"AS_1_1_12_22","Dead",8.6,2013,"AS_1_1_12",39.66564525,46.0007203980335,50.207044675,8.43763578456808,52.6876568695492
"110","AS",2013,1,1,12,24,"PIPO",3,NA,"AS_1_1_12_24","Dead",4.8,2002,"AS_1_1_12",46.0007203980335,43.19625387,50.9526710409091,9.18597603696401,14.2597878796766
"111","AS",2013,1,1,12,25,"PIPO",1,13.7,"AS_1_1_12_25","Live",13,2002,"AS_1_1_12",46.0007203980335,43.19625387,50.9526710409091,9.18597603696401,14.2597878796766
"112","AS",2019,1,1,12,25,"PIPO",1,13.5,"AS_1_1_12_25","Live",13.7,2013,"AS_1_1_12",39.66564525,46.0007203980335,50.207044675,8.43763578456808,52.6876568695492
"113","AS",2013,1,1,12,26,"PIPO",1,10.2,"AS_1_1_12_26","Live",9.7,2002,"AS_1_1_12",46.0007203980335,43.19625387,50.9526710409091,9.18597603696401,14.2597878796766
"114","AS",2019,1,1,12,26,"PIPO",1,10,"AS_1_1_12_26","Live",10.2,2013,"AS_1_1_12",39.66564525,46.0007203980335,50.207044675,8.43763578456808,52.6876568695492
"115","AS",2013,1,1,12,27,"PIPO",1,16.4,"AS_1_1_12_27","Live",15.4,2002,"AS_1_1_12",46.0007203980335,43.19625387,50.9526710409091,9.18597603696401,14.2597878796766
"116","AS",2019,1,1,12,27,"PIPO",1,16.5,"AS_1_1_12_27","Live",16.4,2013,"AS_1_1_12",39.66564525,46.0007203980335,50.207044675,8.43763578456808,52.6876568695492
"117","AS",2013,1,1,12,28,"PIPO",1,8.5,"AS_1_1_12_28","Live",8.7,2002,"AS_1_1_12",46.0007203980335,43.19625387,50.9526710409091,9.18597603696401,14.2597878796766
"118","AS",2019,1,1,12,28,"PIPO",3,NA,"AS_1_1_12_28","Dead",8.5,2013,"AS_1_1_12",39.66564525,46.0007203980335,50.207044675,8.43763578456808,52.6876568695492
"119","AS",2013,1,1,12,29,"PIPO",1,14.5,"AS_1_1_12_29","Live",13.1,2002,"AS_1_1_12",46.0007203980335,43.19625387,50.9526710409091,9.18597603696401,14.2597878796766
"120","AS",2019,1,1,12,29,"PIPO",1,15.6,"AS_1_1_12_29","Live",14.5,2013,"AS_1_1_12",39.66564525,46.0007203980335,50.207044675,8.43763578456808,52.6876568695492
"121","AS",2013,1,1,12,3,"PIPO",1,33.3,"AS_1_1_12_3","Live",31.5,2002,"AS_1_1_12",46.0007203980335,43.19625387,50.9526710409091,9.18597603696401,14.2597878796766
"122","AS",2019,1,1,12,3,"PIPO",1,34.4,"AS_1_1_12_3","Live",33.3,2013,"AS_1_1_12",39.66564525,46.0007203980335,50.207044675,8.43763578456808,52.6876568695492
"123","AS",2013,1,1,12,31,"PIPO",1,15,"AS_1_1_12_31","Live",14.2,2002,"AS_1_1_12",46.0007203980335,43.19625387,50.9526710409091,9.18597603696401,14.2597878796766
"124","AS",2019,1,1,12,31,"PIPO",1,14.9,"AS_1_1_12_31","Live",15,2013,"AS_1_1_12",39.66564525,46.0007203980335,50.207044675,8.43763578456808,52.6876568695492
"125","AS",2013,1,1,12,33,"PIPO",1,8.2,"AS_1_1_12_33","Live",8.8,2002,"AS_1_1_12",46.0007203980335,43.19625387,50.9526710409091,9.18597603696401,14.2597878796766
"126","AS",2019,1,1,12,33,"PIPO",1,8.7,"AS_1_1_12_33","Live",8.2,2013,"AS_1_1_12",39.66564525,46.0007203980335,50.207044675,8.43763578456808,52.6876568695492
"127","AS",2013,1,1,12,34,"PIPO",1,14.7,"AS_1_1_12_34","Live",13.3,2002,"AS_1_1_12",46.0007203980335,43.19625387,50.9526710409091,9.18597603696401,14.2597878796766
"128","AS",2019,1,1,12,34,"PIPO",1,15,"AS_1_1_12_34","Live",14.7,2013,"AS_1_1_12",39.66564525,46.0007203980335,50.207044675,8.43763578456808,52.6876568695492
"129","AS",2013,1,1,12,35,"PIPO",3,NA,"AS_1_1_12_35","Dead",8.7,2002,"AS_1_1_12",46.0007203980335,43.19625387,50.9526710409091,9.18597603696401,14.2597878796766
"130","AS",2013,1,1,12,36,"PIPO",1,11.3,"AS_1_1_12_36","Live",10.6,2002,"AS_1_1_12",46.0007203980335,43.19625387,50.9526710409091,9.18597603696401,14.2597878796766
"131","AS",2019,1,1,12,36,"PIPO",1,11.5,"AS_1_1_12_36","Live",11.3,2013,"AS_1_1_12",39.66564525,46.0007203980335,50.207044675,8.43763578456808,52.6876568695492
"132","AS",2013,1,1,12,37,"PIPO",1,10.7,"AS_1_1_12_37","Live",10.8,2002,"AS_1_1_12",46.0007203980335,43.19625387,50.9526710409091,9.18597603696401,14.2597878796766
"133","AS",2019,1,1,12,37,"PIPO",4,NA,"AS_1_1_12_37","Dead",10.7,2013,"AS_1_1_12",39.66564525,46.0007203980335,50.207044675,8.43763578456808,52.6876568695492
"134","AS",2013,1,1,12,39,"PIPO",1,8.9,"AS_1_1_12_39","Live",8.7,2002,"AS_1_1_12",46.0007203980335,43.19625387,50.9526710409091,9.18597603696401,14.2597878796766
"135","AS",2019,1,1,12,39,"PIPO",1,9,"AS_1_1_12_39","Live",8.9,2013,"AS_1_1_12",39.66564525,46.0007203980335,50.207044675,8.43763578456808,52.6876568695492
"136","AS",2013,1,1,12,40,"PIPO",1,9.141663,"AS_1_1_12_40","Live",7.9,2002,"AS_1_1_12",46.0007203980335,43.19625387,50.9526710409091,9.18597603696401,14.2597878796766
"137","AS",2019,1,1,12,40,"PIPO",4,NA,"AS_1_1_12_40","Dead",9.141663,2013,"AS_1_1_12",39.66564525,46.0007203980335,50.207044675,8.43763578456808,52.6876568695492
"138","AS",2013,1,1,12,41,"PIPO",1,13.5,"AS_1_1_12_41","Live",11.9,2002,"AS_1_1_12",46.0007203980335,43.19625387,50.9526710409091,9.18597603696401,14.2597878796766
"139","AS",2019,1,1,12,41,"PIPO",1,14.5,"AS_1_1_12_41","Live",13.5,2013,"AS_1_1_12",39.66564525,46.0007203980335,50.207044675,8.43763578456808,52.6876568695492
"140","AS",2013,1,1,12,42,"PIPO",1,3.4,"AS_1_1_12_42","Live",3.1,2002,"AS_1_1_12",46.0007203980335,43.19625387,50.9526710409091,9.18597603696401,14.2597878796766
"141","AS",2019,1,1,12,42,"PIPO",3,NA,"AS_1_1_12_42","Dead",3.4,2013,"AS_1_1_12",39.66564525,46.0007203980335,50.207044675,8.43763578456808,52.6876568695492
"142","AS",2013,1,1,12,43,"PIPO",1,9.5,"AS_1_1_12_43","Live",9.1,2002,"AS_1_1_12",46.0007203980335,43.19625387,50.9526710409091,9.18597603696401,14.2597878796766
"143","AS",2019,1,1,12,43,"PIPO",1,9.8,"AS_1_1_12_43","Live",9.5,2013,"AS_1_1_12",39.66564525,46.0007203980335,50.207044675,8.43763578456808,52.6876568695492
"144","AS",2013,1,1,12,44,"PIPO",1,10.5,"AS_1_1_12_44","Live",10.1,2002,"AS_1_1_12",46.0007203980335,43.19625387,50.9526710409091,9.18597603696401,14.2597878796766
"145","AS",2019,1,1,12,44,"PIPO",1,10.6,"AS_1_1_12_44","Live",10.5,2013,"AS_1_1_12",39.66564525,46.0007203980335,50.207044675,8.43763578456808,52.6876568695492
"146","AS",2013,1,1,12,45,"PIPO",1,7.7,"AS_1_1_12_45","Live",7.5,2002,"AS_1_1_12",46.0007203980335,43.19625387,50.9526710409091,9.18597603696401,14.2597878796766
"147","AS",2019,1,1,12,45,"PIPO",1,7.7,"AS_1_1_12_45","Live",7.7,2013,"AS_1_1_12",39.66564525,46.0007203980335,50.207044675,8.43763578456808,52.6876568695492
"148","AS",2013,1,1,12,46,"PIPO",1,6.9,"AS_1_1_12_46","Live",6.6,2002,"AS_1_1_12",46.0007203980335,43.19625387,50.9526710409091,9.18597603696401,14.2597878796766
"149","AS",2019,1,1,12,46,"PIPO",4,NA,"AS_1_1_12_46","Dead",6.9,2013,"AS_1_1_12",39.66564525,46.0007203980335,50.207044675,8.43763578456808,52.6876568695492
"150","AS",2013,1,1,12,47,"PIPO",1,19.5,"AS_1_1_12_47","Live",18,2002,"AS_1_1_12",46.0007203980335,43.19625387,50.9526710409091,9.18597603696401,14.2597878796766
"151","AS",2019,1,1,12,47,"PIPO",1,20.5,"AS_1_1_12_47","Live",19.5,2013,"AS_1_1_12",39.66564525,46.0007203980335,50.207044675,8.43763578456808,52.6876568695492
"152","AS",2013,1,1,12,49,"PIPO",1,7.8,"AS_1_1_12_49","Live",6.2,2002,"AS_1_1_12",46.0007203980335,43.19625387,50.9526710409091,9.18597603696401,14.2597878796766
"153","AS",2019,1,1,12,49,"PIPO",3,NA,"AS_1_1_12_49","Dead",7.8,2013,"AS_1_1_12",39.66564525,46.0007203980335,50.207044675,8.43763578456808,52.6876568695492
"154","AS",2013,1,1,12,5,"PIPO",3,NA,"AS_1_1_12_5","Dead",12.7,2002,"AS_1_1_12",46.0007203980335,43.19625387,50.9526710409091,9.18597603696401,14.2597878796766
"155","AS",2013,1,1,12,50,"PIPO",1,9.1,"AS_1_1_12_50","Live",8.6,2002,"AS_1_1_12",46.0007203980335,43.19625387,50.9526710409091,9.18597603696401,14.2597878796766
"156","AS",2019,1,1,12,50,"PIPO",1,9.1,"AS_1_1_12_50","Live",9.1,2013,"AS_1_1_12",39.66564525,46.0007203980335,50.207044675,8.43763578456808,52.6876568695492
"157","AS",2013,1,1,12,51,"PIPO",1,10.3,"AS_1_1_12_51","Live",9.8,2002,"AS_1_1_12",46.0007203980335,43.19625387,50.9526710409091,9.18597603696401,14.2597878796766
"158","AS",2019,1,1,12,51,"PIPO",4,NA,"AS_1_1_12_51","Dead",10.3,2013,"AS_1_1_12",39.66564525,46.0007203980335,50.207044675,8.43763578456808,52.6876568695492
"159","AS",2013,1,1,12,52,"PIPO",1,4.1,"AS_1_1_12_52","Live",3.9,2002,"AS_1_1_12",46.0007203980335,43.19625387,50.9526710409091,9.18597603696401,14.2597878796766
"160","AS",2019,1,1,12,52,"PIPO",4,NA,"AS_1_1_12_52","Dead",4.1,2013,"AS_1_1_12",39.66564525,46.0007203980335,50.207044675,8.43763578456808,52.6876568695492
"161","AS",2013,1,1,12,53,"PIPO",1,20.73861,"AS_1_1_12_53","Live",17.5,2002,"AS_1_1_12",46.0007203980335,43.19625387,50.9526710409091,9.18597603696401,14.2597878796766
"162","AS",2019,1,1,12,53,"PIPO",6,NA,"AS_1_1_12_53","Dead",20.73861,2013,"AS_1_1_12",39.66564525,46.0007203980335,50.207044675,8.43763578456808,52.6876568695492
"163","AS",2013,1,1,12,56,"PIPO",1,17.3,"AS_1_1_12_56","Live",17.3,2002,"AS_1_1_12",46.0007203980335,43.19625387,50.9526710409091,9.18597603696401,14.2597878796766
"164","AS",2019,1,1,12,56,"PIPO",4,NA,"AS_1_1_12_56","Dead",17.3,2013,"AS_1_1_12",39.66564525,46.0007203980335,50.207044675,8.43763578456808,52.6876568695492
"165","AS",2013,1,1,12,58,"PIPO",1,11.7,"AS_1_1_12_58","Live",10.6,2002,"AS_1_1_12",46.0007203980335,43.19625387,50.9526710409091,9.18597603696401,14.2597878796766
"166","AS",2019,1,1,12,58,"PIPO",3,NA,"AS_1_1_12_58","Dead",11.7,2013,"AS_1_1_12",39.66564525,46.0007203980335,50.207044675,8.43763578456808,52.6876568695492
"167","AS",2013,1,1,12,59,"PIPO",1,36.6,"AS_1_1_12_59","Live",35.2,2002,"AS_1_1_12",46.0007203980335,43.19625387,50.9526710409091,9.18597603696401,14.2597878796766
"168","AS",2019,1,1,12,59,"PIPO",1,36.9,"AS_1_1_12_59","Live",36.6,2013,"AS_1_1_12",39.66564525,46.0007203980335,50.207044675,8.43763578456808,52.6876568695492
"169","AS",2013,1,1,12,61,"PIPO",1,7.7,"AS_1_1_12_61","Live",7,2002,"AS_1_1_12",46.0007203980335,43.19625387,50.9526710409091,9.18597603696401,14.2597878796766
"170","AS",2019,1,1,12,61,"PIPO",4,NA,"AS_1_1_12_61","Dead",7.7,2013,"AS_1_1_12",39.66564525,46.0007203980335,50.207044675,8.43763578456808,52.6876568695492
"171","AS",2013,1,1,12,62,"PIPO",1,8.3,"AS_1_1_12_62","Live",7.6,2002,"AS_1_1_12",46.0007203980335,43.19625387,50.9526710409091,9.18597603696401,14.2597878796766
"172","AS",2019,1,1,12,62,"PIPO",4,NA,"AS_1_1_12_62","Dead",8.3,2013,"AS_1_1_12",39.66564525,46.0007203980335,50.207044675,8.43763578456808,52.6876568695492
"173","AS",2013,1,1,12,63,"PIPO",1,19.4,"AS_1_1_12_63","Live",17.5,2002,"AS_1_1_12",46.0007203980335,43.19625387,50.9526710409091,9.18597603696401,14.2597878796766
"174","AS",2019,1,1,12,63,"PIPO",1,19,"AS_1_1_12_63","Live",19.4,2013,"AS_1_1_12",39.66564525,46.0007203980335,50.207044675,8.43763578456808,52.6876568695492
"175","AS",2013,1,1,12,65,"PIPO",1,9.8,"AS_1_1_12_65","Live",9.1,2002,"AS_1_1_12",46.0007203980335,43.19625387,50.9526710409091,9.18597603696401,14.2597878796766
"176","AS",2019,1,1,12,65,"PIPO",4,NA,"AS_1_1_12_65","Dead",9.8,2013,"AS_1_1_12",39.66564525,46.0007203980335,50.207044675,8.43763578456808,52.6876568695492
"177","AS",2013,1,1,12,66,"PIPO",1,6.8,"AS_1_1_12_66","Live",6,2002,"AS_1_1_12",46.0007203980335,43.19625387,50.9526710409091,9.18597603696401,14.2597878796766
"178","AS",2019,1,1,12,66,"PIPO",4,NA,"AS_1_1_12_66","Dead",6.8,2013,"AS_1_1_12",39.66564525,46.0007203980335,50.207044675,8.43763578456808,52.6876568695492
"179","AS",2013,1,1,12,67,"PIPO",1,7.3,"AS_1_1_12_67","Live",6.2,2002,"AS_1_1_12",46.0007203980335,43.19625387,50.9526710409091,9.18597603696401,14.2597878796766
"180","AS",2019,1,1,12,67,"PIPO",4,NA,"AS_1_1_12_67","Dead",7.3,2013,"AS_1_1_12",39.66564525,46.0007203980335,50.207044675,8.43763578456808,52.6876568695492
"181","AS",2013,1,1,12,68,"PIPO",1,5.4,"AS_1_1_12_68","Live",5.3,2002,"AS_1_1_12",46.0007203980335,43.19625387,50.9526710409091,9.18597603696401,14.2597878796766
"182","AS",2019,1,1,12,68,"PIPO",4,NA,"AS_1_1_12_68","Dead",5.4,2013,"AS_1_1_12",39.66564525,46.0007203980335,50.207044675,8.43763578456808,52.6876568695492
"183","AS",2013,1,1,12,69,"PIPO",1,17.4,"AS_1_1_12_69","Live",16,2002,"AS_1_1_12",46.0007203980335,43.19625387,50.9526710409091,9.18597603696401,14.2597878796766
"184","AS",2019,1,1,12,69,"PIPO",1,17.8,"AS_1_1_12_69","Live",17.4,2013,"AS_1_1_12",39.66564525,46.0007203980335,50.207044675,8.43763578456808,52.6876568695492
"185","AS",2013,1,1,12,7,"PIPO",1,8,"AS_1_1_12_7","Live",6.6,2002,"AS_1_1_12",46.0007203980335,43.19625387,50.9526710409091,9.18597603696401,14.2597878796766
"186","AS",2019,1,1,12,7,"PIPO",3,NA,"AS_1_1_12_7","Dead",8,2013,"AS_1_1_12",39.66564525,46.0007203980335,50.207044675,8.43763578456808,52.6876568695492
"187","AS",2013,1,1,12,70,"PIPO",1,23.1,"AS_1_1_12_70","Live",22,2002,"AS_1_1_12",46.0007203980335,43.19625387,50.9526710409091,9.18597603696401,14.2597878796766
"188","AS",2019,1,1,12,70,"PIPO",1,23.6,"AS_1_1_12_70","Live",23.1,2013,"AS_1_1_12",39.66564525,46.0007203980335,50.207044675,8.43763578456808,52.6876568695492
"189","AS",2013,1,1,12,71,"PIPO",1,23.4,"AS_1_1_12_71","Live",22.8,2002,"AS_1_1_12",46.0007203980335,43.19625387,50.9526710409091,9.18597603696401,14.2597878796766
"190","AS",2019,1,1,12,71,"PIPO",4,NA,"AS_1_1_12_71","Dead",23.4,2013,"AS_1_1_12",39.66564525,46.0007203980335,50.207044675,8.43763578456808,52.6876568695492
"191","AS",2013,1,1,12,74,"PIPO",3,NA,"AS_1_1_12_74","Dead",4.5,2002,"AS_1_1_12",46.0007203980335,43.19625387,50.9526710409091,9.18597603696401,14.2597878796766
"192","AS",2013,1,1,12,75,"PIPO",1,31.1,"AS_1_1_12_75","Live",30.4,2002,"AS_1_1_12",46.0007203980335,43.19625387,50.9526710409091,9.18597603696401,14.2597878796766
"193","AS",2019,1,1,12,75,"PIPO",1,31.4,"AS_1_1_12_75","Live",31.1,2013,"AS_1_1_12",39.66564525,46.0007203980335,50.207044675,8.43763578456808,52.6876568695492
"194","AS",2013,1,1,12,76,"PIPO",3,NA,"AS_1_1_12_76","Dead",3,2002,"AS_1_1_12",46.0007203980335,43.19625387,50.9526710409091,9.18597603696401,14.2597878796766
"195","AS",2013,1,1,12,78,"PIPO",1,15.5,"AS_1_1_12_78","Live",14.9,2002,"AS_1_1_12",46.0007203980335,43.19625387,50.9526710409091,9.18597603696401,14.2597878796766
"196","AS",2019,1,1,12,78,"PIPO",4,NA,"AS_1_1_12_78","Dead",15.5,2013,"AS_1_1_12",39.66564525,46.0007203980335,50.207044675,8.43763578456808,52.6876568695492
"197","AS",2013,1,1,12,79,"PIPO",1,9.1,"AS_1_1_12_79","Live",9.1,2002,"AS_1_1_12",46.0007203980335,43.19625387,50.9526710409091,9.18597603696401,14.2597878796766
"198","AS",2019,1,1,12,79,"PIPO",4,NA,"AS_1_1_12_79","Dead",9.1,2013,"AS_1_1_12",39.66564525,46.0007203980335,50.207044675,8.43763578456808,52.6876568695492
"199","AS",2013,1,1,12,8,"PIPO",1,15.6,"AS_1_1_12_8","Live",15.4,2002,"AS_1_1_12",46.0007203980335,43.19625387,50.9526710409091,9.18597603696401,14.2597878796766
"200","AS",2019,1,1,12,8,"PIPO",1,15.7,"AS_1_1_12_8","Live",15.6,2013,"AS_1_1_12",39.66564525,46.0007203980335,50.207044675,8.43763578456808,52.6876568695492
"201","AS",2013,1,1,12,80,"PIPO",1,13.9,"AS_1_1_12_80","Live",13.8,2002,"AS_1_1_12",46.0007203980335,43.19625387,50.9526710409091,9.18597603696401,14.2597878796766
"202","AS",2019,1,1,12,80,"PIPO",3,NA,"AS_1_1_12_80","Dead",13.9,2013,"AS_1_1_12",39.66564525,46.0007203980335,50.207044675,8.43763578456808,52.6876568695492
"203","AS",2013,1,1,12,83,"PIPO",1,29.6,"AS_1_1_12_83","Live",27.7,2002,"AS_1_1_12",46.0007203980335,43.19625387,50.9526710409091,9.18597603696401,14.2597878796766
"204","AS",2019,1,1,12,83,"PIPO",1,31,"AS_1_1_12_83","Live",29.6,2013,"AS_1_1_12",39.66564525,46.0007203980335,50.207044675,8.43763578456808,52.6876568695492
"205","AS",2013,1,1,12,85,"PIPO",1,13.2,"AS_1_1_12_85","Live",12.2,2002,"AS_1_1_12",46.0007203980335,43.19625387,50.9526710409091,9.18597603696401,14.2597878796766
"206","AS",2019,1,1,12,85,"PIPO",2,12.8,"AS_1_1_12_85","Live",13.2,2013,"AS_1_1_12",39.66564525,46.0007203980335,50.207044675,8.43763578456808,52.6876568695492
"207","AS",2013,1,1,12,86,"PIPO",1,3.9,"AS_1_1_12_86","Live",3.5,2002,"AS_1_1_12",46.0007203980335,43.19625387,50.9526710409091,9.18597603696401,14.2597878796766
"208","AS",2019,1,1,12,86,"PIPO",3,NA,"AS_1_1_12_86","Dead",3.9,2013,"AS_1_1_12",39.66564525,46.0007203980335,50.207044675,8.43763578456808,52.6876568695492
"209","AS",2013,1,1,12,87,"PIPO",1,2.4,"AS_1_1_12_87","Live",2,2002,"AS_1_1_12",46.0007203980335,43.19625387,50.9526710409091,9.18597603696401,14.2597878796766
"210","AS",2019,1,1,12,87,"PIPO",3,NA,"AS_1_1_12_87","Dead",2.4,2013,"AS_1_1_12",39.66564525,46.0007203980335,50.207044675,8.43763578456808,52.6876568695492
"211","AS",2013,1,1,12,88,"PIPO",1,20.1,"AS_1_1_12_88","Live",17.7,2002,"AS_1_1_12",46.0007203980335,43.19625387,50.9526710409091,9.18597603696401,14.2597878796766
"212","AS",2019,1,1,12,88,"PIPO",1,20.7,"AS_1_1_12_88","Live",20.1,2013,"AS_1_1_12",39.66564525,46.0007203980335,50.207044675,8.43763578456808,52.6876568695492
"213","AS",2013,1,1,12,89,"PIPO",1,8.9,"AS_1_1_12_89","Live",7.9,2002,"AS_1_1_12",46.0007203980335,43.19625387,50.9526710409091,9.18597603696401,14.2597878796766
"214","AS",2019,1,1,12,89,"PIPO",2,8.7,"AS_1_1_12_89","Live",8.9,2013,"AS_1_1_12",39.66564525,46.0007203980335,50.207044675,8.43763578456808,52.6876568695492
"215","AS",2013,1,1,12,9,"PIPO",1,29.7,"AS_1_1_12_9","Live",26.7,2002,"AS_1_1_12",46.0007203980335,43.19625387,50.9526710409091,9.18597603696401,14.2597878796766
"216","AS",2019,1,1,12,9,"PIPO",1,30.7,"AS_1_1_12_9","Live",29.7,2013,"AS_1_1_12",39.66564525,46.0007203980335,50.207044675,8.43763578456808,52.6876568695492
"217","AS",2013,1,1,12,90,"PIPO",1,9.2,"AS_1_1_12_90","Live",8.3,2002,"AS_1_1_12",46.0007203980335,43.19625387,50.9526710409091,9.18597603696401,14.2597878796766
"218","AS",2019,1,1,12,90,"PIPO",2,9.1,"AS_1_1_12_90","Live",9.2,2013,"AS_1_1_12",39.66564525,46.0007203980335,50.207044675,8.43763578456808,52.6876568695492
"219","AS",2013,1,1,12,91,"PIPO",1,13,"AS_1_1_12_91","Live",11.3,2002,"AS_1_1_12",46.0007203980335,43.19625387,50.9526710409091,9.18597603696401,14.2597878796766
"220","AS",2019,1,1,12,91,"PIPO",1,13.5,"AS_1_1_12_91","Live",13,2013,"AS_1_1_12",39.66564525,46.0007203980335,50.207044675,8.43763578456808,52.6876568695492
"221","AS",2013,1,1,12,92,"PIPO",1,26.1,"AS_1_1_12_92","Live",23.7,2002,"AS_1_1_12",46.0007203980335,43.19625387,50.9526710409091,9.18597603696401,14.2597878796766
"222","AS",2019,1,1,12,92,"PIPO",1,27,"AS_1_1_12_92","Live",26.1,2013,"AS_1_1_12",39.66564525,46.0007203980335,50.207044675,8.43763578456808,52.6876568695492
"223","AS",2013,1,1,12,94,"PIPO",1,24.5,"AS_1_1_12_94","Live",23,2002,"AS_1_1_12",46.0007203980335,43.19625387,50.9526710409091,9.18597603696401,14.2597878796766
"224","AS",2019,1,1,12,94,"PIPO",1,25,"AS_1_1_12_94","Live",24.5,2013,"AS_1_1_12",39.66564525,46.0007203980335,50.207044675,8.43763578456808,52.6876568695492
"225","AS",2013,1,1,12,95,"PIPO",1,25.80174,"AS_1_1_12_95","Live",23.5,2002,"AS_1_1_12",46.0007203980335,43.19625387,50.9526710409091,9.18597603696401,14.2597878796766
"226","AS",2019,1,1,12,95,"PIPO",3,NA,"AS_1_1_12_95","Dead",25.80174,2013,"AS_1_1_12",39.66564525,46.0007203980335,50.207044675,8.43763578456808,52.6876568695492
"227","AS",2013,1,1,12,96,"PIPO",1,26.1,"AS_1_1_12_96","Live",24.5,2002,"AS_1_1_12",46.0007203980335,43.19625387,50.9526710409091,9.18597603696401,14.2597878796766
"228","AS",2019,1,1,12,96,"PIPO",1,26.5,"AS_1_1_12_96","Live",26.1,2013,"AS_1_1_12",39.66564525,46.0007203980335,50.207044675,8.43763578456808,52.6876568695492
"229","AS",2013,1,1,12,97,"PIPO",1,15.8,"AS_1_1_12_97","Live",15.6,2002,"AS_1_1_12",46.0007203980335,43.19625387,50.9526710409091,9.18597603696401,14.2597878796766
"230","AS",2019,1,1,12,97,"PIPO",6,NA,"AS_1_1_12_97","Dead",15.8,2013,"AS_1_1_12",39.66564525,46.0007203980335,50.207044675,8.43763578456808,52.6876568695492
"231","AS",2013,1,1,12,98,"PIPO",1,29.7,"AS_1_1_12_98","Live",27.4,2002,"AS_1_1_12",46.0007203980335,43.19625387,50.9526710409091,9.18597603696401,14.2597878796766
"232","AS",2019,1,1,12,98,"PIPO",1,30.4,"AS_1_1_12_98","Live",29.7,2013,"AS_1_1_12",39.66564525,46.0007203980335,50.207044675,8.43763578456808,52.6876568695492
"233","AS",2013,1,1,12,99,"PIPO",1,28.2,"AS_1_1_12_99","Live",26,2002,"AS_1_1_12",46.0007203980335,43.19625387,50.9526710409091,9.18597603696401,14.2597878796766
"234","AS",2019,1,1,12,99,"PIPO",1,29,"AS_1_1_12_99","Live",28.2,2013,"AS_1_1_12",39.66564525,46.0007203980335,50.207044675,8.43763578456808,52.6876568695492
"235","AS",2013,1,1,13,1,"PIPO",1,34.5,"AS_1_1_13_1","Live",32.3,2002,"AS_1_1_13",20.9784450265981,24.2016584841593,50.6923076927273,9.18597603696401,16.800027728874
"236","AS",2019,1,1,13,1,"PIPO",1,35.6,"AS_1_1_13_1","Live",34.5,2013,"AS_1_1_13",21.5945455717798,20.9784450265981,50.1914529916667,8.43763578456808,62.6009326797888
"237","AS",2013,1,1,13,10,"PIPO",1,37.7,"AS_1_1_13_10","Live",35.4,2002,"AS_1_1_13",20.9784450265981,24.2016584841593,50.6923076927273,9.18597603696401,16.800027728874
"238","AS",2019,1,1,13,10,"PIPO",1,38.5,"AS_1_1_13_10","Live",37.7,2013,"AS_1_1_13",21.5945455717798,20.9784450265981,50.1914529916667,8.43763578456808,62.6009326797888
"239","AS",2013,1,1,13,11,"PIPO",1,16.8,"AS_1_1_13_11","Live",16.7,2002,"AS_1_1_13",20.9784450265981,24.2016584841593,50.6923076927273,9.18597603696401,16.800027728874
"240","AS",2019,1,1,13,11,"PIPO",1,17.1,"AS_1_1_13_11","Live",16.8,2013,"AS_1_1_13",21.5945455717798,20.9784450265981,50.1914529916667,8.43763578456808,62.6009326797888
"241","AS",2013,1,1,13,12,"PIPO",1,34.7,"AS_1_1_13_12","Live",33.1,2002,"AS_1_1_13",20.9784450265981,24.2016584841593,50.6923076927273,9.18597603696401,16.800027728874
"242","AS",2019,1,1,13,12,"PIPO",1,34.7,"AS_1_1_13_12","Live",34.7,2013,"AS_1_1_13",21.5945455717798,20.9784450265981,50.1914529916667,8.43763578456808,62.6009326797888
"243","AS",2013,1,1,13,13,"PIPO",1,33.4,"AS_1_1_13_13","Live",31.3,2002,"AS_1_1_13",20.9784450265981,24.2016584841593,50.6923076927273,9.18597603696401,16.800027728874
"244","AS",2019,1,1,13,13,"PIPO",1,34.6,"AS_1_1_13_13","Live",33.4,2013,"AS_1_1_13",21.5945455717798,20.9784450265981,50.1914529916667,8.43763578456808,62.6009326797888
"245","AS",2013,1,1,13,14,"PIPO",1,32.5,"AS_1_1_13_14","Live",31.3,2002,"AS_1_1_13",20.9784450265981,24.2016584841593,50.6923076927273,9.18597603696401,16.800027728874
"246","AS",2019,1,1,13,14,"PIPO",1,32.9,"AS_1_1_13_14","Live",32.5,2013,"AS_1_1_13",21.5945455717798,20.9784450265981,50.1914529916667,8.43763578456808,62.6009326797888
"247","AS",2013,1,1,13,15,"PIPO",1,11.1,"AS_1_1_13_15","Live",9.2,2002,"AS_1_1_13",20.9784450265981,24.2016584841593,50.6923076927273,9.18597603696401,16.800027728874
"248","AS",2019,1,1,13,15,"PIPO",1,12,"AS_1_1_13_15","Live",11.1,2013,"AS_1_1_13",21.5945455717798,20.9784450265981,50.1914529916667,8.43763578456808,62.6009326797888
"249","AS",2013,1,1,13,2,"PIPO",1,20,"AS_1_1_13_2","Live",16.8,2002,"AS_1_1_13",20.9784450265981,24.2016584841593,50.6923076927273,9.18597603696401,16.800027728874
"250","AS",2019,1,1,13,2,"PIPO",1,21.6,"AS_1_1_13_2","Live",20,2013,"AS_1_1_13",21.5945455717798,20.9784450265981,50.1914529916667,8.43763578456808,62.6009326797888
"251","AS",2013,1,1,13,7,"PIPO",1,38.5,"AS_1_1_13_7","Live",35.3,2002,"AS_1_1_13",20.9784450265981,24.2016584841593,50.6923076927273,9.18597603696401,16.800027728874
"252","AS",2019,1,1,13,7,"PIPO",1,40.3,"AS_1_1_13_7","Live",38.5,2013,"AS_1_1_13",21.5945455717798,20.9784450265981,50.1914529916667,8.43763578456808,62.6009326797888
"253","AS",2013,1,1,13,8,"PIPO",1,24.9,"AS_1_1_13_8","Live",23.1,2002,"AS_1_1_13",20.9784450265981,24.2016584841593,50.6923076927273,9.18597603696401,16.800027728874
"254","AS",2019,1,1,13,8,"PIPO",1,26.2,"AS_1_1_13_8","Live",24.9,2013,"AS_1_1_13",21.5945455717798,20.9784450265981,50.1914529916667,8.43763578456808,62.6009326797888
"255","AS",2013,1,1,13,9,"PIPO",1,34.7,"AS_1_1_13_9","Live",34,2002,"AS_1_1_13",20.9784450265981,24.2016584841593,50.6923076927273,9.18597603696401,16.800027728874
"256","AS",2019,1,1,13,9,"PIPO",1,35.1,"AS_1_1_13_9","Live",34.7,2013,"AS_1_1_13",21.5945455717798,20.9784450265981,50.1914529916667,8.43763578456808,62.6009326797888
"257","AS",2013,1,1,14,12,"PIPO",1,34.5,"AS_1_1_14_12","Live",32.9,2002,"AS_1_1_14",11.4439573038743,36.9159427113122,37.2335025381818,9.18597603696401,14.1506559982831
"258","AS",2019,1,1,14,12,"PIPO",1,35,"AS_1_1_14_12","Live",34.5,2013,"AS_1_1_14",8.53299979059186,11.4439573038743,39.868020305,8.43763578456808,59.5863092393336
"259","AS",2013,1,1,14,13,"PIPO",1,5.6,"AS_1_1_14_13","Live",3.2,2002,"AS_1_1_14",11.4439573038743,36.9159427113122,37.2335025381818,9.18597603696401,14.1506559982831
"260","AS",2019,1,1,14,13,"PIPO",1,6.5,"AS_1_1_14_13","Live",5.6,2013,"AS_1_1_14",8.53299979059186,11.4439573038743,39.868020305,8.43763578456808,59.5863092393336
"261","AS",2013,1,1,14,14,"PIPO",1,20.7,"AS_1_1_14_14","Live",20,2002,"AS_1_1_14",11.4439573038743,36.9159427113122,37.2335025381818,9.18597603696401,14.1506559982831
"262","AS",2019,1,1,14,14,"PIPO",1,21.2,"AS_1_1_14_14","Live",20.7,2013,"AS_1_1_14",8.53299979059186,11.4439573038743,39.868020305,8.43763578456808,59.5863092393336
"263","AS",2013,1,1,14,15,"PIPO",1,24.7,"AS_1_1_14_15","Live",21.9,2002,"AS_1_1_14",11.4439573038743,36.9159427113122,37.2335025381818,9.18597603696401,14.1506559982831
"264","AS",2019,1,1,14,15,"PIPO",1,25.7,"AS_1_1_14_15","Live",24.7,2013,"AS_1_1_14",8.53299979059186,11.4439573038743,39.868020305,8.43763578456808,59.5863092393336
"265","AS",2013,1,1,14,16,"PIPO",4,NA,"AS_1_1_14_16","Dead",21.3,2002,"AS_1_1_14",11.4439573038743,36.9159427113122,37.2335025381818,9.18597603696401,14.1506559982831
"266","AS",2013,1,1,14,19,"PIPO",2,15,"AS_1_1_14_19","Live",14.2,2002,"AS_1_1_14",11.4439573038743,36.9159427113122,37.2335025381818,9.18597603696401,14.1506559982831
"267","AS",2019,1,1,14,19,"PIPO",3,NA,"AS_1_1_14_19","Dead",15,2013,"AS_1_1_14",8.53299979059186,11.4439573038743,39.868020305,8.43763578456808,59.5863092393336
"268","AS",2013,1,1,14,20,"PIPO",1,23.5,"AS_1_1_14_20","Live",19.1,2002,"AS_1_1_14",11.4439573038743,36.9159427113122,37.2335025381818,9.18597603696401,14.1506559982831
"269","AS",2019,1,1,14,20,"PIPO",1,24.9,"AS_1_1_14_20","Live",23.5,2013,"AS_1_1_14",8.53299979059186,11.4439573038743,39.868020305,8.43763578456808,59.5863092393336
"270","AS",2013,1,1,14,21,"PIPO",1,21.7,"AS_1_1_14_21","Live",18.9,2002,"AS_1_1_14",11.4439573038743,36.9159427113122,37.2335025381818,9.18597603696401,14.1506559982831
"271","AS",2019,1,1,14,21,"PIPO",3,NA,"AS_1_1_14_21","Dead",21.7,2013,"AS_1_1_14",8.53299979059186,11.4439573038743,39.868020305,8.43763578456808,59.5863092393336
"272","AS",2013,1,1,14,23,"PIPO",4,NA,"AS_1_1_14_23","Dead",80.8,2002,"AS_1_1_14",11.4439573038743,36.9159427113122,37.2335025381818,9.18597603696401,14.1506559982831
"273","AS",2013,1,1,14,24,"PIPO",1,20.5,"AS_1_1_14_24","Live",13,2002,"AS_1_1_14",11.4439573038743,36.9159427113122,37.2335025381818,9.18597603696401,14.1506559982831
"274","AS",2013,1,1,14,25,"PIPO",1,6,"AS_1_1_14_25","Live",3.4,2002,"AS_1_1_14",11.4439573038743,36.9159427113122,37.2335025381818,9.18597603696401,14.1506559982831
"275","AS",2013,1,1,14,4,"PIPO",1,25.2,"AS_1_1_14_4","Live",21.7,2002,"AS_1_1_14",11.4439573038743,36.9159427113122,37.2335025381818,9.18597603696401,14.1506559982831
"276","AS",2019,1,1,14,4,"PIPO",3,NA,"AS_1_1_14_4","Dead",25.2,2013,"AS_1_1_14",8.53299979059186,11.4439573038743,39.868020305,8.43763578456808,59.5863092393336
"277","AS",2013,1,1,14,6,"PIPO",6,NA,"AS_1_1_14_6","Dead",68.9,2002,"AS_1_1_14",11.4439573038743,36.9159427113122,37.2335025381818,9.18597603696401,14.1506559982831
"278","AS",2013,1,1,14,7,"PIPO",1,8.6,"AS_1_1_14_7","Live",4.7,2002,"AS_1_1_14",11.4439573038743,36.9159427113122,37.2335025381818,9.18597603696401,14.1506559982831
"279","AS",2019,1,1,14,7,"PIPO",1,11.8,"AS_1_1_14_7","Live",8.6,2013,"AS_1_1_14",8.53299979059186,11.4439573038743,39.868020305,8.43763578456808,59.5863092393336
"280","AS",2013,1,1,15,10,"PIPO",1,39.4,"AS_1_1_15_10","Live",34,2002,"AS_1_1_15",9.67091132019924,17.9221117088061,31.2319587636364,9.18597603696401,18.722013385007
"281","AS",2019,1,1,15,10,"PIPO",1,41.2,"AS_1_1_15_10","Live",39.4,2013,"AS_1_1_15",10.0589602089079,9.67091132019924,34.4364261166667,8.43763578456808,66.4142013650115
"282","AS",2013,1,1,15,16,"PIPO",1,18.6,"AS_1_1_15_16","Live",12.7,2002,"AS_1_1_15",9.67091132019924,17.9221117088061,31.2319587636364,9.18597603696401,18.722013385007
"283","AS",2019,1,1,15,16,"PIPO",1,21,"AS_1_1_15_16","Live",18.6,2013,"AS_1_1_15",10.0589602089079,9.67091132019924,34.4364261166667,8.43763578456808,66.4142013650115
"284","AS",2013,1,1,15,18,"PIPO",1,33.6,"AS_1_1_15_18","Live",30.8,2002,"AS_1_1_15",9.67091132019924,17.9221117088061,31.2319587636364,9.18597603696401,18.722013385007
"285","AS",2019,1,1,15,18,"PIPO",1,34.5,"AS_1_1_15_18","Live",33.6,2013,"AS_1_1_15",10.0589602089079,9.67091132019924,34.4364261166667,8.43763578456808,66.4142013650115
"286","AS",2013,1,1,15,7,"PIPO",1,34.3,"AS_1_1_15_7","Live",29,2002,"AS_1_1_15",9.67091132019924,17.9221117088061,31.2319587636364,9.18597603696401,18.722013385007
"287","AS",2019,1,1,15,7,"PIPO",1,35.8,"AS_1_1_15_7","Live",34.3,2013,"AS_1_1_15",10.0589602089079,9.67091132019924,34.4364261166667,8.43763578456808,66.4142013650115
"288","AS",2013,1,1,16,10,"PIPO",1,21.3,"AS_1_1_16_10","Live",17.1,2002,"AS_1_1_16",8.7917982708069,5.536461315,21.6741258745455,9.18597603696401,33.6444624049322
"289","AS",2019,1,1,16,10,"PIPO",1,22.9,"AS_1_1_16_10","Live",21.3,2013,"AS_1_1_16",10.0937194346679,8.7917982708069,30.005128205,8.43763578456808,70.1719959051952
"290","AS",2013,1,1,16,11,"PIPO",1,15.1,"AS_1_1_16_11","Live",10.4,2002,"AS_1_1_16",8.7917982708069,5.536461315,21.6741258745455,9.18597603696401,33.6444624049322
"291","AS",2019,1,1,16,11,"PIPO",1,15.2,"AS_1_1_16_11","Live",15.1,2013,"AS_1_1_16",10.0937194346679,8.7917982708069,30.005128205,8.43763578456808,70.1719959051952
"292","AS",2013,1,1,16,12,"PIPO",1,12.4,"AS_1_1_16_12","Live",10.6,2002,"AS_1_1_16",8.7917982708069,5.536461315,21.6741258745455,9.18597603696401,33.6444624049322
"293","AS",2019,1,1,16,12,"PIPO",1,12.9,"AS_1_1_16_12","Live",12.4,2013,"AS_1_1_16",10.0937194346679,8.7917982708069,30.005128205,8.43763578456808,70.1719959051952
"294","AS",2013,1,1,16,13,"PIPO",1,3,"AS_1_1_16_13","Live",1.7,2002,"AS_1_1_16",8.7917982708069,5.536461315,21.6741258745455,9.18597603696401,33.6444624049322
"295","AS",2019,1,1,16,13,"PIPO",3,NA,"AS_1_1_16_13","Dead",3,2013,"AS_1_1_16",10.0937194346679,8.7917982708069,30.005128205,8.43763578456808,70.1719959051952
"296","AS",2013,1,1,16,14,"PIPO",1,18.2,"AS_1_1_16_14","Live",17.9,2002,"AS_1_1_16",8.7917982708069,5.536461315,21.6741258745455,9.18597603696401,33.6444624049322
"297","AS",2019,1,1,16,14,"PIPO",1,17.5,"AS_1_1_16_14","Live",18.2,2013,"AS_1_1_16",10.0937194346679,8.7917982708069,30.005128205,8.43763578456808,70.1719959051952
"298","AS",2013,1,1,16,15,"PIPO",1,23.5,"AS_1_1_16_15","Live",17.9,2002,"AS_1_1_16",8.7917982708069,5.536461315,21.6741258745455,9.18597603696401,33.6444624049322
"299","AS",2019,1,1,16,15,"PIPO",1,27.8,"AS_1_1_16_15","Live",23.5,2013,"AS_1_1_16",10.0937194346679,8.7917982708069,30.005128205,8.43763578456808,70.1719959051952
"300","AS",2013,1,1,16,3,"PIPO",1,17.4,"AS_1_1_16_3","Live",15.7,2002,"AS_1_1_16",8.7917982708069,5.536461315,21.6741258745455,9.18597603696401,33.6444624049322
"301","AS",2019,1,1,16,3,"PIPO",1,17.7,"AS_1_1_16_3","Live",17.4,2013,"AS_1_1_16",10.0937194346679,8.7917982708069,30.005128205,8.43763578456808,70.1719959051952
"302","AS",2013,1,1,16,6,"PIPO",1,6.8,"AS_1_1_16_6","Live",4.6,2002,"AS_1_1_16",8.7917982708069,5.536461315,21.6741258745455,9.18597603696401,33.6444624049322
"303","AS",2019,1,1,16,6,"PIPO",3,NA,"AS_1_1_16_6","Dead",6.8,2013,"AS_1_1_16",10.0937194346679,8.7917982708069,30.005128205,8.43763578456808,70.1719959051952
"304","AS",2013,1,1,16,7,"PIPO",1,36.7,"AS_1_1_16_7","Live",30.8,2002,"AS_1_1_16",8.7917982708069,5.536461315,21.6741258745455,9.18597603696401,33.6444624049322
"305","AS",2019,1,1,16,7,"PIPO",1,38.7,"AS_1_1_16_7","Live",36.7,2013,"AS_1_1_16",10.0937194346679,8.7917982708069,30.005128205,8.43763578456808,70.1719959051952
"306","AS",2013,1,1,16,8,"PIPO",1,2.9,"AS_1_1_16_8","Live",2,2002,"AS_1_1_16",8.7917982708069,5.536461315,21.6741258745455,9.18597603696401,33.6444624049322
"307","AS",2019,1,1,16,8,"PIPO",1,3.1,"AS_1_1_16_8","Live",2.9,2013,"AS_1_1_16",10.0937194346679,8.7917982708069,30.005128205,8.43763578456808,70.1719959051952
"308","AS",2013,1,1,16,9,"PIPO",1,17.5,"AS_1_1_16_9","Live",12.4,2002,"AS_1_1_16",8.7917982708069,5.536461315,21.6741258745455,9.18597603696401,33.6444624049322
"309","AS",2019,1,1,16,9,"PIPO",1,20.1,"AS_1_1_16_9","Live",17.5,2013,"AS_1_1_16",10.0937194346679,8.7917982708069,30.005128205,8.43763578456808,70.1719959051952
"310","AS",2013,1,1,17,10,"PIPO",1,19.9,"AS_1_1_17_10","Live",17.2,2002,"AS_1_1_17",18.3363590800784,23.1022615854873,43.6549165118182,9.18597603696401,16.7365379418101
"311","AS",2019,1,1,17,10,"PIPO",1,20.8,"AS_1_1_17_10","Live",19.9,2013,"AS_1_1_17",16.795752963959,18.3363590800784,46.142857145,8.43763578456808,61.976137056946
"312","AS",2013,1,1,17,11,"PIPO",1,14.1,"AS_1_1_17_11","Live",11.3,2002,"AS_1_1_17",18.3363590800784,23.1022615854873,43.6549165118182,9.18597603696401,16.7365379418101
"313","AS",2019,1,1,17,11,"PIPO",3,NA,"AS_1_1_17_11","Dead",14.1,2013,"AS_1_1_17",16.795752963959,18.3363590800784,46.142857145,8.43763578456808,61.976137056946
"314","AS",2013,1,1,17,12,"PIPO",6,NA,"AS_1_1_17_12","Dead",58.4,2002,"AS_1_1_17",18.3363590800784,23.1022615854873,43.6549165118182,9.18597603696401,16.7365379418101
"315","AS",2013,1,1,17,13,"PIPO",1,26.3,"AS_1_1_17_13","Live",24,2002,"AS_1_1_17",18.3363590800784,23.1022615854873,43.6549165118182,9.18597603696401,16.7365379418101
"316","AS",2019,1,1,17,13,"PIPO",1,26.7,"AS_1_1_17_13","Live",26.3,2013,"AS_1_1_17",16.795752963959,18.3363590800784,46.142857145,8.43763578456808,61.976137056946
"317","AS",2013,1,1,17,14,"PIPO",1,32.5,"AS_1_1_17_14","Live",28.2,2002,"AS_1_1_17",18.3363590800784,23.1022615854873,43.6549165118182,9.18597603696401,16.7365379418101
"318","AS",2019,1,1,17,14,"PIPO",1,33.7,"AS_1_1_17_14","Live",32.5,2013,"AS_1_1_17",16.795752963959,18.3363590800784,46.142857145,8.43763578456808,61.976137056946
"319","AS",2013,1,1,17,17,"PIPO",1,34,"AS_1_1_17_17","Live",30.3,2002,"AS_1_1_17",18.3363590800784,23.1022615854873,43.6549165118182,9.18597603696401,16.7365379418101
"320","AS",2019,1,1,17,17,"PIPO",1,35.5,"AS_1_1_17_17","Live",34,2013,"AS_1_1_17",16.795752963959,18.3363590800784,46.142857145,8.43763578456808,61.976137056946
"321","AS",2013,1,1,17,24,"PIPO",3,NA,"AS_1_1_17_24","Dead",24.2,2002,"AS_1_1_17",18.3363590800784,23.1022615854873,43.6549165118182,9.18597603696401,16.7365379418101
"322","AS",2013,1,1,17,25,"PIPO",1,14,"AS_1_1_17_25","Live",12.8,2002,"AS_1_1_17",18.3363590800784,23.1022615854873,43.6549165118182,9.18597603696401,16.7365379418101
"323","AS",2019,1,1,17,25,"PIPO",1,14.3,"AS_1_1_17_25","Live",14,2013,"AS_1_1_17",16.795752963959,18.3363590800784,46.142857145,8.43763578456808,61.976137056946
"324","AS",2013,1,1,17,26,"PIPO",1,31.9,"AS_1_1_17_26","Live",28.2,2002,"AS_1_1_17",18.3363590800784,23.1022615854873,43.6549165118182,9.18597603696401,16.7365379418101
"325","AS",2019,1,1,17,26,"PIPO",1,33.1,"AS_1_1_17_26","Live",31.9,2013,"AS_1_1_17",16.795752963959,18.3363590800784,46.142857145,8.43763578456808,61.976137056946
"326","AS",2013,1,1,17,3,"PIPO",1,30.7,"AS_1_1_17_3","Live",27,2002,"AS_1_1_17",18.3363590800784,23.1022615854873,43.6549165118182,9.18597603696401,16.7365379418101
"327","AS",2019,1,1,17,3,"PIPO",1,30.8,"AS_1_1_17_3","Live",30.7,2013,"AS_1_1_17",16.795752963959,18.3363590800784,46.142857145,8.43763578456808,61.976137056946
"328","AS",2013,1,1,17,4,"PIPO",1,21.4,"AS_1_1_17_4","Live",16.8,2002,"AS_1_1_17",18.3363590800784,23.1022615854873,43.6549165118182,9.18597603696401,16.7365379418101
"329","AS",2019,1,1,17,4,"PIPO",1,21.4,"AS_1_1_17_4","Live",21.4,2013,"AS_1_1_17",16.795752963959,18.3363590800784,46.142857145,8.43763578456808,61.976137056946
"330","AS",2013,1,1,17,5,"PIPO",1,18.1,"AS_1_1_17_5","Live",13.9,2002,"AS_1_1_17",18.3363590800784,23.1022615854873,43.6549165118182,9.18597603696401,16.7365379418101
"331","AS",2019,1,1,17,5,"PIPO",3,NA,"AS_1_1_17_5","Dead",18.1,2013,"AS_1_1_17",16.795752963959,18.3363590800784,46.142857145,8.43763578456808,61.976137056946
"332","AS",2013,1,1,17,7,"PIPO",1,23.3,"AS_1_1_17_7","Live",19.1,2002,"AS_1_1_17",18.3363590800784,23.1022615854873,43.6549165118182,9.18597603696401,16.7365379418101
"333","AS",2019,1,1,17,7,"PIPO",3,NA,"AS_1_1_17_7","Dead",23.3,2013,"AS_1_1_17",16.795752963959,18.3363590800784,46.142857145,8.43763578456808,61.976137056946
"334","AS",2013,1,1,17,8,"PIPO",1,22.3,"AS_1_1_17_8","Live",17.8,2002,"AS_1_1_17",18.3363590800784,23.1022615854873,43.6549165118182,9.18597603696401,16.7365379418101
"335","AS",2019,1,1,17,8,"PIPO",1,23.5,"AS_1_1_17_8","Live",22.3,2013,"AS_1_1_17",16.795752963959,18.3363590800784,46.142857145,8.43763578456808,61.976137056946
"336","AS",2013,1,1,17,9,"PIPO",1,12.7,"AS_1_1_17_9","Live",10.1,2002,"AS_1_1_17",18.3363590800784,23.1022615854873,43.6549165118182,9.18597603696401,16.7365379418101
"337","AS",2019,1,1,17,9,"PIPO",1,12.2,"AS_1_1_17_9","Live",12.7,2013,"AS_1_1_17",16.795752963959,18.3363590800784,46.142857145,8.43763578456808,61.976137056946
"338","AS",2013,1,1,18,1,"PIPO",1,44.2,"AS_1_1_18_1","Live",40.9,2002,"AS_1_1_18",26.648366326627,25.5638122837309,43.96335807,9.18597603696401,18.1684594325204
"339","AS",2019,1,1,18,1,"PIPO",1,45.7,"AS_1_1_18_1","Live",44.2,2013,"AS_1_1_18",27.5632005408448,26.648366326627,41.9022108833333,8.43763578456808,60.7716868168314
"340","AS",2013,1,1,18,11,"PIPO",1,29.3,"AS_1_1_18_11","Live",27.4,2002,"AS_1_1_18",26.648366326627,25.5638122837309,43.96335807,9.18597603696401,18.1684594325204
"341","AS",2019,1,1,18,11,"PIPO",1,29.6,"AS_1_1_18_11","Live",29.3,2013,"AS_1_1_18",27.5632005408448,26.648366326627,41.9022108833333,8.43763578456808,60.7716868168314
"342","AS",2013,1,1,18,13,"PIPO",1,25.6,"AS_1_1_18_13","Live",22.5,2002,"AS_1_1_18",26.648366326627,25.5638122837309,43.96335807,9.18597603696401,18.1684594325204
"343","AS",2019,1,1,18,13,"PIPO",1,26.6,"AS_1_1_18_13","Live",25.6,2013,"AS_1_1_18",27.5632005408448,26.648366326627,41.9022108833333,8.43763578456808,60.7716868168314
"344","AS",2013,1,1,18,14,"PIPO",1,42.1,"AS_1_1_18_14","Live",39.5,2002,"AS_1_1_18",26.648366326627,25.5638122837309,43.96335807,9.18597603696401,18.1684594325204
"345","AS",2019,1,1,18,14,"PIPO",1,42.7,"AS_1_1_18_14","Live",42.1,2013,"AS_1_1_18",27.5632005408448,26.648366326627,41.9022108833333,8.43763578456808,60.7716868168314
"346","AS",2013,1,1,18,16,"PIPO",1,37.7,"AS_1_1_18_16","Live",34.5,2002,"AS_1_1_18",26.648366326627,25.5638122837309,43.96335807,9.18597603696401,18.1684594325204
"347","AS",2019,1,1,18,16,"PIPO",1,38.2,"AS_1_1_18_16","Live",37.7,2013,"AS_1_1_18",27.5632005408448,26.648366326627,41.9022108833333,8.43763578456808,60.7716868168314
"348","AS",2013,1,1,18,17,"PIPO",1,31.5,"AS_1_1_18_17","Live",29,2002,"AS_1_1_18",26.648366326627,25.5638122837309,43.96335807,9.18597603696401,18.1684594325204
"349","AS",2019,1,1,18,17,"PIPO",1,31.7,"AS_1_1_18_17","Live",31.5,2013,"AS_1_1_18",27.5632005408448,26.648366326627,41.9022108833333,8.43763578456808,60.7716868168314
"350","AS",2013,1,1,18,18,"PIPO",1,3.6,"AS_1_1_18_18","Live",2.5,2002,"AS_1_1_18",26.648366326627,25.5638122837309,43.96335807,9.18597603696401,18.1684594325204
"351","AS",2019,1,1,18,18,"PIPO",3,NA,"AS_1_1_18_18","Dead",3.6,2013,"AS_1_1_18",27.5632005408448,26.648366326627,41.9022108833333,8.43763578456808,60.7716868168314
"352","AS",2013,1,1,18,2,"PIPO",1,36.9,"AS_1_1_18_2","Live",35.3,2002,"AS_1_1_18",26.648366326627,25.5638122837309,43.96335807,9.18597603696401,18.1684594325204
"353","AS",2019,1,1,18,2,"PIPO",1,37.6,"AS_1_1_18_2","Live",36.9,2013,"AS_1_1_18",27.5632005408448,26.648366326627,41.9022108833333,8.43763578456808,60.7716868168314
"354","AS",2013,1,1,18,3,"PIPO",1,30.6,"AS_1_1_18_3","Live",29.7,2002,"AS_1_1_18",26.648366326627,25.5638122837309,43.96335807,9.18597603696401,18.1684594325204
"355","AS",2019,1,1,18,3,"PIPO",1,31.9,"AS_1_1_18_3","Live",30.6,2013,"AS_1_1_18",27.5632005408448,26.648366326627,41.9022108833333,8.43763578456808,60.7716868168314
"356","AS",2013,1,1,18,4,"PIPO",1,12.5,"AS_1_1_18_4","Live",12.5,2002,"AS_1_1_18",26.648366326627,25.5638122837309,43.96335807,9.18597603696401,18.1684594325204
"357","AS",2019,1,1,18,4,"PIPO",1,13.3,"AS_1_1_18_4","Live",12.5,2013,"AS_1_1_18",27.5632005408448,26.648366326627,41.9022108833333,8.43763578456808,60.7716868168314
"358","AS",2013,1,1,18,5,"PIPO",1,21.4,"AS_1_1_18_5","Live",19.2,2002,"AS_1_1_18",26.648366326627,25.5638122837309,43.96335807,9.18597603696401,18.1684594325204
"359","AS",2019,1,1,18,5,"PIPO",1,21.4,"AS_1_1_18_5","Live",21.4,2013,"AS_1_1_18",27.5632005408448,26.648366326627,41.9022108833333,8.43763578456808,60.7716868168314
"360","AS",2013,1,1,18,6,"PIPO",1,12.8,"AS_1_1_18_6","Live",12.1,2002,"AS_1_1_18",26.648366326627,25.5638122837309,43.96335807,9.18597603696401,18.1684594325204
"361","AS",2019,1,1,18,6,"PIPO",1,12.8,"AS_1_1_18_6","Live",12.8,2013,"AS_1_1_18",27.5632005408448,26.648366326627,41.9022108833333,8.43763578456808,60.7716868168314
"362","AS",2013,1,1,18,8,"PIPO",1,33.8,"AS_1_1_18_8","Live",30.7,2002,"AS_1_1_18",26.648366326627,25.5638122837309,43.96335807,9.18597603696401,18.1684594325204
"363","AS",2019,1,1,18,8,"PIPO",1,34.7,"AS_1_1_18_8","Live",33.8,2013,"AS_1_1_18",27.5632005408448,26.648366326627,41.9022108833333,8.43763578456808,60.7716868168314
"364","AS",2013,1,1,18,9,"PIPO",1,38.5,"AS_1_1_18_9","Live",36.8,2002,"AS_1_1_18",26.648366326627,25.5638122837309,43.96335807,9.18597603696401,18.1684594325204
"365","AS",2019,1,1,18,9,"PIPO",1,38.9,"AS_1_1_18_9","Live",38.5,2013,"AS_1_1_18",27.5632005408448,26.648366326627,41.9022108833333,8.43763578456808,60.7716868168314
"366","AS",2013,1,1,19,1,"PIPO",1,25.3,"AS_1_1_19_1","Live",21.6,2002,"AS_1_1_19",22.984554285,22.210581855,37.3412587418182,9.18597603696401,16.0772308993911
"367","AS",2019,1,1,19,1,"PIPO",1,25.9,"AS_1_1_19_1","Live",25.3,2013,"AS_1_1_19",25.255499115,22.984554285,40.9324786333333,8.43763578456808,59.1782154448309
"368","AS",2013,1,1,19,11,"PIPO",6,NA,"AS_1_1_19_11","Dead",36.1,2002,"AS_1_1_19",22.984554285,22.210581855,37.3412587418182,9.18597603696401,16.0772308993911
"369","AS",2013,1,1,19,12,"PIPO",1,49.3,"AS_1_1_19_12","Live",45.3,2002,"AS_1_1_19",22.984554285,22.210581855,37.3412587418182,9.18597603696401,16.0772308993911
"370","AS",2019,1,1,19,12,"PIPO",1,52,"AS_1_1_19_12","Live",49.3,2013,"AS_1_1_19",25.255499115,22.984554285,40.9324786333333,8.43763578456808,59.1782154448309
"371","AS",2013,1,1,19,2,"PIPO",1,28.3,"AS_1_1_19_2","Live",25.4,2002,"AS_1_1_19",22.984554285,22.210581855,37.3412587418182,9.18597603696401,16.0772308993911
"372","AS",2019,1,1,19,2,"PIPO",1,29.1,"AS_1_1_19_2","Live",28.3,2013,"AS_1_1_19",25.255499115,22.984554285,40.9324786333333,8.43763578456808,59.1782154448309
"373","AS",2013,1,1,19,3,"PIPO",1,64,"AS_1_1_19_3","Live",61.1,2002,"AS_1_1_19",22.984554285,22.210581855,37.3412587418182,9.18597603696401,16.0772308993911
"374","AS",2019,1,1,19,3,"PIPO",1,68.3,"AS_1_1_19_3","Live",64,2013,"AS_1_1_19",25.255499115,22.984554285,40.9324786333333,8.43763578456808,59.1782154448309
"375","AS",2013,1,1,19,5,"PIPO",1,23.8,"AS_1_1_19_5","Live",20.5,2002,"AS_1_1_19",22.984554285,22.210581855,37.3412587418182,9.18597603696401,16.0772308993911
"376","AS",2019,1,1,19,5,"PIPO",1,24.6,"AS_1_1_19_5","Live",23.8,2013,"AS_1_1_19",25.255499115,22.984554285,40.9324786333333,8.43763578456808,59.1782154448309
"377","AS",2013,1,1,19,6,"PIPO",1,41.2,"AS_1_1_19_6","Live",38.2,2002,"AS_1_1_19",22.984554285,22.210581855,37.3412587418182,9.18597603696401,16.0772308993911
"378","AS",2019,1,1,19,6,"PIPO",1,43.1,"AS_1_1_19_6","Live",41.2,2013,"AS_1_1_19",25.255499115,22.984554285,40.9324786333333,8.43763578456808,59.1782154448309
"379","AS",2013,1,1,19,8,"PIPO",1,38.4,"AS_1_1_19_8","Live",35.1,2002,"AS_1_1_19",22.984554285,22.210581855,37.3412587418182,9.18597603696401,16.0772308993911
"380","AS",2019,1,1,19,8,"PIPO",1,38.9,"AS_1_1_19_8","Live",38.4,2013,"AS_1_1_19",25.255499115,22.984554285,40.9324786333333,8.43763578456808,59.1782154448309
"381","AS",2013,1,1,1,1,"PIPO",1,39.4,"AS_1_1_1_1","Live",37.7,2002,"AS_1_1_1",7.59159786,6.637945545,21.8841262363636,9.18597603696401,31.7018882902096
"382","AS",2019,1,1,1,1,"PIPO",1,40.1,"AS_1_1_1_1","Live",39.4,2013,"AS_1_1_1",8.52830517,7.59159786,30.7746114,8.43763578456808,72.6863723560491
"383","AS",2013,1,1,1,2,"PIPO",1,35,"AS_1_1_1_2","Live",31.3,2002,"AS_1_1_1",7.59159786,6.637945545,21.8841262363636,9.18597603696401,31.7018882902096
"384","AS",2019,1,1,1,2,"PIPO",1,35.4,"AS_1_1_1_2","Live",35,2013,"AS_1_1_1",8.52830517,7.59159786,30.7746114,8.43763578456808,72.6863723560491
"385","AS",2013,1,1,20,10,"PIPO",1,21.7,"AS_1_1_20_10","Live",14.5,2002,"AS_1_1_20",12.1840168601501,7.808191545,44.2634508336364,9.18597603696401,30.9629760227449
"386","AS",2019,1,1,20,10,"PIPO",1,23.9,"AS_1_1_20_10","Live",21.7,2013,"AS_1_1_20",14.417158045293,12.1840168601501,44.086734695,8.43763578456808,66.9354537450268
"387","AS",2013,1,1,20,13,"PIPO",1,30.5,"AS_1_1_20_13","Live",25.5,2002,"AS_1_1_20",12.1840168601501,7.808191545,44.2634508336364,9.18597603696401,30.9629760227449
"388","AS",2019,1,1,20,13,"PIPO",1,31.5,"AS_1_1_20_13","Live",30.5,2013,"AS_1_1_20",14.417158045293,12.1840168601501,44.086734695,8.43763578456808,66.9354537450268
"389","AS",2019,1,1,20,17,"PIPO",1,3.1,"AS_1_1_20_17","Live",1.5,2013,"AS_1_1_20",14.417158045293,12.1840168601501,44.086734695,8.43763578456808,66.9354537450268
"390","AS",2013,1,1,20,2,"PIPO",1,28.8,"AS_1_1_20_2","Live",24.6,2002,"AS_1_1_20",12.1840168601501,7.808191545,44.2634508336364,9.18597603696401,30.9629760227449
"391","AS",2019,1,1,20,2,"PIPO",1,29.9,"AS_1_1_20_2","Live",28.8,2013,"AS_1_1_20",14.417158045293,12.1840168601501,44.086734695,8.43763578456808,66.9354537450268
"392","AS",2013,1,1,20,3,"PIPO",1,28.1,"AS_1_1_20_3","Live",22.5,2002,"AS_1_1_20",12.1840168601501,7.808191545,44.2634508336364,9.18597603696401,30.9629760227449
"393","AS",2019,1,1,20,3,"PIPO",1,28.8,"AS_1_1_20_3","Live",28.1,2013,"AS_1_1_20",14.417158045293,12.1840168601501,44.086734695,8.43763578456808,66.9354537450268
"394","AS",2013,1,1,20,4,"PIPO",1,24.2,"AS_1_1_20_4","Live",18.8,2002,"AS_1_1_20",12.1840168601501,7.808191545,44.2634508336364,9.18597603696401,30.9629760227449
"395","AS",2019,1,1,20,4,"PIPO",1,25.9,"AS_1_1_20_4","Live",24.2,2013,"AS_1_1_20",14.417158045293,12.1840168601501,44.086734695,8.43763578456808,66.9354537450268
"396","AS",2013,1,1,20,6,"PIPO",1,22.5,"AS_1_1_20_6","Live",18.4,2002,"AS_1_1_20",12.1840168601501,7.808191545,44.2634508336364,9.18597603696401,30.9629760227449
"397","AS",2019,1,1,20,6,"PIPO",1,24.6,"AS_1_1_20_6","Live",22.5,2013,"AS_1_1_20",14.417158045293,12.1840168601501,44.086734695,8.43763578456808,66.9354537450268
"398","AS",2013,1,1,20,7,"PIPO",1,11.9,"AS_1_1_20_7","Live",10.1,2002,"AS_1_1_20",12.1840168601501,7.808191545,44.2634508336364,9.18597603696401,30.9629760227449
"399","AS",2019,1,1,20,7,"PIPO",1,13.5,"AS_1_1_20_7","Live",11.9,2013,"AS_1_1_20",14.417158045293,12.1840168601501,44.086734695,8.43763578456808,66.9354537450268
"400","AS",2013,1,1,20,8,"PIPO",1,20.8,"AS_1_1_20_8","Live",15.9,2002,"AS_1_1_20",12.1840168601501,7.808191545,44.2634508336364,9.18597603696401,30.9629760227449
"401","AS",2019,1,1,20,8,"PIPO",1,23,"AS_1_1_20_8","Live",20.8,2013,"AS_1_1_20",14.417158045293,12.1840168601501,44.086734695,8.43763578456808,66.9354537450268
"402","AS",2013,1,1,20,9,"PIPO",1,17.2,"AS_1_1_20_9","Live",12.5,2002,"AS_1_1_20",12.1840168601501,7.808191545,44.2634508336364,9.18597603696401,30.9629760227449
"403","AS",2019,1,1,20,9,"PIPO",1,19,"AS_1_1_20_9","Live",17.2,2013,"AS_1_1_20",14.417158045293,12.1840168601501,44.086734695,8.43763578456808,66.9354537450268
"404","AS",2013,1,1,2,1,"PIPO",1,34.7,"AS_1_1_2_1","Live",31.4,2002,"AS_1_1_2",18.8407141307516,25.409636450335,29.1104895118182,9.18597603696401,17.2003043565947
"405","AS",2019,1,1,2,1,"PIPO",2,35.1,"AS_1_1_2_1","Live",34.7,2013,"AS_1_1_2",19.0606704606858,18.8407141307516,36.01965812,8.43763578456808,54.4418807939524
"406","AS",2013,1,1,2,14,"PIPO",1,13.2,"AS_1_1_2_14","Live",9.5,2002,"AS_1_1_2",18.8407141307516,25.409636450335,29.1104895118182,9.18597603696401,17.2003043565947
"407","AS",2019,1,1,2,14,"PIPO",1,14.2,"AS_1_1_2_14","Live",13.2,2013,"AS_1_1_2",19.0606704606858,18.8407141307516,36.01965812,8.43763578456808,54.4418807939524
"408","AS",2013,1,1,2,17,"PIPO",1,34.2,"AS_1_1_2_17","Live",30.1,2002,"AS_1_1_2",18.8407141307516,25.409636450335,29.1104895118182,9.18597603696401,17.2003043565947
"409","AS",2019,1,1,2,17,"PIPO",1,35.5,"AS_1_1_2_17","Live",34.2,2013,"AS_1_1_2",19.0606704606858,18.8407141307516,36.01965812,8.43763578456808,54.4418807939524
"410","AS",2013,1,1,2,2,"PIPO",1,39.4,"AS_1_1_2_2","Live",33.4,2002,"AS_1_1_2",18.8407141307516,25.409636450335,29.1104895118182,9.18597603696401,17.2003043565947
"411","AS",2019,1,1,2,2,"PIPO",1,41.3,"AS_1_1_2_2","Live",39.4,2013,"AS_1_1_2",19.0606704606858,18.8407141307516,36.01965812,8.43763578456808,54.4418807939524
"412","AS",2013,1,1,2,3,"PIPO",1,31.3,"AS_1_1_2_3","Live",29.1,2002,"AS_1_1_2",18.8407141307516,25.409636450335,29.1104895118182,9.18597603696401,17.2003043565947
"413","AS",2019,1,1,2,3,"PIPO",1,32,"AS_1_1_2_3","Live",31.3,2013,"AS_1_1_2",19.0606704606858,18.8407141307516,36.01965812,8.43763578456808,54.4418807939524
"414","AS",2013,1,1,2,7,"PIPO",1,24.3,"AS_1_1_2_7","Live",24,2002,"AS_1_1_2",18.8407141307516,25.409636450335,29.1104895118182,9.18597603696401,17.2003043565947
"415","AS",2019,1,1,2,7,"PIPO",1,25.5,"AS_1_1_2_7","Live",24.3,2013,"AS_1_1_2",19.0606704606858,18.8407141307516,36.01965812,8.43763578456808,54.4418807939524
"416","AS",2013,1,1,3,1,"PIPO",1,11.7,"AS_1_1_3_1","Live",6.7,2002,"AS_1_1_3",13.9660704486225,11.0774358324615,29.7032764181818,9.18597603696401,26.3869103168621
"417","AS",2019,1,1,3,1,"PIPO",1,13.2,"AS_1_1_3_1","Live",11.7,2013,"AS_1_1_3",14.6446842319784,13.9660704486225,32.8527918766667,8.43763578456808,68.4174477408679
"418","AS",2013,1,1,3,2,"PIPO",1,14.9,"AS_1_1_3_2","Live",13.3,2002,"AS_1_1_3",13.9660704486225,11.0774358324615,29.7032764181818,9.18597603696401,26.3869103168621
"419","AS",2019,1,1,3,2,"PIPO",1,15.1,"AS_1_1_3_2","Live",14.9,2013,"AS_1_1_3",14.6446842319784,13.9660704486225,32.8527918766667,8.43763578456808,68.4174477408679
"420","AS",2013,1,1,3,3,"PIPO",1,18.8,"AS_1_1_3_3","Live",16,2002,"AS_1_1_3",13.9660704486225,11.0774358324615,29.7032764181818,9.18597603696401,26.3869103168621
"421","AS",2019,1,1,3,3,"PIPO",1,21.4,"AS_1_1_3_3","Live",18.8,2013,"AS_1_1_3",14.6446842319784,13.9660704486225,32.8527918766667,8.43763578456808,68.4174477408679
"422","AS",2013,1,1,3,4,"PIPO",1,60.1,"AS_1_1_3_4","Live",54.7,2002,"AS_1_1_3",13.9660704486225,11.0774358324615,29.7032764181818,9.18597603696401,26.3869103168621
"423","AS",2019,1,1,3,4,"PIPO",1,61.4,"AS_1_1_3_4","Live",60.1,2013,"AS_1_1_3",14.6446842319784,13.9660704486225,32.8527918766667,8.43763578456808,68.4174477408679
"424","AS",2013,1,1,3,7,"PIPO",1,51.5,"AS_1_1_3_7","Live",46.3,2002,"AS_1_1_3",13.9660704486225,11.0774358324615,29.7032764181818,9.18597603696401,26.3869103168621
"425","AS",2019,1,1,3,7,"PIPO",1,52.9,"AS_1_1_3_7","Live",51.5,2013,"AS_1_1_3",14.6446842319784,13.9660704486225,32.8527918766667,8.43763578456808,68.4174477408679
"426","AS",2013,1,1,4,1,"PIPO",1,10.7,"AS_1_1_4_1","Live",8.9,2002,"AS_1_1_4",31.4203270736593,31.20482183628,42.20825603,9.18597603696401,16.8511934442395
"427","AS",2019,1,1,4,1,"PIPO",1,11.8,"AS_1_1_4_1","Live",10.7,2013,"AS_1_1_4",32.6538539241329,31.4203270736593,42.537414965,8.43763578456808,58.7381314396499
"428","AS",2013,1,1,4,10,"PIPO",1,8.2,"AS_1_1_4_10","Live",7,2002,"AS_1_1_4",31.4203270736593,31.20482183628,42.20825603,9.18597603696401,16.8511934442395
"429","AS",2019,1,1,4,10,"PIPO",1,8.4,"AS_1_1_4_10","Live",8.2,2013,"AS_1_1_4",32.6538539241329,31.4203270736593,42.537414965,8.43763578456808,58.7381314396499
"430","AS",2013,1,1,4,11,"PIPO",1,11.1,"AS_1_1_4_11","Live",9.1,2002,"AS_1_1_4",31.4203270736593,31.20482183628,42.20825603,9.18597603696401,16.8511934442395
"431","AS",2019,1,1,4,11,"PIPO",1,12.9,"AS_1_1_4_11","Live",11.1,2013,"AS_1_1_4",32.6538539241329,31.4203270736593,42.537414965,8.43763578456808,58.7381314396499
"432","AS",2013,1,1,4,12,"PIPO",4,NA,"AS_1_1_4_12","Dead",1.8,2002,"AS_1_1_4",31.4203270736593,31.20482183628,42.20825603,9.18597603696401,16.8511934442395
"433","AS",2013,1,1,4,13,"PIPO",1,41.8,"AS_1_1_4_13","Live",39.8,2002,"AS_1_1_4",31.4203270736593,31.20482183628,42.20825603,9.18597603696401,16.8511934442395
"434","AS",2019,1,1,4,13,"PIPO",1,42.3,"AS_1_1_4_13","Live",41.8,2013,"AS_1_1_4",32.6538539241329,31.4203270736593,42.537414965,8.43763578456808,58.7381314396499
"435","AS",2013,1,1,4,14,"PIPO",1,29.4,"AS_1_1_4_14","Live",28.2,2002,"AS_1_1_4",31.4203270736593,31.20482183628,42.20825603,9.18597603696401,16.8511934442395
"436","AS",2019,1,1,4,14,"PIPO",1,29.7,"AS_1_1_4_14","Live",29.4,2013,"AS_1_1_4",32.6538539241329,31.4203270736593,42.537414965,8.43763578456808,58.7381314396499
"437","AS",2013,1,1,4,15,"PIPO",3,NA,"AS_1_1_4_15","Dead",1.7,2002,"AS_1_1_4",31.4203270736593,31.20482183628,42.20825603,9.18597603696401,16.8511934442395
"438","AS",2013,1,1,4,16,"PIPO",1,23.6,"AS_1_1_4_16","Live",23,2002,"AS_1_1_4",31.4203270736593,31.20482183628,42.20825603,9.18597603696401,16.8511934442395
"439","AS",2019,1,1,4,16,"PIPO",1,23.7,"AS_1_1_4_16","Live",23.6,2013,"AS_1_1_4",32.6538539241329,31.4203270736593,42.537414965,8.43763578456808,58.7381314396499
"440","AS",2013,1,1,4,18,"PIPO",1,18.4,"AS_1_1_4_18","Live",16.4,2002,"AS_1_1_4",31.4203270736593,31.20482183628,42.20825603,9.18597603696401,16.8511934442395
"441","AS",2019,1,1,4,18,"PIPO",1,19.3,"AS_1_1_4_18","Live",18.4,2013,"AS_1_1_4",32.6538539241329,31.4203270736593,42.537414965,8.43763578456808,58.7381314396499
"442","AS",2013,1,1,4,19,"PIPO",1,6.1,"AS_1_1_4_19","Live",4.1,2002,"AS_1_1_4",31.4203270736593,31.20482183628,42.20825603,9.18597603696401,16.8511934442395
"443","AS",2019,1,1,4,19,"PIPO",1,6.9,"AS_1_1_4_19","Live",6.1,2013,"AS_1_1_4",32.6538539241329,31.4203270736593,42.537414965,8.43763578456808,58.7381314396499
"444","AS",2013,1,1,4,2,"PIPO",1,8.9,"AS_1_1_4_2","Live",6.9,2002,"AS_1_1_4",31.4203270736593,31.20482183628,42.20825603,9.18597603696401,16.8511934442395
"445","AS",2019,1,1,4,2,"PIPO",1,9.2,"AS_1_1_4_2","Live",8.9,2013,"AS_1_1_4",32.6538539241329,31.4203270736593,42.537414965,8.43763578456808,58.7381314396499
"446","AS",2013,1,1,4,21,"PIPO",3,NA,"AS_1_1_4_21","Dead",22.1,2002,"AS_1_1_4",31.4203270736593,31.20482183628,42.20825603,9.18597603696401,16.8511934442395
"447","AS",2013,1,1,4,22,"PIPO",1,14.2,"AS_1_1_4_22","Live",12.3,2002,"AS_1_1_4",31.4203270736593,31.20482183628,42.20825603,9.18597603696401,16.8511934442395
"448","AS",2019,1,1,4,22,"PIPO",1,15.5,"AS_1_1_4_22","Live",14.2,2013,"AS_1_1_4",32.6538539241329,31.4203270736593,42.537414965,8.43763578456808,58.7381314396499
"449","AS",2013,1,1,4,23,"PIPO",3,NA,"AS_1_1_4_23","Dead",34.7,2002,"AS_1_1_4",31.4203270736593,31.20482183628,42.20825603,9.18597603696401,16.8511934442395
"450","AS",2013,1,1,4,24,"PIPO",1,34.3,"AS_1_1_4_24","Live",34.2,2002,"AS_1_1_4",31.4203270736593,31.20482183628,42.20825603,9.18597603696401,16.8511934442395
"451","AS",2019,1,1,4,24,"PIPO",1,34.6,"AS_1_1_4_24","Live",34.3,2013,"AS_1_1_4",32.6538539241329,31.4203270736593,42.537414965,8.43763578456808,58.7381314396499
"452","AS",2013,1,1,4,25,"PIPO",1,27.9,"AS_1_1_4_25","Live",25.3,2002,"AS_1_1_4",31.4203270736593,31.20482183628,42.20825603,9.18597603696401,16.8511934442395
"453","AS",2019,1,1,4,25,"PIPO",1,28.5,"AS_1_1_4_25","Live",27.9,2013,"AS_1_1_4",32.6538539241329,31.4203270736593,42.537414965,8.43763578456808,58.7381314396499
"454","AS",2013,1,1,4,26,"PIPO",1,7.4,"AS_1_1_4_26","Live",7.2,2002,"AS_1_1_4",31.4203270736593,31.20482183628,42.20825603,9.18597603696401,16.8511934442395
"455","AS",2019,1,1,4,26,"PIPO",1,7.7,"AS_1_1_4_26","Live",7.4,2013,"AS_1_1_4",32.6538539241329,31.4203270736593,42.537414965,8.43763578456808,58.7381314396499
"456","AS",2013,1,1,4,27,"PIPO",1,13.2,"AS_1_1_4_27","Live",12.2,2002,"AS_1_1_4",31.4203270736593,31.20482183628,42.20825603,9.18597603696401,16.8511934442395
"457","AS",2019,1,1,4,27,"PIPO",1,14,"AS_1_1_4_27","Live",13.2,2013,"AS_1_1_4",32.6538539241329,31.4203270736593,42.537414965,8.43763578456808,58.7381314396499
"458","AS",2013,1,1,4,28,"PIPO",1,17.3,"AS_1_1_4_28","Live",15.5,2002,"AS_1_1_4",31.4203270736593,31.20482183628,42.20825603,9.18597603696401,16.8511934442395
"459","AS",2019,1,1,4,28,"PIPO",1,18.1,"AS_1_1_4_28","Live",17.3,2013,"AS_1_1_4",32.6538539241329,31.4203270736593,42.537414965,8.43763578456808,58.7381314396499
"460","AS",2013,1,1,4,29,"PIPO",1,29.1,"AS_1_1_4_29","Live",27.1,2002,"AS_1_1_4",31.4203270736593,31.20482183628,42.20825603,9.18597603696401,16.8511934442395
"461","AS",2019,1,1,4,29,"PIPO",1,29.1,"AS_1_1_4_29","Live",29.1,2013,"AS_1_1_4",32.6538539241329,31.4203270736593,42.537414965,8.43763578456808,58.7381314396499
"462","AS",2013,1,1,4,30,"PIPO",1,38.9,"AS_1_1_4_30","Live",37.4,2002,"AS_1_1_4",31.4203270736593,31.20482183628,42.20825603,9.18597603696401,16.8511934442395
"463","AS",2019,1,1,4,30,"PIPO",1,39.5,"AS_1_1_4_30","Live",38.9,2013,"AS_1_1_4",32.6538539241329,31.4203270736593,42.537414965,8.43763578456808,58.7381314396499
"464","AS",2013,1,1,4,32,"PIPO",1,39,"AS_1_1_4_32","Live",36.4,2002,"AS_1_1_4",31.4203270736593,31.20482183628,42.20825603,9.18597603696401,16.8511934442395
"465","AS",2019,1,1,4,32,"PIPO",1,39.7,"AS_1_1_4_32","Live",39,2013,"AS_1_1_4",32.6538539241329,31.4203270736593,42.537414965,8.43763578456808,58.7381314396499
"466","AS",2013,1,1,4,33,"PIPO",1,41.4,"AS_1_1_4_33","Live",38,2002,"AS_1_1_4",31.4203270736593,31.20482183628,42.20825603,9.18597603696401,16.8511934442395
"467","AS",2019,1,1,4,33,"PIPO",1,41.6,"AS_1_1_4_33","Live",41.4,2013,"AS_1_1_4",32.6538539241329,31.4203270736593,42.537414965,8.43763578456808,58.7381314396499
"468","AS",2013,1,1,4,34,"PIPO",1,41.1,"AS_1_1_4_34","Live",38.6,2002,"AS_1_1_4",31.4203270736593,31.20482183628,42.20825603,9.18597603696401,16.8511934442395
"469","AS",2019,1,1,4,34,"PIPO",1,42,"AS_1_1_4_34","Live",41.1,2013,"AS_1_1_4",32.6538539241329,31.4203270736593,42.537414965,8.43763578456808,58.7381314396499
"470","AS",2013,1,1,4,4,"PIPO",1,39.5,"AS_1_1_4_4","Live",38.5,2002,"AS_1_1_4",31.4203270736593,31.20482183628,42.20825603,9.18597603696401,16.8511934442395
"471","AS",2019,1,1,4,4,"PIPO",1,40.4,"AS_1_1_4_4","Live",39.5,2013,"AS_1_1_4",32.6538539241329,31.4203270736593,42.537414965,8.43763578456808,58.7381314396499
"472","AS",2013,1,1,4,6,"PIPO",4,NA,"AS_1_1_4_6","Dead",1.2,2002,"AS_1_1_4",31.4203270736593,31.20482183628,42.20825603,9.18597603696401,16.8511934442395
"473","AS",2013,1,1,4,8,"PIPO",1,17.6,"AS_1_1_4_8","Live",14.5,2002,"AS_1_1_4",31.4203270736593,31.20482183628,42.20825603,9.18597603696401,16.8511934442395
"474","AS",2019,1,1,4,8,"PIPO",1,18.8,"AS_1_1_4_8","Live",17.6,2013,"AS_1_1_4",32.6538539241329,31.4203270736593,42.537414965,8.43763578456808,58.7381314396499
"475","AS",2013,1,1,4,9,"PIPO",1,11.1,"AS_1_1_4_9","Live",9.3,2002,"AS_1_1_4",31.4203270736593,31.20482183628,42.20825603,9.18597603696401,16.8511934442395
"476","AS",2019,1,1,4,9,"PIPO",1,11.7,"AS_1_1_4_9","Live",11.1,2013,"AS_1_1_4",32.6538539241329,31.4203270736593,42.537414965,8.43763578456808,58.7381314396499
"477","AS",2013,1,1,5,1,"PIPO",1,38,"AS_1_1_5_1","Live",35.9,2002,"AS_1_1_5",21.450988447713,18.9277131986389,42.5876623381818,9.18597603696401,17.159835335916
"478","AS",2019,1,1,5,1,"PIPO",1,39,"AS_1_1_5_1","Live",38,2013,"AS_1_1_5",20.556411645,21.450988447713,43.2440476183333,8.43763578456808,61.750343896714
"479","AS",2013,1,1,5,10,"PIPO",1,32.5,"AS_1_1_5_10","Live",31.6,2002,"AS_1_1_5",21.450988447713,18.9277131986389,42.5876623381818,9.18597603696401,17.159835335916
"480","AS",2019,1,1,5,10,"PIPO",1,32.4,"AS_1_1_5_10","Live",32.5,2013,"AS_1_1_5",20.556411645,21.450988447713,43.2440476183333,8.43763578456808,61.750343896714
"481","AS",2013,1,1,5,11,"PIPO",1,4.9,"AS_1_1_5_11","Live",3.9,2002,"AS_1_1_5",21.450988447713,18.9277131986389,42.5876623381818,9.18597603696401,17.159835335916
"482","AS",2013,1,1,5,12,"PIPO",2,5.4,"AS_1_1_5_12","Live",5.4,2002,"AS_1_1_5",21.450988447713,18.9277131986389,42.5876623381818,9.18597603696401,17.159835335916
"483","AS",2013,1,1,5,13,"PIPO",1,14.7,"AS_1_1_5_13","Live",11.2,2002,"AS_1_1_5",21.450988447713,18.9277131986389,42.5876623381818,9.18597603696401,17.159835335916
"484","AS",2019,1,1,5,13,"PIPO",1,15.1,"AS_1_1_5_13","Live",14.7,2013,"AS_1_1_5",20.556411645,21.450988447713,43.2440476183333,8.43763578456808,61.750343896714
"485","AS",2013,1,1,5,3,"PIPO",1,30.2,"AS_1_1_5_3","Live",29.8,2002,"AS_1_1_5",21.450988447713,18.9277131986389,42.5876623381818,9.18597603696401,17.159835335916
"486","AS",2019,1,1,5,3,"PIPO",1,30.1,"AS_1_1_5_3","Live",30.2,2013,"AS_1_1_5",20.556411645,21.450988447713,43.2440476183333,8.43763578456808,61.750343896714
"487","AS",2013,1,1,5,4,"PIPO",1,30,"AS_1_1_5_4","Live",27.9,2002,"AS_1_1_5",21.450988447713,18.9277131986389,42.5876623381818,9.18597603696401,17.159835335916
"488","AS",2019,1,1,5,4,"PIPO",1,30.2,"AS_1_1_5_4","Live",30,2013,"AS_1_1_5",20.556411645,21.450988447713,43.2440476183333,8.43763578456808,61.750343896714
"489","AS",2013,1,1,5,7,"PIPO",1,30.5,"AS_1_1_5_7","Live",27.7,2002,"AS_1_1_5",21.450988447713,18.9277131986389,42.5876623381818,9.18597603696401,17.159835335916
"490","AS",2019,1,1,5,7,"PIPO",1,30.6,"AS_1_1_5_7","Live",30.5,2013,"AS_1_1_5",20.556411645,21.450988447713,43.2440476183333,8.43763578456808,61.750343896714
"491","AS",2013,1,1,5,8,"PIPO",1,39.3,"AS_1_1_5_8","Live",35.1,2002,"AS_1_1_5",21.450988447713,18.9277131986389,42.5876623381818,9.18597603696401,17.159835335916
"492","AS",2019,1,1,5,8,"PIPO",1,40.5,"AS_1_1_5_8","Live",39.3,2013,"AS_1_1_5",20.556411645,21.450988447713,43.2440476183333,8.43763578456808,61.750343896714
"493","AS",2013,1,1,5,9,"PIPO",1,41.7,"AS_1_1_5_9","Live",38.5,2002,"AS_1_1_5",21.450988447713,18.9277131986389,42.5876623381818,9.18597603696401,17.159835335916
"494","AS",2019,1,1,5,9,"PIPO",1,42.8,"AS_1_1_5_9","Live",41.7,2013,"AS_1_1_5",20.556411645,21.450988447713,43.2440476183333,8.43763578456808,61.750343896714
"495","AS",2013,1,1,6,11,"PIPO",1,42.6,"AS_1_1_6_11","Live",42.1,2002,"AS_1_1_6",25.4280039245569,23.012475255,48.1912388127273,9.18597603696401,17.0062331036706
"496","AS",2019,1,1,6,11,"PIPO",1,43.3,"AS_1_1_6_11","Live",42.6,2013,"AS_1_1_6",26.5278383409591,25.4280039245569,44.5,8.43763578456808,52.791926194556
"497","AS",2013,1,1,6,15,"PIPO",1,2.2,"AS_1_1_6_15","Live",1.6,2002,"AS_1_1_6",25.4280039245569,23.012475255,48.1912388127273,9.18597603696401,17.0062331036706
"498","AS",2019,1,1,6,15,"PIPO",3,NA,"AS_1_1_6_15","Dead",2.2,2013,"AS_1_1_6",26.5278383409591,25.4280039245569,44.5,8.43763578456808,52.791926194556
"499","AS",2013,1,1,6,16,"PIPO",1,1.5,"AS_1_1_6_16","Live",0.9,2002,"AS_1_1_6",25.4280039245569,23.012475255,48.1912388127273,9.18597603696401,17.0062331036706
"500","AS",2019,1,1,6,16,"PIPO",1,3.5,"AS_1_1_6_16","Live",1.5,2013,"AS_1_1_6",26.5278383409591,25.4280039245569,44.5,8.43763578456808,52.791926194556
"501","AS",2013,1,1,6,19,"PIPO",1,2.1,"AS_1_1_6_19","Live",1.9,2002,"AS_1_1_6",25.4280039245569,23.012475255,48.1912388127273,9.18597603696401,17.0062331036706
"502","AS",2019,1,1,6,19,"PIPO",3,NA,"AS_1_1_6_19","Dead",2.1,2013,"AS_1_1_6",26.5278383409591,25.4280039245569,44.5,8.43763578456808,52.791926194556
"503","AS",2013,1,1,6,2,"PIPO",1,16.2,"AS_1_1_6_2","Live",15.3,2002,"AS_1_1_6",25.4280039245569,23.012475255,48.1912388127273,9.18597603696401,17.0062331036706
"504","AS",2019,1,1,6,2,"PIPO",1,17,"AS_1_1_6_2","Live",16.2,2013,"AS_1_1_6",26.5278383409591,25.4280039245569,44.5,8.43763578456808,52.791926194556
"505","AS",2013,1,1,6,20,"PIPO",1,13.5,"AS_1_1_6_20","Live",12,2002,"AS_1_1_6",25.4280039245569,23.012475255,48.1912388127273,9.18597603696401,17.0062331036706
"506","AS",2019,1,1,6,20,"PIPO",3,NA,"AS_1_1_6_20","Dead",13.5,2013,"AS_1_1_6",26.5278383409591,25.4280039245569,44.5,8.43763578456808,52.791926194556
"507","AS",2013,1,1,6,21,"PIPO",1,28,"AS_1_1_6_21","Live",26.5,2002,"AS_1_1_6",25.4280039245569,23.012475255,48.1912388127273,9.18597603696401,17.0062331036706
"508","AS",2019,1,1,6,21,"PIPO",1,29.9,"AS_1_1_6_21","Live",28,2013,"AS_1_1_6",26.5278383409591,25.4280039245569,44.5,8.43763578456808,52.791926194556
"509","AS",2013,1,1,6,3,"PIPO",1,38.1,"AS_1_1_6_3","Live",35.6,2002,"AS_1_1_6",25.4280039245569,23.012475255,48.1912388127273,9.18597603696401,17.0062331036706
"510","AS",2019,1,1,6,3,"PIPO",1,39.6,"AS_1_1_6_3","Live",38.1,2013,"AS_1_1_6",26.5278383409591,25.4280039245569,44.5,8.43763578456808,52.791926194556
"511","AS",2013,1,1,6,4,"PIPO",1,29.4,"AS_1_1_6_4","Live",26.6,2002,"AS_1_1_6",25.4280039245569,23.012475255,48.1912388127273,9.18597603696401,17.0062331036706
"512","AS",2019,1,1,6,4,"PIPO",1,30.2,"AS_1_1_6_4","Live",29.4,2013,"AS_1_1_6",26.5278383409591,25.4280039245569,44.5,8.43763578456808,52.791926194556
"513","AS",2013,1,1,6,5,"PIPO",1,30.9,"AS_1_1_6_5","Live",28.6,2002,"AS_1_1_6",25.4280039245569,23.012475255,48.1912388127273,9.18597603696401,17.0062331036706
"514","AS",2019,1,1,6,5,"PIPO",1,33.5,"AS_1_1_6_5","Live",30.9,2013,"AS_1_1_6",26.5278383409591,25.4280039245569,44.5,8.43763578456808,52.791926194556
"515","AS",2013,1,1,6,6,"PIPO",1,13.2,"AS_1_1_6_6","Live",11.7,2002,"AS_1_1_6",25.4280039245569,23.012475255,48.1912388127273,9.18597603696401,17.0062331036706
"516","AS",2019,1,1,6,6,"PIPO",1,13.5,"AS_1_1_6_6","Live",13.2,2013,"AS_1_1_6",26.5278383409591,25.4280039245569,44.5,8.43763578456808,52.791926194556
"517","AS",2013,1,1,6,7,"PIPO",1,29.9,"AS_1_1_6_7","Live",28,2002,"AS_1_1_6",25.4280039245569,23.012475255,48.1912388127273,9.18597603696401,17.0062331036706
"518","AS",2019,1,1,6,7,"PIPO",1,30.4,"AS_1_1_6_7","Live",29.9,2013,"AS_1_1_6",26.5278383409591,25.4280039245569,44.5,8.43763578456808,52.791926194556
"519","AS",2013,1,1,6,8,"PIPO",1,32.3,"AS_1_1_6_8","Live",31.1,2002,"AS_1_1_6",25.4280039245569,23.012475255,48.1912388127273,9.18597603696401,17.0062331036706
"520","AS",2019,1,1,6,8,"PIPO",1,34.2,"AS_1_1_6_8","Live",32.3,2013,"AS_1_1_6",26.5278383409591,25.4280039245569,44.5,8.43763578456808,52.791926194556
"521","AS",2013,1,1,6,9,"PIPO",1,31.6,"AS_1_1_6_9","Live",28.8,2002,"AS_1_1_6",25.4280039245569,23.012475255,48.1912388127273,9.18597603696401,17.0062331036706
"522","AS",2019,1,1,6,9,"PIPO",1,32.5,"AS_1_1_6_9","Live",31.6,2013,"AS_1_1_6",26.5278383409591,25.4280039245569,44.5,8.43763578456808,52.791926194556
"523","AS",2013,1,1,7,1,"PIPO",1,21.4,"AS_1_1_7_1","Live",18,2002,"AS_1_1_7",11.7381196243152,10.2869135180566,49.4657342663636,9.18597603696401,28.0643799621995
"524","AS",2019,1,1,7,1,"PIPO",1,22.8,"AS_1_1_7_1","Live",21.4,2013,"AS_1_1_7",12.09649518,11.7381196243152,50.3820512816667,8.43763578456808,70.1538426903425
"525","AS",2013,1,1,7,2,"PIPO",1,21,"AS_1_1_7_2","Live",16.5,2002,"AS_1_1_7",11.7381196243152,10.2869135180566,49.4657342663636,9.18597603696401,28.0643799621995
"526","AS",2019,1,1,7,2,"PIPO",1,22.8,"AS_1_1_7_2","Live",21,2013,"AS_1_1_7",12.09649518,11.7381196243152,50.3820512816667,8.43763578456808,70.1538426903425
"527","AS",2013,1,1,7,4,"PIPO",1,22.3,"AS_1_1_7_4","Live",17.3,2002,"AS_1_1_7",11.7381196243152,10.2869135180566,49.4657342663636,9.18597603696401,28.0643799621995
"528","AS",2019,1,1,7,4,"PIPO",1,24.6,"AS_1_1_7_4","Live",22.3,2013,"AS_1_1_7",12.09649518,11.7381196243152,50.3820512816667,8.43763578456808,70.1538426903425
"529","AS",2013,1,1,7,5,"PIPO",1,66.9,"AS_1_1_7_5","Live",65.9,2002,"AS_1_1_7",11.7381196243152,10.2869135180566,49.4657342663636,9.18597603696401,28.0643799621995
"530","AS",2019,1,1,7,5,"PIPO",1,67.2,"AS_1_1_7_5","Live",66.9,2013,"AS_1_1_7",12.09649518,11.7381196243152,50.3820512816667,8.43763578456808,70.1538426903425
"531","AS",2013,1,1,8,1,"PIPO",1,27.4,"AS_1_1_8_1","Live",24.9,2002,"AS_1_1_8",46.9670743768495,42.0152080431716,54.2067374245455,9.18597603696401,14.3396393969253
"532","AS",2019,1,1,8,1,"PIPO",1,29,"AS_1_1_8_1","Live",27.4,2013,"AS_1_1_8",41.722647950423,46.9670743768495,54.4348561766667,8.43763578456808,55.4517393815986
"533","AS",2013,1,1,8,10,"PIPO",1,16.2,"AS_1_1_8_10","Live",15.4,2002,"AS_1_1_8",46.9670743768495,42.0152080431716,54.2067374245455,9.18597603696401,14.3396393969253
"534","AS",2019,1,1,8,10,"PIPO",1,16.5,"AS_1_1_8_10","Live",16.2,2013,"AS_1_1_8",41.722647950423,46.9670743768495,54.4348561766667,8.43763578456808,55.4517393815986
"535","AS",2013,1,1,8,11,"PIPO",1,21.9,"AS_1_1_8_11","Live",20.7,2002,"AS_1_1_8",46.9670743768495,42.0152080431716,54.2067374245455,9.18597603696401,14.3396393969253
"536","AS",2019,1,1,8,11,"PIPO",1,23.5,"AS_1_1_8_11","Live",21.9,2013,"AS_1_1_8",41.722647950423,46.9670743768495,54.4348561766667,8.43763578456808,55.4517393815986
"537","AS",2013,1,1,8,12,"PIPO",1,28.1,"AS_1_1_8_12","Live",25.9,2002,"AS_1_1_8",46.9670743768495,42.0152080431716,54.2067374245455,9.18597603696401,14.3396393969253
"538","AS",2019,1,1,8,12,"PIPO",1,27.6,"AS_1_1_8_12","Live",28.1,2013,"AS_1_1_8",41.722647950423,46.9670743768495,54.4348561766667,8.43763578456808,55.4517393815986
"539","AS",2013,1,1,8,13,"PIPO",1,26.4,"AS_1_1_8_13","Live",24.8,2002,"AS_1_1_8",46.9670743768495,42.0152080431716,54.2067374245455,9.18597603696401,14.3396393969253
"540","AS",2019,1,1,8,13,"PIPO",1,27.5,"AS_1_1_8_13","Live",26.4,2013,"AS_1_1_8",41.722647950423,46.9670743768495,54.4348561766667,8.43763578456808,55.4517393815986
"541","AS",2013,1,1,8,14,"PIPO",1,23.9,"AS_1_1_8_14","Live",23,2002,"AS_1_1_8",46.9670743768495,42.0152080431716,54.2067374245455,9.18597603696401,14.3396393969253
"542","AS",2019,1,1,8,14,"PIPO",1,25,"AS_1_1_8_14","Live",23.9,2013,"AS_1_1_8",41.722647950423,46.9670743768495,54.4348561766667,8.43763578456808,55.4517393815986
"543","AS",2013,1,1,8,15,"PIPO",1,16.5,"AS_1_1_8_15","Live",15.8,2002,"AS_1_1_8",46.9670743768495,42.0152080431716,54.2067374245455,9.18597603696401,14.3396393969253
"544","AS",2019,1,1,8,15,"PIPO",1,16.9,"AS_1_1_8_15","Live",16.5,2013,"AS_1_1_8",41.722647950423,46.9670743768495,54.4348561766667,8.43763578456808,55.4517393815986
"545","AS",2013,1,1,8,16,"PIPO",1,41.7,"AS_1_1_8_16","Live",41,2002,"AS_1_1_8",46.9670743768495,42.0152080431716,54.2067374245455,9.18597603696401,14.3396393969253
"546","AS",2019,1,1,8,16,"PIPO",1,43.3,"AS_1_1_8_16","Live",41.7,2013,"AS_1_1_8",41.722647950423,46.9670743768495,54.4348561766667,8.43763578456808,55.4517393815986
"547","AS",2013,1,1,8,18,"PIPO",1,13,"AS_1_1_8_18","Live",9.9,2002,"AS_1_1_8",46.9670743768495,42.0152080431716,54.2067374245455,9.18597603696401,14.3396393969253
"548","AS",2019,1,1,8,18,"PIPO",3,NA,"AS_1_1_8_18","Dead",13,2013,"AS_1_1_8",41.722647950423,46.9670743768495,54.4348561766667,8.43763578456808,55.4517393815986
"549","AS",2013,1,1,8,19,"PIPO",1,16.9,"AS_1_1_8_19","Live",16.5,2002,"AS_1_1_8",46.9670743768495,42.0152080431716,54.2067374245455,9.18597603696401,14.3396393969253
"550","AS",2019,1,1,8,19,"PIPO",3,NA,"AS_1_1_8_19","Dead",16.9,2013,"AS_1_1_8",41.722647950423,46.9670743768495,54.4348561766667,8.43763578456808,55.4517393815986
"551","AS",2013,1,1,8,2,"PIPO",1,28.2,"AS_1_1_8_2","Live",26.5,2002,"AS_1_1_8",46.9670743768495,42.0152080431716,54.2067374245455,9.18597603696401,14.3396393969253
"552","AS",2019,1,1,8,2,"PIPO",1,29.2,"AS_1_1_8_2","Live",28.2,2013,"AS_1_1_8",41.722647950423,46.9670743768495,54.4348561766667,8.43763578456808,55.4517393815986
"553","AS",2013,1,1,8,20,"PIPO",1,20.3,"AS_1_1_8_20","Live",18.7,2002,"AS_1_1_8",46.9670743768495,42.0152080431716,54.2067374245455,9.18597603696401,14.3396393969253
"554","AS",2019,1,1,8,20,"PIPO",1,21.2,"AS_1_1_8_20","Live",20.3,2013,"AS_1_1_8",41.722647950423,46.9670743768495,54.4348561766667,8.43763578456808,55.4517393815986
"555","AS",2013,1,1,8,21,"PIPO",1,17.8,"AS_1_1_8_21","Live",16.7,2002,"AS_1_1_8",46.9670743768495,42.0152080431716,54.2067374245455,9.18597603696401,14.3396393969253
"556","AS",2019,1,1,8,21,"PIPO",1,18.4,"AS_1_1_8_21","Live",17.8,2013,"AS_1_1_8",41.722647950423,46.9670743768495,54.4348561766667,8.43763578456808,55.4517393815986
"557","AS",2013,1,1,8,22,"PIPO",1,31.8,"AS_1_1_8_22","Live",30,2002,"AS_1_1_8",46.9670743768495,42.0152080431716,54.2067374245455,9.18597603696401,14.3396393969253
"558","AS",2019,1,1,8,22,"PIPO",1,33.4,"AS_1_1_8_22","Live",31.8,2013,"AS_1_1_8",41.722647950423,46.9670743768495,54.4348561766667,8.43763578456808,55.4517393815986
"559","AS",2013,1,1,8,23,"PIPO",1,10.4,"AS_1_1_8_23","Live",10.3,2002,"AS_1_1_8",46.9670743768495,42.0152080431716,54.2067374245455,9.18597603696401,14.3396393969253
"560","AS",2019,1,1,8,23,"PIPO",3,NA,"AS_1_1_8_23","Dead",10.4,2013,"AS_1_1_8",41.722647950423,46.9670743768495,54.4348561766667,8.43763578456808,55.4517393815986
"561","AS",2013,1,1,8,24,"PIPO",1,24.4,"AS_1_1_8_24","Live",22.5,2002,"AS_1_1_8",46.9670743768495,42.0152080431716,54.2067374245455,9.18597603696401,14.3396393969253
"562","AS",2019,1,1,8,24,"PIPO",1,25.3,"AS_1_1_8_24","Live",24.4,2013,"AS_1_1_8",41.722647950423,46.9670743768495,54.4348561766667,8.43763578456808,55.4517393815986
"563","AS",2013,1,1,8,25,"PIPO",1,34.2,"AS_1_1_8_25","Live",34.1,2002,"AS_1_1_8",46.9670743768495,42.0152080431716,54.2067374245455,9.18597603696401,14.3396393969253
"564","AS",2019,1,1,8,25,"PIPO",1,34.4,"AS_1_1_8_25","Live",34.2,2013,"AS_1_1_8",41.722647950423,46.9670743768495,54.4348561766667,8.43763578456808,55.4517393815986
"565","AS",2013,1,1,8,26,"PIPO",1,21.1,"AS_1_1_8_26","Live",21.4,2002,"AS_1_1_8",46.9670743768495,42.0152080431716,54.2067374245455,9.18597603696401,14.3396393969253
"566","AS",2019,1,1,8,26,"PIPO",3,NA,"AS_1_1_8_26","Dead",21.1,2013,"AS_1_1_8",41.722647950423,46.9670743768495,54.4348561766667,8.43763578456808,55.4517393815986
"567","AS",2013,1,1,8,27,"PIPO",1,19.8,"AS_1_1_8_27","Live",17.7,2002,"AS_1_1_8",46.9670743768495,42.0152080431716,54.2067374245455,9.18597603696401,14.3396393969253
"568","AS",2019,1,1,8,27,"PIPO",1,19.7,"AS_1_1_8_27","Live",19.8,2013,"AS_1_1_8",41.722647950423,46.9670743768495,54.4348561766667,8.43763578456808,55.4517393815986
"569","AS",2013,1,1,8,28,"PIPO",1,15.7,"AS_1_1_8_28","Live",15.1,2002,"AS_1_1_8",46.9670743768495,42.0152080431716,54.2067374245455,9.18597603696401,14.3396393969253
"570","AS",2019,1,1,8,28,"PIPO",1,16,"AS_1_1_8_28","Live",15.7,2013,"AS_1_1_8",41.722647950423,46.9670743768495,54.4348561766667,8.43763578456808,55.4517393815986
"571","AS",2013,1,1,8,29,"PIPO",1,36.9,"AS_1_1_8_29","Live",35.2,2002,"AS_1_1_8",46.9670743768495,42.0152080431716,54.2067374245455,9.18597603696401,14.3396393969253
"572","AS",2019,1,1,8,29,"PIPO",1,39.4,"AS_1_1_8_29","Live",36.9,2013,"AS_1_1_8",41.722647950423,46.9670743768495,54.4348561766667,8.43763578456808,55.4517393815986
"573","AS",2013,1,1,8,3,"PIPO",1,16.4,"AS_1_1_8_3","Live",15.8,2002,"AS_1_1_8",46.9670743768495,42.0152080431716,54.2067374245455,9.18597603696401,14.3396393969253
"574","AS",2019,1,1,8,3,"PIPO",3,NA,"AS_1_1_8_3","Dead",16.4,2013,"AS_1_1_8",41.722647950423,46.9670743768495,54.4348561766667,8.43763578456808,55.4517393815986
"575","AS",2013,1,1,8,31,"PIPO",1,51,"AS_1_1_8_31","Live",50.76662,2002,"AS_1_1_8",46.9670743768495,42.0152080431716,54.2067374245455,9.18597603696401,14.3396393969253
"576","AS",2019,1,1,8,31,"PIPO",1,54.27578,"AS_1_1_8_31","Live",51,2013,"AS_1_1_8",41.722647950423,46.9670743768495,54.4348561766667,8.43763578456808,55.4517393815986
"577","AS",2013,1,1,8,32,"PIPO",1,30.7,"AS_1_1_8_32","Live",29.5,2002,"AS_1_1_8",46.9670743768495,42.0152080431716,54.2067374245455,9.18597603696401,14.3396393969253
"578","AS",2019,1,1,8,32,"PIPO",1,31.5,"AS_1_1_8_32","Live",30.7,2013,"AS_1_1_8",41.722647950423,46.9670743768495,54.4348561766667,8.43763578456808,55.4517393815986
"579","AS",2013,1,1,8,33,"PIPO",1,21.6,"AS_1_1_8_33","Live",20.8,2002,"AS_1_1_8",46.9670743768495,42.0152080431716,54.2067374245455,9.18597603696401,14.3396393969253
"580","AS",2019,1,1,8,33,"PIPO",1,21.8,"AS_1_1_8_33","Live",21.6,2013,"AS_1_1_8",41.722647950423,46.9670743768495,54.4348561766667,8.43763578456808,55.4517393815986
"581","AS",2013,1,1,8,34,"PIPO",1,35,"AS_1_1_8_34","Live",34.2,2002,"AS_1_1_8",46.9670743768495,42.0152080431716,54.2067374245455,9.18597603696401,14.3396393969253
"582","AS",2019,1,1,8,34,"PIPO",1,35.4,"AS_1_1_8_34","Live",35,2013,"AS_1_1_8",41.722647950423,46.9670743768495,54.4348561766667,8.43763578456808,55.4517393815986
"583","AS",2013,1,1,8,35,"PIPO",1,13.2,"AS_1_1_8_35","Live",12,2002,"AS_1_1_8",46.9670743768495,42.0152080431716,54.2067374245455,9.18597603696401,14.3396393969253
"584","AS",2019,1,1,8,35,"PIPO",3,NA,"AS_1_1_8_35","Dead",13.2,2013,"AS_1_1_8",41.722647950423,46.9670743768495,54.4348561766667,8.43763578456808,55.4517393815986
"585","AS",2013,1,1,8,36,"PIPO",1,21.5,"AS_1_1_8_36","Live",19.8,2002,"AS_1_1_8",46.9670743768495,42.0152080431716,54.2067374245455,9.18597603696401,14.3396393969253
"586","AS",2019,1,1,8,36,"PIPO",1,22.2,"AS_1_1_8_36","Live",21.5,2013,"AS_1_1_8",41.722647950423,46.9670743768495,54.4348561766667,8.43763578456808,55.4517393815986
"587","AS",2013,1,1,8,37,"PIPO",1,15.6,"AS_1_1_8_37","Live",15.4,2002,"AS_1_1_8",46.9670743768495,42.0152080431716,54.2067374245455,9.18597603696401,14.3396393969253
"588","AS",2019,1,1,8,37,"PIPO",3,NA,"AS_1_1_8_37","Dead",15.6,2013,"AS_1_1_8",41.722647950423,46.9670743768495,54.4348561766667,8.43763578456808,55.4517393815986
"589","AS",2013,1,1,8,38,"PIPO",1,21.3,"AS_1_1_8_38","Live",20.2,2002,"AS_1_1_8",46.9670743768495,42.0152080431716,54.2067374245455,9.18597603696401,14.3396393969253
"590","AS",2019,1,1,8,38,"PIPO",1,23,"AS_1_1_8_38","Live",21.3,2013,"AS_1_1_8",41.722647950423,46.9670743768495,54.4348561766667,8.43763578456808,55.4517393815986
"591","AS",2013,1,1,8,39,"PIPO",1,8.6,"AS_1_1_8_39","Live",8.4,2002,"AS_1_1_8",46.9670743768495,42.0152080431716,54.2067374245455,9.18597603696401,14.3396393969253
"592","AS",2019,1,1,8,39,"PIPO",3,NA,"AS_1_1_8_39","Dead",8.6,2013,"AS_1_1_8",41.722647950423,46.9670743768495,54.4348561766667,8.43763578456808,55.4517393815986
"593","AS",2013,1,1,8,4,"PIPO",1,24.9,"AS_1_1_8_4","Live",22.7,2002,"AS_1_1_8",46.9670743768495,42.0152080431716,54.2067374245455,9.18597603696401,14.3396393969253
"594","AS",2019,1,1,8,4,"PIPO",1,26,"AS_1_1_8_4","Live",24.9,2013,"AS_1_1_8",41.722647950423,46.9670743768495,54.4348561766667,8.43763578456808,55.4517393815986
"595","AS",2013,1,1,8,5,"PIPO",1,3.5,"AS_1_1_8_5","Live",3.6,2002,"AS_1_1_8",46.9670743768495,42.0152080431716,54.2067374245455,9.18597603696401,14.3396393969253
"596","AS",2019,1,1,8,5,"PIPO",3,NA,"AS_1_1_8_5","Dead",3.5,2013,"AS_1_1_8",41.722647950423,46.9670743768495,54.4348561766667,8.43763578456808,55.4517393815986
"597","AS",2013,1,1,8,6,"PIPO",1,15.6,"AS_1_1_8_6","Live",15.7,2002,"AS_1_1_8",46.9670743768495,42.0152080431716,54.2067374245455,9.18597603696401,14.3396393969253
"598","AS",2019,1,1,8,6,"PIPO",3,NA,"AS_1_1_8_6","Dead",15.6,2013,"AS_1_1_8",41.722647950423,46.9670743768495,54.4348561766667,8.43763578456808,55.4517393815986
"599","AS",2013,1,1,8,8,"PIPO",1,30,"AS_1_1_8_8","Live",30.1,2002,"AS_1_1_8",46.9670743768495,42.0152080431716,54.2067374245455,9.18597603696401,14.3396393969253
"600","AS",2019,1,1,8,8,"PIPO",1,30.9,"AS_1_1_8_8","Live",30,2013,"AS_1_1_8",41.722647950423,46.9670743768495,54.4348561766667,8.43763578456808,55.4517393815986
"601","AS",2013,1,1,8,9,"PIPO",1,21.5,"AS_1_1_8_9","Live",20.9,2002,"AS_1_1_8",46.9670743768495,42.0152080431716,54.2067374245455,9.18597603696401,14.3396393969253
"602","AS",2019,1,1,8,9,"PIPO",3,NA,"AS_1_1_8_9","Dead",21.5,2013,"AS_1_1_8",41.722647950423,46.9670743768495,54.4348561766667,8.43763578456808,55.4517393815986
"603","AS",2013,1,1,9,13,"PIPO",1,20.3,"AS_1_1_9_13","Live",15.9,2002,"AS_1_1_9",10.1769767226061,24.9455016497912,35.1605906781818,9.18597603696401,17.6689437422178
"604","AS",2019,1,1,9,13,"PIPO",1,22.8,"AS_1_1_9_13","Live",20.3,2013,"AS_1_1_9",8.97480332538422,10.1769767226061,39.3477157366667,8.43763578456808,64.9781232092482
"605","AS",2013,1,1,9,17,"PIPO",1,19.1,"AS_1_1_9_17","Live",15.4,2002,"AS_1_1_9",10.1769767226061,24.9455016497912,35.1605906781818,9.18597603696401,17.6689437422178
"606","AS",2019,1,1,9,17,"PIPO",1,20.8,"AS_1_1_9_17","Live",19.1,2013,"AS_1_1_9",8.97480332538422,10.1769767226061,39.3477157366667,8.43763578456808,64.9781232092482
"607","AS",2013,1,1,9,18,"PIPO",1,39.9,"AS_1_1_9_18","Live",37,2002,"AS_1_1_9",10.1769767226061,24.9455016497912,35.1605906781818,9.18597603696401,17.6689437422178
"608","AS",2019,1,1,9,18,"PIPO",1,41.5,"AS_1_1_9_18","Live",39.9,2013,"AS_1_1_9",8.97480332538422,10.1769767226061,39.3477157366667,8.43763578456808,64.9781232092482
"609","AS",2013,1,1,9,19,"PIPO",1,3,"AS_1_1_9_19","Live",2.1,2002,"AS_1_1_9",10.1769767226061,24.9455016497912,35.1605906781818,9.18597603696401,17.6689437422178
"610","AS",2019,1,1,9,19,"PIPO",4,NA,"AS_1_1_9_19","Dead",3,2013,"AS_1_1_9",8.97480332538422,10.1769767226061,39.3477157366667,8.43763578456808,64.9781232092482
"611","AS",2013,1,1,9,20,"PIPO",1,16.8,"AS_1_1_9_20","Live",10.7,2002,"AS_1_1_9",10.1769767226061,24.9455016497912,35.1605906781818,9.18597603696401,17.6689437422178
"612","AS",2019,1,1,9,20,"PIPO",1,19.7,"AS_1_1_9_20","Live",16.8,2013,"AS_1_1_9",8.97480332538422,10.1769767226061,39.3477157366667,8.43763578456808,64.9781232092482
"613","AS",2019,1,1,9,30,"PIPO",1,10.1,"AS_1_1_9_30","Live",6.8,2013,"AS_1_1_9",8.97480332538422,10.1769767226061,39.3477157366667,8.43763578456808,64.9781232092482
"614","AS",2019,1,1,9,32,"PIPO",1,4.8,"AS_1_1_9_32","Live",3.9,2013,"AS_1_1_9",8.97480332538422,10.1769767226061,39.3477157366667,8.43763578456808,64.9781232092482
"615","AS",2019,1,1,9,33,"PIPO",1,3.5,"AS_1_1_9_33","Live",1.9,2013,"AS_1_1_9",8.97480332538422,10.1769767226061,39.3477157366667,8.43763578456808,64.9781232092482
"616","AS",2013,1,1,9,8,"PIPO",1,14.6,"AS_1_1_9_8","Live",9.3,2002,"AS_1_1_9",10.1769767226061,24.9455016497912,35.1605906781818,9.18597603696401,17.6689437422178
"617","AS",2019,1,1,9,8,"PIPO",1,16.8,"AS_1_1_9_8","Live",14.6,2013,"AS_1_1_9",8.97480332538422,10.1769767226061,39.3477157366667,8.43763578456808,64.9781232092482
"618","AS",2013,1,1,9,9,"PIPO",1,8,"AS_1_1_9_9","Live",5.8,2002,"AS_1_1_9",10.1769767226061,24.9455016497912,35.1605906781818,9.18597603696401,17.6689437422178
"619","AS",2019,1,1,9,9,"PIPO",1,8.6,"AS_1_1_9_9","Live",8,2013,"AS_1_1_9",8.97480332538422,10.1769767226061,39.3477157366667,8.43763578456808,64.9781232092482
"620","AS",2013,1,2,10,11,"PIPO",1,43.9,"AS_1_2_10_11","Live",38,2002,"AS_1_2_10",16.6457676,51.16908489,32.7018370245455,9.18597603696401,13.9530948391884
"621","AS",2019,1,2,10,11,"PIPO",1,46,"AS_1_2_10_11","Live",43.9,2013,"AS_1_2_10",18.96199074,16.6457676,18.79447323,8.43763578456808,62.8005564608548
"622","AS",2013,1,2,10,17,"PIPO",1,43,"AS_1_2_10_17","Live",36.7,2002,"AS_1_2_10",16.6457676,51.16908489,32.7018370245455,9.18597603696401,13.9530948391884
"623","AS",2019,1,2,10,17,"PIPO",1,47,"AS_1_2_10_17","Live",43,2013,"AS_1_2_10",18.96199074,16.6457676,18.79447323,8.43763578456808,62.8005564608548
"624","AS",2013,1,2,10,18,"PIPO",1,39.1,"AS_1_2_10_18","Live",35,2002,"AS_1_2_10",16.6457676,51.16908489,32.7018370245455,9.18597603696401,13.9530948391884
"625","AS",2019,1,2,10,18,"PIPO",1,41.4,"AS_1_2_10_18","Live",39.1,2013,"AS_1_2_10",18.96199074,16.6457676,18.79447323,8.43763578456808,62.8005564608548
"626","AS",2013,1,2,10,207,"PIPO",1,38.3,"AS_1_2_10_207","Live",33.7,2002,"AS_1_2_10",16.6457676,51.16908489,32.7018370245455,9.18597603696401,13.9530948391884
"627","AS",2019,1,2,10,207,"PIPO",1,40.8,"AS_1_2_10_207","Live",38.3,2013,"AS_1_2_10",18.96199074,16.6457676,18.79447323,8.43763578456808,62.8005564608548
"628","AS",2013,1,2,10,25,"PIPO",1,41.3,"AS_1_2_10_25","Live",35.4,2002,"AS_1_2_10",16.6457676,51.16908489,32.7018370245455,9.18597603696401,13.9530948391884
"629","AS",2019,1,2,10,25,"PIPO",1,44.2,"AS_1_2_10_25","Live",41.3,2013,"AS_1_2_10",18.96199074,16.6457676,18.79447323,8.43763578456808,62.8005564608548
"630","AS",2013,1,2,11,19,"PIPO",1,45.7,"AS_1_2_11_19","Live",40.3,2002,"AS_1_2_11",4.100750115,46.170465495,30.8341143399091,9.18597603696401,13.820039625378
"631","AS",2019,1,2,11,19,"PIPO",1,49.3,"AS_1_2_11_19","Live",45.7,2013,"AS_1_2_11",4.772267115,4.100750115,13.1769759445,8.43763578456808,76.2264367297299
"632","AS",2013,1,2,13,21,"PIPO",1,56.1,"AS_1_2_13_21","Live",50.6,2002,"AS_1_2_13",16.72968759,30.84627084,31.8134957818182,9.18597603696401,17.2511124098448
"633","AS",2019,1,2,13,21,"PIPO",1,60.5,"AS_1_2_13_21","Live",56.1,2013,"AS_1_2_13",19.394647965,16.72968759,19.5876288666667,8.43763578456808,63.5806977311132
"634","AS",2013,1,2,13,3,"PIPO",1,41.4,"AS_1_2_13_3","Live",37.3,2002,"AS_1_2_13",16.72968759,30.84627084,31.8134957818182,9.18597603696401,17.2511124098448
"635","AS",2019,1,2,13,3,"PIPO",1,43.8,"AS_1_2_13_3","Live",41.4,2013,"AS_1_2_13",19.394647965,16.72968759,19.5876288666667,8.43763578456808,63.5806977311132
"636","AS",2013,1,2,13,7,"PIPO",1,45.9,"AS_1_2_13_7","Live",42.4,2002,"AS_1_2_13",16.72968759,30.84627084,31.8134957818182,9.18597603696401,17.2511124098448
"637","AS",2019,1,2,13,7,"PIPO",1,48.7,"AS_1_2_13_7","Live",45.9,2013,"AS_1_2_13",19.394647965,16.72968759,19.5876288666667,8.43763578456808,63.5806977311132
"638","AS",2013,1,2,13,9,"PIPO",1,39.4,"AS_1_2_13_9","Live",34.8,2002,"AS_1_2_13",16.72968759,30.84627084,31.8134957818182,9.18597603696401,17.2511124098448
"639","AS",2019,1,2,13,9,"PIPO",1,43.9,"AS_1_2_13_9","Live",39.4,2013,"AS_1_2_13",19.394647965,16.72968759,19.5876288666667,8.43763578456808,63.5806977311132
"640","AS",2013,1,2,14,2,"PIPO",1,37.1,"AS_1_2_14_2","Live",35,2002,"AS_1_2_14",6.749668695,30.40200933,36.2122774127273,9.18597603696401,15.3536628518333
"641","AS",2019,1,2,14,2,"PIPO",1,39.2,"AS_1_2_14_2","Live",37.1,2013,"AS_1_2_14",7.6168092,6.749668695,21.7259450183333,8.43763578456808,71.2510596708273
"642","AS",2013,1,2,14,9,"PIPO",1,45.4,"AS_1_2_14_9","Live",42.5,2002,"AS_1_2_14",6.749668695,30.40200933,36.2122774127273,9.18597603696401,15.3536628518333
"643","AS",2019,1,2,14,9,"PIPO",1,48.4,"AS_1_2_14_9","Live",45.4,2013,"AS_1_2_14",7.6168092,6.749668695,21.7259450183333,8.43763578456808,71.2510596708273
"644","AS",2013,1,2,15,12,"PIPO",1,46.4,"AS_1_2_15_12","Live",40,2002,"AS_1_2_15",20.820777285,39.392110065,40.6782854454545,9.18597603696401,14.0671982965937
"645","AS",2019,1,2,15,12,"PIPO",1,49.1,"AS_1_2_15_12","Live",46.4,2013,"AS_1_2_15",24.438408225,20.820777285,30.08462867,8.43763578456808,59.8356362139113
"646","AS",2013,1,2,15,23,"PIPO",1,30.8,"AS_1_2_15_23","Live",24,2002,"AS_1_2_15",20.820777285,39.392110065,40.6782854454545,9.18597603696401,14.0671982965937
"647","AS",2019,1,2,15,23,"PIPO",1,34.6,"AS_1_2_15_23","Live",30.8,2013,"AS_1_2_15",24.438408225,20.820777285,30.08462867,8.43763578456808,59.8356362139113
"648","AS",2013,1,2,15,38,"PIPO",1,41,"AS_1_2_15_38","Live",33.3,2002,"AS_1_2_15",20.820777285,39.392110065,40.6782854454545,9.18597603696401,14.0671982965937
"649","AS",2019,1,2,15,38,"PIPO",1,44.6,"AS_1_2_15_38","Live",41,2013,"AS_1_2_15",24.438408225,20.820777285,30.08462867,8.43763578456808,59.8356362139113
"650","AS",2013,1,2,15,44,"PIPO",1,36.9,"AS_1_2_15_44","Live",29.3,2002,"AS_1_2_15",20.820777285,39.392110065,40.6782854454545,9.18597603696401,14.0671982965937
"651","AS",2019,1,2,15,44,"PIPO",1,39.6,"AS_1_2_15_44","Live",36.9,2013,"AS_1_2_15",24.438408225,20.820777285,30.08462867,8.43763578456808,59.8356362139113
"652","AS",2013,1,2,15,56,"PIPO",1,37.7,"AS_1_2_15_56","Live",31.1,2002,"AS_1_2_15",20.820777285,39.392110065,40.6782854454545,9.18597603696401,14.0671982965937
"653","AS",2019,1,2,15,56,"PIPO",1,41.1,"AS_1_2_15_56","Live",37.7,2013,"AS_1_2_15",24.438408225,20.820777285,30.08462867,8.43763578456808,59.8356362139113
"654","AS",2013,1,2,15,73,"PIPO",1,37.5,"AS_1_2_15_73","Live",29.5,2002,"AS_1_2_15",20.820777285,39.392110065,40.6782854454545,9.18597603696401,14.0671982965937
"655","AS",2019,1,2,15,73,"PIPO",1,40.8,"AS_1_2_15_73","Live",37.5,2013,"AS_1_2_15",24.438408225,20.820777285,30.08462867,8.43763578456808,59.8356362139113
"656","AS",2013,1,2,15,83,"PIPO",1,40.4,"AS_1_2_15_83","Live",33,2002,"AS_1_2_15",20.820777285,39.392110065,40.6782854454545,9.18597603696401,14.0671982965937
"657","AS",2019,1,2,15,83,"PIPO",1,43.9,"AS_1_2_15_83","Live",40.4,2013,"AS_1_2_15",24.438408225,20.820777285,30.08462867,8.43763578456808,59.8356362139113
"658","AS",2013,1,2,16,13,"PIPO",1,55.1,"AS_1_2_16_13","Live",51,2002,"AS_1_2_16",11.79077823,22.687123305,34.3522727272727,9.18597603696401,21.8120198571456
"659","AS",2019,1,2,16,13,"PIPO",1,55.6,"AS_1_2_16_13","Live",55.1,2013,"AS_1_2_16",12.171991755,11.79077823,25.6380208333333,8.43763578456808,68.7674166297141
"660","AS",2013,1,2,16,19,"PIPO",1,48.1,"AS_1_2_16_19","Live",46.1,2002,"AS_1_2_16",11.79077823,22.687123305,34.3522727272727,9.18597603696401,21.8120198571456
"661","AS",2019,1,2,16,19,"PIPO",1,49.1,"AS_1_2_16_19","Live",48.1,2013,"AS_1_2_16",12.171991755,11.79077823,25.6380208333333,8.43763578456808,68.7674166297141
"662","AS",2013,1,2,16,20,"PIPO",1,25.6,"AS_1_2_16_20","Live",21.5,2002,"AS_1_2_16",11.79077823,22.687123305,34.3522727272727,9.18597603696401,21.8120198571456
"663","AS",2019,1,2,16,20,"PIPO",1,26.4,"AS_1_2_16_20","Live",25.6,2013,"AS_1_2_16",12.171991755,11.79077823,25.6380208333333,8.43763578456808,68.7674166297141
"664","AS",2013,1,2,17,11,"PIPO",1,25,"AS_1_2_17_11","Live",22.8,2002,"AS_1_2_17",21.25732224,27.10894494,31.6815850818182,9.18597603696401,14.8207183253319
"665","AS",2019,1,2,17,11,"PIPO",1,26.3,"AS_1_2_17_11","Live",25,2013,"AS_1_2_17",22.857594375,21.25732224,31.3495726483333,8.43763578456808,60.5566679366298
"666","AS",2013,1,2,17,12,"PIPO",3,NA,"AS_1_2_17_12","Dead",28.4,2002,"AS_1_2_17",21.25732224,27.10894494,31.6815850818182,9.18597603696401,14.8207183253319
"667","AS",2013,1,2,17,13,"PIPO",1,32.6,"AS_1_2_17_13","Live",30.7,2002,"AS_1_2_17",21.25732224,27.10894494,31.6815850818182,9.18597603696401,14.8207183253319
"668","AS",2019,1,2,17,13,"PIPO",1,34.3,"AS_1_2_17_13","Live",32.6,2013,"AS_1_2_17",22.857594375,21.25732224,31.3495726483333,8.43763578456808,60.5566679366298
"669","AS",2013,1,2,17,14,"PIPO",1,26.1,"AS_1_2_17_14","Live",23.8,2002,"AS_1_2_17",21.25732224,27.10894494,31.6815850818182,9.18597603696401,14.8207183253319
"670","AS",2019,1,2,17,14,"PIPO",1,28.1,"AS_1_2_17_14","Live",26.1,2013,"AS_1_2_17",22.857594375,21.25732224,31.3495726483333,8.43763578456808,60.5566679366298
"671","AS",2013,1,2,17,23,"PIPO",1,62,"AS_1_2_17_23","Live",61.1,2002,"AS_1_2_17",21.25732224,27.10894494,31.6815850818182,9.18597603696401,14.8207183253319
"672","AS",2019,1,2,17,23,"PIPO",1,63.2,"AS_1_2_17_23","Live",62,2013,"AS_1_2_17",22.857594375,21.25732224,31.3495726483333,8.43763578456808,60.5566679366298
"673","AS",2013,1,2,17,37,"PIPO",1,25.3,"AS_1_2_17_37","Live",23,2002,"AS_1_2_17",21.25732224,27.10894494,31.6815850818182,9.18597603696401,14.8207183253319
"674","AS",2019,1,2,17,37,"PIPO",1,26,"AS_1_2_17_37","Live",25.3,2013,"AS_1_2_17",22.857594375,21.25732224,31.3495726483333,8.43763578456808,60.5566679366298
"675","AS",2013,1,2,17,38,"PIPO",1,31.3,"AS_1_2_17_38","Live",29.4,2002,"AS_1_2_17",21.25732224,27.10894494,31.6815850818182,9.18597603696401,14.8207183253319
"676","AS",2019,1,2,17,38,"PIPO",1,33.2,"AS_1_2_17_38","Live",31.3,2013,"AS_1_2_17",22.857594375,21.25732224,31.3495726483333,8.43763578456808,60.5566679366298
"677","AS",2013,1,2,17,40,"PIPO",1,32.2,"AS_1_2_17_40","Live",29,2002,"AS_1_2_17",21.25732224,27.10894494,31.6815850818182,9.18597603696401,14.8207183253319
"678","AS",2019,1,2,17,40,"PIPO",1,34.3,"AS_1_2_17_40","Live",32.2,2013,"AS_1_2_17",22.857594375,21.25732224,31.3495726483333,8.43763578456808,60.5566679366298
"679","AS",2013,1,2,17,7,"PIPO",1,23.3,"AS_1_2_17_7","Live",20.9,2002,"AS_1_2_17",21.25732224,27.10894494,31.6815850818182,9.18597603696401,14.8207183253319
"680","AS",2019,1,2,17,7,"PIPO",1,24.3,"AS_1_2_17_7","Live",23.3,2013,"AS_1_2_17",22.857594375,21.25732224,31.3495726483333,8.43763578456808,60.5566679366298
"681","AS",2013,1,2,17,9,"PIPO",3,NA,"AS_1_2_17_9","Dead",23,2002,"AS_1_2_17",21.25732224,27.10894494,31.6815850818182,9.18597603696401,14.8207183253319
"682","AS",2013,1,2,18,25,"PIPO",1,36.9,"AS_1_2_18_25","Live",33.6,2002,"AS_1_2_18",13.915815375,33.426054585,36.3487940609091,9.18597603696401,16.9486672843834
"683","AS",2019,1,2,18,25,"PIPO",1,38.8,"AS_1_2_18_25","Live",36.9,2013,"AS_1_2_18",15.60134268,13.915815375,27.75595238,8.43763578456808,69.4387370162438
"684","AS",2013,1,2,18,27,"PIPO",1,35.8,"AS_1_2_18_27","Live",31.8,2002,"AS_1_2_18",13.915815375,33.426054585,36.3487940609091,9.18597603696401,16.9486672843834
"685","AS",2019,1,2,18,27,"PIPO",1,38.2,"AS_1_2_18_27","Live",35.8,2013,"AS_1_2_18",15.60134268,13.915815375,27.75595238,8.43763578456808,69.4387370162438
"686","AS",2013,1,2,18,30,"PIPO",1,27.5,"AS_1_2_18_30","Live",24.5,2002,"AS_1_2_18",13.915815375,33.426054585,36.3487940609091,9.18597603696401,16.9486672843834
"687","AS",2019,1,2,18,30,"PIPO",1,27.2,"AS_1_2_18_30","Live",27.5,2013,"AS_1_2_18",15.60134268,13.915815375,27.75595238,8.43763578456808,69.4387370162438
"688","AS",2013,1,2,18,31,"PIPO",1,30.3,"AS_1_2_18_31","Live",29.3,2002,"AS_1_2_18",13.915815375,33.426054585,36.3487940609091,9.18597603696401,16.9486672843834
"689","AS",2019,1,2,18,31,"PIPO",1,31.6,"AS_1_2_18_31","Live",30.3,2013,"AS_1_2_18",15.60134268,13.915815375,27.75595238,8.43763578456808,69.4387370162438
"690","AS",2013,1,2,18,33,"PIPO",1,27.4,"AS_1_2_18_33","Live",26,2002,"AS_1_2_18",13.915815375,33.426054585,36.3487940609091,9.18597603696401,16.9486672843834
"691","AS",2019,1,2,18,33,"PIPO",1,29.4,"AS_1_2_18_33","Live",27.4,2013,"AS_1_2_18",15.60134268,13.915815375,27.75595238,8.43763578456808,69.4387370162438
"692","AS",2013,1,2,18,7,"PIPO",1,34.9,"AS_1_2_18_7","Live",28.5,2002,"AS_1_2_18",13.915815375,33.426054585,36.3487940609091,9.18597603696401,16.9486672843834
"693","AS",2019,1,2,18,7,"PIPO",1,36.8,"AS_1_2_18_7","Live",34.9,2013,"AS_1_2_18",15.60134268,13.915815375,27.75595238,8.43763578456808,69.4387370162438
"694","AS",2013,1,2,19,1,"PIPO",1,27.2,"AS_1_2_19_1","Live",23.7,2002,"AS_1_2_19",18.81056562,27.961630928497,33.2958078196364,9.18597603696401,20.2524665783041
"695","AS",2019,1,2,19,1,"PIPO",1,28.9,"AS_1_2_19_1","Live",27.2,2013,"AS_1_2_19",21.016302615,18.81056562,21.9058721916667,8.43763578456808,67.8180224786303
"696","AS",2013,1,2,19,22,"PIPO",1,30.8,"AS_1_2_19_22","Live",26,2002,"AS_1_2_19",18.81056562,27.961630928497,33.2958078196364,9.18597603696401,20.2524665783041
"697","AS",2019,1,2,19,22,"PIPO",1,33.5,"AS_1_2_19_22","Live",30.8,2013,"AS_1_2_19",21.016302615,18.81056562,21.9058721916667,8.43763578456808,67.8180224786303
"698","AS",2013,1,2,19,24,"PIPO",1,33.9,"AS_1_2_19_24","Live",28.8,2002,"AS_1_2_19",18.81056562,27.961630928497,33.2958078196364,9.18597603696401,20.2524665783041
"699","AS",2019,1,2,19,24,"PIPO",1,36.7,"AS_1_2_19_24","Live",33.9,2013,"AS_1_2_19",21.016302615,18.81056562,21.9058721916667,8.43763578456808,67.8180224786303
"700","AS",2013,1,2,19,28,"PIPO",1,36.8,"AS_1_2_19_28","Live",34.2,2002,"AS_1_2_19",18.81056562,27.961630928497,33.2958078196364,9.18597603696401,20.2524665783041
"701","AS",2019,1,2,19,28,"PIPO",1,38,"AS_1_2_19_28","Live",36.8,2013,"AS_1_2_19",21.016302615,18.81056562,21.9058721916667,8.43763578456808,67.8180224786303
"702","AS",2013,1,2,19,29,"PIPO",1,39,"AS_1_2_19_29","Live",36.8,2002,"AS_1_2_19",18.81056562,27.961630928497,33.2958078196364,9.18597603696401,20.2524665783041
"703","AS",2019,1,2,19,29,"PIPO",1,40.3,"AS_1_2_19_29","Live",39,2013,"AS_1_2_19",21.016302615,18.81056562,21.9058721916667,8.43763578456808,67.8180224786303
"704","AS",2013,1,2,19,3,"PIPO",1,29,"AS_1_2_19_3","Live",25.5,2002,"AS_1_2_19",18.81056562,27.961630928497,33.2958078196364,9.18597603696401,20.2524665783041
"705","AS",2019,1,2,19,3,"PIPO",1,31.6,"AS_1_2_19_3","Live",29,2013,"AS_1_2_19",21.016302615,18.81056562,21.9058721916667,8.43763578456808,67.8180224786303
"706","AS",2013,1,2,19,4,"PIPO",1,31.7,"AS_1_2_19_4","Live",27.6,2002,"AS_1_2_19",18.81056562,27.961630928497,33.2958078196364,9.18597603696401,20.2524665783041
"707","AS",2019,1,2,19,4,"PIPO",1,32.8,"AS_1_2_19_4","Live",31.7,2013,"AS_1_2_19",21.016302615,18.81056562,21.9058721916667,8.43763578456808,67.8180224786303
"708","AS",2013,1,2,19,5,"PIPO",1,34.1,"AS_1_2_19_5","Live",32.6,2002,"AS_1_2_19",18.81056562,27.961630928497,33.2958078196364,9.18597603696401,20.2524665783041
"709","AS",2019,1,2,19,5,"PIPO",1,35.2,"AS_1_2_19_5","Live",34.1,2013,"AS_1_2_19",21.016302615,18.81056562,21.9058721916667,8.43763578456808,67.8180224786303
"710","AS",2013,1,2,19,6,"PIPO",1,29.3,"AS_1_2_19_6","Live",25.9,2002,"AS_1_2_19",18.81056562,27.961630928497,33.2958078196364,9.18597603696401,20.2524665783041
"711","AS",2019,1,2,19,6,"PIPO",1,31.9,"AS_1_2_19_6","Live",29.3,2013,"AS_1_2_19",21.016302615,18.81056562,21.9058721916667,8.43763578456808,67.8180224786303
"712","AS",2013,1,2,1,10,"PIPO",1,37.8,"AS_1_2_1_10","Live",34.8,2002,"AS_1_2_1",17.117616285,32.23387629,45.7124304258182,9.18597603696401,14.6254545625984
"713","AS",2019,1,2,1,10,"PIPO",1,40.1,"AS_1_2_1_10","Live",37.8,2013,"AS_1_2_1",19.125687735,17.117616285,8.24489795983333,8.43763578456808,64.1616298227248
"714","AS",2013,1,2,1,22,"PIPO",1,49.1,"AS_1_2_1_22","Live",44.6,2002,"AS_1_2_1",17.117616285,32.23387629,45.7124304258182,9.18597603696401,14.6254545625984
"715","AS",2019,1,2,1,22,"PIPO",1,50.6,"AS_1_2_1_22","Live",49.1,2013,"AS_1_2_1",19.125687735,17.117616285,8.24489795983333,8.43763578456808,64.1616298227248
"716","AS",2013,1,2,1,3,"PIPO",1,44.9,"AS_1_2_1_3","Live",42.8,2002,"AS_1_2_1",17.117616285,32.23387629,45.7124304258182,9.18597603696401,14.6254545625984
"717","AS",2019,1,2,1,3,"PIPO",1,48.2,"AS_1_2_1_3","Live",44.9,2013,"AS_1_2_1",19.125687735,17.117616285,8.24489795983333,8.43763578456808,64.1616298227248
"718","AS",2013,1,2,1,4,"PIPO",1,53.5,"AS_1_2_1_4","Live",50.4,2002,"AS_1_2_1",17.117616285,32.23387629,45.7124304258182,9.18597603696401,14.6254545625984
"719","AS",2019,1,2,1,4,"PIPO",1,57,"AS_1_2_1_4","Live",53.5,2013,"AS_1_2_1",19.125687735,17.117616285,8.24489795983333,8.43763578456808,64.1616298227248
"720","AS",2013,1,2,20,22,"PIPO",1,33,"AS_1_2_20_22","Live",29.4,2002,"AS_1_2_20",15.44355582,5.74421925,42.7813519809091,9.18597603696401,40.0078318245909
"721","AS",2019,1,2,20,22,"PIPO",1,36.2,"AS_1_2_20_22","Live",33,2013,"AS_1_2_20",19.017381075,15.44355582,23.964102565,8.43763578456808,69.4681611691076
"722","AS",2013,1,2,2,13,"PIPO",1,27.9,"AS_1_2_2_13","Live",23.5,2002,"AS_1_2_2",12.0735615,31.64765373,33.4202226354545,9.18597603696401,16.4059507901655
"723","AS",2019,1,2,2,13,"PIPO",1,31.6,"AS_1_2_2_13","Live",27.9,2013,"AS_1_2_2",14.21589708,12.0735615,16.3350340133333,8.43763578456808,68.1606401918476
"724","AS",2013,1,2,2,16,"PIPO",1,29.1,"AS_1_2_2_16","Live",24.5,2002,"AS_1_2_2",12.0735615,31.64765373,33.4202226354545,9.18597603696401,16.4059507901655
"725","AS",2019,1,2,2,16,"PIPO",1,32.6,"AS_1_2_2_16","Live",29.1,2013,"AS_1_2_2",14.21589708,12.0735615,16.3350340133333,8.43763578456808,68.1606401918476
"726","AS",2013,1,2,2,9,"PIPO",1,55.7,"AS_1_2_2_9","Live",53.1,2002,"AS_1_2_2",12.0735615,31.64765373,33.4202226354545,9.18597603696401,16.4059507901655
"727","AS",2019,1,2,2,9,"PIPO",1,58,"AS_1_2_2_9","Live",55.7,2013,"AS_1_2_2",14.21589708,12.0735615,16.3350340133333,8.43763578456808,68.1606401918476
"728","AS",2013,1,2,3,14,"PIPO",1,35,"AS_1_2_3_14","Live",31.7,2002,"AS_1_2_3",11.37789345,42.687844815,35.9425341490909,9.18597603696401,13.5008871508162
"729","AS",2019,1,2,3,14,"PIPO",1,36.8,"AS_1_2_3_14","Live",35,2013,"AS_1_2_3",12.91331118,11.37789345,20.8186528483333,8.43763578456808,67.805110970818
"730","AS",2013,1,2,3,34,"PIPO",1,47.7,"AS_1_2_3_34","Live",44.5,2002,"AS_1_2_3",11.37789345,42.687844815,35.9425341490909,9.18597603696401,13.5008871508162
"731","AS",2019,1,2,3,34,"PIPO",1,51.2,"AS_1_2_3_34","Live",47.7,2013,"AS_1_2_3",12.91331118,11.37789345,20.8186528483333,8.43763578456808,67.805110970818
"732","AS",2013,1,2,3,53,"PIPO",1,47.9,"AS_1_2_3_53","Live",43.9,2002,"AS_1_2_3",11.37789345,42.687844815,35.9425341490909,9.18597603696401,13.5008871508162
"733","AS",2019,1,2,3,53,"PIPO",1,51,"AS_1_2_3_53","Live",47.9,2013,"AS_1_2_3",12.91331118,11.37789345,20.8186528483333,8.43763578456808,67.805110970818
"734","AS",2019,1,2,4,42,"PIPO",1,1,"AS_1_2_4_42","Live",1,2013,"AS_1_2_4",0.0624862087089971,0.0019635,19.2452504333333,8.43763578456808,84.3953455747035
"735","AS",2013,1,2,4,8,"PIPO",4,NA,"AS_1_2_4_8","Dead",0.8,2002,"AS_1_2_4",0.0019635,26.966532285,31.0626471972727,9.18597603696401,16.2692483495312
"736","AS",2013,1,2,5,13,"PIPO",1,45.8,"AS_1_2_5_13","Live",43.7,2002,"AS_1_2_5",22.346573865,32.405545095,36.1564374705455,9.18597603696401,14.1407489116547
"737","AS",2019,1,2,5,13,"PIPO",1,48,"AS_1_2_5_13","Live",45.8,2013,"AS_1_2_5",24.51370845,22.346573865,14.675126905,8.43763578456808,59.5908644547465
"738","AS",2013,1,2,5,17,"PIPO",1,48.2,"AS_1_2_5_17","Live",45.8,2002,"AS_1_2_5",22.346573865,32.405545095,36.1564374705455,9.18597603696401,14.1407489116547
"739","AS",2019,1,2,5,17,"PIPO",1,49.4,"AS_1_2_5_17","Live",48.2,2013,"AS_1_2_5",24.51370845,22.346573865,14.675126905,8.43763578456808,59.5908644547465
"740","AS",2013,1,2,5,3,"PIPO",1,36.9,"AS_1_2_5_3","Live",34.6,2002,"AS_1_2_5",22.346573865,32.405545095,36.1564374705455,9.18597603696401,14.1407489116547
"741","AS",2019,1,2,5,3,"PIPO",1,39.2,"AS_1_2_5_3","Live",36.9,2013,"AS_1_2_5",24.51370845,22.346573865,14.675126905,8.43763578456808,59.5908644547465
"742","AS",2013,1,2,5,4,"PIPO",1,39.6,"AS_1_2_5_4","Live",36.8,2002,"AS_1_2_5",22.346573865,32.405545095,36.1564374705455,9.18597603696401,14.1407489116547
"743","AS",2019,1,2,5,4,"PIPO",1,44,"AS_1_2_5_4","Live",39.6,2013,"AS_1_2_5",24.51370845,22.346573865,14.675126905,8.43763578456808,59.5908644547465
"744","AS",2013,1,2,5,7,"PIPO",1,39.5,"AS_1_2_5_7","Live",37.3,2002,"AS_1_2_5",22.346573865,32.405545095,36.1564374705455,9.18597603696401,14.1407489116547
"745","AS",2019,1,2,5,7,"PIPO",1,40.7,"AS_1_2_5_7","Live",39.5,2013,"AS_1_2_5",24.51370845,22.346573865,14.675126905,8.43763578456808,59.5908644547465
"746","AS",2013,1,2,5,8,"PIPO",1,49.7,"AS_1_2_5_8","Live",48.3,2002,"AS_1_2_5",22.346573865,32.405545095,36.1564374705455,9.18597603696401,14.1407489116547
"747","AS",2019,1,2,5,8,"PIPO",1,51.1,"AS_1_2_5_8","Live",49.7,2013,"AS_1_2_5",24.51370845,22.346573865,14.675126905,8.43763578456808,59.5908644547465
"748","AS",2013,1,2,6,10,"PIPO",1,30.8,"AS_1_2_6_10","Live",28.2,2002,"AS_1_2_6",18.13158732,26.083507065,40.4072356224545,9.18597603696401,17.1006807347752
"749","AS",2019,1,2,6,10,"PIPO",1,32,"AS_1_2_6_10","Live",30.8,2013,"AS_1_2_6",20.3510981204642,18.13158732,21.1581632666667,8.43763578456808,63.5161517277027
"750","AS",2013,1,2,6,2,"PIPO",1,43,"AS_1_2_6_2","Live",40.8,2002,"AS_1_2_6",18.13158732,26.083507065,40.4072356224545,9.18597603696401,17.1006807347752
"751","AS",2019,1,2,6,2,"PIPO",1,44.8,"AS_1_2_6_2","Live",43,2013,"AS_1_2_6",20.3510981204642,18.13158732,21.1581632666667,8.43763578456808,63.5161517277027
"752","AS",2013,1,2,6,23,"PIPO",1,34.2,"AS_1_2_6_23","Live",28.2,2002,"AS_1_2_6",18.13158732,26.083507065,40.4072356224545,9.18597603696401,17.1006807347752
"753","AS",2019,1,2,6,23,"PIPO",1,34.7,"AS_1_2_6_23","Live",34.2,2013,"AS_1_2_6",20.3510981204642,18.13158732,21.1581632666667,8.43763578456808,63.5161517277027
"754","AS",2013,1,2,6,32,"PIPO",1,38.1,"AS_1_2_6_32","Live",32.4,2002,"AS_1_2_6",18.13158732,26.083507065,40.4072356224545,9.18597603696401,17.1006807347752
"755","AS",2019,1,2,6,32,"PIPO",1,42,"AS_1_2_6_32","Live",38.1,2013,"AS_1_2_6",20.3510981204642,18.13158732,21.1581632666667,8.43763578456808,63.5161517277027
"756","AS",2013,1,2,6,4,"PIPO",1,26.7,"AS_1_2_6_4","Live",23.6,2002,"AS_1_2_6",18.13158732,26.083507065,40.4072356224545,9.18597603696401,17.1006807347752
"757","AS",2019,1,2,6,4,"PIPO",1,28.9,"AS_1_2_6_4","Live",26.7,2013,"AS_1_2_6",20.3510981204642,18.13158732,21.1581632666667,8.43763578456808,63.5161517277027
"758","AS",2013,1,2,6,6,"PIPO",1,34.5,"AS_1_2_6_6","Live",31.1,2002,"AS_1_2_6",18.13158732,26.083507065,40.4072356224545,9.18597603696401,17.1006807347752
"759","AS",2019,1,2,6,6,"PIPO",1,35.4,"AS_1_2_6_6","Live",34.5,2013,"AS_1_2_6",20.3510981204642,18.13158732,21.1581632666667,8.43763578456808,63.5161517277027
"760","AS",2013,1,2,6,9,"PIPO",1,30.7,"AS_1_2_6_9","Live",28.6,2002,"AS_1_2_6",18.13158732,26.083507065,40.4072356224545,9.18597603696401,17.1006807347752
"761","AS",2019,1,2,6,9,"PIPO",1,31.7,"AS_1_2_6_9","Live",30.7,2013,"AS_1_2_6",20.3510981204642,18.13158732,21.1581632666667,8.43763578456808,63.5161517277027
"762","AS",2013,1,2,7,19,"PIPO",1,38.3,"AS_1_2_7_19","Live",33.8,2002,"AS_1_2_7",10.467830835,17.931840465,29.0526072899091,9.18597603696401,20.3147541487963
"763","AS",2019,1,2,7,19,"PIPO",1,39.9,"AS_1_2_7_19","Live",38.3,2013,"AS_1_2_7",11.88090288,10.467830835,19.5152284266667,8.43763578456808,69.0228578456884
"764","AS",2013,1,2,7,33,"PIPO",1,36.8,"AS_1_2_7_33","Live",33,2002,"AS_1_2_7",10.467830835,17.931840465,29.0526072899091,9.18597603696401,20.3147541487963
"765","AS",2019,1,2,7,33,"PIPO",1,38.7,"AS_1_2_7_33","Live",36.8,2013,"AS_1_2_7",11.88090288,10.467830835,19.5152284266667,8.43763578456808,69.0228578456884
"766","AS",2013,1,2,7,42,"PIPO",1,31.2,"AS_1_2_7_42","Live",29,2002,"AS_1_2_7",10.467830835,17.931840465,29.0526072899091,9.18597603696401,20.3147541487963
"767","AS",2019,1,2,7,42,"PIPO",1,34.2,"AS_1_2_7_42","Live",31.2,2013,"AS_1_2_7",11.88090288,10.467830835,19.5152284266667,8.43763578456808,69.0228578456884
"768","AS",2013,1,2,7,48,"PIPO",1,39.2,"AS_1_2_7_48","Live",36.1,2002,"AS_1_2_7",10.467830835,17.931840465,29.0526072899091,9.18597603696401,20.3147541487963
"769","AS",2019,1,2,7,48,"PIPO",1,42.3,"AS_1_2_7_48","Live",39.2,2013,"AS_1_2_7",11.88090288,10.467830835,19.5152284266667,8.43763578456808,69.0228578456884
"770","AS",2013,1,2,9,3,"PIPO",1,74.5,"AS_1_2_9_3","Live",74.3,2002,"AS_1_2_9",24.15721539,29.58216954,30.1088082890909,9.18597603696401,14.2872180417237
"771","AS",2019,1,2,9,3,"PIPO",1,74.6,"AS_1_2_9_3","Live",74.5,2013,"AS_1_2_9",24.94124094,24.15721539,9.6787564765,8.43763578456808,58.4174286858653
"772","AS",2013,1,2,9,6,"PIPO",1,66.7,"AS_1_2_9_6","Live",65.8,2002,"AS_1_2_9",24.15721539,29.58216954,30.1088082890909,9.18597603696401,14.2872180417237
"773","AS",2019,1,2,9,6,"PIPO",1,67.2,"AS_1_2_9_6","Live",66.7,2013,"AS_1_2_9",24.94124094,24.15721539,9.6787564765,8.43763578456808,58.4174286858653
"774","AS",2013,1,2,9,8,"PIPO",1,48,"AS_1_2_9_8","Live",44.8,2002,"AS_1_2_9",24.15721539,29.58216954,30.1088082890909,9.18597603696401,14.2872180417237
"775","AS",2019,1,2,9,8,"PIPO",1,51.2,"AS_1_2_9_8","Live",48,2013,"AS_1_2_9",24.94124094,24.15721539,9.6787564765,8.43763578456808,58.4174286858653
"776","AS",2013,2,1,10,1,"PIPO",1,11.1,"AS_2_1_10_1","Live",10.5,2002,"AS_2_1_10",47.341693245,42.49375284,54.9643861281818,9.05844858267059,15.3148825689209
"777","AS",2019,2,1,10,1,"PIPO",1,11.4,"AS_2_1_10_1","Live",11.1,2013,"AS_2_1_10",50.770435485,47.341693245,56.5463917533333,8.26652347113206,59.9088942253277
"778","AS",2013,2,1,10,10,"PIPO",1,21.9,"AS_2_1_10_10","Live",19.2,2002,"AS_2_1_10",47.341693245,42.49375284,54.9643861281818,9.05844858267059,15.3148825689209
"779","AS",2019,2,1,10,10,"PIPO",1,23.4,"AS_2_1_10_10","Live",21.9,2013,"AS_2_1_10",50.770435485,47.341693245,56.5463917533333,8.26652347113206,59.9088942253277
"780","AS",2013,2,1,10,12,"PIPO",1,30.9,"AS_2_1_10_12","Live",29.1,2002,"AS_2_1_10",47.341693245,42.49375284,54.9643861281818,9.05844858267059,15.3148825689209
"781","AS",2019,2,1,10,12,"PIPO",1,32.8,"AS_2_1_10_12","Live",30.9,2013,"AS_2_1_10",50.770435485,47.341693245,56.5463917533333,8.26652347113206,59.9088942253277
"782","AS",2013,2,1,10,13,"PIPO",1,13.5,"AS_2_1_10_13","Live",12.5,2002,"AS_2_1_10",47.341693245,42.49375284,54.9643861281818,9.05844858267059,15.3148825689209
"783","AS",2019,2,1,10,13,"PIPO",1,14.1,"AS_2_1_10_13","Live",13.5,2013,"AS_2_1_10",50.770435485,47.341693245,56.5463917533333,8.26652347113206,59.9088942253277
"784","AS",2013,2,1,10,14,"PIPO",1,14.9,"AS_2_1_10_14","Live",15.9,2002,"AS_2_1_10",47.341693245,42.49375284,54.9643861281818,9.05844858267059,15.3148825689209
"785","AS",2019,2,1,10,14,"PIPO",3,NA,"AS_2_1_10_14","Dead",14.9,2013,"AS_2_1_10",50.770435485,47.341693245,56.5463917533333,8.26652347113206,59.9088942253277
"786","AS",2013,2,1,10,15,"PIPO",1,14.4,"AS_2_1_10_15","Live",13,2002,"AS_2_1_10",47.341693245,42.49375284,54.9643861281818,9.05844858267059,15.3148825689209
"787","AS",2019,2,1,10,15,"PIPO",1,15.5,"AS_2_1_10_15","Live",14.4,2013,"AS_2_1_10",50.770435485,47.341693245,56.5463917533333,8.26652347113206,59.9088942253277
"788","AS",2013,2,1,10,16,"PIPO",1,9.2,"AS_2_1_10_16","Live",8.6,2002,"AS_2_1_10",47.341693245,42.49375284,54.9643861281818,9.05844858267059,15.3148825689209
"789","AS",2019,2,1,10,16,"PIPO",3,NA,"AS_2_1_10_16","Dead",9.2,2013,"AS_2_1_10",50.770435485,47.341693245,56.5463917533333,8.26652347113206,59.9088942253277
"790","AS",2013,2,1,10,18,"PIPO",1,35.6,"AS_2_1_10_18","Live",32,2002,"AS_2_1_10",47.341693245,42.49375284,54.9643861281818,9.05844858267059,15.3148825689209
"791","AS",2019,2,1,10,18,"PIPO",1,37.2,"AS_2_1_10_18","Live",35.6,2013,"AS_2_1_10",50.770435485,47.341693245,56.5463917533333,8.26652347113206,59.9088942253277
"792","AS",2013,2,1,10,19,"PIPO",1,34,"AS_2_1_10_19","Live",32.4,2002,"AS_2_1_10",47.341693245,42.49375284,54.9643861281818,9.05844858267059,15.3148825689209
"793","AS",2019,2,1,10,19,"PIPO",1,35.6,"AS_2_1_10_19","Live",34,2013,"AS_2_1_10",50.770435485,47.341693245,56.5463917533333,8.26652347113206,59.9088942253277
"794","AS",2013,2,1,10,2,"PIPO",1,18.7,"AS_2_1_10_2","Live",16.8,2002,"AS_2_1_10",47.341693245,42.49375284,54.9643861281818,9.05844858267059,15.3148825689209
"795","AS",2019,2,1,10,2,"PIPO",1,19.6,"AS_2_1_10_2","Live",18.7,2013,"AS_2_1_10",50.770435485,47.341693245,56.5463917533333,8.26652347113206,59.9088942253277
"796","AS",2013,2,1,10,20,"PIPO",1,16,"AS_2_1_10_20","Live",15,2002,"AS_2_1_10",47.341693245,42.49375284,54.9643861281818,9.05844858267059,15.3148825689209
"797","AS",2019,2,1,10,20,"PIPO",1,17,"AS_2_1_10_20","Live",16,2013,"AS_2_1_10",50.770435485,47.341693245,56.5463917533333,8.26652347113206,59.9088942253277
"798","AS",2013,2,1,10,22,"PIPO",1,13.3,"AS_2_1_10_22","Live",11.9,2002,"AS_2_1_10",47.341693245,42.49375284,54.9643861281818,9.05844858267059,15.3148825689209
"799","AS",2019,2,1,10,22,"PIPO",1,13.7,"AS_2_1_10_22","Live",13.3,2013,"AS_2_1_10",50.770435485,47.341693245,56.5463917533333,8.26652347113206,59.9088942253277
"800","AS",2013,2,1,10,24,"PIPO",1,21,"AS_2_1_10_24","Live",19.6,2002,"AS_2_1_10",47.341693245,42.49375284,54.9643861281818,9.05844858267059,15.3148825689209
"801","AS",2019,2,1,10,24,"PIPO",1,22,"AS_2_1_10_24","Live",21,2013,"AS_2_1_10",50.770435485,47.341693245,56.5463917533333,8.26652347113206,59.9088942253277
"802","AS",2013,2,1,10,25,"PIPO",1,35.9,"AS_2_1_10_25","Live",33.8,2002,"AS_2_1_10",47.341693245,42.49375284,54.9643861281818,9.05844858267059,15.3148825689209
"803","AS",2019,2,1,10,25,"PIPO",1,37.9,"AS_2_1_10_25","Live",35.9,2013,"AS_2_1_10",50.770435485,47.341693245,56.5463917533333,8.26652347113206,59.9088942253277
"804","AS",2013,2,1,10,26,"PIPO",3,NA,"AS_2_1_10_26","Dead",7.5,2002,"AS_2_1_10",47.341693245,42.49375284,54.9643861281818,9.05844858267059,15.3148825689209
"805","AS",2013,2,1,10,27,"PIPO",1,20.2,"AS_2_1_10_27","Live",19,2002,"AS_2_1_10",47.341693245,42.49375284,54.9643861281818,9.05844858267059,15.3148825689209
"806","AS",2019,2,1,10,27,"PIPO",1,20.9,"AS_2_1_10_27","Live",20.2,2013,"AS_2_1_10",50.770435485,47.341693245,56.5463917533333,8.26652347113206,59.9088942253277
"807","AS",2013,2,1,10,28,"PIPO",1,24.3,"AS_2_1_10_28","Live",23.8,2002,"AS_2_1_10",47.341693245,42.49375284,54.9643861281818,9.05844858267059,15.3148825689209
"808","AS",2019,2,1,10,28,"PIPO",1,24.7,"AS_2_1_10_28","Live",24.3,2013,"AS_2_1_10",50.770435485,47.341693245,56.5463917533333,8.26652347113206,59.9088942253277
"809","AS",2013,2,1,10,31,"PIPO",1,11.7,"AS_2_1_10_31","Live",10.4,2002,"AS_2_1_10",47.341693245,42.49375284,54.9643861281818,9.05844858267059,15.3148825689209
"810","AS",2019,2,1,10,31,"PIPO",1,12.4,"AS_2_1_10_31","Live",11.7,2013,"AS_2_1_10",50.770435485,47.341693245,56.5463917533333,8.26652347113206,59.9088942253277
"811","AS",2013,2,1,10,32,"PIPO",1,19.7,"AS_2_1_10_32","Live",18.4,2002,"AS_2_1_10",47.341693245,42.49375284,54.9643861281818,9.05844858267059,15.3148825689209
"812","AS",2019,2,1,10,32,"PIPO",1,20.5,"AS_2_1_10_32","Live",19.7,2013,"AS_2_1_10",50.770435485,47.341693245,56.5463917533333,8.26652347113206,59.9088942253277
"813","AS",2013,2,1,10,34,"PIPO",1,17.4,"AS_2_1_10_34","Live",16.4,2002,"AS_2_1_10",47.341693245,42.49375284,54.9643861281818,9.05844858267059,15.3148825689209
"814","AS",2019,2,1,10,34,"PIPO",1,17.9,"AS_2_1_10_34","Live",17.4,2013,"AS_2_1_10",50.770435485,47.341693245,56.5463917533333,8.26652347113206,59.9088942253277
"815","AS",2013,2,1,10,35,"PIPO",1,26.5,"AS_2_1_10_35","Live",25.4,2002,"AS_2_1_10",47.341693245,42.49375284,54.9643861281818,9.05844858267059,15.3148825689209
"816","AS",2019,2,1,10,35,"PIPO",1,27.5,"AS_2_1_10_35","Live",26.5,2013,"AS_2_1_10",50.770435485,47.341693245,56.5463917533333,8.26652347113206,59.9088942253277
"817","AS",2013,2,1,10,36,"PIPO",1,8.3,"AS_2_1_10_36","Live",8.1,2002,"AS_2_1_10",47.341693245,42.49375284,54.9643861281818,9.05844858267059,15.3148825689209
"818","AS",2019,2,1,10,36,"PIPO",1,8.5,"AS_2_1_10_36","Live",8.3,2013,"AS_2_1_10",50.770435485,47.341693245,56.5463917533333,8.26652347113206,59.9088942253277
"819","AS",2013,2,1,10,37,"PIPO",1,39.1,"AS_2_1_10_37","Live",35.5,2002,"AS_2_1_10",47.341693245,42.49375284,54.9643861281818,9.05844858267059,15.3148825689209
"820","AS",2019,2,1,10,37,"PIPO",1,40.9,"AS_2_1_10_37","Live",39.1,2013,"AS_2_1_10",50.770435485,47.341693245,56.5463917533333,8.26652347113206,59.9088942253277
"821","AS",2013,2,1,10,38,"PIPO",1,13,"AS_2_1_10_38","Live",12.7,2002,"AS_2_1_10",47.341693245,42.49375284,54.9643861281818,9.05844858267059,15.3148825689209
"822","AS",2019,2,1,10,38,"PIPO",1,13.1,"AS_2_1_10_38","Live",13,2013,"AS_2_1_10",50.770435485,47.341693245,56.5463917533333,8.26652347113206,59.9088942253277
"823","AS",2013,2,1,10,39,"PIPO",3,NA,"AS_2_1_10_39","Dead",11,2002,"AS_2_1_10",47.341693245,42.49375284,54.9643861281818,9.05844858267059,15.3148825689209
"824","AS",2013,2,1,10,41,"PIPO",1,42.2,"AS_2_1_10_41","Live",40.2,2002,"AS_2_1_10",47.341693245,42.49375284,54.9643861281818,9.05844858267059,15.3148825689209
"825","AS",2019,2,1,10,41,"PIPO",1,44.2,"AS_2_1_10_41","Live",42.2,2013,"AS_2_1_10",50.770435485,47.341693245,56.5463917533333,8.26652347113206,59.9088942253277
"826","AS",2013,2,1,10,43,"PIPO",1,13.1,"AS_2_1_10_43","Live",13,2002,"AS_2_1_10",47.341693245,42.49375284,54.9643861281818,9.05844858267059,15.3148825689209
"827","AS",2019,2,1,10,43,"PIPO",2,12.8,"AS_2_1_10_43","Live",13.1,2013,"AS_2_1_10",50.770435485,47.341693245,56.5463917533333,8.26652347113206,59.9088942253277
"828","AS",2013,2,1,10,45,"PIPO",1,27,"AS_2_1_10_45","Live",24.8,2002,"AS_2_1_10",47.341693245,42.49375284,54.9643861281818,9.05844858267059,15.3148825689209
"829","AS",2019,2,1,10,45,"PIPO",1,28.5,"AS_2_1_10_45","Live",27,2013,"AS_2_1_10",50.770435485,47.341693245,56.5463917533333,8.26652347113206,59.9088942253277
"830","AS",2013,2,1,10,46,"PIPO",1,28.4,"AS_2_1_10_46","Live",28,2002,"AS_2_1_10",47.341693245,42.49375284,54.9643861281818,9.05844858267059,15.3148825689209
"831","AS",2019,2,1,10,46,"PIPO",1,28.5,"AS_2_1_10_46","Live",28.4,2013,"AS_2_1_10",50.770435485,47.341693245,56.5463917533333,8.26652347113206,59.9088942253277
"832","AS",2013,2,1,10,48,"PIPO",1,35.2,"AS_2_1_10_48","Live",32,2002,"AS_2_1_10",47.341693245,42.49375284,54.9643861281818,9.05844858267059,15.3148825689209
"833","AS",2019,2,1,10,48,"PIPO",1,36.8,"AS_2_1_10_48","Live",35.2,2013,"AS_2_1_10",50.770435485,47.341693245,56.5463917533333,8.26652347113206,59.9088942253277
"834","AS",2013,2,1,10,49,"PIPO",1,27.2,"AS_2_1_10_49","Live",25.2,2002,"AS_2_1_10",47.341693245,42.49375284,54.9643861281818,9.05844858267059,15.3148825689209
"835","AS",2019,2,1,10,49,"PIPO",1,28.6,"AS_2_1_10_49","Live",27.2,2013,"AS_2_1_10",50.770435485,47.341693245,56.5463917533333,8.26652347113206,59.9088942253277
"836","AS",2013,2,1,10,51,"PIPO",1,28.3,"AS_2_1_10_51","Live",26.7,2002,"AS_2_1_10",47.341693245,42.49375284,54.9643861281818,9.05844858267059,15.3148825689209
"837","AS",2019,2,1,10,51,"PIPO",1,29.2,"AS_2_1_10_51","Live",28.3,2013,"AS_2_1_10",50.770435485,47.341693245,56.5463917533333,8.26652347113206,59.9088942253277
"838","AS",2013,2,1,10,52,"PIPO",1,14.1,"AS_2_1_10_52","Live",13.8,2002,"AS_2_1_10",47.341693245,42.49375284,54.9643861281818,9.05844858267059,15.3148825689209
"839","AS",2019,2,1,10,52,"PIPO",1,14.7,"AS_2_1_10_52","Live",14.1,2013,"AS_2_1_10",50.770435485,47.341693245,56.5463917533333,8.26652347113206,59.9088942253277
"840","AS",2013,2,1,10,57,"PIPO",1,18.9,"AS_2_1_10_57","Live",17.8,2002,"AS_2_1_10",47.341693245,42.49375284,54.9643861281818,9.05844858267059,15.3148825689209
"841","AS",2019,2,1,10,57,"PIPO",1,19.9,"AS_2_1_10_57","Live",18.9,2013,"AS_2_1_10",50.770435485,47.341693245,56.5463917533333,8.26652347113206,59.9088942253277
"842","AS",2013,2,1,10,58,"PIPO",3,NA,"AS_2_1_10_58","Dead",11.4,2002,"AS_2_1_10",47.341693245,42.49375284,54.9643861281818,9.05844858267059,15.3148825689209
"843","AS",2013,2,1,10,59,"PIPO",1,18.1,"AS_2_1_10_59","Live",17.6,2002,"AS_2_1_10",47.341693245,42.49375284,54.9643861281818,9.05844858267059,15.3148825689209
"844","AS",2019,2,1,10,59,"PIPO",1,18.6,"AS_2_1_10_59","Live",18.1,2013,"AS_2_1_10",50.770435485,47.341693245,56.5463917533333,8.26652347113206,59.9088942253277
"845","AS",2013,2,1,10,6,"PIPO",1,18,"AS_2_1_10_6","Live",17.3,2002,"AS_2_1_10",47.341693245,42.49375284,54.9643861281818,9.05844858267059,15.3148825689209
"846","AS",2019,2,1,10,6,"PIPO",1,19.5,"AS_2_1_10_6","Live",18,2013,"AS_2_1_10",50.770435485,47.341693245,56.5463917533333,8.26652347113206,59.9088942253277
"847","AS",2013,2,1,10,60,"PIPO",1,24.9,"AS_2_1_10_60","Live",21.5,2002,"AS_2_1_10",47.341693245,42.49375284,54.9643861281818,9.05844858267059,15.3148825689209
"848","AS",2019,2,1,10,60,"PIPO",1,27.7,"AS_2_1_10_60","Live",24.9,2013,"AS_2_1_10",50.770435485,47.341693245,56.5463917533333,8.26652347113206,59.9088942253277
"849","AS",2013,2,1,10,63,"PIPO",1,15.1,"AS_2_1_10_63","Live",14.5,2002,"AS_2_1_10",47.341693245,42.49375284,54.9643861281818,9.05844858267059,15.3148825689209
"850","AS",2019,2,1,10,63,"PIPO",1,15.5,"AS_2_1_10_63","Live",15.1,2013,"AS_2_1_10",50.770435485,47.341693245,56.5463917533333,8.26652347113206,59.9088942253277
"851","AS",2013,2,1,10,64,"PIPO",3,NA,"AS_2_1_10_64","Dead",11.2,2002,"AS_2_1_10",47.341693245,42.49375284,54.9643861281818,9.05844858267059,15.3148825689209
"852","AS",2013,2,1,10,66,"PIPO",1,20.9,"AS_2_1_10_66","Live",17.8,2002,"AS_2_1_10",47.341693245,42.49375284,54.9643861281818,9.05844858267059,15.3148825689209
"853","AS",2019,2,1,10,66,"PIPO",1,21.4,"AS_2_1_10_66","Live",20.9,2013,"AS_2_1_10",50.770435485,47.341693245,56.5463917533333,8.26652347113206,59.9088942253277
"854","AS",2013,2,1,10,70,"PIPO",1,19,"AS_2_1_10_70","Live",15.8,2002,"AS_2_1_10",47.341693245,42.49375284,54.9643861281818,9.05844858267059,15.3148825689209
"855","AS",2019,2,1,10,70,"PIPO",1,20.2,"AS_2_1_10_70","Live",19,2013,"AS_2_1_10",50.770435485,47.341693245,56.5463917533333,8.26652347113206,59.9088942253277
"856","AS",2013,2,1,10,72,"PIPO",1,21.2,"AS_2_1_10_72","Live",19.1,2002,"AS_2_1_10",47.341693245,42.49375284,54.9643861281818,9.05844858267059,15.3148825689209
"857","AS",2019,2,1,10,72,"PIPO",1,22.7,"AS_2_1_10_72","Live",21.2,2013,"AS_2_1_10",50.770435485,47.341693245,56.5463917533333,8.26652347113206,59.9088942253277
"858","AS",2013,2,1,10,73,"PIPO",1,14.1,"AS_2_1_10_73","Live",13.5,2002,"AS_2_1_10",47.341693245,42.49375284,54.9643861281818,9.05844858267059,15.3148825689209
"859","AS",2019,2,1,10,73,"PIPO",1,14.6,"AS_2_1_10_73","Live",14.1,2013,"AS_2_1_10",50.770435485,47.341693245,56.5463917533333,8.26652347113206,59.9088942253277
"860","AS",2013,2,1,10,74,"PIPO",1,11.4,"AS_2_1_10_74","Live",11.1,2002,"AS_2_1_10",47.341693245,42.49375284,54.9643861281818,9.05844858267059,15.3148825689209
"861","AS",2019,2,1,10,74,"PIPO",1,11.5,"AS_2_1_10_74","Live",11.4,2013,"AS_2_1_10",50.770435485,47.341693245,56.5463917533333,8.26652347113206,59.9088942253277
"862","AS",2013,2,1,10,76,"PIPO",1,11.2,"AS_2_1_10_76","Live",11.7,2002,"AS_2_1_10",47.341693245,42.49375284,54.9643861281818,9.05844858267059,15.3148825689209
"863","AS",2019,2,1,10,76,"PIPO",1,10.9,"AS_2_1_10_76","Live",11.2,2013,"AS_2_1_10",50.770435485,47.341693245,56.5463917533333,8.26652347113206,59.9088942253277
"864","AS",2013,2,1,10,77,"PIPO",1,12,"AS_2_1_10_77","Live",12.7,2002,"AS_2_1_10",47.341693245,42.49375284,54.9643861281818,9.05844858267059,15.3148825689209
"865","AS",2013,2,1,10,78,"PIPO",1,16.5,"AS_2_1_10_78","Live",15.2,2002,"AS_2_1_10",47.341693245,42.49375284,54.9643861281818,9.05844858267059,15.3148825689209
"866","AS",2019,2,1,10,78,"PIPO",1,17.1,"AS_2_1_10_78","Live",16.5,2013,"AS_2_1_10",50.770435485,47.341693245,56.5463917533333,8.26652347113206,59.9088942253277
"867","AS",2013,2,1,10,80,"PIPO",1,13.5,"AS_2_1_10_80","Live",13.4,2002,"AS_2_1_10",47.341693245,42.49375284,54.9643861281818,9.05844858267059,15.3148825689209
"868","AS",2019,2,1,10,80,"PIPO",1,13.7,"AS_2_1_10_80","Live",13.5,2013,"AS_2_1_10",50.770435485,47.341693245,56.5463917533333,8.26652347113206,59.9088942253277
"869","AS",2013,2,1,10,81,"PIPO",1,38.9,"AS_2_1_10_81","Live",35.9,2002,"AS_2_1_10",47.341693245,42.49375284,54.9643861281818,9.05844858267059,15.3148825689209
"870","AS",2019,2,1,10,81,"PIPO",1,40.5,"AS_2_1_10_81","Live",38.9,2013,"AS_2_1_10",50.770435485,47.341693245,56.5463917533333,8.26652347113206,59.9088942253277
"871","AS",2013,2,1,10,9,"PIPO",1,17.9,"AS_2_1_10_9","Live",16.8,2002,"AS_2_1_10",47.341693245,42.49375284,54.9643861281818,9.05844858267059,15.3148825689209
"872","AS",2019,2,1,10,9,"PIPO",1,18.9,"AS_2_1_10_9","Live",17.9,2013,"AS_2_1_10",50.770435485,47.341693245,56.5463917533333,8.26652347113206,59.9088942253277
"873","AS",2013,2,1,11,1,"PIPO",1,7.1,"AS_2_1_11_1","Live",5.6,2002,"AS_2_1_11",35.11244583,33.265047585,37.8617810772727,9.05844858267059,17.0841865263403
"874","AS",2019,2,1,11,1,"PIPO",1,8,"AS_2_1_11_1","Live",7.1,2013,"AS_2_1_11",36.3756438333784,35.11244583,38.3622449,8.26652347113206,63.2203265465872
"875","AS",2013,2,1,11,10,"PIPO",1,3.8,"AS_2_1_11_10","Live",2.4,2002,"AS_2_1_11",35.11244583,33.265047585,37.8617810772727,9.05844858267059,17.0841865263403
"876","AS",2019,2,1,11,10,"PIPO",1,4.6,"AS_2_1_11_10","Live",3.8,2013,"AS_2_1_11",36.3756438333784,35.11244583,38.3622449,8.26652347113206,63.2203265465872
"877","AS",2013,2,1,11,11,"PIPO",1,27.2,"AS_2_1_11_11","Live",25.7,2002,"AS_2_1_11",35.11244583,33.265047585,37.8617810772727,9.05844858267059,17.0841865263403
"878","AS",2019,2,1,11,11,"PIPO",1,28.1,"AS_2_1_11_11","Live",27.2,2013,"AS_2_1_11",36.3756438333784,35.11244583,38.3622449,8.26652347113206,63.2203265465872
"879","AS",2013,2,1,11,12,"PIPO",1,9.6,"AS_2_1_11_12","Live",8.6,2002,"AS_2_1_11",35.11244583,33.265047585,37.8617810772727,9.05844858267059,17.0841865263403
"880","AS",2019,2,1,11,12,"PIPO",1,10,"AS_2_1_11_12","Live",9.6,2013,"AS_2_1_11",36.3756438333784,35.11244583,38.3622449,8.26652347113206,63.2203265465872
"881","AS",2013,2,1,11,13,"PIPO",1,32.4,"AS_2_1_11_13","Live",29.8,2002,"AS_2_1_11",35.11244583,33.265047585,37.8617810772727,9.05844858267059,17.0841865263403
"882","AS",2019,2,1,11,13,"PIPO",1,33.6,"AS_2_1_11_13","Live",32.4,2013,"AS_2_1_11",36.3756438333784,35.11244583,38.3622449,8.26652347113206,63.2203265465872
"883","AS",2013,2,1,11,14,"PIPO",1,6.4,"AS_2_1_11_14","Live",6.2,2002,"AS_2_1_11",35.11244583,33.265047585,37.8617810772727,9.05844858267059,17.0841865263403
"884","AS",2019,2,1,11,14,"PIPO",1,6.7,"AS_2_1_11_14","Live",6.4,2013,"AS_2_1_11",36.3756438333784,35.11244583,38.3622449,8.26652347113206,63.2203265465872
"885","AS",2013,2,1,11,15,"PIPO",1,14.9,"AS_2_1_11_15","Live",12.2,2002,"AS_2_1_11",35.11244583,33.265047585,37.8617810772727,9.05844858267059,17.0841865263403
"886","AS",2019,2,1,11,15,"PIPO",1,15.9,"AS_2_1_11_15","Live",14.9,2013,"AS_2_1_11",36.3756438333784,35.11244583,38.3622449,8.26652347113206,63.2203265465872
"887","AS",2013,2,1,11,16,"PIPO",1,6.7,"AS_2_1_11_16","Live",5.9,2002,"AS_2_1_11",35.11244583,33.265047585,37.8617810772727,9.05844858267059,17.0841865263403
"888","AS",2019,2,1,11,16,"PIPO",1,6.8,"AS_2_1_11_16","Live",6.7,2013,"AS_2_1_11",36.3756438333784,35.11244583,38.3622449,8.26652347113206,63.2203265465872
"889","AS",2013,2,1,11,17,"PIPO",1,15.2,"AS_2_1_11_17","Live",14,2002,"AS_2_1_11",35.11244583,33.265047585,37.8617810772727,9.05844858267059,17.0841865263403
"890","AS",2019,2,1,11,17,"PIPO",1,15.9,"AS_2_1_11_17","Live",15.2,2013,"AS_2_1_11",36.3756438333784,35.11244583,38.3622449,8.26652347113206,63.2203265465872
"891","AS",2013,2,1,11,19,"PIPO",1,16.3,"AS_2_1_11_19","Live",15.8,2002,"AS_2_1_11",35.11244583,33.265047585,37.8617810772727,9.05844858267059,17.0841865263403
"892","AS",2019,2,1,11,19,"PIPO",1,16.8,"AS_2_1_11_19","Live",16.3,2013,"AS_2_1_11",36.3756438333784,35.11244583,38.3622449,8.26652347113206,63.2203265465872
"893","AS",2013,2,1,11,2,"PIPO",1,11.4,"AS_2_1_11_2","Live",10,2002,"AS_2_1_11",35.11244583,33.265047585,37.8617810772727,9.05844858267059,17.0841865263403
"894","AS",2019,2,1,11,2,"PIPO",1,12.2,"AS_2_1_11_2","Live",11.4,2013,"AS_2_1_11",36.3756438333784,35.11244583,38.3622449,8.26652347113206,63.2203265465872
"895","AS",2013,2,1,11,20,"PIPO",1,13.2,"AS_2_1_11_20","Live",12.5,2002,"AS_2_1_11",35.11244583,33.265047585,37.8617810772727,9.05844858267059,17.0841865263403
"896","AS",2019,2,1,11,20,"PIPO",1,13.8,"AS_2_1_11_20","Live",13.2,2013,"AS_2_1_11",36.3756438333784,35.11244583,38.3622449,8.26652347113206,63.2203265465872
"897","AS",2013,2,1,11,21,"PIPO",1,29.8,"AS_2_1_11_21","Live",26.9,2002,"AS_2_1_11",35.11244583,33.265047585,37.8617810772727,9.05844858267059,17.0841865263403
"898","AS",2019,2,1,11,21,"PIPO",1,31.6,"AS_2_1_11_21","Live",29.8,2013,"AS_2_1_11",36.3756438333784,35.11244583,38.3622449,8.26652347113206,63.2203265465872
"899","AS",2013,2,1,11,22,"PIPO",1,25.5,"AS_2_1_11_22","Live",24.8,2002,"AS_2_1_11",35.11244583,33.265047585,37.8617810772727,9.05844858267059,17.0841865263403
"900","AS",2019,2,1,11,22,"PIPO",2,25.5,"AS_2_1_11_22","Live",25.5,2013,"AS_2_1_11",36.3756438333784,35.11244583,38.3622449,8.26652347113206,63.2203265465872
"901","AS",2013,2,1,11,25,"PIPO",1,11.2,"AS_2_1_11_25","Live",9.5,2002,"AS_2_1_11",35.11244583,33.265047585,37.8617810772727,9.05844858267059,17.0841865263403
"902","AS",2019,2,1,11,25,"PIPO",1,12,"AS_2_1_11_25","Live",11.2,2013,"AS_2_1_11",36.3756438333784,35.11244583,38.3622449,8.26652347113206,63.2203265465872
"903","AS",2013,2,1,11,26,"PIPO",6,NA,"AS_2_1_11_26","Dead",18.5,2002,"AS_2_1_11",35.11244583,33.265047585,37.8617810772727,9.05844858267059,17.0841865263403
"904","AS",2013,2,1,11,29,"PIPO",1,16.6,"AS_2_1_11_29","Live",16,2002,"AS_2_1_11",35.11244583,33.265047585,37.8617810772727,9.05844858267059,17.0841865263403
"905","AS",2019,2,1,11,29,"PIPO",1,17,"AS_2_1_11_29","Live",16.6,2013,"AS_2_1_11",36.3756438333784,35.11244583,38.3622449,8.26652347113206,63.2203265465872
"906","AS",2013,2,1,11,34,"PIPO",1,27,"AS_2_1_11_34","Live",24,2002,"AS_2_1_11",35.11244583,33.265047585,37.8617810772727,9.05844858267059,17.0841865263403
"907","AS",2019,2,1,11,34,"PIPO",1,27.6,"AS_2_1_11_34","Live",27,2013,"AS_2_1_11",36.3756438333784,35.11244583,38.3622449,8.26652347113206,63.2203265465872
"908","AS",2013,2,1,11,36,"PIPO",1,26.3,"AS_2_1_11_36","Live",26.1,2002,"AS_2_1_11",35.11244583,33.265047585,37.8617810772727,9.05844858267059,17.0841865263403
"909","AS",2019,2,1,11,36,"PIPO",3,NA,"AS_2_1_11_36","Dead",26.3,2013,"AS_2_1_11",36.3756438333784,35.11244583,38.3622449,8.26652347113206,63.2203265465872
"910","AS",2013,2,1,11,37,"PIPO",1,22.5,"AS_2_1_11_37","Live",21.9,2002,"AS_2_1_11",35.11244583,33.265047585,37.8617810772727,9.05844858267059,17.0841865263403
"911","AS",2019,2,1,11,37,"PIPO",1,22.1,"AS_2_1_11_37","Live",22.5,2013,"AS_2_1_11",36.3756438333784,35.11244583,38.3622449,8.26652347113206,63.2203265465872
"912","AS",2013,2,1,11,39,"PIPO",1,36.8,"AS_2_1_11_39","Live",35.6,2002,"AS_2_1_11",35.11244583,33.265047585,37.8617810772727,9.05844858267059,17.0841865263403
"913","AS",2019,2,1,11,39,"PIPO",1,37.9,"AS_2_1_11_39","Live",36.8,2013,"AS_2_1_11",36.3756438333784,35.11244583,38.3622449,8.26652347113206,63.2203265465872
"914","AS",2013,2,1,11,4,"PIPO",1,12.2,"AS_2_1_11_4","Live",10.9,2002,"AS_2_1_11",35.11244583,33.265047585,37.8617810772727,9.05844858267059,17.0841865263403
"915","AS",2019,2,1,11,4,"PIPO",1,12.6,"AS_2_1_11_4","Live",12.2,2013,"AS_2_1_11",36.3756438333784,35.11244583,38.3622449,8.26652347113206,63.2203265465872
"916","AS",2013,2,1,11,41,"PIPO",1,14.9,"AS_2_1_11_41","Live",15,2002,"AS_2_1_11",35.11244583,33.265047585,37.8617810772727,9.05844858267059,17.0841865263403
"917","AS",2019,2,1,11,41,"PIPO",1,15,"AS_2_1_11_41","Live",14.9,2013,"AS_2_1_11",36.3756438333784,35.11244583,38.3622449,8.26652347113206,63.2203265465872
"918","AS",2013,2,1,11,42,"PIPO",1,20.8,"AS_2_1_11_42","Live",19.3,2002,"AS_2_1_11",35.11244583,33.265047585,37.8617810772727,9.05844858267059,17.0841865263403
"919","AS",2019,2,1,11,42,"PIPO",1,21,"AS_2_1_11_42","Live",20.8,2013,"AS_2_1_11",36.3756438333784,35.11244583,38.3622449,8.26652347113206,63.2203265465872
"920","AS",2013,2,1,11,45,"PIPO",1,19.7,"AS_2_1_11_45","Live",19.5,2002,"AS_2_1_11",35.11244583,33.265047585,37.8617810772727,9.05844858267059,17.0841865263403
"921","AS",2019,2,1,11,45,"PIPO",1,19.4,"AS_2_1_11_45","Live",19.7,2013,"AS_2_1_11",36.3756438333784,35.11244583,38.3622449,8.26652347113206,63.2203265465872
"922","AS",2013,2,1,11,46,"PIPO",1,9.6,"AS_2_1_11_46","Live",9.4,2002,"AS_2_1_11",35.11244583,33.265047585,37.8617810772727,9.05844858267059,17.0841865263403
"923","AS",2019,2,1,11,46,"PIPO",1,9.5,"AS_2_1_11_46","Live",9.6,2013,"AS_2_1_11",36.3756438333784,35.11244583,38.3622449,8.26652347113206,63.2203265465872
"924","AS",2013,2,1,11,49,"PIPO",1,36.5,"AS_2_1_11_49","Live",34.7,2002,"AS_2_1_11",35.11244583,33.265047585,37.8617810772727,9.05844858267059,17.0841865263403
"925","AS",2019,2,1,11,49,"PIPO",1,36.8,"AS_2_1_11_49","Live",36.5,2013,"AS_2_1_11",36.3756438333784,35.11244583,38.3622449,8.26652347113206,63.2203265465872
"926","AS",2013,2,1,11,5,"PIPO",1,4,"AS_2_1_11_5","Live",3.5,2002,"AS_2_1_11",35.11244583,33.265047585,37.8617810772727,9.05844858267059,17.0841865263403
"927","AS",2019,2,1,11,5,"PIPO",1,3.9,"AS_2_1_11_5","Live",4,2013,"AS_2_1_11",36.3756438333784,35.11244583,38.3622449,8.26652347113206,63.2203265465872
"928","AS",2013,2,1,11,51,"PIPO",1,12.3,"AS_2_1_11_51","Live",11,2002,"AS_2_1_11",35.11244583,33.265047585,37.8617810772727,9.05844858267059,17.0841865263403
"929","AS",2019,2,1,11,51,"PIPO",1,12.5,"AS_2_1_11_51","Live",12.3,2013,"AS_2_1_11",36.3756438333784,35.11244583,38.3622449,8.26652347113206,63.2203265465872
"930","AS",2013,2,1,11,52,"PIPO",1,15.5,"AS_2_1_11_52","Live",14.6,2002,"AS_2_1_11",35.11244583,33.265047585,37.8617810772727,9.05844858267059,17.0841865263403
"931","AS",2019,2,1,11,52,"PIPO",1,15.5,"AS_2_1_11_52","Live",15.5,2013,"AS_2_1_11",36.3756438333784,35.11244583,38.3622449,8.26652347113206,63.2203265465872
"932","AS",2013,2,1,11,53,"PIPO",1,31.1,"AS_2_1_11_53","Live",30.8,2002,"AS_2_1_11",35.11244583,33.265047585,37.8617810772727,9.05844858267059,17.0841865263403
"933","AS",2019,2,1,11,53,"PIPO",1,31.7,"AS_2_1_11_53","Live",31.1,2013,"AS_2_1_11",36.3756438333784,35.11244583,38.3622449,8.26652347113206,63.2203265465872
"934","AS",2013,2,1,11,54,"PIPO",1,10.8,"AS_2_1_11_54","Live",8.3,2002,"AS_2_1_11",35.11244583,33.265047585,37.8617810772727,9.05844858267059,17.0841865263403
"935","AS",2019,2,1,11,54,"PIPO",1,10.5,"AS_2_1_11_54","Live",10.8,2013,"AS_2_1_11",36.3756438333784,35.11244583,38.3622449,8.26652347113206,63.2203265465872
"936","AS",2013,2,1,11,55,"PIPO",1,6.2,"AS_2_1_11_55","Live",4.8,2002,"AS_2_1_11",35.11244583,33.265047585,37.8617810772727,9.05844858267059,17.0841865263403
"937","AS",2019,2,1,11,55,"PIPO",1,6.4,"AS_2_1_11_55","Live",6.2,2013,"AS_2_1_11",36.3756438333784,35.11244583,38.3622449,8.26652347113206,63.2203265465872
"938","AS",2013,2,1,11,56,"PIPO",1,6.9,"AS_2_1_11_56","Live",5.5,2002,"AS_2_1_11",35.11244583,33.265047585,37.8617810772727,9.05844858267059,17.0841865263403
"939","AS",2019,2,1,11,56,"PIPO",1,7.5,"AS_2_1_11_56","Live",6.9,2013,"AS_2_1_11",36.3756438333784,35.11244583,38.3622449,8.26652347113206,63.2203265465872
"940","AS",2013,2,1,11,57,"PIPO",6,NA,"AS_2_1_11_57","Dead",23.9,2002,"AS_2_1_11",35.11244583,33.265047585,37.8617810772727,9.05844858267059,17.0841865263403
"941","AS",2013,2,1,11,58,"PIPO",1,5.5,"AS_2_1_11_58","Live",4.8,2002,"AS_2_1_11",35.11244583,33.265047585,37.8617810772727,9.05844858267059,17.0841865263403
"942","AS",2019,2,1,11,58,"PIPO",1,5.8,"AS_2_1_11_58","Live",5.5,2013,"AS_2_1_11",36.3756438333784,35.11244583,38.3622449,8.26652347113206,63.2203265465872
"943","AS",2013,2,1,11,59,"PIPO",1,2.5,"AS_2_1_11_59","Live",2.2,2002,"AS_2_1_11",35.11244583,33.265047585,37.8617810772727,9.05844858267059,17.0841865263403
"944","AS",2019,2,1,11,59,"PIPO",2,2.6,"AS_2_1_11_59","Live",2.5,2013,"AS_2_1_11",36.3756438333784,35.11244583,38.3622449,8.26652347113206,63.2203265465872
"945","AS",2013,2,1,11,6,"PIPO",1,18.2,"AS_2_1_11_6","Live",17.2,2002,"AS_2_1_11",35.11244583,33.265047585,37.8617810772727,9.05844858267059,17.0841865263403
"946","AS",2019,2,1,11,6,"PIPO",1,18.6,"AS_2_1_11_6","Live",18.2,2013,"AS_2_1_11",36.3756438333784,35.11244583,38.3622449,8.26652347113206,63.2203265465872
"947","AS",2013,2,1,11,60,"PIPO",1,17.6,"AS_2_1_11_60","Live",16.3,2002,"AS_2_1_11",35.11244583,33.265047585,37.8617810772727,9.05844858267059,17.0841865263403
"948","AS",2019,2,1,11,60,"PIPO",1,18.6,"AS_2_1_11_60","Live",17.6,2013,"AS_2_1_11",36.3756438333784,35.11244583,38.3622449,8.26652347113206,63.2203265465872
"949","AS",2013,2,1,11,61,"PIPO",1,23.9,"AS_2_1_11_61","Live",22.2,2002,"AS_2_1_11",35.11244583,33.265047585,37.8617810772727,9.05844858267059,17.0841865263403
"950","AS",2019,2,1,11,61,"PIPO",1,24.8,"AS_2_1_11_61","Live",23.9,2013,"AS_2_1_11",36.3756438333784,35.11244583,38.3622449,8.26652347113206,63.2203265465872
"951","AS",2013,2,1,11,63,"PIPO",1,15.9,"AS_2_1_11_63","Live",13.6,2002,"AS_2_1_11",35.11244583,33.265047585,37.8617810772727,9.05844858267059,17.0841865263403
"952","AS",2019,2,1,11,63,"PIPO",1,17,"AS_2_1_11_63","Live",15.9,2013,"AS_2_1_11",36.3756438333784,35.11244583,38.3622449,8.26652347113206,63.2203265465872
"953","AS",2013,2,1,11,65,"PIPO",1,7.7,"AS_2_1_11_65","Live",7.2,2002,"AS_2_1_11",35.11244583,33.265047585,37.8617810772727,9.05844858267059,17.0841865263403
"954","AS",2019,2,1,11,65,"PIPO",1,7.8,"AS_2_1_11_65","Live",7.7,2013,"AS_2_1_11",36.3756438333784,35.11244583,38.3622449,8.26652347113206,63.2203265465872
"955","AS",2013,2,1,11,66,"PIPO",1,9.5,"AS_2_1_11_66","Live",7.9,2002,"AS_2_1_11",35.11244583,33.265047585,37.8617810772727,9.05844858267059,17.0841865263403
"956","AS",2019,2,1,11,66,"PIPO",1,10,"AS_2_1_11_66","Live",9.5,2013,"AS_2_1_11",36.3756438333784,35.11244583,38.3622449,8.26652347113206,63.2203265465872
"957","AS",2013,2,1,11,68,"PIPO",1,34.3,"AS_2_1_11_68","Live",31.5,2002,"AS_2_1_11",35.11244583,33.265047585,37.8617810772727,9.05844858267059,17.0841865263403
"958","AS",2019,2,1,11,68,"PIPO",1,35.2,"AS_2_1_11_68","Live",34.3,2013,"AS_2_1_11",36.3756438333784,35.11244583,38.3622449,8.26652347113206,63.2203265465872
"959","AS",2013,2,1,11,69,"PIPO",1,33.7,"AS_2_1_11_69","Live",31.5,2002,"AS_2_1_11",35.11244583,33.265047585,37.8617810772727,9.05844858267059,17.0841865263403
"960","AS",2019,2,1,11,69,"PIPO",1,35.4,"AS_2_1_11_69","Live",33.7,2013,"AS_2_1_11",36.3756438333784,35.11244583,38.3622449,8.26652347113206,63.2203265465872
"961","AS",2013,2,1,11,70,"PIPO",4,NA,"AS_2_1_11_70","Dead",4.9,2002,"AS_2_1_11",35.11244583,33.265047585,37.8617810772727,9.05844858267059,17.0841865263403
"962","AS",2013,2,1,11,71,"PIPO",1,5.3,"AS_2_1_11_71","Live",2.2,2002,"AS_2_1_11",35.11244583,33.265047585,37.8617810772727,9.05844858267059,17.0841865263403
"963","AS",2019,2,1,11,71,"PIPO",1,6.5,"AS_2_1_11_71","Live",5.3,2013,"AS_2_1_11",36.3756438333784,35.11244583,38.3622449,8.26652347113206,63.2203265465872
"964","AS",2013,2,1,11,72,"PIPO",1,5.1,"AS_2_1_11_72","Live",2.5,2002,"AS_2_1_11",35.11244583,33.265047585,37.8617810772727,9.05844858267059,17.0841865263403
"965","AS",2019,2,1,11,72,"PIPO",1,6.2,"AS_2_1_11_72","Live",5.1,2013,"AS_2_1_11",36.3756438333784,35.11244583,38.3622449,8.26652347113206,63.2203265465872
"966","AS",2013,2,1,11,73,"PIPO",1,5.5,"AS_2_1_11_73","Live",2.3,2002,"AS_2_1_11",35.11244583,33.265047585,37.8617810772727,9.05844858267059,17.0841865263403
"967","AS",2019,2,1,11,73,"PIPO",1,7,"AS_2_1_11_73","Live",5.5,2013,"AS_2_1_11",36.3756438333784,35.11244583,38.3622449,8.26652347113206,63.2203265465872
"968","AS",2013,2,1,11,74,"PIPO",1,15.6,"AS_2_1_11_74","Live",12.5,2002,"AS_2_1_11",35.11244583,33.265047585,37.8617810772727,9.05844858267059,17.0841865263403
"969","AS",2019,2,1,11,74,"PIPO",1,17.2,"AS_2_1_11_74","Live",15.6,2013,"AS_2_1_11",36.3756438333784,35.11244583,38.3622449,8.26652347113206,63.2203265465872
"970","AS",2013,2,1,11,8,"PIPO",1,12.5,"AS_2_1_11_8","Live",11.7,2002,"AS_2_1_11",35.11244583,33.265047585,37.8617810772727,9.05844858267059,17.0841865263403
"971","AS",2019,2,1,11,8,"PIPO",1,13,"AS_2_1_11_8","Live",12.5,2013,"AS_2_1_11",36.3756438333784,35.11244583,38.3622449,8.26652347113206,63.2203265465872
"972","AS",2013,2,1,11,9,"PIPO",1,29.2,"AS_2_1_11_9","Live",26.6,2002,"AS_2_1_11",35.11244583,33.265047585,37.8617810772727,9.05844858267059,17.0841865263403
"973","AS",2019,2,1,11,9,"PIPO",1,30.2,"AS_2_1_11_9","Live",29.2,2013,"AS_2_1_11",36.3756438333784,35.11244583,38.3622449,8.26652347113206,63.2203265465872
"974","AS",2013,2,1,12,1,"PIPO",1,13.9,"AS_2_1_12_1","Live",13.8,2002,"AS_2_1_12",34.53945726,31.41116979,39.3446196663636,9.05844858267059,16.6524144107304
"975","AS",2019,2,1,12,1,"PIPO",1,13.8,"AS_2_1_12_1","Live",13.9,2013,"AS_2_1_12",35.88166659,34.53945726,39.288265305,8.26652347113206,63.9107074909889
"976","AS",2013,2,1,12,104,"PIPO",1,14,"AS_2_1_12_104","Live",12,2002,"AS_2_1_12",34.53945726,31.41116979,39.3446196663636,9.05844858267059,16.6524144107304
"977","AS",2019,2,1,12,104,"PIPO",1,14.8,"AS_2_1_12_104","Live",14,2013,"AS_2_1_12",35.88166659,34.53945726,39.288265305,8.26652347113206,63.9107074909889
"978","AS",2013,2,1,12,108,"PIPO",1,8.1,"AS_2_1_12_108","Live",7.6,2002,"AS_2_1_12",34.53945726,31.41116979,39.3446196663636,9.05844858267059,16.6524144107304
"979","AS",2019,2,1,12,108,"PIPO",1,8.1,"AS_2_1_12_108","Live",8.1,2013,"AS_2_1_12",35.88166659,34.53945726,39.288265305,8.26652347113206,63.9107074909889
"980","AS",2013,2,1,12,109,"PIPO",1,16.3,"AS_2_1_12_109","Live",15.9,2002,"AS_2_1_12",34.53945726,31.41116979,39.3446196663636,9.05844858267059,16.6524144107304
"981","AS",2019,2,1,12,109,"PIPO",1,15.9,"AS_2_1_12_109","Live",16.3,2013,"AS_2_1_12",35.88166659,34.53945726,39.288265305,8.26652347113206,63.9107074909889
"982","AS",2013,2,1,12,110,"PIPO",1,15.8,"AS_2_1_12_110","Live",13.7,2002,"AS_2_1_12",34.53945726,31.41116979,39.3446196663636,9.05844858267059,16.6524144107304
"983","AS",2019,2,1,12,110,"PIPO",1,17,"AS_2_1_12_110","Live",15.8,2013,"AS_2_1_12",35.88166659,34.53945726,39.288265305,8.26652347113206,63.9107074909889
"984","AS",2013,2,1,12,112,"PIPO",1,29.5,"AS_2_1_12_112","Live",28.8,2002,"AS_2_1_12",34.53945726,31.41116979,39.3446196663636,9.05844858267059,16.6524144107304
"985","AS",2019,2,1,12,112,"PIPO",1,29.5,"AS_2_1_12_112","Live",29.5,2013,"AS_2_1_12",35.88166659,34.53945726,39.288265305,8.26652347113206,63.9107074909889
"986","AS",2013,2,1,12,114,"PIPO",1,12.5,"AS_2_1_12_114","Live",10.9,2002,"AS_2_1_12",34.53945726,31.41116979,39.3446196663636,9.05844858267059,16.6524144107304
"987","AS",2019,2,1,12,114,"PIPO",1,13.1,"AS_2_1_12_114","Live",12.5,2013,"AS_2_1_12",35.88166659,34.53945726,39.288265305,8.26652347113206,63.9107074909889
"988","AS",2013,2,1,12,117,"PIPO",1,15.9,"AS_2_1_12_117","Live",13.2,2002,"AS_2_1_12",34.53945726,31.41116979,39.3446196663636,9.05844858267059,16.6524144107304
"989","AS",2019,2,1,12,117,"PIPO",1,16.9,"AS_2_1_12_117","Live",15.9,2013,"AS_2_1_12",35.88166659,34.53945726,39.288265305,8.26652347113206,63.9107074909889
"990","AS",2013,2,1,12,12,"PIPO",1,19.6,"AS_2_1_12_12","Live",18.5,2002,"AS_2_1_12",34.53945726,31.41116979,39.3446196663636,9.05844858267059,16.6524144107304
"991","AS",2019,2,1,12,12,"PIPO",1,19.5,"AS_2_1_12_12","Live",19.6,2013,"AS_2_1_12",35.88166659,34.53945726,39.288265305,8.26652347113206,63.9107074909889
"992","AS",2013,2,1,12,122,"PIPO",1,20.5,"AS_2_1_12_122","Live",19.9,2002,"AS_2_1_12",34.53945726,31.41116979,39.3446196663636,9.05844858267059,16.6524144107304
"993","AS",2019,2,1,12,122,"PIPO",1,20.6,"AS_2_1_12_122","Live",20.5,2013,"AS_2_1_12",35.88166659,34.53945726,39.288265305,8.26652347113206,63.9107074909889
"994","AS",2013,2,1,12,123,"PIPO",1,15.7,"AS_2_1_12_123","Live",14.3,2002,"AS_2_1_12",34.53945726,31.41116979,39.3446196663636,9.05844858267059,16.6524144107304
"995","AS",2019,2,1,12,123,"PIPO",1,16.3,"AS_2_1_12_123","Live",15.7,2013,"AS_2_1_12",35.88166659,34.53945726,39.288265305,8.26652347113206,63.9107074909889
"996","AS",2013,2,1,12,14,"PIPO",4,NA,"AS_2_1_12_14","Dead",26.6,2002,"AS_2_1_12",34.53945726,31.41116979,39.3446196663636,9.05844858267059,16.6524144107304
"997","AS",2013,2,1,12,21,"PIPO",1,16.5,"AS_2_1_12_21","Live",13.7,2002,"AS_2_1_12",34.53945726,31.41116979,39.3446196663636,9.05844858267059,16.6524144107304
"998","AS",2019,2,1,12,21,"PIPO",1,17.9,"AS_2_1_12_21","Live",16.5,2013,"AS_2_1_12",35.88166659,34.53945726,39.288265305,8.26652347113206,63.9107074909889
"999","AS",2013,2,1,12,22,"PIPO",1,27.8,"AS_2_1_12_22","Live",23.7,2002,"AS_2_1_12",34.53945726,31.41116979,39.3446196663636,9.05844858267059,16.6524144107304
"1000","AS",2019,2,1,12,22,"PIPO",1,29.8,"AS_2_1_12_22","Live",27.8,2013,"AS_2_1_12",35.88166659,34.53945726,39.288265305,8.26652347113206,63.9107074909889
"1001","AS",2013,2,1,12,23,"PIPO",1,22.9,"AS_2_1_12_23","Live",22,2002,"AS_2_1_12",34.53945726,31.41116979,39.3446196663636,9.05844858267059,16.6524144107304
"1002","AS",2019,2,1,12,23,"PIPO",1,22.7,"AS_2_1_12_23","Live",22.9,2013,"AS_2_1_12",35.88166659,34.53945726,39.288265305,8.26652347113206,63.9107074909889
"1003","AS",2013,2,1,12,27,"PIPO",1,26,"AS_2_1_12_27","Live",23,2002,"AS_2_1_12",34.53945726,31.41116979,39.3446196663636,9.05844858267059,16.6524144107304
"1004","AS",2019,2,1,12,27,"PIPO",1,27.1,"AS_2_1_12_27","Live",26,2013,"AS_2_1_12",35.88166659,34.53945726,39.288265305,8.26652347113206,63.9107074909889
"1005","AS",2013,2,1,12,29,"PIPO",1,20.8,"AS_2_1_12_29","Live",18.2,2002,"AS_2_1_12",34.53945726,31.41116979,39.3446196663636,9.05844858267059,16.6524144107304
"1006","AS",2019,2,1,12,29,"PIPO",1,22,"AS_2_1_12_29","Live",20.8,2013,"AS_2_1_12",35.88166659,34.53945726,39.288265305,8.26652347113206,63.9107074909889
"1007","AS",2013,2,1,12,31,"PIPO",1,12.5,"AS_2_1_12_31","Live",11.1,2002,"AS_2_1_12",34.53945726,31.41116979,39.3446196663636,9.05844858267059,16.6524144107304
"1008","AS",2019,2,1,12,31,"PIPO",1,12.9,"AS_2_1_12_31","Live",12.5,2013,"AS_2_1_12",35.88166659,34.53945726,39.288265305,8.26652347113206,63.9107074909889
"1009","AS",2013,2,1,12,34,"PIPO",1,19.9,"AS_2_1_12_34","Live",18,2002,"AS_2_1_12",34.53945726,31.41116979,39.3446196663636,9.05844858267059,16.6524144107304
"1010","AS",2019,2,1,12,34,"PIPO",1,20.6,"AS_2_1_12_34","Live",19.9,2013,"AS_2_1_12",35.88166659,34.53945726,39.288265305,8.26652347113206,63.9107074909889
"1011","AS",2013,2,1,12,35,"PIPO",1,25.4,"AS_2_1_12_35","Live",22.9,2002,"AS_2_1_12",34.53945726,31.41116979,39.3446196663636,9.05844858267059,16.6524144107304
"1012","AS",2019,2,1,12,35,"PIPO",1,26.2,"AS_2_1_12_35","Live",25.4,2013,"AS_2_1_12",35.88166659,34.53945726,39.288265305,8.26652347113206,63.9107074909889
"1013","AS",2013,2,1,12,41,"PIPO",1,26.2,"AS_2_1_12_41","Live",24,2002,"AS_2_1_12",34.53945726,31.41116979,39.3446196663636,9.05844858267059,16.6524144107304
"1014","AS",2019,2,1,12,41,"PIPO",1,26.8,"AS_2_1_12_41","Live",26.2,2013,"AS_2_1_12",35.88166659,34.53945726,39.288265305,8.26652347113206,63.9107074909889
"1015","AS",2013,2,1,12,43,"PIPO",1,26.3,"AS_2_1_12_43","Live",23.9,2002,"AS_2_1_12",34.53945726,31.41116979,39.3446196663636,9.05844858267059,16.6524144107304
"1016","AS",2019,2,1,12,43,"PIPO",1,27.5,"AS_2_1_12_43","Live",26.3,2013,"AS_2_1_12",35.88166659,34.53945726,39.288265305,8.26652347113206,63.9107074909889
"1017","AS",2013,2,1,12,44,"PIPO",1,24.8,"AS_2_1_12_44","Live",21.1,2002,"AS_2_1_12",34.53945726,31.41116979,39.3446196663636,9.05844858267059,16.6524144107304
"1018","AS",2019,2,1,12,44,"PIPO",1,26.4,"AS_2_1_12_44","Live",24.8,2013,"AS_2_1_12",35.88166659,34.53945726,39.288265305,8.26652347113206,63.9107074909889
"1019","AS",2013,2,1,12,47,"PIPO",1,21.7,"AS_2_1_12_47","Live",19.3,2002,"AS_2_1_12",34.53945726,31.41116979,39.3446196663636,9.05844858267059,16.6524144107304
"1020","AS",2019,2,1,12,47,"PIPO",1,22.9,"AS_2_1_12_47","Live",21.7,2013,"AS_2_1_12",35.88166659,34.53945726,39.288265305,8.26652347113206,63.9107074909889
"1021","AS",2013,2,1,12,48,"PIPO",1,18.2,"AS_2_1_12_48","Live",16.5,2002,"AS_2_1_12",34.53945726,31.41116979,39.3446196663636,9.05844858267059,16.6524144107304
"1022","AS",2019,2,1,12,48,"PIPO",1,18.5,"AS_2_1_12_48","Live",18.2,2013,"AS_2_1_12",35.88166659,34.53945726,39.288265305,8.26652347113206,63.9107074909889
"1023","AS",2013,2,1,12,57,"PIPO",1,19.7,"AS_2_1_12_57","Live",18.8,2002,"AS_2_1_12",34.53945726,31.41116979,39.3446196663636,9.05844858267059,16.6524144107304
"1024","AS",2019,2,1,12,57,"PIPO",1,20,"AS_2_1_12_57","Live",19.7,2013,"AS_2_1_12",35.88166659,34.53945726,39.288265305,8.26652347113206,63.9107074909889
"1025","AS",2013,2,1,12,58,"PIPO",1,25.3,"AS_2_1_12_58","Live",23,2002,"AS_2_1_12",34.53945726,31.41116979,39.3446196663636,9.05844858267059,16.6524144107304
"1026","AS",2019,2,1,12,58,"PIPO",1,26.3,"AS_2_1_12_58","Live",25.3,2013,"AS_2_1_12",35.88166659,34.53945726,39.288265305,8.26652347113206,63.9107074909889
"1027","AS",2013,2,1,12,59,"PIPO",1,26.4,"AS_2_1_12_59","Live",24.2,2002,"AS_2_1_12",34.53945726,31.41116979,39.3446196663636,9.05844858267059,16.6524144107304
"1028","AS",2019,2,1,12,59,"PIPO",1,27.4,"AS_2_1_12_59","Live",26.4,2013,"AS_2_1_12",35.88166659,34.53945726,39.288265305,8.26652347113206,63.9107074909889
"1029","AS",2013,2,1,12,62,"PIPO",1,20.7,"AS_2_1_12_62","Live",20.7,2002,"AS_2_1_12",34.53945726,31.41116979,39.3446196663636,9.05844858267059,16.6524144107304
"1030","AS",2019,2,1,12,62,"PIPO",1,20.7,"AS_2_1_12_62","Live",20.7,2013,"AS_2_1_12",35.88166659,34.53945726,39.288265305,8.26652347113206,63.9107074909889
"1031","AS",2013,2,1,12,63,"PIPO",1,29.7,"AS_2_1_12_63","Live",26.9,2002,"AS_2_1_12",34.53945726,31.41116979,39.3446196663636,9.05844858267059,16.6524144107304
"1032","AS",2019,2,1,12,63,"PIPO",1,31,"AS_2_1_12_63","Live",29.7,2013,"AS_2_1_12",35.88166659,34.53945726,39.288265305,8.26652347113206,63.9107074909889
"1033","AS",2013,2,1,12,65,"PIPO",1,17.6,"AS_2_1_12_65","Live",15.1,2002,"AS_2_1_12",34.53945726,31.41116979,39.3446196663636,9.05844858267059,16.6524144107304
"1034","AS",2019,2,1,12,65,"PIPO",1,18.5,"AS_2_1_12_65","Live",17.6,2013,"AS_2_1_12",35.88166659,34.53945726,39.288265305,8.26652347113206,63.9107074909889
"1035","AS",2013,2,1,12,67,"PIPO",1,20.7,"AS_2_1_12_67","Live",20.3,2002,"AS_2_1_12",34.53945726,31.41116979,39.3446196663636,9.05844858267059,16.6524144107304
"1036","AS",2019,2,1,12,67,"PIPO",1,20.5,"AS_2_1_12_67","Live",20.7,2013,"AS_2_1_12",35.88166659,34.53945726,39.288265305,8.26652347113206,63.9107074909889
"1037","AS",2013,2,1,12,70,"PIPO",1,21.8,"AS_2_1_12_70","Live",21.9,2002,"AS_2_1_12",34.53945726,31.41116979,39.3446196663636,9.05844858267059,16.6524144107304
"1038","AS",2019,2,1,12,70,"PIPO",3,NA,"AS_2_1_12_70","Dead",21.8,2013,"AS_2_1_12",35.88166659,34.53945726,39.288265305,8.26652347113206,63.9107074909889
"1039","AS",2013,2,1,12,71,"PIPO",1,25.1,"AS_2_1_12_71","Live",23.1,2002,"AS_2_1_12",34.53945726,31.41116979,39.3446196663636,9.05844858267059,16.6524144107304
"1040","AS",2019,2,1,12,71,"PIPO",1,26,"AS_2_1_12_71","Live",25.1,2013,"AS_2_1_12",35.88166659,34.53945726,39.288265305,8.26652347113206,63.9107074909889
"1041","AS",2013,2,1,12,74,"PIPO",1,10.3,"AS_2_1_12_74","Live",8.9,2002,"AS_2_1_12",34.53945726,31.41116979,39.3446196663636,9.05844858267059,16.6524144107304
"1042","AS",2019,2,1,12,74,"PIPO",1,10.5,"AS_2_1_12_74","Live",10.3,2013,"AS_2_1_12",35.88166659,34.53945726,39.288265305,8.26652347113206,63.9107074909889
"1043","AS",2013,2,1,12,76,"PIPO",1,12.8,"AS_2_1_12_76","Live",11.8,2002,"AS_2_1_12",34.53945726,31.41116979,39.3446196663636,9.05844858267059,16.6524144107304
"1044","AS",2019,2,1,12,76,"PIPO",1,13.1,"AS_2_1_12_76","Live",12.8,2013,"AS_2_1_12",35.88166659,34.53945726,39.288265305,8.26652347113206,63.9107074909889
"1045","AS",2013,2,1,12,78,"PIPO",1,21.5,"AS_2_1_12_78","Live",18.7,2002,"AS_2_1_12",34.53945726,31.41116979,39.3446196663636,9.05844858267059,16.6524144107304
"1046","AS",2019,2,1,12,78,"PIPO",1,22.7,"AS_2_1_12_78","Live",21.5,2013,"AS_2_1_12",35.88166659,34.53945726,39.288265305,8.26652347113206,63.9107074909889
"1047","AS",2013,2,1,12,80,"PIPO",1,3.9,"AS_2_1_12_80","Live",3.3,2002,"AS_2_1_12",34.53945726,31.41116979,39.3446196663636,9.05844858267059,16.6524144107304
"1048","AS",2019,2,1,12,80,"PIPO",1,3.9,"AS_2_1_12_80","Live",3.9,2013,"AS_2_1_12",35.88166659,34.53945726,39.288265305,8.26652347113206,63.9107074909889
"1049","AS",2013,2,1,12,81,"PIPO",1,14.9,"AS_2_1_12_81","Live",13,2002,"AS_2_1_12",34.53945726,31.41116979,39.3446196663636,9.05844858267059,16.6524144107304
"1050","AS",2019,2,1,12,81,"PIPO",1,15.7,"AS_2_1_12_81","Live",14.9,2013,"AS_2_1_12",35.88166659,34.53945726,39.288265305,8.26652347113206,63.9107074909889
"1051","AS",2013,2,1,12,87,"PIPO",1,15.1,"AS_2_1_12_87","Live",14.2,2002,"AS_2_1_12",34.53945726,31.41116979,39.3446196663636,9.05844858267059,16.6524144107304
"1052","AS",2019,2,1,12,87,"PIPO",1,14.7,"AS_2_1_12_87","Live",15.1,2013,"AS_2_1_12",35.88166659,34.53945726,39.288265305,8.26652347113206,63.9107074909889
"1053","AS",2013,2,1,12,90,"PIPO",1,12,"AS_2_1_12_90","Live",9.9,2002,"AS_2_1_12",34.53945726,31.41116979,39.3446196663636,9.05844858267059,16.6524144107304
"1054","AS",2019,2,1,12,90,"PIPO",1,12.7,"AS_2_1_12_90","Live",12,2013,"AS_2_1_12",35.88166659,34.53945726,39.288265305,8.26652347113206,63.9107074909889
"1055","AS",2013,2,1,12,93,"PIPO",1,22.7,"AS_2_1_12_93","Live",20.7,2002,"AS_2_1_12",34.53945726,31.41116979,39.3446196663636,9.05844858267059,16.6524144107304
"1056","AS",2019,2,1,12,93,"PIPO",1,23.7,"AS_2_1_12_93","Live",22.7,2013,"AS_2_1_12",35.88166659,34.53945726,39.288265305,8.26652347113206,63.9107074909889
"1057","AS",2013,2,1,12,94,"PIPO",1,20.1,"AS_2_1_12_94","Live",17.8,2002,"AS_2_1_12",34.53945726,31.41116979,39.3446196663636,9.05844858267059,16.6524144107304
"1058","AS",2019,2,1,12,94,"PIPO",1,21,"AS_2_1_12_94","Live",20.1,2013,"AS_2_1_12",35.88166659,34.53945726,39.288265305,8.26652347113206,63.9107074909889
"1059","AS",2013,2,1,12,98,"PIPO",1,21.9,"AS_2_1_12_98","Live",20.8,2002,"AS_2_1_12",34.53945726,31.41116979,39.3446196663636,9.05844858267059,16.6524144107304
"1060","AS",2019,2,1,12,98,"PIPO",1,22.2,"AS_2_1_12_98","Live",21.9,2013,"AS_2_1_12",35.88166659,34.53945726,39.288265305,8.26652347113206,63.9107074909889
"1061","AS",2013,2,1,13,1,"PIPO",1,26.7,"AS_2_1_13_1","Live",26.3,2002,"AS_2_1_13",25.76457576,21.278979645,30.9689239318182,9.05844858267059,19.2761245847982
"1062","AS",2019,2,1,13,1,"PIPO",1,26.7,"AS_2_1_13_1","Live",26.7,2013,"AS_2_1_13",21.785405565,25.76457576,32.9770408166667,8.26652347113206,65.5263959528218
"1063","AS",2013,2,1,13,10,"PIPO",1,12.8,"AS_2_1_13_10","Live",7.6,2002,"AS_2_1_13",25.76457576,21.278979645,30.9689239318182,9.05844858267059,19.2761245847982
"1064","AS",2019,2,1,13,10,"PIPO",1,15.7,"AS_2_1_13_10","Live",12.8,2013,"AS_2_1_13",21.785405565,25.76457576,32.9770408166667,8.26652347113206,65.5263959528218
"1065","AS",2013,2,1,13,11,"PIPO",1,9,"AS_2_1_13_11","Live",5.3,2002,"AS_2_1_13",25.76457576,21.278979645,30.9689239318182,9.05844858267059,19.2761245847982
"1066","AS",2019,2,1,13,11,"PIPO",1,11,"AS_2_1_13_11","Live",9,2013,"AS_2_1_13",21.785405565,25.76457576,32.9770408166667,8.26652347113206,65.5263959528218
"1067","AS",2013,2,1,13,12,"PIPO",1,5,"AS_2_1_13_12","Live",1.2,2002,"AS_2_1_13",25.76457576,21.278979645,30.9689239318182,9.05844858267059,19.2761245847982
"1068","AS",2019,2,1,13,12,"PIPO",1,6.9,"AS_2_1_13_12","Live",5,2013,"AS_2_1_13",21.785405565,25.76457576,32.9770408166667,8.26652347113206,65.5263959528218
"1069","AS",2013,2,1,13,13,"PIPO",1,11.1,"AS_2_1_13_13","Live",7.9,2002,"AS_2_1_13",25.76457576,21.278979645,30.9689239318182,9.05844858267059,19.2761245847982
"1070","AS",2019,2,1,13,13,"PIPO",1,13.2,"AS_2_1_13_13","Live",11.1,2013,"AS_2_1_13",21.785405565,25.76457576,32.9770408166667,8.26652347113206,65.5263959528218
"1071","AS",2013,2,1,13,14,"PIPO",1,9.4,"AS_2_1_13_14","Live",6.6,2002,"AS_2_1_13",25.76457576,21.278979645,30.9689239318182,9.05844858267059,19.2761245847982
"1072","AS",2019,2,1,13,14,"PIPO",1,11.2,"AS_2_1_13_14","Live",9.4,2013,"AS_2_1_13",21.785405565,25.76457576,32.9770408166667,8.26652347113206,65.5263959528218
"1073","AS",2013,2,1,13,15,"PIPO",1,2.4,"AS_2_1_13_15","Live",0.8,2002,"AS_2_1_13",25.76457576,21.278979645,30.9689239318182,9.05844858267059,19.2761245847982
"1074","AS",2019,2,1,13,15,"PIPO",1,5.2,"AS_2_1_13_15","Live",2.4,2013,"AS_2_1_13",21.785405565,25.76457576,32.9770408166667,8.26652347113206,65.5263959528218
"1075","AS",2013,2,1,13,16,"PIPO",1,18.6,"AS_2_1_13_16","Live",15.7,2002,"AS_2_1_13",25.76457576,21.278979645,30.9689239318182,9.05844858267059,19.2761245847982
"1076","AS",2019,2,1,13,16,"PIPO",1,19.9,"AS_2_1_13_16","Live",18.6,2013,"AS_2_1_13",21.785405565,25.76457576,32.9770408166667,8.26652347113206,65.5263959528218
"1077","AS",2013,2,1,13,17,"PIPO",1,22.4,"AS_2_1_13_17","Live",19,2002,"AS_2_1_13",25.76457576,21.278979645,30.9689239318182,9.05844858267059,19.2761245847982
"1078","AS",2019,2,1,13,17,"PIPO",1,23.2,"AS_2_1_13_17","Live",22.4,2013,"AS_2_1_13",21.785405565,25.76457576,32.9770408166667,8.26652347113206,65.5263959528218
"1079","AS",2013,2,1,13,18,"PIPO",1,23.4,"AS_2_1_13_18","Live",20.2,2002,"AS_2_1_13",25.76457576,21.278979645,30.9689239318182,9.05844858267059,19.2761245847982
"1080","AS",2019,2,1,13,18,"PIPO",1,25.1,"AS_2_1_13_18","Live",23.4,2013,"AS_2_1_13",21.785405565,25.76457576,32.9770408166667,8.26652347113206,65.5263959528218
"1081","AS",2013,2,1,13,19,"PIPO",1,51,"AS_2_1_13_19","Live",51.3,2002,"AS_2_1_13",25.76457576,21.278979645,30.9689239318182,9.05844858267059,19.2761245847982
"1082","AS",2019,2,1,13,19,"PIPO",3,NA,"AS_2_1_13_19","Dead",51,2013,"AS_2_1_13",21.785405565,25.76457576,32.9770408166667,8.26652347113206,65.5263959528218
"1083","AS",2013,2,1,13,2,"PIPO",1,9.1,"AS_2_1_13_2","Live",8.3,2002,"AS_2_1_13",25.76457576,21.278979645,30.9689239318182,9.05844858267059,19.2761245847982
"1084","AS",2019,2,1,13,2,"PIPO",3,NA,"AS_2_1_13_2","Dead",9.1,2013,"AS_2_1_13",21.785405565,25.76457576,32.9770408166667,8.26652347113206,65.5263959528218
"1085","AS",2013,2,1,13,21,"PIPO",1,15.1,"AS_2_1_13_21","Live",15.8,2002,"AS_2_1_13",25.76457576,21.278979645,30.9689239318182,9.05844858267059,19.2761245847982
"1086","AS",2019,2,1,13,21,"PIPO",1,16.3,"AS_2_1_13_21","Live",15.1,2013,"AS_2_1_13",21.785405565,25.76457576,32.9770408166667,8.26652347113206,65.5263959528218
"1087","AS",2013,2,1,13,22,"PIPO",1,9.4,"AS_2_1_13_22","Live",6.1,2002,"AS_2_1_13",25.76457576,21.278979645,30.9689239318182,9.05844858267059,19.2761245847982
"1088","AS",2019,2,1,13,22,"PIPO",1,11.3,"AS_2_1_13_22","Live",9.4,2013,"AS_2_1_13",21.785405565,25.76457576,32.9770408166667,8.26652347113206,65.5263959528218
"1089","AS",2013,2,1,13,24,"PIPO",1,26.5,"AS_2_1_13_24","Live",23.1,2002,"AS_2_1_13",25.76457576,21.278979645,30.9689239318182,9.05844858267059,19.2761245847982
"1090","AS",2019,2,1,13,24,"PIPO",1,28,"AS_2_1_13_24","Live",26.5,2013,"AS_2_1_13",21.785405565,25.76457576,32.9770408166667,8.26652347113206,65.5263959528218
"1091","AS",2013,2,1,13,25,"PIPO",1,24.2,"AS_2_1_13_25","Live",21.3,2002,"AS_2_1_13",25.76457576,21.278979645,30.9689239318182,9.05844858267059,19.2761245847982
"1092","AS",2019,2,1,13,25,"PIPO",1,25,"AS_2_1_13_25","Live",24.2,2013,"AS_2_1_13",21.785405565,25.76457576,32.9770408166667,8.26652347113206,65.5263959528218
"1093","AS",2013,2,1,13,26,"PIPO",1,10.2,"AS_2_1_13_26","Live",9.6,2002,"AS_2_1_13",25.76457576,21.278979645,30.9689239318182,9.05844858267059,19.2761245847982
"1094","AS",2019,2,1,13,26,"PIPO",3,NA,"AS_2_1_13_26","Dead",10.2,2013,"AS_2_1_13",21.785405565,25.76457576,32.9770408166667,8.26652347113206,65.5263959528218
"1095","AS",2013,2,1,13,27,"PIPO",1,12,"AS_2_1_13_27","Live",10.3,2002,"AS_2_1_13",25.76457576,21.278979645,30.9689239318182,9.05844858267059,19.2761245847982
"1096","AS",2019,2,1,13,27,"PIPO",1,12.9,"AS_2_1_13_27","Live",12,2013,"AS_2_1_13",21.785405565,25.76457576,32.9770408166667,8.26652347113206,65.5263959528218
"1097","AS",2013,2,1,13,29,"PIPO",1,11.4,"AS_2_1_13_29","Live",10.4,2002,"AS_2_1_13",25.76457576,21.278979645,30.9689239318182,9.05844858267059,19.2761245847982
"1098","AS",2019,2,1,13,29,"PIPO",1,11.5,"AS_2_1_13_29","Live",11.4,2013,"AS_2_1_13",21.785405565,25.76457576,32.9770408166667,8.26652347113206,65.5263959528218
"1099","AS",2013,2,1,13,3,"PIPO",1,23.4,"AS_2_1_13_3","Live",20.8,2002,"AS_2_1_13",25.76457576,21.278979645,30.9689239318182,9.05844858267059,19.2761245847982
"1100","AS",2019,2,1,13,3,"PIPO",1,24.6,"AS_2_1_13_3","Live",23.4,2013,"AS_2_1_13",21.785405565,25.76457576,32.9770408166667,8.26652347113206,65.5263959528218
"1101","AS",2013,2,1,13,31,"PIPO",1,26.2,"AS_2_1_13_31","Live",24,2002,"AS_2_1_13",25.76457576,21.278979645,30.9689239318182,9.05844858267059,19.2761245847982
"1102","AS",2019,2,1,13,31,"PIPO",1,27.6,"AS_2_1_13_31","Live",26.2,2013,"AS_2_1_13",21.785405565,25.76457576,32.9770408166667,8.26652347113206,65.5263959528218
"1103","AS",2013,2,1,13,32,"PIPO",3,NA,"AS_2_1_13_32","Dead",17.3,2002,"AS_2_1_13",25.76457576,21.278979645,30.9689239318182,9.05844858267059,19.2761245847982
"1104","AS",2013,2,1,13,6,"PIPO",1,4.5,"AS_2_1_13_6","Live",4.4,2002,"AS_2_1_13",25.76457576,21.278979645,30.9689239318182,9.05844858267059,19.2761245847982
"1105","AS",2019,2,1,13,6,"PIPO",3,NA,"AS_2_1_13_6","Dead",4.5,2013,"AS_2_1_13",21.785405565,25.76457576,32.9770408166667,8.26652347113206,65.5263959528218
"1106","AS",2013,2,1,13,7,"PIPO",1,14.9,"AS_2_1_13_7","Live",13.6,2002,"AS_2_1_13",25.76457576,21.278979645,30.9689239318182,9.05844858267059,19.2761245847982
"1107","AS",2019,2,1,13,7,"PIPO",1,15.3,"AS_2_1_13_7","Live",14.9,2013,"AS_2_1_13",21.785405565,25.76457576,32.9770408166667,8.26652347113206,65.5263959528218
"1108","AS",2013,2,1,13,8,"PIPO",1,5.3,"AS_2_1_13_8","Live",2.6,2002,"AS_2_1_13",25.76457576,21.278979645,30.9689239318182,9.05844858267059,19.2761245847982
"1109","AS",2019,2,1,13,8,"PIPO",1,6.3,"AS_2_1_13_8","Live",5.3,2013,"AS_2_1_13",21.785405565,25.76457576,32.9770408166667,8.26652347113206,65.5263959528218
"1110","AS",2013,2,1,14,1,"PIPO",1,26.3,"AS_2_1_14_1","Live",20.7,2002,"AS_2_1_14",25.3507485,21.736200255,33.4060913709091,9.05844858267059,18.6204925855394
"1111","AS",2019,2,1,14,1,"PIPO",1,29.5,"AS_2_1_14_1","Live",26.3,2013,"AS_2_1_14",22.67481216,25.3507485,28.99069374,8.26652347113206,66.8022632169582
"1112","AS",2013,2,1,14,10,"PIPO",1,25.5,"AS_2_1_14_10","Live",20.4,2002,"AS_2_1_14",25.3507485,21.736200255,33.4060913709091,9.05844858267059,18.6204925855394
"1113","AS",2019,2,1,14,10,"PIPO",1,27,"AS_2_1_14_10","Live",25.5,2013,"AS_2_1_14",22.67481216,25.3507485,28.99069374,8.26652347113206,66.8022632169582
"1114","AS",2013,2,1,14,11,"PIPO",1,16.9,"AS_2_1_14_11","Live",15.7,2002,"AS_2_1_14",25.3507485,21.736200255,33.4060913709091,9.05844858267059,18.6204925855394
"1115","AS",2019,2,1,14,11,"PIPO",1,17.5,"AS_2_1_14_11","Live",16.9,2013,"AS_2_1_14",22.67481216,25.3507485,28.99069374,8.26652347113206,66.8022632169582
"1116","AS",2013,2,1,14,17,"PIPO",1,24,"AS_2_1_14_17","Live",21.3,2002,"AS_2_1_14",25.3507485,21.736200255,33.4060913709091,9.05844858267059,18.6204925855394
"1117","AS",2019,2,1,14,17,"PIPO",1,25.4,"AS_2_1_14_17","Live",24,2013,"AS_2_1_14",22.67481216,25.3507485,28.99069374,8.26652347113206,66.8022632169582
"1118","AS",2013,2,1,14,19,"PIPO",1,19.2,"AS_2_1_14_19","Live",16.8,2002,"AS_2_1_14",25.3507485,21.736200255,33.4060913709091,9.05844858267059,18.6204925855394
"1119","AS",2019,2,1,14,19,"PIPO",1,20.6,"AS_2_1_14_19","Live",19.2,2013,"AS_2_1_14",22.67481216,25.3507485,28.99069374,8.26652347113206,66.8022632169582
"1120","AS",2013,2,1,14,2,"PIPO",1,21.1,"AS_2_1_14_2","Live",16.4,2002,"AS_2_1_14",25.3507485,21.736200255,33.4060913709091,9.05844858267059,18.6204925855394
"1121","AS",2019,2,1,14,2,"PIPO",1,23.3,"AS_2_1_14_2","Live",21.1,2013,"AS_2_1_14",22.67481216,25.3507485,28.99069374,8.26652347113206,66.8022632169582
"1122","AS",2013,2,1,14,20,"PIPO",1,18.4,"AS_2_1_14_20","Live",16.2,2002,"AS_2_1_14",25.3507485,21.736200255,33.4060913709091,9.05844858267059,18.6204925855394
"1123","AS",2019,2,1,14,20,"PIPO",1,19.9,"AS_2_1_14_20","Live",18.4,2013,"AS_2_1_14",22.67481216,25.3507485,28.99069374,8.26652347113206,66.8022632169582
"1124","AS",2013,2,1,14,21,"PIPO",1,12.2,"AS_2_1_14_21","Live",10,2002,"AS_2_1_14",25.3507485,21.736200255,33.4060913709091,9.05844858267059,18.6204925855394
"1125","AS",2019,2,1,14,21,"PIPO",1,13.3,"AS_2_1_14_21","Live",12.2,2013,"AS_2_1_14",22.67481216,25.3507485,28.99069374,8.26652347113206,66.8022632169582
"1126","AS",2013,2,1,14,22,"PIPO",1,62.1,"AS_2_1_14_22","Live",62.5,2002,"AS_2_1_14",25.3507485,21.736200255,33.4060913709091,9.05844858267059,18.6204925855394
"1127","AS",2019,2,1,14,22,"PIPO",1,62.3,"AS_2_1_14_22","Live",62.1,2013,"AS_2_1_14",22.67481216,25.3507485,28.99069374,8.26652347113206,66.8022632169582
"1128","AS",2013,2,1,14,24,"PIPO",1,49.2,"AS_2_1_14_24","Live",50.1,2002,"AS_2_1_14",25.3507485,21.736200255,33.4060913709091,9.05844858267059,18.6204925855394
"1129","AS",2019,2,1,14,24,"PIPO",3,NA,"AS_2_1_14_24","Dead",49.2,2013,"AS_2_1_14",22.67481216,25.3507485,28.99069374,8.26652347113206,66.8022632169582
"1130","AS",2013,2,1,14,27,"PIPO",1,7.8,"AS_2_1_14_27","Live",3.2,2002,"AS_2_1_14",25.3507485,21.736200255,33.4060913709091,9.05844858267059,18.6204925855394
"1131","AS",2019,2,1,14,27,"PIPO",1,9.1,"AS_2_1_14_27","Live",7.8,2013,"AS_2_1_14",22.67481216,25.3507485,28.99069374,8.26652347113206,66.8022632169582
"1132","AS",2013,2,1,14,3,"PIPO",1,15.2,"AS_2_1_14_3","Live",11.1,2002,"AS_2_1_14",25.3507485,21.736200255,33.4060913709091,9.05844858267059,18.6204925855394
"1133","AS",2019,2,1,14,3,"PIPO",1,17.2,"AS_2_1_14_3","Live",15.2,2013,"AS_2_1_14",22.67481216,25.3507485,28.99069374,8.26652347113206,66.8022632169582
"1134","AS",2019,2,1,14,31,"PIPO",1,5,"AS_2_1_14_31","Live",3.5,2013,"AS_2_1_14",22.67481216,25.3507485,28.99069374,8.26652347113206,66.8022632169582
"1135","AS",2019,2,1,14,32,"PIPO",1,5.9,"AS_2_1_14_32","Live",2.9,2013,"AS_2_1_14",22.67481216,25.3507485,28.99069374,8.26652347113206,66.8022632169582
"1136","AS",2013,2,1,14,4,"PIPO",1,11.4,"AS_2_1_14_4","Live",9.2,2002,"AS_2_1_14",25.3507485,21.736200255,33.4060913709091,9.05844858267059,18.6204925855394
"1137","AS",2019,2,1,14,4,"PIPO",1,11.9,"AS_2_1_14_4","Live",11.4,2013,"AS_2_1_14",22.67481216,25.3507485,28.99069374,8.26652347113206,66.8022632169582
"1138","AS",2013,2,1,14,5,"PIPO",1,16.4,"AS_2_1_14_5","Live",13.6,2002,"AS_2_1_14",25.3507485,21.736200255,33.4060913709091,9.05844858267059,18.6204925855394
"1139","AS",2019,2,1,14,5,"PIPO",1,17,"AS_2_1_14_5","Live",16.4,2013,"AS_2_1_14",22.67481216,25.3507485,28.99069374,8.26652347113206,66.8022632169582
"1140","AS",2013,2,1,14,6,"PIPO",1,19.9,"AS_2_1_14_6","Live",16.7,2002,"AS_2_1_14",25.3507485,21.736200255,33.4060913709091,9.05844858267059,18.6204925855394
"1141","AS",2019,2,1,14,6,"PIPO",1,21.8,"AS_2_1_14_6","Live",19.9,2013,"AS_2_1_14",22.67481216,25.3507485,28.99069374,8.26652347113206,66.8022632169582
"1142","AS",2013,2,1,14,9,"PIPO",1,27.8,"AS_2_1_14_9","Live",23.6,2002,"AS_2_1_14",25.3507485,21.736200255,33.4060913709091,9.05844858267059,18.6204925855394
"1143","AS",2019,2,1,14,9,"PIPO",1,30,"AS_2_1_14_9","Live",27.8,2013,"AS_2_1_14",22.67481216,25.3507485,28.99069374,8.26652347113206,66.8022632169582
"1144","AS",2013,2,1,15,10,"PIPO",1,10.2,"AS_2_1_15_10","Live",9.5,2002,"AS_2_1_15",49.364608755,47.58074937,53.8344988345455,9.05844858267059,14.4152210836067
"1145","AS",2019,2,1,15,10,"PIPO",1,10.2,"AS_2_1_15_10","Live",10.2,2013,"AS_2_1_15",51.257619105,49.364608755,53.42820513,8.26652347113206,55.8227325430428
"1146","AS",2013,2,1,15,11,"PIPO",1,15.5,"AS_2_1_15_11","Live",15.1,2002,"AS_2_1_15",49.364608755,47.58074937,53.8344988345455,9.05844858267059,14.4152210836067
"1147","AS",2019,2,1,15,11,"PIPO",1,15.5,"AS_2_1_15_11","Live",15.5,2013,"AS_2_1_15",51.257619105,49.364608755,53.42820513,8.26652347113206,55.8227325430428
"1148","AS",2013,2,1,15,12,"PIPO",1,36.4,"AS_2_1_15_12","Live",34.4,2002,"AS_2_1_15",49.364608755,47.58074937,53.8344988345455,9.05844858267059,14.4152210836067
"1149","AS",2019,2,1,15,12,"PIPO",1,37.4,"AS_2_1_15_12","Live",36.4,2013,"AS_2_1_15",51.257619105,49.364608755,53.42820513,8.26652347113206,55.8227325430428
"1150","AS",2013,2,1,15,16,"PIPO",1,26.9,"AS_2_1_15_16","Live",24,2002,"AS_2_1_15",49.364608755,47.58074937,53.8344988345455,9.05844858267059,14.4152210836067
"1151","AS",2019,2,1,15,16,"PIPO",1,28,"AS_2_1_15_16","Live",26.9,2013,"AS_2_1_15",51.257619105,49.364608755,53.42820513,8.26652347113206,55.8227325430428
"1152","AS",2013,2,1,15,18,"PIPO",1,22.8,"AS_2_1_15_18","Live",22.4,2002,"AS_2_1_15",49.364608755,47.58074937,53.8344988345455,9.05844858267059,14.4152210836067
"1153","AS",2019,2,1,15,18,"PIPO",1,22.3,"AS_2_1_15_18","Live",22.8,2013,"AS_2_1_15",51.257619105,49.364608755,53.42820513,8.26652347113206,55.8227325430428
"1154","AS",2013,2,1,15,20,"PIPO",1,28.8,"AS_2_1_15_20","Live",27.5,2002,"AS_2_1_15",49.364608755,47.58074937,53.8344988345455,9.05844858267059,14.4152210836067
"1155","AS",2019,2,1,15,20,"PIPO",1,29.5,"AS_2_1_15_20","Live",28.8,2013,"AS_2_1_15",51.257619105,49.364608755,53.42820513,8.26652347113206,55.8227325430428
"1156","AS",2013,2,1,15,21,"PIPO",1,13.8,"AS_2_1_15_21","Live",13.4,2002,"AS_2_1_15",49.364608755,47.58074937,53.8344988345455,9.05844858267059,14.4152210836067
"1157","AS",2019,2,1,15,21,"PIPO",1,13.8,"AS_2_1_15_21","Live",13.8,2013,"AS_2_1_15",51.257619105,49.364608755,53.42820513,8.26652347113206,55.8227325430428
"1158","AS",2013,2,1,15,22,"PIPO",6,NA,"AS_2_1_15_22","Dead",12.2,2002,"AS_2_1_15",49.364608755,47.58074937,53.8344988345455,9.05844858267059,14.4152210836067
"1159","AS",2013,2,1,15,27,"PIPO",1,35,"AS_2_1_15_27","Live",32.5,2002,"AS_2_1_15",49.364608755,47.58074937,53.8344988345455,9.05844858267059,14.4152210836067
"1160","AS",2019,2,1,15,27,"PIPO",1,35.9,"AS_2_1_15_27","Live",35,2013,"AS_2_1_15",51.257619105,49.364608755,53.42820513,8.26652347113206,55.8227325430428
"1161","AS",2013,2,1,15,28,"PIPO",1,33.3,"AS_2_1_15_28","Live",33.2,2002,"AS_2_1_15",49.364608755,47.58074937,53.8344988345455,9.05844858267059,14.4152210836067
"1162","AS",2019,2,1,15,28,"PIPO",1,33.5,"AS_2_1_15_28","Live",33.3,2013,"AS_2_1_15",51.257619105,49.364608755,53.42820513,8.26652347113206,55.8227325430428
"1163","AS",2013,2,1,15,29,"PIPO",1,33.4,"AS_2_1_15_29","Live",31.3,2002,"AS_2_1_15",49.364608755,47.58074937,53.8344988345455,9.05844858267059,14.4152210836067
"1164","AS",2019,2,1,15,29,"PIPO",1,34.5,"AS_2_1_15_29","Live",33.4,2013,"AS_2_1_15",51.257619105,49.364608755,53.42820513,8.26652347113206,55.8227325430428
"1165","AS",2013,2,1,15,3,"PIPO",1,12.3,"AS_2_1_15_3","Live",12.4,2002,"AS_2_1_15",49.364608755,47.58074937,53.8344988345455,9.05844858267059,14.4152210836067
"1166","AS",2019,2,1,15,3,"PIPO",3,NA,"AS_2_1_15_3","Dead",12.3,2013,"AS_2_1_15",51.257619105,49.364608755,53.42820513,8.26652347113206,55.8227325430428
"1167","AS",2013,2,1,15,30,"PIPO",1,25.9,"AS_2_1_15_30","Live",24.7,2002,"AS_2_1_15",49.364608755,47.58074937,53.8344988345455,9.05844858267059,14.4152210836067
"1168","AS",2019,2,1,15,30,"PIPO",1,25.8,"AS_2_1_15_30","Live",25.9,2013,"AS_2_1_15",51.257619105,49.364608755,53.42820513,8.26652347113206,55.8227325430428
"1169","AS",2013,2,1,15,32,"PIPO",1,12,"AS_2_1_15_32","Live",11.8,2002,"AS_2_1_15",49.364608755,47.58074937,53.8344988345455,9.05844858267059,14.4152210836067
"1170","AS",2019,2,1,15,32,"PIPO",1,11.9,"AS_2_1_15_32","Live",12,2013,"AS_2_1_15",51.257619105,49.364608755,53.42820513,8.26652347113206,55.8227325430428
"1171","AS",2013,2,1,15,33,"PIPO",1,13.6,"AS_2_1_15_33","Live",12.6,2002,"AS_2_1_15",49.364608755,47.58074937,53.8344988345455,9.05844858267059,14.4152210836067
"1172","AS",2019,2,1,15,33,"PIPO",1,13.7,"AS_2_1_15_33","Live",13.6,2013,"AS_2_1_15",51.257619105,49.364608755,53.42820513,8.26652347113206,55.8227325430428
"1173","AS",2013,2,1,15,35,"PIPO",1,31.4,"AS_2_1_15_35","Live",29.7,2002,"AS_2_1_15",49.364608755,47.58074937,53.8344988345455,9.05844858267059,14.4152210836067
"1174","AS",2019,2,1,15,35,"PIPO",1,31.4,"AS_2_1_15_35","Live",31.4,2013,"AS_2_1_15",51.257619105,49.364608755,53.42820513,8.26652347113206,55.8227325430428
"1175","AS",2013,2,1,15,36,"PIPO",3,NA,"AS_2_1_15_36","Dead",11.9,2002,"AS_2_1_15",49.364608755,47.58074937,53.8344988345455,9.05844858267059,14.4152210836067
"1176","AS",2013,2,1,15,37,"PIPO",1,17.3,"AS_2_1_15_37","Live",16.9,2002,"AS_2_1_15",49.364608755,47.58074937,53.8344988345455,9.05844858267059,14.4152210836067
"1177","AS",2019,2,1,15,37,"PIPO",1,17.5,"AS_2_1_15_37","Live",17.3,2013,"AS_2_1_15",51.257619105,49.364608755,53.42820513,8.26652347113206,55.8227325430428
"1178","AS",2013,2,1,15,38,"PIPO",1,12,"AS_2_1_15_38","Live",11.1,2002,"AS_2_1_15",49.364608755,47.58074937,53.8344988345455,9.05844858267059,14.4152210836067
"1179","AS",2019,2,1,15,38,"PIPO",1,12.1,"AS_2_1_15_38","Live",12,2013,"AS_2_1_15",51.257619105,49.364608755,53.42820513,8.26652347113206,55.8227325430428
"1180","AS",2013,2,1,15,4,"PIPO",1,31,"AS_2_1_15_4","Live",29.2,2002,"AS_2_1_15",49.364608755,47.58074937,53.8344988345455,9.05844858267059,14.4152210836067
"1181","AS",2019,2,1,15,4,"PIPO",1,31.9,"AS_2_1_15_4","Live",31,2013,"AS_2_1_15",51.257619105,49.364608755,53.42820513,8.26652347113206,55.8227325430428
"1182","AS",2013,2,1,15,42,"PIPO",1,38.1,"AS_2_1_15_42","Live",35.4,2002,"AS_2_1_15",49.364608755,47.58074937,53.8344988345455,9.05844858267059,14.4152210836067
"1183","AS",2019,2,1,15,42,"PIPO",1,39.7,"AS_2_1_15_42","Live",38.1,2013,"AS_2_1_15",51.257619105,49.364608755,53.42820513,8.26652347113206,55.8227325430428
"1184","AS",2013,2,1,15,44,"PIPO",1,14.5,"AS_2_1_15_44","Live",13.2,2002,"AS_2_1_15",49.364608755,47.58074937,53.8344988345455,9.05844858267059,14.4152210836067
"1185","AS",2019,2,1,15,44,"PIPO",1,15.2,"AS_2_1_15_44","Live",14.5,2013,"AS_2_1_15",51.257619105,49.364608755,53.42820513,8.26652347113206,55.8227325430428
"1186","AS",2013,2,1,15,45,"PIPO",1,8,"AS_2_1_15_45","Live",8.2,2002,"AS_2_1_15",49.364608755,47.58074937,53.8344988345455,9.05844858267059,14.4152210836067
"1187","AS",2019,2,1,15,45,"PIPO",2,7.9,"AS_2_1_15_45","Live",8,2013,"AS_2_1_15",51.257619105,49.364608755,53.42820513,8.26652347113206,55.8227325430428
"1188","AS",2013,2,1,15,49,"PIPO",1,10.6,"AS_2_1_15_49","Live",10,2002,"AS_2_1_15",49.364608755,47.58074937,53.8344988345455,9.05844858267059,14.4152210836067
"1189","AS",2019,2,1,15,49,"PIPO",1,10.7,"AS_2_1_15_49","Live",10.6,2013,"AS_2_1_15",51.257619105,49.364608755,53.42820513,8.26652347113206,55.8227325430428
"1190","AS",2013,2,1,15,50,"PIPO",1,12.7,"AS_2_1_15_50","Live",12.1,2002,"AS_2_1_15",49.364608755,47.58074937,53.8344988345455,9.05844858267059,14.4152210836067
"1191","AS",2019,2,1,15,50,"PIPO",1,12.7,"AS_2_1_15_50","Live",12.7,2013,"AS_2_1_15",51.257619105,49.364608755,53.42820513,8.26652347113206,55.8227325430428
"1192","AS",2013,2,1,15,51,"PIPO",1,20.2,"AS_2_1_15_51","Live",19.4,2002,"AS_2_1_15",49.364608755,47.58074937,53.8344988345455,9.05844858267059,14.4152210836067
"1193","AS",2019,2,1,15,51,"PIPO",1,20.8,"AS_2_1_15_51","Live",20.2,2013,"AS_2_1_15",51.257619105,49.364608755,53.42820513,8.26652347113206,55.8227325430428
"1194","AS",2013,2,1,15,52,"PIPO",1,11.8,"AS_2_1_15_52","Live",11.1,2002,"AS_2_1_15",49.364608755,47.58074937,53.8344988345455,9.05844858267059,14.4152210836067
"1195","AS",2019,2,1,15,52,"PIPO",1,12.1,"AS_2_1_15_52","Live",11.8,2013,"AS_2_1_15",51.257619105,49.364608755,53.42820513,8.26652347113206,55.8227325430428
"1196","AS",2013,2,1,15,53,"PIPO",1,16.4,"AS_2_1_15_53","Live",15.6,2002,"AS_2_1_15",49.364608755,47.58074937,53.8344988345455,9.05844858267059,14.4152210836067
"1197","AS",2019,2,1,15,53,"PIPO",1,16.3,"AS_2_1_15_53","Live",16.4,2013,"AS_2_1_15",51.257619105,49.364608755,53.42820513,8.26652347113206,55.8227325430428
"1198","AS",2013,2,1,15,54,"PIPO",1,26.5,"AS_2_1_15_54","Live",24.2,2002,"AS_2_1_15",49.364608755,47.58074937,53.8344988345455,9.05844858267059,14.4152210836067
"1199","AS",2019,2,1,15,54,"PIPO",1,27.9,"AS_2_1_15_54","Live",26.5,2013,"AS_2_1_15",51.257619105,49.364608755,53.42820513,8.26652347113206,55.8227325430428
"1200","AS",2013,2,1,15,55,"PIPO",1,34.1,"AS_2_1_15_55","Live",31.8,2002,"AS_2_1_15",49.364608755,47.58074937,53.8344988345455,9.05844858267059,14.4152210836067
"1201","AS",2019,2,1,15,55,"PIPO",1,35.5,"AS_2_1_15_55","Live",34.1,2013,"AS_2_1_15",51.257619105,49.364608755,53.42820513,8.26652347113206,55.8227325430428
"1202","AS",2013,2,1,15,58,"PIPO",3,NA,"AS_2_1_15_58","Dead",21.5,2002,"AS_2_1_15",49.364608755,47.58074937,53.8344988345455,9.05844858267059,14.4152210836067
"1203","AS",2013,2,1,15,59,"PIPO",1,16.8,"AS_2_1_15_59","Live",16.2,2002,"AS_2_1_15",49.364608755,47.58074937,53.8344988345455,9.05844858267059,14.4152210836067
"1204","AS",2019,2,1,15,59,"PIPO",1,17.3,"AS_2_1_15_59","Live",16.8,2013,"AS_2_1_15",51.257619105,49.364608755,53.42820513,8.26652347113206,55.8227325430428
"1205","AS",2013,2,1,15,6,"PIPO",1,26.7,"AS_2_1_15_6","Live",24.9,2002,"AS_2_1_15",49.364608755,47.58074937,53.8344988345455,9.05844858267059,14.4152210836067
"1206","AS",2019,2,1,15,6,"PIPO",1,27.3,"AS_2_1_15_6","Live",26.7,2013,"AS_2_1_15",51.257619105,49.364608755,53.42820513,8.26652347113206,55.8227325430428
"1207","AS",2013,2,1,15,60,"PIPO",1,12.7,"AS_2_1_15_60","Live",12.6,2002,"AS_2_1_15",49.364608755,47.58074937,53.8344988345455,9.05844858267059,14.4152210836067
"1208","AS",2019,2,1,15,60,"PIPO",1,12.4,"AS_2_1_15_60","Live",12.7,2013,"AS_2_1_15",51.257619105,49.364608755,53.42820513,8.26652347113206,55.8227325430428
"1209","AS",2013,2,1,15,61,"PIPO",1,16.8,"AS_2_1_15_61","Live",15.6,2002,"AS_2_1_15",49.364608755,47.58074937,53.8344988345455,9.05844858267059,14.4152210836067
"1210","AS",2019,2,1,15,61,"PIPO",1,17.3,"AS_2_1_15_61","Live",16.8,2013,"AS_2_1_15",51.257619105,49.364608755,53.42820513,8.26652347113206,55.8227325430428
"1211","AS",2013,2,1,15,62,"PIPO",1,7,"AS_2_1_15_62","Live",6.9,2002,"AS_2_1_15",49.364608755,47.58074937,53.8344988345455,9.05844858267059,14.4152210836067
"1212","AS",2019,2,1,15,62,"PIPO",1,6.9,"AS_2_1_15_62","Live",7,2013,"AS_2_1_15",51.257619105,49.364608755,53.42820513,8.26652347113206,55.8227325430428
"1213","AS",2013,2,1,15,63,"PIPO",1,24.2,"AS_2_1_15_63","Live",22.5,2002,"AS_2_1_15",49.364608755,47.58074937,53.8344988345455,9.05844858267059,14.4152210836067
"1214","AS",2019,2,1,15,63,"PIPO",1,25.1,"AS_2_1_15_63","Live",24.2,2013,"AS_2_1_15",51.257619105,49.364608755,53.42820513,8.26652347113206,55.8227325430428
"1215","AS",2013,2,1,15,64,"PIPO",1,27,"AS_2_1_15_64","Live",24.1,2002,"AS_2_1_15",49.364608755,47.58074937,53.8344988345455,9.05844858267059,14.4152210836067
"1216","AS",2019,2,1,15,64,"PIPO",1,28.4,"AS_2_1_15_64","Live",27,2013,"AS_2_1_15",51.257619105,49.364608755,53.42820513,8.26652347113206,55.8227325430428
"1217","AS",2013,2,1,15,66,"PIPO",1,21.8,"AS_2_1_15_66","Live",22.3,2002,"AS_2_1_15",49.364608755,47.58074937,53.8344988345455,9.05844858267059,14.4152210836067
"1218","AS",2019,2,1,15,66,"PIPO",1,21.8,"AS_2_1_15_66","Live",21.8,2013,"AS_2_1_15",51.257619105,49.364608755,53.42820513,8.26652347113206,55.8227325430428
"1219","AS",2013,2,1,15,67,"PIPO",1,6.9,"AS_2_1_15_67","Live",6.8,2002,"AS_2_1_15",49.364608755,47.58074937,53.8344988345455,9.05844858267059,14.4152210836067
"1220","AS",2019,2,1,15,67,"PIPO",1,6.8,"AS_2_1_15_67","Live",6.9,2013,"AS_2_1_15",51.257619105,49.364608755,53.42820513,8.26652347113206,55.8227325430428
"1221","AS",2013,2,1,15,71,"PIPO",1,24.5,"AS_2_1_15_71","Live",23,2002,"AS_2_1_15",49.364608755,47.58074937,53.8344988345455,9.05844858267059,14.4152210836067
"1222","AS",2019,2,1,15,71,"PIPO",1,24.9,"AS_2_1_15_71","Live",24.5,2013,"AS_2_1_15",51.257619105,49.364608755,53.42820513,8.26652347113206,55.8227325430428
"1223","AS",2013,2,1,15,72,"PIPO",3,NA,"AS_2_1_15_72","Dead",11.1,2002,"AS_2_1_15",49.364608755,47.58074937,53.8344988345455,9.05844858267059,14.4152210836067
"1224","AS",2013,2,1,15,73,"PIPO",1,13.6,"AS_2_1_15_73","Live",13.8,2002,"AS_2_1_15",49.364608755,47.58074937,53.8344988345455,9.05844858267059,14.4152210836067
"1225","AS",2019,2,1,15,73,"PIPO",1,13.5,"AS_2_1_15_73","Live",13.6,2013,"AS_2_1_15",51.257619105,49.364608755,53.42820513,8.26652347113206,55.8227325430428
"1226","AS",2013,2,1,15,74,"PIPO",1,40.6,"AS_2_1_15_74","Live",38.5,2002,"AS_2_1_15",49.364608755,47.58074937,53.8344988345455,9.05844858267059,14.4152210836067
"1227","AS",2019,2,1,15,74,"PIPO",1,41.9,"AS_2_1_15_74","Live",40.6,2013,"AS_2_1_15",51.257619105,49.364608755,53.42820513,8.26652347113206,55.8227325430428
"1228","AS",2013,2,1,15,75,"PIPO",1,27.2,"AS_2_1_15_75","Live",26.2,2002,"AS_2_1_15",49.364608755,47.58074937,53.8344988345455,9.05844858267059,14.4152210836067
"1229","AS",2019,2,1,15,75,"PIPO",1,27.3,"AS_2_1_15_75","Live",27.2,2013,"AS_2_1_15",51.257619105,49.364608755,53.42820513,8.26652347113206,55.8227325430428
"1230","AS",2013,2,1,15,76,"PIPO",1,24.2,"AS_2_1_15_76","Live",23.5,2002,"AS_2_1_15",49.364608755,47.58074937,53.8344988345455,9.05844858267059,14.4152210836067
"1231","AS",2019,2,1,15,76,"PIPO",1,24.5,"AS_2_1_15_76","Live",24.2,2013,"AS_2_1_15",51.257619105,49.364608755,53.42820513,8.26652347113206,55.8227325430428
"1232","AS",2013,2,1,15,77,"PIPO",1,25.4,"AS_2_1_15_77","Live",24.3,2002,"AS_2_1_15",49.364608755,47.58074937,53.8344988345455,9.05844858267059,14.4152210836067
"1233","AS",2019,2,1,15,77,"PIPO",1,25.8,"AS_2_1_15_77","Live",25.4,2013,"AS_2_1_15",51.257619105,49.364608755,53.42820513,8.26652347113206,55.8227325430428
"1234","AS",2013,2,1,15,79,"PIPO",1,37.6,"AS_2_1_15_79","Live",35.8,2002,"AS_2_1_15",49.364608755,47.58074937,53.8344988345455,9.05844858267059,14.4152210836067
"1235","AS",2019,2,1,15,79,"PIPO",1,38.4,"AS_2_1_15_79","Live",37.6,2013,"AS_2_1_15",51.257619105,49.364608755,53.42820513,8.26652347113206,55.8227325430428
"1236","AS",2013,2,1,15,80,"PIPO",1,4.5,"AS_2_1_15_80","Live",3.7,2002,"AS_2_1_15",49.364608755,47.58074937,53.8344988345455,9.05844858267059,14.4152210836067
"1237","AS",2019,2,1,15,80,"PIPO",1,4.4,"AS_2_1_15_80","Live",4.5,2013,"AS_2_1_15",51.257619105,49.364608755,53.42820513,8.26652347113206,55.8227325430428
"1238","AS",2013,2,1,15,81,"PIPO",1,14.8,"AS_2_1_15_81","Live",15.1,2002,"AS_2_1_15",49.364608755,47.58074937,53.8344988345455,9.05844858267059,14.4152210836067
"1239","AS",2019,2,1,15,81,"PIPO",1,15.2,"AS_2_1_15_81","Live",14.8,2013,"AS_2_1_15",51.257619105,49.364608755,53.42820513,8.26652347113206,55.8227325430428
"1240","AS",2013,2,1,15,82,"PIPO",1,9.6,"AS_2_1_15_82","Live",10.8,2002,"AS_2_1_15",49.364608755,47.58074937,53.8344988345455,9.05844858267059,14.4152210836067
"1241","AS",2019,2,1,15,82,"PIPO",1,9.7,"AS_2_1_15_82","Live",9.6,2013,"AS_2_1_15",51.257619105,49.364608755,53.42820513,8.26652347113206,55.8227325430428
"1242","AS",2013,2,1,16,10,"PIPO",1,13.8,"AS_2_1_16_10","Live",12.7,2002,"AS_2_1_16",42.238674555,37.80570024,49.1193181809091,9.05844858267059,14.9323795950063
"1243","AS",2019,2,1,16,10,"PIPO",1,14.2,"AS_2_1_16_10","Live",13.8,2013,"AS_2_1_16",34.35437775,42.238674555,47.40451389,8.26652347113206,58.265444330032
"1244","AS",2013,2,1,16,11,"PIPO",1,28.9,"AS_2_1_16_11","Live",26,2002,"AS_2_1_16",42.238674555,37.80570024,49.1193181809091,9.05844858267059,14.9323795950063
"1245","AS",2019,2,1,16,11,"PIPO",1,29.9,"AS_2_1_16_11","Live",28.9,2013,"AS_2_1_16",34.35437775,42.238674555,47.40451389,8.26652347113206,58.265444330032
"1246","AS",2013,2,1,16,12,"PIPO",1,10.4,"AS_2_1_16_12","Live",10.2,2002,"AS_2_1_16",42.238674555,37.80570024,49.1193181809091,9.05844858267059,14.9323795950063
"1247","AS",2019,2,1,16,12,"PIPO",1,10.2,"AS_2_1_16_12","Live",10.4,2013,"AS_2_1_16",34.35437775,42.238674555,47.40451389,8.26652347113206,58.265444330032
"1248","AS",2013,2,1,16,13,"PIPO",1,29,"AS_2_1_16_13","Live",26.3,2002,"AS_2_1_16",42.238674555,37.80570024,49.1193181809091,9.05844858267059,14.9323795950063
"1249","AS",2019,2,1,16,13,"PIPO",1,29,"AS_2_1_16_13","Live",29,2013,"AS_2_1_16",34.35437775,42.238674555,47.40451389,8.26652347113206,58.265444330032
"1250","AS",2013,2,1,16,15,"PIPO",1,5.4,"AS_2_1_16_15","Live",5.1,2002,"AS_2_1_16",42.238674555,37.80570024,49.1193181809091,9.05844858267059,14.9323795950063
"1251","AS",2019,2,1,16,15,"PIPO",1,5.1,"AS_2_1_16_15","Live",5.4,2013,"AS_2_1_16",34.35437775,42.238674555,47.40451389,8.26652347113206,58.265444330032
"1252","AS",2013,2,1,16,18,"PIPO",1,11,"AS_2_1_16_18","Live",10.6,2002,"AS_2_1_16",42.238674555,37.80570024,49.1193181809091,9.05844858267059,14.9323795950063
"1253","AS",2019,2,1,16,18,"PIPO",1,11.1,"AS_2_1_16_18","Live",11,2013,"AS_2_1_16",34.35437775,42.238674555,47.40451389,8.26652347113206,58.265444330032
"1254","AS",2013,2,1,16,20,"PIPO",1,7.6,"AS_2_1_16_20","Live",7.5,2002,"AS_2_1_16",42.238674555,37.80570024,49.1193181809091,9.05844858267059,14.9323795950063
"1255","AS",2019,2,1,16,20,"PIPO",1,7.6,"AS_2_1_16_20","Live",7.6,2013,"AS_2_1_16",34.35437775,42.238674555,47.40451389,8.26652347113206,58.265444330032
"1256","AS",2013,2,1,16,21,"PIPO",1,5.4,"AS_2_1_16_21","Live",5.9,2002,"AS_2_1_16",42.238674555,37.80570024,49.1193181809091,9.05844858267059,14.9323795950063
"1257","AS",2019,2,1,16,21,"PIPO",3,NA,"AS_2_1_16_21","Dead",5.4,2013,"AS_2_1_16",34.35437775,42.238674555,47.40451389,8.26652347113206,58.265444330032
"1258","AS",2013,2,1,16,22,"PIPO",1,15.1,"AS_2_1_16_22","Live",14.8,2002,"AS_2_1_16",42.238674555,37.80570024,49.1193181809091,9.05844858267059,14.9323795950063
"1259","AS",2019,2,1,16,22,"PIPO",1,14.9,"AS_2_1_16_22","Live",15.1,2013,"AS_2_1_16",34.35437775,42.238674555,47.40451389,8.26652347113206,58.265444330032
"1260","AS",2013,2,1,16,23,"PIPO",1,13.8,"AS_2_1_16_23","Live",13.7,2002,"AS_2_1_16",42.238674555,37.80570024,49.1193181809091,9.05844858267059,14.9323795950063
"1261","AS",2019,2,1,16,23,"PIPO",1,13.9,"AS_2_1_16_23","Live",13.8,2013,"AS_2_1_16",34.35437775,42.238674555,47.40451389,8.26652347113206,58.265444330032
"1262","AS",2013,2,1,16,24,"PIPO",1,11.3,"AS_2_1_16_24","Live",11.3,2002,"AS_2_1_16",42.238674555,37.80570024,49.1193181809091,9.05844858267059,14.9323795950063
"1263","AS",2019,2,1,16,24,"PIPO",1,11.3,"AS_2_1_16_24","Live",11.3,2013,"AS_2_1_16",34.35437775,42.238674555,47.40451389,8.26652347113206,58.265444330032
"1264","AS",2013,2,1,16,26,"PIPO",1,16.9,"AS_2_1_16_26","Live",16,2002,"AS_2_1_16",42.238674555,37.80570024,49.1193181809091,9.05844858267059,14.9323795950063
"1265","AS",2019,2,1,16,26,"PIPO",1,17.3,"AS_2_1_16_26","Live",16.9,2013,"AS_2_1_16",34.35437775,42.238674555,47.40451389,8.26652347113206,58.265444330032
"1266","AS",2013,2,1,16,29,"PIPO",1,10.1,"AS_2_1_16_29","Live",9.7,2002,"AS_2_1_16",42.238674555,37.80570024,49.1193181809091,9.05844858267059,14.9323795950063
"1267","AS",2019,2,1,16,29,"PIPO",1,9.9,"AS_2_1_16_29","Live",10.1,2013,"AS_2_1_16",34.35437775,42.238674555,47.40451389,8.26652347113206,58.265444330032
"1268","AS",2013,2,1,16,3,"PIPO",3,NA,"AS_2_1_16_3","Dead",2.7,2002,"AS_2_1_16",42.238674555,37.80570024,49.1193181809091,9.05844858267059,14.9323795950063
"1269","AS",2013,2,1,16,33,"PIPO",1,9.1,"AS_2_1_16_33","Live",9.1,2002,"AS_2_1_16",42.238674555,37.80570024,49.1193181809091,9.05844858267059,14.9323795950063
"1270","AS",2019,2,1,16,33,"PIPO",1,8.9,"AS_2_1_16_33","Live",9.1,2013,"AS_2_1_16",34.35437775,42.238674555,47.40451389,8.26652347113206,58.265444330032
"1271","AS",2013,2,1,16,34,"PIPO",1,20.6,"AS_2_1_16_34","Live",19.1,2002,"AS_2_1_16",42.238674555,37.80570024,49.1193181809091,9.05844858267059,14.9323795950063
"1272","AS",2019,2,1,16,34,"PIPO",1,21.1,"AS_2_1_16_34","Live",20.6,2013,"AS_2_1_16",34.35437775,42.238674555,47.40451389,8.26652347113206,58.265444330032
"1273","AS",2013,2,1,16,35,"PIPO",1,7.1,"AS_2_1_16_35","Live",6.6,2002,"AS_2_1_16",42.238674555,37.80570024,49.1193181809091,9.05844858267059,14.9323795950063
"1274","AS",2019,2,1,16,35,"PIPO",1,6.8,"AS_2_1_16_35","Live",7.1,2013,"AS_2_1_16",34.35437775,42.238674555,47.40451389,8.26652347113206,58.265444330032
"1275","AS",2013,2,1,16,37,"PIPO",1,5.7,"AS_2_1_16_37","Live",5.5,2002,"AS_2_1_16",42.238674555,37.80570024,49.1193181809091,9.05844858267059,14.9323795950063
"1276","AS",2019,2,1,16,37,"PIPO",1,5.8,"AS_2_1_16_37","Live",5.7,2013,"AS_2_1_16",34.35437775,42.238674555,47.40451389,8.26652347113206,58.265444330032
"1277","AS",2013,2,1,16,38,"PIPO",1,14.2,"AS_2_1_16_38","Live",13.6,2002,"AS_2_1_16",42.238674555,37.80570024,49.1193181809091,9.05844858267059,14.9323795950063
"1278","AS",2019,2,1,16,38,"PIPO",1,14.2,"AS_2_1_16_38","Live",14.2,2013,"AS_2_1_16",34.35437775,42.238674555,47.40451389,8.26652347113206,58.265444330032
"1279","AS",2013,2,1,16,39,"PIPO",3,NA,"AS_2_1_16_39","Dead",7.7,2002,"AS_2_1_16",42.238674555,37.80570024,49.1193181809091,9.05844858267059,14.9323795950063
"1280","AS",2013,2,1,16,4,"PIPO",1,9.4,"AS_2_1_16_4","Live",8.6,2002,"AS_2_1_16",42.238674555,37.80570024,49.1193181809091,9.05844858267059,14.9323795950063
"1281","AS",2019,2,1,16,4,"PIPO",1,9.6,"AS_2_1_16_4","Live",9.4,2013,"AS_2_1_16",34.35437775,42.238674555,47.40451389,8.26652347113206,58.265444330032
"1282","AS",2013,2,1,16,40,"PIPO",1,5.7,"AS_2_1_16_40","Live",5.7,2002,"AS_2_1_16",42.238674555,37.80570024,49.1193181809091,9.05844858267059,14.9323795950063
"1283","AS",2013,2,1,16,42,"PIPO",1,8.5,"AS_2_1_16_42","Live",8.1,2002,"AS_2_1_16",42.238674555,37.80570024,49.1193181809091,9.05844858267059,14.9323795950063
"1284","AS",2019,2,1,16,42,"PIPO",1,8.5,"AS_2_1_16_42","Live",8.5,2013,"AS_2_1_16",34.35437775,42.238674555,47.40451389,8.26652347113206,58.265444330032
"1285","AS",2013,2,1,16,43,"PIPO",1,17.2,"AS_2_1_16_43","Live",15.6,2002,"AS_2_1_16",42.238674555,37.80570024,49.1193181809091,9.05844858267059,14.9323795950063
"1286","AS",2019,2,1,16,43,"PIPO",1,18.2,"AS_2_1_16_43","Live",17.2,2013,"AS_2_1_16",34.35437775,42.238674555,47.40451389,8.26652347113206,58.265444330032
"1287","AS",2013,2,1,16,44,"PIPO",1,16.1,"AS_2_1_16_44","Live",15.5,2002,"AS_2_1_16",42.238674555,37.80570024,49.1193181809091,9.05844858267059,14.9323795950063
"1288","AS",2019,2,1,16,44,"PIPO",1,16,"AS_2_1_16_44","Live",16.1,2013,"AS_2_1_16",34.35437775,42.238674555,47.40451389,8.26652347113206,58.265444330032
"1289","AS",2013,2,1,16,46,"PIPO",1,10.2,"AS_2_1_16_46","Live",9.2,2002,"AS_2_1_16",42.238674555,37.80570024,49.1193181809091,9.05844858267059,14.9323795950063
"1290","AS",2019,2,1,16,46,"PIPO",1,10.5,"AS_2_1_16_46","Live",10.2,2013,"AS_2_1_16",34.35437775,42.238674555,47.40451389,8.26652347113206,58.265444330032
"1291","AS",2013,2,1,16,47,"PIPO",1,10.4,"AS_2_1_16_47","Live",9.7,2002,"AS_2_1_16",42.238674555,37.80570024,49.1193181809091,9.05844858267059,14.9323795950063
"1292","AS",2019,2,1,16,47,"PIPO",1,10.7,"AS_2_1_16_47","Live",10.4,2013,"AS_2_1_16",34.35437775,42.238674555,47.40451389,8.26652347113206,58.265444330032
"1293","AS",2013,2,1,16,48,"PIPO",1,13.8,"AS_2_1_16_48","Live",12.5,2002,"AS_2_1_16",42.238674555,37.80570024,49.1193181809091,9.05844858267059,14.9323795950063
"1294","AS",2019,2,1,16,48,"PIPO",1,14,"AS_2_1_16_48","Live",13.8,2013,"AS_2_1_16",34.35437775,42.238674555,47.40451389,8.26652347113206,58.265444330032
"1295","AS",2013,2,1,16,49,"PIPO",1,10.8,"AS_2_1_16_49","Live",10.2,2002,"AS_2_1_16",42.238674555,37.80570024,49.1193181809091,9.05844858267059,14.9323795950063
"1296","AS",2019,2,1,16,49,"PIPO",1,11,"AS_2_1_16_49","Live",10.8,2013,"AS_2_1_16",34.35437775,42.238674555,47.40451389,8.26652347113206,58.265444330032
"1297","AS",2013,2,1,16,5,"PIPO",1,7.7,"AS_2_1_16_5","Live",6.5,2002,"AS_2_1_16",42.238674555,37.80570024,49.1193181809091,9.05844858267059,14.9323795950063
"1298","AS",2019,2,1,16,5,"PIPO",1,8,"AS_2_1_16_5","Live",7.7,2013,"AS_2_1_16",34.35437775,42.238674555,47.40451389,8.26652347113206,58.265444330032
"1299","AS",2013,2,1,16,50,"PIPO",1,12.9,"AS_2_1_16_50","Live",11.6,2002,"AS_2_1_16",42.238674555,37.80570024,49.1193181809091,9.05844858267059,14.9323795950063
"1300","AS",2019,2,1,16,50,"PIPO",1,13,"AS_2_1_16_50","Live",12.9,2013,"AS_2_1_16",34.35437775,42.238674555,47.40451389,8.26652347113206,58.265444330032
"1301","AS",2013,2,1,16,51,"PIPO",1,8.5,"AS_2_1_16_51","Live",8.6,2002,"AS_2_1_16",42.238674555,37.80570024,49.1193181809091,9.05844858267059,14.9323795950063
"1302","AS",2019,2,1,16,51,"PIPO",1,8.7,"AS_2_1_16_51","Live",8.5,2013,"AS_2_1_16",34.35437775,42.238674555,47.40451389,8.26652347113206,58.265444330032
"1303","AS",2013,2,1,16,52,"PIPO",1,17.9,"AS_2_1_16_52","Live",16.7,2002,"AS_2_1_16",42.238674555,37.80570024,49.1193181809091,9.05844858267059,14.9323795950063
"1304","AS",2019,2,1,16,52,"PIPO",1,18.1,"AS_2_1_16_52","Live",17.9,2013,"AS_2_1_16",34.35437775,42.238674555,47.40451389,8.26652347113206,58.265444330032
"1305","AS",2013,2,1,16,53,"PIPO",1,15.8,"AS_2_1_16_53","Live",15.3,2002,"AS_2_1_16",42.238674555,37.80570024,49.1193181809091,9.05844858267059,14.9323795950063
"1306","AS",2019,2,1,16,53,"PIPO",1,15.3,"AS_2_1_16_53","Live",15.8,2013,"AS_2_1_16",34.35437775,42.238674555,47.40451389,8.26652347113206,58.265444330032
"1307","AS",2013,2,1,16,56,"PIPO",1,17.9,"AS_2_1_16_56","Live",16.5,2002,"AS_2_1_16",42.238674555,37.80570024,49.1193181809091,9.05844858267059,14.9323795950063
"1308","AS",2019,2,1,16,56,"PIPO",1,18.3,"AS_2_1_16_56","Live",17.9,2013,"AS_2_1_16",34.35437775,42.238674555,47.40451389,8.26652347113206,58.265444330032
"1309","AS",2013,2,1,16,57,"PIPO",1,11.5,"AS_2_1_16_57","Live",11.6,2002,"AS_2_1_16",42.238674555,37.80570024,49.1193181809091,9.05844858267059,14.9323795950063
"1310","AS",2019,2,1,16,57,"PIPO",3,NA,"AS_2_1_16_57","Dead",11.5,2013,"AS_2_1_16",34.35437775,42.238674555,47.40451389,8.26652347113206,58.265444330032
"1311","AS",2013,2,1,16,58,"PIPO",1,7.8,"AS_2_1_16_58","Live",7.4,2002,"AS_2_1_16",42.238674555,37.80570024,49.1193181809091,9.05844858267059,14.9323795950063
"1312","AS",2019,2,1,16,58,"PIPO",1,7.5,"AS_2_1_16_58","Live",7.8,2013,"AS_2_1_16",34.35437775,42.238674555,47.40451389,8.26652347113206,58.265444330032
"1313","AS",2013,2,1,16,59,"PIPO",1,13.5,"AS_2_1_16_59","Live",13,2002,"AS_2_1_16",42.238674555,37.80570024,49.1193181809091,9.05844858267059,14.9323795950063
"1314","AS",2019,2,1,16,59,"PIPO",1,13.7,"AS_2_1_16_59","Live",13.5,2013,"AS_2_1_16",34.35437775,42.238674555,47.40451389,8.26652347113206,58.265444330032
"1315","AS",2013,2,1,16,6,"PIPO",1,9.5,"AS_2_1_16_6","Live",8.9,2002,"AS_2_1_16",42.238674555,37.80570024,49.1193181809091,9.05844858267059,14.9323795950063
"1316","AS",2019,2,1,16,6,"PIPO",1,9.6,"AS_2_1_16_6","Live",9.5,2013,"AS_2_1_16",34.35437775,42.238674555,47.40451389,8.26652347113206,58.265444330032
"1317","AS",2013,2,1,16,61,"PIPO",1,9.9,"AS_2_1_16_61","Live",9.4,2002,"AS_2_1_16",42.238674555,37.80570024,49.1193181809091,9.05844858267059,14.9323795950063
"1318","AS",2019,2,1,16,61,"PIPO",1,10.2,"AS_2_1_16_61","Live",9.9,2013,"AS_2_1_16",34.35437775,42.238674555,47.40451389,8.26652347113206,58.265444330032
"1319","AS",2013,2,1,16,65,"PIPO",1,28.5,"AS_2_1_16_65","Live",26.5,2002,"AS_2_1_16",42.238674555,37.80570024,49.1193181809091,9.05844858267059,14.9323795950063
"1320","AS",2019,2,1,16,65,"PIPO",1,29.5,"AS_2_1_16_65","Live",28.5,2013,"AS_2_1_16",34.35437775,42.238674555,47.40451389,8.26652347113206,58.265444330032
"1321","AS",2013,2,1,16,66,"PIPO",1,13.9,"AS_2_1_16_66","Live",13.4,2002,"AS_2_1_16",42.238674555,37.80570024,49.1193181809091,9.05844858267059,14.9323795950063
"1322","AS",2019,2,1,16,66,"PIPO",1,13.8,"AS_2_1_16_66","Live",13.9,2013,"AS_2_1_16",34.35437775,42.238674555,47.40451389,8.26652347113206,58.265444330032
"1323","AS",2013,2,1,16,67,"PIPO",1,22.9,"AS_2_1_16_67","Live",21.3,2002,"AS_2_1_16",42.238674555,37.80570024,49.1193181809091,9.05844858267059,14.9323795950063
"1324","AS",2019,2,1,16,67,"PIPO",1,23.5,"AS_2_1_16_67","Live",22.9,2013,"AS_2_1_16",34.35437775,42.238674555,47.40451389,8.26652347113206,58.265444330032
"1325","AS",2013,2,1,16,68,"PIPO",1,15.7,"AS_2_1_16_68","Live",14.8,2002,"AS_2_1_16",42.238674555,37.80570024,49.1193181809091,9.05844858267059,14.9323795950063
"1326","AS",2019,2,1,16,68,"PIPO",1,16.3,"AS_2_1_16_68","Live",15.7,2013,"AS_2_1_16",34.35437775,42.238674555,47.40451389,8.26652347113206,58.265444330032
"1327","AS",2013,2,1,16,69,"PIPO",1,15.6,"AS_2_1_16_69","Live",15.3,2002,"AS_2_1_16",42.238674555,37.80570024,49.1193181809091,9.05844858267059,14.9323795950063
"1328","AS",2019,2,1,16,69,"PIPO",1,15.5,"AS_2_1_16_69","Live",15.6,2013,"AS_2_1_16",34.35437775,42.238674555,47.40451389,8.26652347113206,58.265444330032
"1329","AS",2013,2,1,16,72,"PIPO",1,13.1,"AS_2_1_16_72","Live",12.3,2002,"AS_2_1_16",42.238674555,37.80570024,49.1193181809091,9.05844858267059,14.9323795950063
"1330","AS",2019,2,1,16,72,"PIPO",1,13.5,"AS_2_1_16_72","Live",13.1,2013,"AS_2_1_16",34.35437775,42.238674555,47.40451389,8.26652347113206,58.265444330032
"1331","AS",2013,2,1,16,73,"PIPO",1,17.3,"AS_2_1_16_73","Live",15.7,2002,"AS_2_1_16",42.238674555,37.80570024,49.1193181809091,9.05844858267059,14.9323795950063
"1332","AS",2019,2,1,16,73,"PIPO",1,17.9,"AS_2_1_16_73","Live",17.3,2013,"AS_2_1_16",34.35437775,42.238674555,47.40451389,8.26652347113206,58.265444330032
"1333","AS",2013,2,1,16,74,"PIPO",1,25.2,"AS_2_1_16_74","Live",24.1,2002,"AS_2_1_16",42.238674555,37.80570024,49.1193181809091,9.05844858267059,14.9323795950063
"1334","AS",2019,2,1,16,74,"PIPO",1,25.4,"AS_2_1_16_74","Live",25.2,2013,"AS_2_1_16",34.35437775,42.238674555,47.40451389,8.26652347113206,58.265444330032
"1335","AS",2013,2,1,16,75,"PIPO",1,17.6,"AS_2_1_16_75","Live",16.6,2002,"AS_2_1_16",42.238674555,37.80570024,49.1193181809091,9.05844858267059,14.9323795950063
"1336","AS",2019,2,1,16,75,"PIPO",1,17.7,"AS_2_1_16_75","Live",17.6,2013,"AS_2_1_16",34.35437775,42.238674555,47.40451389,8.26652347113206,58.265444330032
"1337","AS",2013,2,1,16,76,"PIPO",1,13.2,"AS_2_1_16_76","Live",10.6,2002,"AS_2_1_16",42.238674555,37.80570024,49.1193181809091,9.05844858267059,14.9323795950063
"1338","AS",2019,2,1,16,76,"PIPO",1,13.5,"AS_2_1_16_76","Live",13.2,2013,"AS_2_1_16",34.35437775,42.238674555,47.40451389,8.26652347113206,58.265444330032
"1339","AS",2013,2,1,16,77,"PIPO",1,17.6,"AS_2_1_16_77","Live",15,2002,"AS_2_1_16",42.238674555,37.80570024,49.1193181809091,9.05844858267059,14.9323795950063
"1340","AS",2019,2,1,16,77,"PIPO",1,18.3,"AS_2_1_16_77","Live",17.6,2013,"AS_2_1_16",34.35437775,42.238674555,47.40451389,8.26652347113206,58.265444330032
"1341","AS",2013,2,1,16,78,"PIPO",1,6.1,"AS_2_1_16_78","Live",5.9,2002,"AS_2_1_16",42.238674555,37.80570024,49.1193181809091,9.05844858267059,14.9323795950063
"1342","AS",2019,2,1,16,78,"PIPO",1,6.2,"AS_2_1_16_78","Live",6.1,2013,"AS_2_1_16",34.35437775,42.238674555,47.40451389,8.26652347113206,58.265444330032
"1343","AS",2013,2,1,16,79,"PIPO",1,10.5,"AS_2_1_16_79","Live",7.7,2002,"AS_2_1_16",42.238674555,37.80570024,49.1193181809091,9.05844858267059,14.9323795950063
"1344","AS",2019,2,1,16,79,"PIPO",1,10.7,"AS_2_1_16_79","Live",10.5,2013,"AS_2_1_16",34.35437775,42.238674555,47.40451389,8.26652347113206,58.265444330032
"1345","AS",2013,2,1,16,8,"PIPO",1,10.5,"AS_2_1_16_8","Live",10,2002,"AS_2_1_16",42.238674555,37.80570024,49.1193181809091,9.05844858267059,14.9323795950063
"1346","AS",2019,2,1,16,8,"PIPO",1,10.1,"AS_2_1_16_8","Live",10.5,2013,"AS_2_1_16",34.35437775,42.238674555,47.40451389,8.26652347113206,58.265444330032
"1347","AS",2013,2,1,16,80,"PIPO",1,16.7,"AS_2_1_16_80","Live",15.4,2002,"AS_2_1_16",42.238674555,37.80570024,49.1193181809091,9.05844858267059,14.9323795950063
"1348","AS",2019,2,1,16,80,"PIPO",1,17.5,"AS_2_1_16_80","Live",16.7,2013,"AS_2_1_16",34.35437775,42.238674555,47.40451389,8.26652347113206,58.265444330032
"1349","AS",2013,2,1,16,81,"PIPO",1,20.3,"AS_2_1_16_81","Live",17.9,2002,"AS_2_1_16",42.238674555,37.80570024,49.1193181809091,9.05844858267059,14.9323795950063
"1350","AS",2019,2,1,16,81,"PIPO",1,21.7,"AS_2_1_16_81","Live",20.3,2013,"AS_2_1_16",34.35437775,42.238674555,47.40451389,8.26652347113206,58.265444330032
"1351","AS",2013,2,1,16,82,"PIPO",1,20.6,"AS_2_1_16_82","Live",19.3,2002,"AS_2_1_16",42.238674555,37.80570024,49.1193181809091,9.05844858267059,14.9323795950063
"1352","AS",2019,2,1,16,82,"PIPO",1,21.4,"AS_2_1_16_82","Live",20.6,2013,"AS_2_1_16",34.35437775,42.238674555,47.40451389,8.26652347113206,58.265444330032
"1353","AS",2013,2,1,16,85,"PIPO",1,38,"AS_2_1_16_85","Live",35.3,2002,"AS_2_1_16",42.238674555,37.80570024,49.1193181809091,9.05844858267059,14.9323795950063
"1354","AS",2019,2,1,16,85,"PIPO",1,39.5,"AS_2_1_16_85","Live",38,2013,"AS_2_1_16",34.35437775,42.238674555,47.40451389,8.26652347113206,58.265444330032
"1355","AS",2013,2,1,16,86,"PIPO",1,37.1,"AS_2_1_16_86","Live",34.2,2002,"AS_2_1_16",42.238674555,37.80570024,49.1193181809091,9.05844858267059,14.9323795950063
"1356","AS",2019,2,1,16,86,"PIPO",1,38.3,"AS_2_1_16_86","Live",37.1,2013,"AS_2_1_16",34.35437775,42.238674555,47.40451389,8.26652347113206,58.265444330032
"1357","AS",2013,2,1,16,87,"PIPO",1,22.5,"AS_2_1_16_87","Live",20.7,2002,"AS_2_1_16",42.238674555,37.80570024,49.1193181809091,9.05844858267059,14.9323795950063
"1358","AS",2019,2,1,16,87,"PIPO",1,23.5,"AS_2_1_16_87","Live",22.5,2013,"AS_2_1_16",34.35437775,42.238674555,47.40451389,8.26652347113206,58.265444330032
"1359","AS",2013,2,1,16,88,"PIPO",1,19.8,"AS_2_1_16_88","Live",17,2002,"AS_2_1_16",42.238674555,37.80570024,49.1193181809091,9.05844858267059,14.9323795950063
"1360","AS",2019,2,1,16,88,"PIPO",1,21.3,"AS_2_1_16_88","Live",19.8,2013,"AS_2_1_16",34.35437775,42.238674555,47.40451389,8.26652347113206,58.265444330032
"1361","AS",2013,2,1,16,89,"PIPO",1,21.9,"AS_2_1_16_89","Live",21.4,2002,"AS_2_1_16",42.238674555,37.80570024,49.1193181809091,9.05844858267059,14.9323795950063
"1362","AS",2019,2,1,16,89,"PIPO",1,22.4,"AS_2_1_16_89","Live",21.9,2013,"AS_2_1_16",34.35437775,42.238674555,47.40451389,8.26652347113206,58.265444330032
"1363","AS",2013,2,1,16,90,"PIPO",1,67.5,"AS_2_1_16_90","Live",67.5,2002,"AS_2_1_16",42.238674555,37.80570024,49.1193181809091,9.05844858267059,14.9323795950063
"1364","AS",2019,2,1,16,90,"PIPO",3,NA,"AS_2_1_16_90","Dead",67.5,2013,"AS_2_1_16",34.35437775,42.238674555,47.40451389,8.26652347113206,58.265444330032
"1365","AS",2013,2,1,17,11,"PIPO",1,32,"AS_2_1_17_11","Live",31.1,2002,"AS_2_1_17",31.34024817,28.62830124,53.25398313,9.05844858267059,16.951807275914
"1366","AS",2019,2,1,17,11,"PIPO",1,32.4,"AS_2_1_17_11","Live",32,2013,"AS_2_1_17",33.05862483,31.34024817,44.1219931283333,8.26652347113206,60.6174350630716
"1367","AS",2013,2,1,17,15,"PIPO",1,27.9,"AS_2_1_17_15","Live",25.3,2002,"AS_2_1_17",31.34024817,28.62830124,53.25398313,9.05844858267059,16.951807275914
"1368","AS",2019,2,1,17,15,"PIPO",1,29.4,"AS_2_1_17_15","Live",27.9,2013,"AS_2_1_17",33.05862483,31.34024817,44.1219931283333,8.26652347113206,60.6174350630716
"1369","AS",2013,2,1,17,17,"PIPO",1,33.8,"AS_2_1_17_17","Live",34,2002,"AS_2_1_17",31.34024817,28.62830124,53.25398313,9.05844858267059,16.951807275914
"1370","AS",2019,2,1,17,17,"PIPO",1,34.4,"AS_2_1_17_17","Live",33.8,2013,"AS_2_1_17",33.05862483,31.34024817,44.1219931283333,8.26652347113206,60.6174350630716
"1371","AS",2013,2,1,17,22,"PIPO",1,25.2,"AS_2_1_17_22","Live",23,2002,"AS_2_1_17",31.34024817,28.62830124,53.25398313,9.05844858267059,16.951807275914
"1372","AS",2019,2,1,17,22,"PIPO",1,26.3,"AS_2_1_17_22","Live",25.2,2013,"AS_2_1_17",33.05862483,31.34024817,44.1219931283333,8.26652347113206,60.6174350630716
"1373","AS",2013,2,1,17,23,"PIPO",1,25.9,"AS_2_1_17_23","Live",24.9,2002,"AS_2_1_17",31.34024817,28.62830124,53.25398313,9.05844858267059,16.951807275914
"1374","AS",2019,2,1,17,23,"PIPO",1,27.1,"AS_2_1_17_23","Live",25.9,2013,"AS_2_1_17",33.05862483,31.34024817,44.1219931283333,8.26652347113206,60.6174350630716
"1375","AS",2013,2,1,17,26,"PIPO",1,37.5,"AS_2_1_17_26","Live",36.8,2002,"AS_2_1_17",31.34024817,28.62830124,53.25398313,9.05844858267059,16.951807275914
"1376","AS",2019,2,1,17,26,"PIPO",1,38.3,"AS_2_1_17_26","Live",37.5,2013,"AS_2_1_17",33.05862483,31.34024817,44.1219931283333,8.26652347113206,60.6174350630716
"1377","AS",2013,2,1,17,27,"PIPO",1,26.9,"AS_2_1_17_27","Live",25.8,2002,"AS_2_1_17",31.34024817,28.62830124,53.25398313,9.05844858267059,16.951807275914
"1378","AS",2019,2,1,17,27,"PIPO",1,27.3,"AS_2_1_17_27","Live",26.9,2013,"AS_2_1_17",33.05862483,31.34024817,44.1219931283333,8.26652347113206,60.6174350630716
"1379","AS",2013,2,1,17,29,"PIPO",1,33.4,"AS_2_1_17_29","Live",32,2002,"AS_2_1_17",31.34024817,28.62830124,53.25398313,9.05844858267059,16.951807275914
"1380","AS",2019,2,1,17,29,"PIPO",1,34,"AS_2_1_17_29","Live",33.4,2013,"AS_2_1_17",33.05862483,31.34024817,44.1219931283333,8.26652347113206,60.6174350630716
"1381","AS",2013,2,1,17,30,"PIPO",1,26.1,"AS_2_1_17_30","Live",25.4,2002,"AS_2_1_17",31.34024817,28.62830124,53.25398313,9.05844858267059,16.951807275914
"1382","AS",2019,2,1,17,30,"PIPO",1,26.1,"AS_2_1_17_30","Live",26.1,2013,"AS_2_1_17",33.05862483,31.34024817,44.1219931283333,8.26652347113206,60.6174350630716
"1383","AS",2013,2,1,17,32,"PIPO",1,22.7,"AS_2_1_17_32","Live",21.3,2002,"AS_2_1_17",31.34024817,28.62830124,53.25398313,9.05844858267059,16.951807275914
"1384","AS",2019,2,1,17,32,"PIPO",1,23.5,"AS_2_1_17_32","Live",22.7,2013,"AS_2_1_17",33.05862483,31.34024817,44.1219931283333,8.26652347113206,60.6174350630716
"1385","AS",2013,2,1,17,34,"PIPO",1,30.7,"AS_2_1_17_34","Live",29.8,2002,"AS_2_1_17",31.34024817,28.62830124,53.25398313,9.05844858267059,16.951807275914
"1386","AS",2019,2,1,17,34,"PIPO",1,30.9,"AS_2_1_17_34","Live",30.7,2013,"AS_2_1_17",33.05862483,31.34024817,44.1219931283333,8.26652347113206,60.6174350630716
"1387","AS",2013,2,1,17,35,"PIPO",1,19.5,"AS_2_1_17_35","Live",19.1,2002,"AS_2_1_17",31.34024817,28.62830124,53.25398313,9.05844858267059,16.951807275914
"1388","AS",2019,2,1,17,35,"PIPO",1,20.2,"AS_2_1_17_35","Live",19.5,2013,"AS_2_1_17",33.05862483,31.34024817,44.1219931283333,8.26652347113206,60.6174350630716
"1389","AS",2013,2,1,17,38,"PIPO",1,24.6,"AS_2_1_17_38","Live",22.9,2002,"AS_2_1_17",31.34024817,28.62830124,53.25398313,9.05844858267059,16.951807275914
"1390","AS",2019,2,1,17,38,"PIPO",1,25.8,"AS_2_1_17_38","Live",24.6,2013,"AS_2_1_17",33.05862483,31.34024817,44.1219931283333,8.26652347113206,60.6174350630716
"1391","AS",2013,2,1,17,39,"PIPO",1,24.3,"AS_2_1_17_39","Live",22.6,2002,"AS_2_1_17",31.34024817,28.62830124,53.25398313,9.05844858267059,16.951807275914
"1392","AS",2019,2,1,17,39,"PIPO",1,25.6,"AS_2_1_17_39","Live",24.3,2013,"AS_2_1_17",33.05862483,31.34024817,44.1219931283333,8.26652347113206,60.6174350630716
"1393","AS",2013,2,1,17,4,"PIPO",1,37.5,"AS_2_1_17_4","Live",36,2002,"AS_2_1_17",31.34024817,28.62830124,53.25398313,9.05844858267059,16.951807275914
"1394","AS",2019,2,1,17,4,"PIPO",1,38,"AS_2_1_17_4","Live",37.5,2013,"AS_2_1_17",33.05862483,31.34024817,44.1219931283333,8.26652347113206,60.6174350630716
"1395","AS",2013,2,1,17,41,"PIPO",1,26.2,"AS_2_1_17_41","Live",24,2002,"AS_2_1_17",31.34024817,28.62830124,53.25398313,9.05844858267059,16.951807275914
"1396","AS",2019,2,1,17,41,"PIPO",1,27.3,"AS_2_1_17_41","Live",26.2,2013,"AS_2_1_17",33.05862483,31.34024817,44.1219931283333,8.26652347113206,60.6174350630716
"1397","AS",2013,2,1,17,5,"PIPO",1,35.7,"AS_2_1_17_5","Live",33.5,2002,"AS_2_1_17",31.34024817,28.62830124,53.25398313,9.05844858267059,16.951807275914
"1398","AS",2019,2,1,17,5,"PIPO",1,36.9,"AS_2_1_17_5","Live",35.7,2013,"AS_2_1_17",33.05862483,31.34024817,44.1219931283333,8.26652347113206,60.6174350630716
"1399","AS",2013,2,1,17,6,"PIPO",1,19.3,"AS_2_1_17_6","Live",19.1,2002,"AS_2_1_17",31.34024817,28.62830124,53.25398313,9.05844858267059,16.951807275914
"1400","AS",2019,2,1,17,6,"PIPO",1,19.5,"AS_2_1_17_6","Live",19.3,2013,"AS_2_1_17",33.05862483,31.34024817,44.1219931283333,8.26652347113206,60.6174350630716
"1401","AS",2013,2,1,17,8,"PIPO",1,20.5,"AS_2_1_17_8","Live",19.4,2002,"AS_2_1_17",31.34024817,28.62830124,53.25398313,9.05844858267059,16.951807275914
"1402","AS",2019,2,1,17,8,"PIPO",1,21,"AS_2_1_17_8","Live",20.5,2013,"AS_2_1_17",33.05862483,31.34024817,44.1219931283333,8.26652347113206,60.6174350630716
"1403","AS",2013,2,1,17,9,"PIPO",1,24.3,"AS_2_1_17_9","Live",22.4,2002,"AS_2_1_17",31.34024817,28.62830124,53.25398313,9.05844858267059,16.951807275914
"1404","AS",2019,2,1,17,9,"PIPO",1,25.6,"AS_2_1_17_9","Live",24.3,2013,"AS_2_1_17",33.05862483,31.34024817,44.1219931283333,8.26652347113206,60.6174350630716
"1405","AS",2013,2,1,18,1,"PIPO",1,38.2,"AS_2_1_18_1","Live",35.1,2002,"AS_2_1_18",36.552103665,33.02571657,50.85128205,9.05844858267059,15.0337615772178
"1406","AS",2019,2,1,18,1,"PIPO",1,39,"AS_2_1_18_1","Live",38.2,2013,"AS_2_1_18",37.915204635,36.552103665,44.2008547,8.26652347113206,58.5319431657813
"1407","AS",2013,2,1,18,12,"PIPO",1,34.3,"AS_2_1_18_12","Live",30.3,2002,"AS_2_1_18",36.552103665,33.02571657,50.85128205,9.05844858267059,15.0337615772178
"1408","AS",2019,2,1,18,12,"PIPO",1,36.6,"AS_2_1_18_12","Live",34.3,2013,"AS_2_1_18",37.915204635,36.552103665,44.2008547,8.26652347113206,58.5319431657813
"1409","AS",2013,2,1,18,13,"PIPO",1,9.6,"AS_2_1_18_13","Live",6.5,2002,"AS_2_1_18",36.552103665,33.02571657,50.85128205,9.05844858267059,15.0337615772178
"1410","AS",2019,2,1,18,13,"PIPO",1,10.3,"AS_2_1_18_13","Live",9.6,2013,"AS_2_1_18",37.915204635,36.552103665,44.2008547,8.26652347113206,58.5319431657813
"1411","AS",2013,2,1,18,14,"PIPO",1,21.6,"AS_2_1_18_14","Live",19.2,2002,"AS_2_1_18",36.552103665,33.02571657,50.85128205,9.05844858267059,15.0337615772178
"1412","AS",2019,2,1,18,14,"PIPO",1,22.8,"AS_2_1_18_14","Live",21.6,2013,"AS_2_1_18",37.915204635,36.552103665,44.2008547,8.26652347113206,58.5319431657813
"1413","AS",2013,2,1,18,15,"PIPO",1,53.8,"AS_2_1_18_15","Live",50.8,2002,"AS_2_1_18",36.552103665,33.02571657,50.85128205,9.05844858267059,15.0337615772178
"1414","AS",2019,2,1,18,15,"PIPO",1,54.1,"AS_2_1_18_15","Live",53.8,2013,"AS_2_1_18",37.915204635,36.552103665,44.2008547,8.26652347113206,58.5319431657813
"1415","AS",2013,2,1,18,16,"PIPO",1,58.6,"AS_2_1_18_16","Live",56.4,2002,"AS_2_1_18",36.552103665,33.02571657,50.85128205,9.05844858267059,15.0337615772178
"1416","AS",2019,2,1,18,16,"PIPO",1,59.4,"AS_2_1_18_16","Live",58.6,2013,"AS_2_1_18",37.915204635,36.552103665,44.2008547,8.26652347113206,58.5319431657813
"1417","AS",2013,2,1,18,17,"PIPO",1,47.8,"AS_2_1_18_17","Live",47.8,2002,"AS_2_1_18",36.552103665,33.02571657,50.85128205,9.05844858267059,15.0337615772178
"1418","AS",2019,2,1,18,17,"PIPO",1,48.2,"AS_2_1_18_17","Live",47.8,2013,"AS_2_1_18",37.915204635,36.552103665,44.2008547,8.26652347113206,58.5319431657813
"1419","AS",2013,2,1,18,18,"PIPO",1,64,"AS_2_1_18_18","Live",63,2002,"AS_2_1_18",36.552103665,33.02571657,50.85128205,9.05844858267059,15.0337615772178
"1420","AS",2019,2,1,18,18,"PIPO",1,64.5,"AS_2_1_18_18","Live",64,2013,"AS_2_1_18",37.915204635,36.552103665,44.2008547,8.26652347113206,58.5319431657813
"1421","AS",2013,2,1,18,4,"PIPO",1,25.8,"AS_2_1_18_4","Live",24.4,2002,"AS_2_1_18",36.552103665,33.02571657,50.85128205,9.05844858267059,15.0337615772178
"1422","AS",2019,2,1,18,4,"PIPO",1,26.5,"AS_2_1_18_4","Live",25.8,2013,"AS_2_1_18",37.915204635,36.552103665,44.2008547,8.26652347113206,58.5319431657813
"1423","AS",2013,2,1,18,5,"PIPO",1,32.6,"AS_2_1_18_5","Live",29.5,2002,"AS_2_1_18",36.552103665,33.02571657,50.85128205,9.05844858267059,15.0337615772178
"1424","AS",2019,2,1,18,5,"PIPO",1,33.6,"AS_2_1_18_5","Live",32.6,2013,"AS_2_1_18",37.915204635,36.552103665,44.2008547,8.26652347113206,58.5319431657813
"1425","AS",2013,2,1,18,7,"PIPO",1,30.3,"AS_2_1_18_7","Live",27.3,2002,"AS_2_1_18",36.552103665,33.02571657,50.85128205,9.05844858267059,15.0337615772178
"1426","AS",2019,2,1,18,7,"PIPO",1,31.3,"AS_2_1_18_7","Live",30.3,2013,"AS_2_1_18",37.915204635,36.552103665,44.2008547,8.26652347113206,58.5319431657813
"1427","AS",2013,2,1,18,8,"PIPO",1,8.1,"AS_2_1_18_8","Live",5.7,2002,"AS_2_1_18",36.552103665,33.02571657,50.85128205,9.05844858267059,15.0337615772178
"1428","AS",2019,2,1,18,8,"PIPO",1,8.6,"AS_2_1_18_8","Live",8.1,2013,"AS_2_1_18",37.915204635,36.552103665,44.2008547,8.26652347113206,58.5319431657813
"1429","AS",2013,2,1,19,1,"PIPO",1,5.7,"AS_2_1_19_1","Live",3.7,2002,"AS_2_1_19",25.2239263316866,21.61935237,39.3195592281818,9.05844858267059,18.7730030131577
"1430","AS",2019,2,1,19,1,"PIPO",1,6.2,"AS_2_1_19_1","Live",5.7,2013,"AS_2_1_19",27.3386157782926,25.2239263316866,38.7895622916667,8.26652347113206,65.3138448418239
"1431","AS",2013,2,1,19,13,"PIPO",1,23.3,"AS_2_1_19_13","Live",21.9,2002,"AS_2_1_19",25.2239263316866,21.61935237,39.3195592281818,9.05844858267059,18.7730030131577
"1432","AS",2019,2,1,19,13,"PIPO",1,24,"AS_2_1_19_13","Live",23.3,2013,"AS_2_1_19",27.3386157782926,25.2239263316866,38.7895622916667,8.26652347113206,65.3138448418239
"1433","AS",2013,2,1,19,14,"PIPO",1,20.7,"AS_2_1_19_14","Live",19.3,2002,"AS_2_1_19",25.2239263316866,21.61935237,39.3195592281818,9.05844858267059,18.7730030131577
"1434","AS",2019,2,1,19,14,"PIPO",1,21.4,"AS_2_1_19_14","Live",20.7,2013,"AS_2_1_19",27.3386157782926,25.2239263316866,38.7895622916667,8.26652347113206,65.3138448418239
"1435","AS",2013,2,1,19,17,"PIPO",1,28.3,"AS_2_1_19_17","Live",25.8,2002,"AS_2_1_19",25.2239263316866,21.61935237,39.3195592281818,9.05844858267059,18.7730030131577
"1436","AS",2019,2,1,19,17,"PIPO",1,29,"AS_2_1_19_17","Live",28.3,2013,"AS_2_1_19",27.3386157782926,25.2239263316866,38.7895622916667,8.26652347113206,65.3138448418239
"1437","AS",2013,2,1,19,2,"PIPO",1,58.8,"AS_2_1_19_2","Live",59.3,2002,"AS_2_1_19",25.2239263316866,21.61935237,39.3195592281818,9.05844858267059,18.7730030131577
"1438","AS",2019,2,1,19,2,"PIPO",1,59.2,"AS_2_1_19_2","Live",58.8,2013,"AS_2_1_19",27.3386157782926,25.2239263316866,38.7895622916667,8.26652347113206,65.3138448418239
"1439","AS",2013,2,1,19,20,"PIPO",1,32.4,"AS_2_1_19_20","Live",29.5,2002,"AS_2_1_19",25.2239263316866,21.61935237,39.3195592281818,9.05844858267059,18.7730030131577
"1440","AS",2019,2,1,19,20,"PIPO",1,34.1,"AS_2_1_19_20","Live",32.4,2013,"AS_2_1_19",27.3386157782926,25.2239263316866,38.7895622916667,8.26652347113206,65.3138448418239
"1441","AS",2013,2,1,19,21,"PIPO",1,33.6,"AS_2_1_19_21","Live",31.2,2002,"AS_2_1_19",25.2239263316866,21.61935237,39.3195592281818,9.05844858267059,18.7730030131577
"1442","AS",2019,2,1,19,21,"PIPO",1,34.8,"AS_2_1_19_21","Live",33.6,2013,"AS_2_1_19",27.3386157782926,25.2239263316866,38.7895622916667,8.26652347113206,65.3138448418239
"1443","AS",2013,2,1,19,22,"PIPO",1,29.7,"AS_2_1_19_22","Live",26.6,2002,"AS_2_1_19",25.2239263316866,21.61935237,39.3195592281818,9.05844858267059,18.7730030131577
"1444","AS",2019,2,1,19,22,"PIPO",1,31.1,"AS_2_1_19_22","Live",29.7,2013,"AS_2_1_19",27.3386157782926,25.2239263316866,38.7895622916667,8.26652347113206,65.3138448418239
"1445","AS",2013,2,1,19,24,"PIPO",1,26,"AS_2_1_19_24","Live",23.3,2002,"AS_2_1_19",25.2239263316866,21.61935237,39.3195592281818,9.05844858267059,18.7730030131577
"1446","AS",2019,2,1,19,24,"PIPO",1,27.2,"AS_2_1_19_24","Live",26,2013,"AS_2_1_19",27.3386157782926,25.2239263316866,38.7895622916667,8.26652347113206,65.3138448418239
"1447","AS",2013,2,1,19,3,"PIPO",1,30.5,"AS_2_1_19_3","Live",25.9,2002,"AS_2_1_19",25.2239263316866,21.61935237,39.3195592281818,9.05844858267059,18.7730030131577
"1448","AS",2019,2,1,19,3,"PIPO",1,33.1,"AS_2_1_19_3","Live",30.5,2013,"AS_2_1_19",27.3386157782926,25.2239263316866,38.7895622916667,8.26652347113206,65.3138448418239
"1449","AS",2013,2,1,19,4,"PIPO",1,22.5,"AS_2_1_19_4","Live",17.9,2002,"AS_2_1_19",25.2239263316866,21.61935237,39.3195592281818,9.05844858267059,18.7730030131577
"1450","AS",2019,2,1,19,4,"PIPO",1,25.1,"AS_2_1_19_4","Live",22.5,2013,"AS_2_1_19",27.3386157782926,25.2239263316866,38.7895622916667,8.26652347113206,65.3138448418239
"1451","AS",2013,2,1,19,6,"PIPO",1,15.43503,"AS_2_1_19_6","Live",10.9,2002,"AS_2_1_19",25.2239263316866,21.61935237,39.3195592281818,9.05844858267059,18.7730030131577
"1452","AS",2019,2,1,19,6,"PIPO",1,16.80774,"AS_2_1_19_6","Live",15.43503,2013,"AS_2_1_19",27.3386157782926,25.2239263316866,38.7895622916667,8.26652347113206,65.3138448418239
"1453","AS",2013,2,1,19,7,"PIPO",1,20.9,"AS_2_1_19_7","Live",18.2,2002,"AS_2_1_19",25.2239263316866,21.61935237,39.3195592281818,9.05844858267059,18.7730030131577
"1454","AS",2019,2,1,19,7,"PIPO",1,22.3,"AS_2_1_19_7","Live",20.9,2013,"AS_2_1_19",27.3386157782926,25.2239263316866,38.7895622916667,8.26652347113206,65.3138448418239
"1455","AS",2013,2,1,19,8,"PIPO",1,31.9,"AS_2_1_19_8","Live",28.5,2002,"AS_2_1_19",25.2239263316866,21.61935237,39.3195592281818,9.05844858267059,18.7730030131577
"1456","AS",2019,2,1,19,8,"PIPO",1,34.1,"AS_2_1_19_8","Live",31.9,2013,"AS_2_1_19",27.3386157782926,25.2239263316866,38.7895622916667,8.26652347113206,65.3138448418239
"1457","AS",2013,2,1,19,9,"PIPO",1,26.8,"AS_2_1_19_9","Live",24.8,2002,"AS_2_1_19",25.2239263316866,21.61935237,39.3195592281818,9.05844858267059,18.7730030131577
"1458","AS",2019,2,1,19,9,"PIPO",1,27.5,"AS_2_1_19_9","Live",26.8,2013,"AS_2_1_19",27.3386157782926,25.2239263316866,38.7895622916667,8.26652347113206,65.3138448418239
"1459","AS",2013,2,1,1,1,"PIPO",1,13.9,"AS_2_1_1_1","Live",12.5,2002,"AS_2_1_1",33.607599795,43.788818535,55.6771321454545,9.05844858267059,13.9397495462819
"1460","AS",2019,2,1,1,1,"PIPO",1,14.5,"AS_2_1_1_1","Live",13.9,2013,"AS_2_1_1",35.42582043,33.607599795,54.1950171816667,8.26652347113206,57.464221291366
"1461","AS",2013,2,1,1,10,"PIPO",1,12.1,"AS_2_1_1_10","Live",11,2002,"AS_2_1_1",33.607599795,43.788818535,55.6771321454545,9.05844858267059,13.9397495462819
"1462","AS",2019,2,1,1,10,"PIPO",1,12.8,"AS_2_1_1_10","Live",12.1,2013,"AS_2_1_1",35.42582043,33.607599795,54.1950171816667,8.26652347113206,57.464221291366
"1463","AS",2013,2,1,1,100,"PIPO",1,16.5,"AS_2_1_1_100","Live",13.7,2002,"AS_2_1_1",33.607599795,43.788818535,55.6771321454545,9.05844858267059,13.9397495462819
"1464","AS",2019,2,1,1,100,"PIPO",1,17.4,"AS_2_1_1_100","Live",16.5,2013,"AS_2_1_1",35.42582043,33.607599795,54.1950171816667,8.26652347113206,57.464221291366
"1465","AS",2013,2,1,1,101,"PIPO",1,15.2,"AS_2_1_1_101","Live",10.9,2002,"AS_2_1_1",33.607599795,43.788818535,55.6771321454545,9.05844858267059,13.9397495462819
"1466","AS",2019,2,1,1,101,"PIPO",1,17.2,"AS_2_1_1_101","Live",15.2,2013,"AS_2_1_1",35.42582043,33.607599795,54.1950171816667,8.26652347113206,57.464221291366
"1467","AS",2013,2,1,1,103,"PIPO",1,84.8,"AS_2_1_1_103","Live",84.1,2002,"AS_2_1_1",33.607599795,43.788818535,55.6771321454545,9.05844858267059,13.9397495462819
"1468","AS",2019,2,1,1,103,"PIPO",1,84.9,"AS_2_1_1_103","Live",84.8,2013,"AS_2_1_1",35.42582043,33.607599795,54.1950171816667,8.26652347113206,57.464221291366
"1469","AS",2013,2,1,1,11,"PIPO",1,10.8,"AS_2_1_1_11","Live",10.5,2002,"AS_2_1_1",33.607599795,43.788818535,55.6771321454545,9.05844858267059,13.9397495462819
"1470","AS",2019,2,1,1,11,"PIPO",1,11.5,"AS_2_1_1_11","Live",10.8,2013,"AS_2_1_1",35.42582043,33.607599795,54.1950171816667,8.26652347113206,57.464221291366
"1471","AS",2013,2,1,1,12,"PIPO",1,11.5,"AS_2_1_1_12","Live",10.5,2002,"AS_2_1_1",33.607599795,43.788818535,55.6771321454545,9.05844858267059,13.9397495462819
"1472","AS",2019,2,1,1,12,"PIPO",1,11.7,"AS_2_1_1_12","Live",11.5,2013,"AS_2_1_1",35.42582043,33.607599795,54.1950171816667,8.26652347113206,57.464221291366
"1473","AS",2013,2,1,1,13,"PIPO",1,8.9,"AS_2_1_1_13","Live",8.5,2002,"AS_2_1_1",33.607599795,43.788818535,55.6771321454545,9.05844858267059,13.9397495462819
"1474","AS",2019,2,1,1,13,"PIPO",1,8.8,"AS_2_1_1_13","Live",8.9,2013,"AS_2_1_1",35.42582043,33.607599795,54.1950171816667,8.26652347113206,57.464221291366
"1475","AS",2013,2,1,1,14,"PIPO",3,NA,"AS_2_1_1_14","Dead",1.5,2002,"AS_2_1_1",33.607599795,43.788818535,55.6771321454545,9.05844858267059,13.9397495462819
"1476","AS",2013,2,1,1,15,"PIPO",1,8.9,"AS_2_1_1_15","Live",8,2002,"AS_2_1_1",33.607599795,43.788818535,55.6771321454545,9.05844858267059,13.9397495462819
"1477","AS",2019,2,1,1,15,"PIPO",1,9.2,"AS_2_1_1_15","Live",8.9,2013,"AS_2_1_1",35.42582043,33.607599795,54.1950171816667,8.26652347113206,57.464221291366
"1478","AS",2013,2,1,1,16,"PIPO",1,10.3,"AS_2_1_1_16","Live",9,2002,"AS_2_1_1",33.607599795,43.788818535,55.6771321454545,9.05844858267059,13.9397495462819
"1479","AS",2019,2,1,1,16,"PIPO",1,10.6,"AS_2_1_1_16","Live",10.3,2013,"AS_2_1_1",35.42582043,33.607599795,54.1950171816667,8.26652347113206,57.464221291366
"1480","AS",2013,2,1,1,17,"PIPO",1,4.8,"AS_2_1_1_17","Live",4.5,2002,"AS_2_1_1",33.607599795,43.788818535,55.6771321454545,9.05844858267059,13.9397495462819
"1481","AS",2019,2,1,1,17,"PIPO",1,4.8,"AS_2_1_1_17","Live",4.8,2013,"AS_2_1_1",35.42582043,33.607599795,54.1950171816667,8.26652347113206,57.464221291366
"1482","AS",2013,2,1,1,18,"PIPO",1,8.2,"AS_2_1_1_18","Live",8.4,2002,"AS_2_1_1",33.607599795,43.788818535,55.6771321454545,9.05844858267059,13.9397495462819
"1483","AS",2019,2,1,1,18,"PIPO",1,8.1,"AS_2_1_1_18","Live",8.2,2013,"AS_2_1_1",35.42582043,33.607599795,54.1950171816667,8.26652347113206,57.464221291366
"1484","AS",2013,2,1,1,19,"PIPO",1,3.7,"AS_2_1_1_19","Live",3.8,2002,"AS_2_1_1",33.607599795,43.788818535,55.6771321454545,9.05844858267059,13.9397495462819
"1485","AS",2019,2,1,1,19,"PIPO",3,NA,"AS_2_1_1_19","Dead",3.7,2013,"AS_2_1_1",35.42582043,33.607599795,54.1950171816667,8.26652347113206,57.464221291366
"1486","AS",2013,2,1,1,20,"PIPO",1,9.9,"AS_2_1_1_20","Live",9,2002,"AS_2_1_1",33.607599795,43.788818535,55.6771321454545,9.05844858267059,13.9397495462819
"1487","AS",2019,2,1,1,20,"PIPO",1,10.4,"AS_2_1_1_20","Live",9.9,2013,"AS_2_1_1",35.42582043,33.607599795,54.1950171816667,8.26652347113206,57.464221291366
"1488","AS",2013,2,1,1,22,"PIPO",1,10.7,"AS_2_1_1_22","Live",9.6,2002,"AS_2_1_1",33.607599795,43.788818535,55.6771321454545,9.05844858267059,13.9397495462819
"1489","AS",2019,2,1,1,22,"PIPO",1,10.8,"AS_2_1_1_22","Live",10.7,2013,"AS_2_1_1",35.42582043,33.607599795,54.1950171816667,8.26652347113206,57.464221291366
"1490","AS",2013,2,1,1,23,"PIPO",3,NA,"AS_2_1_1_23","Dead",11.4,2002,"AS_2_1_1",33.607599795,43.788818535,55.6771321454545,9.05844858267059,13.9397495462819
"1491","AS",2013,2,1,1,24,"PIPO",1,7.9,"AS_2_1_1_24","Live",7,2002,"AS_2_1_1",33.607599795,43.788818535,55.6771321454545,9.05844858267059,13.9397495462819
"1492","AS",2019,2,1,1,24,"PIPO",1,7.4,"AS_2_1_1_24","Live",7.9,2013,"AS_2_1_1",35.42582043,33.607599795,54.1950171816667,8.26652347113206,57.464221291366
"1493","AS",2013,2,1,1,25,"PIPO",1,25.4,"AS_2_1_1_25","Live",22.9,2002,"AS_2_1_1",33.607599795,43.788818535,55.6771321454545,9.05844858267059,13.9397495462819
"1494","AS",2019,2,1,1,25,"PIPO",1,26.6,"AS_2_1_1_25","Live",25.4,2013,"AS_2_1_1",35.42582043,33.607599795,54.1950171816667,8.26652347113206,57.464221291366
"1495","AS",2013,2,1,1,3,"PIPO",1,9.6,"AS_2_1_1_3","Live",9.2,2002,"AS_2_1_1",33.607599795,43.788818535,55.6771321454545,9.05844858267059,13.9397495462819
"1496","AS",2019,2,1,1,3,"PIPO",1,9.6,"AS_2_1_1_3","Live",9.6,2013,"AS_2_1_1",35.42582043,33.607599795,54.1950171816667,8.26652347113206,57.464221291366
"1497","AS",2013,2,1,1,31,"PIPO",1,2.8,"AS_2_1_1_31","Live",2.8,2002,"AS_2_1_1",33.607599795,43.788818535,55.6771321454545,9.05844858267059,13.9397495462819
"1498","AS",2019,2,1,1,31,"PIPO",1,2.7,"AS_2_1_1_31","Live",2.8,2013,"AS_2_1_1",35.42582043,33.607599795,54.1950171816667,8.26652347113206,57.464221291366
"1499","AS",2013,2,1,1,32,"PIPO",1,6.6,"AS_2_1_1_32","Live",6,2002,"AS_2_1_1",33.607599795,43.788818535,55.6771321454545,9.05844858267059,13.9397495462819
"1500","AS",2019,2,1,1,32,"PIPO",1,6.7,"AS_2_1_1_32","Live",6.6,2013,"AS_2_1_1",35.42582043,33.607599795,54.1950171816667,8.26652347113206,57.464221291366
"1501","AS",2013,2,1,1,33,"PIPO",1,11.2,"AS_2_1_1_33","Live",10.2,2002,"AS_2_1_1",33.607599795,43.788818535,55.6771321454545,9.05844858267059,13.9397495462819
"1502","AS",2019,2,1,1,33,"PIPO",1,11.4,"AS_2_1_1_33","Live",11.2,2013,"AS_2_1_1",35.42582043,33.607599795,54.1950171816667,8.26652347113206,57.464221291366
"1503","AS",2013,2,1,1,35,"PIPO",1,7.9,"AS_2_1_1_35","Live",7.3,2002,"AS_2_1_1",33.607599795,43.788818535,55.6771321454545,9.05844858267059,13.9397495462819
"1504","AS",2019,2,1,1,35,"PIPO",1,7.6,"AS_2_1_1_35","Live",7.9,2013,"AS_2_1_1",35.42582043,33.607599795,54.1950171816667,8.26652347113206,57.464221291366
"1505","AS",2013,2,1,1,36,"PIPO",1,9.8,"AS_2_1_1_36","Live",9,2002,"AS_2_1_1",33.607599795,43.788818535,55.6771321454545,9.05844858267059,13.9397495462819
"1506","AS",2019,2,1,1,36,"PIPO",1,9.9,"AS_2_1_1_36","Live",9.8,2013,"AS_2_1_1",35.42582043,33.607599795,54.1950171816667,8.26652347113206,57.464221291366
"1507","AS",2013,2,1,1,37,"PIPO",1,4.6,"AS_2_1_1_37","Live",4.2,2002,"AS_2_1_1",33.607599795,43.788818535,55.6771321454545,9.05844858267059,13.9397495462819
"1508","AS",2019,2,1,1,37,"PIPO",1,4.4,"AS_2_1_1_37","Live",4.6,2013,"AS_2_1_1",35.42582043,33.607599795,54.1950171816667,8.26652347113206,57.464221291366
"1509","AS",2013,2,1,1,39,"PIPO",1,11.1,"AS_2_1_1_39","Live",10.7,2002,"AS_2_1_1",33.607599795,43.788818535,55.6771321454545,9.05844858267059,13.9397495462819
"1510","AS",2019,2,1,1,39,"PIPO",1,11.2,"AS_2_1_1_39","Live",11.1,2013,"AS_2_1_1",35.42582043,33.607599795,54.1950171816667,8.26652347113206,57.464221291366
"1511","AS",2013,2,1,1,4,"PIPO",1,19.7,"AS_2_1_1_4","Live",16.7,2002,"AS_2_1_1",33.607599795,43.788818535,55.6771321454545,9.05844858267059,13.9397495462819
"1512","AS",2019,2,1,1,4,"PIPO",1,21.4,"AS_2_1_1_4","Live",19.7,2013,"AS_2_1_1",35.42582043,33.607599795,54.1950171816667,8.26652347113206,57.464221291366
"1513","AS",2013,2,1,1,40,"PIPO",1,0.9,"AS_2_1_1_40","Live",0.5,2002,"AS_2_1_1",33.607599795,43.788818535,55.6771321454545,9.05844858267059,13.9397495462819
"1514","AS",2019,2,1,1,40,"PIPO",1,0.9,"AS_2_1_1_40","Live",0.9,2013,"AS_2_1_1",35.42582043,33.607599795,54.1950171816667,8.26652347113206,57.464221291366
"1515","AS",2013,2,1,1,41,"PIPO",1,20.6,"AS_2_1_1_41","Live",19.3,2002,"AS_2_1_1",33.607599795,43.788818535,55.6771321454545,9.05844858267059,13.9397495462819
"1516","AS",2019,2,1,1,41,"PIPO",1,20.9,"AS_2_1_1_41","Live",20.6,2013,"AS_2_1_1",35.42582043,33.607599795,54.1950171816667,8.26652347113206,57.464221291366
"1517","AS",2013,2,1,1,42,"PIPO",1,17.2,"AS_2_1_1_42","Live",16.5,2002,"AS_2_1_1",33.607599795,43.788818535,55.6771321454545,9.05844858267059,13.9397495462819
"1518","AS",2019,2,1,1,42,"PIPO",1,17.7,"AS_2_1_1_42","Live",17.2,2013,"AS_2_1_1",35.42582043,33.607599795,54.1950171816667,8.26652347113206,57.464221291366
"1519","AS",2013,2,1,1,44,"PIPO",1,2.4,"AS_2_1_1_44","Live",2.2,2002,"AS_2_1_1",33.607599795,43.788818535,55.6771321454545,9.05844858267059,13.9397495462819
"1520","AS",2019,2,1,1,44,"PIPO",1,2.8,"AS_2_1_1_44","Live",2.4,2013,"AS_2_1_1",35.42582043,33.607599795,54.1950171816667,8.26652347113206,57.464221291366
"1521","AS",2013,2,1,1,45,"PIPO",1,7,"AS_2_1_1_45","Live",7,2002,"AS_2_1_1",33.607599795,43.788818535,55.6771321454545,9.05844858267059,13.9397495462819
"1522","AS",2019,2,1,1,45,"PIPO",1,7,"AS_2_1_1_45","Live",7,2013,"AS_2_1_1",35.42582043,33.607599795,54.1950171816667,8.26652347113206,57.464221291366
"1523","AS",2013,2,1,1,46,"PIPO",1,12.4,"AS_2_1_1_46","Live",11.7,2002,"AS_2_1_1",33.607599795,43.788818535,55.6771321454545,9.05844858267059,13.9397495462819
"1524","AS",2019,2,1,1,46,"PIPO",1,12.6,"AS_2_1_1_46","Live",12.4,2013,"AS_2_1_1",35.42582043,33.607599795,54.1950171816667,8.26652347113206,57.464221291366
"1525","AS",2013,2,1,1,47,"PIPO",1,3.4,"AS_2_1_1_47","Live",3.3,2002,"AS_2_1_1",33.607599795,43.788818535,55.6771321454545,9.05844858267059,13.9397495462819
"1526","AS",2019,2,1,1,47,"PIPO",2,3.3,"AS_2_1_1_47","Live",3.4,2013,"AS_2_1_1",35.42582043,33.607599795,54.1950171816667,8.26652347113206,57.464221291366
"1527","AS",2013,2,1,1,48,"PIPO",1,12.9,"AS_2_1_1_48","Live",11.3,2002,"AS_2_1_1",33.607599795,43.788818535,55.6771321454545,9.05844858267059,13.9397495462819
"1528","AS",2019,2,1,1,48,"PIPO",1,13.1,"AS_2_1_1_48","Live",12.9,2013,"AS_2_1_1",35.42582043,33.607599795,54.1950171816667,8.26652347113206,57.464221291366
"1529","AS",2013,2,1,1,49,"PIPO",1,12.2,"AS_2_1_1_49","Live",11.2,2002,"AS_2_1_1",33.607599795,43.788818535,55.6771321454545,9.05844858267059,13.9397495462819
"1530","AS",2019,2,1,1,49,"PIPO",1,12.3,"AS_2_1_1_49","Live",12.2,2013,"AS_2_1_1",35.42582043,33.607599795,54.1950171816667,8.26652347113206,57.464221291366
"1531","AS",2013,2,1,1,5,"PIPO",1,15,"AS_2_1_1_5","Live",13.5,2002,"AS_2_1_1",33.607599795,43.788818535,55.6771321454545,9.05844858267059,13.9397495462819
"1532","AS",2019,2,1,1,5,"PIPO",1,15.7,"AS_2_1_1_5","Live",15,2013,"AS_2_1_1",35.42582043,33.607599795,54.1950171816667,8.26652347113206,57.464221291366
"1533","AS",2013,2,1,1,50,"PIPO",1,7.9,"AS_2_1_1_50","Live",8,2002,"AS_2_1_1",33.607599795,43.788818535,55.6771321454545,9.05844858267059,13.9397495462819
"1534","AS",2019,2,1,1,50,"PIPO",1,7.8,"AS_2_1_1_50","Live",7.9,2013,"AS_2_1_1",35.42582043,33.607599795,54.1950171816667,8.26652347113206,57.464221291366
"1535","AS",2013,2,1,1,51,"PIPO",1,8.4,"AS_2_1_1_51","Live",8.1,2002,"AS_2_1_1",33.607599795,43.788818535,55.6771321454545,9.05844858267059,13.9397495462819
"1536","AS",2019,2,1,1,51,"PIPO",1,8.3,"AS_2_1_1_51","Live",8.4,2013,"AS_2_1_1",35.42582043,33.607599795,54.1950171816667,8.26652347113206,57.464221291366
"1537","AS",2013,2,1,1,52,"PIPO",1,5.1,"AS_2_1_1_52","Live",5.2,2002,"AS_2_1_1",33.607599795,43.788818535,55.6771321454545,9.05844858267059,13.9397495462819
"1538","AS",2019,2,1,1,52,"PIPO",3,NA,"AS_2_1_1_52","Dead",5.1,2013,"AS_2_1_1",35.42582043,33.607599795,54.1950171816667,8.26652347113206,57.464221291366
"1539","AS",2013,2,1,1,53,"PIPO",1,28.6,"AS_2_1_1_53","Live",24.6,2002,"AS_2_1_1",33.607599795,43.788818535,55.6771321454545,9.05844858267059,13.9397495462819
"1540","AS",2019,2,1,1,53,"PIPO",1,30.3,"AS_2_1_1_53","Live",28.6,2013,"AS_2_1_1",35.42582043,33.607599795,54.1950171816667,8.26652347113206,57.464221291366
"1541","AS",2013,2,1,1,54,"PIPO",1,15.4,"AS_2_1_1_54","Live",13.9,2002,"AS_2_1_1",33.607599795,43.788818535,55.6771321454545,9.05844858267059,13.9397495462819
"1542","AS",2019,2,1,1,54,"PIPO",1,16.2,"AS_2_1_1_54","Live",15.4,2013,"AS_2_1_1",35.42582043,33.607599795,54.1950171816667,8.26652347113206,57.464221291366
"1543","AS",2013,2,1,1,55,"PIPO",1,16.3,"AS_2_1_1_55","Live",14.9,2002,"AS_2_1_1",33.607599795,43.788818535,55.6771321454545,9.05844858267059,13.9397495462819
"1544","AS",2019,2,1,1,55,"PIPO",1,17,"AS_2_1_1_55","Live",16.3,2013,"AS_2_1_1",35.42582043,33.607599795,54.1950171816667,8.26652347113206,57.464221291366
"1545","AS",2013,2,1,1,56,"PIPO",1,16.1,"AS_2_1_1_56","Live",14.1,2002,"AS_2_1_1",33.607599795,43.788818535,55.6771321454545,9.05844858267059,13.9397495462819
"1546","AS",2019,2,1,1,56,"PIPO",1,17.4,"AS_2_1_1_56","Live",16.1,2013,"AS_2_1_1",35.42582043,33.607599795,54.1950171816667,8.26652347113206,57.464221291366
"1547","AS",2013,2,1,1,58,"PIPO",1,12.6,"AS_2_1_1_58","Live",10.2,2002,"AS_2_1_1",33.607599795,43.788818535,55.6771321454545,9.05844858267059,13.9397495462819
"1548","AS",2019,2,1,1,58,"PIPO",1,11.9,"AS_2_1_1_58","Live",12.6,2013,"AS_2_1_1",35.42582043,33.607599795,54.1950171816667,8.26652347113206,57.464221291366
"1549","AS",2013,2,1,1,6,"PIPO",1,5.7,"AS_2_1_1_6","Live",5.5,2002,"AS_2_1_1",33.607599795,43.788818535,55.6771321454545,9.05844858267059,13.9397495462819
"1550","AS",2019,2,1,1,6,"PIPO",2,5.6,"AS_2_1_1_6","Live",5.7,2013,"AS_2_1_1",35.42582043,33.607599795,54.1950171816667,8.26652347113206,57.464221291366
"1551","AS",2013,2,1,1,60,"PIPO",1,2.2,"AS_2_1_1_60","Live",2,2002,"AS_2_1_1",33.607599795,43.788818535,55.6771321454545,9.05844858267059,13.9397495462819
"1552","AS",2019,2,1,1,60,"PIPO",1,2.2,"AS_2_1_1_60","Live",2.2,2013,"AS_2_1_1",35.42582043,33.607599795,54.1950171816667,8.26652347113206,57.464221291366
"1553","AS",2013,2,1,1,62,"PIPO",1,7.4,"AS_2_1_1_62","Live",6.9,2002,"AS_2_1_1",33.607599795,43.788818535,55.6771321454545,9.05844858267059,13.9397495462819
"1554","AS",2019,2,1,1,62,"PIPO",1,7.7,"AS_2_1_1_62","Live",7.4,2013,"AS_2_1_1",35.42582043,33.607599795,54.1950171816667,8.26652347113206,57.464221291366
"1555","AS",2013,2,1,1,64,"PIPO",1,6.2,"AS_2_1_1_64","Live",5.3,2002,"AS_2_1_1",33.607599795,43.788818535,55.6771321454545,9.05844858267059,13.9397495462819
"1556","AS",2019,2,1,1,64,"PIPO",1,6.5,"AS_2_1_1_64","Live",6.2,2013,"AS_2_1_1",35.42582043,33.607599795,54.1950171816667,8.26652347113206,57.464221291366
"1557","AS",2013,2,1,1,66,"PIPO",1,8.4,"AS_2_1_1_66","Live",7.5,2002,"AS_2_1_1",33.607599795,43.788818535,55.6771321454545,9.05844858267059,13.9397495462819
"1558","AS",2019,2,1,1,66,"PIPO",1,8.6,"AS_2_1_1_66","Live",8.4,2013,"AS_2_1_1",35.42582043,33.607599795,54.1950171816667,8.26652347113206,57.464221291366
"1559","AS",2013,2,1,1,69,"PIPO",1,19.7,"AS_2_1_1_69","Live",18.5,2002,"AS_2_1_1",33.607599795,43.788818535,55.6771321454545,9.05844858267059,13.9397495462819
"1560","AS",2019,2,1,1,69,"PIPO",1,19.7,"AS_2_1_1_69","Live",19.7,2013,"AS_2_1_1",35.42582043,33.607599795,54.1950171816667,8.26652347113206,57.464221291366
"1561","AS",2013,2,1,1,7,"PIPO",1,13.8,"AS_2_1_1_7","Live",12.3,2002,"AS_2_1_1",33.607599795,43.788818535,55.6771321454545,9.05844858267059,13.9397495462819
"1562","AS",2019,2,1,1,7,"PIPO",1,14.2,"AS_2_1_1_7","Live",13.8,2013,"AS_2_1_1",35.42582043,33.607599795,54.1950171816667,8.26652347113206,57.464221291366
"1563","AS",2013,2,1,1,70,"PIPO",1,2.9,"AS_2_1_1_70","Live",2.1,2002,"AS_2_1_1",33.607599795,43.788818535,55.6771321454545,9.05844858267059,13.9397495462819
"1564","AS",2019,2,1,1,70,"PIPO",1,3,"AS_2_1_1_70","Live",2.9,2013,"AS_2_1_1",35.42582043,33.607599795,54.1950171816667,8.26652347113206,57.464221291366
"1565","AS",2013,2,1,1,71,"PIPO",1,6.6,"AS_2_1_1_71","Live",5.2,2002,"AS_2_1_1",33.607599795,43.788818535,55.6771321454545,9.05844858267059,13.9397495462819
"1566","AS",2019,2,1,1,71,"PIPO",1,7.2,"AS_2_1_1_71","Live",6.6,2013,"AS_2_1_1",35.42582043,33.607599795,54.1950171816667,8.26652347113206,57.464221291366
"1567","AS",2013,2,1,1,72,"PIPO",1,4.4,"AS_2_1_1_72","Live",4,2002,"AS_2_1_1",33.607599795,43.788818535,55.6771321454545,9.05844858267059,13.9397495462819
"1568","AS",2019,2,1,1,72,"PIPO",1,4.8,"AS_2_1_1_72","Live",4.4,2013,"AS_2_1_1",35.42582043,33.607599795,54.1950171816667,8.26652347113206,57.464221291366
"1569","AS",2013,2,1,1,73,"PIPO",1,6.4,"AS_2_1_1_73","Live",5.4,2002,"AS_2_1_1",33.607599795,43.788818535,55.6771321454545,9.05844858267059,13.9397495462819
"1570","AS",2019,2,1,1,73,"PIPO",1,6.8,"AS_2_1_1_73","Live",6.4,2013,"AS_2_1_1",35.42582043,33.607599795,54.1950171816667,8.26652347113206,57.464221291366
"1571","AS",2013,2,1,1,74,"PIPO",1,4.7,"AS_2_1_1_74","Live",4.5,2002,"AS_2_1_1",33.607599795,43.788818535,55.6771321454545,9.05844858267059,13.9397495462819
"1572","AS",2019,2,1,1,74,"PIPO",1,4.8,"AS_2_1_1_74","Live",4.7,2013,"AS_2_1_1",35.42582043,33.607599795,54.1950171816667,8.26652347113206,57.464221291366
"1573","AS",2013,2,1,1,75,"PIPO",1,4.9,"AS_2_1_1_75","Live",3.2,2002,"AS_2_1_1",33.607599795,43.788818535,55.6771321454545,9.05844858267059,13.9397495462819
"1574","AS",2019,2,1,1,75,"PIPO",1,5.4,"AS_2_1_1_75","Live",4.9,2013,"AS_2_1_1",35.42582043,33.607599795,54.1950171816667,8.26652347113206,57.464221291366
"1575","AS",2013,2,1,1,78,"PIPO",1,24.1,"AS_2_1_1_78","Live",20.5,2002,"AS_2_1_1",33.607599795,43.788818535,55.6771321454545,9.05844858267059,13.9397495462819
"1576","AS",2019,2,1,1,78,"PIPO",1,25.8,"AS_2_1_1_78","Live",24.1,2013,"AS_2_1_1",35.42582043,33.607599795,54.1950171816667,8.26652347113206,57.464221291366
"1577","AS",2013,2,1,1,8,"PIPO",1,13.8,"AS_2_1_1_8","Live",12.3,2002,"AS_2_1_1",33.607599795,43.788818535,55.6771321454545,9.05844858267059,13.9397495462819
"1578","AS",2019,2,1,1,8,"PIPO",1,14.3,"AS_2_1_1_8","Live",13.8,2013,"AS_2_1_1",35.42582043,33.607599795,54.1950171816667,8.26652347113206,57.464221291366
"1579","AS",2013,2,1,1,81,"PIPO",1,4.5,"AS_2_1_1_81","Live",4.5,2002,"AS_2_1_1",33.607599795,43.788818535,55.6771321454545,9.05844858267059,13.9397495462819
"1580","AS",2019,2,1,1,81,"PIPO",1,4.8,"AS_2_1_1_81","Live",4.5,2013,"AS_2_1_1",35.42582043,33.607599795,54.1950171816667,8.26652347113206,57.464221291366
"1581","AS",2013,2,1,1,85,"PIPO",1,5.4,"AS_2_1_1_85","Live",4.3,2002,"AS_2_1_1",33.607599795,43.788818535,55.6771321454545,9.05844858267059,13.9397495462819
"1582","AS",2019,2,1,1,85,"PIPO",1,5.2,"AS_2_1_1_85","Live",5.4,2013,"AS_2_1_1",35.42582043,33.607599795,54.1950171816667,8.26652347113206,57.464221291366
"1583","AS",2013,2,1,1,86,"PIPO",1,5.4,"AS_2_1_1_86","Live",4.1,2002,"AS_2_1_1",33.607599795,43.788818535,55.6771321454545,9.05844858267059,13.9397495462819
"1584","AS",2019,2,1,1,86,"PIPO",1,4.7,"AS_2_1_1_86","Live",5.4,2013,"AS_2_1_1",35.42582043,33.607599795,54.1950171816667,8.26652347113206,57.464221291366
"1585","AS",2013,2,1,1,87,"PIPO",1,9,"AS_2_1_1_87","Live",7,2002,"AS_2_1_1",33.607599795,43.788818535,55.6771321454545,9.05844858267059,13.9397495462819
"1586","AS",2019,2,1,1,87,"PIPO",1,9.8,"AS_2_1_1_87","Live",9,2013,"AS_2_1_1",35.42582043,33.607599795,54.1950171816667,8.26652347113206,57.464221291366
"1587","AS",2013,2,1,1,88,"PIPO",1,10.3,"AS_2_1_1_88","Live",7.2,2002,"AS_2_1_1",33.607599795,43.788818535,55.6771321454545,9.05844858267059,13.9397495462819
"1588","AS",2019,2,1,1,88,"PIPO",1,11.5,"AS_2_1_1_88","Live",10.3,2013,"AS_2_1_1",35.42582043,33.607599795,54.1950171816667,8.26652347113206,57.464221291366
"1589","AS",2013,2,1,1,9,"PIPO",1,12.8,"AS_2_1_1_9","Live",12.4,2002,"AS_2_1_1",33.607599795,43.788818535,55.6771321454545,9.05844858267059,13.9397495462819
"1590","AS",2019,2,1,1,9,"PIPO",1,12.7,"AS_2_1_1_9","Live",12.8,2013,"AS_2_1_1",35.42582043,33.607599795,54.1950171816667,8.26652347113206,57.464221291366
"1591","AS",2013,2,1,1,91,"PIPO",1,27.5,"AS_2_1_1_91","Live",26.5,2002,"AS_2_1_1",33.607599795,43.788818535,55.6771321454545,9.05844858267059,13.9397495462819
"1592","AS",2019,2,1,1,91,"PIPO",1,31,"AS_2_1_1_91","Live",27.5,2013,"AS_2_1_1",35.42582043,33.607599795,54.1950171816667,8.26652347113206,57.464221291366
"1593","AS",2013,2,1,1,94,"PIPO",4,NA,"AS_2_1_1_94","Dead",63.4,2002,"AS_2_1_1",33.607599795,43.788818535,55.6771321454545,9.05844858267059,13.9397495462819
"1594","AS",2013,2,1,1,95,"PIPO",6,NA,"AS_2_1_1_95","Dead",55.9,2002,"AS_2_1_1",33.607599795,43.788818535,55.6771321454545,9.05844858267059,13.9397495462819
"1595","AS",2013,2,1,1,99,"PIPO",1,16,"AS_2_1_1_99","Live",12.7,2002,"AS_2_1_1",33.607599795,43.788818535,55.6771321454545,9.05844858267059,13.9397495462819
"1596","AS",2019,2,1,1,99,"PIPO",1,17.5,"AS_2_1_1_99","Live",16,2013,"AS_2_1_1",35.42582043,33.607599795,54.1950171816667,8.26652347113206,57.464221291366
"1597","AS",2013,2,1,20,12,"PIPO",1,14.9,"AS_2_1_20_12","Live",13.4,2002,"AS_2_1_20",33.63695412,30.34004127,41.0805998127273,9.05844858267059,15.7643537293656
"1598","AS",2019,2,1,20,12,"PIPO",1,15.7,"AS_2_1_20_12","Live",14.9,2013,"AS_2_1_20",34.866595995,33.63695412,41.97508591,8.26652347113206,59.0653549846994
"1599","AS",2013,2,1,20,13,"PIPO",1,26.1,"AS_2_1_20_13","Live",25.1,2002,"AS_2_1_20",33.63695412,30.34004127,41.0805998127273,9.05844858267059,15.7643537293656
"1600","AS",2019,2,1,20,13,"PIPO",1,26.9,"AS_2_1_20_13","Live",26.1,2013,"AS_2_1_20",34.866595995,33.63695412,41.97508591,8.26652347113206,59.0653549846994
"1601","AS",2013,2,1,20,14,"PIPO",1,27.7,"AS_2_1_20_14","Live",24.9,2002,"AS_2_1_20",33.63695412,30.34004127,41.0805998127273,9.05844858267059,15.7643537293656
"1602","AS",2019,2,1,20,14,"PIPO",1,28.8,"AS_2_1_20_14","Live",27.7,2013,"AS_2_1_20",34.866595995,33.63695412,41.97508591,8.26652347113206,59.0653549846994
"1603","AS",2013,2,1,20,16,"PIPO",1,24.6,"AS_2_1_20_16","Live",22,2002,"AS_2_1_20",33.63695412,30.34004127,41.0805998127273,9.05844858267059,15.7643537293656
"1604","AS",2019,2,1,20,16,"PIPO",1,25.5,"AS_2_1_20_16","Live",24.6,2013,"AS_2_1_20",34.866595995,33.63695412,41.97508591,8.26652347113206,59.0653549846994
"1605","AS",2013,2,1,20,17,"PIPO",1,17.9,"AS_2_1_20_17","Live",16,2002,"AS_2_1_20",33.63695412,30.34004127,41.0805998127273,9.05844858267059,15.7643537293656
"1606","AS",2019,2,1,20,17,"PIPO",1,18.5,"AS_2_1_20_17","Live",17.9,2013,"AS_2_1_20",34.866595995,33.63695412,41.97508591,8.26652347113206,59.0653549846994
"1607","AS",2013,2,1,20,18,"PIPO",1,18.4,"AS_2_1_20_18","Live",16.5,2002,"AS_2_1_20",33.63695412,30.34004127,41.0805998127273,9.05844858267059,15.7643537293656
"1608","AS",2019,2,1,20,18,"PIPO",1,18.9,"AS_2_1_20_18","Live",18.4,2013,"AS_2_1_20",34.866595995,33.63695412,41.97508591,8.26652347113206,59.0653549846994
"1609","AS",2013,2,1,20,19,"PIPO",1,23.1,"AS_2_1_20_19","Live",22.3,2002,"AS_2_1_20",33.63695412,30.34004127,41.0805998127273,9.05844858267059,15.7643537293656
"1610","AS",2019,2,1,20,19,"PIPO",1,23.1,"AS_2_1_20_19","Live",23.1,2013,"AS_2_1_20",34.866595995,33.63695412,41.97508591,8.26652347113206,59.0653549846994
"1611","AS",2013,2,1,20,2,"PIPO",1,23,"AS_2_1_20_2","Live",20.6,2002,"AS_2_1_20",33.63695412,30.34004127,41.0805998127273,9.05844858267059,15.7643537293656
"1612","AS",2019,2,1,20,2,"PIPO",1,23.9,"AS_2_1_20_2","Live",23,2013,"AS_2_1_20",34.866595995,33.63695412,41.97508591,8.26652347113206,59.0653549846994
"1613","AS",2013,2,1,20,21,"PIPO",1,22.2,"AS_2_1_20_21","Live",20.8,2002,"AS_2_1_20",33.63695412,30.34004127,41.0805998127273,9.05844858267059,15.7643537293656
"1614","AS",2019,2,1,20,21,"PIPO",1,23.5,"AS_2_1_20_21","Live",22.2,2013,"AS_2_1_20",34.866595995,33.63695412,41.97508591,8.26652347113206,59.0653549846994
"1615","AS",2013,2,1,20,22,"PIPO",1,10.3,"AS_2_1_20_22","Live",7.4,2002,"AS_2_1_20",33.63695412,30.34004127,41.0805998127273,9.05844858267059,15.7643537293656
"1616","AS",2019,2,1,20,22,"PIPO",1,11,"AS_2_1_20_22","Live",10.3,2013,"AS_2_1_20",34.866595995,33.63695412,41.97508591,8.26652347113206,59.0653549846994
"1617","AS",2013,2,1,20,23,"PIPO",1,13,"AS_2_1_20_23","Live",12.8,2002,"AS_2_1_20",33.63695412,30.34004127,41.0805998127273,9.05844858267059,15.7643537293656
"1618","AS",2019,2,1,20,23,"PIPO",1,13,"AS_2_1_20_23","Live",13,2013,"AS_2_1_20",34.866595995,33.63695412,41.97508591,8.26652347113206,59.0653549846994
"1619","AS",2013,2,1,20,25,"PIPO",1,14.6,"AS_2_1_20_25","Live",12.1,2002,"AS_2_1_20",33.63695412,30.34004127,41.0805998127273,9.05844858267059,15.7643537293656
"1620","AS",2019,2,1,20,25,"PIPO",1,15.4,"AS_2_1_20_25","Live",14.6,2013,"AS_2_1_20",34.866595995,33.63695412,41.97508591,8.26652347113206,59.0653549846994
"1621","AS",2013,2,1,20,26,"PIPO",1,52.6,"AS_2_1_20_26","Live",51.7,2002,"AS_2_1_20",33.63695412,30.34004127,41.0805998127273,9.05844858267059,15.7643537293656
"1622","AS",2019,2,1,20,26,"PIPO",1,53.7,"AS_2_1_20_26","Live",52.6,2013,"AS_2_1_20",34.866595995,33.63695412,41.97508591,8.26652347113206,59.0653549846994
"1623","AS",2013,2,1,20,27,"PIPO",1,15.5,"AS_2_1_20_27","Live",14.4,2002,"AS_2_1_20",33.63695412,30.34004127,41.0805998127273,9.05844858267059,15.7643537293656
"1624","AS",2019,2,1,20,27,"PIPO",1,15.7,"AS_2_1_20_27","Live",15.5,2013,"AS_2_1_20",34.866595995,33.63695412,41.97508591,8.26652347113206,59.0653549846994
"1625","AS",2013,2,1,20,29,"PIPO",1,71.7,"AS_2_1_20_29","Live",70.3,2002,"AS_2_1_20",33.63695412,30.34004127,41.0805998127273,9.05844858267059,15.7643537293656
"1626","AS",2019,2,1,20,29,"PIPO",1,71.5,"AS_2_1_20_29","Live",71.7,2013,"AS_2_1_20",34.866595995,33.63695412,41.97508591,8.26652347113206,59.0653549846994
"1627","AS",2013,2,1,20,3,"PIPO",1,13,"AS_2_1_20_3","Live",11.6,2002,"AS_2_1_20",33.63695412,30.34004127,41.0805998127273,9.05844858267059,15.7643537293656
"1628","AS",2019,2,1,20,3,"PIPO",1,13.2,"AS_2_1_20_3","Live",13,2013,"AS_2_1_20",34.866595995,33.63695412,41.97508591,8.26652347113206,59.0653549846994
"1629","AS",2013,2,1,20,30,"PIPO",1,18.2,"AS_2_1_20_30","Live",15.4,2002,"AS_2_1_20",33.63695412,30.34004127,41.0805998127273,9.05844858267059,15.7643537293656
"1630","AS",2019,2,1,20,30,"PIPO",1,19,"AS_2_1_20_30","Live",18.2,2013,"AS_2_1_20",34.866595995,33.63695412,41.97508591,8.26652347113206,59.0653549846994
"1631","AS",2013,2,1,20,32,"PIPO",1,14.8,"AS_2_1_20_32","Live",12.7,2002,"AS_2_1_20",33.63695412,30.34004127,41.0805998127273,9.05844858267059,15.7643537293656
"1632","AS",2019,2,1,20,32,"PIPO",1,16,"AS_2_1_20_32","Live",14.8,2013,"AS_2_1_20",34.866595995,33.63695412,41.97508591,8.26652347113206,59.0653549846994
"1633","AS",2013,2,1,20,5,"PIPO",1,20.9,"AS_2_1_20_5","Live",19,2002,"AS_2_1_20",33.63695412,30.34004127,41.0805998127273,9.05844858267059,15.7643537293656
"1634","AS",2019,2,1,20,5,"PIPO",1,21.2,"AS_2_1_20_5","Live",20.9,2013,"AS_2_1_20",34.866595995,33.63695412,41.97508591,8.26652347113206,59.0653549846994
"1635","AS",2013,2,1,20,6,"PIPO",1,29.9,"AS_2_1_20_6","Live",28.5,2002,"AS_2_1_20",33.63695412,30.34004127,41.0805998127273,9.05844858267059,15.7643537293656
"1636","AS",2019,2,1,20,6,"PIPO",1,30.5,"AS_2_1_20_6","Live",29.9,2013,"AS_2_1_20",34.866595995,33.63695412,41.97508591,8.26652347113206,59.0653549846994
"1637","AS",2013,2,1,20,7,"PIPO",1,18.9,"AS_2_1_20_7","Live",17.5,2002,"AS_2_1_20",33.63695412,30.34004127,41.0805998127273,9.05844858267059,15.7643537293656
"1638","AS",2019,2,1,20,7,"PIPO",1,19.2,"AS_2_1_20_7","Live",18.9,2013,"AS_2_1_20",34.866595995,33.63695412,41.97508591,8.26652347113206,59.0653549846994
"1639","AS",2013,2,1,20,8,"PIPO",1,27.4,"AS_2_1_20_8","Live",24.8,2002,"AS_2_1_20",33.63695412,30.34004127,41.0805998127273,9.05844858267059,15.7643537293656
"1640","AS",2019,2,1,20,8,"PIPO",1,28.3,"AS_2_1_20_8","Live",27.4,2013,"AS_2_1_20",34.866595995,33.63695412,41.97508591,8.26652347113206,59.0653549846994
"1641","AS",2013,2,1,20,9,"PIPO",1,29.1,"AS_2_1_20_9","Live",29,2002,"AS_2_1_20",33.63695412,30.34004127,41.0805998127273,9.05844858267059,15.7643537293656
"1642","AS",2019,2,1,20,9,"PIPO",1,29,"AS_2_1_20_9","Live",29.1,2013,"AS_2_1_20",34.866595995,33.63695412,41.97508591,8.26652347113206,59.0653549846994
"1643","AS",2013,2,1,2,1,"PIPO",1,31.9,"AS_2_1_2_1","Live",28.4,2002,"AS_2_1_2",34.6023678,29.66133786,44.7399905781818,9.05844858267059,15.3698417597935
"1644","AS",2019,2,1,2,1,"PIPO",1,33.4,"AS_2_1_2_1","Live",31.9,2013,"AS_2_1_2",37.950979605,34.6023678,44.5837651133333,8.26652347113206,57.4522023266032
"1645","AS",2013,2,1,2,10,"PIPO",1,31.2,"AS_2_1_2_10","Live",30.7,2002,"AS_2_1_2",34.6023678,29.66133786,44.7399905781818,9.05844858267059,15.3698417597935
"1646","AS",2019,2,1,2,10,"PIPO",1,31.8,"AS_2_1_2_10","Live",31.2,2013,"AS_2_1_2",37.950979605,34.6023678,44.5837651133333,8.26652347113206,57.4522023266032
"1647","AS",2013,2,1,2,11,"PIPO",1,5.8,"AS_2_1_2_11","Live",5.5,2002,"AS_2_1_2",34.6023678,29.66133786,44.7399905781818,9.05844858267059,15.3698417597935
"1648","AS",2019,2,1,2,11,"PIPO",1,6.4,"AS_2_1_2_11","Live",5.8,2013,"AS_2_1_2",37.950979605,34.6023678,44.5837651133333,8.26652347113206,57.4522023266032
"1649","AS",2013,2,1,2,12,"PIPO",1,23.5,"AS_2_1_2_12","Live",21.9,2002,"AS_2_1_2",34.6023678,29.66133786,44.7399905781818,9.05844858267059,15.3698417597935
"1650","AS",2019,2,1,2,12,"PIPO",1,24.7,"AS_2_1_2_12","Live",23.5,2013,"AS_2_1_2",37.950979605,34.6023678,44.5837651133333,8.26652347113206,57.4522023266032
"1651","AS",2013,2,1,2,13,"PIPO",1,10,"AS_2_1_2_13","Live",9.1,2002,"AS_2_1_2",34.6023678,29.66133786,44.7399905781818,9.05844858267059,15.3698417597935
"1652","AS",2019,2,1,2,13,"PIPO",1,10.2,"AS_2_1_2_13","Live",10,2013,"AS_2_1_2",37.950979605,34.6023678,44.5837651133333,8.26652347113206,57.4522023266032
"1653","AS",2013,2,1,2,14,"PIPO",1,30.8,"AS_2_1_2_14","Live",30.1,2002,"AS_2_1_2",34.6023678,29.66133786,44.7399905781818,9.05844858267059,15.3698417597935
"1654","AS",2019,2,1,2,14,"PIPO",1,31.8,"AS_2_1_2_14","Live",30.8,2013,"AS_2_1_2",37.950979605,34.6023678,44.5837651133333,8.26652347113206,57.4522023266032
"1655","AS",2013,2,1,2,15,"PIPO",1,23.5,"AS_2_1_2_15","Live",21.5,2002,"AS_2_1_2",34.6023678,29.66133786,44.7399905781818,9.05844858267059,15.3698417597935
"1656","AS",2019,2,1,2,15,"PIPO",1,24.5,"AS_2_1_2_15","Live",23.5,2013,"AS_2_1_2",37.950979605,34.6023678,44.5837651133333,8.26652347113206,57.4522023266032
"1657","AS",2013,2,1,2,16,"PIPO",1,32.1,"AS_2_1_2_16","Live",29.8,2002,"AS_2_1_2",34.6023678,29.66133786,44.7399905781818,9.05844858267059,15.3698417597935
"1658","AS",2019,2,1,2,16,"PIPO",1,33.5,"AS_2_1_2_16","Live",32.1,2013,"AS_2_1_2",37.950979605,34.6023678,44.5837651133333,8.26652347113206,57.4522023266032
"1659","AS",2013,2,1,2,17,"PIPO",1,16.1,"AS_2_1_2_17","Live",16.1,2002,"AS_2_1_2",34.6023678,29.66133786,44.7399905781818,9.05844858267059,15.3698417597935
"1660","AS",2019,2,1,2,17,"PIPO",1,16.2,"AS_2_1_2_17","Live",16.1,2013,"AS_2_1_2",37.950979605,34.6023678,44.5837651133333,8.26652347113206,57.4522023266032
"1661","AS",2013,2,1,2,18,"PIPO",1,14.5,"AS_2_1_2_18","Live",14.1,2002,"AS_2_1_2",34.6023678,29.66133786,44.7399905781818,9.05844858267059,15.3698417597935
"1662","AS",2019,2,1,2,18,"PIPO",1,15,"AS_2_1_2_18","Live",14.5,2013,"AS_2_1_2",37.950979605,34.6023678,44.5837651133333,8.26652347113206,57.4522023266032
"1663","AS",2013,2,1,2,19,"PIPO",1,35,"AS_2_1_2_19","Live",32.5,2002,"AS_2_1_2",34.6023678,29.66133786,44.7399905781818,9.05844858267059,15.3698417597935
"1664","AS",2019,2,1,2,19,"PIPO",1,36.3,"AS_2_1_2_19","Live",35,2013,"AS_2_1_2",37.950979605,34.6023678,44.5837651133333,8.26652347113206,57.4522023266032
"1665","AS",2013,2,1,2,20,"PIPO",1,10.6,"AS_2_1_2_20","Live",9.2,2002,"AS_2_1_2",34.6023678,29.66133786,44.7399905781818,9.05844858267059,15.3698417597935
"1666","AS",2019,2,1,2,20,"PIPO",1,11.5,"AS_2_1_2_20","Live",10.6,2013,"AS_2_1_2",37.950979605,34.6023678,44.5837651133333,8.26652347113206,57.4522023266032
"1667","AS",2013,2,1,2,22,"PIPO",1,7.4,"AS_2_1_2_22","Live",6.7,2002,"AS_2_1_2",34.6023678,29.66133786,44.7399905781818,9.05844858267059,15.3698417597935
"1668","AS",2019,2,1,2,22,"PIPO",3,NA,"AS_2_1_2_22","Dead",7.4,2013,"AS_2_1_2",37.950979605,34.6023678,44.5837651133333,8.26652347113206,57.4522023266032
"1669","AS",2013,2,1,2,23,"PIPO",1,10.5,"AS_2_1_2_23","Live",7.9,2002,"AS_2_1_2",34.6023678,29.66133786,44.7399905781818,9.05844858267059,15.3698417597935
"1670","AS",2019,2,1,2,23,"PIPO",1,12.2,"AS_2_1_2_23","Live",10.5,2013,"AS_2_1_2",37.950979605,34.6023678,44.5837651133333,8.26652347113206,57.4522023266032
"1671","AS",2013,2,1,2,25,"PIPO",1,25.2,"AS_2_1_2_25","Live",23.3,2002,"AS_2_1_2",34.6023678,29.66133786,44.7399905781818,9.05844858267059,15.3698417597935
"1672","AS",2019,2,1,2,25,"PIPO",1,27,"AS_2_1_2_25","Live",25.2,2013,"AS_2_1_2",37.950979605,34.6023678,44.5837651133333,8.26652347113206,57.4522023266032
"1673","AS",2013,2,1,2,26,"PIPO",1,11.4,"AS_2_1_2_26","Live",10.7,2002,"AS_2_1_2",34.6023678,29.66133786,44.7399905781818,9.05844858267059,15.3698417597935
"1674","AS",2019,2,1,2,26,"PIPO",1,11.8,"AS_2_1_2_26","Live",11.4,2013,"AS_2_1_2",37.950979605,34.6023678,44.5837651133333,8.26652347113206,57.4522023266032
"1675","AS",2013,2,1,2,27,"PIPO",1,20.4,"AS_2_1_2_27","Live",19.8,2002,"AS_2_1_2",34.6023678,29.66133786,44.7399905781818,9.05844858267059,15.3698417597935
"1676","AS",2019,2,1,2,27,"PIPO",1,21.2,"AS_2_1_2_27","Live",20.4,2013,"AS_2_1_2",37.950979605,34.6023678,44.5837651133333,8.26652347113206,57.4522023266032
"1677","AS",2013,2,1,2,28,"PIPO",1,10.2,"AS_2_1_2_28","Live",9.9,2002,"AS_2_1_2",34.6023678,29.66133786,44.7399905781818,9.05844858267059,15.3698417597935
"1678","AS",2019,2,1,2,28,"PIPO",1,10.3,"AS_2_1_2_28","Live",10.2,2013,"AS_2_1_2",37.950979605,34.6023678,44.5837651133333,8.26652347113206,57.4522023266032
"1679","AS",2013,2,1,2,29,"PIPO",1,10.1,"AS_2_1_2_29","Live",9.4,2002,"AS_2_1_2",34.6023678,29.66133786,44.7399905781818,9.05844858267059,15.3698417597935
"1680","AS",2019,2,1,2,29,"PIPO",1,10.3,"AS_2_1_2_29","Live",10.1,2013,"AS_2_1_2",37.950979605,34.6023678,44.5837651133333,8.26652347113206,57.4522023266032
"1681","AS",2013,2,1,2,31,"PIPO",1,16.6,"AS_2_1_2_31","Live",14.7,2002,"AS_2_1_2",34.6023678,29.66133786,44.7399905781818,9.05844858267059,15.3698417597935
"1682","AS",2019,2,1,2,31,"PIPO",1,16.9,"AS_2_1_2_31","Live",16.6,2013,"AS_2_1_2",37.950979605,34.6023678,44.5837651133333,8.26652347113206,57.4522023266032
"1683","AS",2013,2,1,2,33,"PIPO",1,22.3,"AS_2_1_2_33","Live",21.8,2002,"AS_2_1_2",34.6023678,29.66133786,44.7399905781818,9.05844858267059,15.3698417597935
"1684","AS",2019,2,1,2,33,"PIPO",1,24.4,"AS_2_1_2_33","Live",22.3,2013,"AS_2_1_2",37.950979605,34.6023678,44.5837651133333,8.26652347113206,57.4522023266032
"1685","AS",2013,2,1,2,37,"PIPO",1,10.8,"AS_2_1_2_37","Live",10,2002,"AS_2_1_2",34.6023678,29.66133786,44.7399905781818,9.05844858267059,15.3698417597935
"1686","AS",2019,2,1,2,37,"PIPO",1,11.3,"AS_2_1_2_37","Live",10.8,2013,"AS_2_1_2",37.950979605,34.6023678,44.5837651133333,8.26652347113206,57.4522023266032
"1687","AS",2013,2,1,2,39,"PIPO",1,5.5,"AS_2_1_2_39","Live",5.4,2002,"AS_2_1_2",34.6023678,29.66133786,44.7399905781818,9.05844858267059,15.3698417597935
"1688","AS",2019,2,1,2,39,"PIPO",3,NA,"AS_2_1_2_39","Dead",5.5,2013,"AS_2_1_2",37.950979605,34.6023678,44.5837651133333,8.26652347113206,57.4522023266032
"1689","AS",2013,2,1,2,4,"PIPO",1,14.5,"AS_2_1_2_4","Live",12.9,2002,"AS_2_1_2",34.6023678,29.66133786,44.7399905781818,9.05844858267059,15.3698417597935
"1690","AS",2019,2,1,2,4,"PIPO",1,15,"AS_2_1_2_4","Live",14.5,2013,"AS_2_1_2",37.950979605,34.6023678,44.5837651133333,8.26652347113206,57.4522023266032
"1691","AS",2013,2,1,2,40,"PIPO",1,28,"AS_2_1_2_40","Live",25.3,2002,"AS_2_1_2",34.6023678,29.66133786,44.7399905781818,9.05844858267059,15.3698417597935
"1692","AS",2019,2,1,2,40,"PIPO",1,29.9,"AS_2_1_2_40","Live",28,2013,"AS_2_1_2",37.950979605,34.6023678,44.5837651133333,8.26652347113206,57.4522023266032
"1693","AS",2013,2,1,2,41,"PIPO",1,24,"AS_2_1_2_41","Live",21.8,2002,"AS_2_1_2",34.6023678,29.66133786,44.7399905781818,9.05844858267059,15.3698417597935
"1694","AS",2019,2,1,2,41,"PIPO",1,25.2,"AS_2_1_2_41","Live",24,2013,"AS_2_1_2",37.950979605,34.6023678,44.5837651133333,8.26652347113206,57.4522023266032
"1695","AS",2013,2,1,2,42,"PIPO",1,26.7,"AS_2_1_2_42","Live",25.4,2002,"AS_2_1_2",34.6023678,29.66133786,44.7399905781818,9.05844858267059,15.3698417597935
"1696","AS",2019,2,1,2,42,"PIPO",1,28.6,"AS_2_1_2_42","Live",26.7,2013,"AS_2_1_2",37.950979605,34.6023678,44.5837651133333,8.26652347113206,57.4522023266032
"1697","AS",2013,2,1,2,43,"PIPO",1,37.3,"AS_2_1_2_43","Live",33.2,2002,"AS_2_1_2",34.6023678,29.66133786,44.7399905781818,9.05844858267059,15.3698417597935
"1698","AS",2019,2,1,2,43,"PIPO",1,38.8,"AS_2_1_2_43","Live",37.3,2013,"AS_2_1_2",37.950979605,34.6023678,44.5837651133333,8.26652347113206,57.4522023266032
"1699","AS",2013,2,1,2,44,"PIPO",1,23.4,"AS_2_1_2_44","Live",20.9,2002,"AS_2_1_2",34.6023678,29.66133786,44.7399905781818,9.05844858267059,15.3698417597935
"1700","AS",2019,2,1,2,44,"PIPO",1,24.5,"AS_2_1_2_44","Live",23.4,2013,"AS_2_1_2",37.950979605,34.6023678,44.5837651133333,8.26652347113206,57.4522023266032
"1701","AS",2013,2,1,2,45,"PIPO",1,10.6,"AS_2_1_2_45","Live",4.7,2002,"AS_2_1_2",34.6023678,29.66133786,44.7399905781818,9.05844858267059,15.3698417597935
"1702","AS",2019,2,1,2,45,"PIPO",1,13.3,"AS_2_1_2_45","Live",10.6,2013,"AS_2_1_2",37.950979605,34.6023678,44.5837651133333,8.26652347113206,57.4522023266032
"1703","AS",2013,2,1,2,5,"PIPO",1,22.6,"AS_2_1_2_5","Live",20.9,2002,"AS_2_1_2",34.6023678,29.66133786,44.7399905781818,9.05844858267059,15.3698417597935
"1704","AS",2019,2,1,2,5,"PIPO",1,25.1,"AS_2_1_2_5","Live",22.6,2013,"AS_2_1_2",37.950979605,34.6023678,44.5837651133333,8.26652347113206,57.4522023266032
"1705","AS",2013,2,1,2,6,"PIPO",1,40.7,"AS_2_1_2_6","Live",38,2002,"AS_2_1_2",34.6023678,29.66133786,44.7399905781818,9.05844858267059,15.3698417597935
"1706","AS",2019,2,1,2,6,"PIPO",1,43.1,"AS_2_1_2_6","Live",40.7,2013,"AS_2_1_2",37.950979605,34.6023678,44.5837651133333,8.26652347113206,57.4522023266032
"1707","AS",2013,2,1,2,7,"PIPO",1,30.7,"AS_2_1_2_7","Live",28.8,2002,"AS_2_1_2",34.6023678,29.66133786,44.7399905781818,9.05844858267059,15.3698417597935
"1708","AS",2019,2,1,2,7,"PIPO",1,31.8,"AS_2_1_2_7","Live",30.7,2013,"AS_2_1_2",37.950979605,34.6023678,44.5837651133333,8.26652347113206,57.4522023266032
"1709","AS",2013,2,1,2,8,"PIPO",1,26.3,"AS_2_1_2_8","Live",23.4,2002,"AS_2_1_2",34.6023678,29.66133786,44.7399905781818,9.05844858267059,15.3698417597935
"1710","AS",2019,2,1,2,8,"PIPO",1,27.1,"AS_2_1_2_8","Live",26.3,2013,"AS_2_1_2",37.950979605,34.6023678,44.5837651133333,8.26652347113206,57.4522023266032
"1711","AS",2013,2,1,3,10,"PIPO",2,7.7,"AS_2_1_3_10","Live",7.6,2002,"AS_2_1_3",42.173525625,38.25282846,47.8657342654545,9.05844858267059,15.4076636814065
"1712","AS",2013,2,1,3,100,"PIPO",1,10.3,"AS_2_1_3_100","Live",10.4,2002,"AS_2_1_3",42.173525625,38.25282846,47.8657342654545,9.05844858267059,15.4076636814065
"1713","AS",2019,2,1,3,100,"PIPO",1,10.1,"AS_2_1_3_100","Live",10.3,2013,"AS_2_1_3",43.481805675,42.173525625,47.394017095,8.26652347113206,59.52061188165
"1714","AS",2013,2,1,3,101,"PIPO",1,8.5,"AS_2_1_3_101","Live",7.7,2002,"AS_2_1_3",42.173525625,38.25282846,47.8657342654545,9.05844858267059,15.4076636814065
"1715","AS",2019,2,1,3,101,"PIPO",1,8.8,"AS_2_1_3_101","Live",8.5,2013,"AS_2_1_3",43.481805675,42.173525625,47.394017095,8.26652347113206,59.52061188165
"1716","AS",2013,2,1,3,104,"PIPO",1,11.5,"AS_2_1_3_104","Live",10.7,2002,"AS_2_1_3",42.173525625,38.25282846,47.8657342654545,9.05844858267059,15.4076636814065
"1717","AS",2019,2,1,3,104,"PIPO",1,11.5,"AS_2_1_3_104","Live",11.5,2013,"AS_2_1_3",43.481805675,42.173525625,47.394017095,8.26652347113206,59.52061188165
"1718","AS",2013,2,1,3,105,"PIPO",1,11.6,"AS_2_1_3_105","Live",10.3,2002,"AS_2_1_3",42.173525625,38.25282846,47.8657342654545,9.05844858267059,15.4076636814065
"1719","AS",2019,2,1,3,105,"PIPO",1,11.6,"AS_2_1_3_105","Live",11.6,2013,"AS_2_1_3",43.481805675,42.173525625,47.394017095,8.26652347113206,59.52061188165
"1720","AS",2013,2,1,3,108,"PIPO",1,21.6,"AS_2_1_3_108","Live",18.9,2002,"AS_2_1_3",42.173525625,38.25282846,47.8657342654545,9.05844858267059,15.4076636814065
"1721","AS",2019,2,1,3,108,"PIPO",1,22.3,"AS_2_1_3_108","Live",21.6,2013,"AS_2_1_3",43.481805675,42.173525625,47.394017095,8.26652347113206,59.52061188165
"1722","AS",2013,2,1,3,11,"PIPO",1,4.1,"AS_2_1_3_11","Live",3.8,2002,"AS_2_1_3",42.173525625,38.25282846,47.8657342654545,9.05844858267059,15.4076636814065
"1723","AS",2019,2,1,3,11,"PIPO",1,4.1,"AS_2_1_3_11","Live",4.1,2013,"AS_2_1_3",43.481805675,42.173525625,47.394017095,8.26652347113206,59.52061188165
"1724","AS",2013,2,1,3,110,"PIPO",1,9.7,"AS_2_1_3_110","Live",8.4,2002,"AS_2_1_3",42.173525625,38.25282846,47.8657342654545,9.05844858267059,15.4076636814065
"1725","AS",2019,2,1,3,110,"PIPO",1,10,"AS_2_1_3_110","Live",9.7,2013,"AS_2_1_3",43.481805675,42.173525625,47.394017095,8.26652347113206,59.52061188165
"1726","AS",2013,2,1,3,113,"PIPO",1,10,"AS_2_1_3_113","Live",8.3,2002,"AS_2_1_3",42.173525625,38.25282846,47.8657342654545,9.05844858267059,15.4076636814065
"1727","AS",2019,2,1,3,113,"PIPO",1,10,"AS_2_1_3_113","Live",10,2013,"AS_2_1_3",43.481805675,42.173525625,47.394017095,8.26652347113206,59.52061188165
"1728","AS",2013,2,1,3,114,"PIPO",1,9.8,"AS_2_1_3_114","Live",8.5,2002,"AS_2_1_3",42.173525625,38.25282846,47.8657342654545,9.05844858267059,15.4076636814065
"1729","AS",2019,2,1,3,114,"PIPO",1,9.8,"AS_2_1_3_114","Live",9.8,2013,"AS_2_1_3",43.481805675,42.173525625,47.394017095,8.26652347113206,59.52061188165
"1730","AS",2013,2,1,3,117,"PIPO",1,14.5,"AS_2_1_3_117","Live",12.7,2002,"AS_2_1_3",42.173525625,38.25282846,47.8657342654545,9.05844858267059,15.4076636814065
"1731","AS",2019,2,1,3,117,"PIPO",1,15.4,"AS_2_1_3_117","Live",14.5,2013,"AS_2_1_3",43.481805675,42.173525625,47.394017095,8.26652347113206,59.52061188165
"1732","AS",2013,2,1,3,119,"PIPO",1,20.9,"AS_2_1_3_119","Live",19.2,2002,"AS_2_1_3",42.173525625,38.25282846,47.8657342654545,9.05844858267059,15.4076636814065
"1733","AS",2019,2,1,3,119,"PIPO",1,21.7,"AS_2_1_3_119","Live",20.9,2013,"AS_2_1_3",43.481805675,42.173525625,47.394017095,8.26652347113206,59.52061188165
"1734","AS",2013,2,1,3,12,"PIPO",1,3.3,"AS_2_1_3_12","Live",2.9,2002,"AS_2_1_3",42.173525625,38.25282846,47.8657342654545,9.05844858267059,15.4076636814065
"1735","AS",2019,2,1,3,12,"PIPO",3,NA,"AS_2_1_3_12","Dead",3.3,2013,"AS_2_1_3",43.481805675,42.173525625,47.394017095,8.26652347113206,59.52061188165
"1736","AS",2013,2,1,3,121,"PIPO",1,11,"AS_2_1_3_121","Live",9,2002,"AS_2_1_3",42.173525625,38.25282846,47.8657342654545,9.05844858267059,15.4076636814065
"1737","AS",2019,2,1,3,121,"PIPO",1,11.6,"AS_2_1_3_121","Live",11,2013,"AS_2_1_3",43.481805675,42.173525625,47.394017095,8.26652347113206,59.52061188165
"1738","AS",2013,2,1,3,122,"PIPO",1,13.3,"AS_2_1_3_122","Live",11.5,2002,"AS_2_1_3",42.173525625,38.25282846,47.8657342654545,9.05844858267059,15.4076636814065
"1739","AS",2019,2,1,3,122,"PIPO",1,13.9,"AS_2_1_3_122","Live",13.3,2013,"AS_2_1_3",43.481805675,42.173525625,47.394017095,8.26652347113206,59.52061188165
"1740","AS",2013,2,1,3,123,"PIPO",1,10.5,"AS_2_1_3_123","Live",10,2002,"AS_2_1_3",42.173525625,38.25282846,47.8657342654545,9.05844858267059,15.4076636814065
"1741","AS",2019,2,1,3,123,"PIPO",1,10.5,"AS_2_1_3_123","Live",10.5,2013,"AS_2_1_3",43.481805675,42.173525625,47.394017095,8.26652347113206,59.52061188165
"1742","AS",2019,2,1,3,124,"PIPO",3,NA,"AS_2_1_3_124","Dead",1,2013,"AS_2_1_3",43.481805675,42.173525625,47.394017095,8.26652347113206,59.52061188165
"1743","AS",2013,2,1,3,13,"PIPO",1,6.5,"AS_2_1_3_13","Live",6.1,2002,"AS_2_1_3",42.173525625,38.25282846,47.8657342654545,9.05844858267059,15.4076636814065
"1744","AS",2019,2,1,3,13,"PIPO",1,6.5,"AS_2_1_3_13","Live",6.5,2013,"AS_2_1_3",43.481805675,42.173525625,47.394017095,8.26652347113206,59.52061188165
"1745","AS",2013,2,1,3,14,"PIPO",1,13.7,"AS_2_1_3_14","Live",13.3,2002,"AS_2_1_3",42.173525625,38.25282846,47.8657342654545,9.05844858267059,15.4076636814065
"1746","AS",2019,2,1,3,14,"PIPO",1,13.7,"AS_2_1_3_14","Live",13.7,2013,"AS_2_1_3",43.481805675,42.173525625,47.394017095,8.26652347113206,59.52061188165
"1747","AS",2013,2,1,3,15,"PIPO",3,NA,"AS_2_1_3_15","Dead",2.7,2002,"AS_2_1_3",42.173525625,38.25282846,47.8657342654545,9.05844858267059,15.4076636814065
"1748","AS",2013,2,1,3,16,"PIPO",3,NA,"AS_2_1_3_16","Dead",3.1,2002,"AS_2_1_3",42.173525625,38.25282846,47.8657342654545,9.05844858267059,15.4076636814065
"1749","AS",2013,2,1,3,17,"PIPO",1,7.6,"AS_2_1_3_17","Live",7.7,2002,"AS_2_1_3",42.173525625,38.25282846,47.8657342654545,9.05844858267059,15.4076636814065
"1750","AS",2013,2,1,3,19,"PIPO",1,6.7,"AS_2_1_3_19","Live",6.3,2002,"AS_2_1_3",42.173525625,38.25282846,47.8657342654545,9.05844858267059,15.4076636814065
"1751","AS",2019,2,1,3,19,"PIPO",1,6.7,"AS_2_1_3_19","Live",6.7,2013,"AS_2_1_3",43.481805675,42.173525625,47.394017095,8.26652347113206,59.52061188165
"1752","AS",2013,2,1,3,2,"PIPO",1,5.9,"AS_2_1_3_2","Live",4.8,2002,"AS_2_1_3",42.173525625,38.25282846,47.8657342654545,9.05844858267059,15.4076636814065
"1753","AS",2019,2,1,3,2,"PIPO",1,6,"AS_2_1_3_2","Live",5.9,2013,"AS_2_1_3",43.481805675,42.173525625,47.394017095,8.26652347113206,59.52061188165
"1754","AS",2013,2,1,3,20,"PIPO",3,NA,"AS_2_1_3_20","Dead",7.5,2002,"AS_2_1_3",42.173525625,38.25282846,47.8657342654545,9.05844858267059,15.4076636814065
"1755","AS",2013,2,1,3,21,"PIPO",1,9.9,"AS_2_1_3_21","Live",9.4,2002,"AS_2_1_3",42.173525625,38.25282846,47.8657342654545,9.05844858267059,15.4076636814065
"1756","AS",2019,2,1,3,21,"PIPO",1,10.1,"AS_2_1_3_21","Live",9.9,2013,"AS_2_1_3",43.481805675,42.173525625,47.394017095,8.26652347113206,59.52061188165
"1757","AS",2013,2,1,3,22,"PIPO",1,5.3,"AS_2_1_3_22","Live",4.8,2002,"AS_2_1_3",42.173525625,38.25282846,47.8657342654545,9.05844858267059,15.4076636814065
"1758","AS",2019,2,1,3,22,"PIPO",1,5.2,"AS_2_1_3_22","Live",5.3,2013,"AS_2_1_3",43.481805675,42.173525625,47.394017095,8.26652347113206,59.52061188165
"1759","AS",2013,2,1,3,26,"PIPO",1,18.3,"AS_2_1_3_26","Live",17.2,2002,"AS_2_1_3",42.173525625,38.25282846,47.8657342654545,9.05844858267059,15.4076636814065
"1760","AS",2019,2,1,3,26,"PIPO",1,18.9,"AS_2_1_3_26","Live",18.3,2013,"AS_2_1_3",43.481805675,42.173525625,47.394017095,8.26652347113206,59.52061188165
"1761","AS",2013,2,1,3,28,"PIPO",1,3.7,"AS_2_1_3_28","Live",3.8,2002,"AS_2_1_3",42.173525625,38.25282846,47.8657342654545,9.05844858267059,15.4076636814065
"1762","AS",2019,2,1,3,28,"PIPO",3,NA,"AS_2_1_3_28","Dead",3.7,2013,"AS_2_1_3",43.481805675,42.173525625,47.394017095,8.26652347113206,59.52061188165
"1763","AS",2013,2,1,3,29,"PIPO",1,2,"AS_2_1_3_29","Live",1.7,2002,"AS_2_1_3",42.173525625,38.25282846,47.8657342654545,9.05844858267059,15.4076636814065
"1764","AS",2019,2,1,3,29,"PIPO",1,2,"AS_2_1_3_29","Live",2,2013,"AS_2_1_3",43.481805675,42.173525625,47.394017095,8.26652347113206,59.52061188165
"1765","AS",2013,2,1,3,3,"PIPO",1,6.9,"AS_2_1_3_3","Live",6.1,2002,"AS_2_1_3",42.173525625,38.25282846,47.8657342654545,9.05844858267059,15.4076636814065
"1766","AS",2019,2,1,3,3,"PIPO",1,7.2,"AS_2_1_3_3","Live",6.9,2013,"AS_2_1_3",43.481805675,42.173525625,47.394017095,8.26652347113206,59.52061188165
"1767","AS",2013,2,1,3,30,"PIPO",1,16,"AS_2_1_3_30","Live",15.2,2002,"AS_2_1_3",42.173525625,38.25282846,47.8657342654545,9.05844858267059,15.4076636814065
"1768","AS",2019,2,1,3,30,"PIPO",1,16.3,"AS_2_1_3_30","Live",16,2013,"AS_2_1_3",43.481805675,42.173525625,47.394017095,8.26652347113206,59.52061188165
"1769","AS",2013,2,1,3,31,"PIPO",1,4.8,"AS_2_1_3_31","Live",4.5,2002,"AS_2_1_3",42.173525625,38.25282846,47.8657342654545,9.05844858267059,15.4076636814065
"1770","AS",2019,2,1,3,31,"PIPO",1,4.8,"AS_2_1_3_31","Live",4.8,2013,"AS_2_1_3",43.481805675,42.173525625,47.394017095,8.26652347113206,59.52061188165
"1771","AS",2013,2,1,3,32,"PIPO",1,9.8,"AS_2_1_3_32","Live",3.5,2002,"AS_2_1_3",42.173525625,38.25282846,47.8657342654545,9.05844858267059,15.4076636814065
"1772","AS",2019,2,1,3,32,"PIPO",1,9.6,"AS_2_1_3_32","Live",9.8,2013,"AS_2_1_3",43.481805675,42.173525625,47.394017095,8.26652347113206,59.52061188165
"1773","AS",2013,2,1,3,33,"PIPO",1,5,"AS_2_1_3_33","Live",4.1,2002,"AS_2_1_3",42.173525625,38.25282846,47.8657342654545,9.05844858267059,15.4076636814065
"1774","AS",2019,2,1,3,33,"PIPO",1,5,"AS_2_1_3_33","Live",5,2013,"AS_2_1_3",43.481805675,42.173525625,47.394017095,8.26652347113206,59.52061188165
"1775","AS",2013,2,1,3,34,"PIPO",1,4.5,"AS_2_1_3_34","Live",3.9,2002,"AS_2_1_3",42.173525625,38.25282846,47.8657342654545,9.05844858267059,15.4076636814065
"1776","AS",2019,2,1,3,34,"PIPO",1,4.8,"AS_2_1_3_34","Live",4.5,2013,"AS_2_1_3",43.481805675,42.173525625,47.394017095,8.26652347113206,59.52061188165
"1777","AS",2013,2,1,3,35,"PIPO",1,22.1,"AS_2_1_3_35","Live",20.4,2002,"AS_2_1_3",42.173525625,38.25282846,47.8657342654545,9.05844858267059,15.4076636814065
"1778","AS",2019,2,1,3,35,"PIPO",1,22.6,"AS_2_1_3_35","Live",22.1,2013,"AS_2_1_3",43.481805675,42.173525625,47.394017095,8.26652347113206,59.52061188165
"1779","AS",2013,2,1,3,36,"PIPO",1,3,"AS_2_1_3_36","Live",2.6,2002,"AS_2_1_3",42.173525625,38.25282846,47.8657342654545,9.05844858267059,15.4076636814065
"1780","AS",2019,2,1,3,36,"PIPO",1,3,"AS_2_1_3_36","Live",3,2013,"AS_2_1_3",43.481805675,42.173525625,47.394017095,8.26652347113206,59.52061188165
"1781","AS",2013,2,1,3,39,"PIPO",1,11.8,"AS_2_1_3_39","Live",10.9,2002,"AS_2_1_3",42.173525625,38.25282846,47.8657342654545,9.05844858267059,15.4076636814065
"1782","AS",2019,2,1,3,39,"PIPO",1,11.9,"AS_2_1_3_39","Live",11.8,2013,"AS_2_1_3",43.481805675,42.173525625,47.394017095,8.26652347113206,59.52061188165
"1783","AS",2013,2,1,3,40,"PIPO",3,NA,"AS_2_1_3_40","Dead",5.3,2002,"AS_2_1_3",42.173525625,38.25282846,47.8657342654545,9.05844858267059,15.4076636814065
"1784","AS",2013,2,1,3,42,"PIPO",1,6.3,"AS_2_1_3_42","Live",6,2002,"AS_2_1_3",42.173525625,38.25282846,47.8657342654545,9.05844858267059,15.4076636814065
"1785","AS",2019,2,1,3,42,"PIPO",1,6.9,"AS_2_1_3_42","Live",6.3,2013,"AS_2_1_3",43.481805675,42.173525625,47.394017095,8.26652347113206,59.52061188165
"1786","AS",2013,2,1,3,43,"PIPO",3,NA,"AS_2_1_3_43","Dead",2.9,2002,"AS_2_1_3",42.173525625,38.25282846,47.8657342654545,9.05844858267059,15.4076636814065
"1787","AS",2013,2,1,3,44,"PIPO",1,10.7,"AS_2_1_3_44","Live",9.8,2002,"AS_2_1_3",42.173525625,38.25282846,47.8657342654545,9.05844858267059,15.4076636814065
"1788","AS",2019,2,1,3,44,"PIPO",1,10.8,"AS_2_1_3_44","Live",10.7,2013,"AS_2_1_3",43.481805675,42.173525625,47.394017095,8.26652347113206,59.52061188165
"1789","AS",2013,2,1,3,45,"PIPO",1,21.7,"AS_2_1_3_45","Live",20.7,2002,"AS_2_1_3",42.173525625,38.25282846,47.8657342654545,9.05844858267059,15.4076636814065
"1790","AS",2019,2,1,3,45,"PIPO",1,22.4,"AS_2_1_3_45","Live",21.7,2013,"AS_2_1_3",43.481805675,42.173525625,47.394017095,8.26652347113206,59.52061188165
"1791","AS",2013,2,1,3,46,"PIPO",1,7.4,"AS_2_1_3_46","Live",6.4,2002,"AS_2_1_3",42.173525625,38.25282846,47.8657342654545,9.05844858267059,15.4076636814065
"1792","AS",2019,2,1,3,46,"PIPO",1,7.7,"AS_2_1_3_46","Live",7.4,2013,"AS_2_1_3",43.481805675,42.173525625,47.394017095,8.26652347113206,59.52061188165
"1793","AS",2013,2,1,3,47,"PIPO",1,3.7,"AS_2_1_3_47","Live",3.1,2002,"AS_2_1_3",42.173525625,38.25282846,47.8657342654545,9.05844858267059,15.4076636814065
"1794","AS",2019,2,1,3,47,"PIPO",1,3.9,"AS_2_1_3_47","Live",3.7,2013,"AS_2_1_3",43.481805675,42.173525625,47.394017095,8.26652347113206,59.52061188165
"1795","AS",2013,2,1,3,49,"PIPO",3,NA,"AS_2_1_3_49","Dead",5.5,2002,"AS_2_1_3",42.173525625,38.25282846,47.8657342654545,9.05844858267059,15.4076636814065
"1796","AS",2013,2,1,3,5,"PIPO",1,31.2,"AS_2_1_3_5","Live",28.6,2002,"AS_2_1_3",42.173525625,38.25282846,47.8657342654545,9.05844858267059,15.4076636814065
"1797","AS",2019,2,1,3,5,"PIPO",1,32.1,"AS_2_1_3_5","Live",31.2,2013,"AS_2_1_3",43.481805675,42.173525625,47.394017095,8.26652347113206,59.52061188165
"1798","AS",2013,2,1,3,50,"PIPO",1,8.9,"AS_2_1_3_50","Live",8.6,2002,"AS_2_1_3",42.173525625,38.25282846,47.8657342654545,9.05844858267059,15.4076636814065
"1799","AS",2019,2,1,3,50,"PIPO",1,8.8,"AS_2_1_3_50","Live",8.9,2013,"AS_2_1_3",43.481805675,42.173525625,47.394017095,8.26652347113206,59.52061188165
"1800","AS",2013,2,1,3,51,"PIPO",3,NA,"AS_2_1_3_51","Dead",17.5,2002,"AS_2_1_3",42.173525625,38.25282846,47.8657342654545,9.05844858267059,15.4076636814065
"1801","AS",2013,2,1,3,52,"PIPO",1,41,"AS_2_1_3_52","Live",39.2,2002,"AS_2_1_3",42.173525625,38.25282846,47.8657342654545,9.05844858267059,15.4076636814065
"1802","AS",2019,2,1,3,52,"PIPO",1,41.3,"AS_2_1_3_52","Live",41,2013,"AS_2_1_3",43.481805675,42.173525625,47.394017095,8.26652347113206,59.52061188165
"1803","AS",2013,2,1,3,53,"PIPO",1,35.2,"AS_2_1_3_53","Live",33,2002,"AS_2_1_3",42.173525625,38.25282846,47.8657342654545,9.05844858267059,15.4076636814065
"1804","AS",2019,2,1,3,53,"PIPO",1,35.6,"AS_2_1_3_53","Live",35.2,2013,"AS_2_1_3",43.481805675,42.173525625,47.394017095,8.26652347113206,59.52061188165
"1805","AS",2013,2,1,3,54,"PIPO",1,1.8,"AS_2_1_3_54","Live",1.5,2002,"AS_2_1_3",42.173525625,38.25282846,47.8657342654545,9.05844858267059,15.4076636814065
"1806","AS",2019,2,1,3,54,"PIPO",1,1.9,"AS_2_1_3_54","Live",1.8,2013,"AS_2_1_3",43.481805675,42.173525625,47.394017095,8.26652347113206,59.52061188165
"1807","AS",2013,2,1,3,55,"PIPO",1,8.5,"AS_2_1_3_55","Live",7.7,2002,"AS_2_1_3",42.173525625,38.25282846,47.8657342654545,9.05844858267059,15.4076636814065
"1808","AS",2019,2,1,3,55,"PIPO",1,8.7,"AS_2_1_3_55","Live",8.5,2013,"AS_2_1_3",43.481805675,42.173525625,47.394017095,8.26652347113206,59.52061188165
"1809","AS",2013,2,1,3,56,"PIPO",1,5.9,"AS_2_1_3_56","Live",5.6,2002,"AS_2_1_3",42.173525625,38.25282846,47.8657342654545,9.05844858267059,15.4076636814065
"1810","AS",2019,2,1,3,56,"PIPO",1,5.3,"AS_2_1_3_56","Live",5.9,2013,"AS_2_1_3",43.481805675,42.173525625,47.394017095,8.26652347113206,59.52061188165
"1811","AS",2013,2,1,3,57,"PIPO",1,15.3,"AS_2_1_3_57","Live",14.5,2002,"AS_2_1_3",42.173525625,38.25282846,47.8657342654545,9.05844858267059,15.4076636814065
"1812","AS",2019,2,1,3,57,"PIPO",1,15.6,"AS_2_1_3_57","Live",15.3,2013,"AS_2_1_3",43.481805675,42.173525625,47.394017095,8.26652347113206,59.52061188165
"1813","AS",2013,2,1,3,58,"PIPO",3,NA,"AS_2_1_3_58","Dead",14.4,2002,"AS_2_1_3",42.173525625,38.25282846,47.8657342654545,9.05844858267059,15.4076636814065
"1814","AS",2013,2,1,3,59,"PIPO",1,34.7,"AS_2_1_3_59","Live",33.4,2002,"AS_2_1_3",42.173525625,38.25282846,47.8657342654545,9.05844858267059,15.4076636814065
"1815","AS",2019,2,1,3,59,"PIPO",1,35,"AS_2_1_3_59","Live",34.7,2013,"AS_2_1_3",43.481805675,42.173525625,47.394017095,8.26652347113206,59.52061188165
"1816","AS",2013,2,1,3,63,"PIPO",1,20.2,"AS_2_1_3_63","Live",19.1,2002,"AS_2_1_3",42.173525625,38.25282846,47.8657342654545,9.05844858267059,15.4076636814065
"1817","AS",2019,2,1,3,63,"PIPO",1,20.4,"AS_2_1_3_63","Live",20.2,2013,"AS_2_1_3",43.481805675,42.173525625,47.394017095,8.26652347113206,59.52061188165
"1818","AS",2013,2,1,3,64,"PIPO",1,11,"AS_2_1_3_64","Live",10.9,2002,"AS_2_1_3",42.173525625,38.25282846,47.8657342654545,9.05844858267059,15.4076636814065
"1819","AS",2019,2,1,3,64,"PIPO",1,10.7,"AS_2_1_3_64","Live",11,2013,"AS_2_1_3",43.481805675,42.173525625,47.394017095,8.26652347113206,59.52061188165
"1820","AS",2013,2,1,3,65,"PIPO",1,11.4,"AS_2_1_3_65","Live",10.9,2002,"AS_2_1_3",42.173525625,38.25282846,47.8657342654545,9.05844858267059,15.4076636814065
"1821","AS",2019,2,1,3,65,"PIPO",1,11.2,"AS_2_1_3_65","Live",11.4,2013,"AS_2_1_3",43.481805675,42.173525625,47.394017095,8.26652347113206,59.52061188165
"1822","AS",2013,2,1,3,66,"PIPO",1,22,"AS_2_1_3_66","Live",21.6,2002,"AS_2_1_3",42.173525625,38.25282846,47.8657342654545,9.05844858267059,15.4076636814065
"1823","AS",2019,2,1,3,66,"PIPO",1,22.1,"AS_2_1_3_66","Live",22,2013,"AS_2_1_3",43.481805675,42.173525625,47.394017095,8.26652347113206,59.52061188165
"1824","AS",2013,2,1,3,68,"PIPO",1,20.7,"AS_2_1_3_68","Live",18.9,2002,"AS_2_1_3",42.173525625,38.25282846,47.8657342654545,9.05844858267059,15.4076636814065
"1825","AS",2019,2,1,3,68,"PIPO",1,21,"AS_2_1_3_68","Live",20.7,2013,"AS_2_1_3",43.481805675,42.173525625,47.394017095,8.26652347113206,59.52061188165
"1826","AS",2013,2,1,3,70,"PIPO",1,19.6,"AS_2_1_3_70","Live",17.8,2002,"AS_2_1_3",42.173525625,38.25282846,47.8657342654545,9.05844858267059,15.4076636814065
"1827","AS",2019,2,1,3,70,"PIPO",1,20,"AS_2_1_3_70","Live",19.6,2013,"AS_2_1_3",43.481805675,42.173525625,47.394017095,8.26652347113206,59.52061188165
"1828","AS",2013,2,1,3,71,"PIPO",1,36.3,"AS_2_1_3_71","Live",32.6,2002,"AS_2_1_3",42.173525625,38.25282846,47.8657342654545,9.05844858267059,15.4076636814065
"1829","AS",2019,2,1,3,71,"PIPO",1,37.7,"AS_2_1_3_71","Live",36.3,2013,"AS_2_1_3",43.481805675,42.173525625,47.394017095,8.26652347113206,59.52061188165
"1830","AS",2013,2,1,3,72,"PIPO",1,20.2,"AS_2_1_3_72","Live",19.5,2002,"AS_2_1_3",42.173525625,38.25282846,47.8657342654545,9.05844858267059,15.4076636814065
"1831","AS",2019,2,1,3,72,"PIPO",1,20.5,"AS_2_1_3_72","Live",20.2,2013,"AS_2_1_3",43.481805675,42.173525625,47.394017095,8.26652347113206,59.52061188165
"1832","AS",2013,2,1,3,73,"PIPO",1,21.9,"AS_2_1_3_73","Live",20,2002,"AS_2_1_3",42.173525625,38.25282846,47.8657342654545,9.05844858267059,15.4076636814065
"1833","AS",2019,2,1,3,73,"PIPO",1,22.7,"AS_2_1_3_73","Live",21.9,2013,"AS_2_1_3",43.481805675,42.173525625,47.394017095,8.26652347113206,59.52061188165
"1834","AS",2013,2,1,3,74,"PIPO",1,35.4,"AS_2_1_3_74","Live",33.6,2002,"AS_2_1_3",42.173525625,38.25282846,47.8657342654545,9.05844858267059,15.4076636814065
"1835","AS",2019,2,1,3,74,"PIPO",1,36.1,"AS_2_1_3_74","Live",35.4,2013,"AS_2_1_3",43.481805675,42.173525625,47.394017095,8.26652347113206,59.52061188165
"1836","AS",2013,2,1,3,75,"PIPO",1,16.5,"AS_2_1_3_75","Live",15.1,2002,"AS_2_1_3",42.173525625,38.25282846,47.8657342654545,9.05844858267059,15.4076636814065
"1837","AS",2019,2,1,3,75,"PIPO",1,16.6,"AS_2_1_3_75","Live",16.5,2013,"AS_2_1_3",43.481805675,42.173525625,47.394017095,8.26652347113206,59.52061188165
"1838","AS",2013,2,1,3,77,"PIPO",1,5.9,"AS_2_1_3_77","Live",4.8,2002,"AS_2_1_3",42.173525625,38.25282846,47.8657342654545,9.05844858267059,15.4076636814065
"1839","AS",2019,2,1,3,77,"PIPO",1,6.3,"AS_2_1_3_77","Live",5.9,2013,"AS_2_1_3",43.481805675,42.173525625,47.394017095,8.26652347113206,59.52061188165
"1840","AS",2013,2,1,3,78,"PIPO",1,27,"AS_2_1_3_78","Live",24.3,2002,"AS_2_1_3",42.173525625,38.25282846,47.8657342654545,9.05844858267059,15.4076636814065
"1841","AS",2019,2,1,3,78,"PIPO",1,27.6,"AS_2_1_3_78","Live",27,2013,"AS_2_1_3",43.481805675,42.173525625,47.394017095,8.26652347113206,59.52061188165
"1842","AS",2013,2,1,3,8,"PIPO",1,14.6,"AS_2_1_3_8","Live",13.4,2002,"AS_2_1_3",42.173525625,38.25282846,47.8657342654545,9.05844858267059,15.4076636814065
"1843","AS",2019,2,1,3,8,"PIPO",1,14.7,"AS_2_1_3_8","Live",14.6,2013,"AS_2_1_3",43.481805675,42.173525625,47.394017095,8.26652347113206,59.52061188165
"1844","AS",2013,2,1,3,83,"PIPO",1,15.3,"AS_2_1_3_83","Live",13.2,2002,"AS_2_1_3",42.173525625,38.25282846,47.8657342654545,9.05844858267059,15.4076636814065
"1845","AS",2019,2,1,3,83,"PIPO",1,15.7,"AS_2_1_3_83","Live",15.3,2013,"AS_2_1_3",43.481805675,42.173525625,47.394017095,8.26652347113206,59.52061188165
"1846","AS",2013,2,1,3,84,"PIPO",1,13,"AS_2_1_3_84","Live",11.9,2002,"AS_2_1_3",42.173525625,38.25282846,47.8657342654545,9.05844858267059,15.4076636814065
"1847","AS",2019,2,1,3,84,"PIPO",1,13.2,"AS_2_1_3_84","Live",13,2013,"AS_2_1_3",43.481805675,42.173525625,47.394017095,8.26652347113206,59.52061188165
"1848","AS",2013,2,1,3,85,"PIPO",1,18.1,"AS_2_1_3_85","Live",17,2002,"AS_2_1_3",42.173525625,38.25282846,47.8657342654545,9.05844858267059,15.4076636814065
"1849","AS",2019,2,1,3,85,"PIPO",1,18.3,"AS_2_1_3_85","Live",18.1,2013,"AS_2_1_3",43.481805675,42.173525625,47.394017095,8.26652347113206,59.52061188165
"1850","AS",2013,2,1,3,87,"PIPO",1,2.1,"AS_2_1_3_87","Live",1.7,2002,"AS_2_1_3",42.173525625,38.25282846,47.8657342654545,9.05844858267059,15.4076636814065
"1851","AS",2019,2,1,3,87,"PIPO",1,2.1,"AS_2_1_3_87","Live",2.1,2013,"AS_2_1_3",43.481805675,42.173525625,47.394017095,8.26652347113206,59.52061188165
"1852","AS",2013,2,1,3,88,"PIPO",1,11.5,"AS_2_1_3_88","Live",10.4,2002,"AS_2_1_3",42.173525625,38.25282846,47.8657342654545,9.05844858267059,15.4076636814065
"1853","AS",2019,2,1,3,88,"PIPO",1,11.7,"AS_2_1_3_88","Live",11.5,2013,"AS_2_1_3",43.481805675,42.173525625,47.394017095,8.26652347113206,59.52061188165
"1854","AS",2013,2,1,3,89,"PIPO",1,37.5,"AS_2_1_3_89","Live",34.6,2002,"AS_2_1_3",42.173525625,38.25282846,47.8657342654545,9.05844858267059,15.4076636814065
"1855","AS",2019,2,1,3,89,"PIPO",1,38.6,"AS_2_1_3_89","Live",37.5,2013,"AS_2_1_3",43.481805675,42.173525625,47.394017095,8.26652347113206,59.52061188165
"1856","AS",2013,2,1,3,9,"PIPO",1,17,"AS_2_1_3_9","Live",16.8,2002,"AS_2_1_3",42.173525625,38.25282846,47.8657342654545,9.05844858267059,15.4076636814065
"1857","AS",2019,2,1,3,9,"PIPO",1,16.8,"AS_2_1_3_9","Live",17,2013,"AS_2_1_3",43.481805675,42.173525625,47.394017095,8.26652347113206,59.52061188165
"1858","AS",2013,2,1,3,90,"PIPO",1,15.7,"AS_2_1_3_90","Live",12.7,2002,"AS_2_1_3",42.173525625,38.25282846,47.8657342654545,9.05844858267059,15.4076636814065
"1859","AS",2019,2,1,3,90,"PIPO",1,16.3,"AS_2_1_3_90","Live",15.7,2013,"AS_2_1_3",43.481805675,42.173525625,47.394017095,8.26652347113206,59.52061188165
"1860","AS",2013,2,1,3,91,"PIPO",1,32.7,"AS_2_1_3_91","Live",31.1,2002,"AS_2_1_3",42.173525625,38.25282846,47.8657342654545,9.05844858267059,15.4076636814065
"1861","AS",2019,2,1,3,91,"PIPO",1,33.5,"AS_2_1_3_91","Live",32.7,2013,"AS_2_1_3",43.481805675,42.173525625,47.394017095,8.26652347113206,59.52061188165
"1862","AS",2013,2,1,3,93,"PIPO",1,10.1,"AS_2_1_3_93","Live",8.6,2002,"AS_2_1_3",42.173525625,38.25282846,47.8657342654545,9.05844858267059,15.4076636814065
"1863","AS",2019,2,1,3,93,"PIPO",1,10.4,"AS_2_1_3_93","Live",10.1,2013,"AS_2_1_3",43.481805675,42.173525625,47.394017095,8.26652347113206,59.52061188165
"1864","AS",2013,2,1,3,94,"PIPO",1,6.1,"AS_2_1_3_94","Live",6.1,2002,"AS_2_1_3",42.173525625,38.25282846,47.8657342654545,9.05844858267059,15.4076636814065
"1865","AS",2019,2,1,3,94,"PIPO",3,NA,"AS_2_1_3_94","Dead",6.1,2013,"AS_2_1_3",43.481805675,42.173525625,47.394017095,8.26652347113206,59.52061188165
"1866","AS",2013,2,1,3,95,"PIPO",1,10.2,"AS_2_1_3_95","Live",9.2,2002,"AS_2_1_3",42.173525625,38.25282846,47.8657342654545,9.05844858267059,15.4076636814065
"1867","AS",2019,2,1,3,95,"PIPO",1,10.2,"AS_2_1_3_95","Live",10.2,2013,"AS_2_1_3",43.481805675,42.173525625,47.394017095,8.26652347113206,59.52061188165
"1868","AS",2013,2,1,3,96,"PIPO",1,10.7,"AS_2_1_3_96","Live",9.2,2002,"AS_2_1_3",42.173525625,38.25282846,47.8657342654545,9.05844858267059,15.4076636814065
"1869","AS",2019,2,1,3,96,"PIPO",1,11.2,"AS_2_1_3_96","Live",10.7,2013,"AS_2_1_3",43.481805675,42.173525625,47.394017095,8.26652347113206,59.52061188165
"1870","AS",2013,2,1,3,97,"PIPO",1,6.3,"AS_2_1_3_97","Live",5.4,2002,"AS_2_1_3",42.173525625,38.25282846,47.8657342654545,9.05844858267059,15.4076636814065
"1871","AS",2019,2,1,3,97,"PIPO",1,6.3,"AS_2_1_3_97","Live",6.3,2013,"AS_2_1_3",43.481805675,42.173525625,47.394017095,8.26652347113206,59.52061188165
"1872","AS",2013,2,1,3,98,"PIPO",3,NA,"AS_2_1_3_98","Dead",10.7,2002,"AS_2_1_3",42.173525625,38.25282846,47.8657342654545,9.05844858267059,15.4076636814065
"1873","AS",2013,2,1,3,99,"PIPO",1,5.4,"AS_2_1_3_99","Live",5.3,2002,"AS_2_1_3",42.173525625,38.25282846,47.8657342654545,9.05844858267059,15.4076636814065
"1874","AS",2019,2,1,3,99,"PIPO",1,5.4,"AS_2_1_3_99","Live",5.4,2013,"AS_2_1_3",43.481805675,42.173525625,47.394017095,8.26652347113206,59.52061188165
"1875","AS",2013,2,1,4,1,"PIPO",1,30.1,"AS_2_1_4_1","Live",27.7,2002,"AS_2_1_4",32.3896998000195,27.5497703892553,48.3251391454545,9.05844858267059,18.5362209221875
"1876","AS",2019,2,1,4,1,"PIPO",1,31,"AS_2_1_4_1","Live",30.1,2013,"AS_2_1_4",33.1234989315761,32.3896998000195,49.8954081616667,8.26652347113206,65.3936335736961
"1877","AS",2013,2,1,4,10,"PIPO",1,41.8,"AS_2_1_4_10","Live",42.3,2002,"AS_2_1_4",32.3896998000195,27.5497703892553,48.3251391454545,9.05844858267059,18.5362209221875
"1878","AS",2019,2,1,4,10,"PIPO",1,41.8,"AS_2_1_4_10","Live",41.8,2013,"AS_2_1_4",33.1234989315761,32.3896998000195,49.8954081616667,8.26652347113206,65.3936335736961
"1879","AS",2013,2,1,4,14,"PIPO",1,31.4,"AS_2_1_4_14","Live",30.2,2002,"AS_2_1_4",32.3896998000195,27.5497703892553,48.3251391454545,9.05844858267059,18.5362209221875
"1880","AS",2019,2,1,4,14,"PIPO",1,31.9,"AS_2_1_4_14","Live",31.4,2013,"AS_2_1_4",33.1234989315761,32.3896998000195,49.8954081616667,8.26652347113206,65.3936335736961
"1881","AS",2013,2,1,4,15,"PIPO",1,24,"AS_2_1_4_15","Live",22.4,2002,"AS_2_1_4",32.3896998000195,27.5497703892553,48.3251391454545,9.05844858267059,18.5362209221875
"1882","AS",2019,2,1,4,15,"PIPO",1,24.4,"AS_2_1_4_15","Live",24,2013,"AS_2_1_4",33.1234989315761,32.3896998000195,49.8954081616667,8.26652347113206,65.3936335736961
"1883","AS",2013,2,1,4,16,"PIPO",1,24,"AS_2_1_4_16","Live",21.3,2002,"AS_2_1_4",32.3896998000195,27.5497703892553,48.3251391454545,9.05844858267059,18.5362209221875
"1884","AS",2019,2,1,4,16,"PIPO",1,25.8,"AS_2_1_4_16","Live",24,2013,"AS_2_1_4",33.1234989315761,32.3896998000195,49.8954081616667,8.26652347113206,65.3936335736961
"1885","AS",2013,2,1,4,17,"PIPO",1,23.2,"AS_2_1_4_17","Live",20.1,2002,"AS_2_1_4",32.3896998000195,27.5497703892553,48.3251391454545,9.05844858267059,18.5362209221875
"1886","AS",2019,2,1,4,17,"PIPO",1,25.3,"AS_2_1_4_17","Live",23.2,2013,"AS_2_1_4",33.1234989315761,32.3896998000195,49.8954081616667,8.26652347113206,65.3936335736961
"1887","AS",2013,2,1,4,18,"PIPO",1,28,"AS_2_1_4_18","Live",25.6,2002,"AS_2_1_4",32.3896998000195,27.5497703892553,48.3251391454545,9.05844858267059,18.5362209221875
"1888","AS",2019,2,1,4,18,"PIPO",1,29,"AS_2_1_4_18","Live",28,2013,"AS_2_1_4",33.1234989315761,32.3896998000195,49.8954081616667,8.26652347113206,65.3936335736961
"1889","AS",2013,2,1,4,19,"PIPO",1,20.7,"AS_2_1_4_19","Live",13.1,2002,"AS_2_1_4",32.3896998000195,27.5497703892553,48.3251391454545,9.05844858267059,18.5362209221875
"1890","AS",2019,2,1,4,19,"PIPO",1,22.3,"AS_2_1_4_19","Live",20.7,2013,"AS_2_1_4",33.1234989315761,32.3896998000195,49.8954081616667,8.26652347113206,65.3936335736961
"1891","AS",2013,2,1,4,2,"PIPO",1,12.9,"AS_2_1_4_2","Live",11.5,2002,"AS_2_1_4",32.3896998000195,27.5497703892553,48.3251391454545,9.05844858267059,18.5362209221875
"1892","AS",2019,2,1,4,2,"PIPO",1,14.7,"AS_2_1_4_2","Live",12.9,2013,"AS_2_1_4",33.1234989315761,32.3896998000195,49.8954081616667,8.26652347113206,65.3936335736961
"1893","AS",2013,2,1,4,20,"PIPO",1,5.7,"AS_2_1_4_20","Live",3.2,2002,"AS_2_1_4",32.3896998000195,27.5497703892553,48.3251391454545,9.05844858267059,18.5362209221875
"1894","AS",2019,2,1,4,20,"PIPO",1,6.3,"AS_2_1_4_20","Live",5.7,2013,"AS_2_1_4",33.1234989315761,32.3896998000195,49.8954081616667,8.26652347113206,65.3936335736961
"1895","AS",2013,2,1,4,21,"PIPO",1,3,"AS_2_1_4_21","Live",1.8,2002,"AS_2_1_4",32.3896998000195,27.5497703892553,48.3251391454545,9.05844858267059,18.5362209221875
"1896","AS",2013,2,1,4,22,"PIPO",1,19.9,"AS_2_1_4_22","Live",17.5,2002,"AS_2_1_4",32.3896998000195,27.5497703892553,48.3251391454545,9.05844858267059,18.5362209221875
"1897","AS",2019,2,1,4,22,"PIPO",1,21,"AS_2_1_4_22","Live",19.9,2013,"AS_2_1_4",33.1234989315761,32.3896998000195,49.8954081616667,8.26652347113206,65.3936335736961
"1898","AS",2013,2,1,4,23,"PIPO",1,36.1,"AS_2_1_4_23","Live",33.4,2002,"AS_2_1_4",32.3896998000195,27.5497703892553,48.3251391454545,9.05844858267059,18.5362209221875
"1899","AS",2019,2,1,4,23,"PIPO",1,37.4,"AS_2_1_4_23","Live",36.1,2013,"AS_2_1_4",33.1234989315761,32.3896998000195,49.8954081616667,8.26652347113206,65.3936335736961
"1900","AS",2013,2,1,4,24,"PIPO",1,13.54179,"AS_2_1_4_24","Live",12.66057,2002,"AS_2_1_4",32.3896998000195,27.5497703892553,48.3251391454545,9.05844858267059,18.5362209221875
"1901","AS",2019,2,1,4,24,"PIPO",1,14.38402,"AS_2_1_4_24","Live",13.54179,2013,"AS_2_1_4",33.1234989315761,32.3896998000195,49.8954081616667,8.26652347113206,65.3936335736961
"1902","AS",2013,2,1,4,25,"PIPO",1,14.4,"AS_2_1_4_25","Live",12.3,2002,"AS_2_1_4",32.3896998000195,27.5497703892553,48.3251391454545,9.05844858267059,18.5362209221875
"1903","AS",2019,2,1,4,25,"PIPO",1,14.7,"AS_2_1_4_25","Live",14.4,2013,"AS_2_1_4",33.1234989315761,32.3896998000195,49.8954081616667,8.26652347113206,65.3936335736961
"1904","AS",2013,2,1,4,26,"PIPO",1,26.7,"AS_2_1_4_26","Live",26,2002,"AS_2_1_4",32.3896998000195,27.5497703892553,48.3251391454545,9.05844858267059,18.5362209221875
"1905","AS",2019,2,1,4,26,"PIPO",1,27.1,"AS_2_1_4_26","Live",26.7,2013,"AS_2_1_4",33.1234989315761,32.3896998000195,49.8954081616667,8.26652347113206,65.3936335736961
"1906","AS",2013,2,1,4,27,"PIPO",1,8.4,"AS_2_1_4_27","Live",8.3,2002,"AS_2_1_4",32.3896998000195,27.5497703892553,48.3251391454545,9.05844858267059,18.5362209221875
"1907","AS",2019,2,1,4,27,"PIPO",1,8.4,"AS_2_1_4_27","Live",8.4,2013,"AS_2_1_4",33.1234989315761,32.3896998000195,49.8954081616667,8.26652347113206,65.3936335736961
"1908","AS",2013,2,1,4,28,"PIPO",1,34.7,"AS_2_1_4_28","Live",32.5,2002,"AS_2_1_4",32.3896998000195,27.5497703892553,48.3251391454545,9.05844858267059,18.5362209221875
"1909","AS",2019,2,1,4,28,"PIPO",1,36.3,"AS_2_1_4_28","Live",34.7,2013,"AS_2_1_4",33.1234989315761,32.3896998000195,49.8954081616667,8.26652347113206,65.3936335736961
"1910","AS",2013,2,1,4,29,"PIPO",1,11.4,"AS_2_1_4_29","Live",10.9,2002,"AS_2_1_4",32.3896998000195,27.5497703892553,48.3251391454545,9.05844858267059,18.5362209221875
"1911","AS",2019,2,1,4,29,"PIPO",1,11.1,"AS_2_1_4_29","Live",11.4,2013,"AS_2_1_4",33.1234989315761,32.3896998000195,49.8954081616667,8.26652347113206,65.3936335736961
"1912","AS",2013,2,1,4,3,"PIPO",1,16.5,"AS_2_1_4_3","Live",16.5,2002,"AS_2_1_4",32.3896998000195,27.5497703892553,48.3251391454545,9.05844858267059,18.5362209221875
"1913","AS",2019,2,1,4,3,"PIPO",1,17,"AS_2_1_4_3","Live",16.5,2013,"AS_2_1_4",33.1234989315761,32.3896998000195,49.8954081616667,8.26652347113206,65.3936335736961
"1914","AS",2013,2,1,4,30,"PIPO",1,11.8,"AS_2_1_4_30","Live",10.9,2002,"AS_2_1_4",32.3896998000195,27.5497703892553,48.3251391454545,9.05844858267059,18.5362209221875
"1915","AS",2019,2,1,4,30,"PIPO",1,12.2,"AS_2_1_4_30","Live",11.8,2013,"AS_2_1_4",33.1234989315761,32.3896998000195,49.8954081616667,8.26652347113206,65.3936335736961
"1916","AS",2013,2,1,4,32,"PIPO",1,12.7,"AS_2_1_4_32","Live",12.1,2002,"AS_2_1_4",32.3896998000195,27.5497703892553,48.3251391454545,9.05844858267059,18.5362209221875
"1917","AS",2019,2,1,4,32,"PIPO",1,13,"AS_2_1_4_32","Live",12.7,2013,"AS_2_1_4",33.1234989315761,32.3896998000195,49.8954081616667,8.26652347113206,65.3936335736961
"1918","AS",2013,2,1,4,34,"PIPO",1,18.4,"AS_2_1_4_34","Live",17.7,2002,"AS_2_1_4",32.3896998000195,27.5497703892553,48.3251391454545,9.05844858267059,18.5362209221875
"1919","AS",2019,2,1,4,34,"PIPO",4,NA,"AS_2_1_4_34","Dead",18.4,2013,"AS_2_1_4",33.1234989315761,32.3896998000195,49.8954081616667,8.26652347113206,65.3936335736961
"1920","AS",2013,2,1,4,35,"PIPO",1,13.3,"AS_2_1_4_35","Live",13,2002,"AS_2_1_4",32.3896998000195,27.5497703892553,48.3251391454545,9.05844858267059,18.5362209221875
"1921","AS",2019,2,1,4,35,"PIPO",3,NA,"AS_2_1_4_35","Dead",13.3,2013,"AS_2_1_4",33.1234989315761,32.3896998000195,49.8954081616667,8.26652347113206,65.3936335736961
"1922","AS",2013,2,1,4,36,"PIPO",1,17.8,"AS_2_1_4_36","Live",17.3,2002,"AS_2_1_4",32.3896998000195,27.5497703892553,48.3251391454545,9.05844858267059,18.5362209221875
"1923","AS",2019,2,1,4,36,"PIPO",4,NA,"AS_2_1_4_36","Dead",17.8,2013,"AS_2_1_4",33.1234989315761,32.3896998000195,49.8954081616667,8.26652347113206,65.3936335736961
"1924","AS",2013,2,1,4,37,"PIPO",1,10.7,"AS_2_1_4_37","Live",10,2002,"AS_2_1_4",32.3896998000195,27.5497703892553,48.3251391454545,9.05844858267059,18.5362209221875
"1925","AS",2019,2,1,4,37,"PIPO",1,11.1,"AS_2_1_4_37","Live",10.7,2013,"AS_2_1_4",33.1234989315761,32.3896998000195,49.8954081616667,8.26652347113206,65.3936335736961
"1926","AS",2013,2,1,4,38,"PIPO",1,28.1,"AS_2_1_4_38","Live",25.6,2002,"AS_2_1_4",32.3896998000195,27.5497703892553,48.3251391454545,9.05844858267059,18.5362209221875
"1927","AS",2019,2,1,4,38,"PIPO",1,29.5,"AS_2_1_4_38","Live",28.1,2013,"AS_2_1_4",33.1234989315761,32.3896998000195,49.8954081616667,8.26652347113206,65.3936335736961
"1928","AS",2013,2,1,4,39,"PIPO",1,13.4,"AS_2_1_4_39","Live",12.1,2002,"AS_2_1_4",32.3896998000195,27.5497703892553,48.3251391454545,9.05844858267059,18.5362209221875
"1929","AS",2019,2,1,4,39,"PIPO",1,14,"AS_2_1_4_39","Live",13.4,2013,"AS_2_1_4",33.1234989315761,32.3896998000195,49.8954081616667,8.26652347113206,65.3936335736961
"1930","AS",2013,2,1,4,4,"PIPO",1,26.2,"AS_2_1_4_4","Live",20.4,2002,"AS_2_1_4",32.3896998000195,27.5497703892553,48.3251391454545,9.05844858267059,18.5362209221875
"1931","AS",2019,2,1,4,4,"PIPO",1,27.8,"AS_2_1_4_4","Live",26.2,2013,"AS_2_1_4",33.1234989315761,32.3896998000195,49.8954081616667,8.26652347113206,65.3936335736961
"1932","AS",2013,2,1,4,40,"PIPO",3,NA,"AS_2_1_4_40","Dead",15.5,2002,"AS_2_1_4",32.3896998000195,27.5497703892553,48.3251391454545,9.05844858267059,18.5362209221875
"1933","AS",2013,2,1,4,41,"PIPO",1,18.7,"AS_2_1_4_41","Live",17,2002,"AS_2_1_4",32.3896998000195,27.5497703892553,48.3251391454545,9.05844858267059,18.5362209221875
"1934","AS",2019,2,1,4,41,"PIPO",1,19.9,"AS_2_1_4_41","Live",18.7,2013,"AS_2_1_4",33.1234989315761,32.3896998000195,49.8954081616667,8.26652347113206,65.3936335736961
"1935","AS",2013,2,1,4,42,"PIPO",1,13,"AS_2_1_4_42","Live",12.2,2002,"AS_2_1_4",32.3896998000195,27.5497703892553,48.3251391454545,9.05844858267059,18.5362209221875
"1936","AS",2019,2,1,4,42,"PIPO",1,13.2,"AS_2_1_4_42","Live",13,2013,"AS_2_1_4",33.1234989315761,32.3896998000195,49.8954081616667,8.26652347113206,65.3936335736961
"1937","AS",2013,2,1,4,43,"PIPO",1,21.8,"AS_2_1_4_43","Live",20.3,2002,"AS_2_1_4",32.3896998000195,27.5497703892553,48.3251391454545,9.05844858267059,18.5362209221875
"1938","AS",2019,2,1,4,43,"PIPO",1,22.8,"AS_2_1_4_43","Live",21.8,2013,"AS_2_1_4",33.1234989315761,32.3896998000195,49.8954081616667,8.26652347113206,65.3936335736961
"1939","AS",2013,2,1,4,44,"PIPO",1,11.9,"AS_2_1_4_44","Live",11.3,2002,"AS_2_1_4",32.3896998000195,27.5497703892553,48.3251391454545,9.05844858267059,18.5362209221875
"1940","AS",2019,2,1,4,44,"PIPO",1,12.2,"AS_2_1_4_44","Live",11.9,2013,"AS_2_1_4",33.1234989315761,32.3896998000195,49.8954081616667,8.26652347113206,65.3936335736961
"1941","AS",2013,2,1,4,5,"PIPO",1,5.3,"AS_2_1_4_5","Live",5.2,2002,"AS_2_1_4",32.3896998000195,27.5497703892553,48.3251391454545,9.05844858267059,18.5362209221875
"1942","AS",2019,2,1,4,5,"PIPO",3,NA,"AS_2_1_4_5","Dead",5.3,2013,"AS_2_1_4",33.1234989315761,32.3896998000195,49.8954081616667,8.26652347113206,65.3936335736961
"1943","AS",2013,2,1,4,6,"PIPO",1,8.1,"AS_2_1_4_6","Live",8,2002,"AS_2_1_4",32.3896998000195,27.5497703892553,48.3251391454545,9.05844858267059,18.5362209221875
"1944","AS",2019,2,1,4,6,"PIPO",1,8.5,"AS_2_1_4_6","Live",8.1,2013,"AS_2_1_4",33.1234989315761,32.3896998000195,49.8954081616667,8.26652347113206,65.3936335736961
"1945","AS",2013,2,1,4,7,"PIPO",1,10,"AS_2_1_4_7","Live",8.5,2002,"AS_2_1_4",32.3896998000195,27.5497703892553,48.3251391454545,9.05844858267059,18.5362209221875
"1946","AS",2019,2,1,4,7,"PIPO",1,10.9,"AS_2_1_4_7","Live",10,2013,"AS_2_1_4",33.1234989315761,32.3896998000195,49.8954081616667,8.26652347113206,65.3936335736961
"1947","AS",2013,2,1,4,8,"PIPO",1,17.3,"AS_2_1_4_8","Live",15.2,2002,"AS_2_1_4",32.3896998000195,27.5497703892553,48.3251391454545,9.05844858267059,18.5362209221875
"1948","AS",2019,2,1,4,8,"PIPO",1,18.1,"AS_2_1_4_8","Live",17.3,2013,"AS_2_1_4",33.1234989315761,32.3896998000195,49.8954081616667,8.26652347113206,65.3936335736961
"1949","AS",2013,2,1,4,9,"PIPO",1,15.7,"AS_2_1_4_9","Live",14.6,2002,"AS_2_1_4",32.3896998000195,27.5497703892553,48.3251391454545,9.05844858267059,18.5362209221875
"1950","AS",2019,2,1,4,9,"PIPO",1,16.3,"AS_2_1_4_9","Live",15.7,2013,"AS_2_1_4",33.1234989315761,32.3896998000195,49.8954081616667,8.26652347113206,65.3936335736961
"1951","AS",2013,2,1,5,1,"PIPO",1,3.5,"AS_2_1_5_1","Live",2.3,2002,"AS_2_1_5",31.698724365,27.9331437,49.7439703145455,9.05844858267059,18.3185036804468
"1952","AS",2019,2,1,5,1,"PIPO",3,NA,"AS_2_1_5_1","Dead",3.5,2013,"AS_2_1_5",28.77964782,31.698724365,44.02040816,8.26652347113206,69.657404941008
"1953","AS",2013,2,1,5,100,"PIPO",1,9.4,"AS_2_1_5_100","Live",9.4,2002,"AS_2_1_5",31.698724365,27.9331437,49.7439703145455,9.05844858267059,18.3185036804468
"1954","AS",2019,2,1,5,100,"PIPO",3,NA,"AS_2_1_5_100","Dead",9.4,2013,"AS_2_1_5",28.77964782,31.698724365,44.02040816,8.26652347113206,69.657404941008
"1955","AS",2013,2,1,5,101,"PIPO",1,9.4,"AS_2_1_5_101","Live",8.6,2002,"AS_2_1_5",31.698724365,27.9331437,49.7439703145455,9.05844858267059,18.3185036804468
"1956","AS",2019,2,1,5,101,"PIPO",1,9.4,"AS_2_1_5_101","Live",9.4,2013,"AS_2_1_5",28.77964782,31.698724365,44.02040816,8.26652347113206,69.657404941008
"1957","AS",2013,2,1,5,102,"PIPO",1,11.8,"AS_2_1_5_102","Live",11.7,2002,"AS_2_1_5",31.698724365,27.9331437,49.7439703145455,9.05844858267059,18.3185036804468
"1958","AS",2019,2,1,5,102,"PIPO",3,NA,"AS_2_1_5_102","Dead",11.8,2013,"AS_2_1_5",28.77964782,31.698724365,44.02040816,8.26652347113206,69.657404941008
"1959","AS",2013,2,1,5,105,"PIPO",6,NA,"AS_2_1_5_105","Dead",17.1,2002,"AS_2_1_5",31.698724365,27.9331437,49.7439703145455,9.05844858267059,18.3185036804468
"1960","AS",2013,2,1,5,108,"PIPO",1,19.1,"AS_2_1_5_108","Live",16.7,2002,"AS_2_1_5",31.698724365,27.9331437,49.7439703145455,9.05844858267059,18.3185036804468
"1961","AS",2019,2,1,5,108,"PIPO",1,19.1,"AS_2_1_5_108","Live",19.1,2013,"AS_2_1_5",28.77964782,31.698724365,44.02040816,8.26652347113206,69.657404941008
"1962","AS",2013,2,1,5,109,"PIPO",3,NA,"AS_2_1_5_109","Dead",10.5,2002,"AS_2_1_5",31.698724365,27.9331437,49.7439703145455,9.05844858267059,18.3185036804468
"1963","AS",2013,2,1,5,115,"PIPO",1,11,"AS_2_1_5_115","Live",11,2002,"AS_2_1_5",31.698724365,27.9331437,49.7439703145455,9.05844858267059,18.3185036804468
"1964","AS",2019,2,1,5,115,"PIPO",3,NA,"AS_2_1_5_115","Dead",11,2013,"AS_2_1_5",28.77964782,31.698724365,44.02040816,8.26652347113206,69.657404941008
"1965","AS",2013,2,1,5,116,"PIPO",1,9,"AS_2_1_5_116","Live",9,2002,"AS_2_1_5",31.698724365,27.9331437,49.7439703145455,9.05844858267059,18.3185036804468
"1966","AS",2019,2,1,5,116,"PIPO",3,NA,"AS_2_1_5_116","Dead",9,2013,"AS_2_1_5",28.77964782,31.698724365,44.02040816,8.26652347113206,69.657404941008
"1967","AS",2013,2,1,5,121,"PIPO",1,9.4,"AS_2_1_5_121","Live",9,2002,"AS_2_1_5",31.698724365,27.9331437,49.7439703145455,9.05844858267059,18.3185036804468
"1968","AS",2019,2,1,5,121,"PIPO",1,9.5,"AS_2_1_5_121","Live",9.4,2013,"AS_2_1_5",28.77964782,31.698724365,44.02040816,8.26652347113206,69.657404941008
"1969","AS",2013,2,1,5,123,"PIPO",1,31.8,"AS_2_1_5_123","Live",30.1,2002,"AS_2_1_5",31.698724365,27.9331437,49.7439703145455,9.05844858267059,18.3185036804468
"1970","AS",2019,2,1,5,123,"PIPO",1,32.5,"AS_2_1_5_123","Live",31.8,2013,"AS_2_1_5",28.77964782,31.698724365,44.02040816,8.26652347113206,69.657404941008
"1971","AS",2013,2,1,5,127,"PIPO",1,15,"AS_2_1_5_127","Live",12.5,2002,"AS_2_1_5",31.698724365,27.9331437,49.7439703145455,9.05844858267059,18.3185036804468
"1972","AS",2019,2,1,5,127,"PIPO",1,15.9,"AS_2_1_5_127","Live",15,2013,"AS_2_1_5",28.77964782,31.698724365,44.02040816,8.26652347113206,69.657404941008
"1973","AS",2013,2,1,5,128,"PIPO",1,22.6,"AS_2_1_5_128","Live",22.2,2002,"AS_2_1_5",31.698724365,27.9331437,49.7439703145455,9.05844858267059,18.3185036804468
"1974","AS",2019,2,1,5,128,"PIPO",1,22.5,"AS_2_1_5_128","Live",22.6,2013,"AS_2_1_5",28.77964782,31.698724365,44.02040816,8.26652347113206,69.657404941008
"1975","AS",2013,2,1,5,129,"PIPO",1,6.2,"AS_2_1_5_129","Live",5.6,2002,"AS_2_1_5",31.698724365,27.9331437,49.7439703145455,9.05844858267059,18.3185036804468
"1976","AS",2019,2,1,5,129,"PIPO",1,6,"AS_2_1_5_129","Live",6.2,2013,"AS_2_1_5",28.77964782,31.698724365,44.02040816,8.26652347113206,69.657404941008
"1977","AS",2013,2,1,5,136,"PIPO",1,6.8,"AS_2_1_5_136","Live",6.5,2002,"AS_2_1_5",31.698724365,27.9331437,49.7439703145455,9.05844858267059,18.3185036804468
"1978","AS",2019,2,1,5,136,"PIPO",1,6.9,"AS_2_1_5_136","Live",6.8,2013,"AS_2_1_5",28.77964782,31.698724365,44.02040816,8.26652347113206,69.657404941008
"1979","AS",2013,2,1,5,138,"PIPO",1,7.3,"AS_2_1_5_138","Live",6.9,2002,"AS_2_1_5",31.698724365,27.9331437,49.7439703145455,9.05844858267059,18.3185036804468
"1980","AS",2019,2,1,5,138,"PIPO",1,7.1,"AS_2_1_5_138","Live",7.3,2013,"AS_2_1_5",28.77964782,31.698724365,44.02040816,8.26652347113206,69.657404941008
"1981","AS",2013,2,1,5,139,"PIPO",1,16,"AS_2_1_5_139","Live",15.7,2002,"AS_2_1_5",31.698724365,27.9331437,49.7439703145455,9.05844858267059,18.3185036804468
"1982","AS",2019,2,1,5,139,"PIPO",1,15.5,"AS_2_1_5_139","Live",16,2013,"AS_2_1_5",28.77964782,31.698724365,44.02040816,8.26652347113206,69.657404941008
"1983","AS",2013,2,1,5,140,"PIPO",2,20,"AS_2_1_5_140","Live",19.5,2002,"AS_2_1_5",31.698724365,27.9331437,49.7439703145455,9.05844858267059,18.3185036804468
"1984","AS",2019,2,1,5,140,"PIPO",6,NA,"AS_2_1_5_140","Dead",20,2013,"AS_2_1_5",28.77964782,31.698724365,44.02040816,8.26652347113206,69.657404941008
"1985","AS",2013,2,1,5,141,"PIPO",1,18.4,"AS_2_1_5_141","Live",17.6,2002,"AS_2_1_5",31.698724365,27.9331437,49.7439703145455,9.05844858267059,18.3185036804468
"1986","AS",2019,2,1,5,141,"PIPO",3,NA,"AS_2_1_5_141","Dead",18.4,2013,"AS_2_1_5",28.77964782,31.698724365,44.02040816,8.26652347113206,69.657404941008
"1987","AS",2013,2,1,5,142,"PIPO",1,12,"AS_2_1_5_142","Live",10.6,2002,"AS_2_1_5",31.698724365,27.9331437,49.7439703145455,9.05844858267059,18.3185036804468
"1988","AS",2019,2,1,5,142,"PIPO",1,12.7,"AS_2_1_5_142","Live",12,2013,"AS_2_1_5",28.77964782,31.698724365,44.02040816,8.26652347113206,69.657404941008
"1989","AS",2013,2,1,5,143,"PIPO",1,14.9,"AS_2_1_5_143","Live",12.9,2002,"AS_2_1_5",31.698724365,27.9331437,49.7439703145455,9.05844858267059,18.3185036804468
"1990","AS",2019,2,1,5,143,"PIPO",1,15.1,"AS_2_1_5_143","Live",14.9,2013,"AS_2_1_5",28.77964782,31.698724365,44.02040816,8.26652347113206,69.657404941008
"1991","AS",2013,2,1,5,146,"PIPO",1,7.7,"AS_2_1_5_146","Live",7.3,2002,"AS_2_1_5",31.698724365,27.9331437,49.7439703145455,9.05844858267059,18.3185036804468
"1992","AS",2019,2,1,5,146,"PIPO",1,7.5,"AS_2_1_5_146","Live",7.7,2013,"AS_2_1_5",28.77964782,31.698724365,44.02040816,8.26652347113206,69.657404941008
"1993","AS",2013,2,1,5,147,"PIPO",1,14.9,"AS_2_1_5_147","Live",12.8,2002,"AS_2_1_5",31.698724365,27.9331437,49.7439703145455,9.05844858267059,18.3185036804468
"1994","AS",2019,2,1,5,147,"PIPO",1,15.8,"AS_2_1_5_147","Live",14.9,2013,"AS_2_1_5",28.77964782,31.698724365,44.02040816,8.26652347113206,69.657404941008
"1995","AS",2013,2,1,5,149,"PIPO",1,10.4,"AS_2_1_5_149","Live",9.5,2002,"AS_2_1_5",31.698724365,27.9331437,49.7439703145455,9.05844858267059,18.3185036804468
"1996","AS",2019,2,1,5,149,"PIPO",1,10,"AS_2_1_5_149","Live",10.4,2013,"AS_2_1_5",28.77964782,31.698724365,44.02040816,8.26652347113206,69.657404941008
"1997","AS",2013,2,1,5,156,"PIPO",1,3.9,"AS_2_1_5_156","Live",3.8,2002,"AS_2_1_5",31.698724365,27.9331437,49.7439703145455,9.05844858267059,18.3185036804468
"1998","AS",2019,2,1,5,156,"PIPO",3,NA,"AS_2_1_5_156","Dead",3.9,2013,"AS_2_1_5",28.77964782,31.698724365,44.02040816,8.26652347113206,69.657404941008
"1999","AS",2013,2,1,5,159,"PIPO",1,12.5,"AS_2_1_5_159","Live",10,2002,"AS_2_1_5",31.698724365,27.9331437,49.7439703145455,9.05844858267059,18.3185036804468
"2000","AS",2019,2,1,5,159,"PIPO",1,13.3,"AS_2_1_5_159","Live",12.5,2013,"AS_2_1_5",28.77964782,31.698724365,44.02040816,8.26652347113206,69.657404941008
"2001","AS",2013,2,1,5,16,"PIPO",1,11.7,"AS_2_1_5_16","Live",10.7,2002,"AS_2_1_5",31.698724365,27.9331437,49.7439703145455,9.05844858267059,18.3185036804468
"2002","AS",2019,2,1,5,16,"PIPO",1,11.2,"AS_2_1_5_16","Live",11.7,2013,"AS_2_1_5",28.77964782,31.698724365,44.02040816,8.26652347113206,69.657404941008
"2003","AS",2013,2,1,5,162,"PIPO",1,4.7,"AS_2_1_5_162","Live",4.4,2002,"AS_2_1_5",31.698724365,27.9331437,49.7439703145455,9.05844858267059,18.3185036804468
"2004","AS",2019,2,1,5,162,"PIPO",3,NA,"AS_2_1_5_162","Dead",4.7,2013,"AS_2_1_5",28.77964782,31.698724365,44.02040816,8.26652347113206,69.657404941008
"2005","AS",2013,2,1,5,163,"PIPO",1,5.4,"AS_2_1_5_163","Live",5.4,2002,"AS_2_1_5",31.698724365,27.9331437,49.7439703145455,9.05844858267059,18.3185036804468
"2006","AS",2019,2,1,5,163,"PIPO",3,NA,"AS_2_1_5_163","Dead",5.4,2013,"AS_2_1_5",28.77964782,31.698724365,44.02040816,8.26652347113206,69.657404941008
"2007","AS",2013,2,1,5,164,"PIPO",1,4.1,"AS_2_1_5_164","Live",4,2002,"AS_2_1_5",31.698724365,27.9331437,49.7439703145455,9.05844858267059,18.3185036804468
"2008","AS",2013,2,1,5,165,"PIPO",1,7.2,"AS_2_1_5_165","Live",7,2002,"AS_2_1_5",31.698724365,27.9331437,49.7439703145455,9.05844858267059,18.3185036804468
"2009","AS",2019,2,1,5,165,"PIPO",3,NA,"AS_2_1_5_165","Dead",7.2,2013,"AS_2_1_5",28.77964782,31.698724365,44.02040816,8.26652347113206,69.657404941008
"2010","AS",2013,2,1,5,168,"PIPO",1,12.9,"AS_2_1_5_168","Live",11.4,2002,"AS_2_1_5",31.698724365,27.9331437,49.7439703145455,9.05844858267059,18.3185036804468
"2011","AS",2019,2,1,5,168,"PIPO",1,12.5,"AS_2_1_5_168","Live",12.9,2013,"AS_2_1_5",28.77964782,31.698724365,44.02040816,8.26652347113206,69.657404941008
"2012","AS",2013,2,1,5,170,"PIPO",1,5.3,"AS_2_1_5_170","Live",4.9,2002,"AS_2_1_5",31.698724365,27.9331437,49.7439703145455,9.05844858267059,18.3185036804468
"2013","AS",2019,2,1,5,170,"PIPO",1,5.3,"AS_2_1_5_170","Live",5.3,2013,"AS_2_1_5",28.77964782,31.698724365,44.02040816,8.26652347113206,69.657404941008
"2014","AS",2013,2,1,5,172,"PIPO",1,5.5,"AS_2_1_5_172","Live",5.5,2002,"AS_2_1_5",31.698724365,27.9331437,49.7439703145455,9.05844858267059,18.3185036804468
"2015","AS",2019,2,1,5,172,"PIPO",3,NA,"AS_2_1_5_172","Dead",5.5,2013,"AS_2_1_5",28.77964782,31.698724365,44.02040816,8.26652347113206,69.657404941008
"2016","AS",2013,2,1,5,173,"PIPO",1,7.8,"AS_2_1_5_173","Live",7.1,2002,"AS_2_1_5",31.698724365,27.9331437,49.7439703145455,9.05844858267059,18.3185036804468
"2017","AS",2019,2,1,5,173,"PIPO",1,7.9,"AS_2_1_5_173","Live",7.8,2013,"AS_2_1_5",28.77964782,31.698724365,44.02040816,8.26652347113206,69.657404941008
"2018","AS",2013,2,1,5,175,"PIPO",1,4.4,"AS_2_1_5_175","Live",4.4,2002,"AS_2_1_5",31.698724365,27.9331437,49.7439703145455,9.05844858267059,18.3185036804468
"2019","AS",2013,2,1,5,176,"PIPO",1,10.1,"AS_2_1_5_176","Live",9.2,2002,"AS_2_1_5",31.698724365,27.9331437,49.7439703145455,9.05844858267059,18.3185036804468
"2020","AS",2019,2,1,5,176,"PIPO",1,10.1,"AS_2_1_5_176","Live",10.1,2013,"AS_2_1_5",28.77964782,31.698724365,44.02040816,8.26652347113206,69.657404941008
"2021","AS",2013,2,1,5,187,"PIPO",1,7.6,"AS_2_1_5_187","Live",7,2002,"AS_2_1_5",31.698724365,27.9331437,49.7439703145455,9.05844858267059,18.3185036804468
"2022","AS",2019,2,1,5,187,"PIPO",3,NA,"AS_2_1_5_187","Dead",7.6,2013,"AS_2_1_5",28.77964782,31.698724365,44.02040816,8.26652347113206,69.657404941008
"2023","AS",2013,2,1,5,188,"PIPO",1,9.9,"AS_2_1_5_188","Live",8.4,2002,"AS_2_1_5",31.698724365,27.9331437,49.7439703145455,9.05844858267059,18.3185036804468
"2024","AS",2019,2,1,5,188,"PIPO",1,9.9,"AS_2_1_5_188","Live",9.9,2013,"AS_2_1_5",28.77964782,31.698724365,44.02040816,8.26652347113206,69.657404941008
"2025","AS",2013,2,1,5,189,"PIPO",1,6.3,"AS_2_1_5_189","Live",5.7,2002,"AS_2_1_5",31.698724365,27.9331437,49.7439703145455,9.05844858267059,18.3185036804468
"2026","AS",2019,2,1,5,189,"PIPO",1,6.1,"AS_2_1_5_189","Live",6.3,2013,"AS_2_1_5",28.77964782,31.698724365,44.02040816,8.26652347113206,69.657404941008
"2027","AS",2013,2,1,5,191,"PIPO",1,11.6,"AS_2_1_5_191","Live",11.5,2002,"AS_2_1_5",31.698724365,27.9331437,49.7439703145455,9.05844858267059,18.3185036804468
"2028","AS",2019,2,1,5,191,"PIPO",1,11.6,"AS_2_1_5_191","Live",11.6,2013,"AS_2_1_5",28.77964782,31.698724365,44.02040816,8.26652347113206,69.657404941008
"2029","AS",2013,2,1,5,195,"PIPO",1,5.5,"AS_2_1_5_195","Live",5.5,2002,"AS_2_1_5",31.698724365,27.9331437,49.7439703145455,9.05844858267059,18.3185036804468
"2030","AS",2019,2,1,5,195,"PIPO",1,5.4,"AS_2_1_5_195","Live",5.5,2013,"AS_2_1_5",28.77964782,31.698724365,44.02040816,8.26652347113206,69.657404941008
"2031","AS",2013,2,1,5,196,"PIPO",1,26.4,"AS_2_1_5_196","Live",24.9,2002,"AS_2_1_5",31.698724365,27.9331437,49.7439703145455,9.05844858267059,18.3185036804468
"2032","AS",2019,2,1,5,196,"PIPO",1,26.9,"AS_2_1_5_196","Live",26.4,2013,"AS_2_1_5",28.77964782,31.698724365,44.02040816,8.26652347113206,69.657404941008
"2033","AS",2013,2,1,5,199,"PIPO",3,NA,"AS_2_1_5_199","Dead",3.6,2002,"AS_2_1_5",31.698724365,27.9331437,49.7439703145455,9.05844858267059,18.3185036804468
"2034","AS",2013,2,1,5,20,"PIPO",1,12.5,"AS_2_1_5_20","Live",12.4,2002,"AS_2_1_5",31.698724365,27.9331437,49.7439703145455,9.05844858267059,18.3185036804468
"2035","AS",2019,2,1,5,20,"PIPO",3,NA,"AS_2_1_5_20","Dead",12.5,2013,"AS_2_1_5",28.77964782,31.698724365,44.02040816,8.26652347113206,69.657404941008
"2036","AS",2013,2,1,5,200,"PIPO",1,10.1,"AS_2_1_5_200","Live",8.2,2002,"AS_2_1_5",31.698724365,27.9331437,49.7439703145455,9.05844858267059,18.3185036804468
"2037","AS",2019,2,1,5,200,"PIPO",1,10,"AS_2_1_5_200","Live",10.1,2013,"AS_2_1_5",28.77964782,31.698724365,44.02040816,8.26652347113206,69.657404941008
"2038","AS",2013,2,1,5,203,"PIPO",1,5.5,"AS_2_1_5_203","Live",5.5,2002,"AS_2_1_5",31.698724365,27.9331437,49.7439703145455,9.05844858267059,18.3185036804468
"2039","AS",2019,2,1,5,203,"PIPO",3,NA,"AS_2_1_5_203","Dead",5.5,2013,"AS_2_1_5",28.77964782,31.698724365,44.02040816,8.26652347113206,69.657404941008
"2040","AS",2013,2,1,5,205,"PIPO",1,10.8,"AS_2_1_5_205","Live",9.6,2002,"AS_2_1_5",31.698724365,27.9331437,49.7439703145455,9.05844858267059,18.3185036804468
"2041","AS",2019,2,1,5,205,"PIPO",1,10.8,"AS_2_1_5_205","Live",10.8,2013,"AS_2_1_5",28.77964782,31.698724365,44.02040816,8.26652347113206,69.657404941008
"2042","AS",2013,2,1,5,207,"PIPO",1,4.8,"AS_2_1_5_207","Live",4.8,2002,"AS_2_1_5",31.698724365,27.9331437,49.7439703145455,9.05844858267059,18.3185036804468
"2043","AS",2013,2,1,5,208,"PIPO",1,8.9,"AS_2_1_5_208","Live",7.9,2002,"AS_2_1_5",31.698724365,27.9331437,49.7439703145455,9.05844858267059,18.3185036804468
"2044","AS",2019,2,1,5,208,"PIPO",1,9.3,"AS_2_1_5_208","Live",8.9,2013,"AS_2_1_5",28.77964782,31.698724365,44.02040816,8.26652347113206,69.657404941008
"2045","AS",2013,2,1,5,209,"PIPO",1,9.3,"AS_2_1_5_209","Live",8.6,2002,"AS_2_1_5",31.698724365,27.9331437,49.7439703145455,9.05844858267059,18.3185036804468
"2046","AS",2019,2,1,5,209,"PIPO",1,9.1,"AS_2_1_5_209","Live",9.3,2013,"AS_2_1_5",28.77964782,31.698724365,44.02040816,8.26652347113206,69.657404941008
"2047","AS",2013,2,1,5,213,"PIPO",3,NA,"AS_2_1_5_213","Dead",4.7,2002,"AS_2_1_5",31.698724365,27.9331437,49.7439703145455,9.05844858267059,18.3185036804468
"2048","AS",2013,2,1,5,216,"PIPO",1,9.1,"AS_2_1_5_216","Live",8.6,2002,"AS_2_1_5",31.698724365,27.9331437,49.7439703145455,9.05844858267059,18.3185036804468
"2049","AS",2019,2,1,5,216,"PIPO",1,8.8,"AS_2_1_5_216","Live",9.1,2013,"AS_2_1_5",28.77964782,31.698724365,44.02040816,8.26652347113206,69.657404941008
"2050","AS",2013,2,1,5,22,"PIPO",1,13.3,"AS_2_1_5_22","Live",11.2,2002,"AS_2_1_5",31.698724365,27.9331437,49.7439703145455,9.05844858267059,18.3185036804468
"2051","AS",2019,2,1,5,22,"PIPO",1,13.6,"AS_2_1_5_22","Live",13.3,2013,"AS_2_1_5",28.77964782,31.698724365,44.02040816,8.26652347113206,69.657404941008
"2052","AS",2013,2,1,5,221,"PIPO",1,8.8,"AS_2_1_5_221","Live",9.5,2002,"AS_2_1_5",31.698724365,27.9331437,49.7439703145455,9.05844858267059,18.3185036804468
"2053","AS",2019,2,1,5,221,"PIPO",1,8.7,"AS_2_1_5_221","Live",8.8,2013,"AS_2_1_5",28.77964782,31.698724365,44.02040816,8.26652347113206,69.657404941008
"2054","AS",2013,2,1,5,23,"PIPO",1,22.1,"AS_2_1_5_23","Live",20.1,2002,"AS_2_1_5",31.698724365,27.9331437,49.7439703145455,9.05844858267059,18.3185036804468
"2055","AS",2019,2,1,5,23,"PIPO",1,22.5,"AS_2_1_5_23","Live",22.1,2013,"AS_2_1_5",28.77964782,31.698724365,44.02040816,8.26652347113206,69.657404941008
"2056","AS",2013,2,1,5,24,"PIPO",1,11.2,"AS_2_1_5_24","Live",10.9,2002,"AS_2_1_5",31.698724365,27.9331437,49.7439703145455,9.05844858267059,18.3185036804468
"2057","AS",2019,2,1,5,24,"PIPO",1,11.1,"AS_2_1_5_24","Live",11.2,2013,"AS_2_1_5",28.77964782,31.698724365,44.02040816,8.26652347113206,69.657404941008
"2058","AS",2013,2,1,5,25,"PIPO",1,14,"AS_2_1_5_25","Live",12.8,2002,"AS_2_1_5",31.698724365,27.9331437,49.7439703145455,9.05844858267059,18.3185036804468
"2059","AS",2019,2,1,5,25,"PIPO",1,13.8,"AS_2_1_5_25","Live",14,2013,"AS_2_1_5",28.77964782,31.698724365,44.02040816,8.26652347113206,69.657404941008
"2060","AS",2013,2,1,5,29,"PIPO",1,10.1,"AS_2_1_5_29","Live",8.4,2002,"AS_2_1_5",31.698724365,27.9331437,49.7439703145455,9.05844858267059,18.3185036804468
"2061","AS",2019,2,1,5,29,"PIPO",1,10.4,"AS_2_1_5_29","Live",10.1,2013,"AS_2_1_5",28.77964782,31.698724365,44.02040816,8.26652347113206,69.657404941008
"2062","AS",2013,2,1,5,3,"PIPO",1,12.5,"AS_2_1_5_3","Live",11.8,2002,"AS_2_1_5",31.698724365,27.9331437,49.7439703145455,9.05844858267059,18.3185036804468
"2063","AS",2019,2,1,5,3,"PIPO",1,12.4,"AS_2_1_5_3","Live",12.5,2013,"AS_2_1_5",28.77964782,31.698724365,44.02040816,8.26652347113206,69.657404941008
"2064","AS",2013,2,1,5,30,"PIPO",1,17.7,"AS_2_1_5_30","Live",14.4,2002,"AS_2_1_5",31.698724365,27.9331437,49.7439703145455,9.05844858267059,18.3185036804468
"2065","AS",2019,2,1,5,30,"PIPO",1,18.8,"AS_2_1_5_30","Live",17.7,2013,"AS_2_1_5",28.77964782,31.698724365,44.02040816,8.26652347113206,69.657404941008
"2066","AS",2013,2,1,5,31,"PIPO",1,9.3,"AS_2_1_5_31","Live",6.7,2002,"AS_2_1_5",31.698724365,27.9331437,49.7439703145455,9.05844858267059,18.3185036804468
"2067","AS",2019,2,1,5,31,"PIPO",1,10.2,"AS_2_1_5_31","Live",9.3,2013,"AS_2_1_5",28.77964782,31.698724365,44.02040816,8.26652347113206,69.657404941008
"2068","AS",2013,2,1,5,32,"PIPO",1,23.8,"AS_2_1_5_32","Live",22.3,2002,"AS_2_1_5",31.698724365,27.9331437,49.7439703145455,9.05844858267059,18.3185036804468
"2069","AS",2019,2,1,5,32,"PIPO",1,24,"AS_2_1_5_32","Live",23.8,2013,"AS_2_1_5",28.77964782,31.698724365,44.02040816,8.26652347113206,69.657404941008
"2070","AS",2013,2,1,5,33,"PIPO",1,15,"AS_2_1_5_33","Live",12.7,2002,"AS_2_1_5",31.698724365,27.9331437,49.7439703145455,9.05844858267059,18.3185036804468
"2071","AS",2019,2,1,5,33,"PIPO",1,15.5,"AS_2_1_5_33","Live",15,2013,"AS_2_1_5",28.77964782,31.698724365,44.02040816,8.26652347113206,69.657404941008
"2072","AS",2013,2,1,5,34,"PIPO",1,10.1,"AS_2_1_5_34","Live",8.6,2002,"AS_2_1_5",31.698724365,27.9331437,49.7439703145455,9.05844858267059,18.3185036804468
"2073","AS",2019,2,1,5,34,"PIPO",1,10.4,"AS_2_1_5_34","Live",10.1,2013,"AS_2_1_5",28.77964782,31.698724365,44.02040816,8.26652347113206,69.657404941008
"2074","AS",2013,2,1,5,36,"PIPO",1,26,"AS_2_1_5_36","Live",24.1,2002,"AS_2_1_5",31.698724365,27.9331437,49.7439703145455,9.05844858267059,18.3185036804468
"2075","AS",2019,2,1,5,36,"PIPO",1,26.5,"AS_2_1_5_36","Live",26,2013,"AS_2_1_5",28.77964782,31.698724365,44.02040816,8.26652347113206,69.657404941008
"2076","AS",2013,2,1,5,37,"PIPO",1,6.8,"AS_2_1_5_37","Live",5.4,2002,"AS_2_1_5",31.698724365,27.9331437,49.7439703145455,9.05844858267059,18.3185036804468
"2077","AS",2019,2,1,5,37,"PIPO",3,NA,"AS_2_1_5_37","Dead",6.8,2013,"AS_2_1_5",28.77964782,31.698724365,44.02040816,8.26652347113206,69.657404941008
"2078","AS",2013,2,1,5,4,"PIPO",1,20.7,"AS_2_1_5_4","Live",17.7,2002,"AS_2_1_5",31.698724365,27.9331437,49.7439703145455,9.05844858267059,18.3185036804468
"2079","AS",2019,2,1,5,4,"PIPO",1,21.9,"AS_2_1_5_4","Live",20.7,2013,"AS_2_1_5",28.77964782,31.698724365,44.02040816,8.26652347113206,69.657404941008
"2080","AS",2013,2,1,5,45,"PIPO",1,8.7,"AS_2_1_5_45","Live",7.6,2002,"AS_2_1_5",31.698724365,27.9331437,49.7439703145455,9.05844858267059,18.3185036804468
"2081","AS",2019,2,1,5,45,"PIPO",1,9,"AS_2_1_5_45","Live",8.7,2013,"AS_2_1_5",28.77964782,31.698724365,44.02040816,8.26652347113206,69.657404941008
"2082","AS",2013,2,1,5,46,"PIPO",1,17.4,"AS_2_1_5_46","Live",15,2002,"AS_2_1_5",31.698724365,27.9331437,49.7439703145455,9.05844858267059,18.3185036804468
"2083","AS",2019,2,1,5,46,"PIPO",1,18,"AS_2_1_5_46","Live",17.4,2013,"AS_2_1_5",28.77964782,31.698724365,44.02040816,8.26652347113206,69.657404941008
"2084","AS",2013,2,1,5,47,"PIPO",1,5.2,"AS_2_1_5_47","Live",4.8,2002,"AS_2_1_5",31.698724365,27.9331437,49.7439703145455,9.05844858267059,18.3185036804468
"2085","AS",2019,2,1,5,47,"PIPO",3,NA,"AS_2_1_5_47","Dead",5.2,2013,"AS_2_1_5",28.77964782,31.698724365,44.02040816,8.26652347113206,69.657404941008
"2086","AS",2013,2,1,5,49,"PIPO",1,7.4,"AS_2_1_5_49","Live",6.4,2002,"AS_2_1_5",31.698724365,27.9331437,49.7439703145455,9.05844858267059,18.3185036804468
"2087","AS",2019,2,1,5,49,"PIPO",1,7.8,"AS_2_1_5_49","Live",7.4,2013,"AS_2_1_5",28.77964782,31.698724365,44.02040816,8.26652347113206,69.657404941008
"2088","AS",2013,2,1,5,58,"PIPO",1,10.6,"AS_2_1_5_58","Live",7.7,2002,"AS_2_1_5",31.698724365,27.9331437,49.7439703145455,9.05844858267059,18.3185036804468
"2089","AS",2019,2,1,5,58,"PIPO",1,11.7,"AS_2_1_5_58","Live",10.6,2013,"AS_2_1_5",28.77964782,31.698724365,44.02040816,8.26652347113206,69.657404941008
"2090","AS",2013,2,1,5,59,"PIPO",2,7.5,"AS_2_1_5_59","Live",6.5,2002,"AS_2_1_5",31.698724365,27.9331437,49.7439703145455,9.05844858267059,18.3185036804468
"2091","AS",2019,2,1,5,59,"PIPO",4,NA,"AS_2_1_5_59","Dead",7.5,2013,"AS_2_1_5",28.77964782,31.698724365,44.02040816,8.26652347113206,69.657404941008
"2092","AS",2013,2,1,5,62,"PIPO",1,10.2,"AS_2_1_5_62","Live",7.8,2002,"AS_2_1_5",31.698724365,27.9331437,49.7439703145455,9.05844858267059,18.3185036804468
"2093","AS",2019,2,1,5,62,"PIPO",1,10.8,"AS_2_1_5_62","Live",10.2,2013,"AS_2_1_5",28.77964782,31.698724365,44.02040816,8.26652347113206,69.657404941008
"2094","AS",2013,2,1,5,63,"PIPO",1,14.6,"AS_2_1_5_63","Live",11.9,2002,"AS_2_1_5",31.698724365,27.9331437,49.7439703145455,9.05844858267059,18.3185036804468
"2095","AS",2019,2,1,5,63,"PIPO",1,14.3,"AS_2_1_5_63","Live",14.6,2013,"AS_2_1_5",28.77964782,31.698724365,44.02040816,8.26652347113206,69.657404941008
"2096","AS",2013,2,1,5,64,"PIPO",1,10,"AS_2_1_5_64","Live",7.8,2002,"AS_2_1_5",31.698724365,27.9331437,49.7439703145455,9.05844858267059,18.3185036804468
"2097","AS",2019,2,1,5,64,"PIPO",1,10.9,"AS_2_1_5_64","Live",10,2013,"AS_2_1_5",28.77964782,31.698724365,44.02040816,8.26652347113206,69.657404941008
"2098","AS",2013,2,1,5,66,"PIPO",1,5.8,"AS_2_1_5_66","Live",4.8,2002,"AS_2_1_5",31.698724365,27.9331437,49.7439703145455,9.05844858267059,18.3185036804468
"2099","AS",2019,2,1,5,66,"PIPO",1,5.8,"AS_2_1_5_66","Live",5.8,2013,"AS_2_1_5",28.77964782,31.698724365,44.02040816,8.26652347113206,69.657404941008
"2100","AS",2013,2,1,5,67,"PIPO",1,6.8,"AS_2_1_5_67","Live",5.9,2002,"AS_2_1_5",31.698724365,27.9331437,49.7439703145455,9.05844858267059,18.3185036804468
"2101","AS",2019,2,1,5,67,"PIPO",1,6.9,"AS_2_1_5_67","Live",6.8,2013,"AS_2_1_5",28.77964782,31.698724365,44.02040816,8.26652347113206,69.657404941008
"2102","AS",2013,2,1,5,68,"PIPO",1,14.9,"AS_2_1_5_68","Live",12.5,2002,"AS_2_1_5",31.698724365,27.9331437,49.7439703145455,9.05844858267059,18.3185036804468
"2103","AS",2019,2,1,5,68,"PIPO",1,15.5,"AS_2_1_5_68","Live",14.9,2013,"AS_2_1_5",28.77964782,31.698724365,44.02040816,8.26652347113206,69.657404941008
"2104","AS",2013,2,1,5,69,"PIPO",1,6,"AS_2_1_5_69","Live",5.8,2002,"AS_2_1_5",31.698724365,27.9331437,49.7439703145455,9.05844858267059,18.3185036804468
"2105","AS",2019,2,1,5,69,"PIPO",1,6.1,"AS_2_1_5_69","Live",6,2013,"AS_2_1_5",28.77964782,31.698724365,44.02040816,8.26652347113206,69.657404941008
"2106","AS",2013,2,1,5,7,"PIPO",1,9.6,"AS_2_1_5_7","Live",9.2,2002,"AS_2_1_5",31.698724365,27.9331437,49.7439703145455,9.05844858267059,18.3185036804468
"2107","AS",2019,2,1,5,7,"PIPO",3,NA,"AS_2_1_5_7","Dead",9.6,2013,"AS_2_1_5",28.77964782,31.698724365,44.02040816,8.26652347113206,69.657404941008
"2108","AS",2013,2,1,5,71,"PIPO",1,5.1,"AS_2_1_5_71","Live",4.5,2002,"AS_2_1_5",31.698724365,27.9331437,49.7439703145455,9.05844858267059,18.3185036804468
"2109","AS",2019,2,1,5,71,"PIPO",1,5.2,"AS_2_1_5_71","Live",5.1,2013,"AS_2_1_5",28.77964782,31.698724365,44.02040816,8.26652347113206,69.657404941008
"2110","AS",2013,2,1,5,72,"PIPO",1,11.1,"AS_2_1_5_72","Live",9.4,2002,"AS_2_1_5",31.698724365,27.9331437,49.7439703145455,9.05844858267059,18.3185036804468
"2111","AS",2019,2,1,5,72,"PIPO",3,NA,"AS_2_1_5_72","Dead",11.1,2013,"AS_2_1_5",28.77964782,31.698724365,44.02040816,8.26652347113206,69.657404941008
"2112","AS",2013,2,1,5,73,"PIPO",1,6.4,"AS_2_1_5_73","Live",6,2002,"AS_2_1_5",31.698724365,27.9331437,49.7439703145455,9.05844858267059,18.3185036804468
"2113","AS",2019,2,1,5,73,"PIPO",1,6.5,"AS_2_1_5_73","Live",6.4,2013,"AS_2_1_5",28.77964782,31.698724365,44.02040816,8.26652347113206,69.657404941008
"2114","AS",2013,2,1,5,74,"PIPO",1,7.2,"AS_2_1_5_74","Live",6.8,2002,"AS_2_1_5",31.698724365,27.9331437,49.7439703145455,9.05844858267059,18.3185036804468
"2115","AS",2019,2,1,5,74,"PIPO",1,7.1,"AS_2_1_5_74","Live",7.2,2013,"AS_2_1_5",28.77964782,31.698724365,44.02040816,8.26652347113206,69.657404941008
"2116","AS",2013,2,1,5,75,"PIPO",1,12,"AS_2_1_5_75","Live",11,2002,"AS_2_1_5",31.698724365,27.9331437,49.7439703145455,9.05844858267059,18.3185036804468
"2117","AS",2019,2,1,5,75,"PIPO",1,11.7,"AS_2_1_5_75","Live",12,2013,"AS_2_1_5",28.77964782,31.698724365,44.02040816,8.26652347113206,69.657404941008
"2118","AS",2013,2,1,5,77,"PIPO",1,17.4,"AS_2_1_5_77","Live",15.2,2002,"AS_2_1_5",31.698724365,27.9331437,49.7439703145455,9.05844858267059,18.3185036804468
"2119","AS",2019,2,1,5,77,"PIPO",1,17,"AS_2_1_5_77","Live",17.4,2013,"AS_2_1_5",28.77964782,31.698724365,44.02040816,8.26652347113206,69.657404941008
"2120","AS",2013,2,1,5,78,"PIPO",1,18.4,"AS_2_1_5_78","Live",15.8,2002,"AS_2_1_5",31.698724365,27.9331437,49.7439703145455,9.05844858267059,18.3185036804468
"2121","AS",2019,2,1,5,78,"PIPO",1,18.9,"AS_2_1_5_78","Live",18.4,2013,"AS_2_1_5",28.77964782,31.698724365,44.02040816,8.26652347113206,69.657404941008
"2122","AS",2013,2,1,5,79,"PIPO",1,19.5,"AS_2_1_5_79","Live",16.5,2002,"AS_2_1_5",31.698724365,27.9331437,49.7439703145455,9.05844858267059,18.3185036804468
"2123","AS",2019,2,1,5,79,"PIPO",1,20.1,"AS_2_1_5_79","Live",19.5,2013,"AS_2_1_5",28.77964782,31.698724365,44.02040816,8.26652347113206,69.657404941008
"2124","AS",2013,2,1,5,80,"PIPO",1,6.5,"AS_2_1_5_80","Live",5.8,2002,"AS_2_1_5",31.698724365,27.9331437,49.7439703145455,9.05844858267059,18.3185036804468
"2125","AS",2019,2,1,5,80,"PIPO",1,6.4,"AS_2_1_5_80","Live",6.5,2013,"AS_2_1_5",28.77964782,31.698724365,44.02040816,8.26652347113206,69.657404941008
"2126","AS",2013,2,1,5,83,"PIPO",3,NA,"AS_2_1_5_83","Dead",17.2,2002,"AS_2_1_5",31.698724365,27.9331437,49.7439703145455,9.05844858267059,18.3185036804468
"2127","AS",2013,2,1,5,85,"PIPO",1,10.2,"AS_2_1_5_85","Live",9.5,2002,"AS_2_1_5",31.698724365,27.9331437,49.7439703145455,9.05844858267059,18.3185036804468
"2128","AS",2019,2,1,5,85,"PIPO",1,10.2,"AS_2_1_5_85","Live",10.2,2013,"AS_2_1_5",28.77964782,31.698724365,44.02040816,8.26652347113206,69.657404941008
"2129","AS",2013,2,1,5,86,"PIPO",1,13.5,"AS_2_1_5_86","Live",11.4,2002,"AS_2_1_5",31.698724365,27.9331437,49.7439703145455,9.05844858267059,18.3185036804468
"2130","AS",2019,2,1,5,86,"PIPO",1,14,"AS_2_1_5_86","Live",13.5,2013,"AS_2_1_5",28.77964782,31.698724365,44.02040816,8.26652347113206,69.657404941008
"2131","AS",2013,2,1,5,91,"PIPO",1,10.6,"AS_2_1_5_91","Live",9.8,2002,"AS_2_1_5",31.698724365,27.9331437,49.7439703145455,9.05844858267059,18.3185036804468
"2132","AS",2019,2,1,5,91,"PIPO",1,10.4,"AS_2_1_5_91","Live",10.6,2013,"AS_2_1_5",28.77964782,31.698724365,44.02040816,8.26652347113206,69.657404941008
"2133","AS",2013,2,1,5,92,"PIPO",1,8.5,"AS_2_1_5_92","Live",7.2,2002,"AS_2_1_5",31.698724365,27.9331437,49.7439703145455,9.05844858267059,18.3185036804468
"2134","AS",2019,2,1,5,92,"PIPO",1,8.7,"AS_2_1_5_92","Live",8.5,2013,"AS_2_1_5",28.77964782,31.698724365,44.02040816,8.26652347113206,69.657404941008
"2135","AS",2013,2,1,5,93,"PIPO",1,22.5,"AS_2_1_5_93","Live",20.5,2002,"AS_2_1_5",31.698724365,27.9331437,49.7439703145455,9.05844858267059,18.3185036804468
"2136","AS",2019,2,1,5,93,"PIPO",1,23.1,"AS_2_1_5_93","Live",22.5,2013,"AS_2_1_5",28.77964782,31.698724365,44.02040816,8.26652347113206,69.657404941008
"2137","AS",2013,2,1,5,94,"PIPO",1,23.9,"AS_2_1_5_94","Live",22.8,2002,"AS_2_1_5",31.698724365,27.9331437,49.7439703145455,9.05844858267059,18.3185036804468
"2138","AS",2019,2,1,5,94,"PIPO",1,24.4,"AS_2_1_5_94","Live",23.9,2013,"AS_2_1_5",28.77964782,31.698724365,44.02040816,8.26652347113206,69.657404941008
"2139","AS",2013,2,1,5,96,"PIPO",1,20.2,"AS_2_1_5_96","Live",18.8,2002,"AS_2_1_5",31.698724365,27.9331437,49.7439703145455,9.05844858267059,18.3185036804468
"2140","AS",2019,2,1,5,96,"PIPO",1,20.4,"AS_2_1_5_96","Live",20.2,2013,"AS_2_1_5",28.77964782,31.698724365,44.02040816,8.26652347113206,69.657404941008
"2141","AS",2013,2,1,5,98,"PIPO",1,8.4,"AS_2_1_5_98","Live",8.4,2002,"AS_2_1_5",31.698724365,27.9331437,49.7439703145455,9.05844858267059,18.3185036804468
"2142","AS",2019,2,1,5,98,"PIPO",1,8.4,"AS_2_1_5_98","Live",8.4,2013,"AS_2_1_5",28.77964782,31.698724365,44.02040816,8.26652347113206,69.657404941008
"2143","AS",2013,2,1,5,99,"PIPO",1,15.4,"AS_2_1_5_99","Live",14.6,2002,"AS_2_1_5",31.698724365,27.9331437,49.7439703145455,9.05844858267059,18.3185036804468
"2144","AS",2019,2,1,5,99,"PIPO",1,15.4,"AS_2_1_5_99","Live",15.4,2013,"AS_2_1_5",28.77964782,31.698724365,44.02040816,8.26652347113206,69.657404941008
"2145","AS",2013,2,1,6,1,"PIPO",1,28.1,"AS_2_1_6_1","Live",25.9,2002,"AS_2_1_6",36.510595275,31.562810895,41.6628014845455,9.05844858267059,17.3476567757487
"2146","AS",2019,2,1,6,1,"PIPO",1,29.4,"AS_2_1_6_1","Live",28.1,2013,"AS_2_1_6",38.6679909,36.510595275,43.2397959183333,8.26652347113206,62.5281903147366
"2147","AS",2013,2,1,6,10,"PIPO",1,22.9,"AS_2_1_6_10","Live",20.9,2002,"AS_2_1_6",36.510595275,31.562810895,41.6628014845455,9.05844858267059,17.3476567757487
"2148","AS",2019,2,1,6,10,"PIPO",1,23.4,"AS_2_1_6_10","Live",22.9,2013,"AS_2_1_6",38.6679909,36.510595275,43.2397959183333,8.26652347113206,62.5281903147366
"2149","AS",2013,2,1,6,11,"PIPO",1,6.5,"AS_2_1_6_11","Live",5.1,2002,"AS_2_1_6",36.510595275,31.562810895,41.6628014845455,9.05844858267059,17.3476567757487
"2150","AS",2019,2,1,6,11,"PIPO",1,6.7,"AS_2_1_6_11","Live",6.5,2013,"AS_2_1_6",38.6679909,36.510595275,43.2397959183333,8.26652347113206,62.5281903147366
"2151","AS",2013,2,1,6,12,"PIPO",1,13.9,"AS_2_1_6_12","Live",13.3,2002,"AS_2_1_6",36.510595275,31.562810895,41.6628014845455,9.05844858267059,17.3476567757487
"2152","AS",2019,2,1,6,12,"PIPO",1,14.1,"AS_2_1_6_12","Live",13.9,2013,"AS_2_1_6",38.6679909,36.510595275,43.2397959183333,8.26652347113206,62.5281903147366
"2153","AS",2013,2,1,6,13,"PIPO",1,19.1,"AS_2_1_6_13","Live",16.1,2002,"AS_2_1_6",36.510595275,31.562810895,41.6628014845455,9.05844858267059,17.3476567757487
"2154","AS",2019,2,1,6,13,"PIPO",1,19.9,"AS_2_1_6_13","Live",19.1,2013,"AS_2_1_6",38.6679909,36.510595275,43.2397959183333,8.26652347113206,62.5281903147366
"2155","AS",2013,2,1,6,14,"PIPO",1,6.4,"AS_2_1_6_14","Live",6.4,2002,"AS_2_1_6",36.510595275,31.562810895,41.6628014845455,9.05844858267059,17.3476567757487
"2156","AS",2019,2,1,6,14,"PIPO",3,NA,"AS_2_1_6_14","Dead",6.4,2013,"AS_2_1_6",38.6679909,36.510595275,43.2397959183333,8.26652347113206,62.5281903147366
"2157","AS",2013,2,1,6,15,"PIPO",1,25.8,"AS_2_1_6_15","Live",22.8,2002,"AS_2_1_6",36.510595275,31.562810895,41.6628014845455,9.05844858267059,17.3476567757487
"2158","AS",2019,2,1,6,15,"PIPO",1,27.3,"AS_2_1_6_15","Live",25.8,2013,"AS_2_1_6",38.6679909,36.510595275,43.2397959183333,8.26652347113206,62.5281903147366
"2159","AS",2013,2,1,6,16,"PIPO",1,7.5,"AS_2_1_6_16","Live",7.4,2002,"AS_2_1_6",36.510595275,31.562810895,41.6628014845455,9.05844858267059,17.3476567757487
"2160","AS",2019,2,1,6,16,"PIPO",2,7.7,"AS_2_1_6_16","Live",7.5,2013,"AS_2_1_6",38.6679909,36.510595275,43.2397959183333,8.26652347113206,62.5281903147366
"2161","AS",2013,2,1,6,17,"PIPO",1,16.2,"AS_2_1_6_17","Live",15.8,2002,"AS_2_1_6",36.510595275,31.562810895,41.6628014845455,9.05844858267059,17.3476567757487
"2162","AS",2019,2,1,6,17,"PIPO",1,16.2,"AS_2_1_6_17","Live",16.2,2013,"AS_2_1_6",38.6679909,36.510595275,43.2397959183333,8.26652347113206,62.5281903147366
"2163","AS",2013,2,1,6,18,"PIPO",1,19.9,"AS_2_1_6_18","Live",19.1,2002,"AS_2_1_6",36.510595275,31.562810895,41.6628014845455,9.05844858267059,17.3476567757487
"2164","AS",2019,2,1,6,18,"PIPO",1,20.4,"AS_2_1_6_18","Live",19.9,2013,"AS_2_1_6",38.6679909,36.510595275,43.2397959183333,8.26652347113206,62.5281903147366
"2165","AS",2013,2,1,6,19,"PIPO",1,12.2,"AS_2_1_6_19","Live",10.9,2002,"AS_2_1_6",36.510595275,31.562810895,41.6628014845455,9.05844858267059,17.3476567757487
"2166","AS",2019,2,1,6,19,"PIPO",1,12.8,"AS_2_1_6_19","Live",12.2,2013,"AS_2_1_6",38.6679909,36.510595275,43.2397959183333,8.26652347113206,62.5281903147366
"2167","AS",2013,2,1,6,2,"PIPO",1,34.4,"AS_2_1_6_2","Live",33.5,2002,"AS_2_1_6",36.510595275,31.562810895,41.6628014845455,9.05844858267059,17.3476567757487
"2168","AS",2019,2,1,6,2,"PIPO",1,35.4,"AS_2_1_6_2","Live",34.4,2013,"AS_2_1_6",38.6679909,36.510595275,43.2397959183333,8.26652347113206,62.5281903147366
"2169","AS",2013,2,1,6,20,"PIPO",1,10,"AS_2_1_6_20","Live",9.3,2002,"AS_2_1_6",36.510595275,31.562810895,41.6628014845455,9.05844858267059,17.3476567757487
"2170","AS",2019,2,1,6,20,"PIPO",1,10.1,"AS_2_1_6_20","Live",10,2013,"AS_2_1_6",38.6679909,36.510595275,43.2397959183333,8.26652347113206,62.5281903147366
"2171","AS",2013,2,1,6,23,"PIPO",1,30.8,"AS_2_1_6_23","Live",29,2002,"AS_2_1_6",36.510595275,31.562810895,41.6628014845455,9.05844858267059,17.3476567757487
"2172","AS",2019,2,1,6,23,"PIPO",1,31.7,"AS_2_1_6_23","Live",30.8,2013,"AS_2_1_6",38.6679909,36.510595275,43.2397959183333,8.26652347113206,62.5281903147366
"2173","AS",2013,2,1,6,24,"PIPO",1,25,"AS_2_1_6_24","Live",22.8,2002,"AS_2_1_6",36.510595275,31.562810895,41.6628014845455,9.05844858267059,17.3476567757487
"2174","AS",2019,2,1,6,24,"PIPO",1,26.1,"AS_2_1_6_24","Live",25,2013,"AS_2_1_6",38.6679909,36.510595275,43.2397959183333,8.26652347113206,62.5281903147366
"2175","AS",2013,2,1,6,25,"PIPO",1,7,"AS_2_1_6_25","Live",7.8,2002,"AS_2_1_6",36.510595275,31.562810895,41.6628014845455,9.05844858267059,17.3476567757487
"2176","AS",2019,2,1,6,25,"PIPO",2,7,"AS_2_1_6_25","Live",7,2013,"AS_2_1_6",38.6679909,36.510595275,43.2397959183333,8.26652347113206,62.5281903147366
"2177","AS",2013,2,1,6,26,"PIPO",1,15.8,"AS_2_1_6_26","Live",13.8,2002,"AS_2_1_6",36.510595275,31.562810895,41.6628014845455,9.05844858267059,17.3476567757487
"2178","AS",2019,2,1,6,26,"PIPO",1,16.2,"AS_2_1_6_26","Live",15.8,2013,"AS_2_1_6",38.6679909,36.510595275,43.2397959183333,8.26652347113206,62.5281903147366
"2179","AS",2013,2,1,6,27,"PIPO",1,14,"AS_2_1_6_27","Live",12.8,2002,"AS_2_1_6",36.510595275,31.562810895,41.6628014845455,9.05844858267059,17.3476567757487
"2180","AS",2019,2,1,6,27,"PIPO",1,14.4,"AS_2_1_6_27","Live",14,2013,"AS_2_1_6",38.6679909,36.510595275,43.2397959183333,8.26652347113206,62.5281903147366
"2181","AS",2013,2,1,6,28,"PIPO",1,5.2,"AS_2_1_6_28","Live",5.1,2002,"AS_2_1_6",36.510595275,31.562810895,41.6628014845455,9.05844858267059,17.3476567757487
"2182","AS",2019,2,1,6,28,"PIPO",3,NA,"AS_2_1_6_28","Dead",5.2,2013,"AS_2_1_6",38.6679909,36.510595275,43.2397959183333,8.26652347113206,62.5281903147366
"2183","AS",2013,2,1,6,29,"PIPO",1,12.2,"AS_2_1_6_29","Live",11.7,2002,"AS_2_1_6",36.510595275,31.562810895,41.6628014845455,9.05844858267059,17.3476567757487
"2184","AS",2019,2,1,6,29,"PIPO",1,12.1,"AS_2_1_6_29","Live",12.2,2013,"AS_2_1_6",38.6679909,36.510595275,43.2397959183333,8.26652347113206,62.5281903147366
"2185","AS",2013,2,1,6,3,"PIPO",1,7.3,"AS_2_1_6_3","Live",6.8,2002,"AS_2_1_6",36.510595275,31.562810895,41.6628014845455,9.05844858267059,17.3476567757487
"2186","AS",2019,2,1,6,3,"PIPO",1,7.3,"AS_2_1_6_3","Live",7.3,2013,"AS_2_1_6",38.6679909,36.510595275,43.2397959183333,8.26652347113206,62.5281903147366
"2187","AS",2013,2,1,6,30,"PIPO",1,20.7,"AS_2_1_6_30","Live",19.2,2002,"AS_2_1_6",36.510595275,31.562810895,41.6628014845455,9.05844858267059,17.3476567757487
"2188","AS",2019,2,1,6,30,"PIPO",1,20.9,"AS_2_1_6_30","Live",20.7,2013,"AS_2_1_6",38.6679909,36.510595275,43.2397959183333,8.26652347113206,62.5281903147366
"2189","AS",2013,2,1,6,31,"PIPO",1,12.6,"AS_2_1_6_31","Live",11.4,2002,"AS_2_1_6",36.510595275,31.562810895,41.6628014845455,9.05844858267059,17.3476567757487
"2190","AS",2019,2,1,6,31,"PIPO",1,13,"AS_2_1_6_31","Live",12.6,2013,"AS_2_1_6",38.6679909,36.510595275,43.2397959183333,8.26652347113206,62.5281903147366
"2191","AS",2013,2,1,6,32,"PIPO",1,7.3,"AS_2_1_6_32","Live",6.4,2002,"AS_2_1_6",36.510595275,31.562810895,41.6628014845455,9.05844858267059,17.3476567757487
"2192","AS",2019,2,1,6,32,"PIPO",1,7.6,"AS_2_1_6_32","Live",7.3,2013,"AS_2_1_6",38.6679909,36.510595275,43.2397959183333,8.26652347113206,62.5281903147366
"2193","AS",2013,2,1,6,33,"PIPO",1,6.9,"AS_2_1_6_33","Live",5.1,2002,"AS_2_1_6",36.510595275,31.562810895,41.6628014845455,9.05844858267059,17.3476567757487
"2194","AS",2019,2,1,6,33,"PIPO",1,7.5,"AS_2_1_6_33","Live",6.9,2013,"AS_2_1_6",38.6679909,36.510595275,43.2397959183333,8.26652347113206,62.5281903147366
"2195","AS",2013,2,1,6,34,"PIPO",1,12.8,"AS_2_1_6_34","Live",10.1,2002,"AS_2_1_6",36.510595275,31.562810895,41.6628014845455,9.05844858267059,17.3476567757487
"2196","AS",2019,2,1,6,34,"PIPO",1,13.7,"AS_2_1_6_34","Live",12.8,2013,"AS_2_1_6",38.6679909,36.510595275,43.2397959183333,8.26652347113206,62.5281903147366
"2197","AS",2013,2,1,6,35,"PIPO",1,35.4,"AS_2_1_6_35","Live",34.1,2002,"AS_2_1_6",36.510595275,31.562810895,41.6628014845455,9.05844858267059,17.3476567757487
"2198","AS",2019,2,1,6,35,"PIPO",1,35.5,"AS_2_1_6_35","Live",35.4,2013,"AS_2_1_6",38.6679909,36.510595275,43.2397959183333,8.26652347113206,62.5281903147366
"2199","AS",2013,2,1,6,36,"PIPO",1,11.5,"AS_2_1_6_36","Live",11,2002,"AS_2_1_6",36.510595275,31.562810895,41.6628014845455,9.05844858267059,17.3476567757487
"2200","AS",2019,2,1,6,36,"PIPO",1,11.9,"AS_2_1_6_36","Live",11.5,2013,"AS_2_1_6",38.6679909,36.510595275,43.2397959183333,8.26652347113206,62.5281903147366
"2201","AS",2013,2,1,6,37,"PIPO",1,12,"AS_2_1_6_37","Live",9.8,2002,"AS_2_1_6",36.510595275,31.562810895,41.6628014845455,9.05844858267059,17.3476567757487
"2202","AS",2019,2,1,6,37,"PIPO",1,13.1,"AS_2_1_6_37","Live",12,2013,"AS_2_1_6",38.6679909,36.510595275,43.2397959183333,8.26652347113206,62.5281903147366
"2203","AS",2013,2,1,6,38,"PIPO",1,13.3,"AS_2_1_6_38","Live",12.4,2002,"AS_2_1_6",36.510595275,31.562810895,41.6628014845455,9.05844858267059,17.3476567757487
"2204","AS",2019,2,1,6,38,"PIPO",1,13.3,"AS_2_1_6_38","Live",13.3,2013,"AS_2_1_6",38.6679909,36.510595275,43.2397959183333,8.26652347113206,62.5281903147366
"2205","AS",2013,2,1,6,39,"PIPO",1,12.2,"AS_2_1_6_39","Live",10.9,2002,"AS_2_1_6",36.510595275,31.562810895,41.6628014845455,9.05844858267059,17.3476567757487
"2206","AS",2019,2,1,6,39,"PIPO",1,12.2,"AS_2_1_6_39","Live",12.2,2013,"AS_2_1_6",38.6679909,36.510595275,43.2397959183333,8.26652347113206,62.5281903147366
"2207","AS",2013,2,1,6,4,"PIPO",1,23.3,"AS_2_1_6_4","Live",21.8,2002,"AS_2_1_6",36.510595275,31.562810895,41.6628014845455,9.05844858267059,17.3476567757487
"2208","AS",2019,2,1,6,4,"PIPO",1,24.3,"AS_2_1_6_4","Live",23.3,2013,"AS_2_1_6",38.6679909,36.510595275,43.2397959183333,8.26652347113206,62.5281903147366
"2209","AS",2013,2,1,6,41,"PIPO",1,15.8,"AS_2_1_6_41","Live",14,2002,"AS_2_1_6",36.510595275,31.562810895,41.6628014845455,9.05844858267059,17.3476567757487
"2210","AS",2019,2,1,6,41,"PIPO",1,16.5,"AS_2_1_6_41","Live",15.8,2013,"AS_2_1_6",38.6679909,36.510595275,43.2397959183333,8.26652347113206,62.5281903147366
"2211","AS",2013,2,1,6,43,"PIPO",1,20.3,"AS_2_1_6_43","Live",18.2,2002,"AS_2_1_6",36.510595275,31.562810895,41.6628014845455,9.05844858267059,17.3476567757487
"2212","AS",2019,2,1,6,43,"PIPO",1,21.8,"AS_2_1_6_43","Live",20.3,2013,"AS_2_1_6",38.6679909,36.510595275,43.2397959183333,8.26652347113206,62.5281903147366
"2213","AS",2013,2,1,6,45,"PIPO",1,33.4,"AS_2_1_6_45","Live",30.8,2002,"AS_2_1_6",36.510595275,31.562810895,41.6628014845455,9.05844858267059,17.3476567757487
"2214","AS",2019,2,1,6,45,"PIPO",1,34.5,"AS_2_1_6_45","Live",33.4,2013,"AS_2_1_6",38.6679909,36.510595275,43.2397959183333,8.26652347113206,62.5281903147366
"2215","AS",2013,2,1,6,46,"PIPO",1,22.4,"AS_2_1_6_46","Live",21.1,2002,"AS_2_1_6",36.510595275,31.562810895,41.6628014845455,9.05844858267059,17.3476567757487
"2216","AS",2019,2,1,6,46,"PIPO",1,23,"AS_2_1_6_46","Live",22.4,2013,"AS_2_1_6",38.6679909,36.510595275,43.2397959183333,8.26652347113206,62.5281903147366
"2217","AS",2013,2,1,6,47,"PIPO",1,24.3,"AS_2_1_6_47","Live",22.2,2002,"AS_2_1_6",36.510595275,31.562810895,41.6628014845455,9.05844858267059,17.3476567757487
"2218","AS",2019,2,1,6,47,"PIPO",1,25.1,"AS_2_1_6_47","Live",24.3,2013,"AS_2_1_6",38.6679909,36.510595275,43.2397959183333,8.26652347113206,62.5281903147366
"2219","AS",2013,2,1,6,48,"PIPO",1,25.5,"AS_2_1_6_48","Live",23.7,2002,"AS_2_1_6",36.510595275,31.562810895,41.6628014845455,9.05844858267059,17.3476567757487
"2220","AS",2019,2,1,6,48,"PIPO",1,26.5,"AS_2_1_6_48","Live",25.5,2013,"AS_2_1_6",38.6679909,36.510595275,43.2397959183333,8.26652347113206,62.5281903147366
"2221","AS",2013,2,1,6,5,"PIPO",1,21.7,"AS_2_1_6_5","Live",20.1,2002,"AS_2_1_6",36.510595275,31.562810895,41.6628014845455,9.05844858267059,17.3476567757487
"2222","AS",2019,2,1,6,5,"PIPO",1,22.6,"AS_2_1_6_5","Live",21.7,2013,"AS_2_1_6",38.6679909,36.510595275,43.2397959183333,8.26652347113206,62.5281903147366
"2223","AS",2013,2,1,6,50,"PIPO",1,35.6,"AS_2_1_6_50","Live",33.9,2002,"AS_2_1_6",36.510595275,31.562810895,41.6628014845455,9.05844858267059,17.3476567757487
"2224","AS",2019,2,1,6,50,"PIPO",1,36.7,"AS_2_1_6_50","Live",35.6,2013,"AS_2_1_6",38.6679909,36.510595275,43.2397959183333,8.26652347113206,62.5281903147366
"2225","AS",2013,2,1,6,51,"PIPO",1,14.5,"AS_2_1_6_51","Live",13.9,2002,"AS_2_1_6",36.510595275,31.562810895,41.6628014845455,9.05844858267059,17.3476567757487
"2226","AS",2019,2,1,6,51,"PIPO",1,15,"AS_2_1_6_51","Live",14.5,2013,"AS_2_1_6",38.6679909,36.510595275,43.2397959183333,8.26652347113206,62.5281903147366
"2227","AS",2013,2,1,6,52,"PIPO",1,29.6,"AS_2_1_6_52","Live",28.5,2002,"AS_2_1_6",36.510595275,31.562810895,41.6628014845455,9.05844858267059,17.3476567757487
"2228","AS",2019,2,1,6,52,"PIPO",2,29.4,"AS_2_1_6_52","Live",29.6,2013,"AS_2_1_6",38.6679909,36.510595275,43.2397959183333,8.26652347113206,62.5281903147366
"2229","AS",2013,2,1,6,53,"PIPO",1,8,"AS_2_1_6_53","Live",7.9,2002,"AS_2_1_6",36.510595275,31.562810895,41.6628014845455,9.05844858267059,17.3476567757487
"2230","AS",2019,2,1,6,53,"PIPO",1,7.9,"AS_2_1_6_53","Live",8,2013,"AS_2_1_6",38.6679909,36.510595275,43.2397959183333,8.26652347113206,62.5281903147366
"2231","AS",2013,2,1,6,54,"PIPO",1,20.2,"AS_2_1_6_54","Live",17.8,2002,"AS_2_1_6",36.510595275,31.562810895,41.6628014845455,9.05844858267059,17.3476567757487
"2232","AS",2019,2,1,6,54,"PIPO",1,21.5,"AS_2_1_6_54","Live",20.2,2013,"AS_2_1_6",38.6679909,36.510595275,43.2397959183333,8.26652347113206,62.5281903147366
"2233","AS",2013,2,1,6,55,"PIPO",1,16.3,"AS_2_1_6_55","Live",13.7,2002,"AS_2_1_6",36.510595275,31.562810895,41.6628014845455,9.05844858267059,17.3476567757487
"2234","AS",2019,2,1,6,55,"PIPO",1,17.4,"AS_2_1_6_55","Live",16.3,2013,"AS_2_1_6",38.6679909,36.510595275,43.2397959183333,8.26652347113206,62.5281903147366
"2235","AS",2013,2,1,6,57,"PIPO",1,12.2,"AS_2_1_6_57","Live",10.5,2002,"AS_2_1_6",36.510595275,31.562810895,41.6628014845455,9.05844858267059,17.3476567757487
"2236","AS",2019,2,1,6,57,"PIPO",1,12.5,"AS_2_1_6_57","Live",12.2,2013,"AS_2_1_6",38.6679909,36.510595275,43.2397959183333,8.26652347113206,62.5281903147366
"2237","AS",2013,2,1,6,6,"PIPO",1,6.6,"AS_2_1_6_6","Live",6.6,2002,"AS_2_1_6",36.510595275,31.562810895,41.6628014845455,9.05844858267059,17.3476567757487
"2238","AS",2019,2,1,6,6,"PIPO",1,6.4,"AS_2_1_6_6","Live",6.6,2013,"AS_2_1_6",38.6679909,36.510595275,43.2397959183333,8.26652347113206,62.5281903147366
"2239","AS",2013,2,1,6,7,"PIPO",1,29.5,"AS_2_1_6_7","Live",27.7,2002,"AS_2_1_6",36.510595275,31.562810895,41.6628014845455,9.05844858267059,17.3476567757487
"2240","AS",2019,2,1,6,7,"PIPO",1,30.5,"AS_2_1_6_7","Live",29.5,2013,"AS_2_1_6",38.6679909,36.510595275,43.2397959183333,8.26652347113206,62.5281903147366
"2241","AS",2013,2,1,6,9,"PIPO",1,11.6,"AS_2_1_6_9","Live",11.6,2002,"AS_2_1_6",36.510595275,31.562810895,41.6628014845455,9.05844858267059,17.3476567757487
"2242","AS",2019,2,1,6,9,"PIPO",2,11.7,"AS_2_1_6_9","Live",11.6,2013,"AS_2_1_6",38.6679909,36.510595275,43.2397959183333,8.26652347113206,62.5281903147366
"2243","AS",2013,2,1,7,1,"PIPO",1,23.1,"AS_2_1_7_1","Live",20.9,2002,"AS_2_1_7",49.00334439,44.921600955,46.9943767572727,9.05844858267059,15.2744849769485
"2244","AS",2019,2,1,7,1,"PIPO",1,23.6,"AS_2_1_7_1","Live",23.1,2013,"AS_2_1_7",50.431456845,49.00334439,47.7457044666667,8.26652347113206,59.927781000502
"2245","AS",2013,2,1,7,11,"PIPO",1,65.9,"AS_2_1_7_11","Live",65.5,2002,"AS_2_1_7",49.00334439,44.921600955,46.9943767572727,9.05844858267059,15.2744849769485
"2246","AS",2019,2,1,7,11,"PIPO",1,65.8,"AS_2_1_7_11","Live",65.9,2013,"AS_2_1_7",50.431456845,49.00334439,47.7457044666667,8.26652347113206,59.927781000502
"2247","AS",2013,2,1,7,12,"PIPO",1,13.8,"AS_2_1_7_12","Live",12.3,2002,"AS_2_1_7",49.00334439,44.921600955,46.9943767572727,9.05844858267059,15.2744849769485
"2248","AS",2019,2,1,7,12,"PIPO",1,14.4,"AS_2_1_7_12","Live",13.8,2013,"AS_2_1_7",50.431456845,49.00334439,47.7457044666667,8.26652347113206,59.927781000502
"2249","AS",2013,2,1,7,13,"PIPO",1,17,"AS_2_1_7_13","Live",16.1,2002,"AS_2_1_7",49.00334439,44.921600955,46.9943767572727,9.05844858267059,15.2744849769485
"2250","AS",2019,2,1,7,13,"PIPO",1,17.4,"AS_2_1_7_13","Live",17,2013,"AS_2_1_7",50.431456845,49.00334439,47.7457044666667,8.26652347113206,59.927781000502
"2251","AS",2013,2,1,7,14,"PIPO",1,11.2,"AS_2_1_7_14","Live",9.8,2002,"AS_2_1_7",49.00334439,44.921600955,46.9943767572727,9.05844858267059,15.2744849769485
"2252","AS",2019,2,1,7,14,"PIPO",1,11.5,"AS_2_1_7_14","Live",11.2,2013,"AS_2_1_7",50.431456845,49.00334439,47.7457044666667,8.26652347113206,59.927781000502
"2253","AS",2013,2,1,7,15,"PIPO",1,20.6,"AS_2_1_7_15","Live",19,2002,"AS_2_1_7",49.00334439,44.921600955,46.9943767572727,9.05844858267059,15.2744849769485
"2254","AS",2019,2,1,7,15,"PIPO",1,21.8,"AS_2_1_7_15","Live",20.6,2013,"AS_2_1_7",50.431456845,49.00334439,47.7457044666667,8.26652347113206,59.927781000502
"2255","AS",2013,2,1,7,19,"PIPO",1,12,"AS_2_1_7_19","Live",11.7,2002,"AS_2_1_7",49.00334439,44.921600955,46.9943767572727,9.05844858267059,15.2744849769485
"2256","AS",2019,2,1,7,19,"PIPO",1,12.3,"AS_2_1_7_19","Live",12,2013,"AS_2_1_7",50.431456845,49.00334439,47.7457044666667,8.26652347113206,59.927781000502
"2257","AS",2013,2,1,7,2,"PIPO",1,11.4,"AS_2_1_7_2","Live",11.3,2002,"AS_2_1_7",49.00334439,44.921600955,46.9943767572727,9.05844858267059,15.2744849769485
"2258","AS",2019,2,1,7,2,"PIPO",1,11.7,"AS_2_1_7_2","Live",11.4,2013,"AS_2_1_7",50.431456845,49.00334439,47.7457044666667,8.26652347113206,59.927781000502
"2259","AS",2013,2,1,7,20,"PIPO",1,17.4,"AS_2_1_7_20","Live",16.2,2002,"AS_2_1_7",49.00334439,44.921600955,46.9943767572727,9.05844858267059,15.2744849769485
"2260","AS",2019,2,1,7,20,"PIPO",1,17.9,"AS_2_1_7_20","Live",17.4,2013,"AS_2_1_7",50.431456845,49.00334439,47.7457044666667,8.26652347113206,59.927781000502
"2261","AS",2013,2,1,7,21,"PIPO",1,5.2,"AS_2_1_7_21","Live",4.5,2002,"AS_2_1_7",49.00334439,44.921600955,46.9943767572727,9.05844858267059,15.2744849769485
"2262","AS",2019,2,1,7,21,"PIPO",1,5.4,"AS_2_1_7_21","Live",5.2,2013,"AS_2_1_7",50.431456845,49.00334439,47.7457044666667,8.26652347113206,59.927781000502
"2263","AS",2013,2,1,7,22,"PIPO",1,15,"AS_2_1_7_22","Live",15.2,2002,"AS_2_1_7",49.00334439,44.921600955,46.9943767572727,9.05844858267059,15.2744849769485
"2264","AS",2013,2,1,7,23,"PIPO",1,38.7,"AS_2_1_7_23","Live",35.6,2002,"AS_2_1_7",49.00334439,44.921600955,46.9943767572727,9.05844858267059,15.2744849769485
"2265","AS",2019,2,1,7,23,"PIPO",1,40.3,"AS_2_1_7_23","Live",38.7,2013,"AS_2_1_7",50.431456845,49.00334439,47.7457044666667,8.26652347113206,59.927781000502
"2266","AS",2013,2,1,7,25,"PIPO",1,16.1,"AS_2_1_7_25","Live",15.4,2002,"AS_2_1_7",49.00334439,44.921600955,46.9943767572727,9.05844858267059,15.2744849769485
"2267","AS",2019,2,1,7,25,"PIPO",1,16.2,"AS_2_1_7_25","Live",16.1,2013,"AS_2_1_7",50.431456845,49.00334439,47.7457044666667,8.26652347113206,59.927781000502
"2268","AS",2013,2,1,7,27,"PIPO",1,14.5,"AS_2_1_7_27","Live",13.8,2002,"AS_2_1_7",49.00334439,44.921600955,46.9943767572727,9.05844858267059,15.2744849769485
"2269","AS",2019,2,1,7,27,"PIPO",1,14.6,"AS_2_1_7_27","Live",14.5,2013,"AS_2_1_7",50.431456845,49.00334439,47.7457044666667,8.26652347113206,59.927781000502
"2270","AS",2013,2,1,7,28,"PIPO",1,33.6,"AS_2_1_7_28","Live",33.6,2002,"AS_2_1_7",49.00334439,44.921600955,46.9943767572727,9.05844858267059,15.2744849769485
"2271","AS",2019,2,1,7,28,"PIPO",1,33.5,"AS_2_1_7_28","Live",33.6,2013,"AS_2_1_7",50.431456845,49.00334439,47.7457044666667,8.26652347113206,59.927781000502
"2272","AS",2013,2,1,7,29,"PIPO",1,16.7,"AS_2_1_7_29","Live",15.8,2002,"AS_2_1_7",49.00334439,44.921600955,46.9943767572727,9.05844858267059,15.2744849769485
"2273","AS",2019,2,1,7,29,"PIPO",1,17,"AS_2_1_7_29","Live",16.7,2013,"AS_2_1_7",50.431456845,49.00334439,47.7457044666667,8.26652347113206,59.927781000502
"2274","AS",2013,2,1,7,30,"PIPO",1,16.9,"AS_2_1_7_30","Live",16.2,2002,"AS_2_1_7",49.00334439,44.921600955,46.9943767572727,9.05844858267059,15.2744849769485
"2275","AS",2019,2,1,7,30,"PIPO",1,16.4,"AS_2_1_7_30","Live",16.9,2013,"AS_2_1_7",50.431456845,49.00334439,47.7457044666667,8.26652347113206,59.927781000502
"2276","AS",2013,2,1,7,31,"PIPO",1,12.6,"AS_2_1_7_31","Live",12.1,2002,"AS_2_1_7",49.00334439,44.921600955,46.9943767572727,9.05844858267059,15.2744849769485
"2277","AS",2019,2,1,7,31,"PIPO",1,12.6,"AS_2_1_7_31","Live",12.6,2013,"AS_2_1_7",50.431456845,49.00334439,47.7457044666667,8.26652347113206,59.927781000502
"2278","AS",2013,2,1,7,32,"PIPO",1,19.8,"AS_2_1_7_32","Live",18.8,2002,"AS_2_1_7",49.00334439,44.921600955,46.9943767572727,9.05844858267059,15.2744849769485
"2279","AS",2019,2,1,7,32,"PIPO",1,21.1,"AS_2_1_7_32","Live",19.8,2013,"AS_2_1_7",50.431456845,49.00334439,47.7457044666667,8.26652347113206,59.927781000502
"2280","AS",2013,2,1,7,33,"PIPO",1,24.9,"AS_2_1_7_33","Live",22.6,2002,"AS_2_1_7",49.00334439,44.921600955,46.9943767572727,9.05844858267059,15.2744849769485
"2281","AS",2019,2,1,7,33,"PIPO",1,26.1,"AS_2_1_7_33","Live",24.9,2013,"AS_2_1_7",50.431456845,49.00334439,47.7457044666667,8.26652347113206,59.927781000502
"2282","AS",2013,2,1,7,34,"PIPO",1,5.3,"AS_2_1_7_34","Live",4.8,2002,"AS_2_1_7",49.00334439,44.921600955,46.9943767572727,9.05844858267059,15.2744849769485
"2283","AS",2019,2,1,7,34,"PIPO",1,5.4,"AS_2_1_7_34","Live",5.3,2013,"AS_2_1_7",50.431456845,49.00334439,47.7457044666667,8.26652347113206,59.927781000502
"2284","AS",2013,2,1,7,35,"PIPO",1,16.6,"AS_2_1_7_35","Live",16.5,2002,"AS_2_1_7",49.00334439,44.921600955,46.9943767572727,9.05844858267059,15.2744849769485
"2285","AS",2019,2,1,7,35,"PIPO",3,NA,"AS_2_1_7_35","Dead",16.6,2013,"AS_2_1_7",50.431456845,49.00334439,47.7457044666667,8.26652347113206,59.927781000502
"2286","AS",2013,2,1,7,36,"PIPO",1,5.7,"AS_2_1_7_36","Live",5.7,2002,"AS_2_1_7",49.00334439,44.921600955,46.9943767572727,9.05844858267059,15.2744849769485
"2287","AS",2019,2,1,7,36,"PIPO",3,NA,"AS_2_1_7_36","Dead",5.7,2013,"AS_2_1_7",50.431456845,49.00334439,47.7457044666667,8.26652347113206,59.927781000502
"2288","AS",2013,2,1,7,37,"PIPO",1,30.8,"AS_2_1_7_37","Live",28.6,2002,"AS_2_1_7",49.00334439,44.921600955,46.9943767572727,9.05844858267059,15.2744849769485
"2289","AS",2019,2,1,7,37,"PIPO",1,31.8,"AS_2_1_7_37","Live",30.8,2013,"AS_2_1_7",50.431456845,49.00334439,47.7457044666667,8.26652347113206,59.927781000502
"2290","AS",2013,2,1,7,38,"PIPO",1,14.5,"AS_2_1_7_38","Live",13.7,2002,"AS_2_1_7",49.00334439,44.921600955,46.9943767572727,9.05844858267059,15.2744849769485
"2291","AS",2019,2,1,7,38,"PIPO",1,14.2,"AS_2_1_7_38","Live",14.5,2013,"AS_2_1_7",50.431456845,49.00334439,47.7457044666667,8.26652347113206,59.927781000502
"2292","AS",2013,2,1,7,39,"PIPO",1,18,"AS_2_1_7_39","Live",17,2002,"AS_2_1_7",49.00334439,44.921600955,46.9943767572727,9.05844858267059,15.2744849769485
"2293","AS",2019,2,1,7,39,"PIPO",1,18.3,"AS_2_1_7_39","Live",18,2013,"AS_2_1_7",50.431456845,49.00334439,47.7457044666667,8.26652347113206,59.927781000502
"2294","AS",2013,2,1,7,4,"PIPO",1,19,"AS_2_1_7_4","Live",17.1,2002,"AS_2_1_7",49.00334439,44.921600955,46.9943767572727,9.05844858267059,15.2744849769485
"2295","AS",2019,2,1,7,4,"PIPO",1,20,"AS_2_1_7_4","Live",19,2013,"AS_2_1_7",50.431456845,49.00334439,47.7457044666667,8.26652347113206,59.927781000502
"2296","AS",2013,2,1,7,43,"PIPO",1,10.8,"AS_2_1_7_43","Live",10.2,2002,"AS_2_1_7",49.00334439,44.921600955,46.9943767572727,9.05844858267059,15.2744849769485
"2297","AS",2019,2,1,7,43,"PIPO",1,10.6,"AS_2_1_7_43","Live",10.8,2013,"AS_2_1_7",50.431456845,49.00334439,47.7457044666667,8.26652347113206,59.927781000502
"2298","AS",2013,2,1,7,44,"PIPO",1,16.6,"AS_2_1_7_44","Live",16.1,2002,"AS_2_1_7",49.00334439,44.921600955,46.9943767572727,9.05844858267059,15.2744849769485
"2299","AS",2019,2,1,7,44,"PIPO",1,16.8,"AS_2_1_7_44","Live",16.6,2013,"AS_2_1_7",50.431456845,49.00334439,47.7457044666667,8.26652347113206,59.927781000502
"2300","AS",2013,2,1,7,45,"PIPO",1,29.2,"AS_2_1_7_45","Live",28.1,2002,"AS_2_1_7",49.00334439,44.921600955,46.9943767572727,9.05844858267059,15.2744849769485
"2301","AS",2019,2,1,7,45,"PIPO",1,30,"AS_2_1_7_45","Live",29.2,2013,"AS_2_1_7",50.431456845,49.00334439,47.7457044666667,8.26652347113206,59.927781000502
"2302","AS",2013,2,1,7,46,"PIPO",1,30.4,"AS_2_1_7_46","Live",27.8,2002,"AS_2_1_7",49.00334439,44.921600955,46.9943767572727,9.05844858267059,15.2744849769485
"2303","AS",2019,2,1,7,46,"PIPO",1,32.6,"AS_2_1_7_46","Live",30.4,2013,"AS_2_1_7",50.431456845,49.00334439,47.7457044666667,8.26652347113206,59.927781000502
"2304","AS",2013,2,1,7,48,"PIPO",1,13.4,"AS_2_1_7_48","Live",13.2,2002,"AS_2_1_7",49.00334439,44.921600955,46.9943767572727,9.05844858267059,15.2744849769485
"2305","AS",2019,2,1,7,48,"PIPO",1,13.7,"AS_2_1_7_48","Live",13.4,2013,"AS_2_1_7",50.431456845,49.00334439,47.7457044666667,8.26652347113206,59.927781000502
"2306","AS",2013,2,1,7,49,"PIPO",1,13.2,"AS_2_1_7_49","Live",12.4,2002,"AS_2_1_7",49.00334439,44.921600955,46.9943767572727,9.05844858267059,15.2744849769485
"2307","AS",2019,2,1,7,49,"PIPO",1,13.7,"AS_2_1_7_49","Live",13.2,2013,"AS_2_1_7",50.431456845,49.00334439,47.7457044666667,8.26652347113206,59.927781000502
"2308","AS",2013,2,1,7,5,"PIPO",1,13.4,"AS_2_1_7_5","Live",13,2002,"AS_2_1_7",49.00334439,44.921600955,46.9943767572727,9.05844858267059,15.2744849769485
"2309","AS",2019,2,1,7,5,"PIPO",1,13.5,"AS_2_1_7_5","Live",13.4,2013,"AS_2_1_7",50.431456845,49.00334439,47.7457044666667,8.26652347113206,59.927781000502
"2310","AS",2013,2,1,7,53,"PIPO",1,16.8,"AS_2_1_7_53","Live",15.9,2002,"AS_2_1_7",49.00334439,44.921600955,46.9943767572727,9.05844858267059,15.2744849769485
"2311","AS",2019,2,1,7,53,"PIPO",1,16.9,"AS_2_1_7_53","Live",16.8,2013,"AS_2_1_7",50.431456845,49.00334439,47.7457044666667,8.26652347113206,59.927781000502
"2312","AS",2013,2,1,7,54,"PIPO",1,16.2,"AS_2_1_7_54","Live",15.5,2002,"AS_2_1_7",49.00334439,44.921600955,46.9943767572727,9.05844858267059,15.2744849769485
"2313","AS",2019,2,1,7,54,"PIPO",1,16.4,"AS_2_1_7_54","Live",16.2,2013,"AS_2_1_7",50.431456845,49.00334439,47.7457044666667,8.26652347113206,59.927781000502
"2314","AS",2013,2,1,7,55,"PIPO",1,34.2,"AS_2_1_7_55","Live",32.5,2002,"AS_2_1_7",49.00334439,44.921600955,46.9943767572727,9.05844858267059,15.2744849769485
"2315","AS",2019,2,1,7,55,"PIPO",1,34.9,"AS_2_1_7_55","Live",34.2,2013,"AS_2_1_7",50.431456845,49.00334439,47.7457044666667,8.26652347113206,59.927781000502
"2316","AS",2013,2,1,7,56,"PIPO",1,15.8,"AS_2_1_7_56","Live",15.1,2002,"AS_2_1_7",49.00334439,44.921600955,46.9943767572727,9.05844858267059,15.2744849769485
"2317","AS",2019,2,1,7,56,"PIPO",1,16.5,"AS_2_1_7_56","Live",15.8,2013,"AS_2_1_7",50.431456845,49.00334439,47.7457044666667,8.26652347113206,59.927781000502
"2318","AS",2013,2,1,7,6,"PIPO",1,6,"AS_2_1_7_6","Live",5,2002,"AS_2_1_7",49.00334439,44.921600955,46.9943767572727,9.05844858267059,15.2744849769485
"2319","AS",2019,2,1,7,6,"PIPO",1,5.3,"AS_2_1_7_6","Live",6,2013,"AS_2_1_7",50.431456845,49.00334439,47.7457044666667,8.26652347113206,59.927781000502
"2320","AS",2013,2,1,7,60,"PIPO",1,11.7,"AS_2_1_7_60","Live",10.4,2002,"AS_2_1_7",49.00334439,44.921600955,46.9943767572727,9.05844858267059,15.2744849769485
"2321","AS",2019,2,1,7,60,"PIPO",1,12.1,"AS_2_1_7_60","Live",11.7,2013,"AS_2_1_7",50.431456845,49.00334439,47.7457044666667,8.26652347113206,59.927781000502
"2322","AS",2013,2,1,7,63,"PIPO",1,20.4,"AS_2_1_7_63","Live",18.1,2002,"AS_2_1_7",49.00334439,44.921600955,46.9943767572727,9.05844858267059,15.2744849769485
"2323","AS",2019,2,1,7,63,"PIPO",1,21.5,"AS_2_1_7_63","Live",20.4,2013,"AS_2_1_7",50.431456845,49.00334439,47.7457044666667,8.26652347113206,59.927781000502
"2324","AS",2013,2,1,7,64,"PIPO",1,19.1,"AS_2_1_7_64","Live",17.7,2002,"AS_2_1_7",49.00334439,44.921600955,46.9943767572727,9.05844858267059,15.2744849769485
"2325","AS",2019,2,1,7,64,"PIPO",1,19.5,"AS_2_1_7_64","Live",19.1,2013,"AS_2_1_7",50.431456845,49.00334439,47.7457044666667,8.26652347113206,59.927781000502
"2326","AS",2013,2,1,7,66,"PIPO",1,23.9,"AS_2_1_7_66","Live",22,2002,"AS_2_1_7",49.00334439,44.921600955,46.9943767572727,9.05844858267059,15.2744849769485
"2327","AS",2019,2,1,7,66,"PIPO",1,25,"AS_2_1_7_66","Live",23.9,2013,"AS_2_1_7",50.431456845,49.00334439,47.7457044666667,8.26652347113206,59.927781000502
"2328","AS",2013,2,1,7,67,"PIPO",1,8,"AS_2_1_7_67","Live",8,2002,"AS_2_1_7",49.00334439,44.921600955,46.9943767572727,9.05844858267059,15.2744849769485
"2329","AS",2019,2,1,7,67,"PIPO",1,8.1,"AS_2_1_7_67","Live",8,2013,"AS_2_1_7",50.431456845,49.00334439,47.7457044666667,8.26652347113206,59.927781000502
"2330","AS",2013,2,1,7,68,"PIPO",1,18.9,"AS_2_1_7_68","Live",17.7,2002,"AS_2_1_7",49.00334439,44.921600955,46.9943767572727,9.05844858267059,15.2744849769485
"2331","AS",2019,2,1,7,68,"PIPO",1,19.2,"AS_2_1_7_68","Live",18.9,2013,"AS_2_1_7",50.431456845,49.00334439,47.7457044666667,8.26652347113206,59.927781000502
"2332","AS",2013,2,1,7,69,"PIPO",1,24,"AS_2_1_7_69","Live",21.3,2002,"AS_2_1_7",49.00334439,44.921600955,46.9943767572727,9.05844858267059,15.2744849769485
"2333","AS",2019,2,1,7,69,"PIPO",1,25.3,"AS_2_1_7_69","Live",24,2013,"AS_2_1_7",50.431456845,49.00334439,47.7457044666667,8.26652347113206,59.927781000502
"2334","AS",2013,2,1,7,71,"PIPO",1,11.1,"AS_2_1_7_71","Live",10.4,2002,"AS_2_1_7",49.00334439,44.921600955,46.9943767572727,9.05844858267059,15.2744849769485
"2335","AS",2019,2,1,7,71,"PIPO",1,11.4,"AS_2_1_7_71","Live",11.1,2013,"AS_2_1_7",50.431456845,49.00334439,47.7457044666667,8.26652347113206,59.927781000502
"2336","AS",2013,2,1,7,72,"PIPO",1,19.2,"AS_2_1_7_72","Live",16.3,2002,"AS_2_1_7",49.00334439,44.921600955,46.9943767572727,9.05844858267059,15.2744849769485
"2337","AS",2019,2,1,7,72,"PIPO",1,20.1,"AS_2_1_7_72","Live",19.2,2013,"AS_2_1_7",50.431456845,49.00334439,47.7457044666667,8.26652347113206,59.927781000502
"2338","AS",2013,2,1,7,73,"PIPO",1,6.8,"AS_2_1_7_73","Live",6.3,2002,"AS_2_1_7",49.00334439,44.921600955,46.9943767572727,9.05844858267059,15.2744849769485
"2339","AS",2019,2,1,7,73,"PIPO",1,6.7,"AS_2_1_7_73","Live",6.8,2013,"AS_2_1_7",50.431456845,49.00334439,47.7457044666667,8.26652347113206,59.927781000502
"2340","AS",2013,2,1,7,74,"PIPO",1,7,"AS_2_1_7_74","Live",5.9,2002,"AS_2_1_7",49.00334439,44.921600955,46.9943767572727,9.05844858267059,15.2744849769485
"2341","AS",2019,2,1,7,74,"PIPO",1,6.9,"AS_2_1_7_74","Live",7,2013,"AS_2_1_7",50.431456845,49.00334439,47.7457044666667,8.26652347113206,59.927781000502
"2342","AS",2013,2,1,7,75,"PIPO",1,18.9,"AS_2_1_7_75","Live",15,2002,"AS_2_1_7",49.00334439,44.921600955,46.9943767572727,9.05844858267059,15.2744849769485
"2343","AS",2019,2,1,7,75,"PIPO",1,21.7,"AS_2_1_7_75","Live",18.9,2013,"AS_2_1_7",50.431456845,49.00334439,47.7457044666667,8.26652347113206,59.927781000502
"2344","AS",2013,2,1,7,76,"PIPO",1,10.7,"AS_2_1_7_76","Live",8.8,2002,"AS_2_1_7",49.00334439,44.921600955,46.9943767572727,9.05844858267059,15.2744849769485
"2345","AS",2019,2,1,7,76,"PIPO",1,11.3,"AS_2_1_7_76","Live",10.7,2013,"AS_2_1_7",50.431456845,49.00334439,47.7457044666667,8.26652347113206,59.927781000502
"2346","AS",2013,2,1,7,77,"PIPO",1,21,"AS_2_1_7_77","Live",17.2,2002,"AS_2_1_7",49.00334439,44.921600955,46.9943767572727,9.05844858267059,15.2744849769485
"2347","AS",2019,2,1,7,77,"PIPO",1,21,"AS_2_1_7_77","Live",21,2013,"AS_2_1_7",50.431456845,49.00334439,47.7457044666667,8.26652347113206,59.927781000502
"2348","AS",2013,2,1,7,78,"PIPO",1,20.5,"AS_2_1_7_78","Live",18.9,2002,"AS_2_1_7",49.00334439,44.921600955,46.9943767572727,9.05844858267059,15.2744849769485
"2349","AS",2019,2,1,7,78,"PIPO",1,20.7,"AS_2_1_7_78","Live",20.5,2013,"AS_2_1_7",50.431456845,49.00334439,47.7457044666667,8.26652347113206,59.927781000502
"2350","AS",2013,2,1,7,79,"PIPO",1,14.9,"AS_2_1_7_79","Live",13.5,2002,"AS_2_1_7",49.00334439,44.921600955,46.9943767572727,9.05844858267059,15.2744849769485
"2351","AS",2019,2,1,7,79,"PIPO",1,16.5,"AS_2_1_7_79","Live",14.9,2013,"AS_2_1_7",50.431456845,49.00334439,47.7457044666667,8.26652347113206,59.927781000502
"2352","AS",2013,2,1,7,8,"PIPO",1,11.6,"AS_2_1_7_8","Live",11.1,2002,"AS_2_1_7",49.00334439,44.921600955,46.9943767572727,9.05844858267059,15.2744849769485
"2353","AS",2019,2,1,7,8,"PIPO",2,10.9,"AS_2_1_7_8","Live",11.6,2013,"AS_2_1_7",50.431456845,49.00334439,47.7457044666667,8.26652347113206,59.927781000502
"2354","AS",2013,2,1,7,80,"PIPO",1,7.6,"AS_2_1_7_80","Live",7,2002,"AS_2_1_7",49.00334439,44.921600955,46.9943767572727,9.05844858267059,15.2744849769485
"2355","AS",2019,2,1,7,80,"PIPO",1,7.6,"AS_2_1_7_80","Live",7.6,2013,"AS_2_1_7",50.431456845,49.00334439,47.7457044666667,8.26652347113206,59.927781000502
"2356","AS",2013,2,1,7,81,"PIPO",1,19.1,"AS_2_1_7_81","Live",17.4,2002,"AS_2_1_7",49.00334439,44.921600955,46.9943767572727,9.05844858267059,15.2744849769485
"2357","AS",2019,2,1,7,81,"PIPO",1,20,"AS_2_1_7_81","Live",19.1,2013,"AS_2_1_7",50.431456845,49.00334439,47.7457044666667,8.26652347113206,59.927781000502
"2358","AS",2013,2,1,7,82,"PIPO",1,1.4,"AS_2_1_7_82","Live",1,2002,"AS_2_1_7",49.00334439,44.921600955,46.9943767572727,9.05844858267059,15.2744849769485
"2359","AS",2019,2,1,7,82,"PIPO",1,2.5,"AS_2_1_7_82","Live",1.4,2013,"AS_2_1_7",50.431456845,49.00334439,47.7457044666667,8.26652347113206,59.927781000502
"2360","AS",2013,2,1,7,84,"PIPO",1,21.4,"AS_2_1_7_84","Live",20.1,2002,"AS_2_1_7",49.00334439,44.921600955,46.9943767572727,9.05844858267059,15.2744849769485
"2361","AS",2019,2,1,7,84,"PIPO",1,22.1,"AS_2_1_7_84","Live",21.4,2013,"AS_2_1_7",50.431456845,49.00334439,47.7457044666667,8.26652347113206,59.927781000502
"2362","AS",2013,2,1,7,86,"PIPO",1,9.4,"AS_2_1_7_86","Live",8.5,2002,"AS_2_1_7",49.00334439,44.921600955,46.9943767572727,9.05844858267059,15.2744849769485
"2363","AS",2019,2,1,7,86,"PIPO",1,9.4,"AS_2_1_7_86","Live",9.4,2013,"AS_2_1_7",50.431456845,49.00334439,47.7457044666667,8.26652347113206,59.927781000502
"2364","AS",2013,2,1,7,87,"PIPO",3,NA,"AS_2_1_7_87","Dead",8.5,2002,"AS_2_1_7",49.00334439,44.921600955,46.9943767572727,9.05844858267059,15.2744849769485
"2365","AS",2013,2,1,7,88,"PIPO",1,22.5,"AS_2_1_7_88","Live",20.8,2002,"AS_2_1_7",49.00334439,44.921600955,46.9943767572727,9.05844858267059,15.2744849769485
"2366","AS",2019,2,1,7,88,"PIPO",1,23,"AS_2_1_7_88","Live",22.5,2013,"AS_2_1_7",50.431456845,49.00334439,47.7457044666667,8.26652347113206,59.927781000502
"2367","AS",2013,2,1,7,9,"PIPO",1,16.4,"AS_2_1_7_9","Live",15.6,2002,"AS_2_1_7",49.00334439,44.921600955,46.9943767572727,9.05844858267059,15.2744849769485
"2368","AS",2019,2,1,7,9,"PIPO",1,16.4,"AS_2_1_7_9","Live",16.4,2013,"AS_2_1_7",50.431456845,49.00334439,47.7457044666667,8.26652347113206,59.927781000502
"2369","AS",2013,2,1,8,10,"PIPO",1,16.6,"AS_2_1_8_10","Live",14.7,2002,"AS_2_1_8",46.60312272,42.09602628,52.9161563836364,9.05844858267059,13.8937551908019
"2370","AS",2019,2,1,8,10,"PIPO",1,17.7,"AS_2_1_8_10","Live",16.6,2013,"AS_2_1_8",48.76407228,46.60312272,49.8894645933333,8.26652347113206,54.9453161688887
"2371","AS",2013,2,1,8,11,"PIPO",1,11.1,"AS_2_1_8_11","Live",9.9,2002,"AS_2_1_8",46.60312272,42.09602628,52.9161563836364,9.05844858267059,13.8937551908019
"2372","AS",2019,2,1,8,11,"PIPO",1,11.6,"AS_2_1_8_11","Live",11.1,2013,"AS_2_1_8",48.76407228,46.60312272,49.8894645933333,8.26652347113206,54.9453161688887
"2373","AS",2013,2,1,8,12,"PIPO",1,13.9,"AS_2_1_8_12","Live",12.3,2002,"AS_2_1_8",46.60312272,42.09602628,52.9161563836364,9.05844858267059,13.8937551908019
"2374","AS",2019,2,1,8,12,"PIPO",1,14.2,"AS_2_1_8_12","Live",13.9,2013,"AS_2_1_8",48.76407228,46.60312272,49.8894645933333,8.26652347113206,54.9453161688887
"2375","AS",2013,2,1,8,13,"PIPO",1,24.2,"AS_2_1_8_13","Live",22.5,2002,"AS_2_1_8",46.60312272,42.09602628,52.9161563836364,9.05844858267059,13.8937551908019
"2376","AS",2019,2,1,8,13,"PIPO",1,23.7,"AS_2_1_8_13","Live",24.2,2013,"AS_2_1_8",48.76407228,46.60312272,49.8894645933333,8.26652347113206,54.9453161688887
"2377","AS",2013,2,1,8,14,"PIPO",1,34.1,"AS_2_1_8_14","Live",31.4,2002,"AS_2_1_8",46.60312272,42.09602628,52.9161563836364,9.05844858267059,13.8937551908019
"2378","AS",2019,2,1,8,14,"PIPO",1,35.4,"AS_2_1_8_14","Live",34.1,2013,"AS_2_1_8",48.76407228,46.60312272,49.8894645933333,8.26652347113206,54.9453161688887
"2379","AS",2013,2,1,8,15,"PIPO",1,69.4,"AS_2_1_8_15","Live",68.8,2002,"AS_2_1_8",46.60312272,42.09602628,52.9161563836364,9.05844858267059,13.8937551908019
"2380","AS",2019,2,1,8,15,"PIPO",1,69,"AS_2_1_8_15","Live",69.4,2013,"AS_2_1_8",48.76407228,46.60312272,49.8894645933333,8.26652347113206,54.9453161688887
"2381","AS",2013,2,1,8,16,"PIPO",1,22.5,"AS_2_1_8_16","Live",21.1,2002,"AS_2_1_8",46.60312272,42.09602628,52.9161563836364,9.05844858267059,13.8937551908019
"2382","AS",2019,2,1,8,16,"PIPO",1,23.2,"AS_2_1_8_16","Live",22.5,2013,"AS_2_1_8",48.76407228,46.60312272,49.8894645933333,8.26652347113206,54.9453161688887
"2383","AS",2013,2,1,8,18,"PIPO",1,28.3,"AS_2_1_8_18","Live",25.9,2002,"AS_2_1_8",46.60312272,42.09602628,52.9161563836364,9.05844858267059,13.8937551908019
"2384","AS",2019,2,1,8,18,"PIPO",1,29.7,"AS_2_1_8_18","Live",28.3,2013,"AS_2_1_8",48.76407228,46.60312272,49.8894645933333,8.26652347113206,54.9453161688887
"2385","AS",2013,2,1,8,19,"PIPO",1,21.2,"AS_2_1_8_19","Live",19,2002,"AS_2_1_8",46.60312272,42.09602628,52.9161563836364,9.05844858267059,13.8937551908019
"2386","AS",2019,2,1,8,19,"PIPO",1,22.2,"AS_2_1_8_19","Live",21.2,2013,"AS_2_1_8",48.76407228,46.60312272,49.8894645933333,8.26652347113206,54.9453161688887
"2387","AS",2013,2,1,8,2,"PIPO",1,16.5,"AS_2_1_8_2","Live",13.9,2002,"AS_2_1_8",46.60312272,42.09602628,52.9161563836364,9.05844858267059,13.8937551908019
"2388","AS",2019,2,1,8,2,"PIPO",1,17.8,"AS_2_1_8_2","Live",16.5,2013,"AS_2_1_8",48.76407228,46.60312272,49.8894645933333,8.26652347113206,54.9453161688887
"2389","AS",2013,2,1,8,20,"PIPO",1,36.9,"AS_2_1_8_20","Live",36.4,2002,"AS_2_1_8",46.60312272,42.09602628,52.9161563836364,9.05844858267059,13.8937551908019
"2390","AS",2019,2,1,8,20,"PIPO",1,37.7,"AS_2_1_8_20","Live",36.9,2013,"AS_2_1_8",48.76407228,46.60312272,49.8894645933333,8.26652347113206,54.9453161688887
"2391","AS",2013,2,1,8,21,"PIPO",1,20.5,"AS_2_1_8_21","Live",19.9,2002,"AS_2_1_8",46.60312272,42.09602628,52.9161563836364,9.05844858267059,13.8937551908019
"2392","AS",2019,2,1,8,21,"PIPO",1,20.8,"AS_2_1_8_21","Live",20.5,2013,"AS_2_1_8",48.76407228,46.60312272,49.8894645933333,8.26652347113206,54.9453161688887
"2393","AS",2013,2,1,8,22,"PIPO",1,6.5,"AS_2_1_8_22","Live",6.5,2002,"AS_2_1_8",46.60312272,42.09602628,52.9161563836364,9.05844858267059,13.8937551908019
"2394","AS",2019,2,1,8,22,"PIPO",1,6.5,"AS_2_1_8_22","Live",6.5,2013,"AS_2_1_8",48.76407228,46.60312272,49.8894645933333,8.26652347113206,54.9453161688887
"2395","AS",2013,2,1,8,23,"PIPO",1,5.1,"AS_2_1_8_23","Live",5.1,2002,"AS_2_1_8",46.60312272,42.09602628,52.9161563836364,9.05844858267059,13.8937551908019
"2396","AS",2019,2,1,8,23,"PIPO",3,NA,"AS_2_1_8_23","Dead",5.1,2013,"AS_2_1_8",48.76407228,46.60312272,49.8894645933333,8.26652347113206,54.9453161688887
"2397","AS",2013,2,1,8,24,"PIPO",1,18.2,"AS_2_1_8_24","Live",17.1,2002,"AS_2_1_8",46.60312272,42.09602628,52.9161563836364,9.05844858267059,13.8937551908019
"2398","AS",2019,2,1,8,24,"PIPO",1,18.7,"AS_2_1_8_24","Live",18.2,2013,"AS_2_1_8",48.76407228,46.60312272,49.8894645933333,8.26652347113206,54.9453161688887
"2399","AS",2013,2,1,8,25,"PIPO",1,13.5,"AS_2_1_8_25","Live",13.4,2002,"AS_2_1_8",46.60312272,42.09602628,52.9161563836364,9.05844858267059,13.8937551908019
"2400","AS",2019,2,1,8,25,"PIPO",1,13.6,"AS_2_1_8_25","Live",13.5,2013,"AS_2_1_8",48.76407228,46.60312272,49.8894645933333,8.26652347113206,54.9453161688887
"2401","AS",2013,2,1,8,27,"PIPO",1,13,"AS_2_1_8_27","Live",12.4,2002,"AS_2_1_8",46.60312272,42.09602628,52.9161563836364,9.05844858267059,13.8937551908019
"2402","AS",2019,2,1,8,27,"PIPO",1,15.2,"AS_2_1_8_27","Live",13,2013,"AS_2_1_8",48.76407228,46.60312272,49.8894645933333,8.26652347113206,54.9453161688887
"2403","AS",2013,2,1,8,29,"PIPO",1,36.1,"AS_2_1_8_29","Live",32.3,2002,"AS_2_1_8",46.60312272,42.09602628,52.9161563836364,9.05844858267059,13.8937551908019
"2404","AS",2019,2,1,8,29,"PIPO",1,37.9,"AS_2_1_8_29","Live",36.1,2013,"AS_2_1_8",48.76407228,46.60312272,49.8894645933333,8.26652347113206,54.9453161688887
"2405","AS",2013,2,1,8,30,"PIPO",1,29.8,"AS_2_1_8_30","Live",25,2002,"AS_2_1_8",46.60312272,42.09602628,52.9161563836364,9.05844858267059,13.8937551908019
"2406","AS",2019,2,1,8,30,"PIPO",1,32.3,"AS_2_1_8_30","Live",29.8,2013,"AS_2_1_8",48.76407228,46.60312272,49.8894645933333,8.26652347113206,54.9453161688887
"2407","AS",2013,2,1,8,33,"PIPO",1,10.8,"AS_2_1_8_33","Live",8.3,2002,"AS_2_1_8",46.60312272,42.09602628,52.9161563836364,9.05844858267059,13.8937551908019
"2408","AS",2019,2,1,8,33,"PIPO",1,11.6,"AS_2_1_8_33","Live",10.8,2013,"AS_2_1_8",48.76407228,46.60312272,49.8894645933333,8.26652347113206,54.9453161688887
"2409","AS",2013,2,1,8,34,"PIPO",1,62.7,"AS_2_1_8_34","Live",62.6,2002,"AS_2_1_8",46.60312272,42.09602628,52.9161563836364,9.05844858267059,13.8937551908019
"2410","AS",2019,2,1,8,34,"PIPO",1,63.5,"AS_2_1_8_34","Live",62.7,2013,"AS_2_1_8",48.76407228,46.60312272,49.8894645933333,8.26652347113206,54.9453161688887
"2411","AS",2013,2,1,8,36,"PIPO",1,62.2,"AS_2_1_8_36","Live",60.2,2002,"AS_2_1_8",46.60312272,42.09602628,52.9161563836364,9.05844858267059,13.8937551908019
"2412","AS",2019,2,1,8,36,"PIPO",1,62.6,"AS_2_1_8_36","Live",62.2,2013,"AS_2_1_8",48.76407228,46.60312272,49.8894645933333,8.26652347113206,54.9453161688887
"2413","AS",2013,2,1,8,39,"PIPO",1,12,"AS_2_1_8_39","Live",9.1,2002,"AS_2_1_8",46.60312272,42.09602628,52.9161563836364,9.05844858267059,13.8937551908019
"2414","AS",2019,2,1,8,39,"PIPO",1,13.2,"AS_2_1_8_39","Live",12,2013,"AS_2_1_8",48.76407228,46.60312272,49.8894645933333,8.26652347113206,54.9453161688887
"2415","AS",2013,2,1,8,4,"PIPO",1,19.1,"AS_2_1_8_4","Live",14.7,2002,"AS_2_1_8",46.60312272,42.09602628,52.9161563836364,9.05844858267059,13.8937551908019
"2416","AS",2019,2,1,8,4,"PIPO",1,20.8,"AS_2_1_8_4","Live",19.1,2013,"AS_2_1_8",48.76407228,46.60312272,49.8894645933333,8.26652347113206,54.9453161688887
"2417","AS",2013,2,1,8,40,"PIPO",1,3.8,"AS_2_1_8_40","Live",3,2002,"AS_2_1_8",46.60312272,42.09602628,52.9161563836364,9.05844858267059,13.8937551908019
"2418","AS",2019,2,1,8,40,"PIPO",1,4.1,"AS_2_1_8_40","Live",3.8,2013,"AS_2_1_8",48.76407228,46.60312272,49.8894645933333,8.26652347113206,54.9453161688887
"2419","AS",2013,2,1,8,41,"PIPO",1,18.6,"AS_2_1_8_41","Live",14.5,2002,"AS_2_1_8",46.60312272,42.09602628,52.9161563836364,9.05844858267059,13.8937551908019
"2420","AS",2019,2,1,8,41,"PIPO",1,20.2,"AS_2_1_8_41","Live",18.6,2013,"AS_2_1_8",48.76407228,46.60312272,49.8894645933333,8.26652347113206,54.9453161688887
"2421","AS",2013,2,1,8,6,"PIPO",1,14.4,"AS_2_1_8_6","Live",12.6,2002,"AS_2_1_8",46.60312272,42.09602628,52.9161563836364,9.05844858267059,13.8937551908019
"2422","AS",2019,2,1,8,6,"PIPO",1,15,"AS_2_1_8_6","Live",14.4,2013,"AS_2_1_8",48.76407228,46.60312272,49.8894645933333,8.26652347113206,54.9453161688887
"2423","AS",2013,2,1,8,7,"PIPO",1,23,"AS_2_1_8_7","Live",20.8,2002,"AS_2_1_8",46.60312272,42.09602628,52.9161563836364,9.05844858267059,13.8937551908019
"2424","AS",2019,2,1,8,7,"PIPO",1,24.1,"AS_2_1_8_7","Live",23,2013,"AS_2_1_8",48.76407228,46.60312272,49.8894645933333,8.26652347113206,54.9453161688887
"2425","AS",2013,2,1,8,8,"PIPO",1,11.9,"AS_2_1_8_8","Live",10.8,2002,"AS_2_1_8",46.60312272,42.09602628,52.9161563836364,9.05844858267059,13.8937551908019
"2426","AS",2019,2,1,8,8,"PIPO",1,12.2,"AS_2_1_8_8","Live",11.9,2013,"AS_2_1_8",48.76407228,46.60312272,49.8894645933333,8.26652347113206,54.9453161688887
"2427","AS",2013,2,1,8,9,"PIPO",1,12.7,"AS_2_1_8_9","Live",11.8,2002,"AS_2_1_8",46.60312272,42.09602628,52.9161563836364,9.05844858267059,13.8937551908019
"2428","AS",2019,2,1,8,9,"PIPO",1,12.9,"AS_2_1_8_9","Live",12.7,2013,"AS_2_1_8",48.76407228,46.60312272,49.8894645933333,8.26652347113206,54.9453161688887
"2429","AS",2013,2,1,9,1,"PIPO",1,8.4,"AS_2_1_9_1","Live",8.3,2002,"AS_2_1_9",34.3444817577839,29.85953355,54.6594441836364,9.05844858267059,15.4198304373825
"2430","AS",2019,2,1,9,1,"PIPO",1,8.7,"AS_2_1_9_1","Live",8.4,2013,"AS_2_1_9",36.7920434426297,34.3444817577839,49.3126079433333,8.26652347113206,58.1936659519402
"2431","AS",2013,2,1,9,10,"PIPO",2,3.8,"AS_2_1_9_10","Live",3.8,2002,"AS_2_1_9",34.3444817577839,29.85953355,54.6594441836364,9.05844858267059,15.4198304373825
"2432","AS",2019,2,1,9,10,"PIPO",3,NA,"AS_2_1_9_10","Dead",3.8,2013,"AS_2_1_9",36.7920434426297,34.3444817577839,49.3126079433333,8.26652347113206,58.1936659519402
"2433","AS",2013,2,1,9,12,"PIPO",2,2.6,"AS_2_1_9_12","Live",2.8,2002,"AS_2_1_9",34.3444817577839,29.85953355,54.6594441836364,9.05844858267059,15.4198304373825
"2434","AS",2019,2,1,9,12,"PIPO",3,NA,"AS_2_1_9_12","Dead",2.6,2013,"AS_2_1_9",36.7920434426297,34.3444817577839,49.3126079433333,8.26652347113206,58.1936659519402
"2435","AS",2013,2,1,9,14,"PIPO",1,8.1,"AS_2_1_9_14","Live",8.2,2002,"AS_2_1_9",34.3444817577839,29.85953355,54.6594441836364,9.05844858267059,15.4198304373825
"2436","AS",2019,2,1,9,14,"PIPO",1,8.1,"AS_2_1_9_14","Live",8.1,2013,"AS_2_1_9",36.7920434426297,34.3444817577839,49.3126079433333,8.26652347113206,58.1936659519402
"2437","AS",2013,2,1,9,17,"PIPO",1,13,"AS_2_1_9_17","Live",12.4,2002,"AS_2_1_9",34.3444817577839,29.85953355,54.6594441836364,9.05844858267059,15.4198304373825
"2438","AS",2019,2,1,9,17,"PIPO",1,13.5,"AS_2_1_9_17","Live",13,2013,"AS_2_1_9",36.7920434426297,34.3444817577839,49.3126079433333,8.26652347113206,58.1936659519402
"2439","AS",2013,2,1,9,19,"PIPO",1,24.2,"AS_2_1_9_19","Live",23.2,2002,"AS_2_1_9",34.3444817577839,29.85953355,54.6594441836364,9.05844858267059,15.4198304373825
"2440","AS",2019,2,1,9,19,"PIPO",1,24.6,"AS_2_1_9_19","Live",24.2,2013,"AS_2_1_9",36.7920434426297,34.3444817577839,49.3126079433333,8.26652347113206,58.1936659519402
"2441","AS",2013,2,1,9,2,"PIPO",1,24.8,"AS_2_1_9_2","Live",22.5,2002,"AS_2_1_9",34.3444817577839,29.85953355,54.6594441836364,9.05844858267059,15.4198304373825
"2442","AS",2019,2,1,9,2,"PIPO",1,26.2,"AS_2_1_9_2","Live",24.8,2013,"AS_2_1_9",36.7920434426297,34.3444817577839,49.3126079433333,8.26652347113206,58.1936659519402
"2443","AS",2013,2,1,9,21,"PIPO",3,NA,"AS_2_1_9_21","Dead",7.1,2002,"AS_2_1_9",34.3444817577839,29.85953355,54.6594441836364,9.05844858267059,15.4198304373825
"2444","AS",2013,2,1,9,22,"PIPO",1,12.6,"AS_2_1_9_22","Live",12,2002,"AS_2_1_9",34.3444817577839,29.85953355,54.6594441836364,9.05844858267059,15.4198304373825
"2445","AS",2019,2,1,9,22,"PIPO",1,13,"AS_2_1_9_22","Live",12.6,2013,"AS_2_1_9",36.7920434426297,34.3444817577839,49.3126079433333,8.26652347113206,58.1936659519402
"2446","AS",2013,2,1,9,24,"PIPO",1,7.4,"AS_2_1_9_24","Live",7.5,2002,"AS_2_1_9",34.3444817577839,29.85953355,54.6594441836364,9.05844858267059,15.4198304373825
"2447","AS",2019,2,1,9,24,"PIPO",3,NA,"AS_2_1_9_24","Dead",7.4,2013,"AS_2_1_9",36.7920434426297,34.3444817577839,49.3126079433333,8.26652347113206,58.1936659519402
"2448","AS",2013,2,1,9,25,"PIPO",1,12.9,"AS_2_1_9_25","Live",12.3,2002,"AS_2_1_9",34.3444817577839,29.85953355,54.6594441836364,9.05844858267059,15.4198304373825
"2449","AS",2019,2,1,9,25,"PIPO",1,12.7,"AS_2_1_9_25","Live",12.9,2013,"AS_2_1_9",36.7920434426297,34.3444817577839,49.3126079433333,8.26652347113206,58.1936659519402
"2450","AS",2013,2,1,9,26,"PIPO",1,7.8,"AS_2_1_9_26","Live",7.8,2002,"AS_2_1_9",34.3444817577839,29.85953355,54.6594441836364,9.05844858267059,15.4198304373825
"2451","AS",2019,2,1,9,26,"PIPO",1,7.8,"AS_2_1_9_26","Live",7.8,2013,"AS_2_1_9",36.7920434426297,34.3444817577839,49.3126079433333,8.26652347113206,58.1936659519402
"2452","AS",2013,2,1,9,28,"PIPO",1,26.1,"AS_2_1_9_28","Live",23.7,2002,"AS_2_1_9",34.3444817577839,29.85953355,54.6594441836364,9.05844858267059,15.4198304373825
"2453","AS",2019,2,1,9,28,"PIPO",1,27.4,"AS_2_1_9_28","Live",26.1,2013,"AS_2_1_9",36.7920434426297,34.3444817577839,49.3126079433333,8.26652347113206,58.1936659519402
"2454","AS",2013,2,1,9,29,"PIPO",1,10.4,"AS_2_1_9_29","Live",9.8,2002,"AS_2_1_9",34.3444817577839,29.85953355,54.6594441836364,9.05844858267059,15.4198304373825
"2455","AS",2019,2,1,9,29,"PIPO",1,10.7,"AS_2_1_9_29","Live",10.4,2013,"AS_2_1_9",36.7920434426297,34.3444817577839,49.3126079433333,8.26652347113206,58.1936659519402
"2456","AS",2013,2,1,9,3,"PIPO",1,22.2,"AS_2_1_9_3","Live",21,2002,"AS_2_1_9",34.3444817577839,29.85953355,54.6594441836364,9.05844858267059,15.4198304373825
"2457","AS",2019,2,1,9,3,"PIPO",1,24,"AS_2_1_9_3","Live",22.2,2013,"AS_2_1_9",36.7920434426297,34.3444817577839,49.3126079433333,8.26652347113206,58.1936659519402
"2458","AS",2013,2,1,9,30,"PIPO",1,21.3,"AS_2_1_9_30","Live",19.2,2002,"AS_2_1_9",34.3444817577839,29.85953355,54.6594441836364,9.05844858267059,15.4198304373825
"2459","AS",2019,2,1,9,30,"PIPO",1,22.9,"AS_2_1_9_30","Live",21.3,2013,"AS_2_1_9",36.7920434426297,34.3444817577839,49.3126079433333,8.26652347113206,58.1936659519402
"2460","AS",2013,2,1,9,31,"PIPO",1,8.7,"AS_2_1_9_31","Live",8.7,2002,"AS_2_1_9",34.3444817577839,29.85953355,54.6594441836364,9.05844858267059,15.4198304373825
"2461","AS",2019,2,1,9,31,"PIPO",1,8.9,"AS_2_1_9_31","Live",8.7,2013,"AS_2_1_9",36.7920434426297,34.3444817577839,49.3126079433333,8.26652347113206,58.1936659519402
"2462","AS",2013,2,1,9,32,"PIPO",1,6.2,"AS_2_1_9_32","Live",5.5,2002,"AS_2_1_9",34.3444817577839,29.85953355,54.6594441836364,9.05844858267059,15.4198304373825
"2463","AS",2019,2,1,9,32,"PIPO",1,6.3,"AS_2_1_9_32","Live",6.2,2013,"AS_2_1_9",36.7920434426297,34.3444817577839,49.3126079433333,8.26652347113206,58.1936659519402
"2464","AS",2013,2,1,9,33,"PIPO",1,6.8,"AS_2_1_9_33","Live",6.4,2002,"AS_2_1_9",34.3444817577839,29.85953355,54.6594441836364,9.05844858267059,15.4198304373825
"2465","AS",2019,2,1,9,33,"PIPO",1,6.9,"AS_2_1_9_33","Live",6.8,2013,"AS_2_1_9",36.7920434426297,34.3444817577839,49.3126079433333,8.26652347113206,58.1936659519402
"2466","AS",2013,2,1,9,35,"PIPO",1,31.9,"AS_2_1_9_35","Live",28.8,2002,"AS_2_1_9",34.3444817577839,29.85953355,54.6594441836364,9.05844858267059,15.4198304373825
"2467","AS",2019,2,1,9,35,"PIPO",1,33.5,"AS_2_1_9_35","Live",31.9,2013,"AS_2_1_9",36.7920434426297,34.3444817577839,49.3126079433333,8.26652347113206,58.1936659519402
"2468","AS",2013,2,1,9,37,"PIPO",1,10.1,"AS_2_1_9_37","Live",9.1,2002,"AS_2_1_9",34.3444817577839,29.85953355,54.6594441836364,9.05844858267059,15.4198304373825
"2469","AS",2019,2,1,9,37,"PIPO",1,10.5,"AS_2_1_9_37","Live",10.1,2013,"AS_2_1_9",36.7920434426297,34.3444817577839,49.3126079433333,8.26652347113206,58.1936659519402
"2470","AS",2013,2,1,9,39,"PIPO",1,19.6,"AS_2_1_9_39","Live",18.4,2002,"AS_2_1_9",34.3444817577839,29.85953355,54.6594441836364,9.05844858267059,15.4198304373825
"2471","AS",2019,2,1,9,39,"PIPO",1,20.1,"AS_2_1_9_39","Live",19.6,2013,"AS_2_1_9",36.7920434426297,34.3444817577839,49.3126079433333,8.26652347113206,58.1936659519402
"2472","AS",2013,2,1,9,4,"PIPO",1,9.4,"AS_2_1_9_4","Live",8.1,2002,"AS_2_1_9",34.3444817577839,29.85953355,54.6594441836364,9.05844858267059,15.4198304373825
"2473","AS",2019,2,1,9,4,"PIPO",1,10.8,"AS_2_1_9_4","Live",9.4,2013,"AS_2_1_9",36.7920434426297,34.3444817577839,49.3126079433333,8.26652347113206,58.1936659519402
"2474","AS",2013,2,1,9,40,"PIPO",1,14.8,"AS_2_1_9_40","Live",12,2002,"AS_2_1_9",34.3444817577839,29.85953355,54.6594441836364,9.05844858267059,15.4198304373825
"2475","AS",2019,2,1,9,40,"PIPO",1,16.2,"AS_2_1_9_40","Live",14.8,2013,"AS_2_1_9",36.7920434426297,34.3444817577839,49.3126079433333,8.26652347113206,58.1936659519402
"2476","AS",2013,2,1,9,41,"PIPO",1,14,"AS_2_1_9_41","Live",12.1,2002,"AS_2_1_9",34.3444817577839,29.85953355,54.6594441836364,9.05844858267059,15.4198304373825
"2477","AS",2019,2,1,9,41,"PIPO",1,14.7,"AS_2_1_9_41","Live",14,2013,"AS_2_1_9",36.7920434426297,34.3444817577839,49.3126079433333,8.26652347113206,58.1936659519402
"2478","AS",2013,2,1,9,42,"PIPO",1,12.4,"AS_2_1_9_42","Live",11.7,2002,"AS_2_1_9",34.3444817577839,29.85953355,54.6594441836364,9.05844858267059,15.4198304373825
"2479","AS",2019,2,1,9,42,"PIPO",1,13,"AS_2_1_9_42","Live",12.4,2013,"AS_2_1_9",36.7920434426297,34.3444817577839,49.3126079433333,8.26652347113206,58.1936659519402
"2480","AS",2013,2,1,9,43,"PIPO",1,28,"AS_2_1_9_43","Live",25.8,2002,"AS_2_1_9",34.3444817577839,29.85953355,54.6594441836364,9.05844858267059,15.4198304373825
"2481","AS",2019,2,1,9,43,"PIPO",1,29.1,"AS_2_1_9_43","Live",28,2013,"AS_2_1_9",36.7920434426297,34.3444817577839,49.3126079433333,8.26652347113206,58.1936659519402
"2482","AS",2013,2,1,9,47,"PIPO",1,7.2,"AS_2_1_9_47","Live",3.3,2002,"AS_2_1_9",34.3444817577839,29.85953355,54.6594441836364,9.05844858267059,15.4198304373825
"2483","AS",2019,2,1,9,47,"PIPO",1,8.9,"AS_2_1_9_47","Live",7.2,2013,"AS_2_1_9",36.7920434426297,34.3444817577839,49.3126079433333,8.26652347113206,58.1936659519402
"2484","AS",2013,2,1,9,48,"PIPO",1,4.8,"AS_2_1_9_48","Live",1.2,2002,"AS_2_1_9",34.3444817577839,29.85953355,54.6594441836364,9.05844858267059,15.4198304373825
"2485","AS",2019,2,1,9,48,"PIPO",1,6.1,"AS_2_1_9_48","Live",4.8,2013,"AS_2_1_9",36.7920434426297,34.3444817577839,49.3126079433333,8.26652347113206,58.1936659519402
"2486","AS",2013,2,1,9,49,"PIPO",1,4.6,"AS_2_1_9_49","Live",2.1,2002,"AS_2_1_9",34.3444817577839,29.85953355,54.6594441836364,9.05844858267059,15.4198304373825
"2487","AS",2019,2,1,9,49,"PIPO",1,5.6,"AS_2_1_9_49","Live",4.6,2013,"AS_2_1_9",36.7920434426297,34.3444817577839,49.3126079433333,8.26652347113206,58.1936659519402
"2488","AS",2013,2,1,9,5,"PIPO",1,8.6,"AS_2_1_9_5","Live",7.3,2002,"AS_2_1_9",34.3444817577839,29.85953355,54.6594441836364,9.05844858267059,15.4198304373825
"2489","AS",2019,2,1,9,5,"PIPO",1,9,"AS_2_1_9_5","Live",8.6,2013,"AS_2_1_9",36.7920434426297,34.3444817577839,49.3126079433333,8.26652347113206,58.1936659519402
"2490","AS",2013,2,1,9,50,"PIPO",1,4.3,"AS_2_1_9_50","Live",0.8,2002,"AS_2_1_9",34.3444817577839,29.85953355,54.6594441836364,9.05844858267059,15.4198304373825
"2491","AS",2019,2,1,9,50,"PIPO",1,4.8,"AS_2_1_9_50","Live",4.3,2013,"AS_2_1_9",36.7920434426297,34.3444817577839,49.3126079433333,8.26652347113206,58.1936659519402
"2492","AS",2013,2,1,9,51,"PIPO",1,6.9,"AS_2_1_9_51","Live",3.9,2002,"AS_2_1_9",34.3444817577839,29.85953355,54.6594441836364,9.05844858267059,15.4198304373825
"2493","AS",2019,2,1,9,51,"PIPO",1,8.2,"AS_2_1_9_51","Live",6.9,2013,"AS_2_1_9",36.7920434426297,34.3444817577839,49.3126079433333,8.26652347113206,58.1936659519402
"2494","AS",2013,2,1,9,52,"PIPO",1,6.2,"AS_2_1_9_52","Live",2.7,2002,"AS_2_1_9",34.3444817577839,29.85953355,54.6594441836364,9.05844858267059,15.4198304373825
"2495","AS",2019,2,1,9,52,"PIPO",1,6.9,"AS_2_1_9_52","Live",6.2,2013,"AS_2_1_9",36.7920434426297,34.3444817577839,49.3126079433333,8.26652347113206,58.1936659519402
"2496","AS",2013,2,1,9,53,"PIPO",1,5,"AS_2_1_9_53","Live",2.9,2002,"AS_2_1_9",34.3444817577839,29.85953355,54.6594441836364,9.05844858267059,15.4198304373825
"2497","AS",2019,2,1,9,53,"PIPO",1,5.8,"AS_2_1_9_53","Live",5,2013,"AS_2_1_9",36.7920434426297,34.3444817577839,49.3126079433333,8.26652347113206,58.1936659519402
"2498","AS",2013,2,1,9,58,"PIPO",1,50.4,"AS_2_1_9_58","Live",51.1,2002,"AS_2_1_9",34.3444817577839,29.85953355,54.6594441836364,9.05844858267059,15.4198304373825
"2499","AS",2019,2,1,9,58,"PIPO",1,51.5,"AS_2_1_9_58","Live",50.4,2013,"AS_2_1_9",36.7920434426297,34.3444817577839,49.3126079433333,8.26652347113206,58.1936659519402
"2500","AS",2013,2,1,9,6,"PIPO",1,19.3,"AS_2_1_9_6","Live",16.8,2002,"AS_2_1_9",34.3444817577839,29.85953355,54.6594441836364,9.05844858267059,15.4198304373825
"2501","AS",2019,2,1,9,6,"PIPO",1,20.4,"AS_2_1_9_6","Live",19.3,2013,"AS_2_1_9",36.7920434426297,34.3444817577839,49.3126079433333,8.26652347113206,58.1936659519402
"2502","AS",2013,2,1,9,60,"PIPO",1,15.1,"AS_2_1_9_60","Live",13,2002,"AS_2_1_9",34.3444817577839,29.85953355,54.6594441836364,9.05844858267059,15.4198304373825
"2503","AS",2019,2,1,9,60,"PIPO",1,15.1,"AS_2_1_9_60","Live",15.1,2013,"AS_2_1_9",36.7920434426297,34.3444817577839,49.3126079433333,8.26652347113206,58.1936659519402
"2504","AS",2013,2,1,9,61,"PIPO",1,4.8,"AS_2_1_9_61","Live",4.8,2002,"AS_2_1_9",34.3444817577839,29.85953355,54.6594441836364,9.05844858267059,15.4198304373825
"2505","AS",2019,2,1,9,61,"PIPO",1,5,"AS_2_1_9_61","Live",4.8,2013,"AS_2_1_9",36.7920434426297,34.3444817577839,49.3126079433333,8.26652347113206,58.1936659519402
"2506","AS",2013,2,1,9,62,"PIPO",1,53.7,"AS_2_1_9_62","Live",51.9,2002,"AS_2_1_9",34.3444817577839,29.85953355,54.6594441836364,9.05844858267059,15.4198304373825
"2507","AS",2019,2,1,9,62,"PIPO",1,54.2,"AS_2_1_9_62","Live",53.7,2013,"AS_2_1_9",36.7920434426297,34.3444817577839,49.3126079433333,8.26652347113206,58.1936659519402
"2508","AS",2013,2,1,9,66,"PIPO",1,44.2,"AS_2_1_9_66","Live",44.4,2002,"AS_2_1_9",34.3444817577839,29.85953355,54.6594441836364,9.05844858267059,15.4198304373825
"2509","AS",2019,2,1,9,66,"PIPO",1,44.5,"AS_2_1_9_66","Live",44.2,2013,"AS_2_1_9",36.7920434426297,34.3444817577839,49.3126079433333,8.26652347113206,58.1936659519402
"2510","AS",2013,2,1,9,67,"PIPO",1,20.2,"AS_2_1_9_67","Live",17.5,2002,"AS_2_1_9",34.3444817577839,29.85953355,54.6594441836364,9.05844858267059,15.4198304373825
"2511","AS",2019,2,1,9,67,"PIPO",1,21.7,"AS_2_1_9_67","Live",20.2,2013,"AS_2_1_9",36.7920434426297,34.3444817577839,49.3126079433333,8.26652347113206,58.1936659519402
"2512","AS",2013,2,1,9,70,"PIPO",1,19.6,"AS_2_1_9_70","Live",17.4,2002,"AS_2_1_9",34.3444817577839,29.85953355,54.6594441836364,9.05844858267059,15.4198304373825
"2513","AS",2019,2,1,9,70,"PIPO",1,20.8,"AS_2_1_9_70","Live",19.6,2013,"AS_2_1_9",36.7920434426297,34.3444817577839,49.3126079433333,8.26652347113206,58.1936659519402
"2514","AS",2019,2,1,9,71,"PIPO",1,2.7,"AS_2_1_9_71","Live",2.4,2013,"AS_2_1_9",36.7920434426297,34.3444817577839,49.3126079433333,8.26652347113206,58.1936659519402
"2515","AS",2013,2,2,10,16,"PIPO",1,44.2,"AS_2_2_10_16","Live",40.2,2002,"AS_2_2_10",8.70941841,29.254363215,27.3966085724545,9.05844858267059,18.3923045862741
"2516","AS",2019,2,2,10,16,"PIPO",1,47.3,"AS_2_2_10_16","Live",44.2,2013,"AS_2_2_10",10.25854137,8.70941841,14.5103626933333,8.26652347113206,76.2558783710216
"2517","AS",2013,2,2,10,17,"PIPO",6,NA,"AS_2_2_10_17","Dead",26.7,2002,"AS_2_2_10",8.70941841,29.254363215,27.3966085724545,9.05844858267059,18.3923045862741
"2518","AS",2013,2,2,10,28,"PIPO",6,NA,"AS_2_2_10_28","Dead",32.5,2002,"AS_2_2_10",8.70941841,29.254363215,27.3966085724545,9.05844858267059,18.3923045862741
"2519","AS",2013,2,2,10,32,"PIPO",1,38.1,"AS_2_2_10_32","Live",32.8,2002,"AS_2_2_10",8.70941841,29.254363215,27.3966085724545,9.05844858267059,18.3923045862741
"2520","AS",2019,2,2,10,32,"PIPO",1,41.3,"AS_2_2_10_32","Live",38.1,2013,"AS_2_2_10",10.25854137,8.70941841,14.5103626933333,8.26652347113206,76.2558783710216
"2521","AS",2013,2,2,10,8,"PIPO",1,32.1,"AS_2_2_10_8","Live",26.5,2002,"AS_2_2_10",8.70941841,29.254363215,27.3966085724545,9.05844858267059,18.3923045862741
"2522","AS",2019,2,2,10,8,"PIPO",1,35.8,"AS_2_2_10_8","Live",32.1,2013,"AS_2_2_10",10.25854137,8.70941841,14.5103626933333,8.26652347113206,76.2558783710216
"2523","AS",2013,2,2,11,17,"PIPO",1,28.4,"AS_2_2_11_17","Live",25.5,2002,"AS_2_2_11",15.932761845,21.032364045,24.4415584409091,9.05844858267059,20.594277845966
"2524","AS",2019,2,2,11,17,"PIPO",1,30.1,"AS_2_2_11_17","Live",28.4,2013,"AS_2_2_11",17.03151681,15.932761845,21.6105442183333,8.26652347113206,68.6776936298787
"2525","AS",2013,2,2,11,18,"PIPO",1,36.3,"AS_2_2_11_18","Live",34.5,2002,"AS_2_2_11",15.932761845,21.032364045,24.4415584409091,9.05844858267059,20.594277845966
"2526","AS",2019,2,2,11,18,"PIPO",1,38.4,"AS_2_2_11_18","Live",36.3,2013,"AS_2_2_11",17.03151681,15.932761845,21.6105442183333,8.26652347113206,68.6776936298787
"2527","AS",2013,2,2,11,2,"PIPO",1,63,"AS_2_2_11_2","Live",63,2002,"AS_2_2_11",15.932761845,21.032364045,24.4415584409091,9.05844858267059,20.594277845966
"2528","AS",2019,2,2,11,2,"PIPO",1,63,"AS_2_2_11_2","Live",63,2013,"AS_2_2_11",17.03151681,15.932761845,21.6105442183333,8.26652347113206,68.6776936298787
"2529","AS",2013,2,2,11,20,"PIPO",1,26.7,"AS_2_2_11_20","Live",24,2002,"AS_2_2_11",15.932761845,21.032364045,24.4415584409091,9.05844858267059,20.594277845966
"2530","AS",2019,2,2,11,20,"PIPO",1,28.3,"AS_2_2_11_20","Live",26.7,2013,"AS_2_2_11",17.03151681,15.932761845,21.6105442183333,8.26652347113206,68.6776936298787
"2531","AS",2013,2,2,11,25,"PIPO",1,31.2,"AS_2_2_11_25","Live",27,2002,"AS_2_2_11",15.932761845,21.032364045,24.4415584409091,9.05844858267059,20.594277845966
"2532","AS",2019,2,2,11,25,"PIPO",1,33.4,"AS_2_2_11_25","Live",31.2,2013,"AS_2_2_11",17.03151681,15.932761845,21.6105442183333,8.26652347113206,68.6776936298787
"2533","AS",2013,2,2,11,9,"PIPO",1,18.3,"AS_2_2_11_9","Live",15.5,2002,"AS_2_2_11",15.932761845,21.032364045,24.4415584409091,9.05844858267059,20.594277845966
"2534","AS",2019,2,2,11,9,"PIPO",1,20.2,"AS_2_2_11_9","Live",18.3,2013,"AS_2_2_11",17.03151681,15.932761845,21.6105442183333,8.26652347113206,68.6776936298787
"2535","AS",2013,2,2,13,11,"PIPO",1,29.2,"AS_2_2_13_11","Live",24.3,2002,"AS_2_2_13",12.30906369,23.786251335,22.9253246745455,9.05844858267059,21.2654640628818
"2536","AS",2019,2,2,13,11,"PIPO",1,31.1,"AS_2_2_13_11","Live",29.2,2013,"AS_2_2_13",14.503294575,12.30906369,18.3452380966667,8.26652347113206,71.6854418231076
"2537","AS",2013,2,2,13,13,"PIPO",1,27.2,"AS_2_2_13_13","Live",22.5,2002,"AS_2_2_13",12.30906369,23.786251335,22.9253246745455,9.05844858267059,21.2654640628818
"2538","AS",2019,2,2,13,13,"PIPO",1,30.4,"AS_2_2_13_13","Live",27.2,2013,"AS_2_2_13",14.503294575,12.30906369,18.3452380966667,8.26652347113206,71.6854418231076
"2539","AS",2013,2,2,13,14,"PIPO",1,24.4,"AS_2_2_13_14","Live",21.6,2002,"AS_2_2_13",12.30906369,23.786251335,22.9253246745455,9.05844858267059,21.2654640628818
"2540","AS",2019,2,2,13,14,"PIPO",1,26.6,"AS_2_2_13_14","Live",24.4,2013,"AS_2_2_13",14.503294575,12.30906369,18.3452380966667,8.26652347113206,71.6854418231076
"2541","AS",2013,2,2,13,15,"PIPO",1,24.6,"AS_2_2_13_15","Live",22.4,2002,"AS_2_2_13",12.30906369,23.786251335,22.9253246745455,9.05844858267059,21.2654640628818
"2542","AS",2019,2,2,13,15,"PIPO",1,26.5,"AS_2_2_13_15","Live",24.6,2013,"AS_2_2_13",14.503294575,12.30906369,18.3452380966667,8.26652347113206,71.6854418231076
"2543","AS",2013,2,2,13,17,"PIPO",1,25.8,"AS_2_2_13_17","Live",21.9,2002,"AS_2_2_13",12.30906369,23.786251335,22.9253246745455,9.05844858267059,21.2654640628818
"2544","AS",2019,2,2,13,17,"PIPO",1,28.1,"AS_2_2_13_17","Live",25.8,2013,"AS_2_2_13",14.503294575,12.30906369,18.3452380966667,8.26652347113206,71.6854418231076
"2545","AS",2013,2,2,13,49,"PIPO",1,35.3,"AS_2_2_13_49","Live",30,2002,"AS_2_2_13",12.30906369,23.786251335,22.9253246745455,9.05844858267059,21.2654640628818
"2546","AS",2019,2,2,13,49,"PIPO",1,38.1,"AS_2_2_13_49","Live",35.3,2013,"AS_2_2_13",14.503294575,12.30906369,18.3452380966667,8.26652347113206,71.6854418231076
"2547","AS",2013,2,2,13,50,"PIPO",1,28.9,"AS_2_2_13_50","Live",25.7,2002,"AS_2_2_13",12.30906369,23.786251335,22.9253246745455,9.05844858267059,21.2654640628818
"2548","AS",2019,2,2,13,50,"PIPO",1,31.3,"AS_2_2_13_50","Live",28.9,2013,"AS_2_2_13",14.503294575,12.30906369,18.3452380966667,8.26652347113206,71.6854418231076
"2549","AS",2013,2,2,13,6,"PIPO",1,27,"AS_2_2_13_6","Live",22.9,2002,"AS_2_2_13",12.30906369,23.786251335,22.9253246745455,9.05844858267059,21.2654640628818
"2550","AS",2019,2,2,13,6,"PIPO",1,29.4,"AS_2_2_13_6","Live",27,2013,"AS_2_2_13",14.503294575,12.30906369,18.3452380966667,8.26652347113206,71.6854418231076
"2551","AS",2013,2,2,14,10,"PIPO",1,28.8,"AS_2_2_14_10","Live",23.9,2002,"AS_2_2_14",10.27354251,30.791862255,29.5612244890909,9.05844858267059,16.4465793147667
"2552","AS",2019,2,2,14,10,"PIPO",1,30.6,"AS_2_2_14_10","Live",28.8,2013,"AS_2_2_14",11.85997197,10.27354251,23.6547619033333,8.26652347113206,75.6441791386181
"2553","AS",2013,2,2,14,19,"PIPO",1,35.4,"AS_2_2_14_19","Live",28.7,2002,"AS_2_2_14",10.27354251,30.791862255,29.5612244890909,9.05844858267059,16.4465793147667
"2554","AS",2019,2,2,14,19,"PIPO",1,38.9,"AS_2_2_14_19","Live",35.4,2013,"AS_2_2_14",11.85997197,10.27354251,23.6547619033333,8.26652347113206,75.6441791386181
"2555","AS",2013,2,2,14,26,"PIPO",1,27.1,"AS_2_2_14_26","Live",20.9,2002,"AS_2_2_14",10.27354251,30.791862255,29.5612244890909,9.05844858267059,16.4465793147667
"2556","AS",2019,2,2,14,26,"PIPO",1,29.7,"AS_2_2_14_26","Live",27.1,2013,"AS_2_2_14",11.85997197,10.27354251,23.6547619033333,8.26652347113206,75.6441791386181
"2557","AS",2013,2,2,14,31,"PIPO",1,35,"AS_2_2_14_31","Live",29,2002,"AS_2_2_14",10.27354251,30.791862255,29.5612244890909,9.05844858267059,16.4465793147667
"2558","AS",2019,2,2,14,31,"PIPO",1,37,"AS_2_2_14_31","Live",35,2013,"AS_2_2_14",11.85997197,10.27354251,23.6547619033333,8.26652347113206,75.6441791386181
"2559","AS",2013,2,2,14,9,"PIPO",1,34.5,"AS_2_2_14_9","Live",30.6,2002,"AS_2_2_14",10.27354251,30.791862255,29.5612244890909,9.05844858267059,16.4465793147667
"2560","AS",2019,2,2,14,9,"PIPO",1,36.6,"AS_2_2_14_9","Live",34.5,2013,"AS_2_2_14",11.85997197,10.27354251,23.6547619033333,8.26652347113206,75.6441791386181
"2561","AS",2013,2,2,16,23,"PIPO",1,28.7,"AS_2_2_16_23","Live",24,2002,"AS_2_2_16",3.54478509,23.184399315,23.8049929329091,9.05844858267059,18.0921256481744
"2562","AS",2019,2,2,16,23,"PIPO",1,31.9,"AS_2_2_16_23","Live",28.7,2013,"AS_2_2_16",4.64980362,3.54478509,16.4870466333333,8.26652347113206,82.9548280920849
"2563","AS",2013,2,2,16,4,"PIPO",1,31.1,"AS_2_2_16_4","Live",24.7,2002,"AS_2_2_16",3.54478509,23.184399315,23.8049929329091,9.05844858267059,18.0921256481744
"2564","AS",2019,2,2,16,4,"PIPO",1,34.9,"AS_2_2_16_4","Live",31.1,2013,"AS_2_2_16",4.64980362,3.54478509,16.4870466333333,8.26652347113206,82.9548280920849
"2565","AS",2013,2,2,16,9,"PIPO",4,NA,"AS_2_2_16_9","Dead",44.5,2002,"AS_2_2_16",3.54478509,23.184399315,23.8049929329091,9.05844858267059,18.0921256481744
"2566","AS",2013,2,2,17,19,"PIPO",1,31,"AS_2_2_17_19","Live",30.2,2002,"AS_2_2_17",5.996784255,29.358664335,26.4194001878182,9.05844858267059,16.7568494413119
"2567","AS",2019,2,2,17,19,"PIPO",1,32.2,"AS_2_2_17_19","Live",31,2013,"AS_2_2_17",6.708356655,5.996784255,13.1778350516667,8.26652347113206,80.2297163904594
"2568","AS",2013,2,2,17,20,"PIPO",1,34.8,"AS_2_2_17_20","Live",29.3,2002,"AS_2_2_17",5.996784255,29.358664335,26.4194001878182,9.05844858267059,16.7568494413119
"2569","AS",2019,2,2,17,20,"PIPO",1,37.5,"AS_2_2_17_20","Live",34.8,2013,"AS_2_2_17",6.708356655,5.996784255,13.1778350516667,8.26652347113206,80.2297163904594
"2570","AS",2013,2,2,17,21,"PIPO",1,29.7,"AS_2_2_17_21","Live",25.6,2002,"AS_2_2_17",5.996784255,29.358664335,26.4194001878182,9.05844858267059,16.7568494413119
"2571","AS",2019,2,2,17,21,"PIPO",1,31.2,"AS_2_2_17_21","Live",29.7,2013,"AS_2_2_17",6.708356655,5.996784255,13.1778350516667,8.26652347113206,80.2297163904594
"2572","AS",2013,2,2,18,21,"PIPO",1,39.3,"AS_2_2_18_21","Live",36.2,2002,"AS_2_2_18",3.032606115,51.39099966,31.3244755232727,9.05844858267059,14.2319524404278
"2573","AS",2019,2,2,18,21,"PIPO",1,42.4,"AS_2_2_18_21","Live",39.3,2013,"AS_2_2_18",3.6312969,3.032606115,11.4247863245,8.26652347113206,81.2179601165386
"2574","AS",2013,2,2,18,4,"PIPO",6,NA,"AS_2_2_18_4","Dead",31.3,2002,"AS_2_2_18",3.032606115,51.39099966,31.3244755232727,9.05844858267059,14.2319524404278
"2575","AS",2013,2,2,19,10,"PIPO",1,36.2,"AS_2_2_19_10","Live",30.4,2002,"AS_2_2_19",20.77712868,35.56903812,39.6873840445455,9.05844858267059,14.8128140182816
"2576","AS",2019,2,2,19,10,"PIPO",1,39.5,"AS_2_2_19_10","Live",36.2,2013,"AS_2_2_19",23.02839924,20.77712868,23.6632653066667,8.26652347113206,64.629493086433
"2577","AS",2013,2,2,19,2,"PIPO",1,42.9,"AS_2_2_19_2","Live",40.7,2002,"AS_2_2_19",20.77712868,35.56903812,39.6873840445455,9.05844858267059,14.8128140182816
"2578","AS",2019,2,2,19,2,"PIPO",1,45,"AS_2_2_19_2","Live",42.9,2013,"AS_2_2_19",23.02839924,20.77712868,23.6632653066667,8.26652347113206,64.629493086433
"2579","AS",2013,2,2,19,27,"PIPO",1,35.1,"AS_2_2_19_27","Live",30.8,2002,"AS_2_2_19",20.77712868,35.56903812,39.6873840445455,9.05844858267059,14.8128140182816
"2580","AS",2019,2,2,19,27,"PIPO",1,37.7,"AS_2_2_19_27","Live",35.1,2013,"AS_2_2_19",23.02839924,20.77712868,23.6632653066667,8.26652347113206,64.629493086433
"2581","AS",2013,2,2,19,34,"PIPO",1,46.1,"AS_2_2_19_34","Live",42.1,2002,"AS_2_2_19",20.77712868,35.56903812,39.6873840445455,9.05844858267059,14.8128140182816
"2582","AS",2019,2,2,19,34,"PIPO",1,48,"AS_2_2_19_34","Live",46.1,2013,"AS_2_2_19",23.02839924,20.77712868,23.6632653066667,8.26652347113206,64.629493086433
"2583","AS",2013,2,2,19,37,"PIPO",1,38.9,"AS_2_2_19_37","Live",36.1,2002,"AS_2_2_19",20.77712868,35.56903812,39.6873840445455,9.05844858267059,14.8128140182816
"2584","AS",2019,2,2,19,37,"PIPO",1,40.5,"AS_2_2_19_37","Live",38.9,2013,"AS_2_2_19",23.02839924,20.77712868,23.6632653066667,8.26652347113206,64.629493086433
"2585","AS",2013,2,2,19,39,"PIPO",1,40.6,"AS_2_2_19_39","Live",38.1,2002,"AS_2_2_19",20.77712868,35.56903812,39.6873840445455,9.05844858267059,14.8128140182816
"2586","AS",2019,2,2,19,39,"PIPO",1,42.4,"AS_2_2_19_39","Live",40.6,2013,"AS_2_2_19",23.02839924,20.77712868,23.6632653066667,8.26652347113206,64.629493086433
"2587","AS",2013,2,2,19,6,"PIPO",1,30.2,"AS_2_2_19_6","Live",27.2,2002,"AS_2_2_19",20.77712868,35.56903812,39.6873840445455,9.05844858267059,14.8128140182816
"2588","AS",2019,2,2,19,6,"PIPO",1,31.3,"AS_2_2_19_6","Live",30.2,2013,"AS_2_2_19",23.02839924,20.77712868,23.6632653066667,8.26652347113206,64.629493086433
"2589","AS",2013,2,2,1,18,"PIPO",1,32.1,"AS_2_2_1_18","Live",29.9,2002,"AS_2_2_1",12.79126002,29.87123601,30.9594912854545,9.05844858267059,17.3858861278003
"2590","AS",2019,2,2,1,18,"PIPO",1,36.7,"AS_2_2_1_18","Live",32.1,2013,"AS_2_2_1",15.00993648,12.79126002,16.6243523316667,8.26652347113206,75.2320826218344
"2591","AS",2013,2,2,1,19,"PIPO",1,30.4,"AS_2_2_1_19","Live",26.1,2002,"AS_2_2_1",12.79126002,29.87123601,30.9594912854545,9.05844858267059,17.3858861278003
"2592","AS",2019,2,2,1,19,"PIPO",1,33.8,"AS_2_2_1_19","Live",30.4,2013,"AS_2_2_1",15.00993648,12.79126002,16.6243523316667,8.26652347113206,75.2320826218344
"2593","AS",2013,2,2,1,25,"PIPO",1,43.5,"AS_2_2_1_25","Live",39.7,2002,"AS_2_2_1",12.79126002,29.87123601,30.9594912854545,9.05844858267059,17.3858861278003
"2594","AS",2019,2,2,1,25,"PIPO",1,46.3,"AS_2_2_1_25","Live",43.5,2013,"AS_2_2_1",15.00993648,12.79126002,16.6243523316667,8.26652347113206,75.2320826218344
"2595","AS",2013,2,2,1,27,"PIPO",1,34.5,"AS_2_2_1_27","Live",30,2002,"AS_2_2_1",12.79126002,29.87123601,30.9594912854545,9.05844858267059,17.3858861278003
"2596","AS",2019,2,2,1,27,"PIPO",1,37.1,"AS_2_2_1_27","Live",34.5,2013,"AS_2_2_1",15.00993648,12.79126002,16.6243523316667,8.26652347113206,75.2320826218344
"2597","AS",2013,2,2,1,28,"PIPO",1,24.4,"AS_2_2_1_28","Live",22.5,2002,"AS_2_2_1",12.79126002,29.87123601,30.9594912854545,9.05844858267059,17.3858861278003
"2598","AS",2019,2,2,1,28,"PIPO",1,25.6,"AS_2_2_1_28","Live",24.4,2013,"AS_2_2_1",15.00993648,12.79126002,16.6243523316667,8.26652347113206,75.2320826218344
"2599","AS",2013,2,2,1,4,"PIPO",1,29.7,"AS_2_2_1_4","Live",25.9,2002,"AS_2_2_1",12.79126002,29.87123601,30.9594912854545,9.05844858267059,17.3858861278003
"2600","AS",2019,2,2,1,4,"PIPO",1,31.3,"AS_2_2_1_4","Live",29.7,2013,"AS_2_2_1",15.00993648,12.79126002,16.6243523316667,8.26652347113206,75.2320826218344
"2601","AS",2013,2,2,20,17,"PIPO",1,35.1,"AS_2_2_20_17","Live",33,2002,"AS_2_2_20",7.22744715,27.89866464,27.4023310036364,9.05844858267059,16.1789479022104
"2602","AS",2019,2,2,20,17,"PIPO",1,37.1,"AS_2_2_20_17","Live",35.1,2013,"AS_2_2_20",8.185026465,7.22744715,22.1316239333333,8.26652347113206,75.0711088228252
"2603","AS",2013,2,2,20,19,"PIPO",1,38,"AS_2_2_20_19","Live",32.9,2002,"AS_2_2_20",7.22744715,27.89866464,27.4023310036364,9.05844858267059,16.1789479022104
"2604","AS",2019,2,2,20,19,"PIPO",1,40.7,"AS_2_2_20_19","Live",38,2013,"AS_2_2_20",8.185026465,7.22744715,22.1316239333333,8.26652347113206,75.0711088228252
"2605","AS",2013,2,2,20,20,"PIPO",1,31.7,"AS_2_2_20_20","Live",28.2,2002,"AS_2_2_20",7.22744715,27.89866464,27.4023310036364,9.05844858267059,16.1789479022104
"2606","AS",2019,2,2,20,20,"PIPO",1,33.7,"AS_2_2_20_20","Live",31.7,2013,"AS_2_2_20",8.185026465,7.22744715,22.1316239333333,8.26652347113206,75.0711088228252
"2607","AS",2013,2,2,2,3,"PIPO",1,28.3,"AS_2_2_2_3","Live",25,2002,"AS_2_2_2",2.73197463,30.0297055814321,30.828959701,9.05844858267059,16.9385331685953
"2608","AS",2019,2,2,2,3,"PIPO",1,31.1,"AS_2_2_2_3","Live",28.3,2013,"AS_2_2_2",3.384858015,2.73197463,10.7465635736667,8.26652347113206,84.9821598842116
"2609","AS",2013,2,2,2,4,"PIPO",1,24.3,"AS_2_2_2_4","Live",21.5,2002,"AS_2_2_2",2.73197463,30.0297055814321,30.828959701,9.05844858267059,16.9385331685953
"2610","AS",2019,2,2,2,4,"PIPO",1,25.9,"AS_2_2_2_4","Live",24.3,2013,"AS_2_2_2",3.384858015,2.73197463,10.7465635736667,8.26652347113206,84.9821598842116
"2611","AS",2013,2,2,3,16,"PIPO",1,50.5,"AS_2_2_3_16","Live",46.4,2002,"AS_2_2_3",13.20237765,39.23073,32.864335665,9.05844858267059,17.1270605834692
"2612","AS",2019,2,2,3,16,"PIPO",1,54.2,"AS_2_2_3_16","Live",50.5,2013,"AS_2_2_3",15.086218455,13.20237765,11.2572649568333,8.26652347113206,72.8270426967279
"2613","AS",2013,2,2,3,43,"PIPO",1,43.3,"AS_2_2_3_43","Live",37.4,2002,"AS_2_2_3",13.20237765,39.23073,32.864335665,9.05844858267059,17.1270605834692
"2614","AS",2019,2,2,3,43,"PIPO",1,45.9,"AS_2_2_3_43","Live",43.3,2013,"AS_2_2_3",15.086218455,13.20237765,11.2572649568333,8.26652347113206,72.8270426967279
"2615","AS",2013,2,2,3,44,"PIPO",1,37.4,"AS_2_2_3_44","Live",32,2002,"AS_2_2_3",13.20237765,39.23073,32.864335665,9.05844858267059,17.1270605834692
"2616","AS",2019,2,2,3,44,"PIPO",1,39.2,"AS_2_2_3_44","Live",37.4,2013,"AS_2_2_3",15.086218455,13.20237765,11.2572649568333,8.26652347113206,72.8270426967279
"2617","AS",2013,2,2,3,9,"PIPO",1,30,"AS_2_2_3_9","Live",26.2,2002,"AS_2_2_3",13.20237765,39.23073,32.864335665,9.05844858267059,17.1270605834692
"2618","AS",2019,2,2,3,9,"PIPO",1,33.2,"AS_2_2_3_9","Live",30,2013,"AS_2_2_3",15.086218455,13.20237765,11.2572649568333,8.26652347113206,72.8270426967279
"2619","AS",2013,2,2,4,10,"PIPO",1,32.3,"AS_2_2_4_10","Live",30.9,2002,"AS_2_2_4",5.043112305,23.05164708,31.58467928,9.05844858267059,18.9782516152114
"2620","AS",2019,2,2,4,10,"PIPO",1,34.5,"AS_2_2_4_10","Live",32.3,2013,"AS_2_2_4",5.84043075,5.043112305,21.033840945,8.26652347113206,81.0863806823015
"2621","AS",2013,2,2,4,2,"PIPO",1,26.7,"AS_2_2_4_2","Live",24.2,2002,"AS_2_2_4",5.043112305,23.05164708,31.58467928,9.05844858267059,18.9782516152114
"2622","AS",2019,2,2,4,2,"PIPO",1,28.8,"AS_2_2_4_2","Live",26.7,2013,"AS_2_2_4",5.84043075,5.043112305,21.033840945,8.26652347113206,81.0863806823015
"2623","AS",2013,2,2,4,24,"PIPO",3,NA,"AS_2_2_4_24","Dead",17.4,2002,"AS_2_2_4",5.043112305,23.05164708,31.58467928,9.05844858267059,18.9782516152114
"2624","AS",2013,2,2,4,3,"PIPO",1,28.5,"AS_2_2_4_3","Live",25,2002,"AS_2_2_4",5.043112305,23.05164708,31.58467928,9.05844858267059,18.9782516152114
"2625","AS",2019,2,2,4,3,"PIPO",1,30.9,"AS_2_2_4_3","Live",28.5,2013,"AS_2_2_4",5.84043075,5.043112305,21.033840945,8.26652347113206,81.0863806823015
"2626","AS",2013,2,2,5,19,"PIPO",1,31.3,"AS_2_2_5_19","Live",27.7,2002,"AS_2_2_5",22.14019038,29.89420896,32.1841255172727,9.05844858267059,15.9257177824695
"2627","AS",2019,2,2,5,19,"PIPO",1,33.9,"AS_2_2_5_19","Live",31.3,2013,"AS_2_2_5",23.03201208,22.14019038,26.97461929,8.26652347113206,63.8007131915024
"2628","AS",2013,2,2,5,2,"PIPO",1,58.5,"AS_2_2_5_2","Live",58.2,2002,"AS_2_2_5",22.14019038,29.89420896,32.1841255172727,9.05844858267059,15.9257177824695
"2629","AS",2019,2,2,5,2,"PIPO",1,58.7,"AS_2_2_5_2","Live",58.5,2013,"AS_2_2_5",23.03201208,22.14019038,26.97461929,8.26652347113206,63.8007131915024
"2630","AS",2013,2,2,5,26,"PIPO",1,21.6,"AS_2_2_5_26","Live",18.7,2002,"AS_2_2_5",22.14019038,29.89420896,32.1841255172727,9.05844858267059,15.9257177824695
"2631","AS",2019,2,2,5,26,"PIPO",1,23.2,"AS_2_2_5_26","Live",21.6,2013,"AS_2_2_5",23.03201208,22.14019038,26.97461929,8.26652347113206,63.8007131915024
"2632","AS",2013,2,2,5,29,"PIPO",1,28.9,"AS_2_2_5_29","Live",24.6,2002,"AS_2_2_5",22.14019038,29.89420896,32.1841255172727,9.05844858267059,15.9257177824695
"2633","AS",2019,2,2,5,29,"PIPO",1,31.7,"AS_2_2_5_29","Live",28.9,2013,"AS_2_2_5",23.03201208,22.14019038,26.97461929,8.26652347113206,63.8007131915024
"2634","AS",2013,2,2,5,3,"PIPO",1,45.6,"AS_2_2_5_3","Live",44.7,2002,"AS_2_2_5",22.14019038,29.89420896,32.1841255172727,9.05844858267059,15.9257177824695
"2635","AS",2019,2,2,5,3,"PIPO",1,44.9,"AS_2_2_5_3","Live",45.6,2013,"AS_2_2_5",23.03201208,22.14019038,26.97461929,8.26652347113206,63.8007131915024
"2636","AS",2013,2,2,5,4,"PIPO",1,59.1,"AS_2_2_5_4","Live",58.8,2002,"AS_2_2_5",22.14019038,29.89420896,32.1841255172727,9.05844858267059,15.9257177824695
"2637","AS",2019,2,2,5,4,"PIPO",1,59.8,"AS_2_2_5_4","Live",59.1,2013,"AS_2_2_5",23.03201208,22.14019038,26.97461929,8.26652347113206,63.8007131915024
"2638","AS",2013,2,2,6,12,"PIPO",1,26,"AS_2_2_6_12","Live",25,2002,"AS_2_2_6",9.179146515,17.89207959,27.9577922081818,9.05844858267059,22.560276648912
"2639","AS",2019,2,2,6,12,"PIPO",1,28.7,"AS_2_2_6_12","Live",26,2013,"AS_2_2_6",10.592434545,9.179146515,19.92687075,8.26652347113206,73.9688348196886
"2640","AS",2013,2,2,6,14,"PIPO",1,20.6,"AS_2_2_6_14","Live",16.3,2002,"AS_2_2_6",9.179146515,17.89207959,27.9577922081818,9.05844858267059,22.560276648912
"2641","AS",2019,2,2,6,14,"PIPO",1,22.1,"AS_2_2_6_14","Live",20.6,2013,"AS_2_2_6",10.592434545,9.179146515,19.92687075,8.26652347113206,73.9688348196886
"2642","AS",2013,2,2,6,18,"PIPO",1,19.8,"AS_2_2_6_18","Live",17.2,2002,"AS_2_2_6",9.179146515,17.89207959,27.9577922081818,9.05844858267059,22.560276648912
"2643","AS",2019,2,2,6,18,"PIPO",1,20.3,"AS_2_2_6_18","Live",19.8,2013,"AS_2_2_6",10.592434545,9.179146515,19.92687075,8.26652347113206,73.9688348196886
"2644","AS",2013,2,2,6,19,"PIPO",1,29.2,"AS_2_2_6_19","Live",23.1,2002,"AS_2_2_6",9.179146515,17.89207959,27.9577922081818,9.05844858267059,22.560276648912
"2645","AS",2019,2,2,6,19,"PIPO",1,30.8,"AS_2_2_6_19","Live",29.2,2013,"AS_2_2_6",10.592434545,9.179146515,19.92687075,8.26652347113206,73.9688348196886
"2646","AS",2013,2,2,6,25,"PIPO",1,17,"AS_2_2_6_25","Live",16,2002,"AS_2_2_6",9.179146515,17.89207959,27.9577922081818,9.05844858267059,22.560276648912
"2647","AS",2019,2,2,6,25,"PIPO",1,17.8,"AS_2_2_6_25","Live",17,2013,"AS_2_2_6",10.592434545,9.179146515,19.92687075,8.26652347113206,73.9688348196886
"2648","AS",2013,2,2,6,45,"PIPO",1,34.3,"AS_2_2_6_45","Live",28.4,2002,"AS_2_2_6",9.179146515,17.89207959,27.9577922081818,9.05844858267059,22.560276648912
"2649","AS",2019,2,2,6,45,"PIPO",1,38,"AS_2_2_6_45","Live",34.3,2013,"AS_2_2_6",10.592434545,9.179146515,19.92687075,8.26652347113206,73.9688348196886
"2650","AS",2013,2,2,6,53,"PIPO",1,29.4,"AS_2_2_6_53","Live",26.7,2002,"AS_2_2_6",9.179146515,17.89207959,27.9577922081818,9.05844858267059,22.560276648912
"2651","AS",2019,2,2,6,53,"PIPO",1,31,"AS_2_2_6_53","Live",29.4,2013,"AS_2_2_6",10.592434545,9.179146515,19.92687075,8.26652347113206,73.9688348196886
"2652","AS",2013,2,2,7,18,"PIPO",1,32.9,"AS_2_2_7_18","Live",28.5,2002,"AS_2_2_7",12.485327085,33.601984185,29.4770384245455,9.05844858267059,16.7822898637128
"2653","AS",2019,2,2,7,18,"PIPO",1,35.2,"AS_2_2_7_18","Live",32.9,2013,"AS_2_2_7",14.119469595,12.485327085,17.16838488,8.26652347113206,73.4703531157933
"2654","AS",2013,2,2,7,25,"PIPO",1,37.7,"AS_2_2_7_25","Live",31.9,2002,"AS_2_2_7",12.485327085,33.601984185,29.4770384245455,9.05844858267059,16.7822898637128
"2655","AS",2019,2,2,7,25,"PIPO",1,40.8,"AS_2_2_7_25","Live",37.7,2013,"AS_2_2_7",14.119469595,12.485327085,17.16838488,8.26652347113206,73.4703531157933
"2656","AS",2013,2,2,7,27,"PIPO",1,34.9,"AS_2_2_7_27","Live",31.8,2002,"AS_2_2_7",12.485327085,33.601984185,29.4770384245455,9.05844858267059,16.7822898637128
"2657","AS",2019,2,2,7,27,"PIPO",1,37.3,"AS_2_2_7_27","Live",34.9,2013,"AS_2_2_7",14.119469595,12.485327085,17.16838488,8.26652347113206,73.4703531157933
"2658","AS",2013,2,2,7,30,"PIPO",1,37.2,"AS_2_2_7_30","Live",32.8,2002,"AS_2_2_7",12.485327085,33.601984185,29.4770384245455,9.05844858267059,16.7822898637128
"2659","AS",2019,2,2,7,30,"PIPO",1,40,"AS_2_2_7_30","Live",37.2,2013,"AS_2_2_7",14.119469595,12.485327085,17.16838488,8.26652347113206,73.4703531157933
"2660","AS",2013,2,2,7,5,"PIPO",1,35.4,"AS_2_2_7_5","Live",32.5,2002,"AS_2_2_7",12.485327085,33.601984185,29.4770384245455,9.05844858267059,16.7822898637128
"2661","AS",2019,2,2,7,5,"PIPO",1,36,"AS_2_2_7_5","Live",35.4,2013,"AS_2_2_7",14.119469595,12.485327085,17.16838488,8.26652347113206,73.4703531157933
"2662","AS",2013,2,2,8,1,"PIPO",1,35,"AS_2_2_8_1","Live",33.3,2002,"AS_2_2_8",19.749845115,24.46022271,29.695713613,9.05844858267059,17.0955052380817
"2663","AS",2019,2,2,8,1,"PIPO",1,36.2,"AS_2_2_8_1","Live",35,2013,"AS_2_2_8",22.69071651,19.749845115,13.3264248711667,8.26652347113206,65.9297588043624
"2664","AS",2013,2,2,8,10,"PIPO",1,42.5,"AS_2_2_8_10","Live",40.3,2002,"AS_2_2_8",19.749845115,24.46022271,29.695713613,9.05844858267059,17.0955052380817
"2665","AS",2019,2,2,8,10,"PIPO",1,45.4,"AS_2_2_8_10","Live",42.5,2013,"AS_2_2_8",22.69071651,19.749845115,13.3264248711667,8.26652347113206,65.9297588043624
"2666","AS",2013,2,2,8,11,"PIPO",1,29.8,"AS_2_2_8_11","Live",29.6,2002,"AS_2_2_8",19.749845115,24.46022271,29.695713613,9.05844858267059,17.0955052380817
"2667","AS",2019,2,2,8,11,"PIPO",1,30.9,"AS_2_2_8_11","Live",29.8,2013,"AS_2_2_8",22.69071651,19.749845115,13.3264248711667,8.26652347113206,65.9297588043624
"2668","AS",2013,2,2,8,13,"PIPO",1,38.1,"AS_2_2_8_13","Live",36.2,2002,"AS_2_2_8",19.749845115,24.46022271,29.695713613,9.05844858267059,17.0955052380817
"2669","AS",2019,2,2,8,13,"PIPO",1,39.7,"AS_2_2_8_13","Live",38.1,2013,"AS_2_2_8",22.69071651,19.749845115,13.3264248711667,8.26652347113206,65.9297588043624
"2670","AS",2013,2,2,8,14,"PIPO",1,34.3,"AS_2_2_8_14","Live",33,2002,"AS_2_2_8",19.749845115,24.46022271,29.695713613,9.05844858267059,17.0955052380817
"2671","AS",2019,2,2,8,14,"PIPO",1,36.1,"AS_2_2_8_14","Live",34.3,2013,"AS_2_2_8",22.69071651,19.749845115,13.3264248711667,8.26652347113206,65.9297588043624
"2672","AS",2013,2,2,8,15,"PIPO",1,3.5,"AS_2_2_8_15","Live",3.5,2002,"AS_2_2_8",19.749845115,24.46022271,29.695713613,9.05844858267059,17.0955052380817
"2673","AS",2019,2,2,8,15,"PIPO",1,4.2,"AS_2_2_8_15","Live",3.5,2013,"AS_2_2_8",22.69071651,19.749845115,13.3264248711667,8.26652347113206,65.9297588043624
"2674","AS",2013,2,2,8,17,"PIPO",1,33,"AS_2_2_8_17","Live",30.4,2002,"AS_2_2_8",19.749845115,24.46022271,29.695713613,9.05844858267059,17.0955052380817
"2675","AS",2019,2,2,8,17,"PIPO",1,34.9,"AS_2_2_8_17","Live",33,2013,"AS_2_2_8",22.69071651,19.749845115,13.3264248711667,8.26652347113206,65.9297588043624
"2676","AS",2013,2,2,8,22,"PIPO",1,31.2,"AS_2_2_8_22","Live",25,2002,"AS_2_2_8",19.749845115,24.46022271,29.695713613,9.05844858267059,17.0955052380817
"2677","AS",2019,2,2,8,22,"PIPO",1,35.7,"AS_2_2_8_22","Live",31.2,2013,"AS_2_2_8",22.69071651,19.749845115,13.3264248711667,8.26652347113206,65.9297588043624
"2678","AS",2013,2,2,9,1,"PIPO",1,30.1,"AS_2_2_9_1","Live",27.6,2002,"AS_2_2_9",18.99340674,25.25622561,28.4154498336364,9.05844858267059,16.9186203161809
"2679","AS",2019,2,2,9,1,"PIPO",1,32.3,"AS_2_2_9_1","Live",30.1,2013,"AS_2_2_9",20.772318105,18.99340674,20.1502590666667,8.26652347113206,68.2703623125145
"2680","AS",2013,2,2,9,13,"PIPO",1,30.5,"AS_2_2_9_13","Live",29.8,2002,"AS_2_2_9",18.99340674,25.25622561,28.4154498336364,9.05844858267059,16.9186203161809
"2681","AS",2019,2,2,9,13,"PIPO",1,31.8,"AS_2_2_9_13","Live",30.5,2013,"AS_2_2_9",20.772318105,18.99340674,20.1502590666667,8.26652347113206,68.2703623125145
"2682","AS",2013,2,2,9,16,"PIPO",1,30,"AS_2_2_9_16","Live",28,2002,"AS_2_2_9",18.99340674,25.25622561,28.4154498336364,9.05844858267059,16.9186203161809
"2683","AS",2019,2,2,9,16,"PIPO",1,31.8,"AS_2_2_9_16","Live",30,2013,"AS_2_2_9",20.772318105,18.99340674,20.1502590666667,8.26652347113206,68.2703623125145
"2684","AS",2013,2,2,9,19,"PIPO",1,43.3,"AS_2_2_9_19","Live",42,2002,"AS_2_2_9",18.99340674,25.25622561,28.4154498336364,9.05844858267059,16.9186203161809
"2685","AS",2019,2,2,9,19,"PIPO",1,44.4,"AS_2_2_9_19","Live",43.3,2013,"AS_2_2_9",20.772318105,18.99340674,20.1502590666667,8.26652347113206,68.2703623125145
"2686","AS",2013,2,2,9,20,"PIPO",1,52.2,"AS_2_2_9_20","Live",52.5,2002,"AS_2_2_9",18.99340674,25.25622561,28.4154498336364,9.05844858267059,16.9186203161809
"2687","AS",2019,2,2,9,20,"PIPO",1,53.2,"AS_2_2_9_20","Live",52.2,2013,"AS_2_2_9",20.772318105,18.99340674,20.1502590666667,8.26652347113206,68.2703623125145
"2688","AS",2013,2,2,9,22,"PIPO",1,35.7,"AS_2_2_9_22","Live",33.3,2002,"AS_2_2_9",18.99340674,25.25622561,28.4154498336364,9.05844858267059,16.9186203161809
"2689","AS",2019,2,2,9,22,"PIPO",1,38.1,"AS_2_2_9_22","Live",35.7,2013,"AS_2_2_9",20.772318105,18.99340674,20.1502590666667,8.26652347113206,68.2703623125145
"2690","AS",2013,2,2,9,8,"PIPO",1,32.6,"AS_2_2_9_8","Live",28,2002,"AS_2_2_9",18.99340674,25.25622561,28.4154498336364,9.05844858267059,16.9186203161809
"2691","AS",2019,2,2,9,8,"PIPO",1,35.5,"AS_2_2_9_8","Live",32.6,2013,"AS_2_2_9",20.772318105,18.99340674,20.1502590666667,8.26652347113206,68.2703623125145
"2692","GV",2004,1,1,10,10,"PIPO",1,14,"GV_1_1_10_10","Live",12.1,1997,"GV_1_1_10",28.5437963223765,24.116904735,32.2758620685714,9.71461632254499,11.0791726629644
"2693","GV",2008,1,1,10,10,"PIPO",1,15.1,"GV_1_1_10_10","Live",14,2004,"GV_1_1_10",32.015279835,28.5437963223765,27.942118225,9.22931167772874,39.5502517224372
"2694","GV",2019,1,1,10,10,"PIPO",1,17,"GV_1_1_10_10","Live",15.1,2008,"GV_1_1_10",37.056566088446,32.015279835,27.9995521718182,9.7502572992518,18.1295917348874
"2695","GV",2004,1,1,10,11,"PIPO",1,16.2,"GV_1_1_10_11","Live",14,1997,"GV_1_1_10",28.5437963223765,24.116904735,32.2758620685714,9.71461632254499,11.0791726629644
"2696","GV",2008,1,1,10,11,"PIPO",1,18.7,"GV_1_1_10_11","Live",16.2,2004,"GV_1_1_10",32.015279835,28.5437963223765,27.942118225,9.22931167772874,39.5502517224372
"2697","GV",2019,1,1,10,11,"PIPO",1,19.4,"GV_1_1_10_11","Live",18.7,2008,"GV_1_1_10",37.056566088446,32.015279835,27.9995521718182,9.7502572992518,18.1295917348874
"2698","GV",2004,1,1,10,13,"PIPO",1,12.5,"GV_1_1_10_13","Live",10.3,1997,"GV_1_1_10",28.5437963223765,24.116904735,32.2758620685714,9.71461632254499,11.0791726629644
"2699","GV",2008,1,1,10,13,"PIPO",1,14.3,"GV_1_1_10_13","Live",12.5,2004,"GV_1_1_10",32.015279835,28.5437963223765,27.942118225,9.22931167772874,39.5502517224372
"2700","GV",2019,1,1,10,13,"PIPO",1,16,"GV_1_1_10_13","Live",14.3,2008,"GV_1_1_10",37.056566088446,32.015279835,27.9995521718182,9.7502572992518,18.1295917348874
"2701","GV",2004,1,1,10,14,"PIPO",1,26.8,"GV_1_1_10_14","Live",24.2,1997,"GV_1_1_10",28.5437963223765,24.116904735,32.2758620685714,9.71461632254499,11.0791726629644
"2702","GV",2008,1,1,10,14,"PIPO",1,29.7,"GV_1_1_10_14","Live",26.8,2004,"GV_1_1_10",32.015279835,28.5437963223765,27.942118225,9.22931167772874,39.5502517224372
"2703","GV",2019,1,1,10,14,"PIPO",1,32,"GV_1_1_10_14","Live",29.7,2008,"GV_1_1_10",37.056566088446,32.015279835,27.9995521718182,9.7502572992518,18.1295917348874
"2704","GV",2004,1,1,10,15,"PIPO",1,7,"GV_1_1_10_15","Live",6.2,1997,"GV_1_1_10",28.5437963223765,24.116904735,32.2758620685714,9.71461632254499,11.0791726629644
"2705","GV",2008,1,1,10,15,"PIPO",1,8.3,"GV_1_1_10_15","Live",7,2004,"GV_1_1_10",32.015279835,28.5437963223765,27.942118225,9.22931167772874,39.5502517224372
"2706","GV",2019,1,1,10,15,"PIPO",1,8.3,"GV_1_1_10_15","Live",8.3,2008,"GV_1_1_10",37.056566088446,32.015279835,27.9995521718182,9.7502572992518,18.1295917348874
"2707","GV",2004,1,1,10,16,"PIPO",1,10.4,"GV_1_1_10_16","Live",9.5,1997,"GV_1_1_10",28.5437963223765,24.116904735,32.2758620685714,9.71461632254499,11.0791726629644
"2708","GV",2008,1,1,10,16,"PIPO",1,11.6,"GV_1_1_10_16","Live",10.4,2004,"GV_1_1_10",32.015279835,28.5437963223765,27.942118225,9.22931167772874,39.5502517224372
"2709","GV",2019,1,1,10,16,"PIPO",1,12.4,"GV_1_1_10_16","Live",11.6,2008,"GV_1_1_10",37.056566088446,32.015279835,27.9995521718182,9.7502572992518,18.1295917348874
"2710","GV",2004,1,1,10,18,"PIPO",1,14.3,"GV_1_1_10_18","Live",12.5,1997,"GV_1_1_10",28.5437963223765,24.116904735,32.2758620685714,9.71461632254499,11.0791726629644
"2711","GV",2008,1,1,10,18,"PIPO",1,15.4,"GV_1_1_10_18","Live",14.3,2004,"GV_1_1_10",32.015279835,28.5437963223765,27.942118225,9.22931167772874,39.5502517224372
"2712","GV",2019,1,1,10,18,"PIPO",1,16.5,"GV_1_1_10_18","Live",15.4,2008,"GV_1_1_10",37.056566088446,32.015279835,27.9995521718182,9.7502572992518,18.1295917348874
"2713","GV",2004,1,1,10,19,"PIPO",1,15.1,"GV_1_1_10_19","Live",14.2,1997,"GV_1_1_10",28.5437963223765,24.116904735,32.2758620685714,9.71461632254499,11.0791726629644
"2714","GV",2008,1,1,10,19,"PIPO",1,16.1,"GV_1_1_10_19","Live",15.1,2004,"GV_1_1_10",32.015279835,28.5437963223765,27.942118225,9.22931167772874,39.5502517224372
"2715","GV",2019,1,1,10,19,"PIPO",1,17.2,"GV_1_1_10_19","Live",16.1,2008,"GV_1_1_10",37.056566088446,32.015279835,27.9995521718182,9.7502572992518,18.1295917348874
"2716","GV",2004,1,1,10,20,"PIPO",1,8.8,"GV_1_1_10_20","Live",7.7,1997,"GV_1_1_10",28.5437963223765,24.116904735,32.2758620685714,9.71461632254499,11.0791726629644
"2717","GV",2008,1,1,10,20,"PIPO",1,9.8,"GV_1_1_10_20","Live",8.8,2004,"GV_1_1_10",32.015279835,28.5437963223765,27.942118225,9.22931167772874,39.5502517224372
"2718","GV",2019,1,1,10,20,"PIPO",1,9.9,"GV_1_1_10_20","Live",9.8,2008,"GV_1_1_10",37.056566088446,32.015279835,27.9995521718182,9.7502572992518,18.1295917348874
"2719","GV",2004,1,1,10,21,"PIPO",1,13.7,"GV_1_1_10_21","Live",11.6,1997,"GV_1_1_10",28.5437963223765,24.116904735,32.2758620685714,9.71461632254499,11.0791726629644
"2720","GV",2008,1,1,10,21,"PIPO",1,16,"GV_1_1_10_21","Live",13.7,2004,"GV_1_1_10",32.015279835,28.5437963223765,27.942118225,9.22931167772874,39.5502517224372
"2721","GV",2019,1,1,10,21,"PIPO",1,18.1,"GV_1_1_10_21","Live",16,2008,"GV_1_1_10",37.056566088446,32.015279835,27.9995521718182,9.7502572992518,18.1295917348874
"2722","GV",2004,1,1,10,22,"PIPO",1,15.5,"GV_1_1_10_22","Live",10.5,1997,"GV_1_1_10",28.5437963223765,24.116904735,32.2758620685714,9.71461632254499,11.0791726629644
"2723","GV",2008,1,1,10,22,"PIPO",1,16.5,"GV_1_1_10_22","Live",15.5,2004,"GV_1_1_10",32.015279835,28.5437963223765,27.942118225,9.22931167772874,39.5502517224372
"2724","GV",2019,1,1,10,22,"PIPO",1,18.8,"GV_1_1_10_22","Live",16.5,2008,"GV_1_1_10",37.056566088446,32.015279835,27.9995521718182,9.7502572992518,18.1295917348874
"2725","GV",2004,1,1,10,23,"PIPO",1,15.6,"GV_1_1_10_23","Live",13.5,1997,"GV_1_1_10",28.5437963223765,24.116904735,32.2758620685714,9.71461632254499,11.0791726629644
"2726","GV",2008,1,1,10,23,"PIPO",1,17,"GV_1_1_10_23","Live",15.6,2004,"GV_1_1_10",32.015279835,28.5437963223765,27.942118225,9.22931167772874,39.5502517224372
"2727","GV",2019,1,1,10,23,"PIPO",1,19.2,"GV_1_1_10_23","Live",17,2008,"GV_1_1_10",37.056566088446,32.015279835,27.9995521718182,9.7502572992518,18.1295917348874
"2728","GV",2004,1,1,10,24,"PIPO",1,16.9,"GV_1_1_10_24","Live",15.2,1997,"GV_1_1_10",28.5437963223765,24.116904735,32.2758620685714,9.71461632254499,11.0791726629644
"2729","GV",2008,1,1,10,24,"PIPO",1,18.5,"GV_1_1_10_24","Live",16.9,2004,"GV_1_1_10",32.015279835,28.5437963223765,27.942118225,9.22931167772874,39.5502517224372
"2730","GV",2019,1,1,10,24,"PIPO",1,20,"GV_1_1_10_24","Live",18.5,2008,"GV_1_1_10",37.056566088446,32.015279835,27.9995521718182,9.7502572992518,18.1295917348874
"2731","GV",2004,1,1,10,25,"PIPO",1,6.9,"GV_1_1_10_25","Live",5.8,1997,"GV_1_1_10",28.5437963223765,24.116904735,32.2758620685714,9.71461632254499,11.0791726629644
"2732","GV",2008,1,1,10,25,"PIPO",1,7.2,"GV_1_1_10_25","Live",6.9,2004,"GV_1_1_10",32.015279835,28.5437963223765,27.942118225,9.22931167772874,39.5502517224372
"2733","GV",2019,1,1,10,25,"PIPO",1,7.8,"GV_1_1_10_25","Live",7.2,2008,"GV_1_1_10",37.056566088446,32.015279835,27.9995521718182,9.7502572992518,18.1295917348874
"2734","GV",2004,1,1,10,26,"PIPO",1,13.8,"GV_1_1_10_26","Live",12.2,1997,"GV_1_1_10",28.5437963223765,24.116904735,32.2758620685714,9.71461632254499,11.0791726629644
"2735","GV",2008,1,1,10,26,"PIPO",1,14.6,"GV_1_1_10_26","Live",13.8,2004,"GV_1_1_10",32.015279835,28.5437963223765,27.942118225,9.22931167772874,39.5502517224372
"2736","GV",2019,1,1,10,26,"PIPO",1,15.5,"GV_1_1_10_26","Live",14.6,2008,"GV_1_1_10",37.056566088446,32.015279835,27.9995521718182,9.7502572992518,18.1295917348874
"2737","GV",2004,1,1,10,27,"PIPO",1,8.6,"GV_1_1_10_27","Live",7.3,1997,"GV_1_1_10",28.5437963223765,24.116904735,32.2758620685714,9.71461632254499,11.0791726629644
"2738","GV",2008,1,1,10,27,"PIPO",1,9.1,"GV_1_1_10_27","Live",8.6,2004,"GV_1_1_10",32.015279835,28.5437963223765,27.942118225,9.22931167772874,39.5502517224372
"2739","GV",2019,1,1,10,27,"PIPO",1,10.1,"GV_1_1_10_27","Live",9.1,2008,"GV_1_1_10",37.056566088446,32.015279835,27.9995521718182,9.7502572992518,18.1295917348874
"2740","GV",2004,1,1,10,28,"PIPO",1,8.8,"GV_1_1_10_28","Live",8,1997,"GV_1_1_10",28.5437963223765,24.116904735,32.2758620685714,9.71461632254499,11.0791726629644
"2741","GV",2008,1,1,10,28,"PIPO",1,9.5,"GV_1_1_10_28","Live",8.8,2004,"GV_1_1_10",32.015279835,28.5437963223765,27.942118225,9.22931167772874,39.5502517224372
"2742","GV",2019,1,1,10,28,"PIPO",1,9.7,"GV_1_1_10_28","Live",9.5,2008,"GV_1_1_10",37.056566088446,32.015279835,27.9995521718182,9.7502572992518,18.1295917348874
"2743","GV",2004,1,1,10,29,"PIPO",1,6.9,"GV_1_1_10_29","Live",6.2,1997,"GV_1_1_10",28.5437963223765,24.116904735,32.2758620685714,9.71461632254499,11.0791726629644
"2744","GV",2008,1,1,10,29,"PIPO",1,7.9,"GV_1_1_10_29","Live",6.9,2004,"GV_1_1_10",32.015279835,28.5437963223765,27.942118225,9.22931167772874,39.5502517224372
"2745","GV",2019,1,1,10,29,"PIPO",1,7.5,"GV_1_1_10_29","Live",7.9,2008,"GV_1_1_10",37.056566088446,32.015279835,27.9995521718182,9.7502572992518,18.1295917348874
"2746","GV",2004,1,1,10,30,"PIPO",1,14,"GV_1_1_10_30","Live",12.4,1997,"GV_1_1_10",28.5437963223765,24.116904735,32.2758620685714,9.71461632254499,11.0791726629644
"2747","GV",2008,1,1,10,30,"PIPO",1,15,"GV_1_1_10_30","Live",14,2004,"GV_1_1_10",32.015279835,28.5437963223765,27.942118225,9.22931167772874,39.5502517224372
"2748","GV",2019,1,1,10,30,"PIPO",1,17.5,"GV_1_1_10_30","Live",15,2008,"GV_1_1_10",37.056566088446,32.015279835,27.9995521718182,9.7502572992518,18.1295917348874
"2749","GV",2004,1,1,10,31,"PIPO",1,9.5,"GV_1_1_10_31","Live",7.6,1997,"GV_1_1_10",28.5437963223765,24.116904735,32.2758620685714,9.71461632254499,11.0791726629644
"2750","GV",2008,1,1,10,31,"PIPO",1,11,"GV_1_1_10_31","Live",9.5,2004,"GV_1_1_10",32.015279835,28.5437963223765,27.942118225,9.22931167772874,39.5502517224372
"2751","GV",2019,1,1,10,31,"PIPO",1,12.5,"GV_1_1_10_31","Live",11,2008,"GV_1_1_10",37.056566088446,32.015279835,27.9995521718182,9.7502572992518,18.1295917348874
"2752","GV",2004,1,1,10,36,"PIPO",1,9,"GV_1_1_10_36","Live",8.4,1997,"GV_1_1_10",28.5437963223765,24.116904735,32.2758620685714,9.71461632254499,11.0791726629644
"2753","GV",2008,1,1,10,36,"PIPO",1,10.9,"GV_1_1_10_36","Live",9,2004,"GV_1_1_10",32.015279835,28.5437963223765,27.942118225,9.22931167772874,39.5502517224372
"2754","GV",2019,1,1,10,36,"PIPO",1,10,"GV_1_1_10_36","Live",10.9,2008,"GV_1_1_10",37.056566088446,32.015279835,27.9995521718182,9.7502572992518,18.1295917348874
"2755","GV",2004,1,1,10,37,"PIPO",1,7.6,"GV_1_1_10_37","Live",7,1997,"GV_1_1_10",28.5437963223765,24.116904735,32.2758620685714,9.71461632254499,11.0791726629644
"2756","GV",2008,1,1,10,37,"PIPO",1,7.9,"GV_1_1_10_37","Live",7.6,2004,"GV_1_1_10",32.015279835,28.5437963223765,27.942118225,9.22931167772874,39.5502517224372
"2757","GV",2019,1,1,10,37,"PIPO",1,8.1,"GV_1_1_10_37","Live",7.9,2008,"GV_1_1_10",37.056566088446,32.015279835,27.9995521718182,9.7502572992518,18.1295917348874
"2758","GV",2004,1,1,10,38,"PIPO",1,10,"GV_1_1_10_38","Live",9,1997,"GV_1_1_10",28.5437963223765,24.116904735,32.2758620685714,9.71461632254499,11.0791726629644
"2759","GV",2008,1,1,10,38,"PIPO",1,10.3,"GV_1_1_10_38","Live",10,2004,"GV_1_1_10",32.015279835,28.5437963223765,27.942118225,9.22931167772874,39.5502517224372
"2760","GV",2019,1,1,10,38,"PIPO",1,10.8,"GV_1_1_10_38","Live",10.3,2008,"GV_1_1_10",37.056566088446,32.015279835,27.9995521718182,9.7502572992518,18.1295917348874
"2761","GV",2004,1,1,10,39,"PIPO",1,12.8,"GV_1_1_10_39","Live",11.9,1997,"GV_1_1_10",28.5437963223765,24.116904735,32.2758620685714,9.71461632254499,11.0791726629644
"2762","GV",2008,1,1,10,39,"PIPO",1,13.4,"GV_1_1_10_39","Live",12.8,2004,"GV_1_1_10",32.015279835,28.5437963223765,27.942118225,9.22931167772874,39.5502517224372
"2763","GV",2019,1,1,10,39,"PIPO",1,13.9,"GV_1_1_10_39","Live",13.4,2008,"GV_1_1_10",37.056566088446,32.015279835,27.9995521718182,9.7502572992518,18.1295917348874
"2764","GV",2004,1,1,10,40,"PIPO",1,7,"GV_1_1_10_40","Live",5.3,1997,"GV_1_1_10",28.5437963223765,24.116904735,32.2758620685714,9.71461632254499,11.0791726629644
"2765","GV",2008,1,1,10,40,"PIPO",1,7.9,"GV_1_1_10_40","Live",7,2004,"GV_1_1_10",32.015279835,28.5437963223765,27.942118225,9.22931167772874,39.5502517224372
"2766","GV",2019,1,1,10,40,"PIPO",1,8.7,"GV_1_1_10_40","Live",7.9,2008,"GV_1_1_10",37.056566088446,32.015279835,27.9995521718182,9.7502572992518,18.1295917348874
"2767","GV",2004,1,1,10,41,"PIPO",1,15.7,"GV_1_1_10_41","Live",14,1997,"GV_1_1_10",28.5437963223765,24.116904735,32.2758620685714,9.71461632254499,11.0791726629644
"2768","GV",2008,1,1,10,41,"PIPO",1,17.2,"GV_1_1_10_41","Live",15.7,2004,"GV_1_1_10",32.015279835,28.5437963223765,27.942118225,9.22931167772874,39.5502517224372
"2769","GV",2019,1,1,10,41,"PIPO",1,18.8,"GV_1_1_10_41","Live",17.2,2008,"GV_1_1_10",37.056566088446,32.015279835,27.9995521718182,9.7502572992518,18.1295917348874
"2770","GV",2004,1,1,10,42,"PIPO",1,12.5,"GV_1_1_10_42","Live",11.7,1997,"GV_1_1_10",28.5437963223765,24.116904735,32.2758620685714,9.71461632254499,11.0791726629644
"2771","GV",2008,1,1,10,42,"PIPO",1,12.9,"GV_1_1_10_42","Live",12.5,2004,"GV_1_1_10",32.015279835,28.5437963223765,27.942118225,9.22931167772874,39.5502517224372
"2772","GV",2019,1,1,10,42,"PIPO",1,14.1,"GV_1_1_10_42","Live",12.9,2008,"GV_1_1_10",37.056566088446,32.015279835,27.9995521718182,9.7502572992518,18.1295917348874
"2773","GV",2004,1,1,10,45,"PIPO",1,15.5,"GV_1_1_10_45","Live",14.1,1997,"GV_1_1_10",28.5437963223765,24.116904735,32.2758620685714,9.71461632254499,11.0791726629644
"2774","GV",2008,1,1,10,45,"PIPO",1,15.4,"GV_1_1_10_45","Live",15.5,2004,"GV_1_1_10",32.015279835,28.5437963223765,27.942118225,9.22931167772874,39.5502517224372
"2775","GV",2019,1,1,10,45,"PIPO",1,19.2,"GV_1_1_10_45","Live",15.4,2008,"GV_1_1_10",37.056566088446,32.015279835,27.9995521718182,9.7502572992518,18.1295917348874
"2776","GV",2004,1,1,10,46,"PIPO",1,11,"GV_1_1_10_46","Live",10.2,1997,"GV_1_1_10",28.5437963223765,24.116904735,32.2758620685714,9.71461632254499,11.0791726629644
"2777","GV",2008,1,1,10,46,"PIPO",1,11.7,"GV_1_1_10_46","Live",11,2004,"GV_1_1_10",32.015279835,28.5437963223765,27.942118225,9.22931167772874,39.5502517224372
"2778","GV",2019,1,1,10,46,"PIPO",1,12.5,"GV_1_1_10_46","Live",11.7,2008,"GV_1_1_10",37.056566088446,32.015279835,27.9995521718182,9.7502572992518,18.1295917348874
"2779","GV",2004,1,1,10,47,"PIPO",1,10.3,"GV_1_1_10_47","Live",9.8,1997,"GV_1_1_10",28.5437963223765,24.116904735,32.2758620685714,9.71461632254499,11.0791726629644
"2780","GV",2008,1,1,10,47,"PIPO",1,10.6,"GV_1_1_10_47","Live",10.3,2004,"GV_1_1_10",32.015279835,28.5437963223765,27.942118225,9.22931167772874,39.5502517224372
"2781","GV",2019,1,1,10,47,"PIPO",1,11.1,"GV_1_1_10_47","Live",10.6,2008,"GV_1_1_10",37.056566088446,32.015279835,27.9995521718182,9.7502572992518,18.1295917348874
"2782","GV",2004,1,1,10,49,"PIPO",1,15.1,"GV_1_1_10_49","Live",13.8,1997,"GV_1_1_10",28.5437963223765,24.116904735,32.2758620685714,9.71461632254499,11.0791726629644
"2783","GV",2008,1,1,10,49,"PIPO",1,16.1,"GV_1_1_10_49","Live",15.1,2004,"GV_1_1_10",32.015279835,28.5437963223765,27.942118225,9.22931167772874,39.5502517224372
"2784","GV",2019,1,1,10,49,"PIPO",1,18,"GV_1_1_10_49","Live",16.1,2008,"GV_1_1_10",37.056566088446,32.015279835,27.9995521718182,9.7502572992518,18.1295917348874
"2785","GV",2004,1,1,10,50,"PIPO",1,21,"GV_1_1_10_50","Live",19.5,1997,"GV_1_1_10",28.5437963223765,24.116904735,32.2758620685714,9.71461632254499,11.0791726629644
"2786","GV",2008,1,1,10,50,"PIPO",1,22.3,"GV_1_1_10_50","Live",21,2004,"GV_1_1_10",32.015279835,28.5437963223765,27.942118225,9.22931167772874,39.5502517224372
"2787","GV",2019,1,1,10,50,"PIPO",1,24.3,"GV_1_1_10_50","Live",22.3,2008,"GV_1_1_10",37.056566088446,32.015279835,27.9995521718182,9.7502572992518,18.1295917348874
"2788","GV",2004,1,1,10,51,"PIPO",1,3.9,"GV_1_1_10_51","Live",3.7,1997,"GV_1_1_10",28.5437963223765,24.116904735,32.2758620685714,9.71461632254499,11.0791726629644
"2789","GV",2008,1,1,10,51,"PIPO",1,4.4,"GV_1_1_10_51","Live",3.9,2004,"GV_1_1_10",32.015279835,28.5437963223765,27.942118225,9.22931167772874,39.5502517224372
"2790","GV",2019,1,1,10,51,"PIPO",1,3.9,"GV_1_1_10_51","Live",4.4,2008,"GV_1_1_10",37.056566088446,32.015279835,27.9995521718182,9.7502572992518,18.1295917348874
"2791","GV",2004,1,1,10,52,"PIPO",1,8.2,"GV_1_1_10_52","Live",7.7,1997,"GV_1_1_10",28.5437963223765,24.116904735,32.2758620685714,9.71461632254499,11.0791726629644
"2792","GV",2008,1,1,10,52,"PIPO",1,8.5,"GV_1_1_10_52","Live",8.2,2004,"GV_1_1_10",32.015279835,28.5437963223765,27.942118225,9.22931167772874,39.5502517224372
"2793","GV",2019,1,1,10,52,"PIPO",1,8.3,"GV_1_1_10_52","Live",8.5,2008,"GV_1_1_10",37.056566088446,32.015279835,27.9995521718182,9.7502572992518,18.1295917348874
"2794","GV",2004,1,1,10,54,"PIPO",1,1.5,"GV_1_1_10_54","Live",1.9,1997,"GV_1_1_10",28.5437963223765,24.116904735,32.2758620685714,9.71461632254499,11.0791726629644
"2795","GV",2008,1,1,10,54,"PIPO",1,2.1,"GV_1_1_10_54","Live",1.5,2004,"GV_1_1_10",32.015279835,28.5437963223765,27.942118225,9.22931167772874,39.5502517224372
"2796","GV",2019,1,1,10,54,"PIPO",1,1.7,"GV_1_1_10_54","Live",2.1,2008,"GV_1_1_10",37.056566088446,32.015279835,27.9995521718182,9.7502572992518,18.1295917348874
"2797","GV",2004,1,1,10,55,"PIPO",1,2.3,"GV_1_1_10_55","Live",1.6,1997,"GV_1_1_10",28.5437963223765,24.116904735,32.2758620685714,9.71461632254499,11.0791726629644
"2798","GV",2008,1,1,10,55,"PIPO",1,2.7,"GV_1_1_10_55","Live",2.3,2004,"GV_1_1_10",32.015279835,28.5437963223765,27.942118225,9.22931167772874,39.5502517224372
"2799","GV",2019,1,1,10,55,"PIPO",1,2.7,"GV_1_1_10_55","Live",2.7,2008,"GV_1_1_10",37.056566088446,32.015279835,27.9995521718182,9.7502572992518,18.1295917348874
"2800","GV",2004,1,1,10,6,"PIPO",1,17.8,"GV_1_1_10_6","Live",17.1,1997,"GV_1_1_10",28.5437963223765,24.116904735,32.2758620685714,9.71461632254499,11.0791726629644
"2801","GV",2008,1,1,10,6,"PIPO",1,19.1,"GV_1_1_10_6","Live",17.8,2004,"GV_1_1_10",32.015279835,28.5437963223765,27.942118225,9.22931167772874,39.5502517224372
"2802","GV",2019,1,1,10,6,"PIPO",1,19.9,"GV_1_1_10_6","Live",19.1,2008,"GV_1_1_10",37.056566088446,32.015279835,27.9995521718182,9.7502572992518,18.1295917348874
"2803","GV",2004,1,1,10,60,"PIPO",1,5.9,"GV_1_1_10_60","Live",4.1,1997,"GV_1_1_10",28.5437963223765,24.116904735,32.2758620685714,9.71461632254499,11.0791726629644
"2804","GV",2008,1,1,10,60,"PIPO",1,6.9,"GV_1_1_10_60","Live",5.9,2004,"GV_1_1_10",32.015279835,28.5437963223765,27.942118225,9.22931167772874,39.5502517224372
"2805","GV",2019,1,1,10,60,"PIPO",1,8,"GV_1_1_10_60","Live",6.9,2008,"GV_1_1_10",37.056566088446,32.015279835,27.9995521718182,9.7502572992518,18.1295917348874
"2806","GV",2004,1,1,10,62,"PIPO",1,38.5,"GV_1_1_10_62","Live",38.4,1997,"GV_1_1_10",28.5437963223765,24.116904735,32.2758620685714,9.71461632254499,11.0791726629644
"2807","GV",2008,1,1,10,62,"PIPO",1,38.5,"GV_1_1_10_62","Live",38.5,2004,"GV_1_1_10",32.015279835,28.5437963223765,27.942118225,9.22931167772874,39.5502517224372
"2808","GV",2019,1,1,10,62,"PIPO",1,38.5,"GV_1_1_10_62","Live",38.5,2008,"GV_1_1_10",37.056566088446,32.015279835,27.9995521718182,9.7502572992518,18.1295917348874
"2809","GV",2004,1,1,10,63,"PIPO",1,8,"GV_1_1_10_63","Live",6,1997,"GV_1_1_10",28.5437963223765,24.116904735,32.2758620685714,9.71461632254499,11.0791726629644
"2810","GV",2008,1,1,10,63,"PIPO",1,9.6,"GV_1_1_10_63","Live",8,2004,"GV_1_1_10",32.015279835,28.5437963223765,27.942118225,9.22931167772874,39.5502517224372
"2811","GV",2019,1,1,10,63,"PIPO",1,11.2,"GV_1_1_10_63","Live",9.6,2008,"GV_1_1_10",37.056566088446,32.015279835,27.9995521718182,9.7502572992518,18.1295917348874
"2812","GV",2004,1,1,10,64,"PIPO",1,12.9,"GV_1_1_10_64","Live",11.6,1997,"GV_1_1_10",28.5437963223765,24.116904735,32.2758620685714,9.71461632254499,11.0791726629644
"2813","GV",2008,1,1,10,64,"PIPO",1,14.4,"GV_1_1_10_64","Live",12.9,2004,"GV_1_1_10",32.015279835,28.5437963223765,27.942118225,9.22931167772874,39.5502517224372
"2814","GV",2019,1,1,10,64,"PIPO",1,15.7,"GV_1_1_10_64","Live",14.4,2008,"GV_1_1_10",37.056566088446,32.015279835,27.9995521718182,9.7502572992518,18.1295917348874
"2815","GV",2004,1,1,10,66,"PIPO",1,11.1,"GV_1_1_10_66","Live",9.1,1997,"GV_1_1_10",28.5437963223765,24.116904735,32.2758620685714,9.71461632254499,11.0791726629644
"2816","GV",2008,1,1,10,66,"PIPO",1,12.8,"GV_1_1_10_66","Live",11.1,2004,"GV_1_1_10",32.015279835,28.5437963223765,27.942118225,9.22931167772874,39.5502517224372
"2817","GV",2019,1,1,10,66,"PIPO",1,13.7,"GV_1_1_10_66","Live",12.8,2008,"GV_1_1_10",37.056566088446,32.015279835,27.9995521718182,9.7502572992518,18.1295917348874
"2818","GV",2004,1,1,10,73,"PIPO",1,12,"GV_1_1_10_73","Live",9,1997,"GV_1_1_10",28.5437963223765,24.116904735,32.2758620685714,9.71461632254499,11.0791726629644
"2819","GV",2008,1,1,10,73,"PIPO",1,13.4,"GV_1_1_10_73","Live",12,2004,"GV_1_1_10",32.015279835,28.5437963223765,27.942118225,9.22931167772874,39.5502517224372
"2820","GV",2019,1,1,10,73,"PIPO",1,18,"GV_1_1_10_73","Live",13.4,2008,"GV_1_1_10",37.056566088446,32.015279835,27.9995521718182,9.7502572992518,18.1295917348874
"2821","GV",2004,1,1,10,75,"PIPO",1,21.4,"GV_1_1_10_75","Live",18.9,1997,"GV_1_1_10",28.5437963223765,24.116904735,32.2758620685714,9.71461632254499,11.0791726629644
"2822","GV",2008,1,1,10,75,"PIPO",1,22.8,"GV_1_1_10_75","Live",21.4,2004,"GV_1_1_10",32.015279835,28.5437963223765,27.942118225,9.22931167772874,39.5502517224372
"2823","GV",2019,1,1,10,75,"PIPO",1,26,"GV_1_1_10_75","Live",22.8,2008,"GV_1_1_10",37.056566088446,32.015279835,27.9995521718182,9.7502572992518,18.1295917348874
"2824","GV",2004,1,1,10,76,"PIPO",1,14.8,"GV_1_1_10_76","Live",12.5,1997,"GV_1_1_10",28.5437963223765,24.116904735,32.2758620685714,9.71461632254499,11.0791726629644
"2825","GV",2008,1,1,10,76,"PIPO",1,16.5,"GV_1_1_10_76","Live",14.8,2004,"GV_1_1_10",32.015279835,28.5437963223765,27.942118225,9.22931167772874,39.5502517224372
"2826","GV",2019,1,1,10,76,"PIPO",1,20.6,"GV_1_1_10_76","Live",16.5,2008,"GV_1_1_10",37.056566088446,32.015279835,27.9995521718182,9.7502572992518,18.1295917348874
"2827","GV",2004,1,1,10,77,"PIPO",1,22.8,"GV_1_1_10_77","Live",20.8,1997,"GV_1_1_10",28.5437963223765,24.116904735,32.2758620685714,9.71461632254499,11.0791726629644
"2828","GV",2008,1,1,10,77,"PIPO",1,23.7,"GV_1_1_10_77","Live",22.8,2004,"GV_1_1_10",32.015279835,28.5437963223765,27.942118225,9.22931167772874,39.5502517224372
"2829","GV",2019,1,1,10,77,"PIPO",1,26.3,"GV_1_1_10_77","Live",23.7,2008,"GV_1_1_10",37.056566088446,32.015279835,27.9995521718182,9.7502572992518,18.1295917348874
"2830","GV",2004,1,1,10,8,"PIPO",1,16.2,"GV_1_1_10_8","Live",14.5,1997,"GV_1_1_10",28.5437963223765,24.116904735,32.2758620685714,9.71461632254499,11.0791726629644
"2831","GV",2008,1,1,10,8,"PIPO",1,17.7,"GV_1_1_10_8","Live",16.2,2004,"GV_1_1_10",32.015279835,28.5437963223765,27.942118225,9.22931167772874,39.5502517224372
"2832","GV",2019,1,1,10,8,"PIPO",1,20.3,"GV_1_1_10_8","Live",17.7,2008,"GV_1_1_10",37.056566088446,32.015279835,27.9995521718182,9.7502572992518,18.1295917348874
"2833","GV",2004,1,1,10,9,"PIPO",1,16.6,"GV_1_1_10_9","Live",14.3,1997,"GV_1_1_10",28.5437963223765,24.116904735,32.2758620685714,9.71461632254499,11.0791726629644
"2834","GV",2008,1,1,10,9,"PIPO",1,18.4,"GV_1_1_10_9","Live",16.6,2004,"GV_1_1_10",32.015279835,28.5437963223765,27.942118225,9.22931167772874,39.5502517224372
"2835","GV",2019,1,1,10,9,"PIPO",1,21.5,"GV_1_1_10_9","Live",18.4,2008,"GV_1_1_10",37.056566088446,32.015279835,27.9995521718182,9.7502572992518,18.1295917348874
"2836","GV",2004,1,1,11,1,"PIPO",1,74.8,"GV_1_1_11_1","Live",74.8,1997,"GV_1_1_11",26.697454245,24.242254575,24.7702799714286,9.71461632254499,9.74788234792623
"2837","GV",2008,1,1,11,1,"PIPO",1,74.8,"GV_1_1_11_1","Live",74.8,2004,"GV_1_1_11",29.890733565,26.697454245,25.306532665,9.22931167772874,38.0297174816341
"2838","GV",2004,1,1,11,17,"PIPO",1,9.2,"GV_1_1_11_17","Live",7.4,1997,"GV_1_1_11",26.697454245,24.242254575,24.7702799714286,9.71461632254499,9.74788234792623
"2839","GV",2008,1,1,11,17,"PIPO",1,12,"GV_1_1_11_17","Live",9.2,2004,"GV_1_1_11",29.890733565,26.697454245,25.306532665,9.22931167772874,38.0297174816341
"2840","GV",2019,1,1,11,17,"PIPO",1,13.7,"GV_1_1_11_17","Live",12,2008,"GV_1_1_11",22.23145386,29.890733565,27.9428963,9.7502572992518,18.1151686846344
"2841","GV",2004,1,1,11,18,"PIPO",1,19.9,"GV_1_1_11_18","Live",18,1997,"GV_1_1_11",26.697454245,24.242254575,24.7702799714286,9.71461632254499,9.74788234792623
"2842","GV",2008,1,1,11,18,"PIPO",1,22,"GV_1_1_11_18","Live",19.9,2004,"GV_1_1_11",29.890733565,26.697454245,25.306532665,9.22931167772874,38.0297174816341
"2843","GV",2019,1,1,11,18,"PIPO",1,24.9,"GV_1_1_11_18","Live",22,2008,"GV_1_1_11",22.23145386,29.890733565,27.9428963,9.7502572992518,18.1151686846344
"2844","GV",2004,1,1,11,19,"PIPO",1,9.7,"GV_1_1_11_19","Live",8.5,1997,"GV_1_1_11",26.697454245,24.242254575,24.7702799714286,9.71461632254499,9.74788234792623
"2845","GV",2008,1,1,11,19,"PIPO",1,11,"GV_1_1_11_19","Live",9.7,2004,"GV_1_1_11",29.890733565,26.697454245,25.306532665,9.22931167772874,38.0297174816341
"2846","GV",2019,1,1,11,19,"PIPO",1,12.1,"GV_1_1_11_19","Live",11,2008,"GV_1_1_11",22.23145386,29.890733565,27.9428963,9.7502572992518,18.1151686846344
"2847","GV",2004,1,1,11,20,"PIPO",1,18.7,"GV_1_1_11_20","Live",17.1,1997,"GV_1_1_11",26.697454245,24.242254575,24.7702799714286,9.71461632254499,9.74788234792623
"2848","GV",2008,1,1,11,20,"PIPO",1,20.8,"GV_1_1_11_20","Live",18.7,2004,"GV_1_1_11",29.890733565,26.697454245,25.306532665,9.22931167772874,38.0297174816341
"2849","GV",2019,1,1,11,20,"PIPO",1,21.9,"GV_1_1_11_20","Live",20.8,2008,"GV_1_1_11",22.23145386,29.890733565,27.9428963,9.7502572992518,18.1151686846344
"2850","GV",2004,1,1,11,21,"PIPO",3,NA,"GV_1_1_11_21","Dead",5.5,1997,"GV_1_1_11",26.697454245,24.242254575,24.7702799714286,9.71461632254499,9.74788234792623
"2851","GV",2004,1,1,11,22,"PIPO",1,18.1,"GV_1_1_11_22","Live",16.4,1997,"GV_1_1_11",26.697454245,24.242254575,24.7702799714286,9.71461632254499,9.74788234792623
"2852","GV",2008,1,1,11,22,"PIPO",1,20,"GV_1_1_11_22","Live",18.1,2004,"GV_1_1_11",29.890733565,26.697454245,25.306532665,9.22931167772874,38.0297174816341
"2853","GV",2019,1,1,11,22,"PIPO",1,22.3,"GV_1_1_11_22","Live",20,2008,"GV_1_1_11",22.23145386,29.890733565,27.9428963,9.7502572992518,18.1151686846344
"2854","GV",2004,1,1,11,23,"PIPO",1,12.8,"GV_1_1_11_23","Live",12,1997,"GV_1_1_11",26.697454245,24.242254575,24.7702799714286,9.71461632254499,9.74788234792623
"2855","GV",2008,1,1,11,23,"PIPO",1,14,"GV_1_1_11_23","Live",12.8,2004,"GV_1_1_11",29.890733565,26.697454245,25.306532665,9.22931167772874,38.0297174816341
"2856","GV",2019,1,1,11,23,"PIPO",1,14.7,"GV_1_1_11_23","Live",14,2008,"GV_1_1_11",22.23145386,29.890733565,27.9428963,9.7502572992518,18.1151686846344
"2857","GV",2004,1,1,11,24,"PIPO",1,16.3,"GV_1_1_11_24","Live",14.2,1997,"GV_1_1_11",26.697454245,24.242254575,24.7702799714286,9.71461632254499,9.74788234792623
"2858","GV",2008,1,1,11,24,"PIPO",1,17.1,"GV_1_1_11_24","Live",16.3,2004,"GV_1_1_11",29.890733565,26.697454245,25.306532665,9.22931167772874,38.0297174816341
"2859","GV",2019,1,1,11,24,"PIPO",1,19.5,"GV_1_1_11_24","Live",17.1,2008,"GV_1_1_11",22.23145386,29.890733565,27.9428963,9.7502572992518,18.1151686846344
"2860","GV",2004,1,1,11,25,"PIPO",1,24.4,"GV_1_1_11_25","Live",21.8,1997,"GV_1_1_11",26.697454245,24.242254575,24.7702799714286,9.71461632254499,9.74788234792623
"2861","GV",2008,1,1,11,25,"PIPO",1,27.5,"GV_1_1_11_25","Live",24.4,2004,"GV_1_1_11",29.890733565,26.697454245,25.306532665,9.22931167772874,38.0297174816341
"2862","GV",2019,1,1,11,25,"PIPO",1,30.6,"GV_1_1_11_25","Live",27.5,2008,"GV_1_1_11",22.23145386,29.890733565,27.9428963,9.7502572992518,18.1151686846344
"2863","GV",2004,1,1,11,26,"PIPO",1,43.7,"GV_1_1_11_26","Live",40.2,1997,"GV_1_1_11",26.697454245,24.242254575,24.7702799714286,9.71461632254499,9.74788234792623
"2864","GV",2008,1,1,11,26,"PIPO",1,46.4,"GV_1_1_11_26","Live",43.7,2004,"GV_1_1_11",29.890733565,26.697454245,25.306532665,9.22931167772874,38.0297174816341
"2865","GV",2019,1,1,11,26,"PIPO",1,50.6,"GV_1_1_11_26","Live",46.4,2008,"GV_1_1_11",22.23145386,29.890733565,27.9428963,9.7502572992518,18.1151686846344
"2866","GV",2004,1,1,11,3,"PIPO",1,8.3,"GV_1_1_11_3","Live",5.3,1997,"GV_1_1_11",26.697454245,24.242254575,24.7702799714286,9.71461632254499,9.74788234792623
"2867","GV",2008,1,1,11,3,"PIPO",1,10,"GV_1_1_11_3","Live",8.3,2004,"GV_1_1_11",29.890733565,26.697454245,25.306532665,9.22931167772874,38.0297174816341
"2868","GV",2019,1,1,11,3,"PIPO",1,12,"GV_1_1_11_3","Live",10,2008,"GV_1_1_11",22.23145386,29.890733565,27.9428963,9.7502572992518,18.1151686846344
"2869","GV",2004,1,1,11,4,"PIPO",1,39.2,"GV_1_1_11_4","Live",37.4,1997,"GV_1_1_11",26.697454245,24.242254575,24.7702799714286,9.71461632254499,9.74788234792623
"2870","GV",2008,1,1,11,4,"PIPO",1,40,"GV_1_1_11_4","Live",39.2,2004,"GV_1_1_11",29.890733565,26.697454245,25.306532665,9.22931167772874,38.0297174816341
"2871","GV",2019,1,1,11,4,"PIPO",1,41.5,"GV_1_1_11_4","Live",40,2008,"GV_1_1_11",22.23145386,29.890733565,27.9428963,9.7502572992518,18.1151686846344
"2872","GV",2004,1,1,12,35,"PIPO",1,21.9,"GV_1_1_12_35","Live",19.1,1997,"GV_1_1_12",18.302235105,20.732655405,20.93493635,9.71461632254499,9.50692490088509
"2873","GV",2008,1,1,12,35,"PIPO",1,24.1,"GV_1_1_12_35","Live",21.9,2004,"GV_1_1_12",20.88916599,18.302235105,20.4678217825,9.22931167772874,38.3749904738075
"2874","GV",2019,1,1,12,35,"PIPO",1,27.4,"GV_1_1_12_35","Live",24.1,2008,"GV_1_1_12",22.76375871,20.88916599,23.4608460836364,9.7502572992518,19.0058927307274
"2875","GV",2004,1,1,12,36,"PIPO",1,22.6,"GV_1_1_12_36","Live",20.9,1997,"GV_1_1_12",18.302235105,20.732655405,20.93493635,9.71461632254499,9.50692490088509
"2876","GV",2008,1,1,12,36,"PIPO",1,24.5,"GV_1_1_12_36","Live",22.6,2004,"GV_1_1_12",20.88916599,18.302235105,20.4678217825,9.22931167772874,38.3749904738075
"2877","GV",2019,1,1,12,36,"PIPO",1,27.2,"GV_1_1_12_36","Live",24.5,2008,"GV_1_1_12",22.76375871,20.88916599,23.4608460836364,9.7502572992518,19.0058927307274
"2878","GV",2004,1,1,12,37,"PIPO",1,26.7,"GV_1_1_12_37","Live",23.5,1997,"GV_1_1_12",18.302235105,20.732655405,20.93493635,9.71461632254499,9.50692490088509
"2879","GV",2008,1,1,12,37,"PIPO",1,29.1,"GV_1_1_12_37","Live",26.7,2004,"GV_1_1_12",20.88916599,18.302235105,20.4678217825,9.22931167772874,38.3749904738075
"2880","GV",2019,1,1,12,37,"PIPO",1,33.7,"GV_1_1_12_37","Live",29.1,2008,"GV_1_1_12",22.76375871,20.88916599,23.4608460836364,9.7502572992518,19.0058927307274
"2881","GV",2004,1,1,12,38,"PIPO",1,12.9,"GV_1_1_12_38","Live",10.8,1997,"GV_1_1_12",18.302235105,20.732655405,20.93493635,9.71461632254499,9.50692490088509
"2882","GV",2008,1,1,12,38,"PIPO",1,14.5,"GV_1_1_12_38","Live",12.9,2004,"GV_1_1_12",20.88916599,18.302235105,20.4678217825,9.22931167772874,38.3749904738075
"2883","GV",2019,1,1,12,38,"PIPO",1,16.8,"GV_1_1_12_38","Live",14.5,2008,"GV_1_1_12",22.76375871,20.88916599,23.4608460836364,9.7502572992518,19.0058927307274
"2884","GV",2004,1,1,12,40,"PIPO",1,17.2,"GV_1_1_12_40","Live",15.2,1997,"GV_1_1_12",18.302235105,20.732655405,20.93493635,9.71461632254499,9.50692490088509
"2885","GV",2008,1,1,12,40,"PIPO",1,19,"GV_1_1_12_40","Live",17.2,2004,"GV_1_1_12",20.88916599,18.302235105,20.4678217825,9.22931167772874,38.3749904738075
"2886","GV",2019,1,1,12,40,"PIPO",1,22,"GV_1_1_12_40","Live",19,2008,"GV_1_1_12",22.76375871,20.88916599,23.4608460836364,9.7502572992518,19.0058927307274
"2887","GV",2004,1,1,12,41,"PIPO",1,15,"GV_1_1_12_41","Live",13.2,1997,"GV_1_1_12",18.302235105,20.732655405,20.93493635,9.71461632254499,9.50692490088509
"2888","GV",2008,1,1,12,41,"PIPO",1,16.6,"GV_1_1_12_41","Live",15,2004,"GV_1_1_12",20.88916599,18.302235105,20.4678217825,9.22931167772874,38.3749904738075
"2889","GV",2019,1,1,12,41,"PIPO",1,20.3,"GV_1_1_12_41","Live",16.6,2008,"GV_1_1_12",22.76375871,20.88916599,23.4608460836364,9.7502572992518,19.0058927307274
"2890","GV",2004,1,1,12,50,"PIPO",3,NA,"GV_1_1_12_50","Dead",48.5,1997,"GV_1_1_12",18.302235105,20.732655405,20.93493635,9.71461632254499,9.50692490088509
"2891","GV",2004,1,1,12,51,"PIPO",1,8.8,"GV_1_1_12_51","Live",7.2,1997,"GV_1_1_12",18.302235105,20.732655405,20.93493635,9.71461632254499,9.50692490088509
"2892","GV",2008,1,1,12,51,"PIPO",1,11.6,"GV_1_1_12_51","Live",8.8,2004,"GV_1_1_12",20.88916599,18.302235105,20.4678217825,9.22931167772874,38.3749904738075
"2893","GV",2019,1,1,12,51,"PIPO",1,16,"GV_1_1_12_51","Live",11.6,2008,"GV_1_1_12",22.76375871,20.88916599,23.4608460836364,9.7502572992518,19.0058927307274
"2894","GV",2004,1,1,13,14,"PIPO",1,7,"GV_1_1_13_14","Live",4.8,1997,"GV_1_1_13",5.98262742,6.441082686654,12.7008486542857,9.71461632254499,10.3712271680376
"2895","GV",2008,1,1,13,14,"PIPO",1,8.9,"GV_1_1_13_14","Live",7,2004,"GV_1_1_13",6.7273437,5.98262742,14.353960395,9.22931167772874,40.8811630424498
"2896","GV",2019,1,1,13,14,"PIPO",1,11.6,"GV_1_1_13_14","Live",8.9,2008,"GV_1_1_13",8.762099115,6.7273437,15.4374437445455,9.7502572992518,20.8018984654636
"2897","GV",2004,1,1,13,15,"PIPO",1,4.1,"GV_1_1_13_15","Live",2.6,1997,"GV_1_1_13",5.98262742,6.441082686654,12.7008486542857,9.71461632254499,10.3712271680376
"2898","GV",2008,1,1,13,15,"PIPO",1,5.7,"GV_1_1_13_15","Live",4.1,2004,"GV_1_1_13",6.7273437,5.98262742,14.353960395,9.22931167772874,40.8811630424498
"2899","GV",2019,1,1,13,15,"PIPO",1,8.1,"GV_1_1_13_15","Live",5.7,2008,"GV_1_1_13",8.762099115,6.7273437,15.4374437445455,9.7502572992518,20.8018984654636
"2900","GV",2004,1,1,13,17,"PIPO",1,13.3,"GV_1_1_13_17","Live",10.9,1997,"GV_1_1_13",5.98262742,6.441082686654,12.7008486542857,9.71461632254499,10.3712271680376
"2901","GV",2008,1,1,13,17,"PIPO",1,15.8,"GV_1_1_13_17","Live",13.3,2004,"GV_1_1_13",6.7273437,5.98262742,14.353960395,9.22931167772874,40.8811630424498
"2902","GV",2019,1,1,13,17,"PIPO",1,20.6,"GV_1_1_13_17","Live",15.8,2008,"GV_1_1_13",8.762099115,6.7273437,15.4374437445455,9.7502572992518,20.8018984654636
"2903","GV",2004,1,1,13,18,"PIPO",1,16.3,"GV_1_1_13_18","Live",12.8,1997,"GV_1_1_13",5.98262742,6.441082686654,12.7008486542857,9.71461632254499,10.3712271680376
"2904","GV",2008,1,1,13,18,"PIPO",1,18.2,"GV_1_1_13_18","Live",16.3,2004,"GV_1_1_13",6.7273437,5.98262742,14.353960395,9.22931167772874,40.8811630424498
"2905","GV",2019,1,1,13,18,"PIPO",1,22.5,"GV_1_1_13_18","Live",18.2,2008,"GV_1_1_13",8.762099115,6.7273437,15.4374437445455,9.7502572992518,20.8018984654636
"2906","GV",2004,1,1,13,21,"PIPO",3,NA,"GV_1_1_13_21","Dead",25.6,1997,"GV_1_1_13",5.98262742,6.441082686654,12.7008486542857,9.71461632254499,10.3712271680376
"2907","GV",2004,1,1,13,22,"PIPO",1,2.7,"GV_1_1_13_22","Live",2.5,1997,"GV_1_1_13",5.98262742,6.441082686654,12.7008486542857,9.71461632254499,10.3712271680376
"2908","GV",2008,1,1,13,22,"PIPO",1,2.7,"GV_1_1_13_22","Live",2.7,2004,"GV_1_1_13",6.7273437,5.98262742,14.353960395,9.22931167772874,40.8811630424498
"2909","GV",2019,1,1,13,22,"PIPO",3,NA,"GV_1_1_13_22","Dead",2.7,2008,"GV_1_1_13",8.762099115,6.7273437,15.4374437445455,9.7502572992518,20.8018984654636
"2910","GV",2008,1,1,13,31,"PIPO",1,2,"GV_1_1_13_31","Live",1.8,2004,"GV_1_1_13",6.7273437,5.98262742,14.353960395,9.22931167772874,40.8811630424498
"2911","GV",2019,1,1,13,31,"PIPO",1,3.5,"GV_1_1_13_31","Live",2,2008,"GV_1_1_13",8.762099115,6.7273437,15.4374437445455,9.7502572992518,20.8018984654636
"2912","GV",2008,1,1,13,32,"PIPO",1,5.2,"GV_1_1_13_32","Live",4.2,2004,"GV_1_1_13",6.7273437,5.98262742,14.353960395,9.22931167772874,40.8811630424498
"2913","GV",2019,1,1,13,32,"PIPO",1,8.2,"GV_1_1_13_32","Live",5.2,2008,"GV_1_1_13",8.762099115,6.7273437,15.4374437445455,9.7502572992518,20.8018984654636
"2914","GV",2008,1,1,13,33,"PIPO",1,4.1,"GV_1_1_13_33","Live",3.8,2004,"GV_1_1_13",6.7273437,5.98262742,14.353960395,9.22931167772874,40.8811630424498
"2915","GV",2019,1,1,13,33,"PIPO",1,7.9,"GV_1_1_13_33","Live",4.1,2008,"GV_1_1_13",8.762099115,6.7273437,15.4374437445455,9.7502572992518,20.8018984654636
"2916","GV",2008,1,1,13,34,"PIPO",1,5.2,"GV_1_1_13_34","Live",3.7,2004,"GV_1_1_13",6.7273437,5.98262742,14.353960395,9.22931167772874,40.8811630424498
"2917","GV",2019,1,1,13,34,"PIPO",1,8.1,"GV_1_1_13_34","Live",5.2,2008,"GV_1_1_13",8.762099115,6.7273437,15.4374437445455,9.7502572992518,20.8018984654636
"2918","GV",2004,1,1,14,1,"PIPO",1,5.3,"GV_1_1_14_1","Live",4.4,1997,"GV_1_1_14",44.40270681,41.602225665,13.7114568628571,9.71461632254499,11.0167207957189
"2919","GV",2008,1,1,14,1,"PIPO",1,5.8,"GV_1_1_14_1","Live",5.3,2004,"GV_1_1_14",47.27664249,44.40270681,12.60643564,9.22931167772874,42.5647844443847
"2920","GV",2019,1,1,14,1,"PIPO",1,6.2,"GV_1_1_14_1","Live",5.8,2008,"GV_1_1_14",46.70601012,47.27664249,13.5261026099091,9.7502572992518,19.8545439716467
"2921","GV",2004,1,1,14,146,"PIPO",1,35.4,"GV_1_1_14_146","Live",33.9,1997,"GV_1_1_14",44.40270681,41.602225665,13.7114568628571,9.71461632254499,11.0167207957189
"2922","GV",2008,1,1,14,146,"PIPO",1,36.7,"GV_1_1_14_146","Live",35.4,2004,"GV_1_1_14",47.27664249,44.40270681,12.60643564,9.22931167772874,42.5647844443847
"2923","GV",2019,1,1,14,146,"PIPO",1,39.1,"GV_1_1_14_146","Live",36.7,2008,"GV_1_1_14",46.70601012,47.27664249,13.5261026099091,9.7502572992518,19.8545439716467
"2924","GV",2004,1,1,14,2,"PIPO",1,11.6,"GV_1_1_14_2","Live",10.5,1997,"GV_1_1_14",44.40270681,41.602225665,13.7114568628571,9.71461632254499,11.0167207957189
"2925","GV",2008,1,1,14,2,"PIPO",1,12.6,"GV_1_1_14_2","Live",11.6,2004,"GV_1_1_14",47.27664249,44.40270681,12.60643564,9.22931167772874,42.5647844443847
"2926","GV",2019,1,1,14,2,"PIPO",1,14.6,"GV_1_1_14_2","Live",12.6,2008,"GV_1_1_14",46.70601012,47.27664249,13.5261026099091,9.7502572992518,19.8545439716467
"2927","GV",2008,1,1,14,27,"PIPO",1,8.5,"GV_1_1_14_27","Live",5.4,1997,"GV_1_1_14",47.27664249,41.602225665,13.3096309636364,9.71461632254499,11.0167207957189
"2928","GV",2019,1,1,14,27,"PIPO",1,10.1,"GV_1_1_14_27","Live",8.5,2008,"GV_1_1_14",46.70601012,47.27664249,13.5261026099091,9.7502572992518,19.8545439716467
"2929","GV",2004,1,1,14,29,"PIPO",1,37.5,"GV_1_1_14_29","Live",35.4,1997,"GV_1_1_14",44.40270681,41.602225665,13.7114568628571,9.71461632254499,11.0167207957189
"2930","GV",2008,1,1,14,29,"PIPO",1,39,"GV_1_1_14_29","Live",37.5,2004,"GV_1_1_14",47.27664249,44.40270681,12.60643564,9.22931167772874,42.5647844443847
"2931","GV",2019,1,1,14,29,"PIPO",1,41.8,"GV_1_1_14_29","Live",39,2008,"GV_1_1_14",46.70601012,47.27664249,13.5261026099091,9.7502572992518,19.8545439716467
"2932","GV",2004,1,1,14,30,"PIPO",1,21.9,"GV_1_1_14_30","Live",20.9,1997,"GV_1_1_14",44.40270681,41.602225665,13.7114568628571,9.71461632254499,11.0167207957189
"2933","GV",2008,1,1,14,30,"PIPO",1,22.4,"GV_1_1_14_30","Live",21.9,2004,"GV_1_1_14",47.27664249,44.40270681,12.60643564,9.22931167772874,42.5647844443847
"2934","GV",2019,1,1,14,30,"PIPO",1,24.3,"GV_1_1_14_30","Live",22.4,2008,"GV_1_1_14",46.70601012,47.27664249,13.5261026099091,9.7502572992518,19.8545439716467
"2935","GV",2004,1,1,14,44,"PIPO",1,1.7,"GV_1_1_14_44","Live",1.5,1997,"GV_1_1_14",44.40270681,41.602225665,13.7114568628571,9.71461632254499,11.0167207957189
"2936","GV",2008,1,1,14,44,"PIPO",1,1.8,"GV_1_1_14_44","Live",1.7,2004,"GV_1_1_14",47.27664249,44.40270681,12.60643564,9.22931167772874,42.5647844443847
"2937","GV",2004,1,1,14,46,"PIPO",1,28.9,"GV_1_1_14_46","Live",27.1,1997,"GV_1_1_14",44.40270681,41.602225665,13.7114568628571,9.71461632254499,11.0167207957189
"2938","GV",2008,1,1,14,46,"PIPO",1,30.5,"GV_1_1_14_46","Live",28.9,2004,"GV_1_1_14",47.27664249,44.40270681,12.60643564,9.22931167772874,42.5647844443847
"2939","GV",2019,1,1,14,46,"PIPO",1,33,"GV_1_1_14_46","Live",30.5,2008,"GV_1_1_14",46.70601012,47.27664249,13.5261026099091,9.7502572992518,19.8545439716467
"2940","GV",2004,1,1,14,48,"PIPO",1,6.6,"GV_1_1_14_48","Live",5.2,1997,"GV_1_1_14",44.40270681,41.602225665,13.7114568628571,9.71461632254499,11.0167207957189
"2941","GV",2008,1,1,14,48,"PIPO",1,7.5,"GV_1_1_14_48","Live",6.6,2004,"GV_1_1_14",47.27664249,44.40270681,12.60643564,9.22931167772874,42.5647844443847
"2942","GV",2019,1,1,14,48,"PIPO",1,9.3,"GV_1_1_14_48","Live",7.5,2008,"GV_1_1_14",46.70601012,47.27664249,13.5261026099091,9.7502572992518,19.8545439716467
"2943","GV",2004,1,1,14,49,"PIPO",1,16.4,"GV_1_1_14_49","Live",14.9,1997,"GV_1_1_14",44.40270681,41.602225665,13.7114568628571,9.71461632254499,11.0167207957189
"2944","GV",2008,1,1,14,49,"PIPO",1,17.1,"GV_1_1_14_49","Live",16.4,2004,"GV_1_1_14",47.27664249,44.40270681,12.60643564,9.22931167772874,42.5647844443847
"2945","GV",2019,1,1,14,49,"PIPO",1,19,"GV_1_1_14_49","Live",17.1,2008,"GV_1_1_14",46.70601012,47.27664249,13.5261026099091,9.7502572992518,19.8545439716467
"2946","GV",2004,1,1,14,5,"PIPO",1,5.5,"GV_1_1_14_5","Live",4.3,1997,"GV_1_1_14",44.40270681,41.602225665,13.7114568628571,9.71461632254499,11.0167207957189
"2947","GV",2008,1,1,14,5,"PIPO",1,6.3,"GV_1_1_14_5","Live",5.5,2004,"GV_1_1_14",47.27664249,44.40270681,12.60643564,9.22931167772874,42.5647844443847
"2948","GV",2019,1,1,14,5,"PIPO",1,7.3,"GV_1_1_14_5","Live",6.3,2008,"GV_1_1_14",46.70601012,47.27664249,13.5261026099091,9.7502572992518,19.8545439716467
"2949","GV",2004,1,1,14,50,"PIPO",1,9.2,"GV_1_1_14_50","Live",8.8,1997,"GV_1_1_14",44.40270681,41.602225665,13.7114568628571,9.71461632254499,11.0167207957189
"2950","GV",2008,1,1,14,50,"PIPO",1,9.7,"GV_1_1_14_50","Live",9.2,2004,"GV_1_1_14",47.27664249,44.40270681,12.60643564,9.22931167772874,42.5647844443847
"2951","GV",2019,1,1,14,50,"PIPO",1,10.1,"GV_1_1_14_50","Live",9.7,2008,"GV_1_1_14",46.70601012,47.27664249,13.5261026099091,9.7502572992518,19.8545439716467
"2952","GV",2004,1,1,14,51,"PIPO",1,32.9,"GV_1_1_14_51","Live",31,1997,"GV_1_1_14",44.40270681,41.602225665,13.7114568628571,9.71461632254499,11.0167207957189
"2953","GV",2008,1,1,14,51,"PIPO",1,34.1,"GV_1_1_14_51","Live",32.9,2004,"GV_1_1_14",47.27664249,44.40270681,12.60643564,9.22931167772874,42.5647844443847
"2954","GV",2019,1,1,14,51,"PIPO",1,37.5,"GV_1_1_14_51","Live",34.1,2008,"GV_1_1_14",46.70601012,47.27664249,13.5261026099091,9.7502572992518,19.8545439716467
"2955","GV",2004,1,1,14,52,"PIPO",1,7,"GV_1_1_14_52","Live",6.6,1997,"GV_1_1_14",44.40270681,41.602225665,13.7114568628571,9.71461632254499,11.0167207957189
"2956","GV",2008,1,1,14,52,"PIPO",1,7.2,"GV_1_1_14_52","Live",7,2004,"GV_1_1_14",47.27664249,44.40270681,12.60643564,9.22931167772874,42.5647844443847
"2957","GV",2019,1,1,14,52,"PIPO",1,8,"GV_1_1_14_52","Live",7.2,2008,"GV_1_1_14",46.70601012,47.27664249,13.5261026099091,9.7502572992518,19.8545439716467
"2958","GV",2004,1,1,14,53,"PIPO",1,7.1,"GV_1_1_14_53","Live",6.8,1997,"GV_1_1_14",44.40270681,41.602225665,13.7114568628571,9.71461632254499,11.0167207957189
"2959","GV",2008,1,1,14,53,"PIPO",1,7.4,"GV_1_1_14_53","Live",7.1,2004,"GV_1_1_14",47.27664249,44.40270681,12.60643564,9.22931167772874,42.5647844443847
"2960","GV",2019,1,1,14,53,"PIPO",1,7.5,"GV_1_1_14_53","Live",7.4,2008,"GV_1_1_14",46.70601012,47.27664249,13.5261026099091,9.7502572992518,19.8545439716467
"2961","GV",2004,1,1,14,54,"PIPO",1,9.5,"GV_1_1_14_54","Live",10,1997,"GV_1_1_14",44.40270681,41.602225665,13.7114568628571,9.71461632254499,11.0167207957189
"2962","GV",2008,1,1,14,54,"PIPO",1,9.7,"GV_1_1_14_54","Live",9.5,2004,"GV_1_1_14",47.27664249,44.40270681,12.60643564,9.22931167772874,42.5647844443847
"2963","GV",2019,1,1,14,54,"PIPO",1,9.9,"GV_1_1_14_54","Live",9.7,2008,"GV_1_1_14",46.70601012,47.27664249,13.5261026099091,9.7502572992518,19.8545439716467
"2964","GV",2004,1,1,14,55,"PIPO",1,6.4,"GV_1_1_14_55","Live",5.7,1997,"GV_1_1_14",44.40270681,41.602225665,13.7114568628571,9.71461632254499,11.0167207957189
"2965","GV",2008,1,1,14,55,"PIPO",1,7,"GV_1_1_14_55","Live",6.4,2004,"GV_1_1_14",47.27664249,44.40270681,12.60643564,9.22931167772874,42.5647844443847
"2966","GV",2019,1,1,14,55,"PIPO",1,7.3,"GV_1_1_14_55","Live",7,2008,"GV_1_1_14",46.70601012,47.27664249,13.5261026099091,9.7502572992518,19.8545439716467
"2967","GV",2004,1,1,14,56,"PIPO",1,16.7,"GV_1_1_14_56","Live",15.6,1997,"GV_1_1_14",44.40270681,41.602225665,13.7114568628571,9.71461632254499,11.0167207957189
"2968","GV",2008,1,1,14,56,"PIPO",1,18.3,"GV_1_1_14_56","Live",16.7,2004,"GV_1_1_14",47.27664249,44.40270681,12.60643564,9.22931167772874,42.5647844443847
"2969","GV",2019,1,1,14,56,"PIPO",1,20.3,"GV_1_1_14_56","Live",18.3,2008,"GV_1_1_14",46.70601012,47.27664249,13.5261026099091,9.7502572992518,19.8545439716467
"2970","GV",2004,1,1,14,57,"PIPO",1,15,"GV_1_1_14_57","Live",13.8,1997,"GV_1_1_14",44.40270681,41.602225665,13.7114568628571,9.71461632254499,11.0167207957189
"2971","GV",2008,1,1,14,57,"PIPO",1,15.7,"GV_1_1_14_57","Live",15,2004,"GV_1_1_14",47.27664249,44.40270681,12.60643564,9.22931167772874,42.5647844443847
"2972","GV",2019,1,1,14,57,"PIPO",1,16.5,"GV_1_1_14_57","Live",15.7,2008,"GV_1_1_14",46.70601012,47.27664249,13.5261026099091,9.7502572992518,19.8545439716467
"2973","GV",2004,1,1,14,59,"PIPO",1,6.5,"GV_1_1_14_59","Live",5.4,1997,"GV_1_1_14",44.40270681,41.602225665,13.7114568628571,9.71461632254499,11.0167207957189
"2974","GV",2008,1,1,14,59,"PIPO",1,6.8,"GV_1_1_14_59","Live",6.5,2004,"GV_1_1_14",47.27664249,44.40270681,12.60643564,9.22931167772874,42.5647844443847
"2975","GV",2019,1,1,14,59,"PIPO",1,6.8,"GV_1_1_14_59","Live",6.8,2008,"GV_1_1_14",46.70601012,47.27664249,13.5261026099091,9.7502572992518,19.8545439716467
"2976","GV",2004,1,1,14,64,"PIPO",1,25.4,"GV_1_1_14_64","Live",23.8,1997,"GV_1_1_14",44.40270681,41.602225665,13.7114568628571,9.71461632254499,11.0167207957189
"2977","GV",2008,1,1,14,64,"PIPO",1,26.5,"GV_1_1_14_64","Live",25.4,2004,"GV_1_1_14",47.27664249,44.40270681,12.60643564,9.22931167772874,42.5647844443847
"2978","GV",2019,1,1,14,64,"PIPO",1,29.5,"GV_1_1_14_64","Live",26.5,2008,"GV_1_1_14",46.70601012,47.27664249,13.5261026099091,9.7502572992518,19.8545439716467
"2979","GV",2004,1,1,14,65,"PIPO",1,17,"GV_1_1_14_65","Live",15.5,1997,"GV_1_1_14",44.40270681,41.602225665,13.7114568628571,9.71461632254499,11.0167207957189
"2980","GV",2008,1,1,14,65,"PIPO",1,18.3,"GV_1_1_14_65","Live",17,2004,"GV_1_1_14",47.27664249,44.40270681,12.60643564,9.22931167772874,42.5647844443847
"2981","GV",2019,1,1,14,65,"PIPO",1,19.9,"GV_1_1_14_65","Live",18.3,2008,"GV_1_1_14",46.70601012,47.27664249,13.5261026099091,9.7502572992518,19.8545439716467
"2982","GV",2004,1,1,14,66,"PIPO",1,10.4,"GV_1_1_14_66","Live",9,1997,"GV_1_1_14",44.40270681,41.602225665,13.7114568628571,9.71461632254499,11.0167207957189
"2983","GV",2008,1,1,14,66,"PIPO",1,11.1,"GV_1_1_14_66","Live",10.4,2004,"GV_1_1_14",47.27664249,44.40270681,12.60643564,9.22931167772874,42.5647844443847
"2984","GV",2019,1,1,14,66,"PIPO",1,13.2,"GV_1_1_14_66","Live",11.1,2008,"GV_1_1_14",46.70601012,47.27664249,13.5261026099091,9.7502572992518,19.8545439716467
"2985","GV",2004,1,1,14,8,"PIPO",1,6.7,"GV_1_1_14_8","Live",5.1,1997,"GV_1_1_14",44.40270681,41.602225665,13.7114568628571,9.71461632254499,11.0167207957189
"2986","GV",2008,1,1,14,8,"PIPO",1,8.8,"GV_1_1_14_8","Live",6.7,2004,"GV_1_1_14",47.27664249,44.40270681,12.60643564,9.22931167772874,42.5647844443847
"2987","GV",2019,1,1,14,8,"PIPO",1,9.9,"GV_1_1_14_8","Live",8.8,2008,"GV_1_1_14",46.70601012,47.27664249,13.5261026099091,9.7502572992518,19.8545439716467
"2988","GV",2004,1,1,15,12,"PIPO",1,23.2,"GV_1_1_15_12","Live",21.2,1997,"GV_1_1_15",35.32038048,33.528392205,14.74371859,9.71461632254499,11.2092562525268
"2989","GV",2008,1,1,15,12,"PIPO",1,23.9,"GV_1_1_15_12","Live",23.2,2004,"GV_1_1_15",36.31548228,35.32038048,15.8253768875,9.22931167772874,41.9395784826827
"2990","GV",2019,1,1,15,12,"PIPO",1,28.6,"GV_1_1_15_12","Live",23.9,2008,"GV_1_1_15",39.21726039,36.31548228,17.6687985381818,9.7502572992518,21.1851711850222
"2991","GV",2004,1,1,15,15,"PIPO",1,7.4,"GV_1_1_15_15","Live",6,1997,"GV_1_1_15",35.32038048,33.528392205,14.74371859,9.71461632254499,11.2092562525268
"2992","GV",2008,1,1,15,15,"PIPO",1,8.1,"GV_1_1_15_15","Live",7.4,2004,"GV_1_1_15",36.31548228,35.32038048,15.8253768875,9.22931167772874,41.9395784826827
"2993","GV",2019,1,1,15,15,"PIPO",1,10,"GV_1_1_15_15","Live",8.1,2008,"GV_1_1_15",39.21726039,36.31548228,17.6687985381818,9.7502572992518,21.1851711850222
"2994","GV",2004,1,1,15,18,"PIPO",1,45.4,"GV_1_1_15_18","Live",43.6,1997,"GV_1_1_15",35.32038048,33.528392205,14.74371859,9.71461632254499,11.2092562525268
"2995","GV",2008,1,1,15,18,"PIPO",1,46.9,"GV_1_1_15_18","Live",45.4,2004,"GV_1_1_15",36.31548228,35.32038048,15.8253768875,9.22931167772874,41.9395784826827
"2996","GV",2019,1,1,15,18,"PIPO",1,49.5,"GV_1_1_15_18","Live",46.9,2008,"GV_1_1_15",39.21726039,36.31548228,17.6687985381818,9.7502572992518,21.1851711850222
"2997","GV",2004,1,1,15,19,"PIPO",1,27,"GV_1_1_15_19","Live",25.7,1997,"GV_1_1_15",35.32038048,33.528392205,14.74371859,9.71461632254499,11.2092562525268
"2998","GV",2008,1,1,15,19,"PIPO",1,28.1,"GV_1_1_15_19","Live",27,2004,"GV_1_1_15",36.31548228,35.32038048,15.8253768875,9.22931167772874,41.9395784826827
"2999","GV",2019,1,1,15,19,"PIPO",1,31,"GV_1_1_15_19","Live",28.1,2008,"GV_1_1_15",39.21726039,36.31548228,17.6687985381818,9.7502572992518,21.1851711850222
"3000","GV",2004,1,1,15,2,"PIPO",1,4.2,"GV_1_1_15_2","Live",3,1997,"GV_1_1_15",35.32038048,33.528392205,14.74371859,9.71461632254499,11.2092562525268
"3001","GV",2008,1,1,15,2,"PIPO",1,5.1,"GV_1_1_15_2","Live",4.2,2004,"GV_1_1_15",36.31548228,35.32038048,15.8253768875,9.22931167772874,41.9395784826827
"3002","GV",2004,1,1,15,22,"PIPO",1,16.8,"GV_1_1_15_22","Live",13.8,1997,"GV_1_1_15",35.32038048,33.528392205,14.74371859,9.71461632254499,11.2092562525268
"3003","GV",2008,1,1,15,22,"PIPO",1,19.1,"GV_1_1_15_22","Live",16.8,2004,"GV_1_1_15",36.31548228,35.32038048,15.8253768875,9.22931167772874,41.9395784826827
"3004","GV",2019,1,1,15,22,"PIPO",1,23.2,"GV_1_1_15_22","Live",19.1,2008,"GV_1_1_15",39.21726039,36.31548228,17.6687985381818,9.7502572992518,21.1851711850222
"3005","GV",2004,1,1,15,23,"PIPO",1,23.3,"GV_1_1_15_23","Live",21.6,1997,"GV_1_1_15",35.32038048,33.528392205,14.74371859,9.71461632254499,11.2092562525268
"3006","GV",2008,1,1,15,23,"PIPO",1,24.4,"GV_1_1_15_23","Live",23.3,2004,"GV_1_1_15",36.31548228,35.32038048,15.8253768875,9.22931167772874,41.9395784826827
"3007","GV",2019,1,1,15,23,"PIPO",1,26.6,"GV_1_1_15_23","Live",24.4,2008,"GV_1_1_15",39.21726039,36.31548228,17.6687985381818,9.7502572992518,21.1851711850222
"3008","GV",2004,1,1,15,24,"PIPO",1,60.1,"GV_1_1_15_24","Live",59.8,1997,"GV_1_1_15",35.32038048,33.528392205,14.74371859,9.71461632254499,11.2092562525268
"3009","GV",2008,1,1,15,24,"PIPO",1,60.3,"GV_1_1_15_24","Live",60.1,2004,"GV_1_1_15",36.31548228,35.32038048,15.8253768875,9.22931167772874,41.9395784826827
"3010","GV",2019,1,1,15,24,"PIPO",1,60.4,"GV_1_1_15_24","Live",60.3,2008,"GV_1_1_15",39.21726039,36.31548228,17.6687985381818,9.7502572992518,21.1851711850222
"3011","GV",2004,1,1,15,25,"PIPO",1,23.4,"GV_1_1_15_25","Live",21.5,1997,"GV_1_1_15",35.32038048,33.528392205,14.74371859,9.71461632254499,11.2092562525268
"3012","GV",2008,1,1,15,25,"PIPO",1,24.9,"GV_1_1_15_25","Live",23.4,2004,"GV_1_1_15",36.31548228,35.32038048,15.8253768875,9.22931167772874,41.9395784826827
"3013","GV",2019,1,1,15,25,"PIPO",1,28.4,"GV_1_1_15_25","Live",24.9,2008,"GV_1_1_15",39.21726039,36.31548228,17.6687985381818,9.7502572992518,21.1851711850222
"3014","GV",2004,1,1,15,27,"PIPO",1,86.7,"GV_1_1_15_27","Live",85.8,1997,"GV_1_1_15",35.32038048,33.528392205,14.74371859,9.71461632254499,11.2092562525268
"3015","GV",2008,1,1,15,27,"PIPO",1,86.7,"GV_1_1_15_27","Live",86.7,2004,"GV_1_1_15",36.31548228,35.32038048,15.8253768875,9.22931167772874,41.9395784826827
"3016","GV",2019,1,1,15,27,"PIPO",1,87.4,"GV_1_1_15_27","Live",86.7,2008,"GV_1_1_15",39.21726039,36.31548228,17.6687985381818,9.7502572992518,21.1851711850222
"3017","GV",2004,1,1,16,20,"PIPO",1,82.8,"GV_1_1_16_20","Live",82.7,1997,"GV_1_1_16",31.4646948,30.588561465,23.40311174,9.71461632254499,11.5619657321375
"3018","GV",2008,1,1,16,20,"PIPO",1,83,"GV_1_1_16_20","Live",82.8,2004,"GV_1_1_16",32.3631924,31.4646948,21.63118812,9.22931167772874,40.3021648493085
"3019","GV",2019,1,1,16,20,"PIPO",1,83.3,"GV_1_1_16_20","Live",83,2008,"GV_1_1_16",33.75782718,32.3631924,21.1512151209091,9.7502572992518,20.6084480452269
"3020","GV",2004,1,1,16,22,"PIPO",1,33.2,"GV_1_1_16_22","Live",32.8,1997,"GV_1_1_16",31.4646948,30.588561465,23.40311174,9.71461632254499,11.5619657321375
"3021","GV",2008,1,1,16,22,"PIPO",1,34.5,"GV_1_1_16_22","Live",33.2,2004,"GV_1_1_16",32.3631924,31.4646948,21.63118812,9.22931167772874,40.3021648493085
"3022","GV",2019,1,1,16,22,"PIPO",1,35.4,"GV_1_1_16_22","Live",34.5,2008,"GV_1_1_16",33.75782718,32.3631924,21.1512151209091,9.7502572992518,20.6084480452269
"3023","GV",2004,1,1,16,23,"PIPO",1,32.4,"GV_1_1_16_23","Live",30.5,1997,"GV_1_1_16",31.4646948,30.588561465,23.40311174,9.71461632254499,11.5619657321375
"3024","GV",2008,1,1,16,23,"PIPO",1,33.6,"GV_1_1_16_23","Live",32.4,2004,"GV_1_1_16",32.3631924,31.4646948,21.63118812,9.22931167772874,40.3021648493085
"3025","GV",2019,1,1,16,23,"PIPO",1,37.5,"GV_1_1_16_23","Live",33.6,2008,"GV_1_1_16",33.75782718,32.3631924,21.1512151209091,9.7502572992518,20.6084480452269
"3026","GV",2004,1,1,16,24,"PIPO",1,51.5,"GV_1_1_16_24","Live",49.3,1997,"GV_1_1_16",31.4646948,30.588561465,23.40311174,9.71461632254499,11.5619657321375
"3027","GV",2008,1,1,16,24,"PIPO",1,52.5,"GV_1_1_16_24","Live",51.5,2004,"GV_1_1_16",32.3631924,31.4646948,21.63118812,9.22931167772874,40.3021648493085
"3028","GV",2019,1,1,16,24,"PIPO",1,56.5,"GV_1_1_16_24","Live",52.5,2008,"GV_1_1_16",33.75782718,32.3631924,21.1512151209091,9.7502572992518,20.6084480452269
"3029","GV",2004,1,1,16,4,"PIPO",1,4.9,"GV_1_1_16_4","Live",2.7,1997,"GV_1_1_16",31.4646948,30.588561465,23.40311174,9.71461632254499,11.5619657321375
"3030","GV",2008,1,1,16,4,"PIPO",1,6.2,"GV_1_1_16_4","Live",4.9,2004,"GV_1_1_16",32.3631924,31.4646948,21.63118812,9.22931167772874,40.3021648493085
"3031","GV",2019,1,1,16,4,"PIPO",1,9.7,"GV_1_1_16_4","Live",6.2,2008,"GV_1_1_16",33.75782718,32.3631924,21.1512151209091,9.7502572992518,20.6084480452269
"3032","GV",2004,1,1,17,1,"PIPO",1,55.4,"GV_1_1_17_1","Live",54.6,1997,"GV_1_1_17",40.41684108,39.27345576,19.88011486,9.71461632254499,10.7803569831838
"3033","GV",2008,1,1,17,1,"PIPO",1,56,"GV_1_1_17_1","Live",55.4,2004,"GV_1_1_17",40.921205325,40.41684108,20.0565326625,9.22931167772874,39.8424940538171
"3034","GV",2019,1,1,17,1,"PIPO",1,56.9,"GV_1_1_17_1","Live",56,2008,"GV_1_1_17",42.3727227,40.921205325,21.9707629054545,9.7502572992518,18.0583264272824
"3035","GV",2004,1,1,17,2,"PIPO",2,80.8,"GV_1_1_17_2","Live",80.3,1997,"GV_1_1_17",40.41684108,39.27345576,19.88011486,9.71461632254499,10.7803569831838
"3036","GV",2008,1,1,17,2,"PIPO",1,81.4,"GV_1_1_17_2","Live",80.8,2004,"GV_1_1_17",40.921205325,40.41684108,20.0565326625,9.22931167772874,39.8424940538171
"3037","GV",2019,1,1,17,2,"PIPO",1,82.3,"GV_1_1_17_2","Live",81.4,2008,"GV_1_1_17",42.3727227,40.921205325,21.9707629054545,9.7502572992518,18.0583264272824
"3038","GV",2004,1,1,17,5,"PIPO",1,46,"GV_1_1_17_5","Live",44.9,1997,"GV_1_1_17",40.41684108,39.27345576,19.88011486,9.71461632254499,10.7803569831838
"3039","GV",2008,1,1,17,5,"PIPO",1,46.7,"GV_1_1_17_5","Live",46,2004,"GV_1_1_17",40.921205325,40.41684108,20.0565326625,9.22931167772874,39.8424940538171
"3040","GV",2019,1,1,17,5,"PIPO",1,48.7,"GV_1_1_17_5","Live",46.7,2008,"GV_1_1_17",42.3727227,40.921205325,21.9707629054545,9.7502572992518,18.0583264272824
"3041","GV",2004,1,1,17,6,"PIPO",1,27.8,"GV_1_1_17_6","Live",27.1,1997,"GV_1_1_17",40.41684108,39.27345576,19.88011486,9.71461632254499,10.7803569831838
"3042","GV",2008,1,1,17,6,"PIPO",1,28.5,"GV_1_1_17_6","Live",27.8,2004,"GV_1_1_17",40.921205325,40.41684108,20.0565326625,9.22931167772874,39.8424940538171
"3043","GV",2019,1,1,17,6,"PIPO",1,30.2,"GV_1_1_17_6","Live",28.5,2008,"GV_1_1_17",42.3727227,40.921205325,21.9707629054545,9.7502572992518,18.0583264272824
"3044","GV",2004,1,1,17,7,"PIPO",1,68.8,"GV_1_1_17_7","Live",67.2,1997,"GV_1_1_17",40.41684108,39.27345576,19.88011486,9.71461632254499,10.7803569831838
"3045","GV",2008,1,1,17,7,"PIPO",1,68.8,"GV_1_1_17_7","Live",68.8,2004,"GV_1_1_17",40.921205325,40.41684108,20.0565326625,9.22931167772874,39.8424940538171
"3046","GV",2019,1,1,17,7,"PIPO",1,69.4,"GV_1_1_17_7","Live",68.8,2008,"GV_1_1_17",42.3727227,40.921205325,21.9707629054545,9.7502572992518,18.0583264272824
"3047","GV",2004,1,1,17,8,"PIPO",1,58,"GV_1_1_17_8","Live",57.5,1997,"GV_1_1_17",40.41684108,39.27345576,19.88011486,9.71461632254499,10.7803569831838
"3048","GV",2008,1,1,17,8,"PIPO",1,57.9,"GV_1_1_17_8","Live",58,2004,"GV_1_1_17",40.921205325,40.41684108,20.0565326625,9.22931167772874,39.8424940538171
"3049","GV",2019,1,1,17,8,"PIPO",1,58.9,"GV_1_1_17_8","Live",57.9,2008,"GV_1_1_17",42.3727227,40.921205325,21.9707629054545,9.7502572992518,18.0583264272824
"3050","GV",2004,1,1,18,12,"PIPO",1,52.5,"GV_1_1_18_12","Live",51.8,1997,"GV_1_1_18",24.780960435,23.4442015053442,17.5108225085714,9.71461632254499,9.50558665366817
"3051","GV",2008,1,1,18,12,"PIPO",1,52.8,"GV_1_1_18_12","Live",52.5,2004,"GV_1_1_18",26.64139632,24.780960435,16.32070707,9.22931167772874,31.9678297644086
"3052","GV",2019,1,1,18,12,"PIPO",1,55.6,"GV_1_1_18_12","Live",52.8,2008,"GV_1_1_18",30.505505415,26.64139632,19.09687787,9.7502572992518,16.8643431155793
"3053","GV",2004,1,1,18,13,"PIPO",1,32.9,"GV_1_1_18_13","Live",31.4,1997,"GV_1_1_18",24.780960435,23.4442015053442,17.5108225085714,9.71461632254499,9.50558665366817
"3054","GV",2008,1,1,18,13,"PIPO",1,34.3,"GV_1_1_18_13","Live",32.9,2004,"GV_1_1_18",26.64139632,24.780960435,16.32070707,9.22931167772874,31.9678297644086
"3055","GV",2019,1,1,18,13,"PIPO",1,36.8,"GV_1_1_18_13","Live",34.3,2008,"GV_1_1_18",30.505505415,26.64139632,19.09687787,9.7502572992518,16.8643431155793
"3056","GV",2004,1,1,18,14,"PIPO",1,26.1,"GV_1_1_18_14","Live",25.3,1997,"GV_1_1_18",24.780960435,23.4442015053442,17.5108225085714,9.71461632254499,9.50558665366817
"3057","GV",2008,1,1,18,14,"PIPO",1,26.6,"GV_1_1_18_14","Live",26.1,2004,"GV_1_1_18",26.64139632,24.780960435,16.32070707,9.22931167772874,31.9678297644086
"3058","GV",2019,1,1,18,14,"PIPO",1,28.1,"GV_1_1_18_14","Live",26.6,2008,"GV_1_1_18",30.505505415,26.64139632,19.09687787,9.7502572992518,16.8643431155793
"3059","GV",2004,1,1,18,15,"PIPO",1,34.6,"GV_1_1_18_15","Live",32.8,1997,"GV_1_1_18",24.780960435,23.4442015053442,17.5108225085714,9.71461632254499,9.50558665366817
"3060","GV",2008,1,1,18,15,"PIPO",1,35.7,"GV_1_1_18_15","Live",34.6,2004,"GV_1_1_18",26.64139632,24.780960435,16.32070707,9.22931167772874,31.9678297644086
"3061","GV",2019,1,1,18,15,"PIPO",1,40.8,"GV_1_1_18_15","Live",35.7,2008,"GV_1_1_18",30.505505415,26.64139632,19.09687787,9.7502572992518,16.8643431155793
"3062","GV",2004,1,1,18,17,"PIPO",1,42.3,"GV_1_1_18_17","Live",40.6,1997,"GV_1_1_18",24.780960435,23.4442015053442,17.5108225085714,9.71461632254499,9.50558665366817
"3063","GV",2008,1,1,18,17,"PIPO",1,44,"GV_1_1_18_17","Live",42.3,2004,"GV_1_1_18",26.64139632,24.780960435,16.32070707,9.22931167772874,31.9678297644086
"3064","GV",2019,1,1,18,17,"PIPO",1,48.5,"GV_1_1_18_17","Live",44,2008,"GV_1_1_18",30.505505415,26.64139632,19.09687787,9.7502572992518,16.8643431155793
"3065","GV",2004,1,1,18,2,"PIPO",1,31,"GV_1_1_18_2","Live",29.9,1997,"GV_1_1_18",24.780960435,23.4442015053442,17.5108225085714,9.71461632254499,9.50558665366817
"3066","GV",2008,1,1,18,2,"PIPO",1,31.1,"GV_1_1_18_2","Live",31,2004,"GV_1_1_18",26.64139632,24.780960435,16.32070707,9.22931167772874,31.9678297644086
"3067","GV",2019,1,1,18,2,"PIPO",1,33.6,"GV_1_1_18_2","Live",31.1,2008,"GV_1_1_18",30.505505415,26.64139632,19.09687787,9.7502572992518,16.8643431155793
"3068","GV",2004,1,1,18,3,"PIPO",1,40,"GV_1_1_18_3","Live",38,1997,"GV_1_1_18",24.780960435,23.4442015053442,17.5108225085714,9.71461632254499,9.50558665366817
"3069","GV",2008,1,1,18,3,"PIPO",1,43,"GV_1_1_18_3","Live",40,2004,"GV_1_1_18",26.64139632,24.780960435,16.32070707,9.22931167772874,31.9678297644086
"3070","GV",2019,1,1,18,3,"PIPO",1,46.3,"GV_1_1_18_3","Live",43,2008,"GV_1_1_18",30.505505415,26.64139632,19.09687787,9.7502572992518,16.8643431155793
"3071","GV",2004,1,1,18,4,"PIPO",1,37.1,"GV_1_1_18_4","Live",37,1997,"GV_1_1_18",24.780960435,23.4442015053442,17.5108225085714,9.71461632254499,9.50558665366817
"3072","GV",2008,1,1,18,4,"PIPO",1,39.1,"GV_1_1_18_4","Live",37.1,2004,"GV_1_1_18",26.64139632,24.780960435,16.32070707,9.22931167772874,31.9678297644086
"3073","GV",2019,1,1,18,4,"PIPO",1,40.5,"GV_1_1_18_4","Live",39.1,2008,"GV_1_1_18",30.505505415,26.64139632,19.09687787,9.7502572992518,16.8643431155793
"3074","GV",2004,1,1,1,100,"PIPO",1,15.5,"GV_1_1_1_100","Live",13.6,1997,"GV_1_1_1",37.27308123,37.68042894,38.9404163671429,9.71461632254499,11.7021620966638
"3075","GV",2008,1,1,1,100,"PIPO",1,17.1,"GV_1_1_1_100","Live",15.5,2004,"GV_1_1_1",39.265228695,37.27308123,34.2324120625,9.22931167772874,44.3431354345262
"3076","GV",2019,1,1,1,100,"PIPO",1,20.3,"GV_1_1_1_100","Live",17.1,2008,"GV_1_1_1",37.75225377,39.265228695,32.6075833727273,9.7502572992518,21.0799582951609
"3077","GV",2004,1,1,1,101,"PIPO",1,4.5,"GV_1_1_1_101","Live",3.5,1997,"GV_1_1_1",37.27308123,37.68042894,38.9404163671429,9.71461632254499,11.7021620966638
"3078","GV",2008,1,1,1,101,"PIPO",1,5.1,"GV_1_1_1_101","Live",4.5,2004,"GV_1_1_1",39.265228695,37.27308123,34.2324120625,9.22931167772874,44.3431354345262
"3079","GV",2019,1,1,1,101,"PIPO",1,6.9,"GV_1_1_1_101","Live",5.1,2008,"GV_1_1_1",37.75225377,39.265228695,32.6075833727273,9.7502572992518,21.0799582951609
"3080","GV",2004,1,1,1,11,"PIPO",1,18.7,"GV_1_1_1_11","Live",16.1,1997,"GV_1_1_1",37.27308123,37.68042894,38.9404163671429,9.71461632254499,11.7021620966638
"3081","GV",2008,1,1,1,11,"PIPO",1,20.6,"GV_1_1_1_11","Live",18.7,2004,"GV_1_1_1",39.265228695,37.27308123,34.2324120625,9.22931167772874,44.3431354345262
"3082","GV",2019,1,1,1,11,"PIPO",1,25.3,"GV_1_1_1_11","Live",20.6,2008,"GV_1_1_1",37.75225377,39.265228695,32.6075833727273,9.7502572992518,21.0799582951609
"3083","GV",2004,1,1,1,12,"PIPO",1,44.8,"GV_1_1_1_12","Live",43.9,1997,"GV_1_1_1",37.27308123,37.68042894,38.9404163671429,9.71461632254499,11.7021620966638
"3084","GV",2008,1,1,1,12,"PIPO",1,45.5,"GV_1_1_1_12","Live",44.8,2004,"GV_1_1_1",39.265228695,37.27308123,34.2324120625,9.22931167772874,44.3431354345262
"3085","GV",2019,1,1,1,12,"PIPO",1,48.1,"GV_1_1_1_12","Live",45.5,2008,"GV_1_1_1",37.75225377,39.265228695,32.6075833727273,9.7502572992518,21.0799582951609
"3086","GV",2004,1,1,1,13,"PIPO",1,42.7,"GV_1_1_1_13","Live",41.4,1997,"GV_1_1_1",37.27308123,37.68042894,38.9404163671429,9.71461632254499,11.7021620966638
"3087","GV",2008,1,1,1,13,"PIPO",1,44.1,"GV_1_1_1_13","Live",42.7,2004,"GV_1_1_1",39.265228695,37.27308123,34.2324120625,9.22931167772874,44.3431354345262
"3088","GV",2019,1,1,1,13,"PIPO",1,46.6,"GV_1_1_1_13","Live",44.1,2008,"GV_1_1_1",37.75225377,39.265228695,32.6075833727273,9.7502572992518,21.0799582951609
"3089","GV",2004,1,1,1,14,"PIPO",1,41.6,"GV_1_1_1_14","Live",40.7,1997,"GV_1_1_1",37.27308123,37.68042894,38.9404163671429,9.71461632254499,11.7021620966638
"3090","GV",2008,1,1,1,14,"PIPO",1,42.6,"GV_1_1_1_14","Live",41.6,2004,"GV_1_1_1",39.265228695,37.27308123,34.2324120625,9.22931167772874,44.3431354345262
"3091","GV",2019,1,1,1,14,"PIPO",1,44.2,"GV_1_1_1_14","Live",42.6,2008,"GV_1_1_1",37.75225377,39.265228695,32.6075833727273,9.7502572992518,21.0799582951609
"3092","GV",2004,1,1,1,143,"PIPO",1,4.8,"GV_1_1_1_143","Live",4.7,1997,"GV_1_1_1",37.27308123,37.68042894,38.9404163671429,9.71461632254499,11.7021620966638
"3093","GV",2008,1,1,1,143,"PIPO",1,5.3,"GV_1_1_1_143","Live",4.8,2004,"GV_1_1_1",39.265228695,37.27308123,34.2324120625,9.22931167772874,44.3431354345262
"3094","GV",2019,1,1,1,143,"PIPO",1,5.6,"GV_1_1_1_143","Live",5.3,2008,"GV_1_1_1",37.75225377,39.265228695,32.6075833727273,9.7502572992518,21.0799582951609
"3095","GV",2004,1,1,1,144,"PIPO",1,14.2,"GV_1_1_1_144","Live",12.1,1997,"GV_1_1_1",37.27308123,37.68042894,38.9404163671429,9.71461632254499,11.7021620966638
"3096","GV",2008,1,1,1,144,"PIPO",1,15.7,"GV_1_1_1_144","Live",14.2,2004,"GV_1_1_1",39.265228695,37.27308123,34.2324120625,9.22931167772874,44.3431354345262
"3097","GV",2019,1,1,1,144,"PIPO",1,18.8,"GV_1_1_1_144","Live",15.7,2008,"GV_1_1_1",37.75225377,39.265228695,32.6075833727273,9.7502572992518,21.0799582951609
"3098","GV",2004,1,1,1,145,"PIPO",1,10.5,"GV_1_1_1_145","Live",9,1997,"GV_1_1_1",37.27308123,37.68042894,38.9404163671429,9.71461632254499,11.7021620966638
"3099","GV",2008,1,1,1,145,"PIPO",1,11.3,"GV_1_1_1_145","Live",10.5,2004,"GV_1_1_1",39.265228695,37.27308123,34.2324120625,9.22931167772874,44.3431354345262
"3100","GV",2019,1,1,1,145,"PIPO",1,12.9,"GV_1_1_1_145","Live",11.3,2008,"GV_1_1_1",37.75225377,39.265228695,32.6075833727273,9.7502572992518,21.0799582951609
"3101","GV",2004,1,1,1,15,"PIPO",1,26.2,"GV_1_1_1_15","Live",26,1997,"GV_1_1_1",37.27308123,37.68042894,38.9404163671429,9.71461632254499,11.7021620966638
"3102","GV",2008,1,1,1,15,"PIPO",1,26.5,"GV_1_1_1_15","Live",26.2,2004,"GV_1_1_1",39.265228695,37.27308123,34.2324120625,9.22931167772874,44.3431354345262
"3103","GV",2019,1,1,1,15,"PIPO",1,27.8,"GV_1_1_1_15","Live",26.5,2008,"GV_1_1_1",37.75225377,39.265228695,32.6075833727273,9.7502572992518,21.0799582951609
"3104","GV",2004,1,1,1,16,"PIPO",3,NA,"GV_1_1_1_16","Dead",18.6,1997,"GV_1_1_1",37.27308123,37.68042894,38.9404163671429,9.71461632254499,11.7021620966638
"3105","GV",2004,1,1,1,17,"PIPO",3,NA,"GV_1_1_1_17","Dead",12,1997,"GV_1_1_1",37.27308123,37.68042894,38.9404163671429,9.71461632254499,11.7021620966638
"3106","GV",2004,1,1,1,18,"PIPO",1,46.3,"GV_1_1_1_18","Live",43.8,1997,"GV_1_1_1",37.27308123,37.68042894,38.9404163671429,9.71461632254499,11.7021620966638
"3107","GV",2008,1,1,1,18,"PIPO",1,47.9,"GV_1_1_1_18","Live",46.3,2004,"GV_1_1_1",39.265228695,37.27308123,34.2324120625,9.22931167772874,44.3431354345262
"3108","GV",2019,1,1,1,18,"PIPO",1,50.4,"GV_1_1_1_18","Live",47.9,2008,"GV_1_1_1",37.75225377,39.265228695,32.6075833727273,9.7502572992518,21.0799582951609
"3109","GV",2004,1,1,1,2,"PIPO",1,1.7,"GV_1_1_1_2","Live",2,1997,"GV_1_1_1",37.27308123,37.68042894,38.9404163671429,9.71461632254499,11.7021620966638
"3110","GV",2008,1,1,1,2,"PIPO",1,1.7,"GV_1_1_1_2","Live",1.7,2004,"GV_1_1_1",39.265228695,37.27308123,34.2324120625,9.22931167772874,44.3431354345262
"3111","GV",2019,1,1,1,2,"PIPO",1,2.7,"GV_1_1_1_2","Live",1.7,2008,"GV_1_1_1",37.75225377,39.265228695,32.6075833727273,9.7502572992518,21.0799582951609
"3112","GV",2004,1,1,1,20,"PIPO",3,NA,"GV_1_1_1_20","Dead",10.9,1997,"GV_1_1_1",37.27308123,37.68042894,38.9404163671429,9.71461632254499,11.7021620966638
"3113","GV",2004,1,1,1,21,"PIPO",3,NA,"GV_1_1_1_21","Dead",2.3,1997,"GV_1_1_1",37.27308123,37.68042894,38.9404163671429,9.71461632254499,11.7021620966638
"3114","GV",2004,1,1,1,27,"PIPO",3,NA,"GV_1_1_1_27","Dead",6.5,1997,"GV_1_1_1",37.27308123,37.68042894,38.9404163671429,9.71461632254499,11.7021620966638
"3115","GV",2004,1,1,1,28,"PIPO",3,NA,"GV_1_1_1_28","Dead",3.2,1997,"GV_1_1_1",37.27308123,37.68042894,38.9404163671429,9.71461632254499,11.7021620966638
"3116","GV",2004,1,1,1,29,"PIPO",3,NA,"GV_1_1_1_29","Dead",10.1,1997,"GV_1_1_1",37.27308123,37.68042894,38.9404163671429,9.71461632254499,11.7021620966638
"3117","GV",2004,1,1,1,3,"PIPO",3,NA,"GV_1_1_1_3","Dead",1.6,1997,"GV_1_1_1",37.27308123,37.68042894,38.9404163671429,9.71461632254499,11.7021620966638
"3118","GV",2004,1,1,1,31,"PIPO",3,NA,"GV_1_1_1_31","Dead",7,1997,"GV_1_1_1",37.27308123,37.68042894,38.9404163671429,9.71461632254499,11.7021620966638
"3119","GV",2004,1,1,1,32,"PIPO",3,NA,"GV_1_1_1_32","Dead",4,1997,"GV_1_1_1",37.27308123,37.68042894,38.9404163671429,9.71461632254499,11.7021620966638
"3120","GV",2004,1,1,1,33,"PIPO",1,6.9,"GV_1_1_1_33","Live",5,1997,"GV_1_1_1",37.27308123,37.68042894,38.9404163671429,9.71461632254499,11.7021620966638
"3121","GV",2008,1,1,1,33,"PIPO",1,7.1,"GV_1_1_1_33","Live",6.9,2004,"GV_1_1_1",39.265228695,37.27308123,34.2324120625,9.22931167772874,44.3431354345262
"3122","GV",2019,1,1,1,33,"PIPO",1,8.8,"GV_1_1_1_33","Live",7.1,2008,"GV_1_1_1",37.75225377,39.265228695,32.6075833727273,9.7502572992518,21.0799582951609
"3123","GV",2004,1,1,1,34,"PIPO",3,NA,"GV_1_1_1_34","Dead",5,1997,"GV_1_1_1",37.27308123,37.68042894,38.9404163671429,9.71461632254499,11.7021620966638
"3124","GV",2004,1,1,1,35,"PIPO",3,NA,"GV_1_1_1_35","Dead",5,1997,"GV_1_1_1",37.27308123,37.68042894,38.9404163671429,9.71461632254499,11.7021620966638
"3125","GV",2004,1,1,1,36,"PIPO",3,NA,"GV_1_1_1_36","Dead",0.5,1997,"GV_1_1_1",37.27308123,37.68042894,38.9404163671429,9.71461632254499,11.7021620966638
"3126","GV",2004,1,1,1,37,"PIPO",1,45.2,"GV_1_1_1_37","Live",44.1,1997,"GV_1_1_1",37.27308123,37.68042894,38.9404163671429,9.71461632254499,11.7021620966638
"3127","GV",2008,1,1,1,37,"PIPO",1,46.2,"GV_1_1_1_37","Live",45.2,2004,"GV_1_1_1",39.265228695,37.27308123,34.2324120625,9.22931167772874,44.3431354345262
"3128","GV",2019,1,1,1,37,"PIPO",1,48.5,"GV_1_1_1_37","Live",46.2,2008,"GV_1_1_1",37.75225377,39.265228695,32.6075833727273,9.7502572992518,21.0799582951609
"3129","GV",2004,1,1,1,38,"PIPO",1,8.9,"GV_1_1_1_38","Live",8.1,1997,"GV_1_1_1",37.27308123,37.68042894,38.9404163671429,9.71461632254499,11.7021620966638
"3130","GV",2008,1,1,1,38,"PIPO",1,10,"GV_1_1_1_38","Live",8.9,2004,"GV_1_1_1",39.265228695,37.27308123,34.2324120625,9.22931167772874,44.3431354345262
"3131","GV",2019,1,1,1,38,"PIPO",1,11.4,"GV_1_1_1_38","Live",10,2008,"GV_1_1_1",37.75225377,39.265228695,32.6075833727273,9.7502572992518,21.0799582951609
"3132","GV",2004,1,1,1,39,"PIPO",1,6.7,"GV_1_1_1_39","Live",6.3,1997,"GV_1_1_1",37.27308123,37.68042894,38.9404163671429,9.71461632254499,11.7021620966638
"3133","GV",2008,1,1,1,39,"PIPO",1,6.9,"GV_1_1_1_39","Live",6.7,2004,"GV_1_1_1",39.265228695,37.27308123,34.2324120625,9.22931167772874,44.3431354345262
"3134","GV",2019,1,1,1,39,"PIPO",1,7.3,"GV_1_1_1_39","Live",6.9,2008,"GV_1_1_1",37.75225377,39.265228695,32.6075833727273,9.7502572992518,21.0799582951609
"3135","GV",2004,1,1,1,4,"PIPO",3,NA,"GV_1_1_1_4","Dead",2.7,1997,"GV_1_1_1",37.27308123,37.68042894,38.9404163671429,9.71461632254499,11.7021620966638
"3136","GV",2004,1,1,1,40,"PIPO",3,NA,"GV_1_1_1_40","Dead",1,1997,"GV_1_1_1",37.27308123,37.68042894,38.9404163671429,9.71461632254499,11.7021620966638
"3137","GV",2004,1,1,1,41,"PIPO",3,NA,"GV_1_1_1_41","Dead",5.8,1997,"GV_1_1_1",37.27308123,37.68042894,38.9404163671429,9.71461632254499,11.7021620966638
"3138","GV",2004,1,1,1,42,"PIPO",3,NA,"GV_1_1_1_42","Dead",2.8,1997,"GV_1_1_1",37.27308123,37.68042894,38.9404163671429,9.71461632254499,11.7021620966638
"3139","GV",2004,1,1,1,43,"PIPO",3,NA,"GV_1_1_1_43","Dead",5.1,1997,"GV_1_1_1",37.27308123,37.68042894,38.9404163671429,9.71461632254499,11.7021620966638
"3140","GV",2004,1,1,1,44,"PIPO",3,NA,"GV_1_1_1_44","Dead",0.8,1997,"GV_1_1_1",37.27308123,37.68042894,38.9404163671429,9.71461632254499,11.7021620966638
"3141","GV",2004,1,1,1,45,"PIPO",3,NA,"GV_1_1_1_45","Dead",4.5,1997,"GV_1_1_1",37.27308123,37.68042894,38.9404163671429,9.71461632254499,11.7021620966638
"3142","GV",2004,1,1,1,46,"PIPO",1,8,"GV_1_1_1_46","Live",7,1997,"GV_1_1_1",37.27308123,37.68042894,38.9404163671429,9.71461632254499,11.7021620966638
"3143","GV",2008,1,1,1,46,"PIPO",1,8.5,"GV_1_1_1_46","Live",8,2004,"GV_1_1_1",39.265228695,37.27308123,34.2324120625,9.22931167772874,44.3431354345262
"3144","GV",2019,1,1,1,46,"PIPO",1,9.5,"GV_1_1_1_46","Live",8.5,2008,"GV_1_1_1",37.75225377,39.265228695,32.6075833727273,9.7502572992518,21.0799582951609
"3145","GV",2004,1,1,1,47,"PIPO",3,NA,"GV_1_1_1_47","Dead",4,1997,"GV_1_1_1",37.27308123,37.68042894,38.9404163671429,9.71461632254499,11.7021620966638
"3146","GV",2004,1,1,1,48,"PIPO",3,NA,"GV_1_1_1_48","Dead",3.7,1997,"GV_1_1_1",37.27308123,37.68042894,38.9404163671429,9.71461632254499,11.7021620966638
"3147","GV",2004,1,1,1,49,"PIPO",3,NA,"GV_1_1_1_49","Dead",4.1,1997,"GV_1_1_1",37.27308123,37.68042894,38.9404163671429,9.71461632254499,11.7021620966638
"3148","GV",2004,1,1,1,5,"PIPO",3,NA,"GV_1_1_1_5","Dead",3.3,1997,"GV_1_1_1",37.27308123,37.68042894,38.9404163671429,9.71461632254499,11.7021620966638
"3149","GV",2004,1,1,1,50,"PIPO",3,NA,"GV_1_1_1_50","Dead",7.9,1997,"GV_1_1_1",37.27308123,37.68042894,38.9404163671429,9.71461632254499,11.7021620966638
"3150","GV",2004,1,1,1,51,"PIPO",3,NA,"GV_1_1_1_51","Dead",3.6,1997,"GV_1_1_1",37.27308123,37.68042894,38.9404163671429,9.71461632254499,11.7021620966638
"3151","GV",2004,1,1,1,52,"PIPO",3,NA,"GV_1_1_1_52","Dead",2.5,1997,"GV_1_1_1",37.27308123,37.68042894,38.9404163671429,9.71461632254499,11.7021620966638
"3152","GV",2004,1,1,1,53,"PIPO",3,NA,"GV_1_1_1_53","Dead",3.3,1997,"GV_1_1_1",37.27308123,37.68042894,38.9404163671429,9.71461632254499,11.7021620966638
"3153","GV",2004,1,1,1,54,"PIPO",3,NA,"GV_1_1_1_54","Dead",4,1997,"GV_1_1_1",37.27308123,37.68042894,38.9404163671429,9.71461632254499,11.7021620966638
"3154","GV",2004,1,1,1,55,"PIPO",3,NA,"GV_1_1_1_55","Dead",1.5,1997,"GV_1_1_1",37.27308123,37.68042894,38.9404163671429,9.71461632254499,11.7021620966638
"3155","GV",2004,1,1,1,57,"PIPO",3,NA,"GV_1_1_1_57","Dead",4.5,1997,"GV_1_1_1",37.27308123,37.68042894,38.9404163671429,9.71461632254499,11.7021620966638
"3156","GV",2004,1,1,1,58,"PIPO",3,NA,"GV_1_1_1_58","Dead",7.9,1997,"GV_1_1_1",37.27308123,37.68042894,38.9404163671429,9.71461632254499,11.7021620966638
"3157","GV",2004,1,1,1,6,"PIPO",3,NA,"GV_1_1_1_6","Dead",2.1,1997,"GV_1_1_1",37.27308123,37.68042894,38.9404163671429,9.71461632254499,11.7021620966638
"3158","GV",2004,1,1,1,62,"PIPO",3,NA,"GV_1_1_1_62","Dead",1.5,1997,"GV_1_1_1",37.27308123,37.68042894,38.9404163671429,9.71461632254499,11.7021620966638
"3159","GV",2004,1,1,1,63,"PIPO",3,NA,"GV_1_1_1_63","Dead",7.4,1997,"GV_1_1_1",37.27308123,37.68042894,38.9404163671429,9.71461632254499,11.7021620966638
"3160","GV",2004,1,1,1,64,"PIPO",3,NA,"GV_1_1_1_64","Dead",6.2,1997,"GV_1_1_1",37.27308123,37.68042894,38.9404163671429,9.71461632254499,11.7021620966638
"3161","GV",2004,1,1,1,65,"PIPO",3,NA,"GV_1_1_1_65","Dead",1.5,1997,"GV_1_1_1",37.27308123,37.68042894,38.9404163671429,9.71461632254499,11.7021620966638
"3162","GV",2004,1,1,1,66,"PIPO",3,NA,"GV_1_1_1_66","Dead",1.5,1997,"GV_1_1_1",37.27308123,37.68042894,38.9404163671429,9.71461632254499,11.7021620966638
"3163","GV",2004,1,1,1,67,"PIPO",3,NA,"GV_1_1_1_67","Dead",0.8,1997,"GV_1_1_1",37.27308123,37.68042894,38.9404163671429,9.71461632254499,11.7021620966638
"3164","GV",2004,1,1,1,68,"PIPO",3,NA,"GV_1_1_1_68","Dead",5.2,1997,"GV_1_1_1",37.27308123,37.68042894,38.9404163671429,9.71461632254499,11.7021620966638
"3165","GV",2004,1,1,1,69,"PIPO",3,NA,"GV_1_1_1_69","Dead",2,1997,"GV_1_1_1",37.27308123,37.68042894,38.9404163671429,9.71461632254499,11.7021620966638
"3166","GV",2004,1,1,1,70,"PIPO",1,2.2,"GV_1_1_1_70","Live",2.5,1997,"GV_1_1_1",37.27308123,37.68042894,38.9404163671429,9.71461632254499,11.7021620966638
"3167","GV",2008,1,1,1,70,"PIPO",1,2.5,"GV_1_1_1_70","Live",2.2,2004,"GV_1_1_1",39.265228695,37.27308123,34.2324120625,9.22931167772874,44.3431354345262
"3168","GV",2019,1,1,1,70,"PIPO",1,2.9,"GV_1_1_1_70","Live",2.5,2008,"GV_1_1_1",37.75225377,39.265228695,32.6075833727273,9.7502572992518,21.0799582951609
"3169","GV",2004,1,1,1,71,"PIPO",1,17.5,"GV_1_1_1_71","Live",15.9,1997,"GV_1_1_1",37.27308123,37.68042894,38.9404163671429,9.71461632254499,11.7021620966638
"3170","GV",2008,1,1,1,71,"PIPO",1,18.7,"GV_1_1_1_71","Live",17.5,2004,"GV_1_1_1",39.265228695,37.27308123,34.2324120625,9.22931167772874,44.3431354345262
"3171","GV",2019,1,1,1,71,"PIPO",1,21.3,"GV_1_1_1_71","Live",18.7,2008,"GV_1_1_1",37.75225377,39.265228695,32.6075833727273,9.7502572992518,21.0799582951609
"3172","GV",2004,1,1,1,72,"PIPO",1,10.1,"GV_1_1_1_72","Live",9.6,1997,"GV_1_1_1",37.27308123,37.68042894,38.9404163671429,9.71461632254499,11.7021620966638
"3173","GV",2008,1,1,1,72,"PIPO",1,11.2,"GV_1_1_1_72","Live",10.1,2004,"GV_1_1_1",39.265228695,37.27308123,34.2324120625,9.22931167772874,44.3431354345262
"3174","GV",2019,1,1,1,72,"PIPO",1,12.4,"GV_1_1_1_72","Live",11.2,2008,"GV_1_1_1",37.75225377,39.265228695,32.6075833727273,9.7502572992518,21.0799582951609
"3175","GV",2004,1,1,1,73,"PIPO",1,3.8,"GV_1_1_1_73","Live",3.9,1997,"GV_1_1_1",37.27308123,37.68042894,38.9404163671429,9.71461632254499,11.7021620966638
"3176","GV",2008,1,1,1,73,"PIPO",1,4,"GV_1_1_1_73","Live",3.8,2004,"GV_1_1_1",39.265228695,37.27308123,34.2324120625,9.22931167772874,44.3431354345262
"3177","GV",2019,1,1,1,73,"PIPO",1,4.6,"GV_1_1_1_73","Live",4,2008,"GV_1_1_1",37.75225377,39.265228695,32.6075833727273,9.7502572992518,21.0799582951609
"3178","GV",2004,1,1,1,74,"PIPO",1,11,"GV_1_1_1_74","Live",10,1997,"GV_1_1_1",37.27308123,37.68042894,38.9404163671429,9.71461632254499,11.7021620966638
"3179","GV",2008,1,1,1,74,"PIPO",1,11.9,"GV_1_1_1_74","Live",11,2004,"GV_1_1_1",39.265228695,37.27308123,34.2324120625,9.22931167772874,44.3431354345262
"3180","GV",2019,1,1,1,74,"PIPO",1,13.5,"GV_1_1_1_74","Live",11.9,2008,"GV_1_1_1",37.75225377,39.265228695,32.6075833727273,9.7502572992518,21.0799582951609
"3181","GV",2004,1,1,1,75,"PIPO",3,NA,"GV_1_1_1_75","Dead",2.8,1997,"GV_1_1_1",37.27308123,37.68042894,38.9404163671429,9.71461632254499,11.7021620966638
"3182","GV",2004,1,1,1,76,"PIPO",1,7.4,"GV_1_1_1_76","Live",6.8,1997,"GV_1_1_1",37.27308123,37.68042894,38.9404163671429,9.71461632254499,11.7021620966638
"3183","GV",2008,1,1,1,76,"PIPO",1,7.9,"GV_1_1_1_76","Live",7.4,2004,"GV_1_1_1",39.265228695,37.27308123,34.2324120625,9.22931167772874,44.3431354345262
"3184","GV",2019,1,1,1,76,"PIPO",1,9,"GV_1_1_1_76","Live",7.9,2008,"GV_1_1_1",37.75225377,39.265228695,32.6075833727273,9.7502572992518,21.0799582951609
"3185","GV",2004,1,1,1,78,"PIPO",3,NA,"GV_1_1_1_78","Dead",0.8,1997,"GV_1_1_1",37.27308123,37.68042894,38.9404163671429,9.71461632254499,11.7021620966638
"3186","GV",2004,1,1,1,79,"PIPO",3,NA,"GV_1_1_1_79","Dead",0.5,1997,"GV_1_1_1",37.27308123,37.68042894,38.9404163671429,9.71461632254499,11.7021620966638
"3187","GV",2004,1,1,1,80,"PIPO",1,9.2,"GV_1_1_1_80","Live",8.6,1997,"GV_1_1_1",37.27308123,37.68042894,38.9404163671429,9.71461632254499,11.7021620966638
"3188","GV",2019,1,1,1,80,"PIPO",1,10.8,"GV_1_1_1_80","Live",9.2,2004,"GV_1_1_1",37.75225377,37.27308123,33.0408710233333,9.7502572992518,21.0799582951609
"3189","GV",2004,1,1,1,81,"PIPO",3,NA,"GV_1_1_1_81","Dead",2,1997,"GV_1_1_1",37.27308123,37.68042894,38.9404163671429,9.71461632254499,11.7021620966638
"3190","GV",2004,1,1,1,82,"PIPO",3,NA,"GV_1_1_1_82","Dead",2.2,1997,"GV_1_1_1",37.27308123,37.68042894,38.9404163671429,9.71461632254499,11.7021620966638
"3191","GV",2004,1,1,1,83,"PIPO",1,10.2,"GV_1_1_1_83","Live",9,1997,"GV_1_1_1",37.27308123,37.68042894,38.9404163671429,9.71461632254499,11.7021620966638
"3192","GV",2008,1,1,1,83,"PIPO",1,11.2,"GV_1_1_1_83","Live",10.2,2004,"GV_1_1_1",39.265228695,37.27308123,34.2324120625,9.22931167772874,44.3431354345262
"3193","GV",2019,1,1,1,83,"PIPO",1,13,"GV_1_1_1_83","Live",11.2,2008,"GV_1_1_1",37.75225377,39.265228695,32.6075833727273,9.7502572992518,21.0799582951609
"3194","GV",2004,1,1,1,84,"PIPO",3,NA,"GV_1_1_1_84","Dead",0.7,1997,"GV_1_1_1",37.27308123,37.68042894,38.9404163671429,9.71461632254499,11.7021620966638
"3195","GV",2004,1,1,1,85,"PIPO",1,3.5,"GV_1_1_1_85","Live",3.3,1997,"GV_1_1_1",37.27308123,37.68042894,38.9404163671429,9.71461632254499,11.7021620966638
"3196","GV",2008,1,1,1,85,"PIPO",1,3.6,"GV_1_1_1_85","Live",3.5,2004,"GV_1_1_1",39.265228695,37.27308123,34.2324120625,9.22931167772874,44.3431354345262
"3197","GV",2019,1,1,1,85,"PIPO",1,4.2,"GV_1_1_1_85","Live",3.6,2008,"GV_1_1_1",37.75225377,39.265228695,32.6075833727273,9.7502572992518,21.0799582951609
"3198","GV",2004,1,1,1,86,"PIPO",3,NA,"GV_1_1_1_86","Dead",4.1,1997,"GV_1_1_1",37.27308123,37.68042894,38.9404163671429,9.71461632254499,11.7021620966638
"3199","GV",2004,1,1,1,87,"PIPO",1,11.7,"GV_1_1_1_87","Live",10.1,1997,"GV_1_1_1",37.27308123,37.68042894,38.9404163671429,9.71461632254499,11.7021620966638
"3200","GV",2008,1,1,1,87,"PIPO",1,12.4,"GV_1_1_1_87","Live",11.7,2004,"GV_1_1_1",39.265228695,37.27308123,34.2324120625,9.22931167772874,44.3431354345262
"3201","GV",2019,1,1,1,87,"PIPO",1,14.2,"GV_1_1_1_87","Live",12.4,2008,"GV_1_1_1",37.75225377,39.265228695,32.6075833727273,9.7502572992518,21.0799582951609
"3202","GV",2004,1,1,1,88,"PIPO",1,14.2,"GV_1_1_1_88","Live",12.8,1997,"GV_1_1_1",37.27308123,37.68042894,38.9404163671429,9.71461632254499,11.7021620966638
"3203","GV",2008,1,1,1,88,"PIPO",1,15.5,"GV_1_1_1_88","Live",14.2,2004,"GV_1_1_1",39.265228695,37.27308123,34.2324120625,9.22931167772874,44.3431354345262
"3204","GV",2019,1,1,1,88,"PIPO",1,18.4,"GV_1_1_1_88","Live",15.5,2008,"GV_1_1_1",37.75225377,39.265228695,32.6075833727273,9.7502572992518,21.0799582951609
"3205","GV",2004,1,1,1,89,"PIPO",1,4.9,"GV_1_1_1_89","Live",4.4,1997,"GV_1_1_1",37.27308123,37.68042894,38.9404163671429,9.71461632254499,11.7021620966638
"3206","GV",2008,1,1,1,89,"PIPO",1,4.9,"GV_1_1_1_89","Live",4.9,2004,"GV_1_1_1",39.265228695,37.27308123,34.2324120625,9.22931167772874,44.3431354345262
"3207","GV",2019,1,1,1,89,"PIPO",1,5.4,"GV_1_1_1_89","Live",4.9,2008,"GV_1_1_1",37.75225377,39.265228695,32.6075833727273,9.7502572992518,21.0799582951609
"3208","GV",2004,1,1,1,90,"PIPO",3,NA,"GV_1_1_1_90","Dead",8.9,1997,"GV_1_1_1",37.27308123,37.68042894,38.9404163671429,9.71461632254499,11.7021620966638
"3209","GV",2004,1,1,1,91,"PIPO",3,NA,"GV_1_1_1_91","Dead",10.2,1997,"GV_1_1_1",37.27308123,37.68042894,38.9404163671429,9.71461632254499,11.7021620966638
"3210","GV",2004,1,1,1,93,"PIPO",3,NA,"GV_1_1_1_93","Dead",3.5,1997,"GV_1_1_1",37.27308123,37.68042894,38.9404163671429,9.71461632254499,11.7021620966638
"3211","GV",2004,1,1,1,94,"PIPO",1,17.6,"GV_1_1_1_94","Live",16.3,1997,"GV_1_1_1",37.27308123,37.68042894,38.9404163671429,9.71461632254499,11.7021620966638
"3212","GV",2008,1,1,1,94,"PIPO",1,19.2,"GV_1_1_1_94","Live",17.6,2004,"GV_1_1_1",39.265228695,37.27308123,34.2324120625,9.22931167772874,44.3431354345262
"3213","GV",2019,1,1,1,94,"PIPO",1,21.3,"GV_1_1_1_94","Live",19.2,2008,"GV_1_1_1",37.75225377,39.265228695,32.6075833727273,9.7502572992518,21.0799582951609
"3214","GV",2004,1,1,1,95,"PIPO",1,20.5,"GV_1_1_1_95","Live",18,1997,"GV_1_1_1",37.27308123,37.68042894,38.9404163671429,9.71461632254499,11.7021620966638
"3215","GV",2008,1,1,1,95,"PIPO",1,22.2,"GV_1_1_1_95","Live",20.5,2004,"GV_1_1_1",39.265228695,37.27308123,34.2324120625,9.22931167772874,44.3431354345262
"3216","GV",2019,1,1,1,95,"PIPO",1,26.3,"GV_1_1_1_95","Live",22.2,2008,"GV_1_1_1",37.75225377,39.265228695,32.6075833727273,9.7502572992518,21.0799582951609
"3217","GV",2004,1,1,1,96,"PIPO",1,13.6,"GV_1_1_1_96","Live",12.4,1997,"GV_1_1_1",37.27308123,37.68042894,38.9404163671429,9.71461632254499,11.7021620966638
"3218","GV",2008,1,1,1,96,"PIPO",1,14.3,"GV_1_1_1_96","Live",13.6,2004,"GV_1_1_1",39.265228695,37.27308123,34.2324120625,9.22931167772874,44.3431354345262
"3219","GV",2019,1,1,1,96,"PIPO",1,15.8,"GV_1_1_1_96","Live",14.3,2008,"GV_1_1_1",37.75225377,39.265228695,32.6075833727273,9.7502572992518,21.0799582951609
"3220","GV",2004,1,1,20,10,"PIPO",1,41.7,"GV_1_1_20_10","Live",41.2,1997,"GV_1_1_20",41.414593605,40.56524241,11.9040511742857,9.71461632254499,11.2769725646156
"3221","GV",2008,1,1,20,10,"PIPO",1,42.3,"GV_1_1_20_10","Live",41.7,2004,"GV_1_1_20",43.54340067,41.414593605,12.7524875625,9.22931167772874,45.3616653100336
"3222","GV",2019,1,1,20,10,"PIPO",1,42.7,"GV_1_1_20_10","Live",42.3,2008,"GV_1_1_20",46.344549405,43.54340067,15.3080054272727,9.7502572992518,21.6017300683889
"3223","GV",2004,1,1,20,11,"PIPO",1,11.3,"GV_1_1_20_11","Live",10.8,1997,"GV_1_1_20",41.414593605,40.56524241,11.9040511742857,9.71461632254499,11.2769725646156
"3224","GV",2008,1,1,20,11,"PIPO",1,12.2,"GV_1_1_20_11","Live",11.3,2004,"GV_1_1_20",43.54340067,41.414593605,12.7524875625,9.22931167772874,45.3616653100336
"3225","GV",2019,1,1,20,11,"PIPO",1,12.1,"GV_1_1_20_11","Live",12.2,2008,"GV_1_1_20",46.344549405,43.54340067,15.3080054272727,9.7502572992518,21.6017300683889
"3226","GV",2004,1,1,20,12,"PIPO",1,9.7,"GV_1_1_20_12","Live",9.6,1997,"GV_1_1_20",41.414593605,40.56524241,11.9040511742857,9.71461632254499,11.2769725646156
"3227","GV",2008,1,1,20,12,"PIPO",1,10.8,"GV_1_1_20_12","Live",9.7,2004,"GV_1_1_20",43.54340067,41.414593605,12.7524875625,9.22931167772874,45.3616653100336
"3228","GV",2019,1,1,20,12,"PIPO",1,10.1,"GV_1_1_20_12","Live",10.8,2008,"GV_1_1_20",46.344549405,43.54340067,15.3080054272727,9.7502572992518,21.6017300683889
"3229","GV",2004,1,1,20,13,"PIPO",1,19.2,"GV_1_1_20_13","Live",18.2,1997,"GV_1_1_20",41.414593605,40.56524241,11.9040511742857,9.71461632254499,11.2769725646156
"3230","GV",2008,1,1,20,13,"PIPO",1,20,"GV_1_1_20_13","Live",19.2,2004,"GV_1_1_20",43.54340067,41.414593605,12.7524875625,9.22931167772874,45.3616653100336
"3231","GV",2019,1,1,20,13,"PIPO",1,21.7,"GV_1_1_20_13","Live",20,2008,"GV_1_1_20",46.344549405,43.54340067,15.3080054272727,9.7502572992518,21.6017300683889
"3232","GV",2004,1,1,20,21,"PIPO",1,41.9,"GV_1_1_20_21","Live",39.9,1997,"GV_1_1_20",41.414593605,40.56524241,11.9040511742857,9.71461632254499,11.2769725646156
"3233","GV",2008,1,1,20,21,"PIPO",1,43,"GV_1_1_20_21","Live",41.9,2004,"GV_1_1_20",43.54340067,41.414593605,12.7524875625,9.22931167772874,45.3616653100336
"3234","GV",2019,1,1,20,21,"PIPO",1,46.5,"GV_1_1_20_21","Live",43,2008,"GV_1_1_20",46.344549405,43.54340067,15.3080054272727,9.7502572992518,21.6017300683889
"3235","GV",2004,1,1,20,24,"PIPO",1,20.2,"GV_1_1_20_24","Live",19.3,1997,"GV_1_1_20",41.414593605,40.56524241,11.9040511742857,9.71461632254499,11.2769725646156
"3236","GV",2008,1,1,20,24,"PIPO",1,21.7,"GV_1_1_20_24","Live",20.2,2004,"GV_1_1_20",43.54340067,41.414593605,12.7524875625,9.22931167772874,45.3616653100336
"3237","GV",2019,1,1,20,24,"PIPO",1,22.3,"GV_1_1_20_24","Live",21.7,2008,"GV_1_1_20",46.344549405,43.54340067,15.3080054272727,9.7502572992518,21.6017300683889
"3238","GV",2004,1,1,20,26,"PIPO",1,23.3,"GV_1_1_20_26","Live",22.4,1997,"GV_1_1_20",41.414593605,40.56524241,11.9040511742857,9.71461632254499,11.2769725646156
"3239","GV",2008,1,1,20,26,"PIPO",1,24,"GV_1_1_20_26","Live",23.3,2004,"GV_1_1_20",43.54340067,41.414593605,12.7524875625,9.22931167772874,45.3616653100336
"3240","GV",2019,1,1,20,26,"PIPO",1,24.5,"GV_1_1_20_26","Live",24,2008,"GV_1_1_20",46.344549405,43.54340067,15.3080054272727,9.7502572992518,21.6017300683889
"3241","GV",2004,1,1,20,27,"PIPO",1,10.8,"GV_1_1_20_27","Live",10.4,1997,"GV_1_1_20",41.414593605,40.56524241,11.9040511742857,9.71461632254499,11.2769725646156
"3242","GV",2008,1,1,20,27,"PIPO",1,12.3,"GV_1_1_20_27","Live",10.8,2004,"GV_1_1_20",43.54340067,41.414593605,12.7524875625,9.22931167772874,45.3616653100336
"3243","GV",2019,1,1,20,27,"PIPO",1,14.2,"GV_1_1_20_27","Live",12.3,2008,"GV_1_1_20",46.344549405,43.54340067,15.3080054272727,9.7502572992518,21.6017300683889
"3244","GV",2004,1,1,20,29,"PIPO",3,NA,"GV_1_1_20_29","Dead",17.1,1997,"GV_1_1_20",41.414593605,40.56524241,11.9040511742857,9.71461632254499,11.2769725646156
"3245","GV",2004,1,1,20,30,"PIPO",1,25.8,"GV_1_1_20_30","Live",24.8,1997,"GV_1_1_20",41.414593605,40.56524241,11.9040511742857,9.71461632254499,11.2769725646156
"3246","GV",2008,1,1,20,30,"PIPO",1,28.5,"GV_1_1_20_30","Live",25.8,2004,"GV_1_1_20",43.54340067,41.414593605,12.7524875625,9.22931167772874,45.3616653100336
"3247","GV",2019,1,1,20,30,"PIPO",1,27.9,"GV_1_1_20_30","Live",28.5,2008,"GV_1_1_20",46.344549405,43.54340067,15.3080054272727,9.7502572992518,21.6017300683889
"3248","GV",2004,1,1,20,31,"PIPO",1,18,"GV_1_1_20_31","Live",17.4,1997,"GV_1_1_20",41.414593605,40.56524241,11.9040511742857,9.71461632254499,11.2769725646156
"3249","GV",2008,1,1,20,31,"PIPO",1,19.3,"GV_1_1_20_31","Live",18,2004,"GV_1_1_20",43.54340067,41.414593605,12.7524875625,9.22931167772874,45.3616653100336
"3250","GV",2019,1,1,20,31,"PIPO",1,20.8,"GV_1_1_20_31","Live",19.3,2008,"GV_1_1_20",46.344549405,43.54340067,15.3080054272727,9.7502572992518,21.6017300683889
"3251","GV",2004,1,1,20,33,"PIPO",1,46.2,"GV_1_1_20_33","Live",45.6,1997,"GV_1_1_20",41.414593605,40.56524241,11.9040511742857,9.71461632254499,11.2769725646156
"3252","GV",2008,1,1,20,33,"PIPO",1,46.6,"GV_1_1_20_33","Live",46.2,2004,"GV_1_1_20",43.54340067,41.414593605,12.7524875625,9.22931167772874,45.3616653100336
"3253","GV",2019,1,1,20,33,"PIPO",1,48,"GV_1_1_20_33","Live",46.6,2008,"GV_1_1_20",46.344549405,43.54340067,15.3080054272727,9.7502572992518,21.6017300683889
"3254","GV",2004,1,1,20,34,"PIPO",1,27,"GV_1_1_20_34","Live",26.3,1997,"GV_1_1_20",41.414593605,40.56524241,11.9040511742857,9.71461632254499,11.2769725646156
"3255","GV",2008,1,1,20,34,"PIPO",1,28.5,"GV_1_1_20_34","Live",27,2004,"GV_1_1_20",43.54340067,41.414593605,12.7524875625,9.22931167772874,45.3616653100336
"3256","GV",2019,1,1,20,34,"PIPO",1,28.4,"GV_1_1_20_34","Live",28.5,2008,"GV_1_1_20",46.344549405,43.54340067,15.3080054272727,9.7502572992518,21.6017300683889
"3257","GV",2004,1,1,20,5,"PIPO",1,72.3,"GV_1_1_20_5","Live",72.8,1997,"GV_1_1_20",41.414593605,40.56524241,11.9040511742857,9.71461632254499,11.2769725646156
"3258","GV",2008,1,1,20,5,"PIPO",1,73.4,"GV_1_1_20_5","Live",72.3,2004,"GV_1_1_20",43.54340067,41.414593605,12.7524875625,9.22931167772874,45.3616653100336
"3259","GV",2019,1,1,20,5,"PIPO",1,74.9,"GV_1_1_20_5","Live",73.4,2008,"GV_1_1_20",46.344549405,43.54340067,15.3080054272727,9.7502572992518,21.6017300683889
"3260","GV",2004,1,1,20,8,"PIPO",1,19.1,"GV_1_1_20_8","Live",18.5,1997,"GV_1_1_20",41.414593605,40.56524241,11.9040511742857,9.71461632254499,11.2769725646156
"3261","GV",2008,1,1,20,8,"PIPO",1,20.1,"GV_1_1_20_8","Live",19.1,2004,"GV_1_1_20",43.54340067,41.414593605,12.7524875625,9.22931167772874,45.3616653100336
"3262","GV",2019,1,1,20,8,"PIPO",1,20.5,"GV_1_1_20_8","Live",20.1,2008,"GV_1_1_20",46.344549405,43.54340067,15.3080054272727,9.7502572992518,21.6017300683889
"3263","GV",2004,1,1,20,9,"PIPO",1,52.1,"GV_1_1_20_9","Live",50.9,1997,"GV_1_1_20",41.414593605,40.56524241,11.9040511742857,9.71461632254499,11.2769725646156
"3264","GV",2008,1,1,20,9,"PIPO",1,52.6,"GV_1_1_20_9","Live",52.1,2004,"GV_1_1_20",43.54340067,41.414593605,12.7524875625,9.22931167772874,45.3616653100336
"3265","GV",2019,1,1,20,9,"PIPO",1,54.5,"GV_1_1_20_9","Live",52.6,2008,"GV_1_1_20",46.344549405,43.54340067,15.3080054272727,9.7502572992518,21.6017300683889
"3266","GV",2004,1,1,2,19,"PIPO",1,44.5,"GV_1_1_2_19","Live",42.2,1997,"GV_1_1_2",19.55269008,18.48403557,27.5263898642857,9.71461632254499,8.89008093733945
"3267","GV",2008,1,1,2,19,"PIPO",1,46.9,"GV_1_1_2_19","Live",44.5,2004,"GV_1_1_2",21.27087039,19.55269008,24.85221675,9.22931167772874,40.7180385231801
"3268","GV",2019,1,1,2,19,"PIPO",1,50.6,"GV_1_1_2_19","Live",46.9,2008,"GV_1_1_2",24.04843749,21.27087039,27.3076578590909,9.7502572992518,17.8109300771186
"3269","GV",2004,1,1,2,20,"PIPO",1,18.9,"GV_1_1_2_20","Live",17.7,1997,"GV_1_1_2",19.55269008,18.48403557,27.5263898642857,9.71461632254499,8.89008093733945
"3270","GV",2008,1,1,2,20,"PIPO",1,20,"GV_1_1_2_20","Live",18.9,2004,"GV_1_1_2",21.27087039,19.55269008,24.85221675,9.22931167772874,40.7180385231801
"3271","GV",2019,1,1,2,20,"PIPO",1,21.7,"GV_1_1_2_20","Live",20,2008,"GV_1_1_2",24.04843749,21.27087039,27.3076578590909,9.7502572992518,17.8109300771186
"3272","GV",2004,1,1,2,21,"PIPO",1,15.8,"GV_1_1_2_21","Live",15.8,1997,"GV_1_1_2",19.55269008,18.48403557,27.5263898642857,9.71461632254499,8.89008093733945
"3273","GV",2008,1,1,2,21,"PIPO",1,15.9,"GV_1_1_2_21","Live",15.8,2004,"GV_1_1_2",21.27087039,19.55269008,24.85221675,9.22931167772874,40.7180385231801
"3274","GV",2019,1,1,2,21,"PIPO",1,15.9,"GV_1_1_2_21","Live",15.9,2008,"GV_1_1_2",24.04843749,21.27087039,27.3076578590909,9.7502572992518,17.8109300771186
"3275","GV",2004,1,1,2,23,"PIPO",1,21.3,"GV_1_1_2_23","Live",20.3,1997,"GV_1_1_2",19.55269008,18.48403557,27.5263898642857,9.71461632254499,8.89008093733945
"3276","GV",2008,1,1,2,23,"PIPO",1,22.7,"GV_1_1_2_23","Live",21.3,2004,"GV_1_1_2",21.27087039,19.55269008,24.85221675,9.22931167772874,40.7180385231801
"3277","GV",2019,1,1,2,23,"PIPO",1,24.4,"GV_1_1_2_23","Live",22.7,2008,"GV_1_1_2",24.04843749,21.27087039,27.3076578590909,9.7502572992518,17.8109300771186
"3278","GV",2004,1,1,2,24,"PIPO",1,5,"GV_1_1_2_24","Live",5,1997,"GV_1_1_2",19.55269008,18.48403557,27.5263898642857,9.71461632254499,8.89008093733945
"3279","GV",2008,1,1,2,24,"PIPO",1,5.2,"GV_1_1_2_24","Live",5,2004,"GV_1_1_2",21.27087039,19.55269008,24.85221675,9.22931167772874,40.7180385231801
"3280","GV",2019,1,1,2,24,"PIPO",1,5.6,"GV_1_1_2_24","Live",5.2,2008,"GV_1_1_2",24.04843749,21.27087039,27.3076578590909,9.7502572992518,17.8109300771186
"3281","GV",2004,1,1,2,25,"PIPO",1,20.2,"GV_1_1_2_25","Live",19.3,1997,"GV_1_1_2",19.55269008,18.48403557,27.5263898642857,9.71461632254499,8.89008093733945
"3282","GV",2008,1,1,2,25,"PIPO",1,20.8,"GV_1_1_2_25","Live",20.2,2004,"GV_1_1_2",21.27087039,19.55269008,24.85221675,9.22931167772874,40.7180385231801
"3283","GV",2019,1,1,2,25,"PIPO",1,21.5,"GV_1_1_2_25","Live",20.8,2008,"GV_1_1_2",24.04843749,21.27087039,27.3076578590909,9.7502572992518,17.8109300771186
"3284","GV",2004,1,1,2,26,"PIPO",1,12.6,"GV_1_1_2_26","Live",12,1997,"GV_1_1_2",19.55269008,18.48403557,27.5263898642857,9.71461632254499,8.89008093733945
"3285","GV",2008,1,1,2,26,"PIPO",1,13.6,"GV_1_1_2_26","Live",12.6,2004,"GV_1_1_2",21.27087039,19.55269008,24.85221675,9.22931167772874,40.7180385231801
"3286","GV",2019,1,1,2,26,"PIPO",1,13.2,"GV_1_1_2_26","Live",13.6,2008,"GV_1_1_2",24.04843749,21.27087039,27.3076578590909,9.7502572992518,17.8109300771186
"3287","GV",2004,1,1,2,27,"PIPO",1,39.6,"GV_1_1_2_27","Live",39.4,1997,"GV_1_1_2",19.55269008,18.48403557,27.5263898642857,9.71461632254499,8.89008093733945
"3288","GV",2008,1,1,2,27,"PIPO",1,40.7,"GV_1_1_2_27","Live",39.6,2004,"GV_1_1_2",21.27087039,19.55269008,24.85221675,9.22931167772874,40.7180385231801
"3289","GV",2019,1,1,2,27,"PIPO",2,42,"GV_1_1_2_27","Live",40.7,2008,"GV_1_1_2",24.04843749,21.27087039,27.3076578590909,9.7502572992518,17.8109300771186
"3290","GV",2004,1,1,2,28,"PIPO",1,2.3,"GV_1_1_2_28","Live",0.8,1997,"GV_1_1_2",19.55269008,18.48403557,27.5263898642857,9.71461632254499,8.89008093733945
"3291","GV",2008,1,1,2,28,"PIPO",1,2.8,"GV_1_1_2_28","Live",2.3,2004,"GV_1_1_2",21.27087039,19.55269008,24.85221675,9.22931167772874,40.7180385231801
"3292","GV",2019,1,1,2,28,"PIPO",1,4.3,"GV_1_1_2_28","Live",2.8,2008,"GV_1_1_2",24.04843749,21.27087039,27.3076578590909,9.7502572992518,17.8109300771186
"3293","GV",2004,1,1,2,29,"PIPO",1,11.3,"GV_1_1_2_29","Live",9.5,1997,"GV_1_1_2",19.55269008,18.48403557,27.5263898642857,9.71461632254499,8.89008093733945
"3294","GV",2008,1,1,2,29,"PIPO",1,14.4,"GV_1_1_2_29","Live",11.3,2004,"GV_1_1_2",21.27087039,19.55269008,24.85221675,9.22931167772874,40.7180385231801
"3295","GV",2019,1,1,2,29,"PIPO",1,14.2,"GV_1_1_2_29","Live",14.4,2008,"GV_1_1_2",24.04843749,21.27087039,27.3076578590909,9.7502572992518,17.8109300771186
"3296","GV",2004,1,1,2,30,"PIPO",1,20.5,"GV_1_1_2_30","Live",17.6,1997,"GV_1_1_2",19.55269008,18.48403557,27.5263898642857,9.71461632254499,8.89008093733945
"3297","GV",2008,1,1,2,30,"PIPO",1,23.3,"GV_1_1_2_30","Live",20.5,2004,"GV_1_1_2",21.27087039,19.55269008,24.85221675,9.22931167772874,40.7180385231801
"3298","GV",2019,1,1,2,30,"PIPO",1,25.7,"GV_1_1_2_30","Live",23.3,2008,"GV_1_1_2",24.04843749,21.27087039,27.3076578590909,9.7502572992518,17.8109300771186
"3299","GV",2004,1,1,3,1,"PIPO",3,NA,"GV_1_1_3_1","Dead",2.3,1997,"GV_1_1_3",26.6113943326746,29.627546025,27.1028571428571,9.71461632254499,10.3776432522864
"3300","GV",2004,1,1,3,12,"PIPO",1,11.3,"GV_1_1_3_12","Live",11.2,1997,"GV_1_1_3",26.6113943326746,29.627546025,27.1028571428571,9.71461632254499,10.3776432522864
"3301","GV",2008,1,1,3,12,"PIPO",1,11.6,"GV_1_1_3_12","Live",11.3,2004,"GV_1_1_3",28.0684880819157,26.6113943326746,26.46625,9.22931167772874,39.6509904285653
"3302","GV",2019,1,1,3,12,"PIPO",1,11.5,"GV_1_1_3_12","Live",11.6,2008,"GV_1_1_3",30.0422172926798,28.0684880819157,29.3218181818182,9.7502572992518,17.9736887561752
"3303","GV",2004,1,1,3,13,"PIPO",1,36.5,"GV_1_1_3_13","Live",36.3,1997,"GV_1_1_3",26.6113943326746,29.627546025,27.1028571428571,9.71461632254499,10.3776432522864
"3304","GV",2008,1,1,3,13,"PIPO",1,36.1,"GV_1_1_3_13","Live",36.5,2004,"GV_1_1_3",28.0684880819157,26.6113943326746,26.46625,9.22931167772874,39.6509904285653
"3305","GV",2019,1,1,3,13,"PIPO",1,36.3,"GV_1_1_3_13","Live",36.1,2008,"GV_1_1_3",30.0422172926798,28.0684880819157,29.3218181818182,9.7502572992518,17.9736887561752
"3306","GV",2004,1,1,3,14,"PIPO",1,4.2,"GV_1_1_3_14","Live",3.6,1997,"GV_1_1_3",26.6113943326746,29.627546025,27.1028571428571,9.71461632254499,10.3776432522864
"3307","GV",2008,1,1,3,14,"PIPO",1,4.9,"GV_1_1_3_14","Live",4.2,2004,"GV_1_1_3",28.0684880819157,26.6113943326746,26.46625,9.22931167772874,39.6509904285653
"3308","GV",2019,1,1,3,14,"PIPO",1,7,"GV_1_1_3_14","Live",4.9,2008,"GV_1_1_3",30.0422172926798,28.0684880819157,29.3218181818182,9.7502572992518,17.9736887561752
"3309","GV",2004,1,1,3,15,"PIPO",1,34.1,"GV_1_1_3_15","Live",33.2,1997,"GV_1_1_3",26.6113943326746,29.627546025,27.1028571428571,9.71461632254499,10.3776432522864
"3310","GV",2008,1,1,3,15,"PIPO",1,34.5,"GV_1_1_3_15","Live",34.1,2004,"GV_1_1_3",28.0684880819157,26.6113943326746,26.46625,9.22931167772874,39.6509904285653
"3311","GV",2019,1,1,3,15,"PIPO",1,36.6,"GV_1_1_3_15","Live",34.5,2008,"GV_1_1_3",30.0422172926798,28.0684880819157,29.3218181818182,9.7502572992518,17.9736887561752
"3312","GV",2004,1,1,3,16,"PIPO",1,24.2,"GV_1_1_3_16","Live",23.7,1997,"GV_1_1_3",26.6113943326746,29.627546025,27.1028571428571,9.71461632254499,10.3776432522864
"3313","GV",2008,1,1,3,16,"PIPO",1,25.3,"GV_1_1_3_16","Live",24.2,2004,"GV_1_1_3",28.0684880819157,26.6113943326746,26.46625,9.22931167772874,39.6509904285653
"3314","GV",2019,1,1,3,16,"PIPO",1,27.9,"GV_1_1_3_16","Live",25.3,2008,"GV_1_1_3",30.0422172926798,28.0684880819157,29.3218181818182,9.7502572992518,17.9736887561752
"3315","GV",2004,1,1,3,17,"PIPO",1,25.5,"GV_1_1_3_17","Live",24.9,1997,"GV_1_1_3",26.6113943326746,29.627546025,27.1028571428571,9.71461632254499,10.3776432522864
"3316","GV",2008,1,1,3,17,"PIPO",1,26.4,"GV_1_1_3_17","Live",25.5,2004,"GV_1_1_3",28.0684880819157,26.6113943326746,26.46625,9.22931167772874,39.6509904285653
"3317","GV",2019,1,1,3,17,"PIPO",1,28.1,"GV_1_1_3_17","Live",26.4,2008,"GV_1_1_3",30.0422172926798,28.0684880819157,29.3218181818182,9.7502572992518,17.9736887561752
"3318","GV",2004,1,1,3,18,"PIPO",1,32.7,"GV_1_1_3_18","Live",32.1,1997,"GV_1_1_3",26.6113943326746,29.627546025,27.1028571428571,9.71461632254499,10.3776432522864
"3319","GV",2008,1,1,3,18,"PIPO",1,33.1,"GV_1_1_3_18","Live",32.7,2004,"GV_1_1_3",28.0684880819157,26.6113943326746,26.46625,9.22931167772874,39.6509904285653
"3320","GV",2019,1,1,3,18,"PIPO",1,33.9,"GV_1_1_3_18","Live",33.1,2008,"GV_1_1_3",30.0422172926798,28.0684880819157,29.3218181818182,9.7502572992518,17.9736887561752
"3321","GV",2004,1,1,3,19,"PIPO",1,41.1,"GV_1_1_3_19","Live",40.3,1997,"GV_1_1_3",26.6113943326746,29.627546025,27.1028571428571,9.71461632254499,10.3776432522864
"3322","GV",2008,1,1,3,19,"PIPO",1,42.3,"GV_1_1_3_19","Live",41.1,2004,"GV_1_1_3",28.0684880819157,26.6113943326746,26.46625,9.22931167772874,39.6509904285653
"3323","GV",2019,1,1,3,19,"PIPO",1,44.8,"GV_1_1_3_19","Live",42.3,2008,"GV_1_1_3",30.0422172926798,28.0684880819157,29.3218181818182,9.7502572992518,17.9736887561752
"3324","GV",2004,1,1,3,21,"PIPO",1,34,"GV_1_1_3_21","Live",33.5,1997,"GV_1_1_3",26.6113943326746,29.627546025,27.1028571428571,9.71461632254499,10.3776432522864
"3325","GV",2008,1,1,3,21,"PIPO",1,34.4,"GV_1_1_3_21","Live",34,2004,"GV_1_1_3",28.0684880819157,26.6113943326746,26.46625,9.22931167772874,39.6509904285653
"3326","GV",2019,1,1,3,21,"PIPO",1,36.4,"GV_1_1_3_21","Live",34.4,2008,"GV_1_1_3",30.0422172926798,28.0684880819157,29.3218181818182,9.7502572992518,17.9736887561752
"3327","GV",2004,1,1,3,22,"PIPO",1,15.8,"GV_1_1_3_22","Live",15.5,1997,"GV_1_1_3",26.6113943326746,29.627546025,27.1028571428571,9.71461632254499,10.3776432522864
"3328","GV",2008,1,1,3,22,"PIPO",1,16.9,"GV_1_1_3_22","Live",15.8,2004,"GV_1_1_3",28.0684880819157,26.6113943326746,26.46625,9.22931167772874,39.6509904285653
"3329","GV",2019,1,1,3,22,"PIPO",1,16,"GV_1_1_3_22","Live",16.9,2008,"GV_1_1_3",30.0422172926798,28.0684880819157,29.3218181818182,9.7502572992518,17.9736887561752
"3330","GV",2004,1,1,3,23,"PIPO",1,36.9,"GV_1_1_3_23","Live",36,1997,"GV_1_1_3",26.6113943326746,29.627546025,27.1028571428571,9.71461632254499,10.3776432522864
"3331","GV",2008,1,1,3,23,"PIPO",1,37.5,"GV_1_1_3_23","Live",36.9,2004,"GV_1_1_3",28.0684880819157,26.6113943326746,26.46625,9.22931167772874,39.6509904285653
"3332","GV",2019,1,1,3,23,"PIPO",1,39.5,"GV_1_1_3_23","Live",37.5,2008,"GV_1_1_3",30.0422172926798,28.0684880819157,29.3218181818182,9.7502572992518,17.9736887561752
"3333","GV",2004,1,1,3,24,"PIPO",1,15.3,"GV_1_1_3_24","Live",15.7,1997,"GV_1_1_3",26.6113943326746,29.627546025,27.1028571428571,9.71461632254499,10.3776432522864
"3334","GV",2008,1,1,3,24,"PIPO",1,15.2,"GV_1_1_3_24","Live",15.3,2004,"GV_1_1_3",28.0684880819157,26.6113943326746,26.46625,9.22931167772874,39.6509904285653
"3335","GV",2019,1,1,3,24,"PIPO",3,NA,"GV_1_1_3_24","Dead",15.2,2008,"GV_1_1_3",30.0422172926798,28.0684880819157,29.3218181818182,9.7502572992518,17.9736887561752
"3336","GV",2004,1,1,3,28,"PIPO",1,10.1,"GV_1_1_3_28","Live",8.8,1997,"GV_1_1_3",26.6113943326746,29.627546025,27.1028571428571,9.71461632254499,10.3776432522864
"3337","GV",2008,1,1,3,28,"PIPO",1,10.9,"GV_1_1_3_28","Live",10.1,2004,"GV_1_1_3",28.0684880819157,26.6113943326746,26.46625,9.22931167772874,39.6509904285653
"3338","GV",2019,1,1,3,28,"PIPO",1,12.1,"GV_1_1_3_28","Live",10.9,2008,"GV_1_1_3",30.0422172926798,28.0684880819157,29.3218181818182,9.7502572992518,17.9736887561752
"3339","GV",2004,1,1,3,29,"PIPO",1,19.3,"GV_1_1_3_29","Live",17.2,1997,"GV_1_1_3",26.6113943326746,29.627546025,27.1028571428571,9.71461632254499,10.3776432522864
"3340","GV",2008,1,1,3,29,"PIPO",1,19.9,"GV_1_1_3_29","Live",19.3,2004,"GV_1_1_3",28.0684880819157,26.6113943326746,26.46625,9.22931167772874,39.6509904285653
"3341","GV",2019,1,1,3,29,"PIPO",1,22.7,"GV_1_1_3_29","Live",19.9,2008,"GV_1_1_3",30.0422172926798,28.0684880819157,29.3218181818182,9.7502572992518,17.9736887561752
"3342","GV",2004,1,1,3,3,"PIPO",1,7.1,"GV_1_1_3_3","Live",4.6,1997,"GV_1_1_3",26.6113943326746,29.627546025,27.1028571428571,9.71461632254499,10.3776432522864
"3343","GV",2008,1,1,3,3,"PIPO",1,9.2,"GV_1_1_3_3","Live",7.1,2004,"GV_1_1_3",28.0684880819157,26.6113943326746,26.46625,9.22931167772874,39.6509904285653
"3344","GV",2019,1,1,3,3,"PIPO",1,13.6,"GV_1_1_3_3","Live",9.2,2008,"GV_1_1_3",30.0422172926798,28.0684880819157,29.3218181818182,9.7502572992518,17.9736887561752
"3345","GV",2004,1,1,3,30,"PIPO",1,26,"GV_1_1_3_30","Live",23.4,1997,"GV_1_1_3",26.6113943326746,29.627546025,27.1028571428571,9.71461632254499,10.3776432522864
"3346","GV",2008,1,1,3,30,"PIPO",1,27.3,"GV_1_1_3_30","Live",26,2004,"GV_1_1_3",28.0684880819157,26.6113943326746,26.46625,9.22931167772874,39.6509904285653
"3347","GV",2019,1,1,3,30,"PIPO",1,31,"GV_1_1_3_30","Live",27.3,2008,"GV_1_1_3",30.0422172926798,28.0684880819157,29.3218181818182,9.7502572992518,17.9736887561752
"3348","GV",2004,1,1,3,31,"PIPO",1,21.5,"GV_1_1_3_31","Live",19,1997,"GV_1_1_3",26.6113943326746,29.627546025,27.1028571428571,9.71461632254499,10.3776432522864
"3349","GV",2008,1,1,3,31,"PIPO",1,22,"GV_1_1_3_31","Live",21.5,2004,"GV_1_1_3",28.0684880819157,26.6113943326746,26.46625,9.22931167772874,39.6509904285653
"3350","GV",2019,1,1,3,31,"PIPO",1,25.7,"GV_1_1_3_31","Live",22,2008,"GV_1_1_3",30.0422172926798,28.0684880819157,29.3218181818182,9.7502572992518,17.9736887561752
"3351","GV",2004,1,1,3,32,"PIPO",1,6.8,"GV_1_1_3_32","Live",6.2,1997,"GV_1_1_3",26.6113943326746,29.627546025,27.1028571428571,9.71461632254499,10.3776432522864
"3352","GV",2008,1,1,3,32,"PIPO",1,6.8,"GV_1_1_3_32","Live",6.8,2004,"GV_1_1_3",28.0684880819157,26.6113943326746,26.46625,9.22931167772874,39.6509904285653
"3353","GV",2019,1,1,3,32,"PIPO",4,NA,"GV_1_1_3_32","Dead",6.8,2008,"GV_1_1_3",30.0422172926798,28.0684880819157,29.3218181818182,9.7502572992518,17.9736887561752
"3354","GV",2004,1,1,3,33,"PIPO",1,12.6,"GV_1_1_3_33","Live",10.4,1997,"GV_1_1_3",26.6113943326746,29.627546025,27.1028571428571,9.71461632254499,10.3776432522864
"3355","GV",2008,1,1,3,33,"PIPO",1,13.2,"GV_1_1_3_33","Live",12.6,2004,"GV_1_1_3",28.0684880819157,26.6113943326746,26.46625,9.22931167772874,39.6509904285653
"3356","GV",2019,1,1,3,33,"PIPO",1,14.8,"GV_1_1_3_33","Live",13.2,2008,"GV_1_1_3",30.0422172926798,28.0684880819157,29.3218181818182,9.7502572992518,17.9736887561752
"3357","GV",2004,1,1,3,34,"PIPO",1,8,"GV_1_1_3_34","Live",7.1,1997,"GV_1_1_3",26.6113943326746,29.627546025,27.1028571428571,9.71461632254499,10.3776432522864
"3358","GV",2008,1,1,3,34,"PIPO",1,8.3,"GV_1_1_3_34","Live",8,2004,"GV_1_1_3",28.0684880819157,26.6113943326746,26.46625,9.22931167772874,39.6509904285653
"3359","GV",2019,1,1,3,34,"PIPO",1,8.8,"GV_1_1_3_34","Live",8.3,2008,"GV_1_1_3",30.0422172926798,28.0684880819157,29.3218181818182,9.7502572992518,17.9736887561752
"3360","GV",2004,1,1,3,35,"PIPO",1,1.1,"GV_1_1_3_35","Live",0.4,1997,"GV_1_1_3",26.6113943326746,29.627546025,27.1028571428571,9.71461632254499,10.3776432522864
"3361","GV",2008,1,1,3,35,"PIPO",1,1.9,"GV_1_1_3_35","Live",1.1,2004,"GV_1_1_3",28.0684880819157,26.6113943326746,26.46625,9.22931167772874,39.6509904285653
"3362","GV",2019,1,1,3,35,"PIPO",1,3.3,"GV_1_1_3_35","Live",1.9,2008,"GV_1_1_3",30.0422172926798,28.0684880819157,29.3218181818182,9.7502572992518,17.9736887561752
"3363","GV",2004,1,1,3,36,"PIPO",1,3.4,"GV_1_1_3_36","Live",1.8,1997,"GV_1_1_3",26.6113943326746,29.627546025,27.1028571428571,9.71461632254499,10.3776432522864
"3364","GV",2008,1,1,3,36,"PIPO",1,4.6,"GV_1_1_3_36","Live",3.4,2004,"GV_1_1_3",28.0684880819157,26.6113943326746,26.46625,9.22931167772874,39.6509904285653
"3365","GV",2019,1,1,3,36,"PIPO",1,6.8,"GV_1_1_3_36","Live",4.6,2008,"GV_1_1_3",30.0422172926798,28.0684880819157,29.3218181818182,9.7502572992518,17.9736887561752
"3366","GV",2004,1,1,3,37,"PIPO",1,5.8,"GV_1_1_3_37","Live",3.9,1997,"GV_1_1_3",26.6113943326746,29.627546025,27.1028571428571,9.71461632254499,10.3776432522864
"3367","GV",2008,1,1,3,37,"PIPO",1,6.8,"GV_1_1_3_37","Live",5.8,2004,"GV_1_1_3",28.0684880819157,26.6113943326746,26.46625,9.22931167772874,39.6509904285653
"3368","GV",2019,1,1,3,37,"PIPO",1,7.4,"GV_1_1_3_37","Live",6.8,2008,"GV_1_1_3",30.0422172926798,28.0684880819157,29.3218181818182,9.7502572992518,17.9736887561752
"3369","GV",2004,1,1,3,38,"PIPO",3,NA,"GV_1_1_3_38","Dead",0.6,1997,"GV_1_1_3",26.6113943326746,29.627546025,27.1028571428571,9.71461632254499,10.3776432522864
"3370","GV",2004,1,1,3,39,"PIPO",3,NA,"GV_1_1_3_39","Dead",6,1997,"GV_1_1_3",26.6113943326746,29.627546025,27.1028571428571,9.71461632254499,10.3776432522864
"3371","GV",2004,1,1,3,4,"PIPO",1,6.3,"GV_1_1_3_4","Live",3.6,1997,"GV_1_1_3",26.6113943326746,29.627546025,27.1028571428571,9.71461632254499,10.3776432522864
"3372","GV",2008,1,1,3,4,"PIPO",1,7.8,"GV_1_1_3_4","Live",6.3,2004,"GV_1_1_3",28.0684880819157,26.6113943326746,26.46625,9.22931167772874,39.6509904285653
"3373","GV",2019,1,1,3,4,"PIPO",1,9,"GV_1_1_3_4","Live",7.8,2008,"GV_1_1_3",30.0422172926798,28.0684880819157,29.3218181818182,9.7502572992518,17.9736887561752
"3374","GV",2004,1,1,3,40,"PIPO",3,NA,"GV_1_1_3_40","Dead",5,1997,"GV_1_1_3",26.6113943326746,29.627546025,27.1028571428571,9.71461632254499,10.3776432522864
"3375","GV",2004,1,1,3,41,"PIPO",1,10.1,"GV_1_1_3_41","Live",8.6,1997,"GV_1_1_3",26.6113943326746,29.627546025,27.1028571428571,9.71461632254499,10.3776432522864
"3376","GV",2008,1,1,3,41,"PIPO",1,10.7,"GV_1_1_3_41","Live",10.1,2004,"GV_1_1_3",28.0684880819157,26.6113943326746,26.46625,9.22931167772874,39.6509904285653
"3377","GV",2019,1,1,3,41,"PIPO",1,11.4,"GV_1_1_3_41","Live",10.7,2008,"GV_1_1_3",30.0422172926798,28.0684880819157,29.3218181818182,9.7502572992518,17.9736887561752
"3378","GV",2004,1,1,3,42,"PIPO",3,NA,"GV_1_1_3_42","Dead",4.8,1997,"GV_1_1_3",26.6113943326746,29.627546025,27.1028571428571,9.71461632254499,10.3776432522864
"3379","GV",2004,1,1,3,43,"PIPO",3,NA,"GV_1_1_3_43","Dead",9.3,1997,"GV_1_1_3",26.6113943326746,29.627546025,27.1028571428571,9.71461632254499,10.3776432522864
"3380","GV",2004,1,1,3,45,"PIPO",1,12,"GV_1_1_3_45","Live",10.5,1997,"GV_1_1_3",26.6113943326746,29.627546025,27.1028571428571,9.71461632254499,10.3776432522864
"3381","GV",2008,1,1,3,45,"PIPO",1,12.2,"GV_1_1_3_45","Live",12,2004,"GV_1_1_3",28.0684880819157,26.6113943326746,26.46625,9.22931167772874,39.6509904285653
"3382","GV",2019,1,1,3,45,"PIPO",6,NA,"GV_1_1_3_45","Dead",12.2,2008,"GV_1_1_3",30.0422172926798,28.0684880819157,29.3218181818182,9.7502572992518,17.9736887561752
"3383","GV",2004,1,1,3,46,"PIPO",3,NA,"GV_1_1_3_46","Dead",0.4,1997,"GV_1_1_3",26.6113943326746,29.627546025,27.1028571428571,9.71461632254499,10.3776432522864
"3384","GV",2004,1,1,3,47,"PIPO",3,NA,"GV_1_1_3_47","Dead",1.4,1997,"GV_1_1_3",26.6113943326746,29.627546025,27.1028571428571,9.71461632254499,10.3776432522864
"3385","GV",2004,1,1,3,48,"PIPO",3,NA,"GV_1_1_3_48","Dead",2.1,1997,"GV_1_1_3",26.6113943326746,29.627546025,27.1028571428571,9.71461632254499,10.3776432522864
"3386","GV",2004,1,1,3,49,"PIPO",3,NA,"GV_1_1_3_49","Dead",4.5,1997,"GV_1_1_3",26.6113943326746,29.627546025,27.1028571428571,9.71461632254499,10.3776432522864
"3387","GV",2004,1,1,3,5,"PIPO",1,8,"GV_1_1_3_5","Live",5.6,1997,"GV_1_1_3",26.6113943326746,29.627546025,27.1028571428571,9.71461632254499,10.3776432522864
"3388","GV",2008,1,1,3,5,"PIPO",1,9.1,"GV_1_1_3_5","Live",8,2004,"GV_1_1_3",28.0684880819157,26.6113943326746,26.46625,9.22931167772874,39.6509904285653
"3389","GV",2019,1,1,3,5,"PIPO",1,12.9,"GV_1_1_3_5","Live",9.1,2008,"GV_1_1_3",30.0422172926798,28.0684880819157,29.3218181818182,9.7502572992518,17.9736887561752
"3390","GV",2004,1,1,3,51,"PIPO",4,NA,"GV_1_1_3_51","Dead",1.2,1997,"GV_1_1_3",26.6113943326746,29.627546025,27.1028571428571,9.71461632254499,10.3776432522864
"3391","GV",2004,1,1,3,52,"PIPO",3,NA,"GV_1_1_3_52","Dead",5,1997,"GV_1_1_3",26.6113943326746,29.627546025,27.1028571428571,9.71461632254499,10.3776432522864
"3392","GV",2004,1,1,3,53,"PIPO",3,NA,"GV_1_1_3_53","Dead",10,1997,"GV_1_1_3",26.6113943326746,29.627546025,27.1028571428571,9.71461632254499,10.3776432522864
"3393","GV",2004,1,1,3,54,"PIPO",1,10,"GV_1_1_3_54","Live",9.2,1997,"GV_1_1_3",26.6113943326746,29.627546025,27.1028571428571,9.71461632254499,10.3776432522864
"3394","GV",2008,1,1,3,54,"PIPO",1,9.6,"GV_1_1_3_54","Live",10,2004,"GV_1_1_3",28.0684880819157,26.6113943326746,26.46625,9.22931167772874,39.6509904285653
"3395","GV",2019,1,1,3,54,"PIPO",3,NA,"GV_1_1_3_54","Dead",9.6,2008,"GV_1_1_3",30.0422172926798,28.0684880819157,29.3218181818182,9.7502572992518,17.9736887561752
"3396","GV",2004,1,1,3,55,"PIPO",1,11.8,"GV_1_1_3_55","Live",11,1997,"GV_1_1_3",26.6113943326746,29.627546025,27.1028571428571,9.71461632254499,10.3776432522864
"3397","GV",2008,1,1,3,55,"PIPO",1,12.4,"GV_1_1_3_55","Live",11.8,2004,"GV_1_1_3",28.0684880819157,26.6113943326746,26.46625,9.22931167772874,39.6509904285653
"3398","GV",2004,1,1,3,56,"PIPO",1,10.6,"GV_1_1_3_56","Live",9.5,1997,"GV_1_1_3",26.6113943326746,29.627546025,27.1028571428571,9.71461632254499,10.3776432522864
"3399","GV",2008,1,1,3,56,"PIPO",1,11.1,"GV_1_1_3_56","Live",10.6,2004,"GV_1_1_3",28.0684880819157,26.6113943326746,26.46625,9.22931167772874,39.6509904285653
"3400","GV",2004,1,1,3,57,"PIPO",1,13.5,"GV_1_1_3_57","Live",11.7,1997,"GV_1_1_3",26.6113943326746,29.627546025,27.1028571428571,9.71461632254499,10.3776432522864
"3401","GV",2008,1,1,3,57,"PIPO",1,14.6,"GV_1_1_3_57","Live",13.5,2004,"GV_1_1_3",28.0684880819157,26.6113943326746,26.46625,9.22931167772874,39.6509904285653
"3402","GV",2019,1,1,3,57,"PIPO",1,16,"GV_1_1_3_57","Live",14.6,2008,"GV_1_1_3",30.0422172926798,28.0684880819157,29.3218181818182,9.7502572992518,17.9736887561752
"3403","GV",2004,1,1,3,58,"PIPO",1,14.1,"GV_1_1_3_58","Live",12.5,1997,"GV_1_1_3",26.6113943326746,29.627546025,27.1028571428571,9.71461632254499,10.3776432522864
"3404","GV",2008,1,1,3,58,"PIPO",1,15.2,"GV_1_1_3_58","Live",14.1,2004,"GV_1_1_3",28.0684880819157,26.6113943326746,26.46625,9.22931167772874,39.6509904285653
"3405","GV",2019,1,1,3,58,"PIPO",1,18.4,"GV_1_1_3_58","Live",15.2,2008,"GV_1_1_3",30.0422172926798,28.0684880819157,29.3218181818182,9.7502572992518,17.9736887561752
"3406","GV",2004,1,1,3,59,"PIPO",3,NA,"GV_1_1_3_59","Dead",5.9,1997,"GV_1_1_3",26.6113943326746,29.627546025,27.1028571428571,9.71461632254499,10.3776432522864
"3407","GV",2004,1,1,3,6,"PIPO",3,NA,"GV_1_1_3_6","Dead",4.7,1997,"GV_1_1_3",26.6113943326746,29.627546025,27.1028571428571,9.71461632254499,10.3776432522864
"3408","GV",2004,1,1,3,60,"PIPO",3,NA,"GV_1_1_3_60","Dead",7.3,1997,"GV_1_1_3",26.6113943326746,29.627546025,27.1028571428571,9.71461632254499,10.3776432522864
"3409","GV",2004,1,1,3,63,"PIPO",1,5.9,"GV_1_1_3_63","Live",4.5,1997,"GV_1_1_3",26.6113943326746,29.627546025,27.1028571428571,9.71461632254499,10.3776432522864
"3410","GV",2008,1,1,3,63,"PIPO",1,5.9,"GV_1_1_3_63","Live",5.9,2004,"GV_1_1_3",28.0684880819157,26.6113943326746,26.46625,9.22931167772874,39.6509904285653
"3411","GV",2019,1,1,3,63,"PIPO",3,NA,"GV_1_1_3_63","Dead",5.9,2008,"GV_1_1_3",30.0422172926798,28.0684880819157,29.3218181818182,9.7502572992518,17.9736887561752
"3412","GV",2004,1,1,3,64,"PIPO",3,NA,"GV_1_1_3_64","Dead",6.9,1997,"GV_1_1_3",26.6113943326746,29.627546025,27.1028571428571,9.71461632254499,10.3776432522864
"3413","GV",2004,1,1,3,65,"PIPO",3,NA,"GV_1_1_3_65","Dead",5,1997,"GV_1_1_3",26.6113943326746,29.627546025,27.1028571428571,9.71461632254499,10.3776432522864
"3414","GV",2004,1,1,3,66,"PIPO",1,12,"GV_1_1_3_66","Live",9.7,1997,"GV_1_1_3",26.6113943326746,29.627546025,27.1028571428571,9.71461632254499,10.3776432522864
"3415","GV",2008,1,1,3,66,"PIPO",1,13,"GV_1_1_3_66","Live",12,2004,"GV_1_1_3",28.0684880819157,26.6113943326746,26.46625,9.22931167772874,39.6509904285653
"3416","GV",2019,1,1,3,66,"PIPO",3,NA,"GV_1_1_3_66","Dead",13,2008,"GV_1_1_3",30.0422172926798,28.0684880819157,29.3218181818182,9.7502572992518,17.9736887561752
"3417","GV",2004,1,1,3,67,"PIPO",3,NA,"GV_1_1_3_67","Dead",0.8,1997,"GV_1_1_3",26.6113943326746,29.627546025,27.1028571428571,9.71461632254499,10.3776432522864
"3418","GV",2004,1,1,3,68,"PIPO",1,4.4,"GV_1_1_3_68","Live",3.2,1997,"GV_1_1_3",26.6113943326746,29.627546025,27.1028571428571,9.71461632254499,10.3776432522864
"3419","GV",2008,1,1,3,68,"PIPO",1,6,"GV_1_1_3_68","Live",4.4,2004,"GV_1_1_3",28.0684880819157,26.6113943326746,26.46625,9.22931167772874,39.6509904285653
"3420","GV",2004,1,1,3,69,"PIPO",3,NA,"GV_1_1_3_69","Dead",2.8,1997,"GV_1_1_3",26.6113943326746,29.627546025,27.1028571428571,9.71461632254499,10.3776432522864
"3421","GV",2004,1,1,3,7,"PIPO",3,NA,"GV_1_1_3_7","Dead",31,1997,"GV_1_1_3",26.6113943326746,29.627546025,27.1028571428571,9.71461632254499,10.3776432522864
"3422","GV",2008,1,1,3,71,"PIPO",1,3.1,"GV_1_1_3_71","Live",1.7,2004,"GV_1_1_3",28.0684880819157,26.6113943326746,26.46625,9.22931167772874,39.6509904285653
"3423","GV",2004,1,1,3,8,"PIPO",3,NA,"GV_1_1_3_8","Dead",26.8,1997,"GV_1_1_3",26.6113943326746,29.627546025,27.1028571428571,9.71461632254499,10.3776432522864
"3424","GV",2004,1,1,3,9,"PIPO",3,NA,"GV_1_1_3_9","Dead",27.1,1997,"GV_1_1_3",26.6113943326746,29.627546025,27.1028571428571,9.71461632254499,10.3776432522864
"3425","GV",2004,1,1,4,1,"PIPO",1,16.4,"GV_1_1_4_1","Live",14.9,1997,"GV_1_1_4",13.636212975,11.693251185,26.4420084871429,9.71461632254499,9.84166279288585
"3426","GV",2008,1,1,4,1,"PIPO",1,17.2,"GV_1_1_4_1","Live",16.4,2004,"GV_1_1_4",15.06821316,13.636212975,19.7982673275,9.22931167772874,38.3637312699885
"3427","GV",2019,1,1,4,1,"PIPO",1,18.9,"GV_1_1_4_1","Live",17.2,2008,"GV_1_1_4",18.033196335,15.06821316,18.7304230427273,9.7502572992518,19.3467661590473
"3428","GV",2004,1,1,4,14,"PIPO",1,27.1,"GV_1_1_4_14","Live",23.2,1997,"GV_1_1_4",13.636212975,11.693251185,26.4420084871429,9.71461632254499,9.84166279288585
"3429","GV",2008,1,1,4,14,"PIPO",1,29.2,"GV_1_1_4_14","Live",27.1,2004,"GV_1_1_4",15.06821316,13.636212975,19.7982673275,9.22931167772874,38.3637312699885
"3430","GV",2019,1,1,4,14,"PIPO",1,34.4,"GV_1_1_4_14","Live",29.2,2008,"GV_1_1_4",18.033196335,15.06821316,18.7304230427273,9.7502572992518,19.3467661590473
"3431","GV",2008,1,1,4,15,"PIPO",1,22.2,"GV_1_1_4_15","Live",20.2,2004,"GV_1_1_4",15.06821316,13.636212975,19.7982673275,9.22931167772874,38.3637312699885
"3432","GV",2019,1,1,4,15,"PIPO",1,25.1,"GV_1_1_4_15","Live",22.2,2008,"GV_1_1_4",18.033196335,15.06821316,18.7304230427273,9.7502572992518,19.3467661590473
"3433","GV",2008,1,1,4,16,"PIPO",1,8.5,"GV_1_1_4_16","Live",8.1,2004,"GV_1_1_4",15.06821316,13.636212975,19.7982673275,9.22931167772874,38.3637312699885
"3434","GV",2019,1,1,4,16,"PIPO",1,8.9,"GV_1_1_4_16","Live",8.5,2008,"GV_1_1_4",18.033196335,15.06821316,18.7304230427273,9.7502572992518,19.3467661590473
"3435","GV",2008,1,1,4,17,"PIPO",1,6.5,"GV_1_1_4_17","Live",6.1,2004,"GV_1_1_4",15.06821316,13.636212975,19.7982673275,9.22931167772874,38.3637312699885
"3436","GV",2019,1,1,4,17,"PIPO",1,6.2,"GV_1_1_4_17","Live",6.5,2008,"GV_1_1_4",18.033196335,15.06821316,18.7304230427273,9.7502572992518,19.3467661590473
"3437","GV",2004,1,1,4,18,"PIPO",1,21.4,"GV_1_1_4_18","Live",19,1997,"GV_1_1_4",13.636212975,11.693251185,26.4420084871429,9.71461632254499,9.84166279288585
"3438","GV",2008,1,1,4,18,"PIPO",1,22.5,"GV_1_1_4_18","Live",21.4,2004,"GV_1_1_4",15.06821316,13.636212975,19.7982673275,9.22931167772874,38.3637312699885
"3439","GV",2019,1,1,4,18,"PIPO",1,24.7,"GV_1_1_4_18","Live",22.5,2008,"GV_1_1_4",18.033196335,15.06821316,18.7304230427273,9.7502572992518,19.3467661590473
"3440","GV",2008,1,1,4,19,"PIPO",1,16,"GV_1_1_4_19","Live",14.8,2004,"GV_1_1_4",15.06821316,13.636212975,19.7982673275,9.22931167772874,38.3637312699885
"3441","GV",2019,1,1,4,19,"PIPO",1,18.8,"GV_1_1_4_19","Live",16,2008,"GV_1_1_4",18.033196335,15.06821316,18.7304230427273,9.7502572992518,19.3467661590473
"3442","GV",2004,1,1,4,24,"PIPO",1,45.2,"GV_1_1_4_24","Live",44.2,1997,"GV_1_1_4",13.636212975,11.693251185,26.4420084871429,9.71461632254499,9.84166279288585
"3443","GV",2008,1,1,4,24,"PIPO",1,47.3,"GV_1_1_4_24","Live",45.2,2004,"GV_1_1_4",15.06821316,13.636212975,19.7982673275,9.22931167772874,38.3637312699885
"3444","GV",2019,1,1,4,24,"PIPO",1,50.1,"GV_1_1_4_24","Live",47.3,2008,"GV_1_1_4",18.033196335,15.06821316,18.7304230427273,9.7502572992518,19.3467661590473
"3445","GV",2019,1,1,4,25,"PIPO",1,21,"GV_1_1_4_25","Live",17.6,2008,"GV_1_1_4",18.033196335,15.06821316,18.7304230427273,9.7502572992518,19.3467661590473
"3446","GV",2004,1,1,4,4,"PIPO",1,20.5,"GV_1_1_4_4","Live",18,1997,"GV_1_1_4",13.636212975,11.693251185,26.4420084871429,9.71461632254499,9.84166279288585
"3447","GV",2008,1,1,4,4,"PIPO",1,22.5,"GV_1_1_4_4","Live",20.5,2004,"GV_1_1_4",15.06821316,13.636212975,19.7982673275,9.22931167772874,38.3637312699885
"3448","GV",2019,1,1,4,4,"PIPO",1,27,"GV_1_1_4_4","Live",22.5,2008,"GV_1_1_4",18.033196335,15.06821316,18.7304230427273,9.7502572992518,19.3467661590473
"3449","GV",2004,1,1,5,13,"PIPO",1,32.2,"GV_1_1_5_13","Live",28.7,1997,"GV_1_1_5",7.89908196,6.32596503,12.5252309885714,9.71461632254499,8.7459918928086
"3450","GV",2008,1,1,5,13,"PIPO",1,33.6,"GV_1_1_5_13","Live",32.2,2004,"GV_1_1_5",8.78163594,7.89908196,9.95273631875,9.22931167772874,39.5225015917596
"3451","GV",2019,1,1,5,13,"PIPO",1,39.5,"GV_1_1_5_13","Live",33.6,2008,"GV_1_1_5",11.3199702,8.78163594,11.8593396663636,9.7502572992518,18.5150720126391
"3452","GV",2004,1,1,5,15,"PIPO",1,22.3,"GV_1_1_5_15","Live",19.7,1997,"GV_1_1_5",7.89908196,6.32596503,12.5252309885714,9.71461632254499,8.7459918928086
"3453","GV",2008,1,1,5,15,"PIPO",1,24.1,"GV_1_1_5_15","Live",22.3,2004,"GV_1_1_5",8.78163594,7.89908196,9.95273631875,9.22931167772874,39.5225015917596
"3454","GV",2019,1,1,5,15,"PIPO",1,26.7,"GV_1_1_5_15","Live",24.1,2008,"GV_1_1_5",11.3199702,8.78163594,11.8593396663636,9.7502572992518,18.5150720126391
"3455","GV",2004,1,1,5,3,"PIPO",1,16.8,"GV_1_1_5_3","Live",13.7,1997,"GV_1_1_5",7.89908196,6.32596503,12.5252309885714,9.71461632254499,8.7459918928086
"3456","GV",2008,1,1,5,3,"PIPO",1,16.4,"GV_1_1_5_3","Live",16.8,2004,"GV_1_1_5",8.78163594,7.89908196,9.95273631875,9.22931167772874,39.5225015917596
"3457","GV",2019,1,1,5,3,"PIPO",1,18.9,"GV_1_1_5_3","Live",16.4,2008,"GV_1_1_5",11.3199702,8.78163594,11.8593396663636,9.7502572992518,18.5150720126391
"3458","GV",2004,1,1,5,4,"PIPO",1,25.8,"GV_1_1_5_4","Live",23.3,1997,"GV_1_1_5",7.89908196,6.32596503,12.5252309885714,9.71461632254499,8.7459918928086
"3459","GV",2008,1,1,5,4,"PIPO",1,27,"GV_1_1_5_4","Live",25.8,2004,"GV_1_1_5",8.78163594,7.89908196,9.95273631875,9.22931167772874,39.5225015917596
"3460","GV",2019,1,1,5,4,"PIPO",1,30.6,"GV_1_1_5_4","Live",27,2008,"GV_1_1_5",11.3199702,8.78163594,11.8593396663636,9.7502572992518,18.5150720126391
"3461","GV",2004,1,1,5,5,"PIPO",3,NA,"GV_1_1_5_5","Dead",5,1997,"GV_1_1_5",7.89908196,6.32596503,12.5252309885714,9.71461632254499,8.7459918928086
"3462","GV",2004,1,1,5,6,"PIPO",1,18.5,"GV_1_1_5_6","Live",17,1997,"GV_1_1_5",7.89908196,6.32596503,12.5252309885714,9.71461632254499,8.7459918928086
"3463","GV",2008,1,1,5,6,"PIPO",1,19,"GV_1_1_5_6","Live",18.5,2004,"GV_1_1_5",8.78163594,7.89908196,9.95273631875,9.22931167772874,39.5225015917596
"3464","GV",2019,1,1,5,6,"PIPO",1,20.8,"GV_1_1_5_6","Live",19,2008,"GV_1_1_5",11.3199702,8.78163594,11.8593396663636,9.7502572992518,18.5150720126391
"3465","GV",2004,1,1,5,7,"PIPO",1,24.5,"GV_1_1_5_7","Live",22.3,1997,"GV_1_1_5",7.89908196,6.32596503,12.5252309885714,9.71461632254499,8.7459918928086
"3466","GV",2008,1,1,5,7,"PIPO",1,26.1,"GV_1_1_5_7","Live",24.5,2004,"GV_1_1_5",8.78163594,7.89908196,9.95273631875,9.22931167772874,39.5225015917596
"3467","GV",2019,1,1,5,7,"PIPO",1,28.6,"GV_1_1_5_7","Live",26.1,2008,"GV_1_1_5",11.3199702,8.78163594,11.8593396663636,9.7502572992518,18.5150720126391
"3468","GV",2004,1,1,5,8,"PIPO",1,24.1,"GV_1_1_5_8","Live",21.3,1997,"GV_1_1_5",7.89908196,6.32596503,12.5252309885714,9.71461632254499,8.7459918928086
"3469","GV",2008,1,1,5,8,"PIPO",1,26.5,"GV_1_1_5_8","Live",24.1,2004,"GV_1_1_5",8.78163594,7.89908196,9.95273631875,9.22931167772874,39.5225015917596
"3470","GV",2019,1,1,5,8,"PIPO",1,30.5,"GV_1_1_5_8","Live",26.5,2008,"GV_1_1_5",11.3199702,8.78163594,11.8593396663636,9.7502572992518,18.5150720126391
"3471","GV",2004,1,1,5,9,"PIPO",1,4.2,"GV_1_1_5_9","Live",3.8,1997,"GV_1_1_5",7.89908196,6.32596503,12.5252309885714,9.71461632254499,8.7459918928086
"3472","GV",2008,1,1,5,9,"PIPO",1,4.5,"GV_1_1_5_9","Live",4.2,2004,"GV_1_1_5",8.78163594,7.89908196,9.95273631875,9.22931167772874,39.5225015917596
"3473","GV",2019,1,1,5,9,"PIPO",1,4.2,"GV_1_1_5_9","Live",4.5,2008,"GV_1_1_5",11.3199702,8.78163594,11.8593396663636,9.7502572992518,18.5150720126391
"3474","GV",2004,1,1,6,1,"PIPO",1,19.8,"GV_1_1_6_1","Live",17.6,1997,"GV_1_1_6",13.2697647098787,10.15408317,18.7446958985714,9.71461632254499,9.06663570954226
"3475","GV",2008,1,1,6,1,"PIPO",1,21.8,"GV_1_1_6_1","Live",19.8,2004,"GV_1_1_6",14.8176320345788,13.2697647098787,18.952970295,9.22931167772874,38.5807389319765
"3476","GV",2019,1,1,6,1,"PIPO",1,25.6,"GV_1_1_6_1","Live",21.8,2008,"GV_1_1_6",18.4910649,14.8176320345788,24.47659766,9.7502572992518,18.7933601827581
"3477","GV",2004,1,1,6,11,"PIPO",1,13.4,"GV_1_1_6_11","Live",11,1997,"GV_1_1_6",13.2697647098787,10.15408317,18.7446958985714,9.71461632254499,9.06663570954226
"3478","GV",2008,1,1,6,11,"PIPO",1,14.2,"GV_1_1_6_11","Live",13.4,2004,"GV_1_1_6",14.8176320345788,13.2697647098787,18.952970295,9.22931167772874,38.5807389319765
"3479","GV",2019,1,1,6,11,"PIPO",1,15.8,"GV_1_1_6_11","Live",14.2,2008,"GV_1_1_6",18.4910649,14.8176320345788,24.47659766,9.7502572992518,18.7933601827581
"3480","GV",2004,1,1,6,12,"PIPO",1,13.5,"GV_1_1_6_12","Live",10.8,1997,"GV_1_1_6",13.2697647098787,10.15408317,18.7446958985714,9.71461632254499,9.06663570954226
"3481","GV",2008,1,1,6,12,"PIPO",1,15.3,"GV_1_1_6_12","Live",13.5,2004,"GV_1_1_6",14.8176320345788,13.2697647098787,18.952970295,9.22931167772874,38.5807389319765
"3482","GV",2019,1,1,6,12,"PIPO",1,20.3,"GV_1_1_6_12","Live",15.3,2008,"GV_1_1_6",18.4910649,14.8176320345788,24.47659766,9.7502572992518,18.7933601827581
"3483","GV",2004,1,1,6,13,"PIPO",1,8.1,"GV_1_1_6_13","Live",5.3,1997,"GV_1_1_6",13.2697647098787,10.15408317,18.7446958985714,9.71461632254499,9.06663570954226
"3484","GV",2008,1,1,6,13,"PIPO",1,9.5,"GV_1_1_6_13","Live",8.1,2004,"GV_1_1_6",14.8176320345788,13.2697647098787,18.952970295,9.22931167772874,38.5807389319765
"3485","GV",2019,1,1,6,13,"PIPO",1,12.8,"GV_1_1_6_13","Live",9.5,2008,"GV_1_1_6",18.4910649,14.8176320345788,24.47659766,9.7502572992518,18.7933601827581
"3486","GV",2004,1,1,6,2,"PIPO",1,15,"GV_1_1_6_2","Live",14.3,1997,"GV_1_1_6",13.2697647098787,10.15408317,18.7446958985714,9.71461632254499,9.06663570954226
"3487","GV",2008,1,1,6,2,"PIPO",1,16.1,"GV_1_1_6_2","Live",15,2004,"GV_1_1_6",14.8176320345788,13.2697647098787,18.952970295,9.22931167772874,38.5807389319765
"3488","GV",2019,1,1,6,2,"PIPO",1,17.3,"GV_1_1_6_2","Live",16.1,2008,"GV_1_1_6",18.4910649,14.8176320345788,24.47659766,9.7502572992518,18.7933601827581
"3489","GV",2004,1,1,6,3,"PIPO",1,15.5,"GV_1_1_6_3","Live",14,1997,"GV_1_1_6",13.2697647098787,10.15408317,18.7446958985714,9.71461632254499,9.06663570954226
"3490","GV",2008,1,1,6,3,"PIPO",1,17,"GV_1_1_6_3","Live",15.5,2004,"GV_1_1_6",14.8176320345788,13.2697647098787,18.952970295,9.22931167772874,38.5807389319765
"3491","GV",2019,1,1,6,3,"PIPO",1,20.5,"GV_1_1_6_3","Live",17,2008,"GV_1_1_6",18.4910649,14.8176320345788,24.47659766,9.7502572992518,18.7933601827581
"3492","GV",2004,1,1,6,4,"PIPO",1,7.9,"GV_1_1_6_4","Live",6.5,1997,"GV_1_1_6",13.2697647098787,10.15408317,18.7446958985714,9.71461632254499,9.06663570954226
"3493","GV",2008,1,1,6,4,"PIPO",1,8.4,"GV_1_1_6_4","Live",7.9,2004,"GV_1_1_6",14.8176320345788,13.2697647098787,18.952970295,9.22931167772874,38.5807389319765
"3494","GV",2019,1,1,6,4,"PIPO",1,9.8,"GV_1_1_6_4","Live",8.4,2008,"GV_1_1_6",18.4910649,14.8176320345788,24.47659766,9.7502572992518,18.7933601827581
"3495","GV",2004,1,1,6,6,"PIPO",1,14.5,"GV_1_1_6_6","Live",13.2,1997,"GV_1_1_6",13.2697647098787,10.15408317,18.7446958985714,9.71461632254499,9.06663570954226
"3496","GV",2008,1,1,6,6,"PIPO",1,15.8,"GV_1_1_6_6","Live",14.5,2004,"GV_1_1_6",14.8176320345788,13.2697647098787,18.952970295,9.22931167772874,38.5807389319765
"3497","GV",2019,1,1,6,6,"PIPO",1,18.7,"GV_1_1_6_6","Live",15.8,2008,"GV_1_1_6",18.4910649,14.8176320345788,24.47659766,9.7502572992518,18.7933601827581
"3498","GV",2004,1,1,7,14,"PIPO",1,13.3,"GV_1_1_7_14","Live",11,1997,"GV_1_1_7",18.7094061,16.91975439,31.11669024,9.71461632254499,9.08872878502462
"3499","GV",2008,1,1,7,14,"PIPO",1,14.9,"GV_1_1_7_14","Live",13.3,2004,"GV_1_1_7",19.143594855,18.7094061,28.9962871275,9.22931167772874,38.387085558689
"3500","GV",2019,1,1,7,14,"PIPO",1,18.7,"GV_1_1_7_14","Live",14.9,2008,"GV_1_1_7",19.50301353,19.143594855,31.2119711963636,9.7502572992518,18.7252861580467
"3501","GV",2004,1,1,7,19,"PIPO",1,13.4,"GV_1_1_7_19","Live",12.6,1997,"GV_1_1_7",18.7094061,16.91975439,31.11669024,9.71461632254499,9.08872878502462
"3502","GV",2008,1,1,7,19,"PIPO",1,13.6,"GV_1_1_7_19","Live",13.4,2004,"GV_1_1_7",19.143594855,18.7094061,28.9962871275,9.22931167772874,38.387085558689
"3503","GV",2019,1,1,7,19,"PIPO",1,14.2,"GV_1_1_7_19","Live",13.6,2008,"GV_1_1_7",19.50301353,19.143594855,31.2119711963636,9.7502572992518,18.7252861580467
"3504","GV",2004,1,1,7,20,"PIPO",1,13.2,"GV_1_1_7_20","Live",12.1,1997,"GV_1_1_7",18.7094061,16.91975439,31.11669024,9.71461632254499,9.08872878502462
"3505","GV",2008,1,1,7,20,"PIPO",1,13.9,"GV_1_1_7_20","Live",13.2,2004,"GV_1_1_7",19.143594855,18.7094061,28.9962871275,9.22931167772874,38.387085558689
"3506","GV",2019,1,1,7,20,"PIPO",1,15.7,"GV_1_1_7_20","Live",13.9,2008,"GV_1_1_7",19.50301353,19.143594855,31.2119711963636,9.7502572992518,18.7252861580467
"3507","GV",2004,1,1,7,21,"PIPO",1,2.5,"GV_1_1_7_21","Live",2.5,1997,"GV_1_1_7",18.7094061,16.91975439,31.11669024,9.71461632254499,9.08872878502462
"3508","GV",2008,1,1,7,21,"PIPO",1,2.4,"GV_1_1_7_21","Live",2.5,2004,"GV_1_1_7",19.143594855,18.7094061,28.9962871275,9.22931167772874,38.387085558689
"3509","GV",2019,1,1,7,21,"PIPO",1,2.2,"GV_1_1_7_21","Live",2.4,2008,"GV_1_1_7",19.50301353,19.143594855,31.2119711963636,9.7502572992518,18.7252861580467
"3510","GV",2004,1,1,7,22,"PIPO",1,9.5,"GV_1_1_7_22","Live",8,1997,"GV_1_1_7",18.7094061,16.91975439,31.11669024,9.71461632254499,9.08872878502462
"3511","GV",2008,1,1,7,22,"PIPO",1,9.7,"GV_1_1_7_22","Live",9.5,2004,"GV_1_1_7",19.143594855,18.7094061,28.9962871275,9.22931167772874,38.387085558689
"3512","GV",2019,1,1,7,22,"PIPO",1,11.2,"GV_1_1_7_22","Live",9.7,2008,"GV_1_1_7",19.50301353,19.143594855,31.2119711963636,9.7502572992518,18.7252861580467
"3513","GV",2004,1,1,7,23,"PIPO",1,8.8,"GV_1_1_7_23","Live",8,1997,"GV_1_1_7",18.7094061,16.91975439,31.11669024,9.71461632254499,9.08872878502462
"3514","GV",2008,1,1,7,23,"PIPO",1,8.9,"GV_1_1_7_23","Live",8.8,2004,"GV_1_1_7",19.143594855,18.7094061,28.9962871275,9.22931167772874,38.387085558689
"3515","GV",2019,1,1,7,23,"PIPO",1,9.5,"GV_1_1_7_23","Live",8.9,2008,"GV_1_1_7",19.50301353,19.143594855,31.2119711963636,9.7502572992518,18.7252861580467
"3516","GV",2004,1,1,7,24,"PIPO",1,15.7,"GV_1_1_7_24","Live",14.7,1997,"GV_1_1_7",18.7094061,16.91975439,31.11669024,9.71461632254499,9.08872878502462
"3517","GV",2008,1,1,7,24,"PIPO",1,16.1,"GV_1_1_7_24","Live",15.7,2004,"GV_1_1_7",19.143594855,18.7094061,28.9962871275,9.22931167772874,38.387085558689
"3518","GV",2019,1,1,7,24,"PIPO",1,18.2,"GV_1_1_7_24","Live",16.1,2008,"GV_1_1_7",19.50301353,19.143594855,31.2119711963636,9.7502572992518,18.7252861580467
"3519","GV",2004,1,1,7,25,"PIPO",1,15.9,"GV_1_1_7_25","Live",14.6,1997,"GV_1_1_7",18.7094061,16.91975439,31.11669024,9.71461632254499,9.08872878502462
"3520","GV",2008,1,1,7,25,"PIPO",1,17,"GV_1_1_7_25","Live",15.9,2004,"GV_1_1_7",19.143594855,18.7094061,28.9962871275,9.22931167772874,38.387085558689
"3521","GV",2019,1,1,7,25,"PIPO",1,18.5,"GV_1_1_7_25","Live",17,2008,"GV_1_1_7",19.50301353,19.143594855,31.2119711963636,9.7502572992518,18.7252861580467
"3522","GV",2004,1,1,7,26,"PIPO",1,2.4,"GV_1_1_7_26","Live",1.5,1997,"GV_1_1_7",18.7094061,16.91975439,31.11669024,9.71461632254499,9.08872878502462
"3523","GV",2008,1,1,7,26,"PIPO",1,2.7,"GV_1_1_7_26","Live",2.4,2004,"GV_1_1_7",19.143594855,18.7094061,28.9962871275,9.22931167772874,38.387085558689
"3524","GV",2019,1,1,7,26,"PIPO",1,3.6,"GV_1_1_7_26","Live",2.7,2008,"GV_1_1_7",19.50301353,19.143594855,31.2119711963636,9.7502572992518,18.7252861580467
"3525","GV",2004,1,1,7,27,"PIPO",1,20.8,"GV_1_1_7_27","Live",19.1,1997,"GV_1_1_7",18.7094061,16.91975439,31.11669024,9.71461632254499,9.08872878502462
"3526","GV",2008,1,1,7,27,"PIPO",1,22.1,"GV_1_1_7_27","Live",20.8,2004,"GV_1_1_7",19.143594855,18.7094061,28.9962871275,9.22931167772874,38.387085558689
"3527","GV",2019,1,1,7,27,"PIPO",1,25.2,"GV_1_1_7_27","Live",22.1,2008,"GV_1_1_7",19.50301353,19.143594855,31.2119711963636,9.7502572992518,18.7252861580467
"3528","GV",2004,1,1,7,28,"PIPO",1,11.6,"GV_1_1_7_28","Live",11.3,1997,"GV_1_1_7",18.7094061,16.91975439,31.11669024,9.71461632254499,9.08872878502462
"3529","GV",2008,1,1,7,28,"PIPO",1,11.3,"GV_1_1_7_28","Live",11.6,2004,"GV_1_1_7",19.143594855,18.7094061,28.9962871275,9.22931167772874,38.387085558689
"3530","GV",2019,1,1,7,28,"PIPO",1,12.5,"GV_1_1_7_28","Live",11.3,2008,"GV_1_1_7",19.50301353,19.143594855,31.2119711963636,9.7502572992518,18.7252861580467
"3531","GV",2004,1,1,7,29,"PIPO",1,31.2,"GV_1_1_7_29","Live",28.7,1997,"GV_1_1_7",18.7094061,16.91975439,31.11669024,9.71461632254499,9.08872878502462
"3532","GV",2008,1,1,7,29,"PIPO",1,32.9,"GV_1_1_7_29","Live",31.2,2004,"GV_1_1_7",19.143594855,18.7094061,28.9962871275,9.22931167772874,38.387085558689
"3533","GV",2019,1,1,7,29,"PIPO",1,37.7,"GV_1_1_7_29","Live",32.9,2008,"GV_1_1_7",19.50301353,19.143594855,31.2119711963636,9.7502572992518,18.7252861580467
"3534","GV",2004,1,1,7,30,"PIPO",1,32.1,"GV_1_1_7_30","Live",29.7,1997,"GV_1_1_7",18.7094061,16.91975439,31.11669024,9.71461632254499,9.08872878502462
"3535","GV",2008,1,1,7,30,"PIPO",1,33.1,"GV_1_1_7_30","Live",32.1,2004,"GV_1_1_7",19.143594855,18.7094061,28.9962871275,9.22931167772874,38.387085558689
"3536","GV",2019,1,1,7,30,"PIPO",1,37.8,"GV_1_1_7_30","Live",33.1,2008,"GV_1_1_7",19.50301353,19.143594855,31.2119711963636,9.7502572992518,18.7252861580467
"3537","GV",2004,1,1,7,41,"PIPO",1,19.3,"GV_1_1_7_41","Live",16.4,1997,"GV_1_1_7",18.7094061,16.91975439,31.11669024,9.71461632254499,9.08872878502462
"3538","GV",2008,1,1,7,41,"PIPO",1,21.3,"GV_1_1_7_41","Live",19.3,2004,"GV_1_1_7",19.143594855,18.7094061,28.9962871275,9.22931167772874,38.387085558689
"3539","GV",2019,1,1,7,41,"PIPO",1,25.3,"GV_1_1_7_41","Live",21.3,2008,"GV_1_1_7",19.50301353,19.143594855,31.2119711963636,9.7502572992518,18.7252861580467
"3540","GV",2004,1,1,8,1,"PIPO",1,7.2,"GV_1_1_8_1","Live",5.4,1997,"GV_1_1_8",24.5733594965043,21.17014284,34.2071428571429,9.71461632254499,9.85932774512074
"3541","GV",2008,1,1,8,1,"PIPO",1,7.7,"GV_1_1_8_1","Live",7.2,2004,"GV_1_1_8",26.67940968,24.5733594965043,31.2175,9.22931167772874,39.2588020181288
"3542","GV",2019,1,1,8,1,"PIPO",3,NA,"GV_1_1_8_1","Dead",7.7,2008,"GV_1_1_8",26.724236385,26.67940968,30.9118181818182,9.7502572992518,17.3580737044921
"3543","GV",2004,1,1,8,10,"PIPO",1,30.5,"GV_1_1_8_10","Live",28.2,1997,"GV_1_1_8",24.5733594965043,21.17014284,34.2071428571429,9.71461632254499,9.85932774512074
"3544","GV",2008,1,1,8,10,"PIPO",1,32.9,"GV_1_1_8_10","Live",30.5,2004,"GV_1_1_8",26.67940968,24.5733594965043,31.2175,9.22931167772874,39.2588020181288
"3545","GV",2019,1,1,8,10,"PIPO",1,35,"GV_1_1_8_10","Live",32.9,2008,"GV_1_1_8",26.724236385,26.67940968,30.9118181818182,9.7502572992518,17.3580737044921
"3546","GV",2004,1,1,8,11,"PIPO",1,26.8,"GV_1_1_8_11","Live",24.1,1997,"GV_1_1_8",24.5733594965043,21.17014284,34.2071428571429,9.71461632254499,9.85932774512074
"3547","GV",2008,1,1,8,11,"PIPO",1,27.2,"GV_1_1_8_11","Live",26.8,2004,"GV_1_1_8",26.67940968,24.5733594965043,31.2175,9.22931167772874,39.2588020181288
"3548","GV",2019,1,1,8,11,"PIPO",1,30.2,"GV_1_1_8_11","Live",27.2,2008,"GV_1_1_8",26.724236385,26.67940968,30.9118181818182,9.7502572992518,17.3580737044921
"3549","GV",2004,1,1,8,12,"PIPO",1,14.3,"GV_1_1_8_12","Live",13.5,1997,"GV_1_1_8",24.5733594965043,21.17014284,34.2071428571429,9.71461632254499,9.85932774512074
"3550","GV",2008,1,1,8,12,"PIPO",1,14.9,"GV_1_1_8_12","Live",14.3,2004,"GV_1_1_8",26.67940968,24.5733594965043,31.2175,9.22931167772874,39.2588020181288
"3551","GV",2019,1,1,8,12,"PIPO",1,15,"GV_1_1_8_12","Live",14.9,2008,"GV_1_1_8",26.724236385,26.67940968,30.9118181818182,9.7502572992518,17.3580737044921
"3552","GV",2004,1,1,8,13,"PIPO",1,3,"GV_1_1_8_13","Live",2.4,1997,"GV_1_1_8",24.5733594965043,21.17014284,34.2071428571429,9.71461632254499,9.85932774512074
"3553","GV",2008,1,1,8,13,"PIPO",1,3.6,"GV_1_1_8_13","Live",3,2004,"GV_1_1_8",26.67940968,24.5733594965043,31.2175,9.22931167772874,39.2588020181288
"3554","GV",2019,1,1,8,13,"PIPO",3,NA,"GV_1_1_8_13","Dead",3.6,2008,"GV_1_1_8",26.724236385,26.67940968,30.9118181818182,9.7502572992518,17.3580737044921
"3555","GV",2004,1,1,8,15,"PIPO",1,21.7,"GV_1_1_8_15","Live",19.8,1997,"GV_1_1_8",24.5733594965043,21.17014284,34.2071428571429,9.71461632254499,9.85932774512074
"3556","GV",2008,1,1,8,15,"PIPO",1,22.7,"GV_1_1_8_15","Live",21.7,2004,"GV_1_1_8",26.67940968,24.5733594965043,31.2175,9.22931167772874,39.2588020181288
"3557","GV",2019,1,1,8,15,"PIPO",1,23.9,"GV_1_1_8_15","Live",22.7,2008,"GV_1_1_8",26.724236385,26.67940968,30.9118181818182,9.7502572992518,17.3580737044921
"3558","GV",2004,1,1,8,17,"PIPO",1,5.7,"GV_1_1_8_17","Live",5.5,1997,"GV_1_1_8",24.5733594965043,21.17014284,34.2071428571429,9.71461632254499,9.85932774512074
"3559","GV",2008,1,1,8,17,"PIPO",1,5.8,"GV_1_1_8_17","Live",5.7,2004,"GV_1_1_8",26.67940968,24.5733594965043,31.2175,9.22931167772874,39.2588020181288
"3560","GV",2004,1,1,8,18,"PIPO",1,14.4,"GV_1_1_8_18","Live",13.7,1997,"GV_1_1_8",24.5733594965043,21.17014284,34.2071428571429,9.71461632254499,9.85932774512074
"3561","GV",2008,1,1,8,18,"PIPO",1,14.9,"GV_1_1_8_18","Live",14.4,2004,"GV_1_1_8",26.67940968,24.5733594965043,31.2175,9.22931167772874,39.2588020181288
"3562","GV",2019,1,1,8,18,"PIPO",1,15.8,"GV_1_1_8_18","Live",14.9,2008,"GV_1_1_8",26.724236385,26.67940968,30.9118181818182,9.7502572992518,17.3580737044921
"3563","GV",2004,1,1,8,19,"PIPO",1,19.7,"GV_1_1_8_19","Live",18.5,1997,"GV_1_1_8",24.5733594965043,21.17014284,34.2071428571429,9.71461632254499,9.85932774512074
"3564","GV",2008,1,1,8,19,"PIPO",1,20.4,"GV_1_1_8_19","Live",19.7,2004,"GV_1_1_8",26.67940968,24.5733594965043,31.2175,9.22931167772874,39.2588020181288
"3565","GV",2019,1,1,8,19,"PIPO",1,21.1,"GV_1_1_8_19","Live",20.4,2008,"GV_1_1_8",26.724236385,26.67940968,30.9118181818182,9.7502572992518,17.3580737044921
"3566","GV",2004,1,1,8,2,"PIPO",1,11.6,"GV_1_1_8_2","Live",10.9,1997,"GV_1_1_8",24.5733594965043,21.17014284,34.2071428571429,9.71461632254499,9.85932774512074
"3567","GV",2008,1,1,8,2,"PIPO",1,12.7,"GV_1_1_8_2","Live",11.6,2004,"GV_1_1_8",26.67940968,24.5733594965043,31.2175,9.22931167772874,39.2588020181288
"3568","GV",2019,1,1,8,2,"PIPO",1,12.2,"GV_1_1_8_2","Live",12.7,2008,"GV_1_1_8",26.724236385,26.67940968,30.9118181818182,9.7502572992518,17.3580737044921
"3569","GV",2004,1,1,8,20,"PIPO",1,9.3,"GV_1_1_8_20","Live",8.8,1997,"GV_1_1_8",24.5733594965043,21.17014284,34.2071428571429,9.71461632254499,9.85932774512074
"3570","GV",2008,1,1,8,20,"PIPO",1,9.9,"GV_1_1_8_20","Live",9.3,2004,"GV_1_1_8",26.67940968,24.5733594965043,31.2175,9.22931167772874,39.2588020181288
"3571","GV",2019,1,1,8,20,"PIPO",3,NA,"GV_1_1_8_20","Dead",9.9,2008,"GV_1_1_8",26.724236385,26.67940968,30.9118181818182,9.7502572992518,17.3580737044921
"3572","GV",2004,1,1,8,21,"PIPO",1,14.7,"GV_1_1_8_21","Live",13.8,1997,"GV_1_1_8",24.5733594965043,21.17014284,34.2071428571429,9.71461632254499,9.85932774512074
"3573","GV",2008,1,1,8,21,"PIPO",1,15,"GV_1_1_8_21","Live",14.7,2004,"GV_1_1_8",26.67940968,24.5733594965043,31.2175,9.22931167772874,39.2588020181288
"3574","GV",2019,1,1,8,21,"PIPO",3,NA,"GV_1_1_8_21","Dead",15,2008,"GV_1_1_8",26.724236385,26.67940968,30.9118181818182,9.7502572992518,17.3580737044921
"3575","GV",2004,1,1,8,22,"PIPO",1,13.5,"GV_1_1_8_22","Live",12,1997,"GV_1_1_8",24.5733594965043,21.17014284,34.2071428571429,9.71461632254499,9.85932774512074
"3576","GV",2008,1,1,8,22,"PIPO",1,14.6,"GV_1_1_8_22","Live",13.5,2004,"GV_1_1_8",26.67940968,24.5733594965043,31.2175,9.22931167772874,39.2588020181288
"3577","GV",2019,1,1,8,22,"PIPO",3,NA,"GV_1_1_8_22","Dead",14.6,2008,"GV_1_1_8",26.724236385,26.67940968,30.9118181818182,9.7502572992518,17.3580737044921
"3578","GV",2004,1,1,8,24,"PIPO",1,3.6,"GV_1_1_8_24","Live",2.5,1997,"GV_1_1_8",24.5733594965043,21.17014284,34.2071428571429,9.71461632254499,9.85932774512074
"3579","GV",2008,1,1,8,24,"PIPO",1,3.8,"GV_1_1_8_24","Live",3.6,2004,"GV_1_1_8",26.67940968,24.5733594965043,31.2175,9.22931167772874,39.2588020181288
"3580","GV",2004,1,1,8,25,"PIPO",1,13.8,"GV_1_1_8_25","Live",12.4,1997,"GV_1_1_8",24.5733594965043,21.17014284,34.2071428571429,9.71461632254499,9.85932774512074
"3581","GV",2008,1,1,8,25,"PIPO",1,13.9,"GV_1_1_8_25","Live",13.8,2004,"GV_1_1_8",26.67940968,24.5733594965043,31.2175,9.22931167772874,39.2588020181288
"3582","GV",2019,1,1,8,25,"PIPO",3,NA,"GV_1_1_8_25","Dead",13.9,2008,"GV_1_1_8",26.724236385,26.67940968,30.9118181818182,9.7502572992518,17.3580737044921
"3583","GV",2004,1,1,8,26,"PIPO",1,12.8,"GV_1_1_8_26","Live",11.7,1997,"GV_1_1_8",24.5733594965043,21.17014284,34.2071428571429,9.71461632254499,9.85932774512074
"3584","GV",2008,1,1,8,26,"PIPO",1,12.9,"GV_1_1_8_26","Live",12.8,2004,"GV_1_1_8",26.67940968,24.5733594965043,31.2175,9.22931167772874,39.2588020181288
"3585","GV",2019,1,1,8,26,"PIPO",3,NA,"GV_1_1_8_26","Dead",12.9,2008,"GV_1_1_8",26.724236385,26.67940968,30.9118181818182,9.7502572992518,17.3580737044921
"3586","GV",2004,1,1,8,27,"PIPO",1,10.9,"GV_1_1_8_27","Live",9.8,1997,"GV_1_1_8",24.5733594965043,21.17014284,34.2071428571429,9.71461632254499,9.85932774512074
"3587","GV",2008,1,1,8,27,"PIPO",1,11.4,"GV_1_1_8_27","Live",10.9,2004,"GV_1_1_8",26.67940968,24.5733594965043,31.2175,9.22931167772874,39.2588020181288
"3588","GV",2019,1,1,8,27,"PIPO",3,NA,"GV_1_1_8_27","Dead",11.4,2008,"GV_1_1_8",26.724236385,26.67940968,30.9118181818182,9.7502572992518,17.3580737044921
"3589","GV",2004,1,1,8,28,"PIPO",1,36,"GV_1_1_8_28","Live",35.1,1997,"GV_1_1_8",24.5733594965043,21.17014284,34.2071428571429,9.71461632254499,9.85932774512074
"3590","GV",2008,1,1,8,28,"PIPO",1,36.3,"GV_1_1_8_28","Live",36,2004,"GV_1_1_8",26.67940968,24.5733594965043,31.2175,9.22931167772874,39.2588020181288
"3591","GV",2019,1,1,8,28,"PIPO",1,35.6,"GV_1_1_8_28","Live",36.3,2008,"GV_1_1_8",26.724236385,26.67940968,30.9118181818182,9.7502572992518,17.3580737044921
"3592","GV",2004,1,1,8,3,"PIPO",1,16.3,"GV_1_1_8_3","Live",14.5,1997,"GV_1_1_8",24.5733594965043,21.17014284,34.2071428571429,9.71461632254499,9.85932774512074
"3593","GV",2008,1,1,8,3,"PIPO",1,17.5,"GV_1_1_8_3","Live",16.3,2004,"GV_1_1_8",26.67940968,24.5733594965043,31.2175,9.22931167772874,39.2588020181288
"3594","GV",2019,1,1,8,3,"PIPO",1,20.2,"GV_1_1_8_3","Live",17.5,2008,"GV_1_1_8",26.724236385,26.67940968,30.9118181818182,9.7502572992518,17.3580737044921
"3595","GV",2004,1,1,8,31,"PIPO",1,2,"GV_1_1_8_31","Live",1.2,1997,"GV_1_1_8",24.5733594965043,21.17014284,34.2071428571429,9.71461632254499,9.85932774512074
"3596","GV",2008,1,1,8,31,"PIPO",1,3.2,"GV_1_1_8_31","Live",2,2004,"GV_1_1_8",26.67940968,24.5733594965043,31.2175,9.22931167772874,39.2588020181288
"3597","GV",2004,1,1,8,32,"PIPO",1,27.5,"GV_1_1_8_32","Live",25.7,1997,"GV_1_1_8",24.5733594965043,21.17014284,34.2071428571429,9.71461632254499,9.85932774512074
"3598","GV",2008,1,1,8,32,"PIPO",1,28.4,"GV_1_1_8_32","Live",27.5,2004,"GV_1_1_8",26.67940968,24.5733594965043,31.2175,9.22931167772874,39.2588020181288
"3599","GV",2019,1,1,8,32,"PIPO",1,31.3,"GV_1_1_8_32","Live",28.4,2008,"GV_1_1_8",26.724236385,26.67940968,30.9118181818182,9.7502572992518,17.3580737044921
"3600","GV",2004,1,1,8,33,"PIPO",1,7,"GV_1_1_8_33","Live",6.4,1997,"GV_1_1_8",24.5733594965043,21.17014284,34.2071428571429,9.71461632254499,9.85932774512074
"3601","GV",2008,1,1,8,33,"PIPO",1,7,"GV_1_1_8_33","Live",7,2004,"GV_1_1_8",26.67940968,24.5733594965043,31.2175,9.22931167772874,39.2588020181288
"3602","GV",2019,1,1,8,33,"PIPO",3,NA,"GV_1_1_8_33","Dead",7,2008,"GV_1_1_8",26.724236385,26.67940968,30.9118181818182,9.7502572992518,17.3580737044921
"3603","GV",2004,1,1,8,34,"PIPO",1,25,"GV_1_1_8_34","Live",22.7,1997,"GV_1_1_8",24.5733594965043,21.17014284,34.2071428571429,9.71461632254499,9.85932774512074
"3604","GV",2008,1,1,8,34,"PIPO",1,26.8,"GV_1_1_8_34","Live",25,2004,"GV_1_1_8",26.67940968,24.5733594965043,31.2175,9.22931167772874,39.2588020181288
"3605","GV",2019,1,1,8,34,"PIPO",1,27.6,"GV_1_1_8_34","Live",26.8,2008,"GV_1_1_8",26.724236385,26.67940968,30.9118181818182,9.7502572992518,17.3580737044921
"3606","GV",2004,1,1,8,35,"PIPO",1,19.8,"GV_1_1_8_35","Live",17.9,1997,"GV_1_1_8",24.5733594965043,21.17014284,34.2071428571429,9.71461632254499,9.85932774512074
"3607","GV",2008,1,1,8,35,"PIPO",1,20.7,"GV_1_1_8_35","Live",19.8,2004,"GV_1_1_8",26.67940968,24.5733594965043,31.2175,9.22931167772874,39.2588020181288
"3608","GV",2019,1,1,8,35,"PIPO",1,22.3,"GV_1_1_8_35","Live",20.7,2008,"GV_1_1_8",26.724236385,26.67940968,30.9118181818182,9.7502572992518,17.3580737044921
"3609","GV",2004,1,1,8,36,"PIPO",1,21.1,"GV_1_1_8_36","Live",20.6,1997,"GV_1_1_8",24.5733594965043,21.17014284,34.2071428571429,9.71461632254499,9.85932774512074
"3610","GV",2008,1,1,8,36,"PIPO",1,21.8,"GV_1_1_8_36","Live",21.1,2004,"GV_1_1_8",26.67940968,24.5733594965043,31.2175,9.22931167772874,39.2588020181288
"3611","GV",2019,1,1,8,36,"PIPO",2,22,"GV_1_1_8_36","Live",21.8,2008,"GV_1_1_8",26.724236385,26.67940968,30.9118181818182,9.7502572992518,17.3580737044921
"3612","GV",2004,1,1,8,37,"PIPO",1,20.4,"GV_1_1_8_37","Live",19,1997,"GV_1_1_8",24.5733594965043,21.17014284,34.2071428571429,9.71461632254499,9.85932774512074
"3613","GV",2008,1,1,8,37,"PIPO",1,20.1,"GV_1_1_8_37","Live",20.4,2004,"GV_1_1_8",26.67940968,24.5733594965043,31.2175,9.22931167772874,39.2588020181288
"3614","GV",2019,1,1,8,37,"PIPO",1,20.7,"GV_1_1_8_37","Live",20.1,2008,"GV_1_1_8",26.724236385,26.67940968,30.9118181818182,9.7502572992518,17.3580737044921
"3615","GV",2004,1,1,8,38,"PIPO",1,7.3,"GV_1_1_8_38","Live",7.4,1997,"GV_1_1_8",24.5733594965043,21.17014284,34.2071428571429,9.71461632254499,9.85932774512074
"3616","GV",2008,1,1,8,38,"PIPO",1,7.3,"GV_1_1_8_38","Live",7.3,2004,"GV_1_1_8",26.67940968,24.5733594965043,31.2175,9.22931167772874,39.2588020181288
"3617","GV",2019,1,1,8,38,"PIPO",1,7.5,"GV_1_1_8_38","Live",7.3,2008,"GV_1_1_8",26.724236385,26.67940968,30.9118181818182,9.7502572992518,17.3580737044921
"3618","GV",2004,1,1,8,39,"PIPO",1,25.4,"GV_1_1_8_39","Live",23.5,1997,"GV_1_1_8",24.5733594965043,21.17014284,34.2071428571429,9.71461632254499,9.85932774512074
"3619","GV",2008,1,1,8,39,"PIPO",1,27.8,"GV_1_1_8_39","Live",25.4,2004,"GV_1_1_8",26.67940968,24.5733594965043,31.2175,9.22931167772874,39.2588020181288
"3620","GV",2019,1,1,8,39,"PIPO",1,29.6,"GV_1_1_8_39","Live",27.8,2008,"GV_1_1_8",26.724236385,26.67940968,30.9118181818182,9.7502572992518,17.3580737044921
"3621","GV",2004,1,1,8,4,"PIPO",1,25,"GV_1_1_8_4","Live",23.3,1997,"GV_1_1_8",24.5733594965043,21.17014284,34.2071428571429,9.71461632254499,9.85932774512074
"3622","GV",2008,1,1,8,4,"PIPO",1,25.9,"GV_1_1_8_4","Live",25,2004,"GV_1_1_8",26.67940968,24.5733594965043,31.2175,9.22931167772874,39.2588020181288
"3623","GV",2019,1,1,8,4,"PIPO",1,27.9,"GV_1_1_8_4","Live",25.9,2008,"GV_1_1_8",26.724236385,26.67940968,30.9118181818182,9.7502572992518,17.3580737044921
"3624","GV",2004,1,1,8,40,"PIPO",1,12,"GV_1_1_8_40","Live",11.7,1997,"GV_1_1_8",24.5733594965043,21.17014284,34.2071428571429,9.71461632254499,9.85932774512074
"3625","GV",2008,1,1,8,40,"PIPO",1,12.3,"GV_1_1_8_40","Live",12,2004,"GV_1_1_8",26.67940968,24.5733594965043,31.2175,9.22931167772874,39.2588020181288
"3626","GV",2019,1,1,8,40,"PIPO",3,NA,"GV_1_1_8_40","Dead",12.3,2008,"GV_1_1_8",26.724236385,26.67940968,30.9118181818182,9.7502572992518,17.3580737044921
"3627","GV",2004,1,1,8,41,"PIPO",1,29.7,"GV_1_1_8_41","Live",28.3,1997,"GV_1_1_8",24.5733594965043,21.17014284,34.2071428571429,9.71461632254499,9.85932774512074
"3628","GV",2008,1,1,8,41,"PIPO",1,30.9,"GV_1_1_8_41","Live",29.7,2004,"GV_1_1_8",26.67940968,24.5733594965043,31.2175,9.22931167772874,39.2588020181288
"3629","GV",2019,1,1,8,41,"PIPO",1,32,"GV_1_1_8_41","Live",30.9,2008,"GV_1_1_8",26.724236385,26.67940968,30.9118181818182,9.7502572992518,17.3580737044921
"3630","GV",2004,1,1,8,42,"PIPO",1,26.9,"GV_1_1_8_42","Live",24.9,1997,"GV_1_1_8",24.5733594965043,21.17014284,34.2071428571429,9.71461632254499,9.85932774512074
"3631","GV",2008,1,1,8,42,"PIPO",1,28.4,"GV_1_1_8_42","Live",26.9,2004,"GV_1_1_8",26.67940968,24.5733594965043,31.2175,9.22931167772874,39.2588020181288
"3632","GV",2019,1,1,8,42,"PIPO",1,31.8,"GV_1_1_8_42","Live",28.4,2008,"GV_1_1_8",26.724236385,26.67940968,30.9118181818182,9.7502572992518,17.3580737044921
"3633","GV",2004,1,1,8,5,"PIPO",1,2,"GV_1_1_8_5","Live",1.6,1997,"GV_1_1_8",24.5733594965043,21.17014284,34.2071428571429,9.71461632254499,9.85932774512074
"3634","GV",2008,1,1,8,5,"PIPO",1,1.7,"GV_1_1_8_5","Live",2,2004,"GV_1_1_8",26.67940968,24.5733594965043,31.2175,9.22931167772874,39.2588020181288
"3635","GV",2004,1,1,8,6,"PIPO",1,14.3,"GV_1_1_8_6","Live",13.2,1997,"GV_1_1_8",24.5733594965043,21.17014284,34.2071428571429,9.71461632254499,9.85932774512074
"3636","GV",2008,1,1,8,6,"PIPO",1,15.2,"GV_1_1_8_6","Live",14.3,2004,"GV_1_1_8",26.67940968,24.5733594965043,31.2175,9.22931167772874,39.2588020181288
"3637","GV",2019,1,1,8,6,"PIPO",2,15.8,"GV_1_1_8_6","Live",15.2,2008,"GV_1_1_8",26.724236385,26.67940968,30.9118181818182,9.7502572992518,17.3580737044921
"3638","GV",2004,1,1,8,8,"PIPO",1,26.4,"GV_1_1_8_8","Live",24.1,1997,"GV_1_1_8",24.5733594965043,21.17014284,34.2071428571429,9.71461632254499,9.85932774512074
"3639","GV",2008,1,1,8,8,"PIPO",1,28.7,"GV_1_1_8_8","Live",26.4,2004,"GV_1_1_8",26.67940968,24.5733594965043,31.2175,9.22931167772874,39.2588020181288
"3640","GV",2019,1,1,8,8,"PIPO",1,31.8,"GV_1_1_8_8","Live",28.7,2008,"GV_1_1_8",26.724236385,26.67940968,30.9118181818182,9.7502572992518,17.3580737044921
"3641","GV",2004,1,1,9,1,"PIPO",1,57.5,"GV_1_1_9_1","Live",56.4,1997,"GV_1_1_9",27.26629983,26.440039395,28.8592750557143,9.71461632254499,10.9471153063344
"3642","GV",2008,1,1,9,1,"PIPO",1,57.4,"GV_1_1_9_1","Live",57.5,2004,"GV_1_1_9",27.88315299,27.26629983,24.20771144,9.22931167772874,42.9054409753755
"3643","GV",2019,1,1,9,1,"PIPO",1,58.7,"GV_1_1_9_1","Live",57.4,2008,"GV_1_1_9",29.002289085,27.88315299,24.6033469009091,9.7502572992518,19.1826546200696
"3644","GV",2004,1,1,9,10,"PIPO",1,47.6,"GV_1_1_9_10","Live",47.1,1997,"GV_1_1_9",27.26629983,26.440039395,28.8592750557143,9.71461632254499,10.9471153063344
"3645","GV",2008,1,1,9,10,"PIPO",1,48.2,"GV_1_1_9_10","Live",47.6,2004,"GV_1_1_9",27.88315299,27.26629983,24.20771144,9.22931167772874,42.9054409753755
"3646","GV",2019,1,1,9,10,"PIPO",1,49.1,"GV_1_1_9_10","Live",48.2,2008,"GV_1_1_9",29.002289085,27.88315299,24.6033469009091,9.7502572992518,19.1826546200696
"3647","GV",2004,1,1,9,11,"PIPO",1,45.3,"GV_1_1_9_11","Live",45.1,1997,"GV_1_1_9",27.26629983,26.440039395,28.8592750557143,9.71461632254499,10.9471153063344
"3648","GV",2008,1,1,9,11,"PIPO",1,46,"GV_1_1_9_11","Live",45.3,2004,"GV_1_1_9",27.88315299,27.26629983,24.20771144,9.22931167772874,42.9054409753755
"3649","GV",2019,1,1,9,11,"PIPO",1,46.5,"GV_1_1_9_11","Live",46,2008,"GV_1_1_9",29.002289085,27.88315299,24.6033469009091,9.7502572992518,19.1826546200696
"3650","GV",2004,1,1,9,3,"PIPO",1,7.5,"GV_1_1_9_3","Live",6,1997,"GV_1_1_9",27.26629983,26.440039395,28.8592750557143,9.71461632254499,10.9471153063344
"3651","GV",2008,1,1,9,3,"PIPO",1,9.2,"GV_1_1_9_3","Live",7.5,2004,"GV_1_1_9",27.88315299,27.26629983,24.20771144,9.22931167772874,42.9054409753755
"3652","GV",2019,1,1,9,3,"PIPO",1,9.1,"GV_1_1_9_3","Live",9.2,2008,"GV_1_1_9",29.002289085,27.88315299,24.6033469009091,9.7502572992518,19.1826546200696
"3653","GV",2004,1,1,9,4,"PIPO",1,67.3,"GV_1_1_9_4","Live",66.5,1997,"GV_1_1_9",27.26629983,26.440039395,28.8592750557143,9.71461632254499,10.9471153063344
"3654","GV",2008,1,1,9,4,"PIPO",1,68,"GV_1_1_9_4","Live",67.3,2004,"GV_1_1_9",27.88315299,27.26629983,24.20771144,9.22931167772874,42.9054409753755
"3655","GV",2019,1,1,9,4,"PIPO",1,68.1,"GV_1_1_9_4","Live",68,2008,"GV_1_1_9",29.002289085,27.88315299,24.6033469009091,9.7502572992518,19.1826546200696
"3656","GV",2004,1,1,9,5,"PIPO",1,5.5,"GV_1_1_9_5","Live",4.1,1997,"GV_1_1_9",27.26629983,26.440039395,28.8592750557143,9.71461632254499,10.9471153063344
"3657","GV",2008,1,1,9,5,"PIPO",1,5.8,"GV_1_1_9_5","Live",5.5,2004,"GV_1_1_9",27.88315299,27.26629983,24.20771144,9.22931167772874,42.9054409753755
"3658","GV",2019,1,1,9,5,"PIPO",4,NA,"GV_1_1_9_5","Dead",5.8,2008,"GV_1_1_9",29.002289085,27.88315299,24.6033469009091,9.7502572992518,19.1826546200696
"3659","GV",2004,1,1,9,7,"PIPO",1,21.3,"GV_1_1_9_7","Live",20.7,1997,"GV_1_1_9",27.26629983,26.440039395,28.8592750557143,9.71461632254499,10.9471153063344
"3660","GV",2008,1,1,9,7,"PIPO",1,21.5,"GV_1_1_9_7","Live",21.3,2004,"GV_1_1_9",27.88315299,27.26629983,24.20771144,9.22931167772874,42.9054409753755
"3661","GV",2019,1,1,9,7,"PIPO",1,21.8,"GV_1_1_9_7","Live",21.5,2008,"GV_1_1_9",29.002289085,27.88315299,24.6033469009091,9.7502572992518,19.1826546200696
"3662","GV",2004,1,1,9,8,"PIPO",1,17,"GV_1_1_9_8","Live",16.6,1997,"GV_1_1_9",27.26629983,26.440039395,28.8592750557143,9.71461632254499,10.9471153063344
"3663","GV",2008,1,1,9,8,"PIPO",1,17.2,"GV_1_1_9_8","Live",17,2004,"GV_1_1_9",27.88315299,27.26629983,24.20771144,9.22931167772874,42.9054409753755
"3664","GV",2019,1,1,9,8,"PIPO",1,17.4,"GV_1_1_9_8","Live",17.2,2008,"GV_1_1_9",29.002289085,27.88315299,24.6033469009091,9.7502572992518,19.1826546200696
"3665","GV",2004,1,1,9,9,"PIPO",1,30,"GV_1_1_9_9","Live",29.2,1997,"GV_1_1_9",27.26629983,26.440039395,28.8592750557143,9.71461632254499,10.9471153063344
"3666","GV",2008,1,1,9,9,"PIPO",1,30.9,"GV_1_1_9_9","Live",30,2004,"GV_1_1_9",27.88315299,27.26629983,24.20771144,9.22931167772874,42.9054409753755
"3667","GV",2019,1,1,9,9,"PIPO",1,32.3,"GV_1_1_9_9","Live",30.9,2008,"GV_1_1_9",29.002289085,27.88315299,24.6033469009091,9.7502572992518,19.1826546200696
"3668","GV",2004,1,2,10,1,"PIPO",3,NA,"GV_1_2_10_1","Dead",4.7,1997,"GV_1_2_10",11.71883559,19.8188195965313,21.2485714285714,9.71461632254499,8.21981332783984
"3669","GV",2004,1,2,10,2,"PIPO",3,NA,"GV_1_2_10_2","Dead",9.6,1997,"GV_1_2_10",11.71883559,19.8188195965313,21.2485714285714,9.71461632254499,8.21981332783984
"3670","GV",2004,1,2,10,3,"PIPO",3,NA,"GV_1_2_10_3","Dead",4.5,1997,"GV_1_2_10",11.71883559,19.8188195965313,21.2485714285714,9.71461632254499,8.21981332783984
"3671","GV",2004,1,2,10,4,"PIPO",3,NA,"GV_1_2_10_4","Dead",8.1,1997,"GV_1_2_10",11.71883559,19.8188195965313,21.2485714285714,9.71461632254499,8.21981332783984
"3672","GV",2004,1,2,10,9,"PIPO",1,74.1,"GV_1_2_10_9","Live",73.6,1997,"GV_1_2_10",11.71883559,19.8188195965313,21.2485714285714,9.71461632254499,8.21981332783984
"3673","GV",2008,1,2,10,9,"PIPO",1,74.2,"GV_1_2_10_9","Live",74.1,2004,"GV_1_2_10",11.8378545370759,11.71883559,14.0875,9.22931167772874,36.1344960041608
"3674","GV",2019,1,2,10,9,"PIPO",1,75.8,"GV_1_2_10_9","Live",74.2,2008,"GV_1_2_10",12.43783002,11.8378545370759,14.4940909090909,9.7502572992518,16.4995807728365
"3675","GV",2004,1,2,11,23,"PIPO",1,13.1,"GV_1_2_11_23","Live",12,1997,"GV_1_2_11",1.270089975,7.55531238,15.7892503542857,9.71461632254499,10.2219274632739
"3676","GV",2008,1,2,11,23,"PIPO",1,14.6,"GV_1_2_11_23","Live",13.1,2004,"GV_1_2_11",1.655564295,1.270089975,13.79950495,9.22931167772874,43.6877706359962
"3677","GV",2019,1,2,11,23,"PIPO",1,19.7,"GV_1_2_11_23","Live",14.6,2008,"GV_1_2_11",2.818074105,1.655564295,13.6453645345455,9.7502572992518,20.7966136201945
"3678","GV",2004,1,2,11,24,"PIPO",3,NA,"GV_1_2_11_24","Dead",22.2,1997,"GV_1_2_11",1.270089975,7.55531238,15.7892503542857,9.71461632254499,10.2219274632739
"3679","GV",2004,1,2,13,1,"PIPO",3,NA,"GV_1_2_13_1","Dead",30.4,1997,"GV_1_2_13",2.274223875,29.16249105,15.0335714285714,9.71461632254499,9.81728212636651
"3680","GV",2004,1,2,13,12,"PIPO",3,NA,"GV_1_2_13_12","Dead",19.4,1997,"GV_1_2_13",2.274223875,29.16249105,15.0335714285714,9.71461632254499,9.81728212636651
"3681","GV",2008,1,2,13,58,"PIPO",1,27.1,"GV_1_2_13_58","Live",23.2,1997,"GV_1_2_13",5.42244087,29.16249105,13.9372727272727,9.71461632254499,9.81728212636651
"3682","GV",2019,1,2,13,58,"PIPO",1,33.2,"GV_1_2_13_58","Live",27.1,2008,"GV_1_2_13",8.286617955,5.42244087,8.42454545454546,9.7502572992518,19.878000140304
"3683","GV",2004,1,2,13,6,"PIPO",1,24.9,"GV_1_2_13_6","Live",22.9,1997,"GV_1_2_13",2.274223875,29.16249105,15.0335714285714,9.71461632254499,9.81728212636651
"3684","GV",2008,1,2,13,6,"PIPO",1,27.6,"GV_1_2_13_6","Live",24.9,2004,"GV_1_2_13",5.42244087,2.274223875,12.01875,9.22931167772874,42.0579106004709
"3685","GV",2019,1,2,13,6,"PIPO",1,33,"GV_1_2_13_6","Live",27.6,2008,"GV_1_2_13",8.286617955,5.42244087,8.42454545454546,9.7502572992518,19.878000140304
"3686","GV",2008,1,2,13,60,"PIPO",1,24.7,"GV_1_2_13_60","Live",20.5,1997,"GV_1_2_13",5.42244087,29.16249105,13.9372727272727,9.71461632254499,9.81728212636651
"3687","GV",2019,1,2,13,60,"PIPO",1,31.5,"GV_1_2_13_60","Live",24.7,2008,"GV_1_2_13",8.286617955,5.42244087,8.42454545454546,9.7502572992518,19.878000140304
"3688","GV",2004,1,2,13,7,"PIPO",1,23.2,"GV_1_2_13_7","Live",22.2,1997,"GV_1_2_13",2.274223875,29.16249105,15.0335714285714,9.71461632254499,9.81728212636651
"3689","GV",2008,1,2,13,7,"PIPO",1,25.6,"GV_1_2_13_7","Live",23.2,2004,"GV_1_2_13",5.42244087,2.274223875,12.01875,9.22931167772874,42.0579106004709
"3690","GV",2019,1,2,13,7,"PIPO",1,32.2,"GV_1_2_13_7","Live",25.6,2008,"GV_1_2_13",8.286617955,5.42244087,8.42454545454546,9.7502572992518,19.878000140304
"3691","GV",2004,1,2,13,8,"PIPO",3,NA,"GV_1_2_13_8","Dead",26.1,1997,"GV_1_2_13",2.274223875,29.16249105,15.0335714285714,9.71461632254499,9.81728212636651
"3692","GV",2004,1,2,14,2,"PIPO",1,66.8,"GV_1_2_14_2","Live",65.3,1997,"GV_1_2_14",17.23827336,20.537365695,11.8995756742857,9.71461632254499,8.69662694774933
"3693","GV",2008,1,2,14,2,"PIPO",1,66.8,"GV_1_2_14_2","Live",66.8,2004,"GV_1_2_14",17.72683143,17.23827336,9.120049506,9.22931167772874,35.5709294906009
"3694","GV",2019,1,2,14,2,"PIPO",1,69.1,"GV_1_2_14_2","Live",66.8,2008,"GV_1_2_14",19.268355645,17.72683143,9.30243024436364,9.7502572992518,17.9416884135328
"3695","GV",2004,1,2,14,3,"PIPO",1,40.2,"GV_1_2_14_3","Live",39.9,1997,"GV_1_2_14",17.23827336,20.537365695,11.8995756742857,9.71461632254499,8.69662694774933
"3696","GV",2008,1,2,14,3,"PIPO",1,41.6,"GV_1_2_14_3","Live",40.2,2004,"GV_1_2_14",17.72683143,17.23827336,9.120049506,9.22931167772874,35.5709294906009
"3697","GV",2019,1,2,14,3,"PIPO",1,44.6,"GV_1_2_14_3","Live",41.6,2008,"GV_1_2_14",19.268355645,17.72683143,9.30243024436364,9.7502572992518,17.9416884135328
"3698","GV",2004,1,2,14,4,"PIPO",1,25.5,"GV_1_2_14_4","Live",24,1997,"GV_1_2_14",17.23827336,20.537365695,11.8995756742857,9.71461632254499,8.69662694774933
"3699","GV",2008,1,2,14,4,"PIPO",1,25.3,"GV_1_2_14_4","Live",25.5,2004,"GV_1_2_14",17.72683143,17.23827336,9.120049506,9.22931167772874,35.5709294906009
"3700","GV",2019,1,2,14,4,"PIPO",1,26.9,"GV_1_2_14_4","Live",25.3,2008,"GV_1_2_14",19.268355645,17.72683143,9.30243024436364,9.7502572992518,17.9416884135328
"3701","GV",2004,1,2,14,5,"PIPO",1,20.6,"GV_1_2_14_5","Live",20.3,1997,"GV_1_2_14",17.23827336,20.537365695,11.8995756742857,9.71461632254499,8.69662694774933
"3702","GV",2008,1,2,14,5,"PIPO",1,21.7,"GV_1_2_14_5","Live",20.6,2004,"GV_1_2_14",17.72683143,17.23827336,9.120049506,9.22931167772874,35.5709294906009
"3703","GV",2019,1,2,14,5,"PIPO",1,22.2,"GV_1_2_14_5","Live",21.7,2008,"GV_1_2_14",19.268355645,17.72683143,9.30243024436364,9.7502572992518,17.9416884135328
"3704","GV",2004,1,2,14,6,"PIPO",1,34,"GV_1_2_14_6","Live",32,1997,"GV_1_2_14",17.23827336,20.537365695,11.8995756742857,9.71461632254499,8.69662694774933
"3705","GV",2008,1,2,14,6,"PIPO",1,35,"GV_1_2_14_6","Live",34,2004,"GV_1_2_14",17.72683143,17.23827336,9.120049506,9.22931167772874,35.5709294906009
"3706","GV",2019,1,2,14,6,"PIPO",1,37,"GV_1_2_14_6","Live",35,2008,"GV_1_2_14",19.268355645,17.72683143,9.30243024436364,9.7502572992518,17.9416884135328
"3707","GV",2008,1,2,15,6,"PIPO",1,39,"GV_1_2_15_6","Live",36.8,1997,"GV_1_2_15",2.9864835,9.93837306,17.2213636363636,9.71461632254499,14.962861698326
"3708","GV",2019,1,2,15,6,"PIPO",1,42.7,"GV_1_2_15_6","Live",39,2008,"GV_1_2_15",3.580029915,2.9864835,14.1431818181818,9.7502572992518,25.5876293044695
"3709","GV",2004,1,2,16,18,"PIPO",1,68.5,"GV_1_2_16_18","Live",68,1997,"GV_1_2_16",11.91581391,23.908616655,25.9802955671429,9.71461632254499,9.56800936494415
"3710","GV",2008,1,2,16,18,"PIPO",1,69,"GV_1_2_16_18","Live",68.5,2004,"GV_1_2_16",12.36541614,11.91581391,20.0972906425,9.22931167772874,44.9786278742579
"3711","GV",2019,1,2,16,18,"PIPO",1,70.4,"GV_1_2_16_18","Live",69,2008,"GV_1_2_16",13.277992035,12.36541614,21.9668607254545,9.7502572992518,19.7888240806028
"3712","GV",2004,1,2,16,4,"PIPO",1,37.1,"GV_1_2_16_4","Live",35.7,1997,"GV_1_2_16",11.91581391,23.908616655,25.9802955671429,9.71461632254499,9.56800936494415
"3713","GV",2008,1,2,16,4,"PIPO",1,39.2,"GV_1_2_16_4","Live",37.1,2004,"GV_1_2_16",12.36541614,11.91581391,20.0972906425,9.22931167772874,44.9786278742579
"3714","GV",2019,1,2,16,4,"PIPO",1,42.5,"GV_1_2_16_4","Live",39.2,2008,"GV_1_2_16",13.277992035,12.36541614,21.9668607254545,9.7502572992518,19.7888240806028
"3715","GV",2004,1,2,17,19,"PIPO",1,46.6,"GV_1_2_17_19","Live",43.7,1997,"GV_1_2_17",11.83739172,29.564596215,17.5786073214286,9.71461632254499,10.3002066435155
"3716","GV",2008,1,2,17,19,"PIPO",1,46.6,"GV_1_2_17_19","Live",46.6,2004,"GV_1_2_17",12.275821635,11.83739172,11.2738693475,9.22931167772874,34.4432708976514
"3717","GV",2019,1,2,17,19,"PIPO",1,50.8,"GV_1_2_17_19","Live",46.6,2008,"GV_1_2_17",14.654209185,12.275821635,9.14709913172727,9.7502572992518,18.8740441928897
"3718","GV",2004,1,2,17,74,"PIPO",1,47.2,"GV_1_2_17_74","Live",45.8,1997,"GV_1_2_17",11.83739172,29.564596215,17.5786073214286,9.71461632254499,10.3002066435155
"3719","GV",2008,1,2,17,74,"PIPO",1,48.6,"GV_1_2_17_74","Live",47.2,2004,"GV_1_2_17",12.275821635,11.83739172,11.2738693475,9.22931167772874,34.4432708976514
"3720","GV",2019,1,2,17,74,"PIPO",1,52.8,"GV_1_2_17_74","Live",48.6,2008,"GV_1_2_17",14.654209185,12.275821635,9.14709913172727,9.7502572992518,18.8740441928897
"3721","GV",2004,1,2,18,21,"PIPO",1,32.8,"GV_1_2_18_21","Live",32.9,1997,"GV_1_2_18",14.889318675,19.12244796,18.25159915,9.71461632254499,9.528240081745
"3722","GV",2008,1,2,18,21,"PIPO",1,33.1,"GV_1_2_18_21","Live",32.8,2004,"GV_1_2_18",15.230967675,14.889318675,18.167910445,9.22931167772874,39.8096790869426
"3723","GV",2019,1,2,18,21,"PIPO",1,36.8,"GV_1_2_18_21","Live",33.1,2008,"GV_1_2_18",17.15121177,15.230967675,19.5852555409091,9.7502572992518,19.4622017204978
"3724","GV",2004,1,2,18,24,"PIPO",1,28.3,"GV_1_2_18_24","Live",28.5,1997,"GV_1_2_18",14.889318675,19.12244796,18.25159915,9.71461632254499,9.528240081745
"3725","GV",2008,1,2,18,24,"PIPO",1,29.3,"GV_1_2_18_24","Live",28.3,2004,"GV_1_2_18",15.230967675,14.889318675,18.167910445,9.22931167772874,39.8096790869426
"3726","GV",2019,1,2,18,24,"PIPO",1,31.3,"GV_1_2_18_24","Live",29.3,2008,"GV_1_2_18",17.15121177,15.230967675,19.5852555409091,9.7502572992518,19.4622017204978
"3727","GV",2004,1,2,18,25,"PIPO",1,43.1,"GV_1_2_18_25","Live",42.3,1997,"GV_1_2_18",14.889318675,19.12244796,18.25159915,9.71461632254499,9.528240081745
"3728","GV",2008,1,2,18,25,"PIPO",1,43.7,"GV_1_2_18_25","Live",43.1,2004,"GV_1_2_18",15.230967675,14.889318675,18.167910445,9.22931167772874,39.8096790869426
"3729","GV",2019,1,2,18,25,"PIPO",1,47,"GV_1_2_18_25","Live",43.7,2008,"GV_1_2_18",17.15121177,15.230967675,19.5852555409091,9.7502572992518,19.4622017204978
"3730","GV",2004,1,2,18,35,"PIPO",1,47.1,"GV_1_2_18_35","Live",46.7,1997,"GV_1_2_18",14.889318675,19.12244796,18.25159915,9.71461632254499,9.528240081745
"3731","GV",2008,1,2,18,35,"PIPO",1,47.6,"GV_1_2_18_35","Live",47.1,2004,"GV_1_2_18",15.230967675,14.889318675,18.167910445,9.22931167772874,39.8096790869426
"3732","GV",2019,1,2,18,35,"PIPO",1,49.9,"GV_1_2_18_35","Live",47.6,2008,"GV_1_2_18",17.15121177,15.230967675,19.5852555409091,9.7502572992518,19.4622017204978
"3733","GV",2004,1,2,19,23,"PIPO",1,30.3,"GV_1_2_19_23","Live",28.6,1997,"GV_1_2_19",7.95692667,15.981535185,16.7421428571429,9.71461632254499,8.75119645950694
"3734","GV",2008,1,2,19,23,"PIPO",1,32.7,"GV_1_2_19_23","Live",30.3,2004,"GV_1_2_19",8.594691105,7.95692667,14.73875,9.22931167772874,40.674441042023
"3735","GV",2019,1,2,19,23,"PIPO",1,39.4,"GV_1_2_19_23","Live",32.7,2008,"GV_1_2_19",10.841681235,8.594691105,17.1972727272727,9.7502572992518,18.531638478025
"3736","GV",2004,1,2,19,41,"PIPO",1,40.4,"GV_1_2_19_41","Live",38.7,1997,"GV_1_2_19",7.95692667,15.981535185,16.7421428571429,9.71461632254499,8.75119645950694
"3737","GV",2008,1,2,19,41,"PIPO",1,41.3,"GV_1_2_19_41","Live",40.4,2004,"GV_1_2_19",8.594691105,7.95692667,14.73875,9.22931167772874,40.674441042023
"3738","GV",2019,1,2,19,41,"PIPO",1,48,"GV_1_2_19_41","Live",41.3,2008,"GV_1_2_19",10.841681235,8.594691105,17.1972727272727,9.7502572992518,18.531638478025
"3739","GV",2004,1,2,1,27,"PIPO",1,23,"GV_1_2_1_27","Live",19.8,1997,"GV_1_2_1",7.06498716,16.68138549,28.1998592528571,9.71461632254499,10.6508658676892
"3740","GV",2008,1,2,1,27,"PIPO",1,25,"GV_1_2_1_27","Live",23,2004,"GV_1_2_1",7.42878444,7.06498716,22.36945813,9.22931167772874,46.1580732375188
"3741","GV",2019,1,2,1,27,"PIPO",1,31.1,"GV_1_2_1_27","Live",25,2008,"GV_1_2_1",9.08601771,7.42878444,22.7805642645455,9.7502572992518,21.9272030203318
"3742","GV",2004,1,2,1,8,"PIPO",3,NA,"GV_1_2_1_8","Dead",43.1,1997,"GV_1_2_1",7.06498716,16.68138549,28.1998592528571,9.71461632254499,10.6508658676892
"3743","GV",2004,1,2,20,53,"PIPO",4,NA,"GV_1_2_20_53","Dead",15.9,1997,"GV_1_2_20",0.959425005,11.634424725,11.3773987185714,9.71461632254499,10.6184828243263
"3744","GV",2004,1,2,20,86,"PIPO",4,NA,"GV_1_2_20_86","Dead",19,1997,"GV_1_2_20",0.959425005,11.634424725,11.3773987185714,9.71461632254499,10.6184828243263
"3745","GV",2004,1,2,3,28,"PIPO",1,23.8,"GV_1_2_3_28","Live",21.9,1997,"GV_1_2_3",3.246313455,17.39676708,12.5819845185714,9.71461632254499,12.4488100383193
"3746","GV",2008,1,2,3,28,"PIPO",1,25.5,"GV_1_2_3_28","Live",23.8,2004,"GV_1_2_3",3.59183055,3.246313455,10.704433495,9.22931167772874,49.0678895276174
"3747","GV",2019,1,2,3,28,"PIPO",1,31.6,"GV_1_2_3_28","Live",25.5,2008,"GV_1_2_3",4.524709035,3.59183055,11.5387371250909,9.7502572992518,25.1061991483754
"3748","GV",2004,1,2,9,1,"PIPO",1,22.12494,"GV_1_2_9_1","Live",20.3,1997,"GV_1_2_9",11.9478302178484,16.17833679,11.3800140742857,9.71461632254499,8.07116024965099
"3749","GV",2019,1,2,9,1,"PIPO",1,33.1,"GV_1_2_9_1","Live",22.12494,2004,"GV_1_2_9",19.30344339,11.9478302178484,5.93070607546667,9.7502572992518,17.0599237531423
"3750","GV",2004,1,2,9,10,"PIPO",1,20.12048,"GV_1_2_9_10","Live",18.3,1997,"GV_1_2_9",11.9478302178484,16.17833679,11.3800140742857,9.71461632254499,8.07116024965099
"3751","GV",2019,1,2,9,10,"PIPO",1,28.3,"GV_1_2_9_10","Live",20.12048,2004,"GV_1_2_9",19.30344339,11.9478302178484,5.93070607546667,9.7502572992518,17.0599237531423
"3752","GV",2004,1,2,9,44,"PIPO",1,18.11602,"GV_1_2_9_44","Live",16.3,1997,"GV_1_2_9",11.9478302178484,16.17833679,11.3800140742857,9.71461632254499,8.07116024965099
"3753","GV",2019,1,2,9,44,"PIPO",1,28.9,"GV_1_2_9_44","Live",18.11602,2004,"GV_1_2_9",19.30344339,11.9478302178484,5.93070607546667,9.7502572992518,17.0599237531423
