"","Site","Block","Trt","Plot","Tree_Number","CoreID","PlotID","response","start_year","end_year","BA","DBH","CanopyCover","maxVPD","minSWA"
"1","AS",1,1,1,1,"AS_1_1_1_1","AS_1_1_1","Live",2002,2019,7.1147717025,38.55,25.0219445294118,9.18597603696401,31.7018882902096
"2","AS",1,1,1,2,"AS_1_1_1_2","AS_1_1_1","Live",2002,2019,7.1147717025,33.15,25.0219445294118,9.18597603696401,31.7018882902096
"3","AS",1,1,2,1,"AS_1_1_2_1","AS_1_1_2","Live",2002,2019,22.1251752905433,33.05,31.5490196088235,9.18597603696401,17.2003043565947
"4","AS",1,1,2,2,"AS_1_1_2_2","AS_1_1_2","Live",2002,2019,22.1251752905433,36.4,31.5490196088235,9.18597603696401,17.2003043565947
"5","AS",1,1,2,3,"AS_1_1_2_3","AS_1_1_2","Live",2002,2019,22.1251752905433,30.2,31.5490196088235,9.18597603696401,17.2003043565947
"6","AS",1,1,2,7,"AS_1_1_2_7","AS_1_1_2","Live",2002,2019,22.1251752905433,24.15,31.5490196088235,9.18597603696401,17.2003043565947
"7","AS",1,1,2,14,"AS_1_1_2_14","AS_1_1_2","Live",2002,2019,22.1251752905433,11.35,31.5490196088235,9.18597603696401,17.2003043565947
"8","AS",1,1,2,17,"AS_1_1_2_17","AS_1_1_2","Live",2002,2019,22.1251752905433,32.15,31.5490196088235,9.18597603696401,17.2003043565947
"9","AS",1,1,3,1,"AS_1_1_3_1","AS_1_1_3","Live",2002,2019,12.521753140542,9.2,30.8148701094118,9.18597603696401,26.3869103168621
"10","AS",1,1,3,2,"AS_1_1_3_2","AS_1_1_3","Live",2002,2019,12.521753140542,14.1,30.8148701094118,9.18597603696401,26.3869103168621
"11","AS",1,1,3,3,"AS_1_1_3_3","AS_1_1_3","Live",2002,2019,12.521753140542,17.4,30.8148701094118,9.18597603696401,26.3869103168621
"12","AS",1,1,3,4,"AS_1_1_3_4","AS_1_1_3","Live",2002,2019,12.521753140542,57.4,30.8148701094118,9.18597603696401,26.3869103168621
"13","AS",1,1,3,7,"AS_1_1_3_7","AS_1_1_3","Live",2002,2019,12.521753140542,48.9,30.8148701094118,9.18597603696401,26.3869103168621
"14","AS",1,1,4,1,"AS_1_1_4_1","AS_1_1_4","Live",2002,2019,31.3125744549697,9.8,42.3244297717647,9.18597603696401,16.8511934442395
"15","AS",1,1,4,2,"AS_1_1_4_2","AS_1_1_4","Live",2002,2019,31.3125744549697,7.9,42.3244297717647,9.18597603696401,16.8511934442395
"16","AS",1,1,4,4,"AS_1_1_4_4","AS_1_1_4","Live",2002,2019,31.3125744549697,39,42.3244297717647,9.18597603696401,16.8511934442395
"17","AS",1,1,4,6,"AS_1_1_4_6","AS_1_1_4","Dead",2002,2013,31.20482183628,1.2,42.20825603,9.18597603696401,16.8511934442395
"18","AS",1,1,4,8,"AS_1_1_4_8","AS_1_1_4","Live",2002,2019,31.3125744549697,16.05,42.3244297717647,9.18597603696401,16.8511934442395
"19","AS",1,1,4,9,"AS_1_1_4_9","AS_1_1_4","Live",2002,2019,31.3125744549697,10.2,42.3244297717647,9.18597603696401,16.8511934442395
"20","AS",1,1,4,10,"AS_1_1_4_10","AS_1_1_4","Live",2002,2019,31.3125744549697,7.6,42.3244297717647,9.18597603696401,16.8511934442395
"21","AS",1,1,4,11,"AS_1_1_4_11","AS_1_1_4","Live",2002,2019,31.3125744549697,10.1,42.3244297717647,9.18597603696401,16.8511934442395
"22","AS",1,1,4,12,"AS_1_1_4_12","AS_1_1_4","Dead",2002,2013,31.20482183628,1.8,42.20825603,9.18597603696401,16.8511934442395
"23","AS",1,1,4,13,"AS_1_1_4_13","AS_1_1_4","Live",2002,2019,31.3125744549697,40.8,42.3244297717647,9.18597603696401,16.8511934442395
"24","AS",1,1,4,14,"AS_1_1_4_14","AS_1_1_4","Live",2002,2019,31.3125744549697,28.8,42.3244297717647,9.18597603696401,16.8511934442395
"25","AS",1,1,4,15,"AS_1_1_4_15","AS_1_1_4","Dead",2002,2013,31.20482183628,1.7,42.20825603,9.18597603696401,16.8511934442395
"26","AS",1,1,4,16,"AS_1_1_4_16","AS_1_1_4","Live",2002,2019,31.3125744549697,23.3,42.3244297717647,9.18597603696401,16.8511934442395
"27","AS",1,1,4,18,"AS_1_1_4_18","AS_1_1_4","Live",2002,2019,31.3125744549697,17.4,42.3244297717647,9.18597603696401,16.8511934442395
"28","AS",1,1,4,19,"AS_1_1_4_19","AS_1_1_4","Live",2002,2019,31.3125744549697,5.1,42.3244297717647,9.18597603696401,16.8511934442395
"29","AS",1,1,4,21,"AS_1_1_4_21","AS_1_1_4","Dead",2002,2013,31.20482183628,22.1,42.20825603,9.18597603696401,16.8511934442395
"30","AS",1,1,4,22,"AS_1_1_4_22","AS_1_1_4","Live",2002,2019,31.3125744549697,13.25,42.3244297717647,9.18597603696401,16.8511934442395
"31","AS",1,1,4,23,"AS_1_1_4_23","AS_1_1_4","Dead",2002,2013,31.20482183628,34.7,42.20825603,9.18597603696401,16.8511934442395
"32","AS",1,1,4,24,"AS_1_1_4_24","AS_1_1_4","Live",2002,2019,31.3125744549697,34.25,42.3244297717647,9.18597603696401,16.8511934442395
"33","AS",1,1,4,25,"AS_1_1_4_25","AS_1_1_4","Live",2002,2019,31.3125744549697,26.6,42.3244297717647,9.18597603696401,16.8511934442395
"34","AS",1,1,4,26,"AS_1_1_4_26","AS_1_1_4","Live",2002,2019,31.3125744549697,7.3,42.3244297717647,9.18597603696401,16.8511934442395
"35","AS",1,1,4,27,"AS_1_1_4_27","AS_1_1_4","Live",2002,2019,31.3125744549697,12.7,42.3244297717647,9.18597603696401,16.8511934442395
"36","AS",1,1,4,28,"AS_1_1_4_28","AS_1_1_4","Live",2002,2019,31.3125744549697,16.4,42.3244297717647,9.18597603696401,16.8511934442395
"37","AS",1,1,4,29,"AS_1_1_4_29","AS_1_1_4","Live",2002,2019,31.3125744549697,28.1,42.3244297717647,9.18597603696401,16.8511934442395
"38","AS",1,1,4,30,"AS_1_1_4_30","AS_1_1_4","Live",2002,2019,31.3125744549697,38.15,42.3244297717647,9.18597603696401,16.8511934442395
"39","AS",1,1,4,32,"AS_1_1_4_32","AS_1_1_4","Live",2002,2019,31.3125744549697,37.7,42.3244297717647,9.18597603696401,16.8511934442395
"40","AS",1,1,4,33,"AS_1_1_4_33","AS_1_1_4","Live",2002,2019,31.3125744549697,39.7,42.3244297717647,9.18597603696401,16.8511934442395
"41","AS",1,1,4,34,"AS_1_1_4_34","AS_1_1_4","Live",2002,2019,31.3125744549697,39.85,42.3244297717647,9.18597603696401,16.8511934442395
"42","AS",1,1,5,1,"AS_1_1_5_1","AS_1_1_5","Live",2002,2019,20.1893508231759,36.95,42.8193277311765,9.18597603696401,17.159835335916
"43","AS",1,1,5,3,"AS_1_1_5_3","AS_1_1_5","Live",2002,2019,20.1893508231759,30,42.8193277311765,9.18597603696401,17.159835335916
"44","AS",1,1,5,4,"AS_1_1_5_4","AS_1_1_5","Live",2002,2019,20.1893508231759,28.95,42.8193277311765,9.18597603696401,17.159835335916
"45","AS",1,1,5,7,"AS_1_1_5_7","AS_1_1_5","Live",2002,2019,20.1893508231759,29.1,42.8193277311765,9.18597603696401,17.159835335916
"46","AS",1,1,5,8,"AS_1_1_5_8","AS_1_1_5","Live",2002,2019,20.1893508231759,37.2,42.8193277311765,9.18597603696401,17.159835335916
"47","AS",1,1,5,9,"AS_1_1_5_9","AS_1_1_5","Live",2002,2019,20.1893508231759,40.1,42.8193277311765,9.18597603696401,17.159835335916
"48","AS",1,1,5,10,"AS_1_1_5_10","AS_1_1_5","Live",2002,2019,20.1893508231759,32.05,42.8193277311765,9.18597603696401,17.159835335916
"49","AS",1,1,5,11,"AS_1_1_5_11","AS_1_1_5","Live",2002,2013,18.9277131986389,3.9,42.5876623381818,9.18597603696401,17.159835335916
"50","AS",1,1,5,12,"AS_1_1_5_12","AS_1_1_5","Live",2002,2013,18.9277131986389,5.4,42.5876623381818,9.18597603696401,17.159835335916
"51","AS",1,1,5,13,"AS_1_1_5_13","AS_1_1_5","Live",2002,2019,20.1893508231759,12.95,42.8193277311765,9.18597603696401,17.159835335916
"52","AS",1,1,6,2,"AS_1_1_6_2","AS_1_1_6","Live",2002,2019,24.2202395897785,15.75,46.8884486435294,9.18597603696401,17.0062331036706
"53","AS",1,1,6,3,"AS_1_1_6_3","AS_1_1_6","Live",2002,2019,24.2202395897785,36.85,46.8884486435294,9.18597603696401,17.0062331036706
"54","AS",1,1,6,4,"AS_1_1_6_4","AS_1_1_6","Live",2002,2019,24.2202395897785,28,46.8884486435294,9.18597603696401,17.0062331036706
"55","AS",1,1,6,5,"AS_1_1_6_5","AS_1_1_6","Live",2002,2019,24.2202395897785,29.75,46.8884486435294,9.18597603696401,17.0062331036706
"56","AS",1,1,6,6,"AS_1_1_6_6","AS_1_1_6","Live",2002,2019,24.2202395897785,12.45,46.8884486435294,9.18597603696401,17.0062331036706
"57","AS",1,1,6,7,"AS_1_1_6_7","AS_1_1_6","Live",2002,2019,24.2202395897785,28.95,46.8884486435294,9.18597603696401,17.0062331036706
"58","AS",1,1,6,8,"AS_1_1_6_8","AS_1_1_6","Live",2002,2019,24.2202395897785,31.7,46.8884486435294,9.18597603696401,17.0062331036706
"59","AS",1,1,6,9,"AS_1_1_6_9","AS_1_1_6","Live",2002,2019,24.2202395897785,30.2,46.8884486435294,9.18597603696401,17.0062331036706
"60","AS",1,1,6,11,"AS_1_1_6_11","AS_1_1_6","Live",2002,2019,24.2202395897785,42.35,46.8884486435294,9.18597603696401,17.0062331036706
"61","AS",1,1,6,15,"AS_1_1_6_15","AS_1_1_6","Dead",2002,2019,24.2202395897785,1.9,46.8884486435294,9.18597603696401,17.0062331036706
"62","AS",1,1,6,16,"AS_1_1_6_16","AS_1_1_6","Live",2002,2019,24.2202395897785,1.2,46.8884486435294,9.18597603696401,17.0062331036706
"63","AS",1,1,6,19,"AS_1_1_6_19","AS_1_1_6","Dead",2002,2019,24.2202395897785,2,46.8884486435294,9.18597603696401,17.0062331036706
"64","AS",1,1,6,20,"AS_1_1_6_20","AS_1_1_6","Dead",2002,2019,24.2202395897785,12.75,46.8884486435294,9.18597603696401,17.0062331036706
"65","AS",1,1,6,21,"AS_1_1_6_21","AS_1_1_6","Live",2002,2019,24.2202395897785,27.25,46.8884486435294,9.18597603696401,17.0062331036706
"66","AS",1,1,7,1,"AS_1_1_7_1","AS_1_1_7","Live",2002,2019,11.0125165711859,19.7,49.7891402717647,9.18597603696401,28.0643799621995
"67","AS",1,1,7,2,"AS_1_1_7_2","AS_1_1_7","Live",2002,2019,11.0125165711859,18.75,49.7891402717647,9.18597603696401,28.0643799621995
"68","AS",1,1,7,4,"AS_1_1_7_4","AS_1_1_7","Live",2002,2019,11.0125165711859,19.8,49.7891402717647,9.18597603696401,28.0643799621995
"69","AS",1,1,7,5,"AS_1_1_7_5","AS_1_1_7","Live",2002,2019,11.0125165711859,66.4,49.7891402717647,9.18597603696401,28.0643799621995
"70","AS",1,1,8,1,"AS_1_1_8_1","AS_1_1_8","Live",2002,2019,44.4911412100106,26.15,54.2872499252941,9.18597603696401,14.3396393969253
"71","AS",1,1,8,2,"AS_1_1_8_2","AS_1_1_8","Live",2002,2019,44.4911412100106,27.35,54.2872499252941,9.18597603696401,14.3396393969253
"72","AS",1,1,8,3,"AS_1_1_8_3","AS_1_1_8","Dead",2002,2019,44.4911412100106,16.1,54.2872499252941,9.18597603696401,14.3396393969253
"73","AS",1,1,8,4,"AS_1_1_8_4","AS_1_1_8","Live",2002,2019,44.4911412100106,23.8,54.2872499252941,9.18597603696401,14.3396393969253
"74","AS",1,1,8,5,"AS_1_1_8_5","AS_1_1_8","Dead",2002,2019,44.4911412100106,3.55,54.2872499252941,9.18597603696401,14.3396393969253
"75","AS",1,1,8,6,"AS_1_1_8_6","AS_1_1_8","Dead",2002,2019,44.4911412100106,15.65,54.2872499252941,9.18597603696401,14.3396393969253
"76","AS",1,1,8,8,"AS_1_1_8_8","AS_1_1_8","Live",2002,2019,44.4911412100106,30.05,54.2872499252941,9.18597603696401,14.3396393969253
"77","AS",1,1,8,9,"AS_1_1_8_9","AS_1_1_8","Dead",2002,2019,44.4911412100106,21.2,54.2872499252941,9.18597603696401,14.3396393969253
"78","AS",1,1,8,10,"AS_1_1_8_10","AS_1_1_8","Live",2002,2019,44.4911412100106,15.8,54.2872499252941,9.18597603696401,14.3396393969253
"79","AS",1,1,8,11,"AS_1_1_8_11","AS_1_1_8","Live",2002,2019,44.4911412100106,21.3,54.2872499252941,9.18597603696401,14.3396393969253
"80","AS",1,1,8,12,"AS_1_1_8_12","AS_1_1_8","Live",2002,2019,44.4911412100106,27,54.2872499252941,9.18597603696401,14.3396393969253
"81","AS",1,1,8,13,"AS_1_1_8_13","AS_1_1_8","Live",2002,2019,44.4911412100106,25.6,54.2872499252941,9.18597603696401,14.3396393969253
"82","AS",1,1,8,14,"AS_1_1_8_14","AS_1_1_8","Live",2002,2019,44.4911412100106,23.45,54.2872499252941,9.18597603696401,14.3396393969253
"83","AS",1,1,8,15,"AS_1_1_8_15","AS_1_1_8","Live",2002,2019,44.4911412100106,16.15,54.2872499252941,9.18597603696401,14.3396393969253
"84","AS",1,1,8,16,"AS_1_1_8_16","AS_1_1_8","Live",2002,2019,44.4911412100106,41.35,54.2872499252941,9.18597603696401,14.3396393969253
"85","AS",1,1,8,18,"AS_1_1_8_18","AS_1_1_8","Dead",2002,2019,44.4911412100106,11.45,54.2872499252941,9.18597603696401,14.3396393969253
"86","AS",1,1,8,19,"AS_1_1_8_19","AS_1_1_8","Dead",2002,2019,44.4911412100106,16.7,54.2872499252941,9.18597603696401,14.3396393969253
"87","AS",1,1,8,20,"AS_1_1_8_20","AS_1_1_8","Live",2002,2019,44.4911412100106,19.5,54.2872499252941,9.18597603696401,14.3396393969253
"88","AS",1,1,8,21,"AS_1_1_8_21","AS_1_1_8","Live",2002,2019,44.4911412100106,17.25,54.2872499252941,9.18597603696401,14.3396393969253
"89","AS",1,1,8,22,"AS_1_1_8_22","AS_1_1_8","Live",2002,2019,44.4911412100106,30.9,54.2872499252941,9.18597603696401,14.3396393969253
"90","AS",1,1,8,23,"AS_1_1_8_23","AS_1_1_8","Dead",2002,2019,44.4911412100106,10.35,54.2872499252941,9.18597603696401,14.3396393969253
"91","AS",1,1,8,24,"AS_1_1_8_24","AS_1_1_8","Live",2002,2019,44.4911412100106,23.45,54.2872499252941,9.18597603696401,14.3396393969253
"92","AS",1,1,8,25,"AS_1_1_8_25","AS_1_1_8","Live",2002,2019,44.4911412100106,34.15,54.2872499252941,9.18597603696401,14.3396393969253
"93","AS",1,1,8,26,"AS_1_1_8_26","AS_1_1_8","Dead",2002,2019,44.4911412100106,21.25,54.2872499252941,9.18597603696401,14.3396393969253
"94","AS",1,1,8,27,"AS_1_1_8_27","AS_1_1_8","Live",2002,2019,44.4911412100106,18.75,54.2872499252941,9.18597603696401,14.3396393969253
"95","AS",1,1,8,28,"AS_1_1_8_28","AS_1_1_8","Live",2002,2019,44.4911412100106,15.4,54.2872499252941,9.18597603696401,14.3396393969253
"96","AS",1,1,8,29,"AS_1_1_8_29","AS_1_1_8","Live",2002,2019,44.4911412100106,36.05,54.2872499252941,9.18597603696401,14.3396393969253
"97","AS",1,1,8,31,"AS_1_1_8_31","AS_1_1_8","Live",2002,2019,44.4911412100106,50.88331,54.2872499252941,9.18597603696401,14.3396393969253
"98","AS",1,1,8,32,"AS_1_1_8_32","AS_1_1_8","Live",2002,2019,44.4911412100106,30.1,54.2872499252941,9.18597603696401,14.3396393969253
"99","AS",1,1,8,33,"AS_1_1_8_33","AS_1_1_8","Live",2002,2019,44.4911412100106,21.2,54.2872499252941,9.18597603696401,14.3396393969253
"100","AS",1,1,8,34,"AS_1_1_8_34","AS_1_1_8","Live",2002,2019,44.4911412100106,34.6,54.2872499252941,9.18597603696401,14.3396393969253
"101","AS",1,1,8,35,"AS_1_1_8_35","AS_1_1_8","Dead",2002,2019,44.4911412100106,12.6,54.2872499252941,9.18597603696401,14.3396393969253
"102","AS",1,1,8,36,"AS_1_1_8_36","AS_1_1_8","Live",2002,2019,44.4911412100106,20.65,54.2872499252941,9.18597603696401,14.3396393969253
"103","AS",1,1,8,37,"AS_1_1_8_37","AS_1_1_8","Dead",2002,2019,44.4911412100106,15.5,54.2872499252941,9.18597603696401,14.3396393969253
"104","AS",1,1,8,38,"AS_1_1_8_38","AS_1_1_8","Live",2002,2019,44.4911412100106,20.75,54.2872499252941,9.18597603696401,14.3396393969253
"105","AS",1,1,8,39,"AS_1_1_8_39","AS_1_1_8","Dead",2002,2019,44.4911412100106,8.5,54.2872499252941,9.18597603696401,14.3396393969253
"106","AS",1,1,9,8,"AS_1_1_9_8","AS_1_1_9","Live",2002,2019,17.5612391861986,11.95,36.6383995223529,9.18597603696401,17.6689437422178
"107","AS",1,1,9,9,"AS_1_1_9_9","AS_1_1_9","Live",2002,2019,17.5612391861986,6.9,36.6383995223529,9.18597603696401,17.6689437422178
"108","AS",1,1,9,13,"AS_1_1_9_13","AS_1_1_9","Live",2002,2019,17.5612391861986,18.1,36.6383995223529,9.18597603696401,17.6689437422178
"109","AS",1,1,9,17,"AS_1_1_9_17","AS_1_1_9","Live",2002,2019,17.5612391861986,17.25,36.6383995223529,9.18597603696401,17.6689437422178
"110","AS",1,1,9,18,"AS_1_1_9_18","AS_1_1_9","Live",2002,2019,17.5612391861986,38.45,36.6383995223529,9.18597603696401,17.6689437422178
"111","AS",1,1,9,19,"AS_1_1_9_19","AS_1_1_9","Dead",2002,2019,17.5612391861986,2.55,36.6383995223529,9.18597603696401,17.6689437422178
"112","AS",1,1,9,20,"AS_1_1_9_20","AS_1_1_9","Live",2002,2019,17.5612391861986,13.75,36.6383995223529,9.18597603696401,17.6689437422178
"113","AS",1,1,9,30,"AS_1_1_9_30","AS_1_1_9","Live",2013,2019,10.1769767226061,6.8,39.3477157366667,8.43763578456808,64.9781232092482
"114","AS",1,1,9,32,"AS_1_1_9_32","AS_1_1_9","Live",2013,2019,10.1769767226061,3.9,39.3477157366667,8.43763578456808,64.9781232092482
"115","AS",1,1,9,33,"AS_1_1_9_33","AS_1_1_9","Live",2013,2019,10.1769767226061,1.9,39.3477157366667,8.43763578456808,64.9781232092482
"116","AS",1,1,10,7,"AS_1_1_10_7","AS_1_1_10","Live",2002,2019,13.0360258066041,12.5,30.4395341894118,9.18597603696401,28.7797736397397
"117","AS",1,1,10,15,"AS_1_1_10_15","AS_1_1_10","Live",2002,2019,13.0360258066041,27.05,30.4395341894118,9.18597603696401,28.7797736397397
"118","AS",1,1,10,16,"AS_1_1_10_16","AS_1_1_10","Live",2002,2019,13.0360258066041,23.85,30.4395341894118,9.18597603696401,28.7797736397397
"119","AS",1,1,10,22,"AS_1_1_10_22","AS_1_1_10","Live",2002,2019,13.0360258066041,28.3,30.4395341894118,9.18597603696401,28.7797736397397
"120","AS",1,1,10,29,"AS_1_1_10_29","AS_1_1_10","Live",2002,2019,13.0360258066041,33.9,30.4395341894118,9.18597603696401,28.7797736397397
"121","AS",1,1,10,31,"AS_1_1_10_31","AS_1_1_10","Live",2013,2019,14.4771798095695,1.6,35.0989847716667,8.43763578456808,61.3806850252443
"122","AS",1,1,10,33,"AS_1_1_10_33","AS_1_1_10","Live",2013,2019,14.4771798095695,1.9,35.0989847716667,8.43763578456808,61.3806850252443
"123","AS",1,1,10,34,"AS_1_1_10_34","AS_1_1_10","Live",2013,2019,14.4771798095695,1.7,35.0989847716667,8.43763578456808,61.3806850252443
"124","AS",1,1,10,35,"AS_1_1_10_35","AS_1_1_10","Live",2013,2019,14.4771798095695,0.9,35.0989847716667,8.43763578456808,61.3806850252443
"125","AS",1,1,11,1,"AS_1_1_11_1","AS_1_1_11","Live",2002,2019,27.3995544816262,19.3,43.1280979388235,9.18597603696401,16.6236152168071
"126","AS",1,1,11,2,"AS_1_1_11_2","AS_1_1_11","Live",2002,2019,27.3995544816262,24.35,43.1280979388235,9.18597603696401,16.6236152168071
"127","AS",1,1,11,4,"AS_1_1_11_4","AS_1_1_11","Live",2002,2019,27.3995544816262,11.85,43.1280979388235,9.18597603696401,16.6236152168071
"128","AS",1,1,11,5,"AS_1_1_11_5","AS_1_1_11","Live",2002,2019,27.3995544816262,27.95,43.1280979388235,9.18597603696401,16.6236152168071
"129","AS",1,1,11,6,"AS_1_1_11_6","AS_1_1_11","Live",2002,2019,27.3995544816262,17.5,43.1280979388235,9.18597603696401,16.6236152168071
"130","AS",1,1,11,7,"AS_1_1_11_7","AS_1_1_11","Live",2002,2019,27.3995544816262,8.2,43.1280979388235,9.18597603696401,16.6236152168071
"131","AS",1,1,11,9,"AS_1_1_11_9","AS_1_1_11","Live",2002,2019,27.3995544816262,22.6,43.1280979388235,9.18597603696401,16.6236152168071
"132","AS",1,1,11,10,"AS_1_1_11_10","AS_1_1_11","Live",2002,2019,27.3995544816262,20.05,43.1280979388235,9.18597603696401,16.6236152168071
"133","AS",1,1,11,11,"AS_1_1_11_11","AS_1_1_11","Live",2002,2019,27.3995544816262,10.45,43.1280979388235,9.18597603696401,16.6236152168071
"134","AS",1,1,11,12,"AS_1_1_11_12","AS_1_1_11","Live",2002,2019,27.3995544816262,23.85,43.1280979388235,9.18597603696401,16.6236152168071
"135","AS",1,1,11,13,"AS_1_1_11_13","AS_1_1_11","Live",2002,2019,27.3995544816262,22.65,43.1280979388235,9.18597603696401,16.6236152168071
"136","AS",1,1,11,14,"AS_1_1_11_14","AS_1_1_11","Live",2002,2019,27.3995544816262,12.65,43.1280979388235,9.18597603696401,16.6236152168071
"137","AS",1,1,11,17,"AS_1_1_11_17","AS_1_1_11","Live",2002,2019,27.3995544816262,37.4,43.1280979388235,9.18597603696401,16.6236152168071
"138","AS",1,1,11,18,"AS_1_1_11_18","AS_1_1_11","Live",2002,2019,27.3995544816262,18.65,43.1280979388235,9.18597603696401,16.6236152168071
"139","AS",1,1,11,19,"AS_1_1_11_19","AS_1_1_11","Live",2002,2019,27.3995544816262,30.25,43.1280979388235,9.18597603696401,16.6236152168071
"140","AS",1,1,11,20,"AS_1_1_11_20","AS_1_1_11","Live",2002,2019,27.3995544816262,23.1,43.1280979388235,9.18597603696401,16.6236152168071
"141","AS",1,1,11,21,"AS_1_1_11_21","AS_1_1_11","Live",2002,2019,27.3995544816262,4.25,43.1280979388235,9.18597603696401,16.6236152168071
"142","AS",1,1,11,24,"AS_1_1_11_24","AS_1_1_11","Live",2002,2019,27.3995544816262,26.55,43.1280979388235,9.18597603696401,16.6236152168071
"143","AS",1,1,11,25,"AS_1_1_11_25","AS_1_1_11","Live",2002,2019,27.3995544816262,13.9,43.1280979388235,9.18597603696401,16.6236152168071
"144","AS",1,1,11,27,"AS_1_1_11_27","AS_1_1_11","Live",2002,2019,27.3995544816262,26.35,43.1280979388235,9.18597603696401,16.6236152168071
"145","AS",1,1,11,31,"AS_1_1_11_31","AS_1_1_11","Live",2002,2019,27.3995544816262,20.75,43.1280979388235,9.18597603696401,16.6236152168071
"146","AS",1,1,11,33,"AS_1_1_11_33","AS_1_1_11","Live",2002,2019,27.3995544816262,33.95,43.1280979388235,9.18597603696401,16.6236152168071
"147","AS",1,1,11,34,"AS_1_1_11_34","AS_1_1_11","Live",2002,2019,27.3995544816262,28.05,43.1280979388235,9.18597603696401,16.6236152168071
"148","AS",1,1,11,35,"AS_1_1_11_35","AS_1_1_11","Live",2002,2019,27.3995544816262,18.75,43.1280979388235,9.18597603696401,16.6236152168071
"149","AS",1,1,11,37,"AS_1_1_11_37","AS_1_1_11","Live",2002,2019,27.3995544816262,26.75,43.1280979388235,9.18597603696401,16.6236152168071
"150","AS",1,1,11,39,"AS_1_1_11_39","AS_1_1_11","Dead",2013,2019,28.7663638405003,6.3,44.30033841,8.43763578456808,58.5270075269957
"151","AS",1,1,12,1,"AS_1_1_12_1","AS_1_1_12","Live",2002,2019,44.5984871340168,27.4,50.6895087941176,9.18597603696401,14.2597878796766
"152","AS",1,1,12,3,"AS_1_1_12_3","AS_1_1_12","Live",2002,2019,44.5984871340168,32.4,50.6895087941176,9.18597603696401,14.2597878796766
"153","AS",1,1,12,5,"AS_1_1_12_5","AS_1_1_12","Dead",2002,2013,43.19625387,12.7,50.9526710409091,9.18597603696401,14.2597878796766
"154","AS",1,1,12,7,"AS_1_1_12_7","AS_1_1_12","Dead",2002,2019,44.5984871340168,7.3,50.6895087941176,9.18597603696401,14.2597878796766
"155","AS",1,1,12,8,"AS_1_1_12_8","AS_1_1_12","Live",2002,2019,44.5984871340168,15.5,50.6895087941176,9.18597603696401,14.2597878796766
"156","AS",1,1,12,9,"AS_1_1_12_9","AS_1_1_12","Live",2002,2019,44.5984871340168,28.2,50.6895087941176,9.18597603696401,14.2597878796766
"157","AS",1,1,12,10,"AS_1_1_12_10","AS_1_1_12","Live",2002,2019,44.5984871340168,7.8,50.6895087941176,9.18597603696401,14.2597878796766
"158","AS",1,1,12,12,"AS_1_1_12_12","AS_1_1_12","Live",2002,2019,44.5984871340168,19.5,50.6895087941176,9.18597603696401,14.2597878796766
"159","AS",1,1,12,13,"AS_1_1_12_13","AS_1_1_12","Live",2002,2019,44.5984871340168,21.8,50.6895087941176,9.18597603696401,14.2597878796766
"160","AS",1,1,12,14,"AS_1_1_12_14","AS_1_1_12","Dead",2002,2013,43.19625387,5.1,50.9526710409091,9.18597603696401,14.2597878796766
"161","AS",1,1,12,16,"AS_1_1_12_16","AS_1_1_12","Live",2002,2019,44.5984871340168,15.45,50.6895087941176,9.18597603696401,14.2597878796766
"162","AS",1,1,12,17,"AS_1_1_12_17","AS_1_1_12","Live",2002,2019,44.5984871340168,9.75,50.6895087941176,9.18597603696401,14.2597878796766
"163","AS",1,1,12,18,"AS_1_1_12_18","AS_1_1_12","Live",2002,2019,44.5984871340168,8.95,50.6895087941176,9.18597603696401,14.2597878796766
"164","AS",1,1,12,19,"AS_1_1_12_19","AS_1_1_12","Dead",2002,2019,44.5984871340168,6.1,50.6895087941176,9.18597603696401,14.2597878796766
"165","AS",1,1,12,20,"AS_1_1_12_20","AS_1_1_12","Live",2002,2013,43.19625387,6,50.9526710409091,9.18597603696401,14.2597878796766
"166","AS",1,1,12,21,"AS_1_1_12_21","AS_1_1_12","Dead",2002,2013,43.19625387,4,50.9526710409091,9.18597603696401,14.2597878796766
"167","AS",1,1,12,22,"AS_1_1_12_22","AS_1_1_12","Dead",2002,2019,44.5984871340168,8.4,50.6895087941176,9.18597603696401,14.2597878796766
"168","AS",1,1,12,24,"AS_1_1_12_24","AS_1_1_12","Dead",2002,2013,43.19625387,4.8,50.9526710409091,9.18597603696401,14.2597878796766
"169","AS",1,1,12,25,"AS_1_1_12_25","AS_1_1_12","Live",2002,2019,44.5984871340168,13.35,50.6895087941176,9.18597603696401,14.2597878796766
"170","AS",1,1,12,26,"AS_1_1_12_26","AS_1_1_12","Live",2002,2019,44.5984871340168,9.95,50.6895087941176,9.18597603696401,14.2597878796766
"171","AS",1,1,12,27,"AS_1_1_12_27","AS_1_1_12","Live",2002,2019,44.5984871340168,15.9,50.6895087941176,9.18597603696401,14.2597878796766
"172","AS",1,1,12,28,"AS_1_1_12_28","AS_1_1_12","Dead",2002,2019,44.5984871340168,8.6,50.6895087941176,9.18597603696401,14.2597878796766
"173","AS",1,1,12,29,"AS_1_1_12_29","AS_1_1_12","Live",2002,2019,44.5984871340168,13.8,50.6895087941176,9.18597603696401,14.2597878796766
"174","AS",1,1,12,31,"AS_1_1_12_31","AS_1_1_12","Live",2002,2019,44.5984871340168,14.6,50.6895087941176,9.18597603696401,14.2597878796766
"175","AS",1,1,12,33,"AS_1_1_12_33","AS_1_1_12","Live",2002,2019,44.5984871340168,8.5,50.6895087941176,9.18597603696401,14.2597878796766
"176","AS",1,1,12,34,"AS_1_1_12_34","AS_1_1_12","Live",2002,2019,44.5984871340168,14,50.6895087941176,9.18597603696401,14.2597878796766
"177","AS",1,1,12,35,"AS_1_1_12_35","AS_1_1_12","Dead",2002,2013,43.19625387,8.7,50.9526710409091,9.18597603696401,14.2597878796766
"178","AS",1,1,12,36,"AS_1_1_12_36","AS_1_1_12","Live",2002,2019,44.5984871340168,10.95,50.6895087941176,9.18597603696401,14.2597878796766
"179","AS",1,1,12,37,"AS_1_1_12_37","AS_1_1_12","Dead",2002,2019,44.5984871340168,10.75,50.6895087941176,9.18597603696401,14.2597878796766
"180","AS",1,1,12,39,"AS_1_1_12_39","AS_1_1_12","Live",2002,2019,44.5984871340168,8.8,50.6895087941176,9.18597603696401,14.2597878796766
"181","AS",1,1,12,40,"AS_1_1_12_40","AS_1_1_12","Dead",2002,2019,44.5984871340168,8.5208315,50.6895087941176,9.18597603696401,14.2597878796766
"182","AS",1,1,12,41,"AS_1_1_12_41","AS_1_1_12","Live",2002,2019,44.5984871340168,12.7,50.6895087941176,9.18597603696401,14.2597878796766
"183","AS",1,1,12,42,"AS_1_1_12_42","AS_1_1_12","Dead",2002,2019,44.5984871340168,3.25,50.6895087941176,9.18597603696401,14.2597878796766
"184","AS",1,1,12,43,"AS_1_1_12_43","AS_1_1_12","Live",2002,2019,44.5984871340168,9.3,50.6895087941176,9.18597603696401,14.2597878796766
"185","AS",1,1,12,44,"AS_1_1_12_44","AS_1_1_12","Live",2002,2019,44.5984871340168,10.3,50.6895087941176,9.18597603696401,14.2597878796766
"186","AS",1,1,12,45,"AS_1_1_12_45","AS_1_1_12","Live",2002,2019,44.5984871340168,7.6,50.6895087941176,9.18597603696401,14.2597878796766
"187","AS",1,1,12,46,"AS_1_1_12_46","AS_1_1_12","Dead",2002,2019,44.5984871340168,6.75,50.6895087941176,9.18597603696401,14.2597878796766
"188","AS",1,1,12,47,"AS_1_1_12_47","AS_1_1_12","Live",2002,2019,44.5984871340168,18.75,50.6895087941176,9.18597603696401,14.2597878796766
"189","AS",1,1,12,49,"AS_1_1_12_49","AS_1_1_12","Dead",2002,2019,44.5984871340168,7,50.6895087941176,9.18597603696401,14.2597878796766
"190","AS",1,1,12,50,"AS_1_1_12_50","AS_1_1_12","Live",2002,2019,44.5984871340168,8.85,50.6895087941176,9.18597603696401,14.2597878796766
"191","AS",1,1,12,51,"AS_1_1_12_51","AS_1_1_12","Dead",2002,2019,44.5984871340168,10.05,50.6895087941176,9.18597603696401,14.2597878796766
"192","AS",1,1,12,52,"AS_1_1_12_52","AS_1_1_12","Dead",2002,2019,44.5984871340168,4,50.6895087941176,9.18597603696401,14.2597878796766
"193","AS",1,1,12,53,"AS_1_1_12_53","AS_1_1_12","Dead",2002,2019,44.5984871340168,19.119305,50.6895087941176,9.18597603696401,14.2597878796766
"194","AS",1,1,12,56,"AS_1_1_12_56","AS_1_1_12","Dead",2002,2019,44.5984871340168,17.3,50.6895087941176,9.18597603696401,14.2597878796766
"195","AS",1,1,12,58,"AS_1_1_12_58","AS_1_1_12","Dead",2002,2019,44.5984871340168,11.15,50.6895087941176,9.18597603696401,14.2597878796766
"196","AS",1,1,12,59,"AS_1_1_12_59","AS_1_1_12","Live",2002,2019,44.5984871340168,35.9,50.6895087941176,9.18597603696401,14.2597878796766
"197","AS",1,1,12,61,"AS_1_1_12_61","AS_1_1_12","Dead",2002,2019,44.5984871340168,7.35,50.6895087941176,9.18597603696401,14.2597878796766
"198","AS",1,1,12,62,"AS_1_1_12_62","AS_1_1_12","Dead",2002,2019,44.5984871340168,7.95,50.6895087941176,9.18597603696401,14.2597878796766
"199","AS",1,1,12,63,"AS_1_1_12_63","AS_1_1_12","Live",2002,2019,44.5984871340168,18.45,50.6895087941176,9.18597603696401,14.2597878796766
"200","AS",1,1,12,65,"AS_1_1_12_65","AS_1_1_12","Dead",2002,2019,44.5984871340168,9.45,50.6895087941176,9.18597603696401,14.2597878796766
"201","AS",1,1,12,66,"AS_1_1_12_66","AS_1_1_12","Dead",2002,2019,44.5984871340168,6.4,50.6895087941176,9.18597603696401,14.2597878796766
"202","AS",1,1,12,67,"AS_1_1_12_67","AS_1_1_12","Dead",2002,2019,44.5984871340168,6.75,50.6895087941176,9.18597603696401,14.2597878796766
"203","AS",1,1,12,68,"AS_1_1_12_68","AS_1_1_12","Dead",2002,2019,44.5984871340168,5.35,50.6895087941176,9.18597603696401,14.2597878796766
"204","AS",1,1,12,69,"AS_1_1_12_69","AS_1_1_12","Live",2002,2019,44.5984871340168,16.7,50.6895087941176,9.18597603696401,14.2597878796766
"205","AS",1,1,12,70,"AS_1_1_12_70","AS_1_1_12","Live",2002,2019,44.5984871340168,22.55,50.6895087941176,9.18597603696401,14.2597878796766
"206","AS",1,1,12,71,"AS_1_1_12_71","AS_1_1_12","Dead",2002,2019,44.5984871340168,23.1,50.6895087941176,9.18597603696401,14.2597878796766
"207","AS",1,1,12,74,"AS_1_1_12_74","AS_1_1_12","Dead",2002,2013,43.19625387,4.5,50.9526710409091,9.18597603696401,14.2597878796766
"208","AS",1,1,12,75,"AS_1_1_12_75","AS_1_1_12","Live",2002,2019,44.5984871340168,30.75,50.6895087941176,9.18597603696401,14.2597878796766
"209","AS",1,1,12,76,"AS_1_1_12_76","AS_1_1_12","Dead",2002,2013,43.19625387,3,50.9526710409091,9.18597603696401,14.2597878796766
"210","AS",1,1,12,78,"AS_1_1_12_78","AS_1_1_12","Dead",2002,2019,44.5984871340168,15.2,50.6895087941176,9.18597603696401,14.2597878796766
"211","AS",1,1,12,79,"AS_1_1_12_79","AS_1_1_12","Dead",2002,2019,44.5984871340168,9.1,50.6895087941176,9.18597603696401,14.2597878796766
"212","AS",1,1,12,80,"AS_1_1_12_80","AS_1_1_12","Dead",2002,2019,44.5984871340168,13.85,50.6895087941176,9.18597603696401,14.2597878796766
"213","AS",1,1,12,83,"AS_1_1_12_83","AS_1_1_12","Live",2002,2019,44.5984871340168,28.65,50.6895087941176,9.18597603696401,14.2597878796766
"214","AS",1,1,12,85,"AS_1_1_12_85","AS_1_1_12","Live",2002,2019,44.5984871340168,12.7,50.6895087941176,9.18597603696401,14.2597878796766
"215","AS",1,1,12,86,"AS_1_1_12_86","AS_1_1_12","Dead",2002,2019,44.5984871340168,3.7,50.6895087941176,9.18597603696401,14.2597878796766
"216","AS",1,1,12,87,"AS_1_1_12_87","AS_1_1_12","Dead",2002,2019,44.5984871340168,2.2,50.6895087941176,9.18597603696401,14.2597878796766
"217","AS",1,1,12,88,"AS_1_1_12_88","AS_1_1_12","Live",2002,2019,44.5984871340168,18.9,50.6895087941176,9.18597603696401,14.2597878796766
"218","AS",1,1,12,89,"AS_1_1_12_89","AS_1_1_12","Live",2002,2019,44.5984871340168,8.4,50.6895087941176,9.18597603696401,14.2597878796766
"219","AS",1,1,12,90,"AS_1_1_12_90","AS_1_1_12","Live",2002,2019,44.5984871340168,8.75,50.6895087941176,9.18597603696401,14.2597878796766
"220","AS",1,1,12,91,"AS_1_1_12_91","AS_1_1_12","Live",2002,2019,44.5984871340168,12.15,50.6895087941176,9.18597603696401,14.2597878796766
"221","AS",1,1,12,92,"AS_1_1_12_92","AS_1_1_12","Live",2002,2019,44.5984871340168,24.9,50.6895087941176,9.18597603696401,14.2597878796766
"222","AS",1,1,12,94,"AS_1_1_12_94","AS_1_1_12","Live",2002,2019,44.5984871340168,23.75,50.6895087941176,9.18597603696401,14.2597878796766
"223","AS",1,1,12,95,"AS_1_1_12_95","AS_1_1_12","Dead",2002,2019,44.5984871340168,24.65087,50.6895087941176,9.18597603696401,14.2597878796766
"224","AS",1,1,12,96,"AS_1_1_12_96","AS_1_1_12","Live",2002,2019,44.5984871340168,25.3,50.6895087941176,9.18597603696401,14.2597878796766
"225","AS",1,1,12,97,"AS_1_1_12_97","AS_1_1_12","Dead",2002,2019,44.5984871340168,15.7,50.6895087941176,9.18597603696401,14.2597878796766
"226","AS",1,1,12,98,"AS_1_1_12_98","AS_1_1_12","Live",2002,2019,44.5984871340168,28.55,50.6895087941176,9.18597603696401,14.2597878796766
"227","AS",1,1,12,99,"AS_1_1_12_99","AS_1_1_12","Live",2002,2019,44.5984871340168,27.1,50.6895087941176,9.18597603696401,14.2597878796766
"228","AS",1,1,12,100,"AS_1_1_12_100","AS_1_1_12","Live",2002,2019,44.5984871340168,14.5,50.6895087941176,9.18597603696401,14.2597878796766
"229","AS",1,1,12,101,"AS_1_1_12_101","AS_1_1_12","Live",2002,2019,44.5984871340168,23.85,50.6895087941176,9.18597603696401,14.2597878796766
"230","AS",1,1,12,102,"AS_1_1_12_102","AS_1_1_12","Dead",2002,2013,43.19625387,16,50.9526710409091,9.18597603696401,14.2597878796766
"231","AS",1,1,12,103,"AS_1_1_12_103","AS_1_1_12","Live",2002,2019,44.5984871340168,8.5,50.6895087941176,9.18597603696401,14.2597878796766
"232","AS",1,1,12,105,"AS_1_1_12_105","AS_1_1_12","Live",2002,2019,44.5984871340168,34,50.6895087941176,9.18597603696401,14.2597878796766
"233","AS",1,1,12,106,"AS_1_1_12_106","AS_1_1_12","Live",2002,2019,44.5984871340168,13.75,50.6895087941176,9.18597603696401,14.2597878796766
"234","AS",1,1,12,107,"AS_1_1_12_107","AS_1_1_12","Dead",2002,2013,43.19625387,6.8,50.9526710409091,9.18597603696401,14.2597878796766
"235","AS",1,1,12,108,"AS_1_1_12_108","AS_1_1_12","Live",2002,2019,44.5984871340168,14.4,50.6895087941176,9.18597603696401,14.2597878796766
"236","AS",1,1,12,109,"AS_1_1_12_109","AS_1_1_12","Dead",2002,2019,44.5984871340168,5.6,50.6895087941176,9.18597603696401,14.2597878796766
"237","AS",1,1,12,110,"AS_1_1_12_110","AS_1_1_12","Dead",2002,2019,44.5984871340168,10.1,50.6895087941176,9.18597603696401,14.2597878796766
"238","AS",1,1,12,111,"AS_1_1_12_111","AS_1_1_12","Live",2002,2019,44.5984871340168,19.2,50.6895087941176,9.18597603696401,14.2597878796766
"239","AS",1,1,12,112,"AS_1_1_12_112","AS_1_1_12","Live",2002,2019,44.5984871340168,12.5,50.6895087941176,9.18597603696401,14.2597878796766
"240","AS",1,1,12,114,"AS_1_1_12_114","AS_1_1_12","Live",2013,2019,46.0007203980335,22,50.207044675,8.43763578456808,52.6876568695492
"241","AS",1,1,13,1,"AS_1_1_13_1","AS_1_1_13","Live",2002,2019,22.5900517553787,33.4,50.5155354452941,9.18597603696401,16.800027728874
"242","AS",1,1,13,2,"AS_1_1_13_2","AS_1_1_13","Live",2002,2019,22.5900517553787,18.4,50.5155354452941,9.18597603696401,16.800027728874
"243","AS",1,1,13,7,"AS_1_1_13_7","AS_1_1_13","Live",2002,2019,22.5900517553787,36.9,50.5155354452941,9.18597603696401,16.800027728874
"244","AS",1,1,13,8,"AS_1_1_13_8","AS_1_1_13","Live",2002,2019,22.5900517553787,24,50.5155354452941,9.18597603696401,16.800027728874
"245","AS",1,1,13,9,"AS_1_1_13_9","AS_1_1_13","Live",2002,2019,22.5900517553787,34.35,50.5155354452941,9.18597603696401,16.800027728874
"246","AS",1,1,13,10,"AS_1_1_13_10","AS_1_1_13","Live",2002,2019,22.5900517553787,36.55,50.5155354452941,9.18597603696401,16.800027728874
"247","AS",1,1,13,11,"AS_1_1_13_11","AS_1_1_13","Live",2002,2019,22.5900517553787,16.75,50.5155354452941,9.18597603696401,16.800027728874
"248","AS",1,1,13,12,"AS_1_1_13_12","AS_1_1_13","Live",2002,2019,22.5900517553787,33.9,50.5155354452941,9.18597603696401,16.800027728874
"249","AS",1,1,13,13,"AS_1_1_13_13","AS_1_1_13","Live",2002,2019,22.5900517553787,32.35,50.5155354452941,9.18597603696401,16.800027728874
"250","AS",1,1,13,14,"AS_1_1_13_14","AS_1_1_13","Live",2002,2019,22.5900517553787,31.9,50.5155354452941,9.18597603696401,16.800027728874
"251","AS",1,1,13,15,"AS_1_1_13_15","AS_1_1_13","Live",2002,2019,22.5900517553787,10.15,50.5155354452941,9.18597603696401,16.800027728874
"252","AS",1,1,14,4,"AS_1_1_14_4","AS_1_1_14","Dead",2002,2019,24.1799500075933,23.45,38.1633323382353,9.18597603696401,14.1506559982831
"253","AS",1,1,14,6,"AS_1_1_14_6","AS_1_1_14","Dead",2002,2013,36.9159427113122,68.9,37.2335025381818,9.18597603696401,14.1506559982831
"254","AS",1,1,14,7,"AS_1_1_14_7","AS_1_1_14","Live",2002,2019,24.1799500075933,6.65,38.1633323382353,9.18597603696401,14.1506559982831
"255","AS",1,1,14,12,"AS_1_1_14_12","AS_1_1_14","Live",2002,2019,24.1799500075933,33.7,38.1633323382353,9.18597603696401,14.1506559982831
"256","AS",1,1,14,13,"AS_1_1_14_13","AS_1_1_14","Live",2002,2019,24.1799500075933,4.4,38.1633323382353,9.18597603696401,14.1506559982831
"257","AS",1,1,14,14,"AS_1_1_14_14","AS_1_1_14","Live",2002,2019,24.1799500075933,20.35,38.1633323382353,9.18597603696401,14.1506559982831
"258","AS",1,1,14,15,"AS_1_1_14_15","AS_1_1_14","Live",2002,2019,24.1799500075933,23.3,38.1633323382353,9.18597603696401,14.1506559982831
"259","AS",1,1,14,16,"AS_1_1_14_16","AS_1_1_14","Dead",2002,2013,36.9159427113122,21.3,37.2335025381818,9.18597603696401,14.1506559982831
"260","AS",1,1,14,19,"AS_1_1_14_19","AS_1_1_14","Dead",2002,2019,24.1799500075933,14.6,38.1633323382353,9.18597603696401,14.1506559982831
"261","AS",1,1,14,20,"AS_1_1_14_20","AS_1_1_14","Live",2002,2019,24.1799500075933,21.3,38.1633323382353,9.18597603696401,14.1506559982831
"262","AS",1,1,14,21,"AS_1_1_14_21","AS_1_1_14","Dead",2002,2019,24.1799500075933,20.3,38.1633323382353,9.18597603696401,14.1506559982831
"263","AS",1,1,14,23,"AS_1_1_14_23","AS_1_1_14","Dead",2002,2013,36.9159427113122,80.8,37.2335025381818,9.18597603696401,14.1506559982831
"264","AS",1,1,14,24,"AS_1_1_14_24","AS_1_1_14","Live",2002,2013,36.9159427113122,13,37.2335025381818,9.18597603696401,14.1506559982831
"265","AS",1,1,14,25,"AS_1_1_14_25","AS_1_1_14","Live",2002,2013,36.9159427113122,3.4,37.2335025381818,9.18597603696401,14.1506559982831
"266","AS",1,1,15,7,"AS_1_1_15_7","AS_1_1_15","Live",2002,2019,13.7965115145027,31.65,32.3629472411765,9.18597603696401,18.722013385007
"267","AS",1,1,15,10,"AS_1_1_15_10","AS_1_1_15","Live",2002,2019,13.7965115145027,36.7,32.3629472411765,9.18597603696401,18.722013385007
"268","AS",1,1,15,16,"AS_1_1_15_16","AS_1_1_15","Live",2002,2019,13.7965115145027,15.65,32.3629472411765,9.18597603696401,18.722013385007
"269","AS",1,1,15,18,"AS_1_1_15_18","AS_1_1_15","Live",2002,2019,13.7965115145027,32.2,32.3629472411765,9.18597603696401,18.722013385007
"270","AS",1,1,16,3,"AS_1_1_16_3","AS_1_1_16","Live",2002,2019,7.16412979290345,16.55,24.6144796382353,9.18597603696401,33.6444624049322
"271","AS",1,1,16,6,"AS_1_1_16_6","AS_1_1_16","Dead",2002,2019,7.16412979290345,5.7,24.6144796382353,9.18597603696401,33.6444624049322
"272","AS",1,1,16,7,"AS_1_1_16_7","AS_1_1_16","Live",2002,2019,7.16412979290345,33.75,24.6144796382353,9.18597603696401,33.6444624049322
"273","AS",1,1,16,8,"AS_1_1_16_8","AS_1_1_16","Live",2002,2019,7.16412979290345,2.45,24.6144796382353,9.18597603696401,33.6444624049322
"274","AS",1,1,16,9,"AS_1_1_16_9","AS_1_1_16","Live",2002,2019,7.16412979290345,14.95,24.6144796382353,9.18597603696401,33.6444624049322
"275","AS",1,1,16,10,"AS_1_1_16_10","AS_1_1_16","Live",2002,2019,7.16412979290345,19.2,24.6144796382353,9.18597603696401,33.6444624049322
"276","AS",1,1,16,11,"AS_1_1_16_11","AS_1_1_16","Live",2002,2019,7.16412979290345,12.75,24.6144796382353,9.18597603696401,33.6444624049322
"277","AS",1,1,16,12,"AS_1_1_16_12","AS_1_1_16","Live",2002,2019,7.16412979290345,11.5,24.6144796382353,9.18597603696401,33.6444624049322
"278","AS",1,1,16,13,"AS_1_1_16_13","AS_1_1_16","Dead",2002,2019,7.16412979290345,2.35,24.6144796382353,9.18597603696401,33.6444624049322
"279","AS",1,1,16,14,"AS_1_1_16_14","AS_1_1_16","Live",2002,2019,7.16412979290345,18.05,24.6144796382353,9.18597603696401,33.6444624049322
"280","AS",1,1,16,15,"AS_1_1_16_15","AS_1_1_16","Live",2002,2019,7.16412979290345,20.7,24.6144796382353,9.18597603696401,33.6444624049322
"281","AS",1,1,17,3,"AS_1_1_17_3","AS_1_1_17","Live",2002,2019,20.7193103327828,28.85,44.5330132058824,9.18597603696401,16.7365379418101
"282","AS",1,1,17,4,"AS_1_1_17_4","AS_1_1_17","Live",2002,2019,20.7193103327828,19.1,44.5330132058824,9.18597603696401,16.7365379418101
"283","AS",1,1,17,5,"AS_1_1_17_5","AS_1_1_17","Dead",2002,2019,20.7193103327828,16,44.5330132058824,9.18597603696401,16.7365379418101
"284","AS",1,1,17,7,"AS_1_1_17_7","AS_1_1_17","Dead",2002,2019,20.7193103327828,21.2,44.5330132058824,9.18597603696401,16.7365379418101
"285","AS",1,1,17,8,"AS_1_1_17_8","AS_1_1_17","Live",2002,2019,20.7193103327828,20.05,44.5330132058824,9.18597603696401,16.7365379418101
"286","AS",1,1,17,9,"AS_1_1_17_9","AS_1_1_17","Live",2002,2019,20.7193103327828,11.4,44.5330132058824,9.18597603696401,16.7365379418101
"287","AS",1,1,17,10,"AS_1_1_17_10","AS_1_1_17","Live",2002,2019,20.7193103327828,18.55,44.5330132058824,9.18597603696401,16.7365379418101
"288","AS",1,1,17,11,"AS_1_1_17_11","AS_1_1_17","Dead",2002,2019,20.7193103327828,12.7,44.5330132058824,9.18597603696401,16.7365379418101
"289","AS",1,1,17,12,"AS_1_1_17_12","AS_1_1_17","Dead",2002,2013,23.1022615854873,58.4,43.6549165118182,9.18597603696401,16.7365379418101
"290","AS",1,1,17,13,"AS_1_1_17_13","AS_1_1_17","Live",2002,2019,20.7193103327828,25.15,44.5330132058824,9.18597603696401,16.7365379418101
"291","AS",1,1,17,14,"AS_1_1_17_14","AS_1_1_17","Live",2002,2019,20.7193103327828,30.35,44.5330132058824,9.18597603696401,16.7365379418101
"292","AS",1,1,17,17,"AS_1_1_17_17","AS_1_1_17","Live",2002,2019,20.7193103327828,32.15,44.5330132058824,9.18597603696401,16.7365379418101
"293","AS",1,1,17,24,"AS_1_1_17_24","AS_1_1_17","Dead",2002,2013,23.1022615854873,24.2,43.6549165118182,9.18597603696401,16.7365379418101
"294","AS",1,1,17,25,"AS_1_1_17_25","AS_1_1_17","Live",2002,2019,20.7193103327828,13.4,44.5330132058824,9.18597603696401,16.7365379418101
"295","AS",1,1,17,26,"AS_1_1_17_26","AS_1_1_17","Live",2002,2019,20.7193103327828,30.05,44.5330132058824,9.18597603696401,16.7365379418101
"296","AS",1,1,18,1,"AS_1_1_18_1","AS_1_1_18","Live",2002,2019,26.106089305179,42.55,43.2358943570588,9.18597603696401,18.1684594325204
"297","AS",1,1,18,2,"AS_1_1_18_2","AS_1_1_18","Live",2002,2019,26.106089305179,36.1,43.2358943570588,9.18597603696401,18.1684594325204
"298","AS",1,1,18,3,"AS_1_1_18_3","AS_1_1_18","Live",2002,2019,26.106089305179,30.15,43.2358943570588,9.18597603696401,18.1684594325204
"299","AS",1,1,18,4,"AS_1_1_18_4","AS_1_1_18","Live",2002,2019,26.106089305179,12.5,43.2358943570588,9.18597603696401,18.1684594325204
"300","AS",1,1,18,5,"AS_1_1_18_5","AS_1_1_18","Live",2002,2019,26.106089305179,20.3,43.2358943570588,9.18597603696401,18.1684594325204
"301","AS",1,1,18,6,"AS_1_1_18_6","AS_1_1_18","Live",2002,2019,26.106089305179,12.45,43.2358943570588,9.18597603696401,18.1684594325204
"302","AS",1,1,18,8,"AS_1_1_18_8","AS_1_1_18","Live",2002,2019,26.106089305179,32.25,43.2358943570588,9.18597603696401,18.1684594325204
"303","AS",1,1,18,9,"AS_1_1_18_9","AS_1_1_18","Live",2002,2019,26.106089305179,37.65,43.2358943570588,9.18597603696401,18.1684594325204
"304","AS",1,1,18,11,"AS_1_1_18_11","AS_1_1_18","Live",2002,2019,26.106089305179,28.35,43.2358943570588,9.18597603696401,18.1684594325204
"305","AS",1,1,18,13,"AS_1_1_18_13","AS_1_1_18","Live",2002,2019,26.106089305179,24.05,43.2358943570588,9.18597603696401,18.1684594325204
"306","AS",1,1,18,14,"AS_1_1_18_14","AS_1_1_18","Live",2002,2019,26.106089305179,40.8,43.2358943570588,9.18597603696401,18.1684594325204
"307","AS",1,1,18,16,"AS_1_1_18_16","AS_1_1_18","Live",2002,2019,26.106089305179,36.1,43.2358943570588,9.18597603696401,18.1684594325204
"308","AS",1,1,18,17,"AS_1_1_18_17","AS_1_1_18","Live",2002,2019,26.106089305179,30.25,43.2358943570588,9.18597603696401,18.1684594325204
"309","AS",1,1,18,18,"AS_1_1_18_18","AS_1_1_18","Dead",2002,2019,26.106089305179,3.05,43.2358943570588,9.18597603696401,18.1684594325204
"310","AS",1,1,19,1,"AS_1_1_19_1","AS_1_1_19","Live",2002,2019,22.59756807,23.45,38.6087481152941,9.18597603696401,16.0772308993911
"311","AS",1,1,19,2,"AS_1_1_19_2","AS_1_1_19","Live",2002,2019,22.59756807,26.85,38.6087481152941,9.18597603696401,16.0772308993911
"312","AS",1,1,19,3,"AS_1_1_19_3","AS_1_1_19","Live",2002,2019,22.59756807,62.55,38.6087481152941,9.18597603696401,16.0772308993911
"313","AS",1,1,19,5,"AS_1_1_19_5","AS_1_1_19","Live",2002,2019,22.59756807,22.15,38.6087481152941,9.18597603696401,16.0772308993911
"314","AS",1,1,19,6,"AS_1_1_19_6","AS_1_1_19","Live",2002,2019,22.59756807,39.7,38.6087481152941,9.18597603696401,16.0772308993911
"315","AS",1,1,19,8,"AS_1_1_19_8","AS_1_1_19","Live",2002,2019,22.59756807,36.75,38.6087481152941,9.18597603696401,16.0772308993911
"316","AS",1,1,19,11,"AS_1_1_19_11","AS_1_1_19","Dead",2002,2013,22.210581855,36.1,37.3412587418182,9.18597603696401,16.0772308993911
"317","AS",1,1,19,12,"AS_1_1_19_12","AS_1_1_19","Live",2002,2019,22.59756807,47.3,38.6087481152941,9.18597603696401,16.0772308993911
"318","AS",1,1,20,2,"AS_1_1_20_2","AS_1_1_20","Live",2002,2019,9.99610420257505,26.7,44.2010804317647,9.18597603696401,30.9629760227449
"319","AS",1,1,20,3,"AS_1_1_20_3","AS_1_1_20","Live",2002,2019,9.99610420257505,25.3,44.2010804317647,9.18597603696401,30.9629760227449
"320","AS",1,1,20,4,"AS_1_1_20_4","AS_1_1_20","Live",2002,2019,9.99610420257505,21.5,44.2010804317647,9.18597603696401,30.9629760227449
"321","AS",1,1,20,6,"AS_1_1_20_6","AS_1_1_20","Live",2002,2019,9.99610420257505,20.45,44.2010804317647,9.18597603696401,30.9629760227449
"322","AS",1,1,20,7,"AS_1_1_20_7","AS_1_1_20","Live",2002,2019,9.99610420257505,11,44.2010804317647,9.18597603696401,30.9629760227449
"323","AS",1,1,20,8,"AS_1_1_20_8","AS_1_1_20","Live",2002,2019,9.99610420257505,18.35,44.2010804317647,9.18597603696401,30.9629760227449
"324","AS",1,1,20,9,"AS_1_1_20_9","AS_1_1_20","Live",2002,2019,9.99610420257505,14.85,44.2010804317647,9.18597603696401,30.9629760227449
"325","AS",1,1,20,10,"AS_1_1_20_10","AS_1_1_20","Live",2002,2019,9.99610420257505,18.1,44.2010804317647,9.18597603696401,30.9629760227449
"326","AS",1,1,20,13,"AS_1_1_20_13","AS_1_1_20","Live",2002,2019,9.99610420257505,28,44.2010804317647,9.18597603696401,30.9629760227449
"327","AS",1,1,20,17,"AS_1_1_20_17","AS_1_1_20","Live",2013,2019,12.1840168601501,1.5,44.086734695,8.43763578456808,66.9354537450268
"328","AS",1,2,1,3,"AS_1_2_1_3","AS_1_2_1","Live",2002,2019,24.6757462875,43.85,32.4885954378235,9.18597603696401,14.6254545625984
"329","AS",1,2,1,4,"AS_1_2_1_4","AS_1_2_1","Live",2002,2019,24.6757462875,51.95,32.4885954378235,9.18597603696401,14.6254545625984
"330","AS",1,2,1,10,"AS_1_2_1_10","AS_1_2_1","Live",2002,2019,24.6757462875,36.3,32.4885954378235,9.18597603696401,14.6254545625984
"331","AS",1,2,1,22,"AS_1_2_1_22","AS_1_2_1","Live",2002,2019,24.6757462875,46.85,32.4885954378235,9.18597603696401,14.6254545625984
"332","AS",1,2,2,9,"AS_1_2_2_9","AS_1_2_2","Live",2002,2019,21.860607615,54.4,27.3901560629412,9.18597603696401,16.4059507901655
"333","AS",1,2,2,13,"AS_1_2_2_13","AS_1_2_2","Live",2002,2019,21.860607615,25.7,27.3901560629412,9.18597603696401,16.4059507901655
"334","AS",1,2,2,16,"AS_1_2_2_16","AS_1_2_2","Live",2002,2019,21.860607615,26.8,27.3901560629412,9.18597603696401,16.4059507901655
"335","AS",1,2,3,14,"AS_1_2_3_14","AS_1_2_3","Live",2002,2019,27.0328691325,33.35,30.60469369,9.18597603696401,13.5008871508162
"336","AS",1,2,3,34,"AS_1_2_3_34","AS_1_2_3","Live",2002,2019,27.0328691325,46.1,30.60469369,9.18597603696401,13.5008871508162
"337","AS",1,2,3,53,"AS_1_2_3_53","AS_1_2_3","Live",2002,2019,27.0328691325,45.9,30.60469369,9.18597603696401,13.5008871508162
"338","AS",1,2,4,8,"AS_1_2_4_8","AS_1_2_4","Dead",2002,2013,26.966532285,0.8,31.0626471972727,9.18597603696401,16.2692483495312
"339","AS",1,2,4,42,"AS_1_2_4_42","AS_1_2_4","Live",2013,2019,0.0019635,1,19.2452504333333,8.43763578456808,84.3953455747035
"340","AS",1,2,5,3,"AS_1_2_5_3","AS_1_2_5","Live",2002,2019,27.37605948,35.75,28.5747984474118,9.18597603696401,14.1407489116547
"341","AS",1,2,5,4,"AS_1_2_5_4","AS_1_2_5","Live",2002,2019,27.37605948,38.2,28.5747984474118,9.18597603696401,14.1407489116547
"342","AS",1,2,5,7,"AS_1_2_5_7","AS_1_2_5","Live",2002,2019,27.37605948,38.4,28.5747984474118,9.18597603696401,14.1407489116547
"343","AS",1,2,5,8,"AS_1_2_5_8","AS_1_2_5","Live",2002,2019,27.37605948,49,28.5747984474118,9.18597603696401,14.1407489116547
"344","AS",1,2,5,13,"AS_1_2_5_13","AS_1_2_5","Live",2002,2019,27.37605948,44.75,28.5747984474118,9.18597603696401,14.1407489116547
"345","AS",1,2,5,17,"AS_1_2_5_17","AS_1_2_5","Live",2002,2019,27.37605948,47,28.5747984474118,9.18597603696401,14.1407489116547
"346","AS",1,2,6,2,"AS_1_2_6_2","AS_1_2_6","Live",2002,2019,22.1075471925,41.9,33.6134453792353,9.18597603696401,17.1006807347752
"347","AS",1,2,6,4,"AS_1_2_6_4","AS_1_2_6","Live",2002,2019,22.1075471925,25.15,33.6134453792353,9.18597603696401,17.1006807347752
"348","AS",1,2,6,6,"AS_1_2_6_6","AS_1_2_6","Live",2002,2019,22.1075471925,32.8,33.6134453792353,9.18597603696401,17.1006807347752
"349","AS",1,2,6,9,"AS_1_2_6_9","AS_1_2_6","Live",2002,2019,22.1075471925,29.65,33.6134453792353,9.18597603696401,17.1006807347752
"350","AS",1,2,6,10,"AS_1_2_6_10","AS_1_2_6","Live",2002,2019,22.1075471925,29.5,33.6134453792353,9.18597603696401,17.1006807347752
"351","AS",1,2,6,23,"AS_1_2_6_23","AS_1_2_6","Live",2002,2019,22.1075471925,31.2,33.6134453792353,9.18597603696401,17.1006807347752
"352","AS",1,2,6,32,"AS_1_2_6_32","AS_1_2_6","Live",2002,2019,22.1075471925,35.25,33.6134453792353,9.18597603696401,17.1006807347752
"353","AS",1,2,7,19,"AS_1_2_7_19","AS_1_2_7","Live",2002,2019,14.19983565,36.05,25.6864735734706,9.18597603696401,20.3147541487963
"354","AS",1,2,7,33,"AS_1_2_7_33","AS_1_2_7","Live",2002,2019,14.19983565,34.9,25.6864735734706,9.18597603696401,20.3147541487963
"355","AS",1,2,7,42,"AS_1_2_7_42","AS_1_2_7","Live",2002,2019,14.19983565,30.1,25.6864735734706,9.18597603696401,20.3147541487963
"356","AS",1,2,7,48,"AS_1_2_7_48","AS_1_2_7","Live",2002,2019,14.19983565,37.65,25.6864735734706,9.18597603696401,20.3147541487963
"357","AS",1,2,9,3,"AS_1_2_9_3","AS_1_2_9","Live",2002,2019,26.869692465,74.4,22.898201767,9.18597603696401,14.2872180417237
"358","AS",1,2,9,6,"AS_1_2_9_6","AS_1_2_9","Live",2002,2019,26.869692465,66.25,22.898201767,9.18597603696401,14.2872180417237
"359","AS",1,2,9,8,"AS_1_2_9_8","AS_1_2_9","Live",2002,2019,26.869692465,46.4,22.898201767,9.18597603696401,14.2872180417237
"360","AS",1,2,10,11,"AS_1_2_10_11","AS_1_2_10","Live",2002,2019,33.907426245,40.95,27.7933556852941,9.18597603696401,13.9530948391884
"361","AS",1,2,10,17,"AS_1_2_10_17","AS_1_2_10","Live",2002,2019,33.907426245,39.85,27.7933556852941,9.18597603696401,13.9530948391884
"362","AS",1,2,10,18,"AS_1_2_10_18","AS_1_2_10","Live",2002,2019,33.907426245,37.05,27.7933556852941,9.18597603696401,13.9530948391884
"363","AS",1,2,10,25,"AS_1_2_10_25","AS_1_2_10","Live",2002,2019,33.907426245,38.35,27.7933556852941,9.18597603696401,13.9530948391884
"364","AS",1,2,10,207,"AS_1_2_10_207","AS_1_2_10","Live",2002,2019,33.907426245,36,27.7933556852941,9.18597603696401,13.9530948391884
"365","AS",1,2,11,19,"AS_1_2_11_19","AS_1_2_11","Live",2002,2019,25.135607805,43,24.6021831415294,9.18597603696401,13.820039625378
"366","AS",1,2,13,3,"AS_1_2_13_3","AS_1_2_13","Live",2002,2019,23.787979215,39.35,27.4984839294118,9.18597603696401,17.2511124098448
"367","AS",1,2,13,7,"AS_1_2_13_7","AS_1_2_13","Live",2002,2019,23.787979215,44.15,27.4984839294118,9.18597603696401,17.2511124098448
"368","AS",1,2,13,9,"AS_1_2_13_9","AS_1_2_13","Live",2002,2019,23.787979215,37.1,27.4984839294118,9.18597603696401,17.2511124098448
"369","AS",1,2,13,21,"AS_1_2_13_21","AS_1_2_13","Live",2002,2019,23.787979215,53.35,27.4984839294118,9.18597603696401,17.2511124098448
"370","AS",1,2,14,2,"AS_1_2_14_2","AS_1_2_14","Live",2002,2019,18.5758390125,36.05,31.0994542147059,9.18597603696401,15.3536628518333
"371","AS",1,2,14,9,"AS_1_2_14_9","AS_1_2_14","Live",2002,2019,18.5758390125,43.95,31.0994542147059,9.18597603696401,15.3536628518333
"372","AS",1,2,15,12,"AS_1_2_15_12","AS_1_2_15","Live",2002,2019,30.106443675,43.2,36.93934776,9.18597603696401,14.0671982965937
"373","AS",1,2,15,23,"AS_1_2_15_23","AS_1_2_15","Live",2002,2019,30.106443675,27.4,36.93934776,9.18597603696401,14.0671982965937
"374","AS",1,2,15,38,"AS_1_2_15_38","AS_1_2_15","Live",2002,2019,30.106443675,37.15,36.93934776,9.18597603696401,14.0671982965937
"375","AS",1,2,15,44,"AS_1_2_15_44","AS_1_2_15","Live",2002,2019,30.106443675,33.1,36.93934776,9.18597603696401,14.0671982965937
"376","AS",1,2,15,56,"AS_1_2_15_56","AS_1_2_15","Live",2002,2019,30.106443675,34.4,36.93934776,9.18597603696401,14.0671982965937
"377","AS",1,2,15,73,"AS_1_2_15_73","AS_1_2_15","Live",2002,2019,30.106443675,33.5,36.93934776,9.18597603696401,14.0671982965937
"378","AS",1,2,15,83,"AS_1_2_15_83","AS_1_2_15","Live",2002,2019,30.106443675,36.7,36.93934776,9.18597603696401,14.0671982965937
"379","AS",1,2,16,13,"AS_1_2_16_13","AS_1_2_16","Live",2002,2019,17.2389507675,53.05,31.2766544117647,9.18597603696401,21.8120198571456
"380","AS",1,2,16,19,"AS_1_2_16_19","AS_1_2_16","Live",2002,2019,17.2389507675,47.1,31.2766544117647,9.18597603696401,21.8120198571456
"381","AS",1,2,16,20,"AS_1_2_16_20","AS_1_2_16","Live",2002,2019,17.2389507675,23.55,31.2766544117647,9.18597603696401,21.8120198571456
"382","AS",1,2,17,7,"AS_1_2_17_7","AS_1_2_17","Live",2002,2019,24.18313359,22.1,31.5644042229412,9.18597603696401,14.8207183253319
"383","AS",1,2,17,9,"AS_1_2_17_9","AS_1_2_17","Dead",2002,2013,27.10894494,23,31.6815850818182,9.18597603696401,14.8207183253319
"384","AS",1,2,17,11,"AS_1_2_17_11","AS_1_2_17","Live",2002,2019,24.18313359,23.9,31.5644042229412,9.18597603696401,14.8207183253319
"385","AS",1,2,17,12,"AS_1_2_17_12","AS_1_2_17","Dead",2002,2013,27.10894494,28.4,31.6815850818182,9.18597603696401,14.8207183253319
"386","AS",1,2,17,13,"AS_1_2_17_13","AS_1_2_17","Live",2002,2019,24.18313359,31.65,31.5644042229412,9.18597603696401,14.8207183253319
"387","AS",1,2,17,14,"AS_1_2_17_14","AS_1_2_17","Live",2002,2019,24.18313359,24.95,31.5644042229412,9.18597603696401,14.8207183253319
"388","AS",1,2,17,23,"AS_1_2_17_23","AS_1_2_17","Live",2002,2019,24.18313359,61.55,31.5644042229412,9.18597603696401,14.8207183253319
"389","AS",1,2,17,37,"AS_1_2_17_37","AS_1_2_17","Live",2002,2019,24.18313359,24.15,31.5644042229412,9.18597603696401,14.8207183253319
"390","AS",1,2,17,38,"AS_1_2_17_38","AS_1_2_17","Live",2002,2019,24.18313359,30.35,31.5644042229412,9.18597603696401,14.8207183253319
"391","AS",1,2,17,40,"AS_1_2_17_40","AS_1_2_17","Live",2002,2019,24.18313359,30.6,31.5644042229412,9.18597603696401,14.8207183253319
"392","AS",1,2,18,7,"AS_1_2_18_7","AS_1_2_18","Live",2002,2019,23.67093498,31.7,33.3160264088235,9.18597603696401,16.9486672843834
"393","AS",1,2,18,25,"AS_1_2_18_25","AS_1_2_18","Live",2002,2019,23.67093498,35.25,33.3160264088235,9.18597603696401,16.9486672843834
"394","AS",1,2,18,27,"AS_1_2_18_27","AS_1_2_18","Live",2002,2019,23.67093498,33.8,33.3160264088235,9.18597603696401,16.9486672843834
"395","AS",1,2,18,30,"AS_1_2_18_30","AS_1_2_18","Live",2002,2019,23.67093498,26,33.3160264088235,9.18597603696401,16.9486672843834
"396","AS",1,2,18,31,"AS_1_2_18_31","AS_1_2_18","Live",2002,2019,23.67093498,29.8,33.3160264088235,9.18597603696401,16.9486672843834
"397","AS",1,2,18,33,"AS_1_2_18_33","AS_1_2_18","Live",2002,2019,23.67093498,26.7,33.3160264088235,9.18597603696401,16.9486672843834
"398","AS",1,2,19,1,"AS_1_2_19_1","AS_1_2_19","Live",2002,2019,23.3860982742485,25.45,29.2758305391765,9.18597603696401,20.2524665783041
"399","AS",1,2,19,3,"AS_1_2_19_3","AS_1_2_19","Live",2002,2019,23.3860982742485,27.25,29.2758305391765,9.18597603696401,20.2524665783041
"400","AS",1,2,19,4,"AS_1_2_19_4","AS_1_2_19","Live",2002,2019,23.3860982742485,29.65,29.2758305391765,9.18597603696401,20.2524665783041
"401","AS",1,2,19,5,"AS_1_2_19_5","AS_1_2_19","Live",2002,2019,23.3860982742485,33.35,29.2758305391765,9.18597603696401,20.2524665783041
"402","AS",1,2,19,6,"AS_1_2_19_6","AS_1_2_19","Live",2002,2019,23.3860982742485,27.6,29.2758305391765,9.18597603696401,20.2524665783041
"403","AS",1,2,19,22,"AS_1_2_19_22","AS_1_2_19","Live",2002,2019,23.3860982742485,28.4,29.2758305391765,9.18597603696401,20.2524665783041
"404","AS",1,2,19,24,"AS_1_2_19_24","AS_1_2_19","Live",2002,2019,23.3860982742485,31.35,29.2758305391765,9.18597603696401,20.2524665783041
"405","AS",1,2,19,28,"AS_1_2_19_28","AS_1_2_19","Live",2002,2019,23.3860982742485,35.5,29.2758305391765,9.18597603696401,20.2524665783041
"406","AS",1,2,19,29,"AS_1_2_19_29","AS_1_2_19","Live",2002,2019,23.3860982742485,37.9,29.2758305391765,9.18597603696401,20.2524665783041
"407","AS",1,2,20,22,"AS_1_2_20_22","AS_1_2_20","Live",2002,2019,10.593887535,31.2,36.1399698341177,9.18597603696401,40.0078318245909
"408","AS",2,1,1,1,"AS_2_1_1_1","AS_2_1_1","Live",2002,2019,38.698209165,13.2,55.1540327464706,9.05844858267059,13.9397495462819
"409","AS",2,1,1,3,"AS_2_1_1_3","AS_2_1_1","Live",2002,2019,38.698209165,9.4,55.1540327464706,9.05844858267059,13.9397495462819
"410","AS",2,1,1,4,"AS_2_1_1_4","AS_2_1_1","Live",2002,2019,38.698209165,18.2,55.1540327464706,9.05844858267059,13.9397495462819
"411","AS",2,1,1,5,"AS_2_1_1_5","AS_2_1_1","Live",2002,2019,38.698209165,14.25,55.1540327464706,9.05844858267059,13.9397495462819
"412","AS",2,1,1,6,"AS_2_1_1_6","AS_2_1_1","Live",2002,2019,38.698209165,5.6,55.1540327464706,9.05844858267059,13.9397495462819
"413","AS",2,1,1,7,"AS_2_1_1_7","AS_2_1_1","Live",2002,2019,38.698209165,13.05,55.1540327464706,9.05844858267059,13.9397495462819
"414","AS",2,1,1,8,"AS_2_1_1_8","AS_2_1_1","Live",2002,2019,38.698209165,13.05,55.1540327464706,9.05844858267059,13.9397495462819
"415","AS",2,1,1,9,"AS_2_1_1_9","AS_2_1_1","Live",2002,2019,38.698209165,12.6,55.1540327464706,9.05844858267059,13.9397495462819
"416","AS",2,1,1,10,"AS_2_1_1_10","AS_2_1_1","Live",2002,2019,38.698209165,11.55,55.1540327464706,9.05844858267059,13.9397495462819
"417","AS",2,1,1,11,"AS_2_1_1_11","AS_2_1_1","Live",2002,2019,38.698209165,10.65,55.1540327464706,9.05844858267059,13.9397495462819
"418","AS",2,1,1,12,"AS_2_1_1_12","AS_2_1_1","Live",2002,2019,38.698209165,11,55.1540327464706,9.05844858267059,13.9397495462819
"419","AS",2,1,1,13,"AS_2_1_1_13","AS_2_1_1","Live",2002,2019,38.698209165,8.7,55.1540327464706,9.05844858267059,13.9397495462819
"420","AS",2,1,1,14,"AS_2_1_1_14","AS_2_1_1","Dead",2002,2013,43.788818535,1.5,55.6771321454545,9.05844858267059,13.9397495462819
"421","AS",2,1,1,15,"AS_2_1_1_15","AS_2_1_1","Live",2002,2019,38.698209165,8.45,55.1540327464706,9.05844858267059,13.9397495462819
"422","AS",2,1,1,16,"AS_2_1_1_16","AS_2_1_1","Live",2002,2019,38.698209165,9.65,55.1540327464706,9.05844858267059,13.9397495462819
"423","AS",2,1,1,17,"AS_2_1_1_17","AS_2_1_1","Live",2002,2019,38.698209165,4.65,55.1540327464706,9.05844858267059,13.9397495462819
"424","AS",2,1,1,18,"AS_2_1_1_18","AS_2_1_1","Live",2002,2019,38.698209165,8.3,55.1540327464706,9.05844858267059,13.9397495462819
"425","AS",2,1,1,19,"AS_2_1_1_19","AS_2_1_1","Dead",2002,2019,38.698209165,3.75,55.1540327464706,9.05844858267059,13.9397495462819
"426","AS",2,1,1,20,"AS_2_1_1_20","AS_2_1_1","Live",2002,2019,38.698209165,9.45,55.1540327464706,9.05844858267059,13.9397495462819
"427","AS",2,1,1,22,"AS_2_1_1_22","AS_2_1_1","Live",2002,2019,38.698209165,10.15,55.1540327464706,9.05844858267059,13.9397495462819
"428","AS",2,1,1,23,"AS_2_1_1_23","AS_2_1_1","Dead",2002,2013,43.788818535,11.4,55.6771321454545,9.05844858267059,13.9397495462819
"429","AS",2,1,1,24,"AS_2_1_1_24","AS_2_1_1","Live",2002,2019,38.698209165,7.45,55.1540327464706,9.05844858267059,13.9397495462819
"430","AS",2,1,1,25,"AS_2_1_1_25","AS_2_1_1","Live",2002,2019,38.698209165,24.15,55.1540327464706,9.05844858267059,13.9397495462819
"431","AS",2,1,1,31,"AS_2_1_1_31","AS_2_1_1","Live",2002,2019,38.698209165,2.8,55.1540327464706,9.05844858267059,13.9397495462819
"432","AS",2,1,1,32,"AS_2_1_1_32","AS_2_1_1","Live",2002,2019,38.698209165,6.3,55.1540327464706,9.05844858267059,13.9397495462819
"433","AS",2,1,1,33,"AS_2_1_1_33","AS_2_1_1","Live",2002,2019,38.698209165,10.7,55.1540327464706,9.05844858267059,13.9397495462819
"434","AS",2,1,1,35,"AS_2_1_1_35","AS_2_1_1","Live",2002,2019,38.698209165,7.6,55.1540327464706,9.05844858267059,13.9397495462819
"435","AS",2,1,1,36,"AS_2_1_1_36","AS_2_1_1","Live",2002,2019,38.698209165,9.4,55.1540327464706,9.05844858267059,13.9397495462819
"436","AS",2,1,1,37,"AS_2_1_1_37","AS_2_1_1","Live",2002,2019,38.698209165,4.4,55.1540327464706,9.05844858267059,13.9397495462819
"437","AS",2,1,1,39,"AS_2_1_1_39","AS_2_1_1","Live",2002,2019,38.698209165,10.9,55.1540327464706,9.05844858267059,13.9397495462819
"438","AS",2,1,1,40,"AS_2_1_1_40","AS_2_1_1","Live",2002,2019,38.698209165,0.7,55.1540327464706,9.05844858267059,13.9397495462819
"439","AS",2,1,1,41,"AS_2_1_1_41","AS_2_1_1","Live",2002,2019,38.698209165,19.95,55.1540327464706,9.05844858267059,13.9397495462819
"440","AS",2,1,1,42,"AS_2_1_1_42","AS_2_1_1","Live",2002,2019,38.698209165,16.85,55.1540327464706,9.05844858267059,13.9397495462819
"441","AS",2,1,1,44,"AS_2_1_1_44","AS_2_1_1","Live",2002,2019,38.698209165,2.3,55.1540327464706,9.05844858267059,13.9397495462819
"442","AS",2,1,1,45,"AS_2_1_1_45","AS_2_1_1","Live",2002,2019,38.698209165,7,55.1540327464706,9.05844858267059,13.9397495462819
"443","AS",2,1,1,46,"AS_2_1_1_46","AS_2_1_1","Live",2002,2019,38.698209165,12.05,55.1540327464706,9.05844858267059,13.9397495462819
"444","AS",2,1,1,47,"AS_2_1_1_47","AS_2_1_1","Live",2002,2019,38.698209165,3.35,55.1540327464706,9.05844858267059,13.9397495462819
"445","AS",2,1,1,48,"AS_2_1_1_48","AS_2_1_1","Live",2002,2019,38.698209165,12.1,55.1540327464706,9.05844858267059,13.9397495462819
"446","AS",2,1,1,49,"AS_2_1_1_49","AS_2_1_1","Live",2002,2019,38.698209165,11.7,55.1540327464706,9.05844858267059,13.9397495462819
"447","AS",2,1,1,50,"AS_2_1_1_50","AS_2_1_1","Live",2002,2019,38.698209165,7.95,55.1540327464706,9.05844858267059,13.9397495462819
"448","AS",2,1,1,51,"AS_2_1_1_51","AS_2_1_1","Live",2002,2019,38.698209165,8.25,55.1540327464706,9.05844858267059,13.9397495462819
"449","AS",2,1,1,52,"AS_2_1_1_52","AS_2_1_1","Dead",2002,2019,38.698209165,5.15,55.1540327464706,9.05844858267059,13.9397495462819
"450","AS",2,1,1,53,"AS_2_1_1_53","AS_2_1_1","Live",2002,2019,38.698209165,26.6,55.1540327464706,9.05844858267059,13.9397495462819
"451","AS",2,1,1,54,"AS_2_1_1_54","AS_2_1_1","Live",2002,2019,38.698209165,14.65,55.1540327464706,9.05844858267059,13.9397495462819
"452","AS",2,1,1,55,"AS_2_1_1_55","AS_2_1_1","Live",2002,2019,38.698209165,15.6,55.1540327464706,9.05844858267059,13.9397495462819
"453","AS",2,1,1,56,"AS_2_1_1_56","AS_2_1_1","Live",2002,2019,38.698209165,15.1,55.1540327464706,9.05844858267059,13.9397495462819
"454","AS",2,1,1,58,"AS_2_1_1_58","AS_2_1_1","Live",2002,2019,38.698209165,11.4,55.1540327464706,9.05844858267059,13.9397495462819
"455","AS",2,1,1,60,"AS_2_1_1_60","AS_2_1_1","Live",2002,2019,38.698209165,2.1,55.1540327464706,9.05844858267059,13.9397495462819
"456","AS",2,1,1,62,"AS_2_1_1_62","AS_2_1_1","Live",2002,2019,38.698209165,7.15,55.1540327464706,9.05844858267059,13.9397495462819
"457","AS",2,1,1,64,"AS_2_1_1_64","AS_2_1_1","Live",2002,2019,38.698209165,5.75,55.1540327464706,9.05844858267059,13.9397495462819
"458","AS",2,1,1,66,"AS_2_1_1_66","AS_2_1_1","Live",2002,2019,38.698209165,7.95,55.1540327464706,9.05844858267059,13.9397495462819
"459","AS",2,1,1,69,"AS_2_1_1_69","AS_2_1_1","Live",2002,2019,38.698209165,19.1,55.1540327464706,9.05844858267059,13.9397495462819
"460","AS",2,1,1,70,"AS_2_1_1_70","AS_2_1_1","Live",2002,2019,38.698209165,2.5,55.1540327464706,9.05844858267059,13.9397495462819
"461","AS",2,1,1,71,"AS_2_1_1_71","AS_2_1_1","Live",2002,2019,38.698209165,5.9,55.1540327464706,9.05844858267059,13.9397495462819
"462","AS",2,1,1,72,"AS_2_1_1_72","AS_2_1_1","Live",2002,2019,38.698209165,4.2,55.1540327464706,9.05844858267059,13.9397495462819
"463","AS",2,1,1,73,"AS_2_1_1_73","AS_2_1_1","Live",2002,2019,38.698209165,5.9,55.1540327464706,9.05844858267059,13.9397495462819
"464","AS",2,1,1,74,"AS_2_1_1_74","AS_2_1_1","Live",2002,2019,38.698209165,4.6,55.1540327464706,9.05844858267059,13.9397495462819
"465","AS",2,1,1,75,"AS_2_1_1_75","AS_2_1_1","Live",2002,2019,38.698209165,4.05,55.1540327464706,9.05844858267059,13.9397495462819
"466","AS",2,1,1,78,"AS_2_1_1_78","AS_2_1_1","Live",2002,2019,38.698209165,22.3,55.1540327464706,9.05844858267059,13.9397495462819
"467","AS",2,1,1,81,"AS_2_1_1_81","AS_2_1_1","Live",2002,2019,38.698209165,4.5,55.1540327464706,9.05844858267059,13.9397495462819
"468","AS",2,1,1,85,"AS_2_1_1_85","AS_2_1_1","Live",2002,2019,38.698209165,4.85,55.1540327464706,9.05844858267059,13.9397495462819
"469","AS",2,1,1,86,"AS_2_1_1_86","AS_2_1_1","Live",2002,2019,38.698209165,4.75,55.1540327464706,9.05844858267059,13.9397495462819
"470","AS",2,1,1,87,"AS_2_1_1_87","AS_2_1_1","Live",2002,2019,38.698209165,8,55.1540327464706,9.05844858267059,13.9397495462819
"471","AS",2,1,1,88,"AS_2_1_1_88","AS_2_1_1","Live",2002,2019,38.698209165,8.75,55.1540327464706,9.05844858267059,13.9397495462819
"472","AS",2,1,1,91,"AS_2_1_1_91","AS_2_1_1","Live",2002,2019,38.698209165,27,55.1540327464706,9.05844858267059,13.9397495462819
"473","AS",2,1,1,94,"AS_2_1_1_94","AS_2_1_1","Dead",2002,2013,43.788818535,63.4,55.6771321454545,9.05844858267059,13.9397495462819
"474","AS",2,1,1,95,"AS_2_1_1_95","AS_2_1_1","Dead",2002,2013,43.788818535,55.9,55.6771321454545,9.05844858267059,13.9397495462819
"475","AS",2,1,1,99,"AS_2_1_1_99","AS_2_1_1","Live",2002,2019,38.698209165,14.35,55.1540327464706,9.05844858267059,13.9397495462819
"476","AS",2,1,1,100,"AS_2_1_1_100","AS_2_1_1","Live",2002,2019,38.698209165,15.1,55.1540327464706,9.05844858267059,13.9397495462819
"477","AS",2,1,1,101,"AS_2_1_1_101","AS_2_1_1","Live",2002,2019,38.698209165,13.05,55.1540327464706,9.05844858267059,13.9397495462819
"478","AS",2,1,1,103,"AS_2_1_1_103","AS_2_1_1","Live",2002,2019,38.698209165,84.45,55.1540327464706,9.05844858267059,13.9397495462819
"479","AS",2,1,2,1,"AS_2_1_2_1","AS_2_1_2","Live",2002,2019,32.13185283,30.15,44.6848521788235,9.05844858267059,15.3698417597935
"480","AS",2,1,2,4,"AS_2_1_2_4","AS_2_1_2","Live",2002,2019,32.13185283,13.7,44.6848521788235,9.05844858267059,15.3698417597935
"481","AS",2,1,2,5,"AS_2_1_2_5","AS_2_1_2","Live",2002,2019,32.13185283,21.75,44.6848521788235,9.05844858267059,15.3698417597935
"482","AS",2,1,2,6,"AS_2_1_2_6","AS_2_1_2","Live",2002,2019,32.13185283,39.35,44.6848521788235,9.05844858267059,15.3698417597935
"483","AS",2,1,2,7,"AS_2_1_2_7","AS_2_1_2","Live",2002,2019,32.13185283,29.75,44.6848521788235,9.05844858267059,15.3698417597935
"484","AS",2,1,2,8,"AS_2_1_2_8","AS_2_1_2","Live",2002,2019,32.13185283,24.85,44.6848521788235,9.05844858267059,15.3698417597935
"485","AS",2,1,2,10,"AS_2_1_2_10","AS_2_1_2","Live",2002,2019,32.13185283,30.95,44.6848521788235,9.05844858267059,15.3698417597935
"486","AS",2,1,2,11,"AS_2_1_2_11","AS_2_1_2","Live",2002,2019,32.13185283,5.65,44.6848521788235,9.05844858267059,15.3698417597935
"487","AS",2,1,2,12,"AS_2_1_2_12","AS_2_1_2","Live",2002,2019,32.13185283,22.7,44.6848521788235,9.05844858267059,15.3698417597935
"488","AS",2,1,2,13,"AS_2_1_2_13","AS_2_1_2","Live",2002,2019,32.13185283,9.55,44.6848521788235,9.05844858267059,15.3698417597935
"489","AS",2,1,2,14,"AS_2_1_2_14","AS_2_1_2","Live",2002,2019,32.13185283,30.45,44.6848521788235,9.05844858267059,15.3698417597935
"490","AS",2,1,2,15,"AS_2_1_2_15","AS_2_1_2","Live",2002,2019,32.13185283,22.5,44.6848521788235,9.05844858267059,15.3698417597935
"491","AS",2,1,2,16,"AS_2_1_2_16","AS_2_1_2","Live",2002,2019,32.13185283,30.95,44.6848521788235,9.05844858267059,15.3698417597935
"492","AS",2,1,2,17,"AS_2_1_2_17","AS_2_1_2","Live",2002,2019,32.13185283,16.1,44.6848521788235,9.05844858267059,15.3698417597935
"493","AS",2,1,2,18,"AS_2_1_2_18","AS_2_1_2","Live",2002,2019,32.13185283,14.3,44.6848521788235,9.05844858267059,15.3698417597935
"494","AS",2,1,2,19,"AS_2_1_2_19","AS_2_1_2","Live",2002,2019,32.13185283,33.75,44.6848521788235,9.05844858267059,15.3698417597935
"495","AS",2,1,2,20,"AS_2_1_2_20","AS_2_1_2","Live",2002,2019,32.13185283,9.9,44.6848521788235,9.05844858267059,15.3698417597935
"496","AS",2,1,2,22,"AS_2_1_2_22","AS_2_1_2","Dead",2002,2019,32.13185283,7.05,44.6848521788235,9.05844858267059,15.3698417597935
"497","AS",2,1,2,23,"AS_2_1_2_23","AS_2_1_2","Live",2002,2019,32.13185283,9.2,44.6848521788235,9.05844858267059,15.3698417597935
"498","AS",2,1,2,25,"AS_2_1_2_25","AS_2_1_2","Live",2002,2019,32.13185283,24.25,44.6848521788235,9.05844858267059,15.3698417597935
"499","AS",2,1,2,26,"AS_2_1_2_26","AS_2_1_2","Live",2002,2019,32.13185283,11.05,44.6848521788235,9.05844858267059,15.3698417597935
"500","AS",2,1,2,27,"AS_2_1_2_27","AS_2_1_2","Live",2002,2019,32.13185283,20.1,44.6848521788235,9.05844858267059,15.3698417597935
"501","AS",2,1,2,28,"AS_2_1_2_28","AS_2_1_2","Live",2002,2019,32.13185283,10.05,44.6848521788235,9.05844858267059,15.3698417597935
"502","AS",2,1,2,29,"AS_2_1_2_29","AS_2_1_2","Live",2002,2019,32.13185283,9.75,44.6848521788235,9.05844858267059,15.3698417597935
"503","AS",2,1,2,31,"AS_2_1_2_31","AS_2_1_2","Live",2002,2019,32.13185283,15.65,44.6848521788235,9.05844858267059,15.3698417597935
"504","AS",2,1,2,33,"AS_2_1_2_33","AS_2_1_2","Live",2002,2019,32.13185283,22.05,44.6848521788235,9.05844858267059,15.3698417597935
"505","AS",2,1,2,37,"AS_2_1_2_37","AS_2_1_2","Live",2002,2019,32.13185283,10.4,44.6848521788235,9.05844858267059,15.3698417597935
"506","AS",2,1,2,39,"AS_2_1_2_39","AS_2_1_2","Dead",2002,2019,32.13185283,5.45,44.6848521788235,9.05844858267059,15.3698417597935
"507","AS",2,1,2,40,"AS_2_1_2_40","AS_2_1_2","Live",2002,2019,32.13185283,26.65,44.6848521788235,9.05844858267059,15.3698417597935
"508","AS",2,1,2,41,"AS_2_1_2_41","AS_2_1_2","Live",2002,2019,32.13185283,22.9,44.6848521788235,9.05844858267059,15.3698417597935
"509","AS",2,1,2,42,"AS_2_1_2_42","AS_2_1_2","Live",2002,2019,32.13185283,26.05,44.6848521788235,9.05844858267059,15.3698417597935
"510","AS",2,1,2,43,"AS_2_1_2_43","AS_2_1_2","Live",2002,2019,32.13185283,35.25,44.6848521788235,9.05844858267059,15.3698417597935
"511","AS",2,1,2,44,"AS_2_1_2_44","AS_2_1_2","Live",2002,2019,32.13185283,22.15,44.6848521788235,9.05844858267059,15.3698417597935
"512","AS",2,1,2,45,"AS_2_1_2_45","AS_2_1_2","Live",2002,2019,32.13185283,7.65,44.6848521788235,9.05844858267059,15.3698417597935
"513","AS",2,1,3,2,"AS_2_1_3_2","AS_2_1_3","Live",2002,2019,40.2131770425,5.35,47.6992458523529,9.05844858267059,15.4076636814065
"514","AS",2,1,3,3,"AS_2_1_3_3","AS_2_1_3","Live",2002,2019,40.2131770425,6.5,47.6992458523529,9.05844858267059,15.4076636814065
"515","AS",2,1,3,5,"AS_2_1_3_5","AS_2_1_3","Live",2002,2019,40.2131770425,29.9,47.6992458523529,9.05844858267059,15.4076636814065
"516","AS",2,1,3,8,"AS_2_1_3_8","AS_2_1_3","Live",2002,2019,40.2131770425,14,47.6992458523529,9.05844858267059,15.4076636814065
"517","AS",2,1,3,9,"AS_2_1_3_9","AS_2_1_3","Live",2002,2019,40.2131770425,16.9,47.6992458523529,9.05844858267059,15.4076636814065
"518","AS",2,1,3,10,"AS_2_1_3_10","AS_2_1_3","Live",2002,2013,38.25282846,7.6,47.8657342654545,9.05844858267059,15.4076636814065
"519","AS",2,1,3,11,"AS_2_1_3_11","AS_2_1_3","Live",2002,2019,40.2131770425,3.95,47.6992458523529,9.05844858267059,15.4076636814065
"520","AS",2,1,3,12,"AS_2_1_3_12","AS_2_1_3","Dead",2002,2019,40.2131770425,3.1,47.6992458523529,9.05844858267059,15.4076636814065
"521","AS",2,1,3,13,"AS_2_1_3_13","AS_2_1_3","Live",2002,2019,40.2131770425,6.3,47.6992458523529,9.05844858267059,15.4076636814065
"522","AS",2,1,3,14,"AS_2_1_3_14","AS_2_1_3","Live",2002,2019,40.2131770425,13.5,47.6992458523529,9.05844858267059,15.4076636814065
"523","AS",2,1,3,15,"AS_2_1_3_15","AS_2_1_3","Dead",2002,2013,38.25282846,2.7,47.8657342654545,9.05844858267059,15.4076636814065
"524","AS",2,1,3,16,"AS_2_1_3_16","AS_2_1_3","Dead",2002,2013,38.25282846,3.1,47.8657342654545,9.05844858267059,15.4076636814065
"525","AS",2,1,3,17,"AS_2_1_3_17","AS_2_1_3","Live",2002,2013,38.25282846,7.7,47.8657342654545,9.05844858267059,15.4076636814065
"526","AS",2,1,3,19,"AS_2_1_3_19","AS_2_1_3","Live",2002,2019,40.2131770425,6.5,47.6992458523529,9.05844858267059,15.4076636814065
"527","AS",2,1,3,20,"AS_2_1_3_20","AS_2_1_3","Dead",2002,2013,38.25282846,7.5,47.8657342654545,9.05844858267059,15.4076636814065
"528","AS",2,1,3,21,"AS_2_1_3_21","AS_2_1_3","Live",2002,2019,40.2131770425,9.65,47.6992458523529,9.05844858267059,15.4076636814065
"529","AS",2,1,3,22,"AS_2_1_3_22","AS_2_1_3","Live",2002,2019,40.2131770425,5.05,47.6992458523529,9.05844858267059,15.4076636814065
"530","AS",2,1,3,26,"AS_2_1_3_26","AS_2_1_3","Live",2002,2019,40.2131770425,17.75,47.6992458523529,9.05844858267059,15.4076636814065
"531","AS",2,1,3,28,"AS_2_1_3_28","AS_2_1_3","Dead",2002,2019,40.2131770425,3.75,47.6992458523529,9.05844858267059,15.4076636814065
"532","AS",2,1,3,29,"AS_2_1_3_29","AS_2_1_3","Live",2002,2019,40.2131770425,1.85,47.6992458523529,9.05844858267059,15.4076636814065
"533","AS",2,1,3,30,"AS_2_1_3_30","AS_2_1_3","Live",2002,2019,40.2131770425,15.6,47.6992458523529,9.05844858267059,15.4076636814065
"534","AS",2,1,3,31,"AS_2_1_3_31","AS_2_1_3","Live",2002,2019,40.2131770425,4.65,47.6992458523529,9.05844858267059,15.4076636814065
"535","AS",2,1,3,32,"AS_2_1_3_32","AS_2_1_3","Live",2002,2019,40.2131770425,6.65,47.6992458523529,9.05844858267059,15.4076636814065
"536","AS",2,1,3,33,"AS_2_1_3_33","AS_2_1_3","Live",2002,2019,40.2131770425,4.55,47.6992458523529,9.05844858267059,15.4076636814065
"537","AS",2,1,3,34,"AS_2_1_3_34","AS_2_1_3","Live",2002,2019,40.2131770425,4.2,47.6992458523529,9.05844858267059,15.4076636814065
"538","AS",2,1,3,35,"AS_2_1_3_35","AS_2_1_3","Live",2002,2019,40.2131770425,21.25,47.6992458523529,9.05844858267059,15.4076636814065
"539","AS",2,1,3,36,"AS_2_1_3_36","AS_2_1_3","Live",2002,2019,40.2131770425,2.8,47.6992458523529,9.05844858267059,15.4076636814065
"540","AS",2,1,3,39,"AS_2_1_3_39","AS_2_1_3","Live",2002,2019,40.2131770425,11.35,47.6992458523529,9.05844858267059,15.4076636814065
"541","AS",2,1,3,40,"AS_2_1_3_40","AS_2_1_3","Dead",2002,2013,38.25282846,5.3,47.8657342654545,9.05844858267059,15.4076636814065
"542","AS",2,1,3,42,"AS_2_1_3_42","AS_2_1_3","Live",2002,2019,40.2131770425,6.15,47.6992458523529,9.05844858267059,15.4076636814065
"543","AS",2,1,3,43,"AS_2_1_3_43","AS_2_1_3","Dead",2002,2013,38.25282846,2.9,47.8657342654545,9.05844858267059,15.4076636814065
"544","AS",2,1,3,44,"AS_2_1_3_44","AS_2_1_3","Live",2002,2019,40.2131770425,10.25,47.6992458523529,9.05844858267059,15.4076636814065
"545","AS",2,1,3,45,"AS_2_1_3_45","AS_2_1_3","Live",2002,2019,40.2131770425,21.2,47.6992458523529,9.05844858267059,15.4076636814065
"546","AS",2,1,3,46,"AS_2_1_3_46","AS_2_1_3","Live",2002,2019,40.2131770425,6.9,47.6992458523529,9.05844858267059,15.4076636814065
"547","AS",2,1,3,47,"AS_2_1_3_47","AS_2_1_3","Live",2002,2019,40.2131770425,3.4,47.6992458523529,9.05844858267059,15.4076636814065
"548","AS",2,1,3,49,"AS_2_1_3_49","AS_2_1_3","Dead",2002,2013,38.25282846,5.5,47.8657342654545,9.05844858267059,15.4076636814065
"549","AS",2,1,3,50,"AS_2_1_3_50","AS_2_1_3","Live",2002,2019,40.2131770425,8.75,47.6992458523529,9.05844858267059,15.4076636814065
"550","AS",2,1,3,51,"AS_2_1_3_51","AS_2_1_3","Dead",2002,2013,38.25282846,17.5,47.8657342654545,9.05844858267059,15.4076636814065
"551","AS",2,1,3,52,"AS_2_1_3_52","AS_2_1_3","Live",2002,2019,40.2131770425,40.1,47.6992458523529,9.05844858267059,15.4076636814065
"552","AS",2,1,3,53,"AS_2_1_3_53","AS_2_1_3","Live",2002,2019,40.2131770425,34.1,47.6992458523529,9.05844858267059,15.4076636814065
"553","AS",2,1,3,54,"AS_2_1_3_54","AS_2_1_3","Live",2002,2019,40.2131770425,1.65,47.6992458523529,9.05844858267059,15.4076636814065
"554","AS",2,1,3,55,"AS_2_1_3_55","AS_2_1_3","Live",2002,2019,40.2131770425,8.1,47.6992458523529,9.05844858267059,15.4076636814065
"555","AS",2,1,3,56,"AS_2_1_3_56","AS_2_1_3","Live",2002,2019,40.2131770425,5.75,47.6992458523529,9.05844858267059,15.4076636814065
"556","AS",2,1,3,57,"AS_2_1_3_57","AS_2_1_3","Live",2002,2019,40.2131770425,14.9,47.6992458523529,9.05844858267059,15.4076636814065
"557","AS",2,1,3,58,"AS_2_1_3_58","AS_2_1_3","Dead",2002,2013,38.25282846,14.4,47.8657342654545,9.05844858267059,15.4076636814065
"558","AS",2,1,3,59,"AS_2_1_3_59","AS_2_1_3","Live",2002,2019,40.2131770425,34.05,47.6992458523529,9.05844858267059,15.4076636814065
"559","AS",2,1,3,63,"AS_2_1_3_63","AS_2_1_3","Live",2002,2019,40.2131770425,19.65,47.6992458523529,9.05844858267059,15.4076636814065
"560","AS",2,1,3,64,"AS_2_1_3_64","AS_2_1_3","Live",2002,2019,40.2131770425,10.95,47.6992458523529,9.05844858267059,15.4076636814065
"561","AS",2,1,3,65,"AS_2_1_3_65","AS_2_1_3","Live",2002,2019,40.2131770425,11.15,47.6992458523529,9.05844858267059,15.4076636814065
"562","AS",2,1,3,66,"AS_2_1_3_66","AS_2_1_3","Live",2002,2019,40.2131770425,21.8,47.6992458523529,9.05844858267059,15.4076636814065
"563","AS",2,1,3,68,"AS_2_1_3_68","AS_2_1_3","Live",2002,2019,40.2131770425,19.8,47.6992458523529,9.05844858267059,15.4076636814065
"564","AS",2,1,3,70,"AS_2_1_3_70","AS_2_1_3","Live",2002,2019,40.2131770425,18.7,47.6992458523529,9.05844858267059,15.4076636814065
"565","AS",2,1,3,71,"AS_2_1_3_71","AS_2_1_3","Live",2002,2019,40.2131770425,34.45,47.6992458523529,9.05844858267059,15.4076636814065
"566","AS",2,1,3,72,"AS_2_1_3_72","AS_2_1_3","Live",2002,2019,40.2131770425,19.85,47.6992458523529,9.05844858267059,15.4076636814065
"567","AS",2,1,3,73,"AS_2_1_3_73","AS_2_1_3","Live",2002,2019,40.2131770425,20.95,47.6992458523529,9.05844858267059,15.4076636814065
"568","AS",2,1,3,74,"AS_2_1_3_74","AS_2_1_3","Live",2002,2019,40.2131770425,34.5,47.6992458523529,9.05844858267059,15.4076636814065
"569","AS",2,1,3,75,"AS_2_1_3_75","AS_2_1_3","Live",2002,2019,40.2131770425,15.8,47.6992458523529,9.05844858267059,15.4076636814065
"570","AS",2,1,3,77,"AS_2_1_3_77","AS_2_1_3","Live",2002,2019,40.2131770425,5.35,47.6992458523529,9.05844858267059,15.4076636814065
"571","AS",2,1,3,78,"AS_2_1_3_78","AS_2_1_3","Live",2002,2019,40.2131770425,25.65,47.6992458523529,9.05844858267059,15.4076636814065
"572","AS",2,1,3,83,"AS_2_1_3_83","AS_2_1_3","Live",2002,2019,40.2131770425,14.25,47.6992458523529,9.05844858267059,15.4076636814065
"573","AS",2,1,3,84,"AS_2_1_3_84","AS_2_1_3","Live",2002,2019,40.2131770425,12.45,47.6992458523529,9.05844858267059,15.4076636814065
"574","AS",2,1,3,85,"AS_2_1_3_85","AS_2_1_3","Live",2002,2019,40.2131770425,17.55,47.6992458523529,9.05844858267059,15.4076636814065
"575","AS",2,1,3,87,"AS_2_1_3_87","AS_2_1_3","Live",2002,2019,40.2131770425,1.9,47.6992458523529,9.05844858267059,15.4076636814065
"576","AS",2,1,3,88,"AS_2_1_3_88","AS_2_1_3","Live",2002,2019,40.2131770425,10.95,47.6992458523529,9.05844858267059,15.4076636814065
"577","AS",2,1,3,89,"AS_2_1_3_89","AS_2_1_3","Live",2002,2019,40.2131770425,36.05,47.6992458523529,9.05844858267059,15.4076636814065
"578","AS",2,1,3,90,"AS_2_1_3_90","AS_2_1_3","Live",2002,2019,40.2131770425,14.2,47.6992458523529,9.05844858267059,15.4076636814065
"579","AS",2,1,3,91,"AS_2_1_3_91","AS_2_1_3","Live",2002,2019,40.2131770425,31.9,47.6992458523529,9.05844858267059,15.4076636814065
"580","AS",2,1,3,93,"AS_2_1_3_93","AS_2_1_3","Live",2002,2019,40.2131770425,9.35,47.6992458523529,9.05844858267059,15.4076636814065
"581","AS",2,1,3,94,"AS_2_1_3_94","AS_2_1_3","Dead",2002,2019,40.2131770425,6.1,47.6992458523529,9.05844858267059,15.4076636814065
"582","AS",2,1,3,95,"AS_2_1_3_95","AS_2_1_3","Live",2002,2019,40.2131770425,9.7,47.6992458523529,9.05844858267059,15.4076636814065
"583","AS",2,1,3,96,"AS_2_1_3_96","AS_2_1_3","Live",2002,2019,40.2131770425,9.95,47.6992458523529,9.05844858267059,15.4076636814065
"584","AS",2,1,3,97,"AS_2_1_3_97","AS_2_1_3","Live",2002,2019,40.2131770425,5.85,47.6992458523529,9.05844858267059,15.4076636814065
"585","AS",2,1,3,98,"AS_2_1_3_98","AS_2_1_3","Dead",2002,2013,38.25282846,10.7,47.8657342654545,9.05844858267059,15.4076636814065
"586","AS",2,1,3,99,"AS_2_1_3_99","AS_2_1_3","Live",2002,2019,40.2131770425,5.35,47.6992458523529,9.05844858267059,15.4076636814065
"587","AS",2,1,3,100,"AS_2_1_3_100","AS_2_1_3","Live",2002,2019,40.2131770425,10.35,47.6992458523529,9.05844858267059,15.4076636814065
"588","AS",2,1,3,101,"AS_2_1_3_101","AS_2_1_3","Live",2002,2019,40.2131770425,8.1,47.6992458523529,9.05844858267059,15.4076636814065
"589","AS",2,1,3,104,"AS_2_1_3_104","AS_2_1_3","Live",2002,2019,40.2131770425,11.1,47.6992458523529,9.05844858267059,15.4076636814065
"590","AS",2,1,3,105,"AS_2_1_3_105","AS_2_1_3","Live",2002,2019,40.2131770425,10.95,47.6992458523529,9.05844858267059,15.4076636814065
"591","AS",2,1,3,108,"AS_2_1_3_108","AS_2_1_3","Live",2002,2019,40.2131770425,20.25,47.6992458523529,9.05844858267059,15.4076636814065
"592","AS",2,1,3,110,"AS_2_1_3_110","AS_2_1_3","Live",2002,2019,40.2131770425,9.05,47.6992458523529,9.05844858267059,15.4076636814065
"593","AS",2,1,3,113,"AS_2_1_3_113","AS_2_1_3","Live",2002,2019,40.2131770425,9.15,47.6992458523529,9.05844858267059,15.4076636814065
"594","AS",2,1,3,114,"AS_2_1_3_114","AS_2_1_3","Live",2002,2019,40.2131770425,9.15,47.6992458523529,9.05844858267059,15.4076636814065
"595","AS",2,1,3,117,"AS_2_1_3_117","AS_2_1_3","Live",2002,2019,40.2131770425,13.6,47.6992458523529,9.05844858267059,15.4076636814065
"596","AS",2,1,3,119,"AS_2_1_3_119","AS_2_1_3","Live",2002,2019,40.2131770425,20.05,47.6992458523529,9.05844858267059,15.4076636814065
"597","AS",2,1,3,121,"AS_2_1_3_121","AS_2_1_3","Live",2002,2019,40.2131770425,10,47.6992458523529,9.05844858267059,15.4076636814065
"598","AS",2,1,3,122,"AS_2_1_3_122","AS_2_1_3","Live",2002,2019,40.2131770425,12.4,47.6992458523529,9.05844858267059,15.4076636814065
"599","AS",2,1,3,123,"AS_2_1_3_123","AS_2_1_3","Live",2002,2019,40.2131770425,10.25,47.6992458523529,9.05844858267059,15.4076636814065
"600","AS",2,1,3,124,"AS_2_1_3_124","AS_2_1_3","Dead",2013,2019,42.173525625,1,47.394017095,8.26652347113206,59.52061188165
"601","AS",2,1,4,1,"AS_2_1_4_1","AS_2_1_4","Live",2002,2019,29.9697350946374,28.9,48.8793517394118,9.05844858267059,18.5362209221875
"602","AS",2,1,4,2,"AS_2_1_4_2","AS_2_1_4","Live",2002,2019,29.9697350946374,12.2,48.8793517394118,9.05844858267059,18.5362209221875
"603","AS",2,1,4,3,"AS_2_1_4_3","AS_2_1_4","Live",2002,2019,29.9697350946374,16.5,48.8793517394118,9.05844858267059,18.5362209221875
"604","AS",2,1,4,4,"AS_2_1_4_4","AS_2_1_4","Live",2002,2019,29.9697350946374,23.3,48.8793517394118,9.05844858267059,18.5362209221875
"605","AS",2,1,4,5,"AS_2_1_4_5","AS_2_1_4","Dead",2002,2019,29.9697350946374,5.25,48.8793517394118,9.05844858267059,18.5362209221875
"606","AS",2,1,4,6,"AS_2_1_4_6","AS_2_1_4","Live",2002,2019,29.9697350946374,8.05,48.8793517394118,9.05844858267059,18.5362209221875
"607","AS",2,1,4,7,"AS_2_1_4_7","AS_2_1_4","Live",2002,2019,29.9697350946374,9.25,48.8793517394118,9.05844858267059,18.5362209221875
"608","AS",2,1,4,8,"AS_2_1_4_8","AS_2_1_4","Live",2002,2019,29.9697350946374,16.25,48.8793517394118,9.05844858267059,18.5362209221875
"609","AS",2,1,4,9,"AS_2_1_4_9","AS_2_1_4","Live",2002,2019,29.9697350946374,15.15,48.8793517394118,9.05844858267059,18.5362209221875
"610","AS",2,1,4,10,"AS_2_1_4_10","AS_2_1_4","Live",2002,2019,29.9697350946374,42.05,48.8793517394118,9.05844858267059,18.5362209221875
"611","AS",2,1,4,14,"AS_2_1_4_14","AS_2_1_4","Live",2002,2019,29.9697350946374,30.8,48.8793517394118,9.05844858267059,18.5362209221875
"612","AS",2,1,4,15,"AS_2_1_4_15","AS_2_1_4","Live",2002,2019,29.9697350946374,23.2,48.8793517394118,9.05844858267059,18.5362209221875
"613","AS",2,1,4,16,"AS_2_1_4_16","AS_2_1_4","Live",2002,2019,29.9697350946374,22.65,48.8793517394118,9.05844858267059,18.5362209221875
"614","AS",2,1,4,17,"AS_2_1_4_17","AS_2_1_4","Live",2002,2019,29.9697350946374,21.65,48.8793517394118,9.05844858267059,18.5362209221875
"615","AS",2,1,4,18,"AS_2_1_4_18","AS_2_1_4","Live",2002,2019,29.9697350946374,26.8,48.8793517394118,9.05844858267059,18.5362209221875
"616","AS",2,1,4,19,"AS_2_1_4_19","AS_2_1_4","Live",2002,2019,29.9697350946374,16.9,48.8793517394118,9.05844858267059,18.5362209221875
"617","AS",2,1,4,20,"AS_2_1_4_20","AS_2_1_4","Live",2002,2019,29.9697350946374,4.45,48.8793517394118,9.05844858267059,18.5362209221875
"618","AS",2,1,4,21,"AS_2_1_4_21","AS_2_1_4","Live",2002,2013,27.5497703892553,1.8,48.3251391454545,9.05844858267059,18.5362209221875
"619","AS",2,1,4,22,"AS_2_1_4_22","AS_2_1_4","Live",2002,2019,29.9697350946374,18.7,48.8793517394118,9.05844858267059,18.5362209221875
"620","AS",2,1,4,23,"AS_2_1_4_23","AS_2_1_4","Live",2002,2019,29.9697350946374,34.75,48.8793517394118,9.05844858267059,18.5362209221875
"621","AS",2,1,4,24,"AS_2_1_4_24","AS_2_1_4","Live",2002,2019,29.9697350946374,13.10118,48.8793517394118,9.05844858267059,18.5362209221875
"622","AS",2,1,4,25,"AS_2_1_4_25","AS_2_1_4","Live",2002,2019,29.9697350946374,13.35,48.8793517394118,9.05844858267059,18.5362209221875
"623","AS",2,1,4,26,"AS_2_1_4_26","AS_2_1_4","Live",2002,2019,29.9697350946374,26.35,48.8793517394118,9.05844858267059,18.5362209221875
"624","AS",2,1,4,27,"AS_2_1_4_27","AS_2_1_4","Live",2002,2019,29.9697350946374,8.35,48.8793517394118,9.05844858267059,18.5362209221875
"625","AS",2,1,4,28,"AS_2_1_4_28","AS_2_1_4","Live",2002,2019,29.9697350946374,33.6,48.8793517394118,9.05844858267059,18.5362209221875
"626","AS",2,1,4,29,"AS_2_1_4_29","AS_2_1_4","Live",2002,2019,29.9697350946374,11.15,48.8793517394118,9.05844858267059,18.5362209221875
"627","AS",2,1,4,30,"AS_2_1_4_30","AS_2_1_4","Live",2002,2019,29.9697350946374,11.35,48.8793517394118,9.05844858267059,18.5362209221875
"628","AS",2,1,4,32,"AS_2_1_4_32","AS_2_1_4","Live",2002,2019,29.9697350946374,12.4,48.8793517394118,9.05844858267059,18.5362209221875
"629","AS",2,1,4,34,"AS_2_1_4_34","AS_2_1_4","Dead",2002,2019,29.9697350946374,18.05,48.8793517394118,9.05844858267059,18.5362209221875
"630","AS",2,1,4,35,"AS_2_1_4_35","AS_2_1_4","Dead",2002,2019,29.9697350946374,13.15,48.8793517394118,9.05844858267059,18.5362209221875
"631","AS",2,1,4,36,"AS_2_1_4_36","AS_2_1_4","Dead",2002,2019,29.9697350946374,17.55,48.8793517394118,9.05844858267059,18.5362209221875
"632","AS",2,1,4,37,"AS_2_1_4_37","AS_2_1_4","Live",2002,2019,29.9697350946374,10.35,48.8793517394118,9.05844858267059,18.5362209221875
"633","AS",2,1,4,38,"AS_2_1_4_38","AS_2_1_4","Live",2002,2019,29.9697350946374,26.85,48.8793517394118,9.05844858267059,18.5362209221875
"634","AS",2,1,4,39,"AS_2_1_4_39","AS_2_1_4","Live",2002,2019,29.9697350946374,12.75,48.8793517394118,9.05844858267059,18.5362209221875
"635","AS",2,1,4,40,"AS_2_1_4_40","AS_2_1_4","Dead",2002,2013,27.5497703892553,15.5,48.3251391454545,9.05844858267059,18.5362209221875
"636","AS",2,1,4,41,"AS_2_1_4_41","AS_2_1_4","Live",2002,2019,29.9697350946374,17.85,48.8793517394118,9.05844858267059,18.5362209221875
"637","AS",2,1,4,42,"AS_2_1_4_42","AS_2_1_4","Live",2002,2019,29.9697350946374,12.6,48.8793517394118,9.05844858267059,18.5362209221875
"638","AS",2,1,4,43,"AS_2_1_4_43","AS_2_1_4","Live",2002,2019,29.9697350946374,21.05,48.8793517394118,9.05844858267059,18.5362209221875
"639","AS",2,1,4,44,"AS_2_1_4_44","AS_2_1_4","Live",2002,2019,29.9697350946374,11.6,48.8793517394118,9.05844858267059,18.5362209221875
"640","AS",2,1,5,1,"AS_2_1_5_1","AS_2_1_5","Dead",2002,2019,29.8159340325,2.9,47.7238895541176,9.05844858267059,18.3185036804468
"641","AS",2,1,5,3,"AS_2_1_5_3","AS_2_1_5","Live",2002,2019,29.8159340325,12.15,47.7238895541176,9.05844858267059,18.3185036804468
"642","AS",2,1,5,4,"AS_2_1_5_4","AS_2_1_5","Live",2002,2019,29.8159340325,19.2,47.7238895541176,9.05844858267059,18.3185036804468
"643","AS",2,1,5,7,"AS_2_1_5_7","AS_2_1_5","Dead",2002,2019,29.8159340325,9.4,47.7238895541176,9.05844858267059,18.3185036804468
"644","AS",2,1,5,16,"AS_2_1_5_16","AS_2_1_5","Live",2002,2019,29.8159340325,11.2,47.7238895541176,9.05844858267059,18.3185036804468
"645","AS",2,1,5,20,"AS_2_1_5_20","AS_2_1_5","Dead",2002,2019,29.8159340325,12.45,47.7238895541176,9.05844858267059,18.3185036804468
"646","AS",2,1,5,22,"AS_2_1_5_22","AS_2_1_5","Live",2002,2019,29.8159340325,12.25,47.7238895541176,9.05844858267059,18.3185036804468
"647","AS",2,1,5,23,"AS_2_1_5_23","AS_2_1_5","Live",2002,2019,29.8159340325,21.1,47.7238895541176,9.05844858267059,18.3185036804468
"648","AS",2,1,5,24,"AS_2_1_5_24","AS_2_1_5","Live",2002,2019,29.8159340325,11.05,47.7238895541176,9.05844858267059,18.3185036804468
"649","AS",2,1,5,25,"AS_2_1_5_25","AS_2_1_5","Live",2002,2019,29.8159340325,13.4,47.7238895541176,9.05844858267059,18.3185036804468
"650","AS",2,1,5,29,"AS_2_1_5_29","AS_2_1_5","Live",2002,2019,29.8159340325,9.25,47.7238895541176,9.05844858267059,18.3185036804468
"651","AS",2,1,5,30,"AS_2_1_5_30","AS_2_1_5","Live",2002,2019,29.8159340325,16.05,47.7238895541176,9.05844858267059,18.3185036804468
"652","AS",2,1,5,31,"AS_2_1_5_31","AS_2_1_5","Live",2002,2019,29.8159340325,8,47.7238895541176,9.05844858267059,18.3185036804468
"653","AS",2,1,5,32,"AS_2_1_5_32","AS_2_1_5","Live",2002,2019,29.8159340325,23.05,47.7238895541176,9.05844858267059,18.3185036804468
"654","AS",2,1,5,33,"AS_2_1_5_33","AS_2_1_5","Live",2002,2019,29.8159340325,13.85,47.7238895541176,9.05844858267059,18.3185036804468
"655","AS",2,1,5,34,"AS_2_1_5_34","AS_2_1_5","Live",2002,2019,29.8159340325,9.35,47.7238895541176,9.05844858267059,18.3185036804468
"656","AS",2,1,5,36,"AS_2_1_5_36","AS_2_1_5","Live",2002,2019,29.8159340325,25.05,47.7238895541176,9.05844858267059,18.3185036804468
"657","AS",2,1,5,37,"AS_2_1_5_37","AS_2_1_5","Dead",2002,2019,29.8159340325,6.1,47.7238895541176,9.05844858267059,18.3185036804468
"658","AS",2,1,5,45,"AS_2_1_5_45","AS_2_1_5","Live",2002,2019,29.8159340325,8.15,47.7238895541176,9.05844858267059,18.3185036804468
"659","AS",2,1,5,46,"AS_2_1_5_46","AS_2_1_5","Live",2002,2019,29.8159340325,16.2,47.7238895541176,9.05844858267059,18.3185036804468
"660","AS",2,1,5,47,"AS_2_1_5_47","AS_2_1_5","Dead",2002,2019,29.8159340325,5,47.7238895541176,9.05844858267059,18.3185036804468
"661","AS",2,1,5,49,"AS_2_1_5_49","AS_2_1_5","Live",2002,2019,29.8159340325,6.9,47.7238895541176,9.05844858267059,18.3185036804468
"662","AS",2,1,5,58,"AS_2_1_5_58","AS_2_1_5","Live",2002,2019,29.8159340325,9.15,47.7238895541176,9.05844858267059,18.3185036804468
"663","AS",2,1,5,59,"AS_2_1_5_59","AS_2_1_5","Dead",2002,2019,29.8159340325,7,47.7238895541176,9.05844858267059,18.3185036804468
"664","AS",2,1,5,62,"AS_2_1_5_62","AS_2_1_5","Live",2002,2019,29.8159340325,9,47.7238895541176,9.05844858267059,18.3185036804468
"665","AS",2,1,5,63,"AS_2_1_5_63","AS_2_1_5","Live",2002,2019,29.8159340325,13.25,47.7238895541176,9.05844858267059,18.3185036804468
"666","AS",2,1,5,64,"AS_2_1_5_64","AS_2_1_5","Live",2002,2019,29.8159340325,8.9,47.7238895541176,9.05844858267059,18.3185036804468
"667","AS",2,1,5,66,"AS_2_1_5_66","AS_2_1_5","Live",2002,2019,29.8159340325,5.3,47.7238895541176,9.05844858267059,18.3185036804468
"668","AS",2,1,5,67,"AS_2_1_5_67","AS_2_1_5","Live",2002,2019,29.8159340325,6.35,47.7238895541176,9.05844858267059,18.3185036804468
"669","AS",2,1,5,68,"AS_2_1_5_68","AS_2_1_5","Live",2002,2019,29.8159340325,13.7,47.7238895541176,9.05844858267059,18.3185036804468
"670","AS",2,1,5,69,"AS_2_1_5_69","AS_2_1_5","Live",2002,2019,29.8159340325,5.9,47.7238895541176,9.05844858267059,18.3185036804468
"671","AS",2,1,5,71,"AS_2_1_5_71","AS_2_1_5","Live",2002,2019,29.8159340325,4.8,47.7238895541176,9.05844858267059,18.3185036804468
"672","AS",2,1,5,72,"AS_2_1_5_72","AS_2_1_5","Dead",2002,2019,29.8159340325,10.25,47.7238895541176,9.05844858267059,18.3185036804468
"673","AS",2,1,5,73,"AS_2_1_5_73","AS_2_1_5","Live",2002,2019,29.8159340325,6.2,47.7238895541176,9.05844858267059,18.3185036804468
"674","AS",2,1,5,74,"AS_2_1_5_74","AS_2_1_5","Live",2002,2019,29.8159340325,7,47.7238895541176,9.05844858267059,18.3185036804468
"675","AS",2,1,5,75,"AS_2_1_5_75","AS_2_1_5","Live",2002,2019,29.8159340325,11.5,47.7238895541176,9.05844858267059,18.3185036804468
"676","AS",2,1,5,77,"AS_2_1_5_77","AS_2_1_5","Live",2002,2019,29.8159340325,16.3,47.7238895541176,9.05844858267059,18.3185036804468
"677","AS",2,1,5,78,"AS_2_1_5_78","AS_2_1_5","Live",2002,2019,29.8159340325,17.1,47.7238895541176,9.05844858267059,18.3185036804468
"678","AS",2,1,5,79,"AS_2_1_5_79","AS_2_1_5","Live",2002,2019,29.8159340325,18,47.7238895541176,9.05844858267059,18.3185036804468
"679","AS",2,1,5,80,"AS_2_1_5_80","AS_2_1_5","Live",2002,2019,29.8159340325,6.15,47.7238895541176,9.05844858267059,18.3185036804468
"680","AS",2,1,5,83,"AS_2_1_5_83","AS_2_1_5","Dead",2002,2013,27.9331437,17.2,49.7439703145455,9.05844858267059,18.3185036804468
"681","AS",2,1,5,85,"AS_2_1_5_85","AS_2_1_5","Live",2002,2019,29.8159340325,9.85,47.7238895541176,9.05844858267059,18.3185036804468
"682","AS",2,1,5,86,"AS_2_1_5_86","AS_2_1_5","Live",2002,2019,29.8159340325,12.45,47.7238895541176,9.05844858267059,18.3185036804468
"683","AS",2,1,5,91,"AS_2_1_5_91","AS_2_1_5","Live",2002,2019,29.8159340325,10.2,47.7238895541176,9.05844858267059,18.3185036804468
"684","AS",2,1,5,92,"AS_2_1_5_92","AS_2_1_5","Live",2002,2019,29.8159340325,7.85,47.7238895541176,9.05844858267059,18.3185036804468
"685","AS",2,1,5,93,"AS_2_1_5_93","AS_2_1_5","Live",2002,2019,29.8159340325,21.5,47.7238895541176,9.05844858267059,18.3185036804468
"686","AS",2,1,5,94,"AS_2_1_5_94","AS_2_1_5","Live",2002,2019,29.8159340325,23.35,47.7238895541176,9.05844858267059,18.3185036804468
"687","AS",2,1,5,96,"AS_2_1_5_96","AS_2_1_5","Live",2002,2019,29.8159340325,19.5,47.7238895541176,9.05844858267059,18.3185036804468
"688","AS",2,1,5,98,"AS_2_1_5_98","AS_2_1_5","Live",2002,2019,29.8159340325,8.4,47.7238895541176,9.05844858267059,18.3185036804468
"689","AS",2,1,5,99,"AS_2_1_5_99","AS_2_1_5","Live",2002,2019,29.8159340325,15,47.7238895541176,9.05844858267059,18.3185036804468
"690","AS",2,1,5,100,"AS_2_1_5_100","AS_2_1_5","Dead",2002,2019,29.8159340325,9.4,47.7238895541176,9.05844858267059,18.3185036804468
"691","AS",2,1,5,101,"AS_2_1_5_101","AS_2_1_5","Live",2002,2019,29.8159340325,9,47.7238895541176,9.05844858267059,18.3185036804468
"692","AS",2,1,5,102,"AS_2_1_5_102","AS_2_1_5","Dead",2002,2019,29.8159340325,11.75,47.7238895541176,9.05844858267059,18.3185036804468
"693","AS",2,1,5,105,"AS_2_1_5_105","AS_2_1_5","Dead",2002,2013,27.9331437,17.1,49.7439703145455,9.05844858267059,18.3185036804468
"694","AS",2,1,5,108,"AS_2_1_5_108","AS_2_1_5","Live",2002,2019,29.8159340325,17.9,47.7238895541176,9.05844858267059,18.3185036804468
"695","AS",2,1,5,109,"AS_2_1_5_109","AS_2_1_5","Dead",2002,2013,27.9331437,10.5,49.7439703145455,9.05844858267059,18.3185036804468
"696","AS",2,1,5,115,"AS_2_1_5_115","AS_2_1_5","Dead",2002,2019,29.8159340325,11,47.7238895541176,9.05844858267059,18.3185036804468
"697","AS",2,1,5,116,"AS_2_1_5_116","AS_2_1_5","Dead",2002,2019,29.8159340325,9,47.7238895541176,9.05844858267059,18.3185036804468
"698","AS",2,1,5,121,"AS_2_1_5_121","AS_2_1_5","Live",2002,2019,29.8159340325,9.2,47.7238895541176,9.05844858267059,18.3185036804468
"699","AS",2,1,5,123,"AS_2_1_5_123","AS_2_1_5","Live",2002,2019,29.8159340325,30.95,47.7238895541176,9.05844858267059,18.3185036804468
"700","AS",2,1,5,127,"AS_2_1_5_127","AS_2_1_5","Live",2002,2019,29.8159340325,13.75,47.7238895541176,9.05844858267059,18.3185036804468
"701","AS",2,1,5,128,"AS_2_1_5_128","AS_2_1_5","Live",2002,2019,29.8159340325,22.4,47.7238895541176,9.05844858267059,18.3185036804468
"702","AS",2,1,5,129,"AS_2_1_5_129","AS_2_1_5","Live",2002,2019,29.8159340325,5.9,47.7238895541176,9.05844858267059,18.3185036804468
"703","AS",2,1,5,136,"AS_2_1_5_136","AS_2_1_5","Live",2002,2019,29.8159340325,6.65,47.7238895541176,9.05844858267059,18.3185036804468
"704","AS",2,1,5,138,"AS_2_1_5_138","AS_2_1_5","Live",2002,2019,29.8159340325,7.1,47.7238895541176,9.05844858267059,18.3185036804468
"705","AS",2,1,5,139,"AS_2_1_5_139","AS_2_1_5","Live",2002,2019,29.8159340325,15.85,47.7238895541176,9.05844858267059,18.3185036804468
"706","AS",2,1,5,140,"AS_2_1_5_140","AS_2_1_5","Dead",2002,2019,29.8159340325,19.75,47.7238895541176,9.05844858267059,18.3185036804468
"707","AS",2,1,5,141,"AS_2_1_5_141","AS_2_1_5","Dead",2002,2019,29.8159340325,18,47.7238895541176,9.05844858267059,18.3185036804468
"708","AS",2,1,5,142,"AS_2_1_5_142","AS_2_1_5","Live",2002,2019,29.8159340325,11.3,47.7238895541176,9.05844858267059,18.3185036804468
"709","AS",2,1,5,143,"AS_2_1_5_143","AS_2_1_5","Live",2002,2019,29.8159340325,13.9,47.7238895541176,9.05844858267059,18.3185036804468
"710","AS",2,1,5,146,"AS_2_1_5_146","AS_2_1_5","Live",2002,2019,29.8159340325,7.5,47.7238895541176,9.05844858267059,18.3185036804468
"711","AS",2,1,5,147,"AS_2_1_5_147","AS_2_1_5","Live",2002,2019,29.8159340325,13.85,47.7238895541176,9.05844858267059,18.3185036804468
"712","AS",2,1,5,149,"AS_2_1_5_149","AS_2_1_5","Live",2002,2019,29.8159340325,9.95,47.7238895541176,9.05844858267059,18.3185036804468
"713","AS",2,1,5,156,"AS_2_1_5_156","AS_2_1_5","Dead",2002,2019,29.8159340325,3.85,47.7238895541176,9.05844858267059,18.3185036804468
"714","AS",2,1,5,159,"AS_2_1_5_159","AS_2_1_5","Live",2002,2019,29.8159340325,11.25,47.7238895541176,9.05844858267059,18.3185036804468
"715","AS",2,1,5,162,"AS_2_1_5_162","AS_2_1_5","Dead",2002,2019,29.8159340325,4.55,47.7238895541176,9.05844858267059,18.3185036804468
"716","AS",2,1,5,163,"AS_2_1_5_163","AS_2_1_5","Dead",2002,2019,29.8159340325,5.4,47.7238895541176,9.05844858267059,18.3185036804468
"717","AS",2,1,5,164,"AS_2_1_5_164","AS_2_1_5","Live",2002,2013,27.9331437,4,49.7439703145455,9.05844858267059,18.3185036804468
"718","AS",2,1,5,165,"AS_2_1_5_165","AS_2_1_5","Dead",2002,2019,29.8159340325,7.1,47.7238895541176,9.05844858267059,18.3185036804468
"719","AS",2,1,5,168,"AS_2_1_5_168","AS_2_1_5","Live",2002,2019,29.8159340325,12.15,47.7238895541176,9.05844858267059,18.3185036804468
"720","AS",2,1,5,170,"AS_2_1_5_170","AS_2_1_5","Live",2002,2019,29.8159340325,5.1,47.7238895541176,9.05844858267059,18.3185036804468
"721","AS",2,1,5,172,"AS_2_1_5_172","AS_2_1_5","Dead",2002,2019,29.8159340325,5.5,47.7238895541176,9.05844858267059,18.3185036804468
"722","AS",2,1,5,173,"AS_2_1_5_173","AS_2_1_5","Live",2002,2019,29.8159340325,7.45,47.7238895541176,9.05844858267059,18.3185036804468
"723","AS",2,1,5,175,"AS_2_1_5_175","AS_2_1_5","Live",2002,2013,27.9331437,4.4,49.7439703145455,9.05844858267059,18.3185036804468
"724","AS",2,1,5,176,"AS_2_1_5_176","AS_2_1_5","Live",2002,2019,29.8159340325,9.65,47.7238895541176,9.05844858267059,18.3185036804468
"725","AS",2,1,5,187,"AS_2_1_5_187","AS_2_1_5","Dead",2002,2019,29.8159340325,7.3,47.7238895541176,9.05844858267059,18.3185036804468
"726","AS",2,1,5,188,"AS_2_1_5_188","AS_2_1_5","Live",2002,2019,29.8159340325,9.15,47.7238895541176,9.05844858267059,18.3185036804468
"727","AS",2,1,5,189,"AS_2_1_5_189","AS_2_1_5","Live",2002,2019,29.8159340325,6,47.7238895541176,9.05844858267059,18.3185036804468
"728","AS",2,1,5,191,"AS_2_1_5_191","AS_2_1_5","Live",2002,2019,29.8159340325,11.55,47.7238895541176,9.05844858267059,18.3185036804468
"729","AS",2,1,5,195,"AS_2_1_5_195","AS_2_1_5","Live",2002,2019,29.8159340325,5.5,47.7238895541176,9.05844858267059,18.3185036804468
"730","AS",2,1,5,196,"AS_2_1_5_196","AS_2_1_5","Live",2002,2019,29.8159340325,25.65,47.7238895541176,9.05844858267059,18.3185036804468
"731","AS",2,1,5,199,"AS_2_1_5_199","AS_2_1_5","Dead",2002,2013,27.9331437,3.6,49.7439703145455,9.05844858267059,18.3185036804468
"732","AS",2,1,5,200,"AS_2_1_5_200","AS_2_1_5","Live",2002,2019,29.8159340325,9.15,47.7238895541176,9.05844858267059,18.3185036804468
"733","AS",2,1,5,203,"AS_2_1_5_203","AS_2_1_5","Dead",2002,2019,29.8159340325,5.5,47.7238895541176,9.05844858267059,18.3185036804468
"734","AS",2,1,5,205,"AS_2_1_5_205","AS_2_1_5","Live",2002,2019,29.8159340325,10.2,47.7238895541176,9.05844858267059,18.3185036804468
"735","AS",2,1,5,207,"AS_2_1_5_207","AS_2_1_5","Live",2002,2013,27.9331437,4.8,49.7439703145455,9.05844858267059,18.3185036804468
"736","AS",2,1,5,208,"AS_2_1_5_208","AS_2_1_5","Live",2002,2019,29.8159340325,8.4,47.7238895541176,9.05844858267059,18.3185036804468
"737","AS",2,1,5,209,"AS_2_1_5_209","AS_2_1_5","Live",2002,2019,29.8159340325,8.95,47.7238895541176,9.05844858267059,18.3185036804468
"738","AS",2,1,5,213,"AS_2_1_5_213","AS_2_1_5","Dead",2002,2013,27.9331437,4.7,49.7439703145455,9.05844858267059,18.3185036804468
"739","AS",2,1,5,216,"AS_2_1_5_216","AS_2_1_5","Live",2002,2019,29.8159340325,8.85,47.7238895541176,9.05844858267059,18.3185036804468
"740","AS",2,1,5,221,"AS_2_1_5_221","AS_2_1_5","Live",2002,2019,29.8159340325,9.15,47.7238895541176,9.05844858267059,18.3185036804468
"741","AS",2,1,6,1,"AS_2_1_6_1","AS_2_1_6","Live",2002,2019,34.036703085,27,42.2193877552941,9.05844858267059,17.3476567757487
"742","AS",2,1,6,2,"AS_2_1_6_2","AS_2_1_6","Live",2002,2019,34.036703085,33.95,42.2193877552941,9.05844858267059,17.3476567757487
"743","AS",2,1,6,3,"AS_2_1_6_3","AS_2_1_6","Live",2002,2019,34.036703085,7.05,42.2193877552941,9.05844858267059,17.3476567757487
"744","AS",2,1,6,4,"AS_2_1_6_4","AS_2_1_6","Live",2002,2019,34.036703085,22.55,42.2193877552941,9.05844858267059,17.3476567757487
"745","AS",2,1,6,5,"AS_2_1_6_5","AS_2_1_6","Live",2002,2019,34.036703085,20.9,42.2193877552941,9.05844858267059,17.3476567757487
"746","AS",2,1,6,6,"AS_2_1_6_6","AS_2_1_6","Live",2002,2019,34.036703085,6.6,42.2193877552941,9.05844858267059,17.3476567757487
"747","AS",2,1,6,7,"AS_2_1_6_7","AS_2_1_6","Live",2002,2019,34.036703085,28.6,42.2193877552941,9.05844858267059,17.3476567757487
"748","AS",2,1,6,9,"AS_2_1_6_9","AS_2_1_6","Live",2002,2019,34.036703085,11.6,42.2193877552941,9.05844858267059,17.3476567757487
"749","AS",2,1,6,10,"AS_2_1_6_10","AS_2_1_6","Live",2002,2019,34.036703085,21.9,42.2193877552941,9.05844858267059,17.3476567757487
"750","AS",2,1,6,11,"AS_2_1_6_11","AS_2_1_6","Live",2002,2019,34.036703085,5.8,42.2193877552941,9.05844858267059,17.3476567757487
"751","AS",2,1,6,12,"AS_2_1_6_12","AS_2_1_6","Live",2002,2019,34.036703085,13.6,42.2193877552941,9.05844858267059,17.3476567757487
"752","AS",2,1,6,13,"AS_2_1_6_13","AS_2_1_6","Live",2002,2019,34.036703085,17.6,42.2193877552941,9.05844858267059,17.3476567757487
"753","AS",2,1,6,14,"AS_2_1_6_14","AS_2_1_6","Dead",2002,2019,34.036703085,6.4,42.2193877552941,9.05844858267059,17.3476567757487
"754","AS",2,1,6,15,"AS_2_1_6_15","AS_2_1_6","Live",2002,2019,34.036703085,24.3,42.2193877552941,9.05844858267059,17.3476567757487
"755","AS",2,1,6,16,"AS_2_1_6_16","AS_2_1_6","Live",2002,2019,34.036703085,7.45,42.2193877552941,9.05844858267059,17.3476567757487
"756","AS",2,1,6,17,"AS_2_1_6_17","AS_2_1_6","Live",2002,2019,34.036703085,16,42.2193877552941,9.05844858267059,17.3476567757487
"757","AS",2,1,6,18,"AS_2_1_6_18","AS_2_1_6","Live",2002,2019,34.036703085,19.5,42.2193877552941,9.05844858267059,17.3476567757487
"758","AS",2,1,6,19,"AS_2_1_6_19","AS_2_1_6","Live",2002,2019,34.036703085,11.55,42.2193877552941,9.05844858267059,17.3476567757487
"759","AS",2,1,6,20,"AS_2_1_6_20","AS_2_1_6","Live",2002,2019,34.036703085,9.65,42.2193877552941,9.05844858267059,17.3476567757487
"760","AS",2,1,6,23,"AS_2_1_6_23","AS_2_1_6","Live",2002,2019,34.036703085,29.9,42.2193877552941,9.05844858267059,17.3476567757487
"761","AS",2,1,6,24,"AS_2_1_6_24","AS_2_1_6","Live",2002,2019,34.036703085,23.9,42.2193877552941,9.05844858267059,17.3476567757487
"762","AS",2,1,6,25,"AS_2_1_6_25","AS_2_1_6","Live",2002,2019,34.036703085,7.4,42.2193877552941,9.05844858267059,17.3476567757487
"763","AS",2,1,6,26,"AS_2_1_6_26","AS_2_1_6","Live",2002,2019,34.036703085,14.8,42.2193877552941,9.05844858267059,17.3476567757487
"764","AS",2,1,6,27,"AS_2_1_6_27","AS_2_1_6","Live",2002,2019,34.036703085,13.4,42.2193877552941,9.05844858267059,17.3476567757487
"765","AS",2,1,6,28,"AS_2_1_6_28","AS_2_1_6","Dead",2002,2019,34.036703085,5.15,42.2193877552941,9.05844858267059,17.3476567757487
"766","AS",2,1,6,29,"AS_2_1_6_29","AS_2_1_6","Live",2002,2019,34.036703085,11.95,42.2193877552941,9.05844858267059,17.3476567757487
"767","AS",2,1,6,30,"AS_2_1_6_30","AS_2_1_6","Live",2002,2019,34.036703085,19.95,42.2193877552941,9.05844858267059,17.3476567757487
"768","AS",2,1,6,31,"AS_2_1_6_31","AS_2_1_6","Live",2002,2019,34.036703085,12,42.2193877552941,9.05844858267059,17.3476567757487
"769","AS",2,1,6,32,"AS_2_1_6_32","AS_2_1_6","Live",2002,2019,34.036703085,6.85,42.2193877552941,9.05844858267059,17.3476567757487
"770","AS",2,1,6,33,"AS_2_1_6_33","AS_2_1_6","Live",2002,2019,34.036703085,6,42.2193877552941,9.05844858267059,17.3476567757487
"771","AS",2,1,6,34,"AS_2_1_6_34","AS_2_1_6","Live",2002,2019,34.036703085,11.45,42.2193877552941,9.05844858267059,17.3476567757487
"772","AS",2,1,6,35,"AS_2_1_6_35","AS_2_1_6","Live",2002,2019,34.036703085,34.75,42.2193877552941,9.05844858267059,17.3476567757487
"773","AS",2,1,6,36,"AS_2_1_6_36","AS_2_1_6","Live",2002,2019,34.036703085,11.25,42.2193877552941,9.05844858267059,17.3476567757487
"774","AS",2,1,6,37,"AS_2_1_6_37","AS_2_1_6","Live",2002,2019,34.036703085,10.9,42.2193877552941,9.05844858267059,17.3476567757487
"775","AS",2,1,6,38,"AS_2_1_6_38","AS_2_1_6","Live",2002,2019,34.036703085,12.85,42.2193877552941,9.05844858267059,17.3476567757487
"776","AS",2,1,6,39,"AS_2_1_6_39","AS_2_1_6","Live",2002,2019,34.036703085,11.55,42.2193877552941,9.05844858267059,17.3476567757487
"777","AS",2,1,6,41,"AS_2_1_6_41","AS_2_1_6","Live",2002,2019,34.036703085,14.9,42.2193877552941,9.05844858267059,17.3476567757487
"778","AS",2,1,6,43,"AS_2_1_6_43","AS_2_1_6","Live",2002,2019,34.036703085,19.25,42.2193877552941,9.05844858267059,17.3476567757487
"779","AS",2,1,6,45,"AS_2_1_6_45","AS_2_1_6","Live",2002,2019,34.036703085,32.1,42.2193877552941,9.05844858267059,17.3476567757487
"780","AS",2,1,6,46,"AS_2_1_6_46","AS_2_1_6","Live",2002,2019,34.036703085,21.75,42.2193877552941,9.05844858267059,17.3476567757487
"781","AS",2,1,6,47,"AS_2_1_6_47","AS_2_1_6","Live",2002,2019,34.036703085,23.25,42.2193877552941,9.05844858267059,17.3476567757487
"782","AS",2,1,6,48,"AS_2_1_6_48","AS_2_1_6","Live",2002,2019,34.036703085,24.6,42.2193877552941,9.05844858267059,17.3476567757487
"783","AS",2,1,6,50,"AS_2_1_6_50","AS_2_1_6","Live",2002,2019,34.036703085,34.75,42.2193877552941,9.05844858267059,17.3476567757487
"784","AS",2,1,6,51,"AS_2_1_6_51","AS_2_1_6","Live",2002,2019,34.036703085,14.2,42.2193877552941,9.05844858267059,17.3476567757487
"785","AS",2,1,6,52,"AS_2_1_6_52","AS_2_1_6","Live",2002,2019,34.036703085,29.05,42.2193877552941,9.05844858267059,17.3476567757487
"786","AS",2,1,6,53,"AS_2_1_6_53","AS_2_1_6","Live",2002,2019,34.036703085,7.95,42.2193877552941,9.05844858267059,17.3476567757487
"787","AS",2,1,6,54,"AS_2_1_6_54","AS_2_1_6","Live",2002,2019,34.036703085,19,42.2193877552941,9.05844858267059,17.3476567757487
"788","AS",2,1,6,55,"AS_2_1_6_55","AS_2_1_6","Live",2002,2019,34.036703085,15,42.2193877552941,9.05844858267059,17.3476567757487
"789","AS",2,1,6,57,"AS_2_1_6_57","AS_2_1_6","Live",2002,2019,34.036703085,11.35,42.2193877552941,9.05844858267059,17.3476567757487
"790","AS",2,1,7,1,"AS_2_1_7_1","AS_2_1_7","Live",2002,2019,46.9624726725,22,47.2595512429412,9.05844858267059,15.2744849769485
"791","AS",2,1,7,2,"AS_2_1_7_2","AS_2_1_7","Live",2002,2019,46.9624726725,11.35,47.2595512429412,9.05844858267059,15.2744849769485
"792","AS",2,1,7,4,"AS_2_1_7_4","AS_2_1_7","Live",2002,2019,46.9624726725,18.05,47.2595512429412,9.05844858267059,15.2744849769485
"793","AS",2,1,7,5,"AS_2_1_7_5","AS_2_1_7","Live",2002,2019,46.9624726725,13.2,47.2595512429412,9.05844858267059,15.2744849769485
"794","AS",2,1,7,6,"AS_2_1_7_6","AS_2_1_7","Live",2002,2019,46.9624726725,5.5,47.2595512429412,9.05844858267059,15.2744849769485
"795","AS",2,1,7,8,"AS_2_1_7_8","AS_2_1_7","Live",2002,2019,46.9624726725,11.35,47.2595512429412,9.05844858267059,15.2744849769485
"796","AS",2,1,7,9,"AS_2_1_7_9","AS_2_1_7","Live",2002,2019,46.9624726725,16,47.2595512429412,9.05844858267059,15.2744849769485
"797","AS",2,1,7,11,"AS_2_1_7_11","AS_2_1_7","Live",2002,2019,46.9624726725,65.7,47.2595512429412,9.05844858267059,15.2744849769485
"798","AS",2,1,7,12,"AS_2_1_7_12","AS_2_1_7","Live",2002,2019,46.9624726725,13.05,47.2595512429412,9.05844858267059,15.2744849769485
"799","AS",2,1,7,13,"AS_2_1_7_13","AS_2_1_7","Live",2002,2019,46.9624726725,16.55,47.2595512429412,9.05844858267059,15.2744849769485
"800","AS",2,1,7,14,"AS_2_1_7_14","AS_2_1_7","Live",2002,2019,46.9624726725,10.5,47.2595512429412,9.05844858267059,15.2744849769485
"801","AS",2,1,7,15,"AS_2_1_7_15","AS_2_1_7","Live",2002,2019,46.9624726725,19.8,47.2595512429412,9.05844858267059,15.2744849769485
"802","AS",2,1,7,19,"AS_2_1_7_19","AS_2_1_7","Live",2002,2019,46.9624726725,11.85,47.2595512429412,9.05844858267059,15.2744849769485
"803","AS",2,1,7,20,"AS_2_1_7_20","AS_2_1_7","Live",2002,2019,46.9624726725,16.8,47.2595512429412,9.05844858267059,15.2744849769485
"804","AS",2,1,7,21,"AS_2_1_7_21","AS_2_1_7","Live",2002,2019,46.9624726725,4.85,47.2595512429412,9.05844858267059,15.2744849769485
"805","AS",2,1,7,22,"AS_2_1_7_22","AS_2_1_7","Live",2002,2013,44.921600955,15.2,46.9943767572727,9.05844858267059,15.2744849769485
"806","AS",2,1,7,23,"AS_2_1_7_23","AS_2_1_7","Live",2002,2019,46.9624726725,37.15,47.2595512429412,9.05844858267059,15.2744849769485
"807","AS",2,1,7,25,"AS_2_1_7_25","AS_2_1_7","Live",2002,2019,46.9624726725,15.75,47.2595512429412,9.05844858267059,15.2744849769485
"808","AS",2,1,7,27,"AS_2_1_7_27","AS_2_1_7","Live",2002,2019,46.9624726725,14.15,47.2595512429412,9.05844858267059,15.2744849769485
"809","AS",2,1,7,28,"AS_2_1_7_28","AS_2_1_7","Live",2002,2019,46.9624726725,33.6,47.2595512429412,9.05844858267059,15.2744849769485
"810","AS",2,1,7,29,"AS_2_1_7_29","AS_2_1_7","Live",2002,2019,46.9624726725,16.25,47.2595512429412,9.05844858267059,15.2744849769485
"811","AS",2,1,7,30,"AS_2_1_7_30","AS_2_1_7","Live",2002,2019,46.9624726725,16.55,47.2595512429412,9.05844858267059,15.2744849769485
"812","AS",2,1,7,31,"AS_2_1_7_31","AS_2_1_7","Live",2002,2019,46.9624726725,12.35,47.2595512429412,9.05844858267059,15.2744849769485
"813","AS",2,1,7,32,"AS_2_1_7_32","AS_2_1_7","Live",2002,2019,46.9624726725,19.3,47.2595512429412,9.05844858267059,15.2744849769485
"814","AS",2,1,7,33,"AS_2_1_7_33","AS_2_1_7","Live",2002,2019,46.9624726725,23.75,47.2595512429412,9.05844858267059,15.2744849769485
"815","AS",2,1,7,34,"AS_2_1_7_34","AS_2_1_7","Live",2002,2019,46.9624726725,5.05,47.2595512429412,9.05844858267059,15.2744849769485
"816","AS",2,1,7,35,"AS_2_1_7_35","AS_2_1_7","Dead",2002,2019,46.9624726725,16.55,47.2595512429412,9.05844858267059,15.2744849769485
"817","AS",2,1,7,36,"AS_2_1_7_36","AS_2_1_7","Dead",2002,2019,46.9624726725,5.7,47.2595512429412,9.05844858267059,15.2744849769485
"818","AS",2,1,7,37,"AS_2_1_7_37","AS_2_1_7","Live",2002,2019,46.9624726725,29.7,47.2595512429412,9.05844858267059,15.2744849769485
"819","AS",2,1,7,38,"AS_2_1_7_38","AS_2_1_7","Live",2002,2019,46.9624726725,14.1,47.2595512429412,9.05844858267059,15.2744849769485
"820","AS",2,1,7,39,"AS_2_1_7_39","AS_2_1_7","Live",2002,2019,46.9624726725,17.5,47.2595512429412,9.05844858267059,15.2744849769485
"821","AS",2,1,7,43,"AS_2_1_7_43","AS_2_1_7","Live",2002,2019,46.9624726725,10.5,47.2595512429412,9.05844858267059,15.2744849769485
"822","AS",2,1,7,44,"AS_2_1_7_44","AS_2_1_7","Live",2002,2019,46.9624726725,16.35,47.2595512429412,9.05844858267059,15.2744849769485
"823","AS",2,1,7,45,"AS_2_1_7_45","AS_2_1_7","Live",2002,2019,46.9624726725,28.65,47.2595512429412,9.05844858267059,15.2744849769485
"824","AS",2,1,7,46,"AS_2_1_7_46","AS_2_1_7","Live",2002,2019,46.9624726725,29.1,47.2595512429412,9.05844858267059,15.2744849769485
"825","AS",2,1,7,48,"AS_2_1_7_48","AS_2_1_7","Live",2002,2019,46.9624726725,13.3,47.2595512429412,9.05844858267059,15.2744849769485
"826","AS",2,1,7,49,"AS_2_1_7_49","AS_2_1_7","Live",2002,2019,46.9624726725,12.8,47.2595512429412,9.05844858267059,15.2744849769485
"827","AS",2,1,7,53,"AS_2_1_7_53","AS_2_1_7","Live",2002,2019,46.9624726725,16.35,47.2595512429412,9.05844858267059,15.2744849769485
"828","AS",2,1,7,54,"AS_2_1_7_54","AS_2_1_7","Live",2002,2019,46.9624726725,15.85,47.2595512429412,9.05844858267059,15.2744849769485
"829","AS",2,1,7,55,"AS_2_1_7_55","AS_2_1_7","Live",2002,2019,46.9624726725,33.35,47.2595512429412,9.05844858267059,15.2744849769485
"830","AS",2,1,7,56,"AS_2_1_7_56","AS_2_1_7","Live",2002,2019,46.9624726725,15.45,47.2595512429412,9.05844858267059,15.2744849769485
"831","AS",2,1,7,60,"AS_2_1_7_60","AS_2_1_7","Live",2002,2019,46.9624726725,11.05,47.2595512429412,9.05844858267059,15.2744849769485
"832","AS",2,1,7,63,"AS_2_1_7_63","AS_2_1_7","Live",2002,2019,46.9624726725,19.25,47.2595512429412,9.05844858267059,15.2744849769485
"833","AS",2,1,7,64,"AS_2_1_7_64","AS_2_1_7","Live",2002,2019,46.9624726725,18.4,47.2595512429412,9.05844858267059,15.2744849769485
"834","AS",2,1,7,66,"AS_2_1_7_66","AS_2_1_7","Live",2002,2019,46.9624726725,22.95,47.2595512429412,9.05844858267059,15.2744849769485
"835","AS",2,1,7,67,"AS_2_1_7_67","AS_2_1_7","Live",2002,2019,46.9624726725,8,47.2595512429412,9.05844858267059,15.2744849769485
"836","AS",2,1,7,68,"AS_2_1_7_68","AS_2_1_7","Live",2002,2019,46.9624726725,18.3,47.2595512429412,9.05844858267059,15.2744849769485
"837","AS",2,1,7,69,"AS_2_1_7_69","AS_2_1_7","Live",2002,2019,46.9624726725,22.65,47.2595512429412,9.05844858267059,15.2744849769485
"838","AS",2,1,7,71,"AS_2_1_7_71","AS_2_1_7","Live",2002,2019,46.9624726725,10.75,47.2595512429412,9.05844858267059,15.2744849769485
"839","AS",2,1,7,72,"AS_2_1_7_72","AS_2_1_7","Live",2002,2019,46.9624726725,17.75,47.2595512429412,9.05844858267059,15.2744849769485
"840","AS",2,1,7,73,"AS_2_1_7_73","AS_2_1_7","Live",2002,2019,46.9624726725,6.55,47.2595512429412,9.05844858267059,15.2744849769485
"841","AS",2,1,7,74,"AS_2_1_7_74","AS_2_1_7","Live",2002,2019,46.9624726725,6.45,47.2595512429412,9.05844858267059,15.2744849769485
"842","AS",2,1,7,75,"AS_2_1_7_75","AS_2_1_7","Live",2002,2019,46.9624726725,16.95,47.2595512429412,9.05844858267059,15.2744849769485
"843","AS",2,1,7,76,"AS_2_1_7_76","AS_2_1_7","Live",2002,2019,46.9624726725,9.75,47.2595512429412,9.05844858267059,15.2744849769485
"844","AS",2,1,7,77,"AS_2_1_7_77","AS_2_1_7","Live",2002,2019,46.9624726725,19.1,47.2595512429412,9.05844858267059,15.2744849769485
"845","AS",2,1,7,78,"AS_2_1_7_78","AS_2_1_7","Live",2002,2019,46.9624726725,19.7,47.2595512429412,9.05844858267059,15.2744849769485
"846","AS",2,1,7,79,"AS_2_1_7_79","AS_2_1_7","Live",2002,2019,46.9624726725,14.2,47.2595512429412,9.05844858267059,15.2744849769485
"847","AS",2,1,7,80,"AS_2_1_7_80","AS_2_1_7","Live",2002,2019,46.9624726725,7.3,47.2595512429412,9.05844858267059,15.2744849769485
"848","AS",2,1,7,81,"AS_2_1_7_81","AS_2_1_7","Live",2002,2019,46.9624726725,18.25,47.2595512429412,9.05844858267059,15.2744849769485
"849","AS",2,1,7,82,"AS_2_1_7_82","AS_2_1_7","Live",2002,2019,46.9624726725,1.2,47.2595512429412,9.05844858267059,15.2744849769485
"850","AS",2,1,7,84,"AS_2_1_7_84","AS_2_1_7","Live",2002,2019,46.9624726725,20.75,47.2595512429412,9.05844858267059,15.2744849769485
"851","AS",2,1,7,86,"AS_2_1_7_86","AS_2_1_7","Live",2002,2019,46.9624726725,8.95,47.2595512429412,9.05844858267059,15.2744849769485
"852","AS",2,1,7,87,"AS_2_1_7_87","AS_2_1_7","Dead",2002,2013,44.921600955,8.5,46.9943767572727,9.05844858267059,15.2744849769485
"853","AS",2,1,7,88,"AS_2_1_7_88","AS_2_1_7","Live",2002,2019,46.9624726725,21.65,47.2595512429412,9.05844858267059,15.2744849769485
"854","AS",2,1,8,2,"AS_2_1_8_2","AS_2_1_8","Live",2002,2019,44.3495745,15.2,51.8479122223529,9.05844858267059,13.8937551908019
"855","AS",2,1,8,4,"AS_2_1_8_4","AS_2_1_8","Live",2002,2019,44.3495745,16.9,51.8479122223529,9.05844858267059,13.8937551908019
"856","AS",2,1,8,6,"AS_2_1_8_6","AS_2_1_8","Live",2002,2019,44.3495745,13.5,51.8479122223529,9.05844858267059,13.8937551908019
"857","AS",2,1,8,7,"AS_2_1_8_7","AS_2_1_8","Live",2002,2019,44.3495745,21.9,51.8479122223529,9.05844858267059,13.8937551908019
"858","AS",2,1,8,8,"AS_2_1_8_8","AS_2_1_8","Live",2002,2019,44.3495745,11.35,51.8479122223529,9.05844858267059,13.8937551908019
"859","AS",2,1,8,9,"AS_2_1_8_9","AS_2_1_8","Live",2002,2019,44.3495745,12.25,51.8479122223529,9.05844858267059,13.8937551908019
"860","AS",2,1,8,10,"AS_2_1_8_10","AS_2_1_8","Live",2002,2019,44.3495745,15.65,51.8479122223529,9.05844858267059,13.8937551908019
"861","AS",2,1,8,11,"AS_2_1_8_11","AS_2_1_8","Live",2002,2019,44.3495745,10.5,51.8479122223529,9.05844858267059,13.8937551908019
"862","AS",2,1,8,12,"AS_2_1_8_12","AS_2_1_8","Live",2002,2019,44.3495745,13.1,51.8479122223529,9.05844858267059,13.8937551908019
"863","AS",2,1,8,13,"AS_2_1_8_13","AS_2_1_8","Live",2002,2019,44.3495745,23.35,51.8479122223529,9.05844858267059,13.8937551908019
"864","AS",2,1,8,14,"AS_2_1_8_14","AS_2_1_8","Live",2002,2019,44.3495745,32.75,51.8479122223529,9.05844858267059,13.8937551908019
"865","AS",2,1,8,15,"AS_2_1_8_15","AS_2_1_8","Live",2002,2019,44.3495745,69.1,51.8479122223529,9.05844858267059,13.8937551908019
"866","AS",2,1,8,16,"AS_2_1_8_16","AS_2_1_8","Live",2002,2019,44.3495745,21.8,51.8479122223529,9.05844858267059,13.8937551908019
"867","AS",2,1,8,18,"AS_2_1_8_18","AS_2_1_8","Live",2002,2019,44.3495745,27.1,51.8479122223529,9.05844858267059,13.8937551908019
"868","AS",2,1,8,19,"AS_2_1_8_19","AS_2_1_8","Live",2002,2019,44.3495745,20.1,51.8479122223529,9.05844858267059,13.8937551908019
"869","AS",2,1,8,20,"AS_2_1_8_20","AS_2_1_8","Live",2002,2019,44.3495745,36.65,51.8479122223529,9.05844858267059,13.8937551908019
"870","AS",2,1,8,21,"AS_2_1_8_21","AS_2_1_8","Live",2002,2019,44.3495745,20.2,51.8479122223529,9.05844858267059,13.8937551908019
"871","AS",2,1,8,22,"AS_2_1_8_22","AS_2_1_8","Live",2002,2019,44.3495745,6.5,51.8479122223529,9.05844858267059,13.8937551908019
"872","AS",2,1,8,23,"AS_2_1_8_23","AS_2_1_8","Dead",2002,2019,44.3495745,5.1,51.8479122223529,9.05844858267059,13.8937551908019
"873","AS",2,1,8,24,"AS_2_1_8_24","AS_2_1_8","Live",2002,2019,44.3495745,17.65,51.8479122223529,9.05844858267059,13.8937551908019
"874","AS",2,1,8,25,"AS_2_1_8_25","AS_2_1_8","Live",2002,2019,44.3495745,13.45,51.8479122223529,9.05844858267059,13.8937551908019
"875","AS",2,1,8,27,"AS_2_1_8_27","AS_2_1_8","Live",2002,2019,44.3495745,12.7,51.8479122223529,9.05844858267059,13.8937551908019
"876","AS",2,1,8,29,"AS_2_1_8_29","AS_2_1_8","Live",2002,2019,44.3495745,34.2,51.8479122223529,9.05844858267059,13.8937551908019
"877","AS",2,1,8,30,"AS_2_1_8_30","AS_2_1_8","Live",2002,2019,44.3495745,27.4,51.8479122223529,9.05844858267059,13.8937551908019
"878","AS",2,1,8,33,"AS_2_1_8_33","AS_2_1_8","Live",2002,2019,44.3495745,9.55,51.8479122223529,9.05844858267059,13.8937551908019
"879","AS",2,1,8,34,"AS_2_1_8_34","AS_2_1_8","Live",2002,2019,44.3495745,62.65,51.8479122223529,9.05844858267059,13.8937551908019
"880","AS",2,1,8,36,"AS_2_1_8_36","AS_2_1_8","Live",2002,2019,44.3495745,61.2,51.8479122223529,9.05844858267059,13.8937551908019
"881","AS",2,1,8,39,"AS_2_1_8_39","AS_2_1_8","Live",2002,2019,44.3495745,10.55,51.8479122223529,9.05844858267059,13.8937551908019
"882","AS",2,1,8,40,"AS_2_1_8_40","AS_2_1_8","Live",2002,2019,44.3495745,3.4,51.8479122223529,9.05844858267059,13.8937551908019
"883","AS",2,1,8,41,"AS_2_1_8_41","AS_2_1_8","Live",2002,2019,44.3495745,16.55,51.8479122223529,9.05844858267059,13.8937551908019
"884","AS",2,1,9,1,"AS_2_1_9_1","AS_2_1_9","Live",2002,2019,32.102007653892,8.35,52.7723255105882,9.05844858267059,15.4198304373825
"885","AS",2,1,9,2,"AS_2_1_9_2","AS_2_1_9","Live",2002,2019,32.102007653892,23.65,52.7723255105882,9.05844858267059,15.4198304373825
"886","AS",2,1,9,3,"AS_2_1_9_3","AS_2_1_9","Live",2002,2019,32.102007653892,21.6,52.7723255105882,9.05844858267059,15.4198304373825
"887","AS",2,1,9,4,"AS_2_1_9_4","AS_2_1_9","Live",2002,2019,32.102007653892,8.75,52.7723255105882,9.05844858267059,15.4198304373825
"888","AS",2,1,9,5,"AS_2_1_9_5","AS_2_1_9","Live",2002,2019,32.102007653892,7.95,52.7723255105882,9.05844858267059,15.4198304373825
"889","AS",2,1,9,6,"AS_2_1_9_6","AS_2_1_9","Live",2002,2019,32.102007653892,18.05,52.7723255105882,9.05844858267059,15.4198304373825
"890","AS",2,1,9,10,"AS_2_1_9_10","AS_2_1_9","Dead",2002,2019,32.102007653892,3.8,52.7723255105882,9.05844858267059,15.4198304373825
"891","AS",2,1,9,12,"AS_2_1_9_12","AS_2_1_9","Dead",2002,2019,32.102007653892,2.7,52.7723255105882,9.05844858267059,15.4198304373825
"892","AS",2,1,9,14,"AS_2_1_9_14","AS_2_1_9","Live",2002,2019,32.102007653892,8.15,52.7723255105882,9.05844858267059,15.4198304373825
"893","AS",2,1,9,17,"AS_2_1_9_17","AS_2_1_9","Live",2002,2019,32.102007653892,12.7,52.7723255105882,9.05844858267059,15.4198304373825
"894","AS",2,1,9,19,"AS_2_1_9_19","AS_2_1_9","Live",2002,2019,32.102007653892,23.7,52.7723255105882,9.05844858267059,15.4198304373825
"895","AS",2,1,9,21,"AS_2_1_9_21","AS_2_1_9","Dead",2002,2013,29.85953355,7.1,54.6594441836364,9.05844858267059,15.4198304373825
"896","AS",2,1,9,22,"AS_2_1_9_22","AS_2_1_9","Live",2002,2019,32.102007653892,12.3,52.7723255105882,9.05844858267059,15.4198304373825
"897","AS",2,1,9,24,"AS_2_1_9_24","AS_2_1_9","Dead",2002,2019,32.102007653892,7.45,52.7723255105882,9.05844858267059,15.4198304373825
"898","AS",2,1,9,25,"AS_2_1_9_25","AS_2_1_9","Live",2002,2019,32.102007653892,12.6,52.7723255105882,9.05844858267059,15.4198304373825
"899","AS",2,1,9,26,"AS_2_1_9_26","AS_2_1_9","Live",2002,2019,32.102007653892,7.8,52.7723255105882,9.05844858267059,15.4198304373825
"900","AS",2,1,9,28,"AS_2_1_9_28","AS_2_1_9","Live",2002,2019,32.102007653892,24.9,52.7723255105882,9.05844858267059,15.4198304373825
"901","AS",2,1,9,29,"AS_2_1_9_29","AS_2_1_9","Live",2002,2019,32.102007653892,10.1,52.7723255105882,9.05844858267059,15.4198304373825
"902","AS",2,1,9,30,"AS_2_1_9_30","AS_2_1_9","Live",2002,2019,32.102007653892,20.25,52.7723255105882,9.05844858267059,15.4198304373825
"903","AS",2,1,9,31,"AS_2_1_9_31","AS_2_1_9","Live",2002,2019,32.102007653892,8.7,52.7723255105882,9.05844858267059,15.4198304373825
"904","AS",2,1,9,32,"AS_2_1_9_32","AS_2_1_9","Live",2002,2019,32.102007653892,5.85,52.7723255105882,9.05844858267059,15.4198304373825
"905","AS",2,1,9,33,"AS_2_1_9_33","AS_2_1_9","Live",2002,2019,32.102007653892,6.6,52.7723255105882,9.05844858267059,15.4198304373825
"906","AS",2,1,9,35,"AS_2_1_9_35","AS_2_1_9","Live",2002,2019,32.102007653892,30.35,52.7723255105882,9.05844858267059,15.4198304373825
"907","AS",2,1,9,37,"AS_2_1_9_37","AS_2_1_9","Live",2002,2019,32.102007653892,9.6,52.7723255105882,9.05844858267059,15.4198304373825
"908","AS",2,1,9,39,"AS_2_1_9_39","AS_2_1_9","Live",2002,2019,32.102007653892,19,52.7723255105882,9.05844858267059,15.4198304373825
"909","AS",2,1,9,40,"AS_2_1_9_40","AS_2_1_9","Live",2002,2019,32.102007653892,13.4,52.7723255105882,9.05844858267059,15.4198304373825
"910","AS",2,1,9,41,"AS_2_1_9_41","AS_2_1_9","Live",2002,2019,32.102007653892,13.05,52.7723255105882,9.05844858267059,15.4198304373825
"911","AS",2,1,9,42,"AS_2_1_9_42","AS_2_1_9","Live",2002,2019,32.102007653892,12.05,52.7723255105882,9.05844858267059,15.4198304373825
"912","AS",2,1,9,43,"AS_2_1_9_43","AS_2_1_9","Live",2002,2019,32.102007653892,26.9,52.7723255105882,9.05844858267059,15.4198304373825
"913","AS",2,1,9,47,"AS_2_1_9_47","AS_2_1_9","Live",2002,2019,32.102007653892,5.25,52.7723255105882,9.05844858267059,15.4198304373825
"914","AS",2,1,9,48,"AS_2_1_9_48","AS_2_1_9","Live",2002,2019,32.102007653892,3,52.7723255105882,9.05844858267059,15.4198304373825
"915","AS",2,1,9,49,"AS_2_1_9_49","AS_2_1_9","Live",2002,2019,32.102007653892,3.35,52.7723255105882,9.05844858267059,15.4198304373825
"916","AS",2,1,9,50,"AS_2_1_9_50","AS_2_1_9","Live",2002,2019,32.102007653892,2.55,52.7723255105882,9.05844858267059,15.4198304373825
"917","AS",2,1,9,51,"AS_2_1_9_51","AS_2_1_9","Live",2002,2019,32.102007653892,5.4,52.7723255105882,9.05844858267059,15.4198304373825
"918","AS",2,1,9,52,"AS_2_1_9_52","AS_2_1_9","Live",2002,2019,32.102007653892,4.45,52.7723255105882,9.05844858267059,15.4198304373825
"919","AS",2,1,9,53,"AS_2_1_9_53","AS_2_1_9","Live",2002,2019,32.102007653892,3.95,52.7723255105882,9.05844858267059,15.4198304373825
"920","AS",2,1,9,58,"AS_2_1_9_58","AS_2_1_9","Live",2002,2019,32.102007653892,50.75,52.7723255105882,9.05844858267059,15.4198304373825
"921","AS",2,1,9,60,"AS_2_1_9_60","AS_2_1_9","Live",2002,2019,32.102007653892,14.05,52.7723255105882,9.05844858267059,15.4198304373825
"922","AS",2,1,9,61,"AS_2_1_9_61","AS_2_1_9","Live",2002,2019,32.102007653892,4.8,52.7723255105882,9.05844858267059,15.4198304373825
"923","AS",2,1,9,62,"AS_2_1_9_62","AS_2_1_9","Live",2002,2019,32.102007653892,52.8,52.7723255105882,9.05844858267059,15.4198304373825
"924","AS",2,1,9,66,"AS_2_1_9_66","AS_2_1_9","Live",2002,2019,32.102007653892,44.3,52.7723255105882,9.05844858267059,15.4198304373825
"925","AS",2,1,9,67,"AS_2_1_9_67","AS_2_1_9","Live",2002,2019,32.102007653892,18.85,52.7723255105882,9.05844858267059,15.4198304373825
"926","AS",2,1,9,70,"AS_2_1_9_70","AS_2_1_9","Live",2002,2019,32.102007653892,18.5,52.7723255105882,9.05844858267059,15.4198304373825
"927","AS",2,1,9,71,"AS_2_1_9_71","AS_2_1_9","Live",2013,2019,34.3444817577839,2.4,49.3126079433333,8.26652347113206,58.1936659519402
"928","AS",2,1,10,1,"AS_2_1_10_1","AS_2_1_10","Live",2002,2019,44.9177230425,10.8,55.5227410547059,9.05844858267059,15.3148825689209
"929","AS",2,1,10,2,"AS_2_1_10_2","AS_2_1_10","Live",2002,2019,44.9177230425,17.75,55.5227410547059,9.05844858267059,15.3148825689209
"930","AS",2,1,10,6,"AS_2_1_10_6","AS_2_1_10","Live",2002,2019,44.9177230425,17.65,55.5227410547059,9.05844858267059,15.3148825689209
"931","AS",2,1,10,9,"AS_2_1_10_9","AS_2_1_10","Live",2002,2019,44.9177230425,17.35,55.5227410547059,9.05844858267059,15.3148825689209
"932","AS",2,1,10,10,"AS_2_1_10_10","AS_2_1_10","Live",2002,2019,44.9177230425,20.55,55.5227410547059,9.05844858267059,15.3148825689209
"933","AS",2,1,10,12,"AS_2_1_10_12","AS_2_1_10","Live",2002,2019,44.9177230425,30,55.5227410547059,9.05844858267059,15.3148825689209
"934","AS",2,1,10,13,"AS_2_1_10_13","AS_2_1_10","Live",2002,2019,44.9177230425,13,55.5227410547059,9.05844858267059,15.3148825689209
"935","AS",2,1,10,14,"AS_2_1_10_14","AS_2_1_10","Dead",2002,2019,44.9177230425,15.4,55.5227410547059,9.05844858267059,15.3148825689209
"936","AS",2,1,10,15,"AS_2_1_10_15","AS_2_1_10","Live",2002,2019,44.9177230425,13.7,55.5227410547059,9.05844858267059,15.3148825689209
"937","AS",2,1,10,16,"AS_2_1_10_16","AS_2_1_10","Dead",2002,2019,44.9177230425,8.9,55.5227410547059,9.05844858267059,15.3148825689209
"938","AS",2,1,10,18,"AS_2_1_10_18","AS_2_1_10","Live",2002,2019,44.9177230425,33.8,55.5227410547059,9.05844858267059,15.3148825689209
"939","AS",2,1,10,19,"AS_2_1_10_19","AS_2_1_10","Live",2002,2019,44.9177230425,33.2,55.5227410547059,9.05844858267059,15.3148825689209
"940","AS",2,1,10,20,"AS_2_1_10_20","AS_2_1_10","Live",2002,2019,44.9177230425,15.5,55.5227410547059,9.05844858267059,15.3148825689209
"941","AS",2,1,10,22,"AS_2_1_10_22","AS_2_1_10","Live",2002,2019,44.9177230425,12.6,55.5227410547059,9.05844858267059,15.3148825689209
"942","AS",2,1,10,24,"AS_2_1_10_24","AS_2_1_10","Live",2002,2019,44.9177230425,20.3,55.5227410547059,9.05844858267059,15.3148825689209
"943","AS",2,1,10,25,"AS_2_1_10_25","AS_2_1_10","Live",2002,2019,44.9177230425,34.85,55.5227410547059,9.05844858267059,15.3148825689209
"944","AS",2,1,10,26,"AS_2_1_10_26","AS_2_1_10","Dead",2002,2013,42.49375284,7.5,54.9643861281818,9.05844858267059,15.3148825689209
"945","AS",2,1,10,27,"AS_2_1_10_27","AS_2_1_10","Live",2002,2019,44.9177230425,19.6,55.5227410547059,9.05844858267059,15.3148825689209
"946","AS",2,1,10,28,"AS_2_1_10_28","AS_2_1_10","Live",2002,2019,44.9177230425,24.05,55.5227410547059,9.05844858267059,15.3148825689209
"947","AS",2,1,10,31,"AS_2_1_10_31","AS_2_1_10","Live",2002,2019,44.9177230425,11.05,55.5227410547059,9.05844858267059,15.3148825689209
"948","AS",2,1,10,32,"AS_2_1_10_32","AS_2_1_10","Live",2002,2019,44.9177230425,19.05,55.5227410547059,9.05844858267059,15.3148825689209
"949","AS",2,1,10,34,"AS_2_1_10_34","AS_2_1_10","Live",2002,2019,44.9177230425,16.9,55.5227410547059,9.05844858267059,15.3148825689209
"950","AS",2,1,10,35,"AS_2_1_10_35","AS_2_1_10","Live",2002,2019,44.9177230425,25.95,55.5227410547059,9.05844858267059,15.3148825689209
"951","AS",2,1,10,36,"AS_2_1_10_36","AS_2_1_10","Live",2002,2019,44.9177230425,8.2,55.5227410547059,9.05844858267059,15.3148825689209
"952","AS",2,1,10,37,"AS_2_1_10_37","AS_2_1_10","Live",2002,2019,44.9177230425,37.3,55.5227410547059,9.05844858267059,15.3148825689209
"953","AS",2,1,10,38,"AS_2_1_10_38","AS_2_1_10","Live",2002,2019,44.9177230425,12.85,55.5227410547059,9.05844858267059,15.3148825689209
"954","AS",2,1,10,39,"AS_2_1_10_39","AS_2_1_10","Dead",2002,2013,42.49375284,11,54.9643861281818,9.05844858267059,15.3148825689209
"955","AS",2,1,10,41,"AS_2_1_10_41","AS_2_1_10","Live",2002,2019,44.9177230425,41.2,55.5227410547059,9.05844858267059,15.3148825689209
"956","AS",2,1,10,43,"AS_2_1_10_43","AS_2_1_10","Live",2002,2019,44.9177230425,13.05,55.5227410547059,9.05844858267059,15.3148825689209
"957","AS",2,1,10,45,"AS_2_1_10_45","AS_2_1_10","Live",2002,2019,44.9177230425,25.9,55.5227410547059,9.05844858267059,15.3148825689209
"958","AS",2,1,10,46,"AS_2_1_10_46","AS_2_1_10","Live",2002,2019,44.9177230425,28.2,55.5227410547059,9.05844858267059,15.3148825689209
"959","AS",2,1,10,48,"AS_2_1_10_48","AS_2_1_10","Live",2002,2019,44.9177230425,33.6,55.5227410547059,9.05844858267059,15.3148825689209
"960","AS",2,1,10,49,"AS_2_1_10_49","AS_2_1_10","Live",2002,2019,44.9177230425,26.2,55.5227410547059,9.05844858267059,15.3148825689209
"961","AS",2,1,10,51,"AS_2_1_10_51","AS_2_1_10","Live",2002,2019,44.9177230425,27.5,55.5227410547059,9.05844858267059,15.3148825689209
"962","AS",2,1,10,52,"AS_2_1_10_52","AS_2_1_10","Live",2002,2019,44.9177230425,13.95,55.5227410547059,9.05844858267059,15.3148825689209
"963","AS",2,1,10,57,"AS_2_1_10_57","AS_2_1_10","Live",2002,2019,44.9177230425,18.35,55.5227410547059,9.05844858267059,15.3148825689209
"964","AS",2,1,10,58,"AS_2_1_10_58","AS_2_1_10","Dead",2002,2013,42.49375284,11.4,54.9643861281818,9.05844858267059,15.3148825689209
"965","AS",2,1,10,59,"AS_2_1_10_59","AS_2_1_10","Live",2002,2019,44.9177230425,17.85,55.5227410547059,9.05844858267059,15.3148825689209
"966","AS",2,1,10,60,"AS_2_1_10_60","AS_2_1_10","Live",2002,2019,44.9177230425,23.2,55.5227410547059,9.05844858267059,15.3148825689209
"967","AS",2,1,10,63,"AS_2_1_10_63","AS_2_1_10","Live",2002,2019,44.9177230425,14.8,55.5227410547059,9.05844858267059,15.3148825689209
"968","AS",2,1,10,64,"AS_2_1_10_64","AS_2_1_10","Dead",2002,2013,42.49375284,11.2,54.9643861281818,9.05844858267059,15.3148825689209
"969","AS",2,1,10,66,"AS_2_1_10_66","AS_2_1_10","Live",2002,2019,44.9177230425,19.35,55.5227410547059,9.05844858267059,15.3148825689209
"970","AS",2,1,10,70,"AS_2_1_10_70","AS_2_1_10","Live",2002,2019,44.9177230425,17.4,55.5227410547059,9.05844858267059,15.3148825689209
"971","AS",2,1,10,72,"AS_2_1_10_72","AS_2_1_10","Live",2002,2019,44.9177230425,20.15,55.5227410547059,9.05844858267059,15.3148825689209
"972","AS",2,1,10,73,"AS_2_1_10_73","AS_2_1_10","Live",2002,2019,44.9177230425,13.8,55.5227410547059,9.05844858267059,15.3148825689209
"973","AS",2,1,10,74,"AS_2_1_10_74","AS_2_1_10","Live",2002,2019,44.9177230425,11.25,55.5227410547059,9.05844858267059,15.3148825689209
"974","AS",2,1,10,76,"AS_2_1_10_76","AS_2_1_10","Live",2002,2019,44.9177230425,11.45,55.5227410547059,9.05844858267059,15.3148825689209
"975","AS",2,1,10,77,"AS_2_1_10_77","AS_2_1_10","Live",2002,2013,42.49375284,12.7,54.9643861281818,9.05844858267059,15.3148825689209
"976","AS",2,1,10,78,"AS_2_1_10_78","AS_2_1_10","Live",2002,2019,44.9177230425,15.85,55.5227410547059,9.05844858267059,15.3148825689209
"977","AS",2,1,10,80,"AS_2_1_10_80","AS_2_1_10","Live",2002,2019,44.9177230425,13.45,55.5227410547059,9.05844858267059,15.3148825689209
"978","AS",2,1,10,81,"AS_2_1_10_81","AS_2_1_10","Live",2002,2019,44.9177230425,37.4,55.5227410547059,9.05844858267059,15.3148825689209
"979","AS",2,1,11,1,"AS_2_1_11_1","AS_2_1_11","Live",2002,2019,34.1887467075,6.35,38.0384153676471,9.05844858267059,17.0841865263403
"980","AS",2,1,11,2,"AS_2_1_11_2","AS_2_1_11","Live",2002,2019,34.1887467075,10.7,38.0384153676471,9.05844858267059,17.0841865263403
"981","AS",2,1,11,4,"AS_2_1_11_4","AS_2_1_11","Live",2002,2019,34.1887467075,11.55,38.0384153676471,9.05844858267059,17.0841865263403
"982","AS",2,1,11,5,"AS_2_1_11_5","AS_2_1_11","Live",2002,2019,34.1887467075,3.75,38.0384153676471,9.05844858267059,17.0841865263403
"983","AS",2,1,11,6,"AS_2_1_11_6","AS_2_1_11","Live",2002,2019,34.1887467075,17.7,38.0384153676471,9.05844858267059,17.0841865263403
"984","AS",2,1,11,8,"AS_2_1_11_8","AS_2_1_11","Live",2002,2019,34.1887467075,12.1,38.0384153676471,9.05844858267059,17.0841865263403
"985","AS",2,1,11,9,"AS_2_1_11_9","AS_2_1_11","Live",2002,2019,34.1887467075,27.9,38.0384153676471,9.05844858267059,17.0841865263403
"986","AS",2,1,11,10,"AS_2_1_11_10","AS_2_1_11","Live",2002,2019,34.1887467075,3.1,38.0384153676471,9.05844858267059,17.0841865263403
"987","AS",2,1,11,11,"AS_2_1_11_11","AS_2_1_11","Live",2002,2019,34.1887467075,26.45,38.0384153676471,9.05844858267059,17.0841865263403
"988","AS",2,1,11,12,"AS_2_1_11_12","AS_2_1_11","Live",2002,2019,34.1887467075,9.1,38.0384153676471,9.05844858267059,17.0841865263403
"989","AS",2,1,11,13,"AS_2_1_11_13","AS_2_1_11","Live",2002,2019,34.1887467075,31.1,38.0384153676471,9.05844858267059,17.0841865263403
"990","AS",2,1,11,14,"AS_2_1_11_14","AS_2_1_11","Live",2002,2019,34.1887467075,6.3,38.0384153676471,9.05844858267059,17.0841865263403
"991","AS",2,1,11,15,"AS_2_1_11_15","AS_2_1_11","Live",2002,2019,34.1887467075,13.55,38.0384153676471,9.05844858267059,17.0841865263403
"992","AS",2,1,11,16,"AS_2_1_11_16","AS_2_1_11","Live",2002,2019,34.1887467075,6.3,38.0384153676471,9.05844858267059,17.0841865263403
"993","AS",2,1,11,17,"AS_2_1_11_17","AS_2_1_11","Live",2002,2019,34.1887467075,14.6,38.0384153676471,9.05844858267059,17.0841865263403
"994","AS",2,1,11,19,"AS_2_1_11_19","AS_2_1_11","Live",2002,2019,34.1887467075,16.05,38.0384153676471,9.05844858267059,17.0841865263403
"995","AS",2,1,11,20,"AS_2_1_11_20","AS_2_1_11","Live",2002,2019,34.1887467075,12.85,38.0384153676471,9.05844858267059,17.0841865263403
"996","AS",2,1,11,21,"AS_2_1_11_21","AS_2_1_11","Live",2002,2019,34.1887467075,28.35,38.0384153676471,9.05844858267059,17.0841865263403
"997","AS",2,1,11,22,"AS_2_1_11_22","AS_2_1_11","Live",2002,2019,34.1887467075,25.15,38.0384153676471,9.05844858267059,17.0841865263403
"998","AS",2,1,11,25,"AS_2_1_11_25","AS_2_1_11","Live",2002,2019,34.1887467075,10.35,38.0384153676471,9.05844858267059,17.0841865263403
"999","AS",2,1,11,26,"AS_2_1_11_26","AS_2_1_11","Dead",2002,2013,33.265047585,18.5,37.8617810772727,9.05844858267059,17.0841865263403
"1000","AS",2,1,11,29,"AS_2_1_11_29","AS_2_1_11","Live",2002,2019,34.1887467075,16.3,38.0384153676471,9.05844858267059,17.0841865263403
"1001","AS",2,1,11,34,"AS_2_1_11_34","AS_2_1_11","Live",2002,2019,34.1887467075,25.5,38.0384153676471,9.05844858267059,17.0841865263403
"1002","AS",2,1,11,36,"AS_2_1_11_36","AS_2_1_11","Dead",2002,2019,34.1887467075,26.2,38.0384153676471,9.05844858267059,17.0841865263403
"1003","AS",2,1,11,37,"AS_2_1_11_37","AS_2_1_11","Live",2002,2019,34.1887467075,22.2,38.0384153676471,9.05844858267059,17.0841865263403
"1004","AS",2,1,11,39,"AS_2_1_11_39","AS_2_1_11","Live",2002,2019,34.1887467075,36.2,38.0384153676471,9.05844858267059,17.0841865263403
"1005","AS",2,1,11,41,"AS_2_1_11_41","AS_2_1_11","Live",2002,2019,34.1887467075,14.95,38.0384153676471,9.05844858267059,17.0841865263403
"1006","AS",2,1,11,42,"AS_2_1_11_42","AS_2_1_11","Live",2002,2019,34.1887467075,20.05,38.0384153676471,9.05844858267059,17.0841865263403
"1007","AS",2,1,11,45,"AS_2_1_11_45","AS_2_1_11","Live",2002,2019,34.1887467075,19.6,38.0384153676471,9.05844858267059,17.0841865263403
"1008","AS",2,1,11,46,"AS_2_1_11_46","AS_2_1_11","Live",2002,2019,34.1887467075,9.5,38.0384153676471,9.05844858267059,17.0841865263403
"1009","AS",2,1,11,49,"AS_2_1_11_49","AS_2_1_11","Live",2002,2019,34.1887467075,35.6,38.0384153676471,9.05844858267059,17.0841865263403
"1010","AS",2,1,11,51,"AS_2_1_11_51","AS_2_1_11","Live",2002,2019,34.1887467075,11.65,38.0384153676471,9.05844858267059,17.0841865263403
"1011","AS",2,1,11,52,"AS_2_1_11_52","AS_2_1_11","Live",2002,2019,34.1887467075,15.05,38.0384153676471,9.05844858267059,17.0841865263403
"1012","AS",2,1,11,53,"AS_2_1_11_53","AS_2_1_11","Live",2002,2019,34.1887467075,30.95,38.0384153676471,9.05844858267059,17.0841865263403
"1013","AS",2,1,11,54,"AS_2_1_11_54","AS_2_1_11","Live",2002,2019,34.1887467075,9.55,38.0384153676471,9.05844858267059,17.0841865263403
"1014","AS",2,1,11,55,"AS_2_1_11_55","AS_2_1_11","Live",2002,2019,34.1887467075,5.5,38.0384153676471,9.05844858267059,17.0841865263403
"1015","AS",2,1,11,56,"AS_2_1_11_56","AS_2_1_11","Live",2002,2019,34.1887467075,6.2,38.0384153676471,9.05844858267059,17.0841865263403
"1016","AS",2,1,11,57,"AS_2_1_11_57","AS_2_1_11","Dead",2002,2013,33.265047585,23.9,37.8617810772727,9.05844858267059,17.0841865263403
"1017","AS",2,1,11,58,"AS_2_1_11_58","AS_2_1_11","Live",2002,2019,34.1887467075,5.15,38.0384153676471,9.05844858267059,17.0841865263403
"1018","AS",2,1,11,59,"AS_2_1_11_59","AS_2_1_11","Live",2002,2019,34.1887467075,2.35,38.0384153676471,9.05844858267059,17.0841865263403
"1019","AS",2,1,11,60,"AS_2_1_11_60","AS_2_1_11","Live",2002,2019,34.1887467075,16.95,38.0384153676471,9.05844858267059,17.0841865263403
"1020","AS",2,1,11,61,"AS_2_1_11_61","AS_2_1_11","Live",2002,2019,34.1887467075,23.05,38.0384153676471,9.05844858267059,17.0841865263403
"1021","AS",2,1,11,63,"AS_2_1_11_63","AS_2_1_11","Live",2002,2019,34.1887467075,14.75,38.0384153676471,9.05844858267059,17.0841865263403
"1022","AS",2,1,11,65,"AS_2_1_11_65","AS_2_1_11","Live",2002,2019,34.1887467075,7.45,38.0384153676471,9.05844858267059,17.0841865263403
"1023","AS",2,1,11,66,"AS_2_1_11_66","AS_2_1_11","Live",2002,2019,34.1887467075,8.7,38.0384153676471,9.05844858267059,17.0841865263403
"1024","AS",2,1,11,68,"AS_2_1_11_68","AS_2_1_11","Live",2002,2019,34.1887467075,32.9,38.0384153676471,9.05844858267059,17.0841865263403
"1025","AS",2,1,11,69,"AS_2_1_11_69","AS_2_1_11","Live",2002,2019,34.1887467075,32.6,38.0384153676471,9.05844858267059,17.0841865263403
"1026","AS",2,1,11,70,"AS_2_1_11_70","AS_2_1_11","Dead",2002,2013,33.265047585,4.9,37.8617810772727,9.05844858267059,17.0841865263403
"1027","AS",2,1,11,71,"AS_2_1_11_71","AS_2_1_11","Live",2002,2019,34.1887467075,3.75,38.0384153676471,9.05844858267059,17.0841865263403
"1028","AS",2,1,11,72,"AS_2_1_11_72","AS_2_1_11","Live",2002,2019,34.1887467075,3.8,38.0384153676471,9.05844858267059,17.0841865263403
"1029","AS",2,1,11,73,"AS_2_1_11_73","AS_2_1_11","Live",2002,2019,34.1887467075,3.9,38.0384153676471,9.05844858267059,17.0841865263403
"1030","AS",2,1,11,74,"AS_2_1_11_74","AS_2_1_11","Live",2002,2019,34.1887467075,14.05,38.0384153676471,9.05844858267059,17.0841865263403
"1031","AS",2,1,12,1,"AS_2_1_12_1","AS_2_1_12","Live",2002,2019,32.975313525,13.85,39.3247298917647,9.05844858267059,16.6524144107304
"1032","AS",2,1,12,12,"AS_2_1_12_12","AS_2_1_12","Live",2002,2019,32.975313525,19.05,39.3247298917647,9.05844858267059,16.6524144107304
"1033","AS",2,1,12,14,"AS_2_1_12_14","AS_2_1_12","Dead",2002,2013,31.41116979,26.6,39.3446196663636,9.05844858267059,16.6524144107304
"1034","AS",2,1,12,21,"AS_2_1_12_21","AS_2_1_12","Live",2002,2019,32.975313525,15.1,39.3247298917647,9.05844858267059,16.6524144107304
"1035","AS",2,1,12,22,"AS_2_1_12_22","AS_2_1_12","Live",2002,2019,32.975313525,25.75,39.3247298917647,9.05844858267059,16.6524144107304
"1036","AS",2,1,12,23,"AS_2_1_12_23","AS_2_1_12","Live",2002,2019,32.975313525,22.45,39.3247298917647,9.05844858267059,16.6524144107304
"1037","AS",2,1,12,27,"AS_2_1_12_27","AS_2_1_12","Live",2002,2019,32.975313525,24.5,39.3247298917647,9.05844858267059,16.6524144107304
"1038","AS",2,1,12,29,"AS_2_1_12_29","AS_2_1_12","Live",2002,2019,32.975313525,19.5,39.3247298917647,9.05844858267059,16.6524144107304
"1039","AS",2,1,12,31,"AS_2_1_12_31","AS_2_1_12","Live",2002,2019,32.975313525,11.8,39.3247298917647,9.05844858267059,16.6524144107304
"1040","AS",2,1,12,34,"AS_2_1_12_34","AS_2_1_12","Live",2002,2019,32.975313525,18.95,39.3247298917647,9.05844858267059,16.6524144107304
"1041","AS",2,1,12,35,"AS_2_1_12_35","AS_2_1_12","Live",2002,2019,32.975313525,24.15,39.3247298917647,9.05844858267059,16.6524144107304
"1042","AS",2,1,12,41,"AS_2_1_12_41","AS_2_1_12","Live",2002,2019,32.975313525,25.1,39.3247298917647,9.05844858267059,16.6524144107304
"1043","AS",2,1,12,43,"AS_2_1_12_43","AS_2_1_12","Live",2002,2019,32.975313525,25.1,39.3247298917647,9.05844858267059,16.6524144107304
"1044","AS",2,1,12,44,"AS_2_1_12_44","AS_2_1_12","Live",2002,2019,32.975313525,22.95,39.3247298917647,9.05844858267059,16.6524144107304
"1045","AS",2,1,12,47,"AS_2_1_12_47","AS_2_1_12","Live",2002,2019,32.975313525,20.5,39.3247298917647,9.05844858267059,16.6524144107304
"1046","AS",2,1,12,48,"AS_2_1_12_48","AS_2_1_12","Live",2002,2019,32.975313525,17.35,39.3247298917647,9.05844858267059,16.6524144107304
"1047","AS",2,1,12,57,"AS_2_1_12_57","AS_2_1_12","Live",2002,2019,32.975313525,19.25,39.3247298917647,9.05844858267059,16.6524144107304
"1048","AS",2,1,12,58,"AS_2_1_12_58","AS_2_1_12","Live",2002,2019,32.975313525,24.15,39.3247298917647,9.05844858267059,16.6524144107304
"1049","AS",2,1,12,59,"AS_2_1_12_59","AS_2_1_12","Live",2002,2019,32.975313525,25.3,39.3247298917647,9.05844858267059,16.6524144107304
"1050","AS",2,1,12,62,"AS_2_1_12_62","AS_2_1_12","Live",2002,2019,32.975313525,20.7,39.3247298917647,9.05844858267059,16.6524144107304
"1051","AS",2,1,12,63,"AS_2_1_12_63","AS_2_1_12","Live",2002,2019,32.975313525,28.3,39.3247298917647,9.05844858267059,16.6524144107304
"1052","AS",2,1,12,65,"AS_2_1_12_65","AS_2_1_12","Live",2002,2019,32.975313525,16.35,39.3247298917647,9.05844858267059,16.6524144107304
"1053","AS",2,1,12,67,"AS_2_1_12_67","AS_2_1_12","Live",2002,2019,32.975313525,20.5,39.3247298917647,9.05844858267059,16.6524144107304
"1054","AS",2,1,12,70,"AS_2_1_12_70","AS_2_1_12","Dead",2002,2019,32.975313525,21.85,39.3247298917647,9.05844858267059,16.6524144107304
"1055","AS",2,1,12,71,"AS_2_1_12_71","AS_2_1_12","Live",2002,2019,32.975313525,24.1,39.3247298917647,9.05844858267059,16.6524144107304
"1056","AS",2,1,12,74,"AS_2_1_12_74","AS_2_1_12","Live",2002,2019,32.975313525,9.6,39.3247298917647,9.05844858267059,16.6524144107304
"1057","AS",2,1,12,76,"AS_2_1_12_76","AS_2_1_12","Live",2002,2019,32.975313525,12.3,39.3247298917647,9.05844858267059,16.6524144107304
"1058","AS",2,1,12,78,"AS_2_1_12_78","AS_2_1_12","Live",2002,2019,32.975313525,20.1,39.3247298917647,9.05844858267059,16.6524144107304
"1059","AS",2,1,12,80,"AS_2_1_12_80","AS_2_1_12","Live",2002,2019,32.975313525,3.6,39.3247298917647,9.05844858267059,16.6524144107304
"1060","AS",2,1,12,81,"AS_2_1_12_81","AS_2_1_12","Live",2002,2019,32.975313525,13.95,39.3247298917647,9.05844858267059,16.6524144107304
"1061","AS",2,1,12,87,"AS_2_1_12_87","AS_2_1_12","Live",2002,2019,32.975313525,14.65,39.3247298917647,9.05844858267059,16.6524144107304
"1062","AS",2,1,12,90,"AS_2_1_12_90","AS_2_1_12","Live",2002,2019,32.975313525,10.95,39.3247298917647,9.05844858267059,16.6524144107304
"1063","AS",2,1,12,93,"AS_2_1_12_93","AS_2_1_12","Live",2002,2019,32.975313525,21.7,39.3247298917647,9.05844858267059,16.6524144107304
"1064","AS",2,1,12,94,"AS_2_1_12_94","AS_2_1_12","Live",2002,2019,32.975313525,18.95,39.3247298917647,9.05844858267059,16.6524144107304
"1065","AS",2,1,12,98,"AS_2_1_12_98","AS_2_1_12","Live",2002,2019,32.975313525,21.35,39.3247298917647,9.05844858267059,16.6524144107304
"1066","AS",2,1,12,104,"AS_2_1_12_104","AS_2_1_12","Live",2002,2019,32.975313525,13,39.3247298917647,9.05844858267059,16.6524144107304
"1067","AS",2,1,12,108,"AS_2_1_12_108","AS_2_1_12","Live",2002,2019,32.975313525,7.85,39.3247298917647,9.05844858267059,16.6524144107304
"1068","AS",2,1,12,109,"AS_2_1_12_109","AS_2_1_12","Live",2002,2019,32.975313525,16.1,39.3247298917647,9.05844858267059,16.6524144107304
"1069","AS",2,1,12,110,"AS_2_1_12_110","AS_2_1_12","Live",2002,2019,32.975313525,14.75,39.3247298917647,9.05844858267059,16.6524144107304
"1070","AS",2,1,12,112,"AS_2_1_12_112","AS_2_1_12","Live",2002,2019,32.975313525,29.15,39.3247298917647,9.05844858267059,16.6524144107304
"1071","AS",2,1,12,114,"AS_2_1_12_114","AS_2_1_12","Live",2002,2019,32.975313525,11.7,39.3247298917647,9.05844858267059,16.6524144107304
"1072","AS",2,1,12,117,"AS_2_1_12_117","AS_2_1_12","Live",2002,2019,32.975313525,14.55,39.3247298917647,9.05844858267059,16.6524144107304
"1073","AS",2,1,12,122,"AS_2_1_12_122","AS_2_1_12","Live",2002,2019,32.975313525,20.2,39.3247298917647,9.05844858267059,16.6524144107304
"1074","AS",2,1,12,123,"AS_2_1_12_123","AS_2_1_12","Live",2002,2019,32.975313525,15,39.3247298917647,9.05844858267059,16.6524144107304
"1075","AS",2,1,13,1,"AS_2_1_13_1","AS_2_1_13","Live",2002,2019,23.5217777025,26.5,31.6776710676471,9.05844858267059,19.2761245847982
"1076","AS",2,1,13,2,"AS_2_1_13_2","AS_2_1_13","Dead",2002,2019,23.5217777025,8.7,31.6776710676471,9.05844858267059,19.2761245847982
"1077","AS",2,1,13,3,"AS_2_1_13_3","AS_2_1_13","Live",2002,2019,23.5217777025,22.1,31.6776710676471,9.05844858267059,19.2761245847982
"1078","AS",2,1,13,6,"AS_2_1_13_6","AS_2_1_13","Dead",2002,2019,23.5217777025,4.45,31.6776710676471,9.05844858267059,19.2761245847982
"1079","AS",2,1,13,7,"AS_2_1_13_7","AS_2_1_13","Live",2002,2019,23.5217777025,14.25,31.6776710676471,9.05844858267059,19.2761245847982
"1080","AS",2,1,13,8,"AS_2_1_13_8","AS_2_1_13","Live",2002,2019,23.5217777025,3.95,31.6776710676471,9.05844858267059,19.2761245847982
"1081","AS",2,1,13,10,"AS_2_1_13_10","AS_2_1_13","Live",2002,2019,23.5217777025,10.2,31.6776710676471,9.05844858267059,19.2761245847982
"1082","AS",2,1,13,11,"AS_2_1_13_11","AS_2_1_13","Live",2002,2019,23.5217777025,7.15,31.6776710676471,9.05844858267059,19.2761245847982
"1083","AS",2,1,13,12,"AS_2_1_13_12","AS_2_1_13","Live",2002,2019,23.5217777025,3.1,31.6776710676471,9.05844858267059,19.2761245847982
"1084","AS",2,1,13,13,"AS_2_1_13_13","AS_2_1_13","Live",2002,2019,23.5217777025,9.5,31.6776710676471,9.05844858267059,19.2761245847982
"1085","AS",2,1,13,14,"AS_2_1_13_14","AS_2_1_13","Live",2002,2019,23.5217777025,8,31.6776710676471,9.05844858267059,19.2761245847982
"1086","AS",2,1,13,15,"AS_2_1_13_15","AS_2_1_13","Live",2002,2019,23.5217777025,1.6,31.6776710676471,9.05844858267059,19.2761245847982
"1087","AS",2,1,13,16,"AS_2_1_13_16","AS_2_1_13","Live",2002,2019,23.5217777025,17.15,31.6776710676471,9.05844858267059,19.2761245847982
"1088","AS",2,1,13,17,"AS_2_1_13_17","AS_2_1_13","Live",2002,2019,23.5217777025,20.7,31.6776710676471,9.05844858267059,19.2761245847982
"1089","AS",2,1,13,18,"AS_2_1_13_18","AS_2_1_13","Live",2002,2019,23.5217777025,21.8,31.6776710676471,9.05844858267059,19.2761245847982
"1090","AS",2,1,13,19,"AS_2_1_13_19","AS_2_1_13","Dead",2002,2019,23.5217777025,51.15,31.6776710676471,9.05844858267059,19.2761245847982
"1091","AS",2,1,13,21,"AS_2_1_13_21","AS_2_1_13","Live",2002,2019,23.5217777025,15.45,31.6776710676471,9.05844858267059,19.2761245847982
"1092","AS",2,1,13,22,"AS_2_1_13_22","AS_2_1_13","Live",2002,2019,23.5217777025,7.75,31.6776710676471,9.05844858267059,19.2761245847982
"1093","AS",2,1,13,24,"AS_2_1_13_24","AS_2_1_13","Live",2002,2019,23.5217777025,24.8,31.6776710676471,9.05844858267059,19.2761245847982
"1094","AS",2,1,13,25,"AS_2_1_13_25","AS_2_1_13","Live",2002,2019,23.5217777025,22.75,31.6776710676471,9.05844858267059,19.2761245847982
"1095","AS",2,1,13,26,"AS_2_1_13_26","AS_2_1_13","Dead",2002,2019,23.5217777025,9.9,31.6776710676471,9.05844858267059,19.2761245847982
"1096","AS",2,1,13,27,"AS_2_1_13_27","AS_2_1_13","Live",2002,2019,23.5217777025,11.15,31.6776710676471,9.05844858267059,19.2761245847982
"1097","AS",2,1,13,29,"AS_2_1_13_29","AS_2_1_13","Live",2002,2019,23.5217777025,10.9,31.6776710676471,9.05844858267059,19.2761245847982
"1098","AS",2,1,13,31,"AS_2_1_13_31","AS_2_1_13","Live",2002,2019,23.5217777025,25.1,31.6776710676471,9.05844858267059,19.2761245847982
"1099","AS",2,1,13,32,"AS_2_1_13_32","AS_2_1_13","Dead",2002,2013,21.278979645,17.3,30.9689239318182,9.05844858267059,19.2761245847982
"1100","AS",2,1,14,1,"AS_2_1_14_1","AS_2_1_14","Live",2002,2019,23.5434743775,23.5,31.8477157364706,9.05844858267059,18.6204925855394
"1101","AS",2,1,14,2,"AS_2_1_14_2","AS_2_1_14","Live",2002,2019,23.5434743775,18.75,31.8477157364706,9.05844858267059,18.6204925855394
"1102","AS",2,1,14,3,"AS_2_1_14_3","AS_2_1_14","Live",2002,2019,23.5434743775,13.15,31.8477157364706,9.05844858267059,18.6204925855394
"1103","AS",2,1,14,4,"AS_2_1_14_4","AS_2_1_14","Live",2002,2019,23.5434743775,10.3,31.8477157364706,9.05844858267059,18.6204925855394
"1104","AS",2,1,14,5,"AS_2_1_14_5","AS_2_1_14","Live",2002,2019,23.5434743775,15,31.8477157364706,9.05844858267059,18.6204925855394
"1105","AS",2,1,14,6,"AS_2_1_14_6","AS_2_1_14","Live",2002,2019,23.5434743775,18.3,31.8477157364706,9.05844858267059,18.6204925855394
"1106","AS",2,1,14,9,"AS_2_1_14_9","AS_2_1_14","Live",2002,2019,23.5434743775,25.7,31.8477157364706,9.05844858267059,18.6204925855394
"1107","AS",2,1,14,10,"AS_2_1_14_10","AS_2_1_14","Live",2002,2019,23.5434743775,22.95,31.8477157364706,9.05844858267059,18.6204925855394
"1108","AS",2,1,14,11,"AS_2_1_14_11","AS_2_1_14","Live",2002,2019,23.5434743775,16.3,31.8477157364706,9.05844858267059,18.6204925855394
"1109","AS",2,1,14,17,"AS_2_1_14_17","AS_2_1_14","Live",2002,2019,23.5434743775,22.65,31.8477157364706,9.05844858267059,18.6204925855394
"1110","AS",2,1,14,19,"AS_2_1_14_19","AS_2_1_14","Live",2002,2019,23.5434743775,18,31.8477157364706,9.05844858267059,18.6204925855394
"1111","AS",2,1,14,20,"AS_2_1_14_20","AS_2_1_14","Live",2002,2019,23.5434743775,17.3,31.8477157364706,9.05844858267059,18.6204925855394
"1112","AS",2,1,14,21,"AS_2_1_14_21","AS_2_1_14","Live",2002,2019,23.5434743775,11.1,31.8477157364706,9.05844858267059,18.6204925855394
"1113","AS",2,1,14,22,"AS_2_1_14_22","AS_2_1_14","Live",2002,2019,23.5434743775,62.3,31.8477157364706,9.05844858267059,18.6204925855394
"1114","AS",2,1,14,24,"AS_2_1_14_24","AS_2_1_14","Dead",2002,2019,23.5434743775,49.65,31.8477157364706,9.05844858267059,18.6204925855394
"1115","AS",2,1,14,27,"AS_2_1_14_27","AS_2_1_14","Live",2002,2019,23.5434743775,5.5,31.8477157364706,9.05844858267059,18.6204925855394
"1116","AS",2,1,14,31,"AS_2_1_14_31","AS_2_1_14","Live",2013,2019,25.3507485,3.5,28.99069374,8.26652347113206,66.8022632169582
"1117","AS",2,1,14,32,"AS_2_1_14_32","AS_2_1_14","Live",2013,2019,25.3507485,2.9,28.99069374,8.26652347113206,66.8022632169582
"1118","AS",2,1,15,3,"AS_2_1_15_3","AS_2_1_15","Dead",2002,2019,48.4726790625,12.35,53.6911010564706,9.05844858267059,14.4152210836067
"1119","AS",2,1,15,4,"AS_2_1_15_4","AS_2_1_15","Live",2002,2019,48.4726790625,30.1,53.6911010564706,9.05844858267059,14.4152210836067
"1120","AS",2,1,15,6,"AS_2_1_15_6","AS_2_1_15","Live",2002,2019,48.4726790625,25.8,53.6911010564706,9.05844858267059,14.4152210836067
"1121","AS",2,1,15,10,"AS_2_1_15_10","AS_2_1_15","Live",2002,2019,48.4726790625,9.85,53.6911010564706,9.05844858267059,14.4152210836067
"1122","AS",2,1,15,11,"AS_2_1_15_11","AS_2_1_15","Live",2002,2019,48.4726790625,15.3,53.6911010564706,9.05844858267059,14.4152210836067
"1123","AS",2,1,15,12,"AS_2_1_15_12","AS_2_1_15","Live",2002,2019,48.4726790625,35.4,53.6911010564706,9.05844858267059,14.4152210836067
"1124","AS",2,1,15,16,"AS_2_1_15_16","AS_2_1_15","Live",2002,2019,48.4726790625,25.45,53.6911010564706,9.05844858267059,14.4152210836067
"1125","AS",2,1,15,18,"AS_2_1_15_18","AS_2_1_15","Live",2002,2019,48.4726790625,22.6,53.6911010564706,9.05844858267059,14.4152210836067
"1126","AS",2,1,15,20,"AS_2_1_15_20","AS_2_1_15","Live",2002,2019,48.4726790625,28.15,53.6911010564706,9.05844858267059,14.4152210836067
"1127","AS",2,1,15,21,"AS_2_1_15_21","AS_2_1_15","Live",2002,2019,48.4726790625,13.6,53.6911010564706,9.05844858267059,14.4152210836067
"1128","AS",2,1,15,22,"AS_2_1_15_22","AS_2_1_15","Dead",2002,2013,47.58074937,12.2,53.8344988345455,9.05844858267059,14.4152210836067
"1129","AS",2,1,15,27,"AS_2_1_15_27","AS_2_1_15","Live",2002,2019,48.4726790625,33.75,53.6911010564706,9.05844858267059,14.4152210836067
"1130","AS",2,1,15,28,"AS_2_1_15_28","AS_2_1_15","Live",2002,2019,48.4726790625,33.25,53.6911010564706,9.05844858267059,14.4152210836067
"1131","AS",2,1,15,29,"AS_2_1_15_29","AS_2_1_15","Live",2002,2019,48.4726790625,32.35,53.6911010564706,9.05844858267059,14.4152210836067
"1132","AS",2,1,15,30,"AS_2_1_15_30","AS_2_1_15","Live",2002,2019,48.4726790625,25.3,53.6911010564706,9.05844858267059,14.4152210836067
"1133","AS",2,1,15,32,"AS_2_1_15_32","AS_2_1_15","Live",2002,2019,48.4726790625,11.9,53.6911010564706,9.05844858267059,14.4152210836067
"1134","AS",2,1,15,33,"AS_2_1_15_33","AS_2_1_15","Live",2002,2019,48.4726790625,13.1,53.6911010564706,9.05844858267059,14.4152210836067
"1135","AS",2,1,15,35,"AS_2_1_15_35","AS_2_1_15","Live",2002,2019,48.4726790625,30.55,53.6911010564706,9.05844858267059,14.4152210836067
"1136","AS",2,1,15,36,"AS_2_1_15_36","AS_2_1_15","Dead",2002,2013,47.58074937,11.9,53.8344988345455,9.05844858267059,14.4152210836067
"1137","AS",2,1,15,37,"AS_2_1_15_37","AS_2_1_15","Live",2002,2019,48.4726790625,17.1,53.6911010564706,9.05844858267059,14.4152210836067
"1138","AS",2,1,15,38,"AS_2_1_15_38","AS_2_1_15","Live",2002,2019,48.4726790625,11.55,53.6911010564706,9.05844858267059,14.4152210836067
"1139","AS",2,1,15,42,"AS_2_1_15_42","AS_2_1_15","Live",2002,2019,48.4726790625,36.75,53.6911010564706,9.05844858267059,14.4152210836067
"1140","AS",2,1,15,44,"AS_2_1_15_44","AS_2_1_15","Live",2002,2019,48.4726790625,13.85,53.6911010564706,9.05844858267059,14.4152210836067
"1141","AS",2,1,15,45,"AS_2_1_15_45","AS_2_1_15","Live",2002,2019,48.4726790625,8.1,53.6911010564706,9.05844858267059,14.4152210836067
"1142","AS",2,1,15,49,"AS_2_1_15_49","AS_2_1_15","Live",2002,2019,48.4726790625,10.3,53.6911010564706,9.05844858267059,14.4152210836067
"1143","AS",2,1,15,50,"AS_2_1_15_50","AS_2_1_15","Live",2002,2019,48.4726790625,12.4,53.6911010564706,9.05844858267059,14.4152210836067
"1144","AS",2,1,15,51,"AS_2_1_15_51","AS_2_1_15","Live",2002,2019,48.4726790625,19.8,53.6911010564706,9.05844858267059,14.4152210836067
"1145","AS",2,1,15,52,"AS_2_1_15_52","AS_2_1_15","Live",2002,2019,48.4726790625,11.45,53.6911010564706,9.05844858267059,14.4152210836067
"1146","AS",2,1,15,53,"AS_2_1_15_53","AS_2_1_15","Live",2002,2019,48.4726790625,16,53.6911010564706,9.05844858267059,14.4152210836067
"1147","AS",2,1,15,54,"AS_2_1_15_54","AS_2_1_15","Live",2002,2019,48.4726790625,25.35,53.6911010564706,9.05844858267059,14.4152210836067
"1148","AS",2,1,15,55,"AS_2_1_15_55","AS_2_1_15","Live",2002,2019,48.4726790625,32.95,53.6911010564706,9.05844858267059,14.4152210836067
"1149","AS",2,1,15,58,"AS_2_1_15_58","AS_2_1_15","Dead",2002,2013,47.58074937,21.5,53.8344988345455,9.05844858267059,14.4152210836067
"1150","AS",2,1,15,59,"AS_2_1_15_59","AS_2_1_15","Live",2002,2019,48.4726790625,16.5,53.6911010564706,9.05844858267059,14.4152210836067
"1151","AS",2,1,15,60,"AS_2_1_15_60","AS_2_1_15","Live",2002,2019,48.4726790625,12.65,53.6911010564706,9.05844858267059,14.4152210836067
"1152","AS",2,1,15,61,"AS_2_1_15_61","AS_2_1_15","Live",2002,2019,48.4726790625,16.2,53.6911010564706,9.05844858267059,14.4152210836067
"1153","AS",2,1,15,62,"AS_2_1_15_62","AS_2_1_15","Live",2002,2019,48.4726790625,6.95,53.6911010564706,9.05844858267059,14.4152210836067
"1154","AS",2,1,15,63,"AS_2_1_15_63","AS_2_1_15","Live",2002,2019,48.4726790625,23.35,53.6911010564706,9.05844858267059,14.4152210836067
"1155","AS",2,1,15,64,"AS_2_1_15_64","AS_2_1_15","Live",2002,2019,48.4726790625,25.55,53.6911010564706,9.05844858267059,14.4152210836067
"1156","AS",2,1,15,66,"AS_2_1_15_66","AS_2_1_15","Live",2002,2019,48.4726790625,22.05,53.6911010564706,9.05844858267059,14.4152210836067
"1157","AS",2,1,15,67,"AS_2_1_15_67","AS_2_1_15","Live",2002,2019,48.4726790625,6.85,53.6911010564706,9.05844858267059,14.4152210836067
"1158","AS",2,1,15,71,"AS_2_1_15_71","AS_2_1_15","Live",2002,2019,48.4726790625,23.75,53.6911010564706,9.05844858267059,14.4152210836067
"1159","AS",2,1,15,72,"AS_2_1_15_72","AS_2_1_15","Dead",2002,2013,47.58074937,11.1,53.8344988345455,9.05844858267059,14.4152210836067
"1160","AS",2,1,15,73,"AS_2_1_15_73","AS_2_1_15","Live",2002,2019,48.4726790625,13.7,53.6911010564706,9.05844858267059,14.4152210836067
"1161","AS",2,1,15,74,"AS_2_1_15_74","AS_2_1_15","Live",2002,2019,48.4726790625,39.55,53.6911010564706,9.05844858267059,14.4152210836067
"1162","AS",2,1,15,75,"AS_2_1_15_75","AS_2_1_15","Live",2002,2019,48.4726790625,26.7,53.6911010564706,9.05844858267059,14.4152210836067
"1163","AS",2,1,15,76,"AS_2_1_15_76","AS_2_1_15","Live",2002,2019,48.4726790625,23.85,53.6911010564706,9.05844858267059,14.4152210836067
"1164","AS",2,1,15,77,"AS_2_1_15_77","AS_2_1_15","Live",2002,2019,48.4726790625,24.85,53.6911010564706,9.05844858267059,14.4152210836067
"1165","AS",2,1,15,79,"AS_2_1_15_79","AS_2_1_15","Live",2002,2019,48.4726790625,36.7,53.6911010564706,9.05844858267059,14.4152210836067
"1166","AS",2,1,15,80,"AS_2_1_15_80","AS_2_1_15","Live",2002,2019,48.4726790625,4.1,53.6911010564706,9.05844858267059,14.4152210836067
"1167","AS",2,1,15,81,"AS_2_1_15_81","AS_2_1_15","Live",2002,2019,48.4726790625,14.95,53.6911010564706,9.05844858267059,14.4152210836067
"1168","AS",2,1,15,82,"AS_2_1_15_82","AS_2_1_15","Live",2002,2019,48.4726790625,10.2,53.6911010564706,9.05844858267059,14.4152210836067
"1169","AS",2,1,16,3,"AS_2_1_16_3","AS_2_1_16","Dead",2002,2013,37.80570024,2.7,49.1193181809091,9.05844858267059,14.9323795950063
"1170","AS",2,1,16,4,"AS_2_1_16_4","AS_2_1_16","Live",2002,2019,40.0221873975,9,48.5140931370588,9.05844858267059,14.9323795950063
"1171","AS",2,1,16,5,"AS_2_1_16_5","AS_2_1_16","Live",2002,2019,40.0221873975,7.1,48.5140931370588,9.05844858267059,14.9323795950063
"1172","AS",2,1,16,6,"AS_2_1_16_6","AS_2_1_16","Live",2002,2019,40.0221873975,9.2,48.5140931370588,9.05844858267059,14.9323795950063
"1173","AS",2,1,16,8,"AS_2_1_16_8","AS_2_1_16","Live",2002,2019,40.0221873975,10.25,48.5140931370588,9.05844858267059,14.9323795950063
"1174","AS",2,1,16,10,"AS_2_1_16_10","AS_2_1_16","Live",2002,2019,40.0221873975,13.25,48.5140931370588,9.05844858267059,14.9323795950063
"1175","AS",2,1,16,11,"AS_2_1_16_11","AS_2_1_16","Live",2002,2019,40.0221873975,27.45,48.5140931370588,9.05844858267059,14.9323795950063
"1176","AS",2,1,16,12,"AS_2_1_16_12","AS_2_1_16","Live",2002,2019,40.0221873975,10.3,48.5140931370588,9.05844858267059,14.9323795950063
"1177","AS",2,1,16,13,"AS_2_1_16_13","AS_2_1_16","Live",2002,2019,40.0221873975,27.65,48.5140931370588,9.05844858267059,14.9323795950063
"1178","AS",2,1,16,15,"AS_2_1_16_15","AS_2_1_16","Live",2002,2019,40.0221873975,5.25,48.5140931370588,9.05844858267059,14.9323795950063
"1179","AS",2,1,16,18,"AS_2_1_16_18","AS_2_1_16","Live",2002,2019,40.0221873975,10.8,48.5140931370588,9.05844858267059,14.9323795950063
"1180","AS",2,1,16,20,"AS_2_1_16_20","AS_2_1_16","Live",2002,2019,40.0221873975,7.55,48.5140931370588,9.05844858267059,14.9323795950063
"1181","AS",2,1,16,21,"AS_2_1_16_21","AS_2_1_16","Dead",2002,2019,40.0221873975,5.65,48.5140931370588,9.05844858267059,14.9323795950063
"1182","AS",2,1,16,22,"AS_2_1_16_22","AS_2_1_16","Live",2002,2019,40.0221873975,14.95,48.5140931370588,9.05844858267059,14.9323795950063
"1183","AS",2,1,16,23,"AS_2_1_16_23","AS_2_1_16","Live",2002,2019,40.0221873975,13.75,48.5140931370588,9.05844858267059,14.9323795950063
"1184","AS",2,1,16,24,"AS_2_1_16_24","AS_2_1_16","Live",2002,2019,40.0221873975,11.3,48.5140931370588,9.05844858267059,14.9323795950063
"1185","AS",2,1,16,26,"AS_2_1_16_26","AS_2_1_16","Live",2002,2019,40.0221873975,16.45,48.5140931370588,9.05844858267059,14.9323795950063
"1186","AS",2,1,16,29,"AS_2_1_16_29","AS_2_1_16","Live",2002,2019,40.0221873975,9.9,48.5140931370588,9.05844858267059,14.9323795950063
"1187","AS",2,1,16,33,"AS_2_1_16_33","AS_2_1_16","Live",2002,2019,40.0221873975,9.1,48.5140931370588,9.05844858267059,14.9323795950063
"1188","AS",2,1,16,34,"AS_2_1_16_34","AS_2_1_16","Live",2002,2019,40.0221873975,19.85,48.5140931370588,9.05844858267059,14.9323795950063
"1189","AS",2,1,16,35,"AS_2_1_16_35","AS_2_1_16","Live",2002,2019,40.0221873975,6.85,48.5140931370588,9.05844858267059,14.9323795950063
"1190","AS",2,1,16,37,"AS_2_1_16_37","AS_2_1_16","Live",2002,2019,40.0221873975,5.6,48.5140931370588,9.05844858267059,14.9323795950063
"1191","AS",2,1,16,38,"AS_2_1_16_38","AS_2_1_16","Live",2002,2019,40.0221873975,13.9,48.5140931370588,9.05844858267059,14.9323795950063
"1192","AS",2,1,16,39,"AS_2_1_16_39","AS_2_1_16","Dead",2002,2013,37.80570024,7.7,49.1193181809091,9.05844858267059,14.9323795950063
"1193","AS",2,1,16,40,"AS_2_1_16_40","AS_2_1_16","Live",2002,2013,37.80570024,5.7,49.1193181809091,9.05844858267059,14.9323795950063
"1194","AS",2,1,16,42,"AS_2_1_16_42","AS_2_1_16","Live",2002,2019,40.0221873975,8.3,48.5140931370588,9.05844858267059,14.9323795950063
"1195","AS",2,1,16,43,"AS_2_1_16_43","AS_2_1_16","Live",2002,2019,40.0221873975,16.4,48.5140931370588,9.05844858267059,14.9323795950063
"1196","AS",2,1,16,44,"AS_2_1_16_44","AS_2_1_16","Live",2002,2019,40.0221873975,15.8,48.5140931370588,9.05844858267059,14.9323795950063
"1197","AS",2,1,16,46,"AS_2_1_16_46","AS_2_1_16","Live",2002,2019,40.0221873975,9.7,48.5140931370588,9.05844858267059,14.9323795950063
"1198","AS",2,1,16,47,"AS_2_1_16_47","AS_2_1_16","Live",2002,2019,40.0221873975,10.05,48.5140931370588,9.05844858267059,14.9323795950063
"1199","AS",2,1,16,48,"AS_2_1_16_48","AS_2_1_16","Live",2002,2019,40.0221873975,13.15,48.5140931370588,9.05844858267059,14.9323795950063
"1200","AS",2,1,16,49,"AS_2_1_16_49","AS_2_1_16","Live",2002,2019,40.0221873975,10.5,48.5140931370588,9.05844858267059,14.9323795950063
"1201","AS",2,1,16,50,"AS_2_1_16_50","AS_2_1_16","Live",2002,2019,40.0221873975,12.25,48.5140931370588,9.05844858267059,14.9323795950063
"1202","AS",2,1,16,51,"AS_2_1_16_51","AS_2_1_16","Live",2002,2019,40.0221873975,8.55,48.5140931370588,9.05844858267059,14.9323795950063
"1203","AS",2,1,16,52,"AS_2_1_16_52","AS_2_1_16","Live",2002,2019,40.0221873975,17.3,48.5140931370588,9.05844858267059,14.9323795950063
"1204","AS",2,1,16,53,"AS_2_1_16_53","AS_2_1_16","Live",2002,2019,40.0221873975,15.55,48.5140931370588,9.05844858267059,14.9323795950063
"1205","AS",2,1,16,56,"AS_2_1_16_56","AS_2_1_16","Live",2002,2019,40.0221873975,17.2,48.5140931370588,9.05844858267059,14.9323795950063
"1206","AS",2,1,16,57,"AS_2_1_16_57","AS_2_1_16","Dead",2002,2019,40.0221873975,11.55,48.5140931370588,9.05844858267059,14.9323795950063
"1207","AS",2,1,16,58,"AS_2_1_16_58","AS_2_1_16","Live",2002,2019,40.0221873975,7.6,48.5140931370588,9.05844858267059,14.9323795950063
"1208","AS",2,1,16,59,"AS_2_1_16_59","AS_2_1_16","Live",2002,2019,40.0221873975,13.25,48.5140931370588,9.05844858267059,14.9323795950063
"1209","AS",2,1,16,61,"AS_2_1_16_61","AS_2_1_16","Live",2002,2019,40.0221873975,9.65,48.5140931370588,9.05844858267059,14.9323795950063
"1210","AS",2,1,16,65,"AS_2_1_16_65","AS_2_1_16","Live",2002,2019,40.0221873975,27.5,48.5140931370588,9.05844858267059,14.9323795950063
"1211","AS",2,1,16,66,"AS_2_1_16_66","AS_2_1_16","Live",2002,2019,40.0221873975,13.65,48.5140931370588,9.05844858267059,14.9323795950063
"1212","AS",2,1,16,67,"AS_2_1_16_67","AS_2_1_16","Live",2002,2019,40.0221873975,22.1,48.5140931370588,9.05844858267059,14.9323795950063
"1213","AS",2,1,16,68,"AS_2_1_16_68","AS_2_1_16","Live",2002,2019,40.0221873975,15.25,48.5140931370588,9.05844858267059,14.9323795950063
"1214","AS",2,1,16,69,"AS_2_1_16_69","AS_2_1_16","Live",2002,2019,40.0221873975,15.45,48.5140931370588,9.05844858267059,14.9323795950063
"1215","AS",2,1,16,72,"AS_2_1_16_72","AS_2_1_16","Live",2002,2019,40.0221873975,12.7,48.5140931370588,9.05844858267059,14.9323795950063
"1216","AS",2,1,16,73,"AS_2_1_16_73","AS_2_1_16","Live",2002,2019,40.0221873975,16.5,48.5140931370588,9.05844858267059,14.9323795950063
"1217","AS",2,1,16,74,"AS_2_1_16_74","AS_2_1_16","Live",2002,2019,40.0221873975,24.65,48.5140931370588,9.05844858267059,14.9323795950063
"1218","AS",2,1,16,75,"AS_2_1_16_75","AS_2_1_16","Live",2002,2019,40.0221873975,17.1,48.5140931370588,9.05844858267059,14.9323795950063
"1219","AS",2,1,16,76,"AS_2_1_16_76","AS_2_1_16","Live",2002,2019,40.0221873975,11.9,48.5140931370588,9.05844858267059,14.9323795950063
"1220","AS",2,1,16,77,"AS_2_1_16_77","AS_2_1_16","Live",2002,2019,40.0221873975,16.3,48.5140931370588,9.05844858267059,14.9323795950063
"1221","AS",2,1,16,78,"AS_2_1_16_78","AS_2_1_16","Live",2002,2019,40.0221873975,6,48.5140931370588,9.05844858267059,14.9323795950063
"1222","AS",2,1,16,79,"AS_2_1_16_79","AS_2_1_16","Live",2002,2019,40.0221873975,9.1,48.5140931370588,9.05844858267059,14.9323795950063
"1223","AS",2,1,16,80,"AS_2_1_16_80","AS_2_1_16","Live",2002,2019,40.0221873975,16.05,48.5140931370588,9.05844858267059,14.9323795950063
"1224","AS",2,1,16,81,"AS_2_1_16_81","AS_2_1_16","Live",2002,2019,40.0221873975,19.1,48.5140931370588,9.05844858267059,14.9323795950063
"1225","AS",2,1,16,82,"AS_2_1_16_82","AS_2_1_16","Live",2002,2019,40.0221873975,19.95,48.5140931370588,9.05844858267059,14.9323795950063
"1226","AS",2,1,16,85,"AS_2_1_16_85","AS_2_1_16","Live",2002,2019,40.0221873975,36.65,48.5140931370588,9.05844858267059,14.9323795950063
"1227","AS",2,1,16,86,"AS_2_1_16_86","AS_2_1_16","Live",2002,2019,40.0221873975,35.65,48.5140931370588,9.05844858267059,14.9323795950063
"1228","AS",2,1,16,87,"AS_2_1_16_87","AS_2_1_16","Live",2002,2019,40.0221873975,21.6,48.5140931370588,9.05844858267059,14.9323795950063
"1229","AS",2,1,16,88,"AS_2_1_16_88","AS_2_1_16","Live",2002,2019,40.0221873975,18.4,48.5140931370588,9.05844858267059,14.9323795950063
"1230","AS",2,1,16,89,"AS_2_1_16_89","AS_2_1_16","Live",2002,2019,40.0221873975,21.65,48.5140931370588,9.05844858267059,14.9323795950063
"1231","AS",2,1,16,90,"AS_2_1_16_90","AS_2_1_16","Dead",2002,2019,40.0221873975,67.5,48.5140931370588,9.05844858267059,14.9323795950063
"1232","AS",2,1,17,4,"AS_2_1_17_4","AS_2_1_17","Live",2002,2019,29.984274705,36.75,50.0309278352941,9.05844858267059,16.951807275914
"1233","AS",2,1,17,5,"AS_2_1_17_5","AS_2_1_17","Live",2002,2019,29.984274705,34.6,50.0309278352941,9.05844858267059,16.951807275914
"1234","AS",2,1,17,6,"AS_2_1_17_6","AS_2_1_17","Live",2002,2019,29.984274705,19.2,50.0309278352941,9.05844858267059,16.951807275914
"1235","AS",2,1,17,8,"AS_2_1_17_8","AS_2_1_17","Live",2002,2019,29.984274705,19.95,50.0309278352941,9.05844858267059,16.951807275914
"1236","AS",2,1,17,9,"AS_2_1_17_9","AS_2_1_17","Live",2002,2019,29.984274705,23.35,50.0309278352941,9.05844858267059,16.951807275914
"1237","AS",2,1,17,11,"AS_2_1_17_11","AS_2_1_17","Live",2002,2019,29.984274705,31.55,50.0309278352941,9.05844858267059,16.951807275914
"1238","AS",2,1,17,15,"AS_2_1_17_15","AS_2_1_17","Live",2002,2019,29.984274705,26.6,50.0309278352941,9.05844858267059,16.951807275914
"1239","AS",2,1,17,17,"AS_2_1_17_17","AS_2_1_17","Live",2002,2019,29.984274705,33.9,50.0309278352941,9.05844858267059,16.951807275914
"1240","AS",2,1,17,22,"AS_2_1_17_22","AS_2_1_17","Live",2002,2019,29.984274705,24.1,50.0309278352941,9.05844858267059,16.951807275914
"1241","AS",2,1,17,23,"AS_2_1_17_23","AS_2_1_17","Live",2002,2019,29.984274705,25.4,50.0309278352941,9.05844858267059,16.951807275914
"1242","AS",2,1,17,26,"AS_2_1_17_26","AS_2_1_17","Live",2002,2019,29.984274705,37.15,50.0309278352941,9.05844858267059,16.951807275914
"1243","AS",2,1,17,27,"AS_2_1_17_27","AS_2_1_17","Live",2002,2019,29.984274705,26.35,50.0309278352941,9.05844858267059,16.951807275914
"1244","AS",2,1,17,29,"AS_2_1_17_29","AS_2_1_17","Live",2002,2019,29.984274705,32.7,50.0309278352941,9.05844858267059,16.951807275914
"1245","AS",2,1,17,30,"AS_2_1_17_30","AS_2_1_17","Live",2002,2019,29.984274705,25.75,50.0309278352941,9.05844858267059,16.951807275914
"1246","AS",2,1,17,32,"AS_2_1_17_32","AS_2_1_17","Live",2002,2019,29.984274705,22,50.0309278352941,9.05844858267059,16.951807275914
"1247","AS",2,1,17,34,"AS_2_1_17_34","AS_2_1_17","Live",2002,2019,29.984274705,30.25,50.0309278352941,9.05844858267059,16.951807275914
"1248","AS",2,1,17,35,"AS_2_1_17_35","AS_2_1_17","Live",2002,2019,29.984274705,19.3,50.0309278352941,9.05844858267059,16.951807275914
"1249","AS",2,1,17,38,"AS_2_1_17_38","AS_2_1_17","Live",2002,2019,29.984274705,23.75,50.0309278352941,9.05844858267059,16.951807275914
"1250","AS",2,1,17,39,"AS_2_1_17_39","AS_2_1_17","Live",2002,2019,29.984274705,23.45,50.0309278352941,9.05844858267059,16.951807275914
"1251","AS",2,1,17,41,"AS_2_1_17_41","AS_2_1_17","Live",2002,2019,29.984274705,25.1,50.0309278352941,9.05844858267059,16.951807275914
"1252","AS",2,1,18,1,"AS_2_1_18_1","AS_2_1_18","Live",2002,2019,34.7889101175,36.65,48.5040723970588,9.05844858267059,15.0337615772178
"1253","AS",2,1,18,4,"AS_2_1_18_4","AS_2_1_18","Live",2002,2019,34.7889101175,25.1,48.5040723970588,9.05844858267059,15.0337615772178
"1254","AS",2,1,18,5,"AS_2_1_18_5","AS_2_1_18","Live",2002,2019,34.7889101175,31.05,48.5040723970588,9.05844858267059,15.0337615772178
"1255","AS",2,1,18,7,"AS_2_1_18_7","AS_2_1_18","Live",2002,2019,34.7889101175,28.8,48.5040723970588,9.05844858267059,15.0337615772178
"1256","AS",2,1,18,8,"AS_2_1_18_8","AS_2_1_18","Live",2002,2019,34.7889101175,6.9,48.5040723970588,9.05844858267059,15.0337615772178
"1257","AS",2,1,18,12,"AS_2_1_18_12","AS_2_1_18","Live",2002,2019,34.7889101175,32.3,48.5040723970588,9.05844858267059,15.0337615772178
"1258","AS",2,1,18,13,"AS_2_1_18_13","AS_2_1_18","Live",2002,2019,34.7889101175,8.05,48.5040723970588,9.05844858267059,15.0337615772178
"1259","AS",2,1,18,14,"AS_2_1_18_14","AS_2_1_18","Live",2002,2019,34.7889101175,20.4,48.5040723970588,9.05844858267059,15.0337615772178
"1260","AS",2,1,18,15,"AS_2_1_18_15","AS_2_1_18","Live",2002,2019,34.7889101175,52.3,48.5040723970588,9.05844858267059,15.0337615772178
"1261","AS",2,1,18,16,"AS_2_1_18_16","AS_2_1_18","Live",2002,2019,34.7889101175,57.5,48.5040723970588,9.05844858267059,15.0337615772178
"1262","AS",2,1,18,17,"AS_2_1_18_17","AS_2_1_18","Live",2002,2019,34.7889101175,47.8,48.5040723970588,9.05844858267059,15.0337615772178
"1263","AS",2,1,18,18,"AS_2_1_18_18","AS_2_1_18","Live",2002,2019,34.7889101175,63.5,48.5040723970588,9.05844858267059,15.0337615772178
"1264","AS",2,1,19,1,"AS_2_1_19_1","AS_2_1_19","Live",2002,2019,23.4216393508433,4.7,39.1325014858824,9.05844858267059,18.7730030131577
"1265","AS",2,1,19,2,"AS_2_1_19_2","AS_2_1_19","Live",2002,2019,23.4216393508433,59.05,39.1325014858824,9.05844858267059,18.7730030131577
"1266","AS",2,1,19,3,"AS_2_1_19_3","AS_2_1_19","Live",2002,2019,23.4216393508433,28.2,39.1325014858824,9.05844858267059,18.7730030131577
"1267","AS",2,1,19,4,"AS_2_1_19_4","AS_2_1_19","Live",2002,2019,23.4216393508433,20.2,39.1325014858824,9.05844858267059,18.7730030131577
"1268","AS",2,1,19,6,"AS_2_1_19_6","AS_2_1_19","Live",2002,2019,23.4216393508433,13.167515,39.1325014858824,9.05844858267059,18.7730030131577
"1269","AS",2,1,19,7,"AS_2_1_19_7","AS_2_1_19","Live",2002,2019,23.4216393508433,19.55,39.1325014858824,9.05844858267059,18.7730030131577
"1270","AS",2,1,19,8,"AS_2_1_19_8","AS_2_1_19","Live",2002,2019,23.4216393508433,30.2,39.1325014858824,9.05844858267059,18.7730030131577
"1271","AS",2,1,19,9,"AS_2_1_19_9","AS_2_1_19","Live",2002,2019,23.4216393508433,25.8,39.1325014858824,9.05844858267059,18.7730030131577
"1272","AS",2,1,19,13,"AS_2_1_19_13","AS_2_1_19","Live",2002,2019,23.4216393508433,22.6,39.1325014858824,9.05844858267059,18.7730030131577
"1273","AS",2,1,19,14,"AS_2_1_19_14","AS_2_1_19","Live",2002,2019,23.4216393508433,20,39.1325014858824,9.05844858267059,18.7730030131577
"1274","AS",2,1,19,17,"AS_2_1_19_17","AS_2_1_19","Live",2002,2019,23.4216393508433,27.05,39.1325014858824,9.05844858267059,18.7730030131577
"1275","AS",2,1,19,20,"AS_2_1_19_20","AS_2_1_19","Live",2002,2019,23.4216393508433,30.95,39.1325014858824,9.05844858267059,18.7730030131577
"1276","AS",2,1,19,21,"AS_2_1_19_21","AS_2_1_19","Live",2002,2019,23.4216393508433,32.4,39.1325014858824,9.05844858267059,18.7730030131577
"1277","AS",2,1,19,22,"AS_2_1_19_22","AS_2_1_19","Live",2002,2019,23.4216393508433,28.15,39.1325014858824,9.05844858267059,18.7730030131577
"1278","AS",2,1,19,24,"AS_2_1_19_24","AS_2_1_19","Live",2002,2019,23.4216393508433,24.65,39.1325014858824,9.05844858267059,18.7730030131577
"1279","AS",2,1,20,2,"AS_2_1_20_2","AS_2_1_20","Live",2002,2019,31.988497695,21.8,41.3963007882353,9.05844858267059,15.7643537293656
"1280","AS",2,1,20,3,"AS_2_1_20_3","AS_2_1_20","Live",2002,2019,31.988497695,12.3,41.3963007882353,9.05844858267059,15.7643537293656
"1281","AS",2,1,20,5,"AS_2_1_20_5","AS_2_1_20","Live",2002,2019,31.988497695,19.95,41.3963007882353,9.05844858267059,15.7643537293656
"1282","AS",2,1,20,6,"AS_2_1_20_6","AS_2_1_20","Live",2002,2019,31.988497695,29.2,41.3963007882353,9.05844858267059,15.7643537293656
"1283","AS",2,1,20,7,"AS_2_1_20_7","AS_2_1_20","Live",2002,2019,31.988497695,18.2,41.3963007882353,9.05844858267059,15.7643537293656
"1284","AS",2,1,20,8,"AS_2_1_20_8","AS_2_1_20","Live",2002,2019,31.988497695,26.1,41.3963007882353,9.05844858267059,15.7643537293656
"1285","AS",2,1,20,9,"AS_2_1_20_9","AS_2_1_20","Live",2002,2019,31.988497695,29.05,41.3963007882353,9.05844858267059,15.7643537293656
"1286","AS",2,1,20,12,"AS_2_1_20_12","AS_2_1_20","Live",2002,2019,31.988497695,14.15,41.3963007882353,9.05844858267059,15.7643537293656
"1287","AS",2,1,20,13,"AS_2_1_20_13","AS_2_1_20","Live",2002,2019,31.988497695,25.6,41.3963007882353,9.05844858267059,15.7643537293656
"1288","AS",2,1,20,14,"AS_2_1_20_14","AS_2_1_20","Live",2002,2019,31.988497695,26.3,41.3963007882353,9.05844858267059,15.7643537293656
"1289","AS",2,1,20,16,"AS_2_1_20_16","AS_2_1_20","Live",2002,2019,31.988497695,23.3,41.3963007882353,9.05844858267059,15.7643537293656
"1290","AS",2,1,20,17,"AS_2_1_20_17","AS_2_1_20","Live",2002,2019,31.988497695,16.95,41.3963007882353,9.05844858267059,15.7643537293656
"1291","AS",2,1,20,18,"AS_2_1_20_18","AS_2_1_20","Live",2002,2019,31.988497695,17.45,41.3963007882353,9.05844858267059,15.7643537293656
"1292","AS",2,1,20,19,"AS_2_1_20_19","AS_2_1_20","Live",2002,2019,31.988497695,22.7,41.3963007882353,9.05844858267059,15.7643537293656
"1293","AS",2,1,20,21,"AS_2_1_20_21","AS_2_1_20","Live",2002,2019,31.988497695,21.5,41.3963007882353,9.05844858267059,15.7643537293656
"1294","AS",2,1,20,22,"AS_2_1_20_22","AS_2_1_20","Live",2002,2019,31.988497695,8.85,41.3963007882353,9.05844858267059,15.7643537293656
"1295","AS",2,1,20,23,"AS_2_1_20_23","AS_2_1_20","Live",2002,2019,31.988497695,12.9,41.3963007882353,9.05844858267059,15.7643537293656
"1296","AS",2,1,20,25,"AS_2_1_20_25","AS_2_1_20","Live",2002,2019,31.988497695,13.35,41.3963007882353,9.05844858267059,15.7643537293656
"1297","AS",2,1,20,26,"AS_2_1_20_26","AS_2_1_20","Live",2002,2019,31.988497695,52.15,41.3963007882353,9.05844858267059,15.7643537293656
"1298","AS",2,1,20,27,"AS_2_1_20_27","AS_2_1_20","Live",2002,2019,31.988497695,14.95,41.3963007882353,9.05844858267059,15.7643537293656
"1299","AS",2,1,20,29,"AS_2_1_20_29","AS_2_1_20","Live",2002,2019,31.988497695,71,41.3963007882353,9.05844858267059,15.7643537293656
"1300","AS",2,1,20,30,"AS_2_1_20_30","AS_2_1_20","Live",2002,2019,31.988497695,16.8,41.3963007882353,9.05844858267059,15.7643537293656
"1301","AS",2,1,20,32,"AS_2_1_20_32","AS_2_1_20","Live",2002,2019,31.988497695,13.75,41.3963007882353,9.05844858267059,15.7643537293656
"1302","AS",2,2,1,4,"AS_2_2_1_4","AS_2_2_1","Live",2002,2019,21.331248015,27.8,25.9000304782353,9.05844858267059,17.3858861278003
"1303","AS",2,2,1,18,"AS_2_2_1_18","AS_2_2_1","Live",2002,2019,21.331248015,31,25.9000304782353,9.05844858267059,17.3858861278003
"1304","AS",2,2,1,19,"AS_2_2_1_19","AS_2_2_1","Live",2002,2019,21.331248015,28.25,25.9000304782353,9.05844858267059,17.3858861278003
"1305","AS",2,2,1,25,"AS_2_2_1_25","AS_2_2_1","Live",2002,2019,21.331248015,41.6,25.9000304782353,9.05844858267059,17.3858861278003
"1306","AS",2,2,1,27,"AS_2_2_1_27","AS_2_2_1","Live",2002,2019,21.331248015,32.25,25.9000304782353,9.05844858267059,17.3858861278003
"1307","AS",2,2,1,28,"AS_2_2_1_28","AS_2_2_1","Live",2002,2019,21.331248015,23.45,25.9000304782353,9.05844858267059,17.3858861278003
"1308","AS",2,2,2,3,"AS_2_2_2_3","AS_2_2_2","Live",2002,2019,16.380840105716,26.65,23.7410551854706,9.05844858267059,16.9385331685953
"1309","AS",2,2,2,4,"AS_2_2_2_4","AS_2_2_2","Live",2002,2019,16.380840105716,22.9,23.7410551854706,9.05844858267059,16.9385331685953
"1310","AS",2,2,3,9,"AS_2_2_3_9","AS_2_2_3","Live",2002,2019,26.216553825,28.1,25.2383107091765,9.05844858267059,17.1270605834692
"1311","AS",2,2,3,16,"AS_2_2_3_16","AS_2_2_3","Live",2002,2019,26.216553825,48.45,25.2383107091765,9.05844858267059,17.1270605834692
"1312","AS",2,2,3,43,"AS_2_2_3_43","AS_2_2_3","Live",2002,2019,26.216553825,40.35,25.2383107091765,9.05844858267059,17.1270605834692
"1313","AS",2,2,3,44,"AS_2_2_3_44","AS_2_2_3","Live",2002,2019,26.216553825,34.7,25.2383107091765,9.05844858267059,17.1270605834692
"1314","AS",2,2,4,2,"AS_2_2_4_2","AS_2_2_4","Live",2002,2019,14.0473796925,25.45,27.8608539852941,9.05844858267059,18.9782516152114
"1315","AS",2,2,4,3,"AS_2_2_4_3","AS_2_2_4","Live",2002,2019,14.0473796925,26.75,27.8608539852941,9.05844858267059,18.9782516152114
"1316","AS",2,2,4,10,"AS_2_2_4_10","AS_2_2_4","Live",2002,2019,14.0473796925,31.6,27.8608539852941,9.05844858267059,18.9782516152114
"1317","AS",2,2,4,24,"AS_2_2_4_24","AS_2_2_4","Dead",2002,2013,23.05164708,17.4,31.58467928,9.05844858267059,18.9782516152114
"1318","AS",2,2,5,2,"AS_2_2_5_2","AS_2_2_5","Live",2002,2019,26.01719967,58.35,30.3454762605882,9.05844858267059,15.9257177824695
"1319","AS",2,2,5,3,"AS_2_2_5_3","AS_2_2_5","Live",2002,2019,26.01719967,45.15,30.3454762605882,9.05844858267059,15.9257177824695
"1320","AS",2,2,5,4,"AS_2_2_5_4","AS_2_2_5","Live",2002,2019,26.01719967,58.95,30.3454762605882,9.05844858267059,15.9257177824695
"1321","AS",2,2,5,19,"AS_2_2_5_19","AS_2_2_5","Live",2002,2019,26.01719967,29.5,30.3454762605882,9.05844858267059,15.9257177824695
"1322","AS",2,2,5,26,"AS_2_2_5_26","AS_2_2_5","Live",2002,2019,26.01719967,20.15,30.3454762605882,9.05844858267059,15.9257177824695
"1323","AS",2,2,5,29,"AS_2_2_5_29","AS_2_2_5","Live",2002,2019,26.01719967,26.75,30.3454762605882,9.05844858267059,15.9257177824695
"1324","AS",2,2,6,12,"AS_2_2_6_12","AS_2_2_6","Live",2002,2019,13.5356130525,25.5,25.1233493405882,9.05844858267059,22.560276648912
"1325","AS",2,2,6,14,"AS_2_2_6_14","AS_2_2_6","Live",2002,2019,13.5356130525,18.45,25.1233493405882,9.05844858267059,22.560276648912
"1326","AS",2,2,6,18,"AS_2_2_6_18","AS_2_2_6","Live",2002,2019,13.5356130525,18.5,25.1233493405882,9.05844858267059,22.560276648912
"1327","AS",2,2,6,19,"AS_2_2_6_19","AS_2_2_6","Live",2002,2019,13.5356130525,26.15,25.1233493405882,9.05844858267059,22.560276648912
"1328","AS",2,2,6,25,"AS_2_2_6_25","AS_2_2_6","Live",2002,2019,13.5356130525,16.5,25.1233493405882,9.05844858267059,22.560276648912
"1329","AS",2,2,6,45,"AS_2_2_6_45","AS_2_2_6","Live",2002,2019,13.5356130525,31.35,25.1233493405882,9.05844858267059,22.560276648912
"1330","AS",2,2,6,53,"AS_2_2_6_53","AS_2_2_6","Live",2002,2019,13.5356130525,28.05,25.1233493405882,9.05844858267059,22.560276648912
"1331","AS",2,2,7,5,"AS_2_2_7_5","AS_2_2_7","Live",2002,2019,23.043655635,33.95,25.1328077617647,9.05844858267059,16.7822898637128
"1332","AS",2,2,7,18,"AS_2_2_7_18","AS_2_2_7","Live",2002,2019,23.043655635,30.7,25.1328077617647,9.05844858267059,16.7822898637128
"1333","AS",2,2,7,25,"AS_2_2_7_25","AS_2_2_7","Live",2002,2019,23.043655635,34.8,25.1328077617647,9.05844858267059,16.7822898637128
"1334","AS",2,2,7,27,"AS_2_2_7_27","AS_2_2_7","Live",2002,2019,23.043655635,33.35,25.1328077617647,9.05844858267059,16.7822898637128
"1335","AS",2,2,7,30,"AS_2_2_7_30","AS_2_2_7","Live",2002,2019,23.043655635,35,25.1328077617647,9.05844858267059,16.7822898637128
"1336","AS",2,2,8,1,"AS_2_2_8_1","AS_2_2_8","Live",2002,2019,22.1050339125,34.15,23.9183175864706,9.05844858267059,17.0955052380817
"1337","AS",2,2,8,10,"AS_2_2_8_10","AS_2_2_8","Live",2002,2019,22.1050339125,41.4,23.9183175864706,9.05844858267059,17.0955052380817
"1338","AS",2,2,8,11,"AS_2_2_8_11","AS_2_2_8","Live",2002,2019,22.1050339125,29.7,23.9183175864706,9.05844858267059,17.0955052380817
"1339","AS",2,2,8,13,"AS_2_2_8_13","AS_2_2_8","Live",2002,2019,22.1050339125,37.15,23.9183175864706,9.05844858267059,17.0955052380817
"1340","AS",2,2,8,14,"AS_2_2_8_14","AS_2_2_8","Live",2002,2019,22.1050339125,33.65,23.9183175864706,9.05844858267059,17.0955052380817
"1341","AS",2,2,8,15,"AS_2_2_8_15","AS_2_2_8","Live",2002,2019,22.1050339125,3.5,23.9183175864706,9.05844858267059,17.0955052380817
"1342","AS",2,2,8,17,"AS_2_2_8_17","AS_2_2_8","Live",2002,2019,22.1050339125,31.7,23.9183175864706,9.05844858267059,17.0955052380817
"1343","AS",2,2,8,22,"AS_2_2_8_22","AS_2_2_8","Live",2002,2019,22.1050339125,28.1,23.9183175864706,9.05844858267059,17.0955052380817
"1344","AS",2,2,9,1,"AS_2_2_9_1","AS_2_2_9","Live",2002,2019,22.124816175,28.85,25.4983236805882,9.05844858267059,16.9186203161809
"1345","AS",2,2,9,8,"AS_2_2_9_8","AS_2_2_9","Live",2002,2019,22.124816175,30.3,25.4983236805882,9.05844858267059,16.9186203161809
"1346","AS",2,2,9,13,"AS_2_2_9_13","AS_2_2_9","Live",2002,2019,22.124816175,30.15,25.4983236805882,9.05844858267059,16.9186203161809
"1347","AS",2,2,9,16,"AS_2_2_9_16","AS_2_2_9","Live",2002,2019,22.124816175,29,25.4983236805882,9.05844858267059,16.9186203161809
"1348","AS",2,2,9,19,"AS_2_2_9_19","AS_2_2_9","Live",2002,2019,22.124816175,42.65,25.4983236805882,9.05844858267059,16.9186203161809
"1349","AS",2,2,9,20,"AS_2_2_9_20","AS_2_2_9","Live",2002,2019,22.124816175,52.35,25.4983236805882,9.05844858267059,16.9186203161809
"1350","AS",2,2,9,22,"AS_2_2_9_22","AS_2_2_9","Live",2002,2019,22.124816175,34.5,25.4983236805882,9.05844858267059,16.9186203161809
"1351","AS",2,2,10,8,"AS_2_2_10_8","AS_2_2_10","Live",2002,2019,18.9818908125,29.3,22.8485217915882,9.05844858267059,18.3923045862741
"1352","AS",2,2,10,16,"AS_2_2_10_16","AS_2_2_10","Live",2002,2019,18.9818908125,42.2,22.8485217915882,9.05844858267059,18.3923045862741
"1353","AS",2,2,10,17,"AS_2_2_10_17","AS_2_2_10","Dead",2002,2013,29.254363215,26.7,27.3966085724545,9.05844858267059,18.3923045862741
"1354","AS",2,2,10,28,"AS_2_2_10_28","AS_2_2_10","Dead",2002,2013,29.254363215,32.5,27.3966085724545,9.05844858267059,18.3923045862741
"1355","AS",2,2,10,32,"AS_2_2_10_32","AS_2_2_10","Live",2002,2019,18.9818908125,35.45,22.8485217915882,9.05844858267059,18.3923045862741
"1356","AS",2,2,11,2,"AS_2_2_11_2","AS_2_2_11","Live",2002,2019,18.482562945,63,23.4423769505882,9.05844858267059,20.594277845966
"1357","AS",2,2,11,9,"AS_2_2_11_9","AS_2_2_11","Live",2002,2019,18.482562945,16.9,23.4423769505882,9.05844858267059,20.594277845966
"1358","AS",2,2,11,17,"AS_2_2_11_17","AS_2_2_11","Live",2002,2019,18.482562945,26.95,23.4423769505882,9.05844858267059,20.594277845966
"1359","AS",2,2,11,18,"AS_2_2_11_18","AS_2_2_11","Live",2002,2019,18.482562945,35.4,23.4423769505882,9.05844858267059,20.594277845966
"1360","AS",2,2,11,20,"AS_2_2_11_20","AS_2_2_11","Live",2002,2019,18.482562945,25.35,23.4423769505882,9.05844858267059,20.594277845966
"1361","AS",2,2,11,25,"AS_2_2_11_25","AS_2_2_11","Live",2002,2019,18.482562945,29.1,23.4423769505882,9.05844858267059,20.594277845966
"1362","AS",2,2,13,6,"AS_2_2_13_6","AS_2_2_13","Live",2002,2019,18.0476575125,24.95,21.3088235294118,9.05844858267059,21.2654640628818
"1363","AS",2,2,13,11,"AS_2_2_13_11","AS_2_2_13","Live",2002,2019,18.0476575125,26.75,21.3088235294118,9.05844858267059,21.2654640628818
"1364","AS",2,2,13,13,"AS_2_2_13_13","AS_2_2_13","Live",2002,2019,18.0476575125,24.85,21.3088235294118,9.05844858267059,21.2654640628818
"1365","AS",2,2,13,14,"AS_2_2_13_14","AS_2_2_13","Live",2002,2019,18.0476575125,23,21.3088235294118,9.05844858267059,21.2654640628818
"1366","AS",2,2,13,15,"AS_2_2_13_15","AS_2_2_13","Live",2002,2019,18.0476575125,23.5,21.3088235294118,9.05844858267059,21.2654640628818
"1367","AS",2,2,13,17,"AS_2_2_13_17","AS_2_2_13","Live",2002,2019,18.0476575125,23.85,21.3088235294118,9.05844858267059,21.2654640628818
"1368","AS",2,2,13,49,"AS_2_2_13_49","AS_2_2_13","Live",2002,2019,18.0476575125,32.65,21.3088235294118,9.05844858267059,21.2654640628818
"1369","AS",2,2,13,50,"AS_2_2_13_50","AS_2_2_13","Live",2002,2019,18.0476575125,27.3,21.3088235294118,9.05844858267059,21.2654640628818
"1370","AS",2,2,14,9,"AS_2_2_14_9","AS_2_2_14","Live",2002,2019,20.5327023825,32.55,27.4765906352941,9.05844858267059,16.4465793147667
"1371","AS",2,2,14,10,"AS_2_2_14_10","AS_2_2_14","Live",2002,2019,20.5327023825,26.35,27.4765906352941,9.05844858267059,16.4465793147667
"1372","AS",2,2,14,19,"AS_2_2_14_19","AS_2_2_14","Live",2002,2019,20.5327023825,32.05,27.4765906352941,9.05844858267059,16.4465793147667
"1373","AS",2,2,14,26,"AS_2_2_14_26","AS_2_2_14","Live",2002,2019,20.5327023825,24,27.4765906352941,9.05844858267059,16.4465793147667
"1374","AS",2,2,14,31,"AS_2_2_14_31","AS_2_2_14","Live",2002,2019,20.5327023825,32,27.4765906352941,9.05844858267059,16.4465793147667
"1375","AS",2,2,16,4,"AS_2_2_16_4","AS_2_2_16","Live",2002,2019,13.3645922025,27.9,21.2221883565882,9.05844858267059,18.0921256481744
"1376","AS",2,2,16,9,"AS_2_2_16_9","AS_2_2_16","Dead",2002,2013,23.184399315,44.5,23.8049929329091,9.05844858267059,18.0921256481744
"1377","AS",2,2,16,23,"AS_2_2_16_23","AS_2_2_16","Live",2002,2019,13.3645922025,26.35,21.2221883565882,9.05844858267059,18.0921256481744
"1378","AS",2,2,17,19,"AS_2_2_17_19","AS_2_2_17","Live",2002,2019,17.677724295,30.6,21.7459066103529,9.05844858267059,16.7568494413119
"1379","AS",2,2,17,20,"AS_2_2_17_20","AS_2_2_17","Live",2002,2019,17.677724295,32.05,21.7459066103529,9.05844858267059,16.7568494413119
"1380","AS",2,2,17,21,"AS_2_2_17_21","AS_2_2_17","Live",2002,2019,17.677724295,27.65,21.7459066103529,9.05844858267059,16.7568494413119
"1381","AS",2,2,18,4,"AS_2_2_18_4","AS_2_2_18","Dead",2002,2013,51.39099966,31.3,31.3244755232727,9.05844858267059,14.2319524404278
"1382","AS",2,2,18,21,"AS_2_2_18_21","AS_2_2_18","Live",2002,2019,27.2118028875,37.75,24.3010558060588,9.05844858267059,14.2319524404278
"1383","AS",2,2,19,2,"AS_2_2_19_2","AS_2_2_19","Live",2002,2019,28.1730834,41.8,34.0318127252941,9.05844858267059,14.8128140182816
"1384","AS",2,2,19,6,"AS_2_2_19_6","AS_2_2_19","Live",2002,2019,28.1730834,28.7,34.0318127252941,9.05844858267059,14.8128140182816
"1385","AS",2,2,19,10,"AS_2_2_19_10","AS_2_2_19","Live",2002,2019,28.1730834,33.3,34.0318127252941,9.05844858267059,14.8128140182816
"1386","AS",2,2,19,27,"AS_2_2_19_27","AS_2_2_19","Live",2002,2019,28.1730834,32.95,34.0318127252941,9.05844858267059,14.8128140182816
"1387","AS",2,2,19,34,"AS_2_2_19_34","AS_2_2_19","Live",2002,2019,28.1730834,44.1,34.0318127252941,9.05844858267059,14.8128140182816
"1388","AS",2,2,19,37,"AS_2_2_19_37","AS_2_2_19","Live",2002,2019,28.1730834,37.5,34.0318127252941,9.05844858267059,14.8128140182816
"1389","AS",2,2,19,39,"AS_2_2_19_39","AS_2_2_19","Live",2002,2019,28.1730834,39.35,34.0318127252941,9.05844858267059,14.8128140182816
"1390","AS",2,2,20,17,"AS_2_2_20_17","AS_2_2_20","Live",2002,2019,17.563055895,34.05,25.5420814494118,9.05844858267059,16.1789479022104
"1391","AS",2,2,20,19,"AS_2_2_20_19","AS_2_2_20","Live",2002,2019,17.563055895,35.45,25.5420814494118,9.05844858267059,16.1789479022104
"1392","AS",2,2,20,20,"AS_2_2_20_20","AS_2_2_20","Live",2002,2019,17.563055895,29.95,25.5420814494118,9.05844858267059,16.1789479022104
"1393","GV",1,1,1,2,"GV_1_1_1_2","GV_1_1_1","Live",1997,2019,38.072912955,1.8,34.9179990872727,9.7502572992518,11.7021620966638
"1394","GV",1,1,1,3,"GV_1_1_1_3","GV_1_1_1","Dead",1997,2004,37.68042894,1.6,38.9404163671429,9.71461632254499,11.7021620966638
"1395","GV",1,1,1,4,"GV_1_1_1_4","GV_1_1_1","Dead",1997,2004,37.68042894,2.7,38.9404163671429,9.71461632254499,11.7021620966638
"1396","GV",1,1,1,5,"GV_1_1_1_5","GV_1_1_1","Dead",1997,2004,37.68042894,3.3,38.9404163671429,9.71461632254499,11.7021620966638
"1397","GV",1,1,1,6,"GV_1_1_1_6","GV_1_1_1","Dead",1997,2004,37.68042894,2.1,38.9404163671429,9.71461632254499,11.7021620966638
"1398","GV",1,1,1,11,"GV_1_1_1_11","GV_1_1_1","Live",1997,2019,38.072912955,18.4666666666667,34.9179990872727,9.7502572992518,11.7021620966638
"1399","GV",1,1,1,12,"GV_1_1_1_12","GV_1_1_1","Live",1997,2019,38.072912955,44.7333333333333,34.9179990872727,9.7502572992518,11.7021620966638
"1400","GV",1,1,1,13,"GV_1_1_1_13","GV_1_1_1","Live",1997,2019,38.072912955,42.7333333333333,34.9179990872727,9.7502572992518,11.7021620966638
"1401","GV",1,1,1,14,"GV_1_1_1_14","GV_1_1_1","Live",1997,2019,38.072912955,41.6333333333333,34.9179990872727,9.7502572992518,11.7021620966638
"1402","GV",1,1,1,15,"GV_1_1_1_15","GV_1_1_1","Live",1997,2019,38.072912955,26.2333333333333,34.9179990872727,9.7502572992518,11.7021620966638
"1403","GV",1,1,1,16,"GV_1_1_1_16","GV_1_1_1","Dead",1997,2004,37.68042894,18.6,38.9404163671429,9.71461632254499,11.7021620966638
"1404","GV",1,1,1,17,"GV_1_1_1_17","GV_1_1_1","Dead",1997,2004,37.68042894,12,38.9404163671429,9.71461632254499,11.7021620966638
"1405","GV",1,1,1,18,"GV_1_1_1_18","GV_1_1_1","Live",1997,2019,38.072912955,46,34.9179990872727,9.7502572992518,11.7021620966638
"1406","GV",1,1,1,20,"GV_1_1_1_20","GV_1_1_1","Dead",1997,2004,37.68042894,10.9,38.9404163671429,9.71461632254499,11.7021620966638
"1407","GV",1,1,1,21,"GV_1_1_1_21","GV_1_1_1","Dead",1997,2004,37.68042894,2.3,38.9404163671429,9.71461632254499,11.7021620966638
"1408","GV",1,1,1,27,"GV_1_1_1_27","GV_1_1_1","Dead",1997,2004,37.68042894,6.5,38.9404163671429,9.71461632254499,11.7021620966638
"1409","GV",1,1,1,28,"GV_1_1_1_28","GV_1_1_1","Dead",1997,2004,37.68042894,3.2,38.9404163671429,9.71461632254499,11.7021620966638
"1410","GV",1,1,1,29,"GV_1_1_1_29","GV_1_1_1","Dead",1997,2004,37.68042894,10.1,38.9404163671429,9.71461632254499,11.7021620966638
"1411","GV",1,1,1,31,"GV_1_1_1_31","GV_1_1_1","Dead",1997,2004,37.68042894,7,38.9404163671429,9.71461632254499,11.7021620966638
"1412","GV",1,1,1,32,"GV_1_1_1_32","GV_1_1_1","Dead",1997,2004,37.68042894,4,38.9404163671429,9.71461632254499,11.7021620966638
"1413","GV",1,1,1,33,"GV_1_1_1_33","GV_1_1_1","Live",1997,2019,38.072912955,6.33333333333333,34.9179990872727,9.7502572992518,11.7021620966638
"1414","GV",1,1,1,34,"GV_1_1_1_34","GV_1_1_1","Dead",1997,2004,37.68042894,5,38.9404163671429,9.71461632254499,11.7021620966638
"1415","GV",1,1,1,35,"GV_1_1_1_35","GV_1_1_1","Dead",1997,2004,37.68042894,5,38.9404163671429,9.71461632254499,11.7021620966638
"1416","GV",1,1,1,36,"GV_1_1_1_36","GV_1_1_1","Dead",1997,2004,37.68042894,0.5,38.9404163671429,9.71461632254499,11.7021620966638
"1417","GV",1,1,1,37,"GV_1_1_1_37","GV_1_1_1","Live",1997,2019,38.072912955,45.1666666666667,34.9179990872727,9.7502572992518,11.7021620966638
"1418","GV",1,1,1,38,"GV_1_1_1_38","GV_1_1_1","Live",1997,2019,38.072912955,9,34.9179990872727,9.7502572992518,11.7021620966638
"1419","GV",1,1,1,39,"GV_1_1_1_39","GV_1_1_1","Live",1997,2019,38.072912955,6.63333333333333,34.9179990872727,9.7502572992518,11.7021620966638
"1420","GV",1,1,1,40,"GV_1_1_1_40","GV_1_1_1","Dead",1997,2004,37.68042894,1,38.9404163671429,9.71461632254499,11.7021620966638
"1421","GV",1,1,1,41,"GV_1_1_1_41","GV_1_1_1","Dead",1997,2004,37.68042894,5.8,38.9404163671429,9.71461632254499,11.7021620966638
"1422","GV",1,1,1,42,"GV_1_1_1_42","GV_1_1_1","Dead",1997,2004,37.68042894,2.8,38.9404163671429,9.71461632254499,11.7021620966638
"1423","GV",1,1,1,43,"GV_1_1_1_43","GV_1_1_1","Dead",1997,2004,37.68042894,5.1,38.9404163671429,9.71461632254499,11.7021620966638
"1424","GV",1,1,1,44,"GV_1_1_1_44","GV_1_1_1","Dead",1997,2004,37.68042894,0.8,38.9404163671429,9.71461632254499,11.7021620966638
"1425","GV",1,1,1,45,"GV_1_1_1_45","GV_1_1_1","Dead",1997,2004,37.68042894,4.5,38.9404163671429,9.71461632254499,11.7021620966638
"1426","GV",1,1,1,46,"GV_1_1_1_46","GV_1_1_1","Live",1997,2019,38.072912955,7.83333333333333,34.9179990872727,9.7502572992518,11.7021620966638
"1427","GV",1,1,1,47,"GV_1_1_1_47","GV_1_1_1","Dead",1997,2004,37.68042894,4,38.9404163671429,9.71461632254499,11.7021620966638
"1428","GV",1,1,1,48,"GV_1_1_1_48","GV_1_1_1","Dead",1997,2004,37.68042894,3.7,38.9404163671429,9.71461632254499,11.7021620966638
"1429","GV",1,1,1,49,"GV_1_1_1_49","GV_1_1_1","Dead",1997,2004,37.68042894,4.1,38.9404163671429,9.71461632254499,11.7021620966638
"1430","GV",1,1,1,50,"GV_1_1_1_50","GV_1_1_1","Dead",1997,2004,37.68042894,7.9,38.9404163671429,9.71461632254499,11.7021620966638
"1431","GV",1,1,1,51,"GV_1_1_1_51","GV_1_1_1","Dead",1997,2004,37.68042894,3.6,38.9404163671429,9.71461632254499,11.7021620966638
"1432","GV",1,1,1,52,"GV_1_1_1_52","GV_1_1_1","Dead",1997,2004,37.68042894,2.5,38.9404163671429,9.71461632254499,11.7021620966638
"1433","GV",1,1,1,53,"GV_1_1_1_53","GV_1_1_1","Dead",1997,2004,37.68042894,3.3,38.9404163671429,9.71461632254499,11.7021620966638
"1434","GV",1,1,1,54,"GV_1_1_1_54","GV_1_1_1","Dead",1997,2004,37.68042894,4,38.9404163671429,9.71461632254499,11.7021620966638
"1435","GV",1,1,1,55,"GV_1_1_1_55","GV_1_1_1","Dead",1997,2004,37.68042894,1.5,38.9404163671429,9.71461632254499,11.7021620966638
"1436","GV",1,1,1,57,"GV_1_1_1_57","GV_1_1_1","Dead",1997,2004,37.68042894,4.5,38.9404163671429,9.71461632254499,11.7021620966638
"1437","GV",1,1,1,58,"GV_1_1_1_58","GV_1_1_1","Dead",1997,2004,37.68042894,7.9,38.9404163671429,9.71461632254499,11.7021620966638
"1438","GV",1,1,1,62,"GV_1_1_1_62","GV_1_1_1","Dead",1997,2004,37.68042894,1.5,38.9404163671429,9.71461632254499,11.7021620966638
"1439","GV",1,1,1,63,"GV_1_1_1_63","GV_1_1_1","Dead",1997,2004,37.68042894,7.4,38.9404163671429,9.71461632254499,11.7021620966638
"1440","GV",1,1,1,64,"GV_1_1_1_64","GV_1_1_1","Dead",1997,2004,37.68042894,6.2,38.9404163671429,9.71461632254499,11.7021620966638
"1441","GV",1,1,1,65,"GV_1_1_1_65","GV_1_1_1","Dead",1997,2004,37.68042894,1.5,38.9404163671429,9.71461632254499,11.7021620966638
"1442","GV",1,1,1,66,"GV_1_1_1_66","GV_1_1_1","Dead",1997,2004,37.68042894,1.5,38.9404163671429,9.71461632254499,11.7021620966638
"1443","GV",1,1,1,67,"GV_1_1_1_67","GV_1_1_1","Dead",1997,2004,37.68042894,0.8,38.9404163671429,9.71461632254499,11.7021620966638
"1444","GV",1,1,1,68,"GV_1_1_1_68","GV_1_1_1","Dead",1997,2004,37.68042894,5.2,38.9404163671429,9.71461632254499,11.7021620966638
"1445","GV",1,1,1,69,"GV_1_1_1_69","GV_1_1_1","Dead",1997,2004,37.68042894,2,38.9404163671429,9.71461632254499,11.7021620966638
"1446","GV",1,1,1,70,"GV_1_1_1_70","GV_1_1_1","Live",1997,2019,38.072912955,2.4,34.9179990872727,9.7502572992518,11.7021620966638
"1447","GV",1,1,1,71,"GV_1_1_1_71","GV_1_1_1","Live",1997,2019,38.072912955,17.3666666666667,34.9179990872727,9.7502572992518,11.7021620966638
"1448","GV",1,1,1,72,"GV_1_1_1_72","GV_1_1_1","Live",1997,2019,38.072912955,10.3,34.9179990872727,9.7502572992518,11.7021620966638
"1449","GV",1,1,1,73,"GV_1_1_1_73","GV_1_1_1","Live",1997,2019,38.072912955,3.9,34.9179990872727,9.7502572992518,11.7021620966638
"1450","GV",1,1,1,74,"GV_1_1_1_74","GV_1_1_1","Live",1997,2019,38.072912955,10.9666666666667,34.9179990872727,9.7502572992518,11.7021620966638
"1451","GV",1,1,1,75,"GV_1_1_1_75","GV_1_1_1","Dead",1997,2004,37.68042894,2.8,38.9404163671429,9.71461632254499,11.7021620966638
"1452","GV",1,1,1,76,"GV_1_1_1_76","GV_1_1_1","Live",1997,2019,38.072912955,7.36666666666667,34.9179990872727,9.7502572992518,11.7021620966638
"1453","GV",1,1,1,78,"GV_1_1_1_78","GV_1_1_1","Dead",1997,2004,37.68042894,0.8,38.9404163671429,9.71461632254499,11.7021620966638
"1454","GV",1,1,1,79,"GV_1_1_1_79","GV_1_1_1","Dead",1997,2004,37.68042894,0.5,38.9404163671429,9.71461632254499,11.7021620966638
"1455","GV",1,1,1,80,"GV_1_1_1_80","GV_1_1_1","Live",1997,2019,37.476755085,8.9,34.9179990872727,9.7502572992518,11.7021620966638
"1456","GV",1,1,1,81,"GV_1_1_1_81","GV_1_1_1","Dead",1997,2004,37.68042894,2,38.9404163671429,9.71461632254499,11.7021620966638
"1457","GV",1,1,1,82,"GV_1_1_1_82","GV_1_1_1","Dead",1997,2004,37.68042894,2.2,38.9404163671429,9.71461632254499,11.7021620966638
"1458","GV",1,1,1,83,"GV_1_1_1_83","GV_1_1_1","Live",1997,2019,38.072912955,10.1333333333333,34.9179990872727,9.7502572992518,11.7021620966638
"1459","GV",1,1,1,84,"GV_1_1_1_84","GV_1_1_1","Dead",1997,2004,37.68042894,0.7,38.9404163671429,9.71461632254499,11.7021620966638
"1460","GV",1,1,1,85,"GV_1_1_1_85","GV_1_1_1","Live",1997,2019,38.072912955,3.46666666666667,34.9179990872727,9.7502572992518,11.7021620966638
"1461","GV",1,1,1,86,"GV_1_1_1_86","GV_1_1_1","Dead",1997,2004,37.68042894,4.1,38.9404163671429,9.71461632254499,11.7021620966638
"1462","GV",1,1,1,87,"GV_1_1_1_87","GV_1_1_1","Live",1997,2019,38.072912955,11.4,34.9179990872727,9.7502572992518,11.7021620966638
"1463","GV",1,1,1,88,"GV_1_1_1_88","GV_1_1_1","Live",1997,2019,38.072912955,14.1666666666667,34.9179990872727,9.7502572992518,11.7021620966638
"1464","GV",1,1,1,89,"GV_1_1_1_89","GV_1_1_1","Live",1997,2019,38.072912955,4.73333333333333,34.9179990872727,9.7502572992518,11.7021620966638
"1465","GV",1,1,1,90,"GV_1_1_1_90","GV_1_1_1","Dead",1997,2004,37.68042894,8.9,38.9404163671429,9.71461632254499,11.7021620966638
"1466","GV",1,1,1,91,"GV_1_1_1_91","GV_1_1_1","Dead",1997,2004,37.68042894,10.2,38.9404163671429,9.71461632254499,11.7021620966638
"1467","GV",1,1,1,93,"GV_1_1_1_93","GV_1_1_1","Dead",1997,2004,37.68042894,3.5,38.9404163671429,9.71461632254499,11.7021620966638
"1468","GV",1,1,1,94,"GV_1_1_1_94","GV_1_1_1","Live",1997,2019,38.072912955,17.7,34.9179990872727,9.7502572992518,11.7021620966638
"1469","GV",1,1,1,95,"GV_1_1_1_95","GV_1_1_1","Live",1997,2019,38.072912955,20.2333333333333,34.9179990872727,9.7502572992518,11.7021620966638
"1470","GV",1,1,1,96,"GV_1_1_1_96","GV_1_1_1","Live",1997,2019,38.072912955,13.4333333333333,34.9179990872727,9.7502572992518,11.7021620966638
"1471","GV",1,1,1,100,"GV_1_1_1_100","GV_1_1_1","Live",1997,2019,38.072912955,15.4,34.9179990872727,9.7502572992518,11.7021620966638
"1472","GV",1,1,1,101,"GV_1_1_1_101","GV_1_1_1","Live",1997,2019,38.072912955,4.36666666666667,34.9179990872727,9.7502572992518,11.7021620966638
"1473","GV",1,1,1,143,"GV_1_1_1_143","GV_1_1_1","Live",1997,2019,38.072912955,4.93333333333333,34.9179990872727,9.7502572992518,11.7021620966638
"1474","GV",1,1,1,144,"GV_1_1_1_144","GV_1_1_1","Live",1997,2019,38.072912955,14,34.9179990872727,9.7502572992518,11.7021620966638
"1475","GV",1,1,1,145,"GV_1_1_1_145","GV_1_1_1","Live",1997,2019,38.072912955,10.2666666666667,34.9179990872727,9.7502572992518,11.7021620966638
"1476","GV",1,1,2,19,"GV_1_1_2_19","GV_1_1_2","Live",1997,2019,19.76919868,44.5333333333333,26.9308105681818,9.7502572992518,8.89008093733945
"1477","GV",1,1,2,20,"GV_1_1_2_20","GV_1_1_2","Live",1997,2019,19.76919868,18.8666666666667,26.9308105681818,9.7502572992518,8.89008093733945
"1478","GV",1,1,2,21,"GV_1_1_2_21","GV_1_1_2","Live",1997,2019,19.76919868,15.8333333333333,26.9308105681818,9.7502572992518,8.89008093733945
"1479","GV",1,1,2,23,"GV_1_1_2_23","GV_1_1_2","Live",1997,2019,19.76919868,21.4333333333333,26.9308105681818,9.7502572992518,8.89008093733945
"1480","GV",1,1,2,24,"GV_1_1_2_24","GV_1_1_2","Live",1997,2019,19.76919868,5.06666666666667,26.9308105681818,9.7502572992518,8.89008093733945
"1481","GV",1,1,2,25,"GV_1_1_2_25","GV_1_1_2","Live",1997,2019,19.76919868,20.1,26.9308105681818,9.7502572992518,8.89008093733945
"1482","GV",1,1,2,26,"GV_1_1_2_26","GV_1_1_2","Live",1997,2019,19.76919868,12.7333333333333,26.9308105681818,9.7502572992518,8.89008093733945
"1483","GV",1,1,2,27,"GV_1_1_2_27","GV_1_1_2","Live",1997,2019,19.76919868,39.9,26.9308105681818,9.7502572992518,8.89008093733945
"1484","GV",1,1,2,28,"GV_1_1_2_28","GV_1_1_2","Live",1997,2019,19.76919868,1.96666666666667,26.9308105681818,9.7502572992518,8.89008093733945
"1485","GV",1,1,2,29,"GV_1_1_2_29","GV_1_1_2","Live",1997,2019,19.76919868,11.7333333333333,26.9308105681818,9.7502572992518,8.89008093733945
"1486","GV",1,1,2,30,"GV_1_1_2_30","GV_1_1_2","Live",1997,2019,19.76919868,20.4666666666667,26.9308105681818,9.7502572992518,8.89008093733945
"1487","GV",1,1,3,1,"GV_1_1_3_1","GV_1_1_3","Dead",1997,2004,29.627546025,2.3,27.1028571428571,9.71461632254499,10.3776432522864
"1488","GV",1,1,3,3,"GV_1_1_3_3","GV_1_1_3","Live",1997,2019,28.1024761465301,6.96666666666667,28.0965909090909,9.7502572992518,10.3776432522864
"1489","GV",1,1,3,4,"GV_1_1_3_4","GV_1_1_3","Live",1997,2019,28.1024761465301,5.9,28.0965909090909,9.7502572992518,10.3776432522864
"1490","GV",1,1,3,5,"GV_1_1_3_5","GV_1_1_3","Live",1997,2019,28.1024761465301,7.56666666666667,28.0965909090909,9.7502572992518,10.3776432522864
"1491","GV",1,1,3,6,"GV_1_1_3_6","GV_1_1_3","Dead",1997,2004,29.627546025,4.7,27.1028571428571,9.71461632254499,10.3776432522864
"1492","GV",1,1,3,7,"GV_1_1_3_7","GV_1_1_3","Dead",1997,2004,29.627546025,31,27.1028571428571,9.71461632254499,10.3776432522864
"1493","GV",1,1,3,8,"GV_1_1_3_8","GV_1_1_3","Dead",1997,2004,29.627546025,26.8,27.1028571428571,9.71461632254499,10.3776432522864
"1494","GV",1,1,3,9,"GV_1_1_3_9","GV_1_1_3","Dead",1997,2004,29.627546025,27.1,27.1028571428571,9.71461632254499,10.3776432522864
"1495","GV",1,1,3,12,"GV_1_1_3_12","GV_1_1_3","Live",1997,2019,28.1024761465301,11.3666666666667,28.0965909090909,9.7502572992518,10.3776432522864
"1496","GV",1,1,3,13,"GV_1_1_3_13","GV_1_1_3","Live",1997,2019,28.1024761465301,36.3,28.0965909090909,9.7502572992518,10.3776432522864
"1497","GV",1,1,3,14,"GV_1_1_3_14","GV_1_1_3","Live",1997,2019,28.1024761465301,4.23333333333333,28.0965909090909,9.7502572992518,10.3776432522864
"1498","GV",1,1,3,15,"GV_1_1_3_15","GV_1_1_3","Live",1997,2019,28.1024761465301,33.9333333333333,28.0965909090909,9.7502572992518,10.3776432522864
"1499","GV",1,1,3,16,"GV_1_1_3_16","GV_1_1_3","Live",1997,2019,28.1024761465301,24.4,28.0965909090909,9.7502572992518,10.3776432522864
"1500","GV",1,1,3,17,"GV_1_1_3_17","GV_1_1_3","Live",1997,2019,28.1024761465301,25.6,28.0965909090909,9.7502572992518,10.3776432522864
"1501","GV",1,1,3,18,"GV_1_1_3_18","GV_1_1_3","Live",1997,2019,28.1024761465301,32.6333333333333,28.0965909090909,9.7502572992518,10.3776432522864
"1502","GV",1,1,3,19,"GV_1_1_3_19","GV_1_1_3","Live",1997,2019,28.1024761465301,41.2333333333333,28.0965909090909,9.7502572992518,10.3776432522864
"1503","GV",1,1,3,21,"GV_1_1_3_21","GV_1_1_3","Live",1997,2019,28.1024761465301,33.9666666666667,28.0965909090909,9.7502572992518,10.3776432522864
"1504","GV",1,1,3,22,"GV_1_1_3_22","GV_1_1_3","Live",1997,2019,28.1024761465301,16.0666666666667,28.0965909090909,9.7502572992518,10.3776432522864
"1505","GV",1,1,3,23,"GV_1_1_3_23","GV_1_1_3","Live",1997,2019,28.1024761465301,36.8,28.0965909090909,9.7502572992518,10.3776432522864
"1506","GV",1,1,3,24,"GV_1_1_3_24","GV_1_1_3","Dead",1997,2019,28.1024761465301,15.4,28.0965909090909,9.7502572992518,10.3776432522864
"1507","GV",1,1,3,28,"GV_1_1_3_28","GV_1_1_3","Live",1997,2019,28.1024761465301,9.93333333333333,28.0965909090909,9.7502572992518,10.3776432522864
"1508","GV",1,1,3,29,"GV_1_1_3_29","GV_1_1_3","Live",1997,2019,28.1024761465301,18.8,28.0965909090909,9.7502572992518,10.3776432522864
"1509","GV",1,1,3,30,"GV_1_1_3_30","GV_1_1_3","Live",1997,2019,28.1024761465301,25.5666666666667,28.0965909090909,9.7502572992518,10.3776432522864
"1510","GV",1,1,3,31,"GV_1_1_3_31","GV_1_1_3","Live",1997,2019,28.1024761465301,20.8333333333333,28.0965909090909,9.7502572992518,10.3776432522864
"1511","GV",1,1,3,32,"GV_1_1_3_32","GV_1_1_3","Dead",1997,2019,28.1024761465301,6.6,28.0965909090909,9.7502572992518,10.3776432522864
"1512","GV",1,1,3,33,"GV_1_1_3_33","GV_1_1_3","Live",1997,2019,28.1024761465301,12.0666666666667,28.0965909090909,9.7502572992518,10.3776432522864
"1513","GV",1,1,3,34,"GV_1_1_3_34","GV_1_1_3","Live",1997,2019,28.1024761465301,7.8,28.0965909090909,9.7502572992518,10.3776432522864
"1514","GV",1,1,3,35,"GV_1_1_3_35","GV_1_1_3","Live",1997,2019,28.1024761465301,1.13333333333333,28.0965909090909,9.7502572992518,10.3776432522864
"1515","GV",1,1,3,36,"GV_1_1_3_36","GV_1_1_3","Live",1997,2019,28.1024761465301,3.26666666666667,28.0965909090909,9.7502572992518,10.3776432522864
"1516","GV",1,1,3,37,"GV_1_1_3_37","GV_1_1_3","Live",1997,2019,28.1024761465301,5.5,28.0965909090909,9.7502572992518,10.3776432522864
"1517","GV",1,1,3,38,"GV_1_1_3_38","GV_1_1_3","Dead",1997,2004,29.627546025,0.6,27.1028571428571,9.71461632254499,10.3776432522864
"1518","GV",1,1,3,39,"GV_1_1_3_39","GV_1_1_3","Dead",1997,2004,29.627546025,6,27.1028571428571,9.71461632254499,10.3776432522864
"1519","GV",1,1,3,40,"GV_1_1_3_40","GV_1_1_3","Dead",1997,2004,29.627546025,5,27.1028571428571,9.71461632254499,10.3776432522864
"1520","GV",1,1,3,41,"GV_1_1_3_41","GV_1_1_3","Live",1997,2019,28.1024761465301,9.8,28.0965909090909,9.7502572992518,10.3776432522864
"1521","GV",1,1,3,42,"GV_1_1_3_42","GV_1_1_3","Dead",1997,2004,29.627546025,4.8,27.1028571428571,9.71461632254499,10.3776432522864
"1522","GV",1,1,3,43,"GV_1_1_3_43","GV_1_1_3","Dead",1997,2004,29.627546025,9.3,27.1028571428571,9.71461632254499,10.3776432522864
"1523","GV",1,1,3,45,"GV_1_1_3_45","GV_1_1_3","Dead",1997,2019,28.1024761465301,11.5666666666667,28.0965909090909,9.7502572992518,10.3776432522864
"1524","GV",1,1,3,46,"GV_1_1_3_46","GV_1_1_3","Dead",1997,2004,29.627546025,0.4,27.1028571428571,9.71461632254499,10.3776432522864
"1525","GV",1,1,3,47,"GV_1_1_3_47","GV_1_1_3","Dead",1997,2004,29.627546025,1.4,27.1028571428571,9.71461632254499,10.3776432522864
"1526","GV",1,1,3,48,"GV_1_1_3_48","GV_1_1_3","Dead",1997,2004,29.627546025,2.1,27.1028571428571,9.71461632254499,10.3776432522864
"1527","GV",1,1,3,49,"GV_1_1_3_49","GV_1_1_3","Dead",1997,2004,29.627546025,4.5,27.1028571428571,9.71461632254499,10.3776432522864
"1528","GV",1,1,3,51,"GV_1_1_3_51","GV_1_1_3","Dead",1997,2004,29.627546025,1.2,27.1028571428571,9.71461632254499,10.3776432522864
"1529","GV",1,1,3,52,"GV_1_1_3_52","GV_1_1_3","Dead",1997,2004,29.627546025,5,27.1028571428571,9.71461632254499,10.3776432522864
"1530","GV",1,1,3,53,"GV_1_1_3_53","GV_1_1_3","Dead",1997,2004,29.627546025,10,27.1028571428571,9.71461632254499,10.3776432522864
"1531","GV",1,1,3,54,"GV_1_1_3_54","GV_1_1_3","Dead",1997,2019,28.1024761465301,9.6,28.0965909090909,9.7502572992518,10.3776432522864
"1532","GV",1,1,3,55,"GV_1_1_3_55","GV_1_1_3","Live",1997,2008,28.1194701788373,11.4,26.8713636363636,9.71461632254499,10.3776432522864
"1533","GV",1,1,3,56,"GV_1_1_3_56","GV_1_1_3","Live",1997,2008,28.1194701788373,10.05,26.8713636363636,9.71461632254499,10.3776432522864
"1534","GV",1,1,3,57,"GV_1_1_3_57","GV_1_1_3","Live",1997,2019,28.1024761465301,13.2666666666667,28.0965909090909,9.7502572992518,10.3776432522864
"1535","GV",1,1,3,58,"GV_1_1_3_58","GV_1_1_3","Live",1997,2019,28.1024761465301,13.9333333333333,28.0965909090909,9.7502572992518,10.3776432522864
"1536","GV",1,1,3,59,"GV_1_1_3_59","GV_1_1_3","Dead",1997,2004,29.627546025,5.9,27.1028571428571,9.71461632254499,10.3776432522864
"1537","GV",1,1,3,60,"GV_1_1_3_60","GV_1_1_3","Dead",1997,2004,29.627546025,7.3,27.1028571428571,9.71461632254499,10.3776432522864
"1538","GV",1,1,3,63,"GV_1_1_3_63","GV_1_1_3","Dead",1997,2019,28.1024761465301,5.43333333333333,28.0965909090909,9.7502572992518,10.3776432522864
"1539","GV",1,1,3,64,"GV_1_1_3_64","GV_1_1_3","Dead",1997,2004,29.627546025,6.9,27.1028571428571,9.71461632254499,10.3776432522864
"1540","GV",1,1,3,65,"GV_1_1_3_65","GV_1_1_3","Dead",1997,2004,29.627546025,5,27.1028571428571,9.71461632254499,10.3776432522864
"1541","GV",1,1,3,66,"GV_1_1_3_66","GV_1_1_3","Dead",1997,2019,28.1024761465301,11.5666666666667,28.0965909090909,9.7502572992518,10.3776432522864
"1542","GV",1,1,3,67,"GV_1_1_3_67","GV_1_1_3","Dead",1997,2004,29.627546025,0.8,27.1028571428571,9.71461632254499,10.3776432522864
"1543","GV",1,1,3,68,"GV_1_1_3_68","GV_1_1_3","Live",1997,2008,28.1194701788373,3.8,26.8713636363636,9.71461632254499,10.3776432522864
"1544","GV",1,1,3,69,"GV_1_1_3_69","GV_1_1_3","Dead",1997,2004,29.627546025,2.8,27.1028571428571,9.71461632254499,10.3776432522864
"1545","GV",1,1,3,71,"GV_1_1_3_71","GV_1_1_3","Live",2004,2008,26.6113943326746,1.7,26.46625,9.22931167772874,39.6509904285653
"1546","GV",1,1,4,1,"GV_1_1_4_1","GV_1_1_4","Live",1997,2019,13.46589244,16.1666666666667,21.3782628268182,9.7502572992518,9.84166279288585
"1547","GV",1,1,4,4,"GV_1_1_4_4","GV_1_1_4","Live",1997,2019,13.46589244,20.3333333333333,21.3782628268182,9.7502572992518,9.84166279288585
"1548","GV",1,1,4,14,"GV_1_1_4_14","GV_1_1_4","Live",1997,2019,13.46589244,26.5,21.3782628268182,9.7502572992518,9.84166279288585
"1549","GV",1,1,4,15,"GV_1_1_4_15","GV_1_1_4","Live",2004,2019,14.3522130675,21.2,19.0151815186667,9.7502572992518,19.3467661590473
"1550","GV",1,1,4,16,"GV_1_1_4_16","GV_1_1_4","Live",2004,2019,14.3522130675,8.3,19.0151815186667,9.7502572992518,19.3467661590473
"1551","GV",1,1,4,17,"GV_1_1_4_17","GV_1_1_4","Live",2004,2019,14.3522130675,6.3,19.0151815186667,9.7502572992518,19.3467661590473
"1552","GV",1,1,4,18,"GV_1_1_4_18","GV_1_1_4","Live",1997,2019,13.46589244,20.9666666666667,21.3782628268182,9.7502572992518,9.84166279288585
"1553","GV",1,1,4,19,"GV_1_1_4_19","GV_1_1_4","Live",2004,2019,14.3522130675,15.4,19.0151815186667,9.7502572992518,19.3467661590473
"1554","GV",1,1,4,24,"GV_1_1_4_24","GV_1_1_4","Live",1997,2019,13.46589244,45.5666666666667,21.3782628268182,9.7502572992518,9.84166279288585
"1555","GV",1,1,4,25,"GV_1_1_4_25","GV_1_1_4","Live",2008,2019,15.06821316,17.6,18.7304230427273,9.7502572992518,19.3467661590473
"1556","GV",1,1,5,3,"GV_1_1_5_3","GV_1_1_5","Live",1997,2019,7.66889431,15.6333333333333,11.7245590238636,9.7502572992518,8.7459918928086
"1557","GV",1,1,5,4,"GV_1_1_5_4","GV_1_1_5","Live",1997,2019,7.66889431,25.3666666666667,11.7245590238636,9.7502572992518,8.7459918928086
"1558","GV",1,1,5,5,"GV_1_1_5_5","GV_1_1_5","Dead",1997,2004,6.32596503,5,12.5252309885714,9.71461632254499,8.7459918928086
"1559","GV",1,1,5,6,"GV_1_1_5_6","GV_1_1_5","Live",1997,2019,7.66889431,18.1666666666667,11.7245590238636,9.7502572992518,8.7459918928086
"1560","GV",1,1,5,7,"GV_1_1_5_7","GV_1_1_5","Live",1997,2019,7.66889431,24.3,11.7245590238636,9.7502572992518,8.7459918928086
"1561","GV",1,1,5,8,"GV_1_1_5_8","GV_1_1_5","Live",1997,2019,7.66889431,23.9666666666667,11.7245590238636,9.7502572992518,8.7459918928086
"1562","GV",1,1,5,9,"GV_1_1_5_9","GV_1_1_5","Live",1997,2019,7.66889431,4.16666666666667,11.7245590238636,9.7502572992518,8.7459918928086
"1563","GV",1,1,5,13,"GV_1_1_5_13","GV_1_1_5","Live",1997,2019,7.66889431,31.5,11.7245590238636,9.7502572992518,8.7459918928086
"1564","GV",1,1,5,15,"GV_1_1_5_15","GV_1_1_5","Live",1997,2019,7.66889431,22.0333333333333,11.7245590238636,9.7502572992518,8.7459918928086
"1565","GV",1,1,6,1,"GV_1_1_6_1","GV_1_1_6","Live",1997,2019,12.7471599714858,19.7333333333333,21.6485148513636,9.7502572992518,9.06663570954226
"1566","GV",1,1,6,2,"GV_1_1_6_2","GV_1_1_6","Live",1997,2019,12.7471599714858,15.1333333333333,21.6485148513636,9.7502572992518,9.06663570954226
"1567","GV",1,1,6,3,"GV_1_1_6_3","GV_1_1_6","Live",1997,2019,12.7471599714858,15.5,21.6485148513636,9.7502572992518,9.06663570954226
"1568","GV",1,1,6,4,"GV_1_1_6_4","GV_1_1_6","Live",1997,2019,12.7471599714858,7.6,21.6485148513636,9.7502572992518,9.06663570954226
"1569","GV",1,1,6,6,"GV_1_1_6_6","GV_1_1_6","Live",1997,2019,12.7471599714858,14.5,21.6485148513636,9.7502572992518,9.06663570954226
"1570","GV",1,1,6,11,"GV_1_1_6_11","GV_1_1_6","Live",1997,2019,12.7471599714858,12.8666666666667,21.6485148513636,9.7502572992518,9.06663570954226
"1571","GV",1,1,6,12,"GV_1_1_6_12","GV_1_1_6","Live",1997,2019,12.7471599714858,13.2,21.6485148513636,9.7502572992518,9.06663570954226
"1572","GV",1,1,6,13,"GV_1_1_6_13","GV_1_1_6","Live",1997,2019,12.7471599714858,7.63333333333333,21.6485148513636,9.7502572992518,9.06663570954226
"1573","GV",1,1,7,14,"GV_1_1_7_14","GV_1_1_7","Live",1997,2019,18.257585115,13.0666666666667,30.7788028795455,9.7502572992518,9.08872878502462
"1574","GV",1,1,7,19,"GV_1_1_7_19","GV_1_1_7","Live",1997,2019,18.257585115,13.2,30.7788028795455,9.7502572992518,9.08872878502462
"1575","GV",1,1,7,20,"GV_1_1_7_20","GV_1_1_7","Live",1997,2019,18.257585115,13.0666666666667,30.7788028795455,9.7502572992518,9.08872878502462
"1576","GV",1,1,7,21,"GV_1_1_7_21","GV_1_1_7","Live",1997,2019,18.257585115,2.46666666666667,30.7788028795455,9.7502572992518,9.08872878502462
"1577","GV",1,1,7,22,"GV_1_1_7_22","GV_1_1_7","Live",1997,2019,18.257585115,9.06666666666667,30.7788028795455,9.7502572992518,9.08872878502462
"1578","GV",1,1,7,23,"GV_1_1_7_23","GV_1_1_7","Live",1997,2019,18.257585115,8.56666666666667,30.7788028795455,9.7502572992518,9.08872878502462
"1579","GV",1,1,7,24,"GV_1_1_7_24","GV_1_1_7","Live",1997,2019,18.257585115,15.5,30.7788028795455,9.7502572992518,9.08872878502462
"1580","GV",1,1,7,25,"GV_1_1_7_25","GV_1_1_7","Live",1997,2019,18.257585115,15.8333333333333,30.7788028795455,9.7502572992518,9.08872878502462
"1581","GV",1,1,7,26,"GV_1_1_7_26","GV_1_1_7","Live",1997,2019,18.257585115,2.2,30.7788028795455,9.7502572992518,9.08872878502462
"1582","GV",1,1,7,27,"GV_1_1_7_27","GV_1_1_7","Live",1997,2019,18.257585115,20.6666666666667,30.7788028795455,9.7502572992518,9.08872878502462
"1583","GV",1,1,7,28,"GV_1_1_7_28","GV_1_1_7","Live",1997,2019,18.257585115,11.4,30.7788028795455,9.7502572992518,9.08872878502462
"1584","GV",1,1,7,29,"GV_1_1_7_29","GV_1_1_7","Live",1997,2019,18.257585115,30.9333333333333,30.7788028795455,9.7502572992518,9.08872878502462
"1585","GV",1,1,7,30,"GV_1_1_7_30","GV_1_1_7","Live",1997,2019,18.257585115,31.6333333333333,30.7788028795455,9.7502572992518,9.08872878502462
"1586","GV",1,1,7,41,"GV_1_1_7_41","GV_1_1_7","Live",1997,2019,18.257585115,19,30.7788028795455,9.7502572992518,9.08872878502462
"1587","GV",1,1,8,1,"GV_1_1_8_1","GV_1_1_8","Dead",1997,2019,24.1409706721681,6.76666666666667,32.0159090909091,9.7502572992518,9.85932774512074
"1588","GV",1,1,8,2,"GV_1_1_8_2","GV_1_1_8","Live",1997,2019,24.1409706721681,11.7333333333333,32.0159090909091,9.7502572992518,9.85932774512074
"1589","GV",1,1,8,3,"GV_1_1_8_3","GV_1_1_8","Live",1997,2019,24.1409706721681,16.1,32.0159090909091,9.7502572992518,9.85932774512074
"1590","GV",1,1,8,4,"GV_1_1_8_4","GV_1_1_8","Live",1997,2019,24.1409706721681,24.7333333333333,32.0159090909091,9.7502572992518,9.85932774512074
"1591","GV",1,1,8,5,"GV_1_1_8_5","GV_1_1_8","Live",1997,2008,22.8717511682522,1.8,33.12,9.71461632254499,9.85932774512074
"1592","GV",1,1,8,6,"GV_1_1_8_6","GV_1_1_8","Live",1997,2019,24.1409706721681,14.2333333333333,32.0159090909091,9.7502572992518,9.85932774512074
"1593","GV",1,1,8,8,"GV_1_1_8_8","GV_1_1_8","Live",1997,2019,24.1409706721681,26.4,32.0159090909091,9.7502572992518,9.85932774512074
"1594","GV",1,1,8,10,"GV_1_1_8_10","GV_1_1_8","Live",1997,2019,24.1409706721681,30.5333333333333,32.0159090909091,9.7502572992518,9.85932774512074
"1595","GV",1,1,8,11,"GV_1_1_8_11","GV_1_1_8","Live",1997,2019,24.1409706721681,26.0333333333333,32.0159090909091,9.7502572992518,9.85932774512074
"1596","GV",1,1,8,12,"GV_1_1_8_12","GV_1_1_8","Live",1997,2019,24.1409706721681,14.2333333333333,32.0159090909091,9.7502572992518,9.85932774512074
"1597","GV",1,1,8,13,"GV_1_1_8_13","GV_1_1_8","Dead",1997,2019,24.1409706721681,3,32.0159090909091,9.7502572992518,9.85932774512074
"1598","GV",1,1,8,15,"GV_1_1_8_15","GV_1_1_8","Live",1997,2019,24.1409706721681,21.4,32.0159090909091,9.7502572992518,9.85932774512074
"1599","GV",1,1,8,17,"GV_1_1_8_17","GV_1_1_8","Live",1997,2008,22.8717511682522,5.6,33.12,9.71461632254499,9.85932774512074
"1600","GV",1,1,8,18,"GV_1_1_8_18","GV_1_1_8","Live",1997,2019,24.1409706721681,14.3333333333333,32.0159090909091,9.7502572992518,9.85932774512074
"1601","GV",1,1,8,19,"GV_1_1_8_19","GV_1_1_8","Live",1997,2019,24.1409706721681,19.5333333333333,32.0159090909091,9.7502572992518,9.85932774512074
"1602","GV",1,1,8,20,"GV_1_1_8_20","GV_1_1_8","Dead",1997,2019,24.1409706721681,9.33333333333333,32.0159090909091,9.7502572992518,9.85932774512074
"1603","GV",1,1,8,21,"GV_1_1_8_21","GV_1_1_8","Dead",1997,2019,24.1409706721681,14.5,32.0159090909091,9.7502572992518,9.85932774512074
"1604","GV",1,1,8,22,"GV_1_1_8_22","GV_1_1_8","Dead",1997,2019,24.1409706721681,13.3666666666667,32.0159090909091,9.7502572992518,9.85932774512074
"1605","GV",1,1,8,24,"GV_1_1_8_24","GV_1_1_8","Live",1997,2008,22.8717511682522,3.05,33.12,9.71461632254499,9.85932774512074
"1606","GV",1,1,8,25,"GV_1_1_8_25","GV_1_1_8","Dead",1997,2019,24.1409706721681,13.3666666666667,32.0159090909091,9.7502572992518,9.85932774512074
"1607","GV",1,1,8,26,"GV_1_1_8_26","GV_1_1_8","Dead",1997,2019,24.1409706721681,12.4666666666667,32.0159090909091,9.7502572992518,9.85932774512074
"1608","GV",1,1,8,27,"GV_1_1_8_27","GV_1_1_8","Dead",1997,2019,24.1409706721681,10.7,32.0159090909091,9.7502572992518,9.85932774512074
"1609","GV",1,1,8,28,"GV_1_1_8_28","GV_1_1_8","Live",1997,2019,24.1409706721681,35.8,32.0159090909091,9.7502572992518,9.85932774512074
"1610","GV",1,1,8,31,"GV_1_1_8_31","GV_1_1_8","Live",1997,2008,22.8717511682522,1.6,33.12,9.71461632254499,9.85932774512074
"1611","GV",1,1,8,32,"GV_1_1_8_32","GV_1_1_8","Live",1997,2019,24.1409706721681,27.2,32.0159090909091,9.7502572992518,9.85932774512074
"1612","GV",1,1,8,33,"GV_1_1_8_33","GV_1_1_8","Dead",1997,2019,24.1409706721681,6.8,32.0159090909091,9.7502572992518,9.85932774512074
"1613","GV",1,1,8,34,"GV_1_1_8_34","GV_1_1_8","Live",1997,2019,24.1409706721681,24.8333333333333,32.0159090909091,9.7502572992518,9.85932774512074
"1614","GV",1,1,8,35,"GV_1_1_8_35","GV_1_1_8","Live",1997,2019,24.1409706721681,19.4666666666667,32.0159090909091,9.7502572992518,9.85932774512074
"1615","GV",1,1,8,36,"GV_1_1_8_36","GV_1_1_8","Live",1997,2019,24.1409706721681,21.1666666666667,32.0159090909091,9.7502572992518,9.85932774512074
"1616","GV",1,1,8,37,"GV_1_1_8_37","GV_1_1_8","Live",1997,2019,24.1409706721681,19.8333333333333,32.0159090909091,9.7502572992518,9.85932774512074
"1617","GV",1,1,8,38,"GV_1_1_8_38","GV_1_1_8","Live",1997,2019,24.1409706721681,7.33333333333333,32.0159090909091,9.7502572992518,9.85932774512074
"1618","GV",1,1,8,39,"GV_1_1_8_39","GV_1_1_8","Live",1997,2019,24.1409706721681,25.5666666666667,32.0159090909091,9.7502572992518,9.85932774512074
"1619","GV",1,1,8,40,"GV_1_1_8_40","GV_1_1_8","Dead",1997,2019,24.1409706721681,12,32.0159090909091,9.7502572992518,9.85932774512074
"1620","GV",1,1,8,41,"GV_1_1_8_41","GV_1_1_8","Live",1997,2019,24.1409706721681,29.6333333333333,32.0159090909091,9.7502572992518,9.85932774512074
"1621","GV",1,1,8,42,"GV_1_1_8_42","GV_1_1_8","Live",1997,2019,24.1409706721681,26.7333333333333,32.0159090909091,9.7502572992518,9.85932774512074
"1622","GV",1,1,9,1,"GV_1_1_9_1","GV_1_1_9","Live",1997,2019,27.196497405,57.1,25.8855721390909,9.7502572992518,10.9471153063344
"1623","GV",1,1,9,3,"GV_1_1_9_3","GV_1_1_9","Live",1997,2019,27.196497405,7.56666666666667,25.8855721390909,9.7502572992518,10.9471153063344
"1624","GV",1,1,9,4,"GV_1_1_9_4","GV_1_1_9","Live",1997,2019,27.196497405,67.2666666666667,25.8855721390909,9.7502572992518,10.9471153063344
"1625","GV",1,1,9,5,"GV_1_1_9_5","GV_1_1_9","Dead",1997,2019,27.196497405,5.13333333333333,25.8855721390909,9.7502572992518,10.9471153063344
"1626","GV",1,1,9,7,"GV_1_1_9_7","GV_1_1_9","Live",1997,2019,27.196497405,21.1666666666667,25.8855721390909,9.7502572992518,10.9471153063344
"1627","GV",1,1,9,8,"GV_1_1_9_8","GV_1_1_9","Live",1997,2019,27.196497405,16.9333333333333,25.8855721390909,9.7502572992518,10.9471153063344
"1628","GV",1,1,9,9,"GV_1_1_9_9","GV_1_1_9","Live",1997,2019,27.196497405,30.0333333333333,25.8855721390909,9.7502572992518,10.9471153063344
"1629","GV",1,1,9,10,"GV_1_1_9_10","GV_1_1_9","Live",1997,2019,27.196497405,47.6333333333333,25.8855721390909,9.7502572992518,10.9471153063344
"1630","GV",1,1,9,11,"GV_1_1_9_11","GV_1_1_9","Live",1997,2019,27.196497405,45.4666666666667,25.8855721390909,9.7502572992518,10.9471153063344
"1631","GV",1,1,10,6,"GV_1_1_10_6","GV_1_1_10","Live",1997,2019,28.2253269641255,18,29.3497536940909,9.7502572992518,11.0791726629644
"1632","GV",1,1,10,8,"GV_1_1_10_8","GV_1_1_10","Live",1997,2019,28.2253269641255,16.1333333333333,29.3497536940909,9.7502572992518,11.0791726629644
"1633","GV",1,1,10,9,"GV_1_1_10_9","GV_1_1_10","Live",1997,2019,28.2253269641255,16.4333333333333,29.3497536940909,9.7502572992518,11.0791726629644
"1634","GV",1,1,10,10,"GV_1_1_10_10","GV_1_1_10","Live",1997,2019,28.2253269641255,13.7333333333333,29.3497536940909,9.7502572992518,11.0791726629644
"1635","GV",1,1,10,11,"GV_1_1_10_11","GV_1_1_10","Live",1997,2019,28.2253269641255,16.3,29.3497536940909,9.7502572992518,11.0791726629644
"1636","GV",1,1,10,13,"GV_1_1_10_13","GV_1_1_10","Live",1997,2019,28.2253269641255,12.3666666666667,29.3497536940909,9.7502572992518,11.0791726629644
"1637","GV",1,1,10,14,"GV_1_1_10_14","GV_1_1_10","Live",1997,2019,28.2253269641255,26.9,29.3497536940909,9.7502572992518,11.0791726629644
"1638","GV",1,1,10,15,"GV_1_1_10_15","GV_1_1_10","Live",1997,2019,28.2253269641255,7.16666666666667,29.3497536940909,9.7502572992518,11.0791726629644
"1639","GV",1,1,10,16,"GV_1_1_10_16","GV_1_1_10","Live",1997,2019,28.2253269641255,10.5,29.3497536940909,9.7502572992518,11.0791726629644
"1640","GV",1,1,10,18,"GV_1_1_10_18","GV_1_1_10","Live",1997,2019,28.2253269641255,14.0666666666667,29.3497536940909,9.7502572992518,11.0791726629644
"1641","GV",1,1,10,19,"GV_1_1_10_19","GV_1_1_10","Live",1997,2019,28.2253269641255,15.1333333333333,29.3497536940909,9.7502572992518,11.0791726629644
"1642","GV",1,1,10,20,"GV_1_1_10_20","GV_1_1_10","Live",1997,2019,28.2253269641255,8.76666666666667,29.3497536940909,9.7502572992518,11.0791726629644
"1643","GV",1,1,10,21,"GV_1_1_10_21","GV_1_1_10","Live",1997,2019,28.2253269641255,13.7666666666667,29.3497536940909,9.7502572992518,11.0791726629644
"1644","GV",1,1,10,22,"GV_1_1_10_22","GV_1_1_10","Live",1997,2019,28.2253269641255,14.1666666666667,29.3497536940909,9.7502572992518,11.0791726629644
"1645","GV",1,1,10,23,"GV_1_1_10_23","GV_1_1_10","Live",1997,2019,28.2253269641255,15.3666666666667,29.3497536940909,9.7502572992518,11.0791726629644
"1646","GV",1,1,10,24,"GV_1_1_10_24","GV_1_1_10","Live",1997,2019,28.2253269641255,16.8666666666667,29.3497536940909,9.7502572992518,11.0791726629644
"1647","GV",1,1,10,25,"GV_1_1_10_25","GV_1_1_10","Live",1997,2019,28.2253269641255,6.63333333333333,29.3497536940909,9.7502572992518,11.0791726629644
"1648","GV",1,1,10,26,"GV_1_1_10_26","GV_1_1_10","Live",1997,2019,28.2253269641255,13.5333333333333,29.3497536940909,9.7502572992518,11.0791726629644
"1649","GV",1,1,10,27,"GV_1_1_10_27","GV_1_1_10","Live",1997,2019,28.2253269641255,8.33333333333333,29.3497536940909,9.7502572992518,11.0791726629644
"1650","GV",1,1,10,28,"GV_1_1_10_28","GV_1_1_10","Live",1997,2019,28.2253269641255,8.76666666666667,29.3497536940909,9.7502572992518,11.0791726629644
"1651","GV",1,1,10,29,"GV_1_1_10_29","GV_1_1_10","Live",1997,2019,28.2253269641255,7,29.3497536940909,9.7502572992518,11.0791726629644
"1652","GV",1,1,10,30,"GV_1_1_10_30","GV_1_1_10","Live",1997,2019,28.2253269641255,13.8,29.3497536940909,9.7502572992518,11.0791726629644
"1653","GV",1,1,10,31,"GV_1_1_10_31","GV_1_1_10","Live",1997,2019,28.2253269641255,9.36666666666667,29.3497536940909,9.7502572992518,11.0791726629644
"1654","GV",1,1,10,36,"GV_1_1_10_36","GV_1_1_10","Live",1997,2019,28.2253269641255,9.43333333333333,29.3497536940909,9.7502572992518,11.0791726629644
"1655","GV",1,1,10,37,"GV_1_1_10_37","GV_1_1_10","Live",1997,2019,28.2253269641255,7.5,29.3497536940909,9.7502572992518,11.0791726629644
"1656","GV",1,1,10,38,"GV_1_1_10_38","GV_1_1_10","Live",1997,2019,28.2253269641255,9.76666666666667,29.3497536940909,9.7502572992518,11.0791726629644
"1657","GV",1,1,10,39,"GV_1_1_10_39","GV_1_1_10","Live",1997,2019,28.2253269641255,12.7,29.3497536940909,9.7502572992518,11.0791726629644
"1658","GV",1,1,10,40,"GV_1_1_10_40","GV_1_1_10","Live",1997,2019,28.2253269641255,6.73333333333333,29.3497536940909,9.7502572992518,11.0791726629644
"1659","GV",1,1,10,41,"GV_1_1_10_41","GV_1_1_10","Live",1997,2019,28.2253269641255,15.6333333333333,29.3497536940909,9.7502572992518,11.0791726629644
"1660","GV",1,1,10,42,"GV_1_1_10_42","GV_1_1_10","Live",1997,2019,28.2253269641255,12.3666666666667,29.3497536940909,9.7502572992518,11.0791726629644
"1661","GV",1,1,10,45,"GV_1_1_10_45","GV_1_1_10","Live",1997,2019,28.2253269641255,15,29.3497536940909,9.7502572992518,11.0791726629644
"1662","GV",1,1,10,46,"GV_1_1_10_46","GV_1_1_10","Live",1997,2019,28.2253269641255,10.9666666666667,29.3497536940909,9.7502572992518,11.0791726629644
"1663","GV",1,1,10,47,"GV_1_1_10_47","GV_1_1_10","Live",1997,2019,28.2253269641255,10.2333333333333,29.3497536940909,9.7502572992518,11.0791726629644
"1664","GV",1,1,10,49,"GV_1_1_10_49","GV_1_1_10","Live",1997,2019,28.2253269641255,15,29.3497536940909,9.7502572992518,11.0791726629644
"1665","GV",1,1,10,50,"GV_1_1_10_50","GV_1_1_10","Live",1997,2019,28.2253269641255,20.9333333333333,29.3497536940909,9.7502572992518,11.0791726629644
"1666","GV",1,1,10,51,"GV_1_1_10_51","GV_1_1_10","Live",1997,2019,28.2253269641255,4,29.3497536940909,9.7502572992518,11.0791726629644
"1667","GV",1,1,10,52,"GV_1_1_10_52","GV_1_1_10","Live",1997,2019,28.2253269641255,8.13333333333333,29.3497536940909,9.7502572992518,11.0791726629644
"1668","GV",1,1,10,54,"GV_1_1_10_54","GV_1_1_10","Live",1997,2019,28.2253269641255,1.83333333333333,29.3497536940909,9.7502572992518,11.0791726629644
"1669","GV",1,1,10,55,"GV_1_1_10_55","GV_1_1_10","Live",1997,2019,28.2253269641255,2.2,29.3497536940909,9.7502572992518,11.0791726629644
"1670","GV",1,1,10,60,"GV_1_1_10_60","GV_1_1_10","Live",1997,2019,28.2253269641255,5.63333333333333,29.3497536940909,9.7502572992518,11.0791726629644
"1671","GV",1,1,10,62,"GV_1_1_10_62","GV_1_1_10","Live",1997,2019,28.2253269641255,38.4666666666667,29.3497536940909,9.7502572992518,11.0791726629644
"1672","GV",1,1,10,63,"GV_1_1_10_63","GV_1_1_10","Live",1997,2019,28.2253269641255,7.86666666666667,29.3497536940909,9.7502572992518,11.0791726629644
"1673","GV",1,1,10,64,"GV_1_1_10_64","GV_1_1_10","Live",1997,2019,28.2253269641255,12.9666666666667,29.3497536940909,9.7502572992518,11.0791726629644
"1674","GV",1,1,10,66,"GV_1_1_10_66","GV_1_1_10","Live",1997,2019,28.2253269641255,11,29.3497536940909,9.7502572992518,11.0791726629644
"1675","GV",1,1,10,73,"GV_1_1_10_73","GV_1_1_10","Live",1997,2019,28.2253269641255,11.4666666666667,29.3497536940909,9.7502572992518,11.0791726629644
"1676","GV",1,1,10,75,"GV_1_1_10_75","GV_1_1_10","Live",1997,2019,28.2253269641255,21.0333333333333,29.3497536940909,9.7502572992518,11.0791726629644
"1677","GV",1,1,10,76,"GV_1_1_10_76","GV_1_1_10","Live",1997,2019,28.2253269641255,14.6,29.3497536940909,9.7502572992518,11.0791726629644
"1678","GV",1,1,10,77,"GV_1_1_10_77","GV_1_1_10","Live",1997,2019,28.2253269641255,22.4333333333333,29.3497536940909,9.7502572992518,11.0791726629644
"1679","GV",1,1,11,1,"GV_1_1_11_1","GV_1_1_11","Live",1997,2008,25.46985441,74.8,24.9652809509091,9.71461632254499,9.74788234792623
"1680","GV",1,1,11,3,"GV_1_1_11_3","GV_1_1_11","Live",1997,2019,26.943480795,7.86666666666667,26.4540886254545,9.7502572992518,9.74788234792623
"1681","GV",1,1,11,4,"GV_1_1_11_4","GV_1_1_11","Live",1997,2019,26.943480795,38.8666666666667,26.4540886254545,9.7502572992518,9.74788234792623
"1682","GV",1,1,11,17,"GV_1_1_11_17","GV_1_1_11","Live",1997,2019,26.943480795,9.53333333333333,26.4540886254545,9.7502572992518,9.74788234792623
"1683","GV",1,1,11,18,"GV_1_1_11_18","GV_1_1_11","Live",1997,2019,26.943480795,19.9666666666667,26.4540886254545,9.7502572992518,9.74788234792623
"1684","GV",1,1,11,19,"GV_1_1_11_19","GV_1_1_11","Live",1997,2019,26.943480795,9.73333333333333,26.4540886254545,9.7502572992518,9.74788234792623
"1685","GV",1,1,11,20,"GV_1_1_11_20","GV_1_1_11","Live",1997,2019,26.943480795,18.8666666666667,26.4540886254545,9.7502572992518,9.74788234792623
"1686","GV",1,1,11,21,"GV_1_1_11_21","GV_1_1_11","Dead",1997,2004,24.242254575,5.5,24.7702799714286,9.71461632254499,9.74788234792623
"1687","GV",1,1,11,22,"GV_1_1_11_22","GV_1_1_11","Live",1997,2019,26.943480795,18.1666666666667,26.4540886254545,9.7502572992518,9.74788234792623
"1688","GV",1,1,11,23,"GV_1_1_11_23","GV_1_1_11","Live",1997,2019,26.943480795,12.9333333333333,26.4540886254545,9.7502572992518,9.74788234792623
"1689","GV",1,1,11,24,"GV_1_1_11_24","GV_1_1_11","Live",1997,2019,26.943480795,15.8666666666667,26.4540886254545,9.7502572992518,9.74788234792623
"1690","GV",1,1,11,25,"GV_1_1_11_25","GV_1_1_11","Live",1997,2019,26.943480795,24.5666666666667,26.4540886254545,9.7502572992518,9.74788234792623
"1691","GV",1,1,11,26,"GV_1_1_11_26","GV_1_1_11","Live",1997,2019,26.943480795,43.4333333333333,26.4540886254545,9.7502572992518,9.74788234792623
"1692","GV",1,1,12,35,"GV_1_1_12_35","GV_1_1_12","Live",1997,2019,19.9746855,21.7,22.1129612954545,9.7502572992518,9.50692490088509
"1693","GV",1,1,12,36,"GV_1_1_12_36","GV_1_1_12","Live",1997,2019,19.9746855,22.6666666666667,22.1129612954545,9.7502572992518,9.50692490088509
"1694","GV",1,1,12,37,"GV_1_1_12_37","GV_1_1_12","Live",1997,2019,19.9746855,26.4333333333333,22.1129612954545,9.7502572992518,9.50692490088509
"1695","GV",1,1,12,38,"GV_1_1_12_38","GV_1_1_12","Live",1997,2019,19.9746855,12.7333333333333,22.1129612954545,9.7502572992518,9.50692490088509
"1696","GV",1,1,12,40,"GV_1_1_12_40","GV_1_1_12","Live",1997,2019,19.9746855,17.1333333333333,22.1129612954545,9.7502572992518,9.50692490088509
"1697","GV",1,1,12,41,"GV_1_1_12_41","GV_1_1_12","Live",1997,2019,19.9746855,14.9333333333333,22.1129612954545,9.7502572992518,9.50692490088509
"1698","GV",1,1,12,50,"GV_1_1_12_50","GV_1_1_12","Dead",1997,2004,20.732655405,48.5,20.93493635,9.71461632254499,9.50692490088509
"1699","GV",1,1,12,51,"GV_1_1_12_51","GV_1_1_12","Live",1997,2019,19.9746855,9.2,22.1129612954545,9.7502572992518,9.50692490088509
"1700","GV",1,1,13,14,"GV_1_1_13_14","GV_1_1_13","Live",1997,2019,6.383684602218,6.9,14.3697119704545,9.7502572992518,10.3712271680376
"1701","GV",1,1,13,15,"GV_1_1_13_15","GV_1_1_13","Live",1997,2019,6.383684602218,4.13333333333333,14.3697119704545,9.7502572992518,10.3712271680376
"1702","GV",1,1,13,17,"GV_1_1_13_17","GV_1_1_13","Live",1997,2019,6.383684602218,13.3333333333333,14.3697119704545,9.7502572992518,10.3712271680376
"1703","GV",1,1,13,18,"GV_1_1_13_18","GV_1_1_13","Live",1997,2019,6.383684602218,15.7666666666667,14.3697119704545,9.7502572992518,10.3712271680376
"1704","GV",1,1,13,21,"GV_1_1_13_21","GV_1_1_13","Dead",1997,2004,6.441082686654,25.6,12.7008486542857,9.71461632254499,10.3712271680376
"1705","GV",1,1,13,22,"GV_1_1_13_22","GV_1_1_13","Dead",1997,2019,6.383684602218,2.63333333333333,14.3697119704545,9.7502572992518,10.3712271680376
"1706","GV",1,1,13,31,"GV_1_1_13_31","GV_1_1_13","Live",2004,2019,6.35498556,1.9,15.1485148513333,9.7502572992518,20.8018984654636
"1707","GV",1,1,13,32,"GV_1_1_13_32","GV_1_1_13","Live",2004,2019,6.35498556,4.7,15.1485148513333,9.7502572992518,20.8018984654636
"1708","GV",1,1,13,33,"GV_1_1_13_33","GV_1_1_13","Live",2004,2019,6.35498556,3.95,15.1485148513333,9.7502572992518,20.8018984654636
"1709","GV",1,1,13,34,"GV_1_1_13_34","GV_1_1_13","Live",2004,2019,6.35498556,4.45,15.1485148513333,9.7502572992518,20.8018984654636
"1710","GV",1,1,14,1,"GV_1_1_14_1","GV_1_1_14","Live",1997,2019,44.427191655,5.16666666666667,13.4178667867727,9.7502572992518,11.0167207957189
"1711","GV",1,1,14,2,"GV_1_1_14_2","GV_1_1_14","Live",1997,2019,44.427191655,11.5666666666667,13.4178667867727,9.7502572992518,11.0167207957189
"1712","GV",1,1,14,5,"GV_1_1_14_5","GV_1_1_14","Live",1997,2019,44.427191655,5.36666666666667,13.4178667867727,9.7502572992518,11.0167207957189
"1713","GV",1,1,14,8,"GV_1_1_14_8","GV_1_1_14","Live",1997,2019,44.427191655,6.86666666666667,13.4178667867727,9.7502572992518,11.0167207957189
"1714","GV",1,1,14,27,"GV_1_1_14_27","GV_1_1_14","Live",1997,2019,44.4394340775,6.95,13.4178667867727,9.7502572992518,11.0167207957189
"1715","GV",1,1,14,29,"GV_1_1_14_29","GV_1_1_14","Live",1997,2019,44.427191655,37.3,13.4178667867727,9.7502572992518,11.0167207957189
"1716","GV",1,1,14,30,"GV_1_1_14_30","GV_1_1_14","Live",1997,2019,44.427191655,21.7333333333333,13.4178667867727,9.7502572992518,11.0167207957189
"1717","GV",1,1,14,44,"GV_1_1_14_44","GV_1_1_14","Live",1997,2008,43.0024662375,1.6,13.3096309636364,9.71461632254499,11.0167207957189
"1718","GV",1,1,14,46,"GV_1_1_14_46","GV_1_1_14","Live",1997,2019,44.427191655,28.8333333333333,13.4178667867727,9.7502572992518,11.0167207957189
"1719","GV",1,1,14,48,"GV_1_1_14_48","GV_1_1_14","Live",1997,2019,44.427191655,6.43333333333333,13.4178667867727,9.7502572992518,11.0167207957189
"1720","GV",1,1,14,49,"GV_1_1_14_49","GV_1_1_14","Live",1997,2019,44.427191655,16.1333333333333,13.4178667867727,9.7502572992518,11.0167207957189
"1721","GV",1,1,14,50,"GV_1_1_14_50","GV_1_1_14","Live",1997,2019,44.427191655,9.23333333333333,13.4178667867727,9.7502572992518,11.0167207957189
"1722","GV",1,1,14,51,"GV_1_1_14_51","GV_1_1_14","Live",1997,2019,44.427191655,32.6666666666667,13.4178667867727,9.7502572992518,11.0167207957189
"1723","GV",1,1,14,52,"GV_1_1_14_52","GV_1_1_14","Live",1997,2019,44.427191655,6.93333333333333,13.4178667867727,9.7502572992518,11.0167207957189
"1724","GV",1,1,14,53,"GV_1_1_14_53","GV_1_1_14","Live",1997,2019,44.427191655,7.1,13.4178667867727,9.7502572992518,11.0167207957189
"1725","GV",1,1,14,54,"GV_1_1_14_54","GV_1_1_14","Live",1997,2019,44.427191655,9.73333333333333,13.4178667867727,9.7502572992518,11.0167207957189
"1726","GV",1,1,14,55,"GV_1_1_14_55","GV_1_1_14","Live",1997,2019,44.427191655,6.36666666666667,13.4178667867727,9.7502572992518,11.0167207957189
"1727","GV",1,1,14,56,"GV_1_1_14_56","GV_1_1_14","Live",1997,2019,44.427191655,16.8666666666667,13.4178667867727,9.7502572992518,11.0167207957189
"1728","GV",1,1,14,57,"GV_1_1_14_57","GV_1_1_14","Live",1997,2019,44.427191655,14.8333333333333,13.4178667867727,9.7502572992518,11.0167207957189
"1729","GV",1,1,14,59,"GV_1_1_14_59","GV_1_1_14","Live",1997,2019,44.427191655,6.23333333333333,13.4178667867727,9.7502572992518,11.0167207957189
"1730","GV",1,1,14,64,"GV_1_1_14_64","GV_1_1_14","Live",1997,2019,44.427191655,25.2333333333333,13.4178667867727,9.7502572992518,11.0167207957189
"1731","GV",1,1,14,65,"GV_1_1_14_65","GV_1_1_14","Live",1997,2019,44.427191655,16.9333333333333,13.4178667867727,9.7502572992518,11.0167207957189
"1732","GV",1,1,14,66,"GV_1_1_14_66","GV_1_1_14","Live",1997,2019,44.427191655,10.1666666666667,13.4178667867727,9.7502572992518,11.0167207957189
"1733","GV",1,1,14,146,"GV_1_1_14_146","GV_1_1_14","Live",1997,2019,44.427191655,35.3333333333333,13.4178667867727,9.7502572992518,11.0167207957189
"1734","GV",1,1,15,2,"GV_1_1_15_2","GV_1_1_15","Live",1997,2008,34.4243863425,3.6,15.13704888,9.71461632254499,11.2092562525268
"1735","GV",1,1,15,12,"GV_1_1_15_12","GV_1_1_15","Live",1997,2019,35.054751655,22.7666666666667,16.4029237090909,9.7502572992518,11.2092562525268
"1736","GV",1,1,15,15,"GV_1_1_15_15","GV_1_1_15","Live",1997,2019,35.054751655,7.16666666666667,16.4029237090909,9.7502572992518,11.2092562525268
"1737","GV",1,1,15,18,"GV_1_1_15_18","GV_1_1_15","Live",1997,2019,35.054751655,45.3,16.4029237090909,9.7502572992518,11.2092562525268
"1738","GV",1,1,15,19,"GV_1_1_15_19","GV_1_1_15","Live",1997,2019,35.054751655,26.9333333333333,16.4029237090909,9.7502572992518,11.2092562525268
"1739","GV",1,1,15,22,"GV_1_1_15_22","GV_1_1_15","Live",1997,2019,35.054751655,16.5666666666667,16.4029237090909,9.7502572992518,11.2092562525268
"1740","GV",1,1,15,23,"GV_1_1_15_23","GV_1_1_15","Live",1997,2019,35.054751655,23.1,16.4029237090909,9.7502572992518,11.2092562525268
"1741","GV",1,1,15,24,"GV_1_1_15_24","GV_1_1_15","Live",1997,2019,35.054751655,60.0666666666667,16.4029237090909,9.7502572992518,11.2092562525268
"1742","GV",1,1,15,25,"GV_1_1_15_25","GV_1_1_15","Live",1997,2019,35.054751655,23.2666666666667,16.4029237090909,9.7502572992518,11.2092562525268
"1743","GV",1,1,15,27,"GV_1_1_15_27","GV_1_1_15","Live",1997,2019,35.054751655,86.4,16.4029237090909,9.7502572992518,11.2092562525268
"1744","GV",1,1,16,4,"GV_1_1_16_4","GV_1_1_16","Live",1997,2019,31.472149555,4.6,21.9549954995455,9.7502572992518,11.5619657321375
"1745","GV",1,1,16,20,"GV_1_1_16_20","GV_1_1_16","Live",1997,2019,31.472149555,82.8333333333333,21.9549954995455,9.7502572992518,11.5619657321375
"1746","GV",1,1,16,22,"GV_1_1_16_22","GV_1_1_16","Live",1997,2019,31.472149555,33.5,21.9549954995455,9.7502572992518,11.5619657321375
"1747","GV",1,1,16,23,"GV_1_1_16_23","GV_1_1_16","Live",1997,2019,31.472149555,32.1666666666667,21.9549954995455,9.7502572992518,11.5619657321375
"1748","GV",1,1,16,24,"GV_1_1_16_24","GV_1_1_16","Live",1997,2019,31.472149555,51.1,21.9549954995455,9.7502572992518,11.5619657321375
"1749","GV",1,1,17,1,"GV_1_1_17_1","GV_1_1_17","Live",1997,2019,40.203834055,55.3333333333333,20.9575148468182,9.7502572992518,10.7803569831838
"1750","GV",1,1,17,2,"GV_1_1_17_2","GV_1_1_17","Live",1997,2019,40.203834055,80.8333333333333,20.9575148468182,9.7502572992518,10.7803569831838
"1751","GV",1,1,17,5,"GV_1_1_17_5","GV_1_1_17","Live",1997,2019,40.203834055,45.8666666666667,20.9575148468182,9.7502572992518,10.7803569831838
"1752","GV",1,1,17,6,"GV_1_1_17_6","GV_1_1_17","Live",1997,2019,40.203834055,27.8,20.9575148468182,9.7502572992518,10.7803569831838
"1753","GV",1,1,17,7,"GV_1_1_17_7","GV_1_1_17","Live",1997,2019,40.203834055,68.2666666666667,20.9575148468182,9.7502572992518,10.7803569831838
"1754","GV",1,1,17,8,"GV_1_1_17_8","GV_1_1_17","Live",1997,2019,40.203834055,57.8,20.9575148468182,9.7502572992518,10.7803569831838
"1755","GV",1,1,18,2,"GV_1_1_18_2","GV_1_1_18","Live",1997,2019,24.9555194201147,30.6666666666667,18.0874655640909,9.7502572992518,9.50558665366817
"1756","GV",1,1,18,3,"GV_1_1_18_3","GV_1_1_18","Live",1997,2019,24.9555194201147,40.3333333333333,18.0874655640909,9.7502572992518,9.50558665366817
"1757","GV",1,1,18,4,"GV_1_1_18_4","GV_1_1_18","Live",1997,2019,24.9555194201147,37.7333333333333,18.0874655640909,9.7502572992518,9.50558665366817
"1758","GV",1,1,18,12,"GV_1_1_18_12","GV_1_1_18","Live",1997,2019,24.9555194201147,52.3666666666667,18.0874655640909,9.7502572992518,9.50558665366817
"1759","GV",1,1,18,13,"GV_1_1_18_13","GV_1_1_18","Live",1997,2019,24.9555194201147,32.8666666666667,18.0874655640909,9.7502572992518,9.50558665366817
"1760","GV",1,1,18,14,"GV_1_1_18_14","GV_1_1_18","Live",1997,2019,24.9555194201147,26,18.0874655640909,9.7502572992518,9.50558665366817
"1761","GV",1,1,18,15,"GV_1_1_18_15","GV_1_1_18","Live",1997,2019,24.9555194201147,34.3666666666667,18.0874655640909,9.7502572992518,9.50558665366817
"1762","GV",1,1,18,17,"GV_1_1_18_17","GV_1_1_18","Live",1997,2019,24.9555194201147,42.3,18.0874655640909,9.7502572992518,9.50558665366817
"1763","GV",1,1,20,5,"GV_1_1_20_5","GV_1_1_20","Live",1997,2019,41.841078895,72.8333333333333,13.7602894622727,9.7502572992518,11.2769725646156
"1764","GV",1,1,20,8,"GV_1_1_20_8","GV_1_1_20","Live",1997,2019,41.841078895,19.2333333333333,13.7602894622727,9.7502572992518,11.2769725646156
"1765","GV",1,1,20,9,"GV_1_1_20_9","GV_1_1_20","Live",1997,2019,41.841078895,51.8666666666667,13.7602894622727,9.7502572992518,11.2769725646156
"1766","GV",1,1,20,10,"GV_1_1_20_10","GV_1_1_20","Live",1997,2019,41.841078895,41.7333333333333,13.7602894622727,9.7502572992518,11.2769725646156
"1767","GV",1,1,20,11,"GV_1_1_20_11","GV_1_1_20","Live",1997,2019,41.841078895,11.4333333333333,13.7602894622727,9.7502572992518,11.2769725646156
"1768","GV",1,1,20,12,"GV_1_1_20_12","GV_1_1_20","Live",1997,2019,41.841078895,10.0333333333333,13.7602894622727,9.7502572992518,11.2769725646156
"1769","GV",1,1,20,13,"GV_1_1_20_13","GV_1_1_20","Live",1997,2019,41.841078895,19.1333333333333,13.7602894622727,9.7502572992518,11.2769725646156
"1770","GV",1,1,20,21,"GV_1_1_20_21","GV_1_1_20","Live",1997,2019,41.841078895,41.6,13.7602894622727,9.7502572992518,11.2769725646156
"1771","GV",1,1,20,24,"GV_1_1_20_24","GV_1_1_20","Live",1997,2019,41.841078895,20.4,13.7602894622727,9.7502572992518,11.2769725646156
"1772","GV",1,1,20,26,"GV_1_1_20_26","GV_1_1_20","Live",1997,2019,41.841078895,23.2333333333333,13.7602894622727,9.7502572992518,11.2769725646156
"1773","GV",1,1,20,27,"GV_1_1_20_27","GV_1_1_20","Live",1997,2019,41.841078895,11.1666666666667,13.7602894622727,9.7502572992518,11.2769725646156
"1774","GV",1,1,20,29,"GV_1_1_20_29","GV_1_1_20","Dead",1997,2004,40.56524241,17.1,11.9040511742857,9.71461632254499,11.2769725646156
"1775","GV",1,1,20,30,"GV_1_1_20_30","GV_1_1_20","Live",1997,2019,41.841078895,26.3666666666667,13.7602894622727,9.7502572992518,11.2769725646156
"1776","GV",1,1,20,31,"GV_1_1_20_31","GV_1_1_20","Live",1997,2019,41.841078895,18.2333333333333,13.7602894622727,9.7502572992518,11.2769725646156
"1777","GV",1,1,20,33,"GV_1_1_20_33","GV_1_1_20","Live",1997,2019,41.841078895,46.1333333333333,13.7602894622727,9.7502572992518,11.2769725646156
"1778","GV",1,1,20,34,"GV_1_1_20_34","GV_1_1_20","Live",1997,2019,41.841078895,27.2666666666667,13.7602894622727,9.7502572992518,11.2769725646156
"1779","GV",1,2,1,8,"GV_1_2_1_8","GV_1_2_1","Dead",1997,2004,16.68138549,43.1,28.1998592528571,9.71461632254499,10.6508658676892
"1780","GV",1,2,1,27,"GV_1_2_1_27","GV_1_2_1","Live",1997,2019,10.39171903,22.6,24.4301388272727,9.7502572992518,10.6508658676892
"1781","GV",1,2,3,28,"GV_1_2_3_28","GV_1_2_3","Live",1997,2019,8.078303695,23.7333333333333,11.7189879084545,9.7502572992518,12.4488100383193
"1782","GV",1,2,9,1,"GV_1_2_9_1","GV_1_2_9","Live",1997,2019,14.0630835039242,21.21247,7.66457680236364,9.7502572992518,8.07116024965099
"1783","GV",1,2,9,10,"GV_1_2_9_10","GV_1_2_9","Live",1997,2019,14.0630835039242,19.21024,7.66457680236364,9.7502572992518,8.07116024965099
"1784","GV",1,2,9,44,"GV_1_2_9_44","GV_1_2_9","Live",1997,2019,14.0630835039242,17.20801,7.66457680236364,9.7502572992518,8.07116024965099
"1785","GV",1,2,10,1,"GV_1_2_10_1","GV_1_2_10","Dead",1997,2004,19.8188195965313,4.7,21.2485714285714,9.71461632254499,8.21981332783984
"1786","GV",1,2,10,2,"GV_1_2_10_2","GV_1_2_10","Dead",1997,2004,19.8188195965313,9.6,21.2485714285714,9.71461632254499,8.21981332783984
"1787","GV",1,2,10,3,"GV_1_2_10_3","GV_1_2_10","Dead",1997,2004,19.8188195965313,4.5,21.2485714285714,9.71461632254499,8.21981332783984
"1788","GV",1,2,10,4,"GV_1_2_10_4","GV_1_2_10","Dead",1997,2004,19.8188195965313,8.1,21.2485714285714,9.71461632254499,8.21981332783984
"1789","GV",1,2,10,9,"GV_1_2_10_9","GV_1_2_10","Live",1997,2019,14.4585032412024,73.9666666666667,16.5693181818182,9.7502572992518,8.21981332783984
"1790","GV",1,2,11,23,"GV_1_2_11_23","GV_1_2_11","Live",1997,2019,3.49365555,13.2333333333333,14.3555355527273,9.7502572992518,10.2219274632739
"1791","GV",1,2,11,24,"GV_1_2_11_24","GV_1_2_11","Dead",1997,2004,7.55531238,22.2,15.7892503542857,9.71461632254499,10.2219274632739
"1792","GV",1,2,13,1,"GV_1_2_13_1","GV_1_2_13","Dead",1997,2004,29.16249105,30.4,15.0335714285714,9.71461632254499,9.81728212636651
"1793","GV",1,2,13,6,"GV_1_2_13_6","GV_1_2_13","Live",1997,2019,12.286385265,25.1333333333333,11.1809090909091,9.7502572992518,9.81728212636651
"1794","GV",1,2,13,7,"GV_1_2_13_7","GV_1_2_13","Live",1997,2019,12.286385265,23.6666666666667,11.1809090909091,9.7502572992518,9.81728212636651
"1795","GV",1,2,13,8,"GV_1_2_13_8","GV_1_2_13","Dead",1997,2004,29.16249105,26.1,15.0335714285714,9.71461632254499,9.81728212636651
"1796","GV",1,2,13,12,"GV_1_2_13_12","GV_1_2_13","Dead",1997,2004,29.16249105,19.4,15.0335714285714,9.71461632254499,9.81728212636651
"1797","GV",1,2,13,58,"GV_1_2_13_58","GV_1_2_13","Live",1997,2019,17.29246596,25.15,11.1809090909091,9.7502572992518,9.81728212636651
"1798","GV",1,2,13,60,"GV_1_2_13_60","GV_1_2_13","Live",1997,2019,17.29246596,22.6,11.1809090909091,9.7502572992518,9.81728212636651
"1799","GV",1,2,14,2,"GV_1_2_14_2","GV_1_2_14","Live",1997,2019,18.500823495,66.3,10.0956345650909,9.7502572992518,8.69662694774933
"1800","GV",1,2,14,3,"GV_1_2_14_3","GV_1_2_14","Live",1997,2019,18.500823495,40.5666666666667,10.0956345650909,9.7502572992518,8.69662694774933
"1801","GV",1,2,14,4,"GV_1_2_14_4","GV_1_2_14","Live",1997,2019,18.500823495,24.9333333333333,10.0956345650909,9.7502572992518,8.69662694774933
"1802","GV",1,2,14,5,"GV_1_2_14_5","GV_1_2_14","Live",1997,2019,18.500823495,20.8666666666667,10.0956345650909,9.7502572992518,8.69662694774933
"1803","GV",1,2,14,6,"GV_1_2_14_6","GV_1_2_14","Live",1997,2019,18.500823495,33.6666666666667,10.0956345650909,9.7502572992518,8.69662694774933
"1804","GV",1,2,15,6,"GV_1_2_15_6","GV_1_2_15","Live",1997,2019,6.46242828,37.9,15.6822727272727,9.7502572992518,14.962861698326
"1805","GV",1,2,16,4,"GV_1_2_16_4","GV_1_2_16","Live",1997,2019,16.063282235,37.3333333333333,22.9039408872727,9.7502572992518,9.56800936494415
"1806","GV",1,2,16,18,"GV_1_2_16_18","GV_1_2_16","Live",1997,2019,16.063282235,68.5,22.9039408872727,9.7502572992518,9.56800936494415
"1807","GV",1,2,17,19,"GV_1_2_17_19","GV_1_2_17","Live",1997,2019,17.89260319,45.6333333333333,12.2165372313182,9.7502572992518,10.3002066435155
"1808","GV",1,2,17,74,"GV_1_2_17_74","GV_1_2_17","Live",1997,2019,17.89260319,47.2,12.2165372313182,9.7502572992518,10.3002066435155
"1809","GV",1,2,18,21,"GV_1_2_18_21","GV_1_2_18","Live",1997,2019,16.41424477,32.9333333333333,18.9032112172727,9.7502572992518,9.528240081745
"1810","GV",1,2,18,24,"GV_1_2_18_24","GV_1_2_18","Live",1997,2019,16.41424477,28.7,18.9032112172727,9.7502572992518,9.528240081745
"1811","GV",1,2,18,25,"GV_1_2_18_25","GV_1_2_18","Live",1997,2019,16.41424477,43.0333333333333,18.9032112172727,9.7502572992518,9.528240081745
"1812","GV",1,2,18,35,"GV_1_2_18_35","GV_1_2_18","Live",1997,2019,16.41424477,47.1333333333333,18.9032112172727,9.7502572992518,9.528240081745
"1813","GV",1,2,19,23,"GV_1_2_19_23","GV_1_2_19","Live",1997,2019,10.84438432,30.5333333333333,16.6054545454545,9.7502572992518,8.75119645950694
"1814","GV",1,2,19,41,"GV_1_2_19_41","GV_1_2_19","Live",1997,2019,10.84438432,40.1333333333333,16.6054545454545,9.7502572992518,8.75119645950694
"1815","GV",1,2,20,53,"GV_1_2_20_53","GV_1_2_20","Dead",1997,2004,11.634424725,15.9,11.3773987185714,9.71461632254499,10.6184828243263
"1816","GV",1,2,20,86,"GV_1_2_20_86","GV_1_2_20","Dead",1997,2004,11.634424725,19,11.3773987185714,9.71461632254499,10.6184828243263
